LLId,ActionType,InstanceName,CommandType,TargetPosition,ParentMLAction,Success,ExecTimeMs
1,MoveToLL,MoveToLL_moveToTarget_TravelML_robot1_rpmanipulate_rppickup,plannedj,rppickup,,True,1504.01
2,MoveToLL,MoveToLL_moveToPickPosition_PickUpML_stick4_initlocstick4_robot1_gripper1_rppickup,plannedl,initlocstick4,,True,3901.84
3,CloseGripperLL,CloseGripperLL_closeGripper_PickUpML_stick4_initlocstick4_robot1_gripper1_rppickup,close_gripper,,,True,1805.01
4,MoveToLL,MoveToLL_moveToRetract_PickUpML_stick4_initlocstick4_robot1_gripper1_rppickup,plannedl,rppickup,,True,3909.85
5,MoveToLL,MoveToLL_moveToTarget_TravelML_robot1_rppickup_rpmanipulate,plannedj,rpmanipulate,,True,11554.30
6,MoveToLL,MoveToLL_moveToStackPos_StackML_stick4_table1_robot1_gripper1_finallocstick4_rpmanipulate,plannedj,finallocstick4,,True,6432.17
7,OpenGripperLL,OpenGripperLL_openGripper_StackML_stick4_table1_robot1_gripper1_finallocstick4_rpmanipulate,open_gripper,,,True,2248.76
8,LiftLL,LiftLL_liftAfterStack_StackML_stick4_table1_robot1_gripper1_finallocstick4_rpmanipulate,lift,,,True,3711.19
9,MoveToLL,MoveToLL_moveToRobotPosition_StackML_stick4_table1_robot1_gripper1_finallocstick4_rpmanipulate,plannedj,rpmanipulate,,True,6127.50
10,MoveToLL,MoveToLL_moveToTarget_TravelML_robot1_rpmanipulate_rppickup_dup2,plannedj,rppickup,,True,10934.15
11,MoveToLL,MoveToLL_moveToPickPosition_PickUpML_stick5_initlocstick5_robot1_gripper1_rppickup,plannedl,initlocstick5,,True,3874.37
12,CloseGripperLL,CloseGripperLL_closeGripper_PickUpML_stick5_initlocstick5_robot1_gripper1_rppickup,close_gripper,,,True,1833.87
13,MoveToLL,MoveToLL_moveToRetract_PickUpML_stick5_initlocstick5_robot1_gripper1_rppickup,plannedl,rppickup,,True,4595.38
14,MoveToLL,MoveToLL_moveToTarget_TravelML_robot1_rppickup_rpmanipulate_dup2,plannedj,rpmanipulate,,True,11289.99
15,MoveToLL,MoveToLL_moveToStackPos_StackML_stick5_table1_robot1_gripper1_finallocstick5_rpmanipulate,plannedj,finallocstick5,,True,6154.99
16,OpenGripperLL,OpenGripperLL_openGripper_StackML_stick5_table1_robot1_gripper1_finallocstick5_rpmanipulate,open_gripper,,,True,1683.56
17,LiftLL,LiftLL_liftAfterStack_StackML_stick5_table1_robot1_gripper1_finallocstick5_rpmanipulate,lift,,,True,3685.82
18,MoveToLL,MoveToLL_moveToRobotPosition_StackML_stick5_table1_robot1_gripper1_finallocstick5_rpmanipulate,plannedj,rpmanipulate,,True,5607.16
19,MoveToLL,MoveToLL_moveToTarget_TravelML_robot1_rpmanipulate_rppickup_dup3,plannedj,rppickup,,True,11358.38
20,MoveToLL,MoveToLL_moveToPickPosition_PickUpML_stick2_initlocstick2_robot1_gripper1_rppickup,plannedl,initlocstick2,,True,3881.95
21,CloseGripperLL,CloseGripperLL_closeGripper_PickUpML_stick2_initlocstick2_robot1_gripper1_rppickup,close_gripper,,,True,1722.58
22,MoveToLL,MoveToLL_moveToRetract_PickUpML_stick2_initlocstick2_robot1_gripper1_rppickup,plannedl,rppickup,,True,3890.54
23,MoveToLL,MoveToLL_moveToTarget_TravelML_robot1_rppickup_rpmanipulate_dup3,plannedj,rpmanipulate,,True,11416.06
24,MoveToLL,MoveToLL_moveToStackPos_StackML_stick2_table1_robot1_gripper1_finallocstick2_rpmanipulate,plannedj,finallocstick2,,True,7535.78
25,OpenGripperLL,OpenGripperLL_openGripper_StackML_stick2_table1_robot1_gripper1_finallocstick2_rpmanipulate,open_gripper,,,True,1936.99
26,MoveToLL,MoveToLL_moveToTarget_TravelML_robot1_rpmanipulate_rppickup_dup4,plannedj,rppickup,,True,6168.15
27,MoveToLL,MoveToLL_moveToPickPosition_PickUpML_stickdummy_temploc2_robot1_gripper1_rppickup,plannedl,temploc2,,True,4237.25
28,CloseGripperLL,CloseGripperLL_closeGripper_PickUpML_stickdummy_temploc2_robot1_gripper1_rppickup,close_gripper,,,True,1880.15
29,MoveToLL,MoveToLL_moveToRetract_PickUpML_stickdummy_temploc2_robot1_gripper1_rppickup,plannedl,rppickup,,True,4297.31
30,MoveToLL,MoveToLL_moveToPutDownPosition_PutDownML_stickdummy_temploc3_robot1_gripper1_rppickup,plannedl,temploc3,,True,4595.77
31,OpenGripperLL,OpenGripperLL_openGripper_PutDownML_stickdummy_temploc3_robot1_gripper1_rppickup,open_gripper,,,True,2104.43
32,MoveToLL,MoveToLL_moveToRetract_PutDownML_stickdummy_temploc3_robot1_gripper1_rppickup,plannedl,rppickup,,True,4373.11
33,MoveToLL,MoveToLL_moveToPickPosition_PickUpML_stick3_initlocstick3_robot1_gripper1_rppickup_dup2,plannedl,initlocstick3,,True,4248.10
34,CloseGripperLL,CloseGripperLL_closeGripper_PickUpML_stick3_initlocstick3_robot1_gripper1_rppickup_dup2,close_gripper,,,True,1809.19
35,MoveToLL,MoveToLL_moveToRetract_PickUpML_stick3_initlocstick3_robot1_gripper1_rppickup_dup2,plannedl,rppickup,,True,3878.09
36,MoveToLL,MoveToLL_moveToTarget_TravelML_robot1_rppickup_rpmanipulate_dup4,plannedj,rpmanipulate,,True,11220.05
37,MoveToLL,MoveToLL_moveToStackPos_StackML_stick3_table1_robot1_gripper1_finallocstick3_rpmanipulate,plannedj,finallocstick3,,True,6664.75
38,OpenGripperLL,OpenGripperLL_openGripper_StackML_stick3_table1_robot1_gripper1_finallocstick3_rpmanipulate,open_gripper,,,True,1922.84
39,LiftLL,LiftLL_liftAfterStack_StackML_stick3_table1_robot1_gripper1_finallocstick3_rpmanipulate,lift,,,True,3781.37
40,MoveToLL,MoveToLL_moveToRobotPosition_StackML_stick3_table1_robot1_gripper1_finallocstick3_rpmanipulate,plannedj,rpmanipulate,,True,6384.27
41,MoveToLL,MoveToLL_moveToTarget_TravelML_robot1_rpmanipulate_rppickup_dup5,plannedj,rppickup,,True,11344.77
42,MoveToLL,MoveToLL_moveToPickPosition_PickUpML_stick1_initlocstick1_robot1_gripper1_rppickup,plannedl,initlocstick1,,True,3869.09
43,CloseGripperLL,CloseGripperLL_closeGripper_PickUpML_stick1_initlocstick1_robot1_gripper1_rppickup,close_gripper,,,True,1845.22
44,MoveToLL,MoveToLL_moveToRetract_PickUpML_stick1_initlocstick1_robot1_gripper1_rppickup,plannedl,rppickup,,True,3897.05
45,MoveToLL,MoveToLL_moveToTarget_TravelML_robot1_rppickup_rpmanipulate_dup5,plannedj,rpmanipulate,,True,11419.24
46,MoveToLL,MoveToLL_moveToStackPos_StackML_stick1_table1_robot1_gripper1_finallocstick1_rpmanipulate,plannedj,finallocstick1,,True,7157.84
47,OpenGripperLL,OpenGripperLL_openGripper_StackML_stick1_table1_robot1_gripper1_finallocstick1_rpmanipulate,open_gripper,,,True,2230.60
48,LiftLL,LiftLL_liftAfterStack_StackML_stick1_table1_robot1_gripper1_finallocstick1_rpmanipulate,lift,,,True,3706.10
49,MoveToLL,MoveToLL_moveToRobotPosition_StackML_stick1_table1_robot1_gripper1_finallocstick1_rpmanipulate,plannedj,rpmanipulate,,True,6929.20
50,MoveToLL,MoveToLL_moveToTarget_TravelML_robot1_rpmanipulate_rppickup_dup6,plannedj,rppickup,,True,11454.41
51,MoveToLL,MoveToLL_moveToPickPosition_PickUpML_stick6_initlocstick6_robot1_gripper1_rppickup,plannedl,initlocstick6,,True,4500.42
52,MoveToLL,MoveToLL_moveToTarget_TravelML_robot1_rpmanipulate_rppickup_dup7,plannedj,rppickup,,True,4042.92
53,MoveToLL,MoveToLL_moveToPickPosition_PickUpML_stick6_temploc1_robot1_gripper1_rppickup,plannedl,temploc1,,True,4482.48
54,CloseGripperLL,CloseGripperLL_closeGripper_PickUpML_stick6_temploc1_robot1_gripper1_rppickup,close_gripper,,,True,2179.91
55,MoveToLL,MoveToLL_moveToRetract_PickUpML_stick6_temploc1_robot1_gripper1_rppickup,plannedl,rppickup,,True,4360.30
56,MoveToLL,MoveToLL_moveToTarget_TravelML_robot1_rppickup_rpmanipulate_dup6,plannedj,rpmanipulate,,True,11605.71
57,MoveToLL,MoveToLL_moveToStackPos_StackOnTwoML_stick6_robot1_finallocstick6_rpmanipulate_stick2_stick1_gripper1_layer1_layer2,plannedj,finallocstick6,,True,7168.94
58,OpenGripperLL,OpenGripperLL_openGripper_StackOnTwoML_stick6_robot1_finallocstick6_rpmanipulate_stick2_stick1_gripper1_layer1_layer2,open_gripper,,,True,2045.82
59,LiftLL,LiftLL_liftAfterStack_StackOnTwoML_stick6_robot1_finallocstick6_rpmanipulate_stick2_stick1_gripper1_layer1_layer2,lift,,,True,3666.80
60,MoveToLL,MoveToLL_moveToRobotPos_StackOnTwoML_stick6_robot1_finallocstick6_rpmanipulate_stick2_stick1_gripper1_layer1_layer2,plannedj,rpmanipulate,,True,7183.53
61,MoveToLL,MoveToLL_moveToTarget_TravelML_robot1_rpmanipulate_rppickup_dup8,plannedj,rppickup,,True,11351.12
62,MoveToLL,MoveToLL_moveToPickPosition_PickUpML_stick7_initlocstick7_robot1_gripper1_rppickup,plannedl,initlocstick7,,True,3881.02
63,CloseGripperLL,CloseGripperLL_closeGripper_PickUpML_stick7_initlocstick7_robot1_gripper1_rppickup,close_gripper,,,True,1806.11
64,MoveToLL,MoveToLL_moveToRetract_PickUpML_stick7_initlocstick7_robot1_gripper1_rppickup,plannedl,rppickup,,True,3932.59
65,MoveToLL,MoveToLL_moveToTarget_TravelML_robot1_rppickup_rpmanipulate_dup7,plannedj,rpmanipulate,,True,11253.25
66,MoveToLL,MoveToLL_moveToStackPos_StackOnTwoML_stick7_robot1_finallocstick7_rpmanipulate_stick3_stick2_gripper1_layer1_layer2,plannedj,finallocstick7,,True,7163.02
67,OpenGripperLL,OpenGripperLL_openGripper_StackOnTwoML_stick7_robot1_finallocstick7_rpmanipulate_stick3_stick2_gripper1_layer1_layer2,open_gripper,,,True,2288.23
68,LiftLL,LiftLL_liftAfterStack_StackOnTwoML_stick7_robot1_finallocstick7_rpmanipulate_stick3_stick2_gripper1_layer1_layer2,lift,,,True,3709.79
69,MoveToLL,MoveToLL_moveToRobotPos_StackOnTwoML_stick7_robot1_finallocstick7_rpmanipulate_stick3_stick2_gripper1_layer1_layer2,plannedj,rpmanipulate,,True,6524.98
70,MoveToLL,MoveToLL_moveToTarget_TravelML_robot1_rpmanipulate_rppickup_dup9,plannedj,rppickup,,True,11452.52
71,MoveToLL,MoveToLL_moveToPickPosition_PickUpML_cube1_initloccube1_robot1_gripper1_rppickup,plannedl,initloccube1,,True,4578.56
72,CloseGripperLL,CloseGripperLL_closeGripper_PickUpML_cube1_initloccube1_robot1_gripper1_rppickup,close_gripper,,,True,1798.99
73,MoveToLL,MoveToLL_moveToRetract_PickUpML_cube1_initloccube1_robot1_gripper1_rppickup,plannedl,rppickup,,True,3848.43
74,MoveToLL,MoveToLL_moveToTarget_TravelML_robot1_rppickup_rpmanipulate_dup8,plannedj,rpmanipulate,,True,11099.92
75,MoveToLL,MoveToLL_moveToStackPos_StackML_cube1_stick1_robot1_gripper1_finalloccube1_rpmanipulate,plannedj,finalloccube1,,True,6881.29
76,OpenGripperLL,OpenGripperLL_openGripper_StackML_cube1_stick1_robot1_gripper1_finalloccube1_rpmanipulate,open_gripper,,,True,1642.04
77,LiftLL,LiftLL_liftAfterStack_StackML_cube1_stick1_robot1_gripper1_finalloccube1_rpmanipulate,lift,,,True,3628.35
78,MoveToLL,MoveToLL_moveToRobotPosition_StackML_cube1_stick1_robot1_gripper1_finalloccube1_rpmanipulate,plannedj,rpmanipulate,,True,6764.04
79,MoveToLL,MoveToLL_moveToTarget_TravelML_robot1_rpmanipulate_rppickup_dup10,plannedj,rppickup,,True,11160.36
80,MoveToLL,MoveToLL_moveToPickPosition_PickUpML_stick8_initlocstick8_robot1_gripper1_rppickup,plannedl,initlocstick8,,True,3884.23
81,CloseGripperLL,CloseGripperLL_closeGripper_PickUpML_stick8_initlocstick8_robot1_gripper1_rppickup,close_gripper,,,True,1839.87
82,MoveToLL,MoveToLL_moveToRetract_PickUpML_stick8_initlocstick8_robot1_gripper1_rppickup,plannedl,rppickup,,True,3877.41
83,MoveToLL,MoveToLL_moveToTarget_TravelML_robot1_rppickup_rpmanipulate_dup9,plannedj,rpmanipulate,,True,11201.90
84,MoveToLL,MoveToLL_moveToStackPos_StackOnTwoML_stick8_robot1_finallocstick8_rpmanipulate_stick3_stick4_gripper1_layer1_layer2,plannedj,finallocstick8,,True,6394.81
85,OpenGripperLL,OpenGripperLL_openGripper_StackOnTwoML_stick8_robot1_finallocstick8_rpmanipulate_stick3_stick4_gripper1_layer1_layer2,open_gripper,,,True,2240.70
86,LiftLL,LiftLL_liftAfterStack_StackOnTwoML_stick8_robot1_finallocstick8_rpmanipulate_stick3_stick4_gripper1_layer1_layer2,lift,,,True,3762.99
87,MoveToLL,MoveToLL_moveToRobotPos_StackOnTwoML_stick8_robot1_finallocstick8_rpmanipulate_stick3_stick4_gripper1_layer1_layer2,plannedj,rpmanipulate,,True,6088.35
88,MoveToLL,MoveToLL_moveToTarget_TravelML_robot1_rpmanipulate_rppickup_dup11,plannedj,rppickup,,True,11431.23
89,MoveToLL,MoveToLL_moveToPickPosition_PickUpML_stick5_initlocstick5_robot1_gripper1_rppickup_dup2,plannedl,initlocstick5,,True,3879.16
90,CloseGripperLL,CloseGripperLL_closeGripper_PickUpML_stick5_initlocstick5_robot1_gripper1_rppickup_dup2,close_gripper,,,True,1814.93
91,MoveToLL,MoveToLL_moveToRetract_PickUpML_stick5_initlocstick5_robot1_gripper1_rppickup_dup2,plannedl,rppickup,,True,3897.03
92,MoveToLL,MoveToLL_moveToTarget_TravelML_robot1_rppickup_rpmanipulate_dup10,plannedj,rpmanipulate,,True,11208.54
93,MoveToLL,MoveToLL_moveToStackPos_StackML_stick5_table1_robot1_gripper1_finallocstick5_rpmanipulate_dup2,plannedj,finallocstick5,,True,6145.46
94,OpenGripperLL,OpenGripperLL_openGripper_StackML_stick5_table1_robot1_gripper1_finallocstick5_rpmanipulate_dup2,open_gripper,,,True,1654.37
95,LiftLL,LiftLL_liftAfterStack_StackML_stick5_table1_robot1_gripper1_finallocstick5_rpmanipulate_dup2,lift,,,True,3700.99
96,MoveToLL,MoveToLL_moveToRobotPosition_StackML_stick5_table1_robot1_gripper1_finallocstick5_rpmanipulate_dup2,plannedj,rpmanipulate,,True,5651.16
97,MoveToLL,MoveToLL_moveToTarget_TravelML_robot1_rpmanipulate_rppickup_dup12,plannedj,rppickup,,True,11087.26
98,MoveToLL,MoveToLL_moveToPickPosition_PickUpML_cube2_initloccube2_robot1_gripper1_rppickup,plannedl,initloccube2,,True,3896.60
99,CloseGripperLL,CloseGripperLL_closeGripper_PickUpML_cube2_initloccube2_robot1_gripper1_rppickup,close_gripper,,,True,1760.50
100,MoveToLL,MoveToLL_moveToRetract_PickUpML_cube2_initloccube2_robot1_gripper1_rppickup,plannedl,rppickup,,True,3935.57
101,MoveToLL,MoveToLL_moveToTarget_TravelML_robot1_rppickup_rpmanipulate_dup11,plannedj,rpmanipulate,,True,11535.83
102,MoveToLL,MoveToLL_moveToStackPos_StackML_cube2_stick5_robot1_gripper1_finalloccube2_rpmanipulate,plannedj,finalloccube2,,True,6047.95
103,OpenGripperLL,OpenGripperLL_openGripper_StackML_cube2_stick5_robot1_gripper1_finalloccube2_rpmanipulate,open_gripper,,,True,1753.93
104,LiftLL,LiftLL_liftAfterStack_StackML_cube2_stick5_robot1_gripper1_finalloccube2_rpmanipulate,lift,,,True,3792.01
105,MoveToLL,MoveToLL_moveToRobotPosition_StackML_cube2_stick5_robot1_gripper1_finalloccube2_rpmanipulate,plannedj,rpmanipulate,,True,5372.91
106,MoveToLL,MoveToLL_moveToTarget_TravelML_robot1_rpmanipulate_rppickup_dup13,plannedj,rppickup,,True,11210.01
107,MoveToLL,MoveToLL_moveToPickPosition_PickUpML_stick9_initlocstick9_robot1_gripper1_rppickup,plannedl,initlocstick9,,True,3884.54
108,CloseGripperLL,CloseGripperLL_closeGripper_PickUpML_stick9_initlocstick9_robot1_gripper1_rppickup,close_gripper,,,True,1755.45
109,MoveToLL,MoveToLL_moveToRetract_PickUpML_stick9_initlocstick9_robot1_gripper1_rppickup,plannedl,rppickup,,True,3905.61
110,MoveToLL,MoveToLL_moveToTarget_TravelML_robot1_rppickup_rpmanipulate_dup12,plannedj,rpmanipulate,,True,11685.77
111,MoveToLL,MoveToLL_moveToStackPos_StackOnTwoML_stick9_robot1_finallocstick9_rpmanipulate_stick5_stick4_gripper1_layer1_layer2,plannedj,finallocstick9,,True,5985.20
112,OpenGripperLL,OpenGripperLL_openGripper_StackOnTwoML_stick9_robot1_finallocstick9_rpmanipulate_stick5_stick4_gripper1_layer1_layer2,open_gripper,,,True,1665.82
113,LiftLL,LiftLL_liftAfterStack_StackOnTwoML_stick9_robot1_finallocstick9_rpmanipulate_stick5_stick4_gripper1_layer1_layer2,lift,,,True,3647.81
114,MoveToLL,MoveToLL_moveToRobotPos_StackOnTwoML_stick9_robot1_finallocstick9_rpmanipulate_stick5_stick4_gripper1_layer1_layer2,plannedj,rpmanipulate,,True,5896.00
115,MoveToLL,MoveToLL_moveToTarget_TravelML_robot1_rpmanipulate_rptoolchange,plannedj,rptoolchange,,True,5601.80
116,DeequipToolLL,DeequipToolLL_deequipTool_DeequipML_robot1_gripper1_equiplocgripper_rptoolchange,play_program,,,True,23399.24
117,EquipToolLL,EquipToolLL_equipTool_EquipeML_robot1_staplergun1_rptoolchange_equiplocstapler,play_program,,,True,10439.82
118,MoveToLL,MoveToLL_moveToTarget_TravelML_robot1_rptoolchange_rpmanipulate,plannedj,rpmanipulate,,True,5389.28
119,NailingLL,NailingLL_moveToNailPos_NailingML_stick8_stick4_robot1_staplergun1_rpmanipulate,movej,unknown,,True,8623.75
120,PushDownLL,PushDownLL_pushDown_NailingML_stick8_stick4_robot1_staplergun1_rpmanipulate,lift,,,True,1868.09
121,LiftLL,LiftLL_liftAfterNail_NailingML_stick8_stick4_robot1_staplergun1_rpmanipulate,lift,,,True,4141.64
122,NailingLL,NailingLL_moveToNailPos_NailingML_stick9_stick4_robot1_staplergun1_rpmanipulate,movej,unknown,,True,5282.48
123,PushDownLL,PushDownLL_pushDown_NailingML_stick9_stick4_robot1_staplergun1_rpmanipulate,lift,,,True,1239.06
124,LiftLL,LiftLL_liftAfterNail_NailingML_stick9_stick4_robot1_staplergun1_rpmanipulate,lift,,,True,4091.79
125,NailingLL,NailingLL_moveToNailPos_NailingML_stick9_stick5_robot1_staplergun1_rpmanipulate,movej,unknown,,True,3785.90
126,PushDownLL,PushDownLL_pushDown_NailingML_stick9_stick5_robot1_staplergun1_rpmanipulate,lift,,,True,1511.30
127,LiftLL,LiftLL_liftAfterNail_NailingML_stick9_stick5_robot1_staplergun1_rpmanipulate,lift,,,True,4090.89
128,NailingLL,NailingLL_moveToNailPos_NailingML_cube1_stick1_robot1_staplergun1_rpmanipulate,movej,unknown,,True,6173.45
129,PushDownLL,PushDownLL_pushDown_NailingML_cube1_stick1_robot1_staplergun1_rpmanipulate,lift,,,True,1244.63
130,LiftLL,LiftLL_liftAfterNail_NailingML_cube1_stick1_robot1_staplergun1_rpmanipulate,lift,,,True,4004.84
131,NailingLL,NailingLL_moveToNailPos_NailingML_cube2_stick5_robot1_staplergun1_rpmanipulate,movej,unknown,,True,6755.59
132,PushDownLL,PushDownLL_pushDown_NailingML_cube2_stick5_robot1_staplergun1_rpmanipulate,lift,,,True,1471.15
133,LiftLL,LiftLL_liftAfterNail_NailingML_cube2_stick5_robot1_staplergun1_rpmanipulate,lift,,,True,4073.64
134,NailingLL,NailingLL_moveToNailPos_NailingML_stick6_stick1_robot1_staplergun1_rpmanipulate,movej,unknown,,True,7583.47
135,PushDownLL,PushDownLL_pushDown_NailingML_stick6_stick1_robot1_staplergun1_rpmanipulate,lift,,,True,1243.80
136,LiftLL,LiftLL_liftAfterNail_NailingML_stick6_stick1_robot1_staplergun1_rpmanipulate,lift,,,True,4091.92
137,NailingLL,NailingLL_moveToNailPos_NailingML_stick6_stick2_robot1_staplergun1_rpmanipulate,movej,unknown,,True,5492.73
138,PushDownLL,PushDownLL_pushDown_NailingML_stick6_stick2_robot1_staplergun1_rpmanipulate,lift,,,True,1864.14
139,LiftLL,LiftLL_liftAfterNail_NailingML_stick6_stick2_robot1_staplergun1_rpmanipulate,lift,,,True,4070.47
140,NailingLL,NailingLL_moveToNailPos_NailingML_stick7_stick2_robot1_staplergun1_rpmanipulate,movej,unknown,,True,5891.21
141,PushDownLL,PushDownLL_pushDown_NailingML_stick7_stick2_robot1_staplergun1_rpmanipulate,lift,,,True,1534.23
142,LiftLL,LiftLL_liftAfterNail_NailingML_stick7_stick2_robot1_staplergun1_rpmanipulate,lift,,,True,4053.35
143,NailingLL,NailingLL_moveToNailPos_NailingML_stick7_stick3_robot1_staplergun1_rpmanipulate,movej,unknown,,True,5407.78
144,PushDownLL,PushDownLL_pushDown_NailingML_stick7_stick3_robot1_staplergun1_rpmanipulate,lift,,,True,1235.96
145,LiftLL,LiftLL_liftAfterNail_NailingML_stick7_stick3_robot1_staplergun1_rpmanipulate,lift,,,True,4071.74
146,NailingLL,NailingLL_moveToNailPos_NailingML_stick8_stick3_robot1_staplergun1_rpmanipulate,movej,unknown,,True,4900.29
147,PushDownLL,PushDownLL_pushDown_NailingML_stick8_stick3_robot1_staplergun1_rpmanipulate,lift,,,True,1905.56
148,LiftLL,LiftLL_liftAfterNail_NailingML_stick8_stick3_robot1_staplergun1_rpmanipulate,lift,,,True,4119.28
149,MoveToLL,MoveToLL_moveToTarget_TravelML_robot1_rpmanipulate_rptoolchange_dup2,plannedj,rptoolchange,,True,5511.26
150,DeequipToolLL,DeequipToolLL_deequipTool_DeequipML_robot1_staplergun1_equiplocstapler_rptoolchange,play_program,,,True,7975.47
151,EquipToolLL,EquipToolLL_equipTool_EquipeML_robot1_gripper1_rptoolchange_equiplocgripper,play_program,,,True,21203.46
152,MoveToLL,MoveToLL_moveToTarget_TravelML_robot1_rptoolchange_rppickup,plannedj,rppickup,,True,8136.20
153,MoveToLL,MoveToLL_moveToPickPosition_PickUpML_stick11_initlocstick11_robot1_gripper1_rppickup,plannedl,initlocstick11,,True,3881.50
154,CloseGripperLL,CloseGripperLL_closeGripper_PickUpML_stick11_initlocstick11_robot1_gripper1_rppickup,close_gripper,,,True,1803.70
155,MoveToLL,MoveToLL_moveToRetract_PickUpML_stick11_initlocstick11_robot1_gripper1_rppickup,plannedl,rppickup,,True,3914.89
156,MoveToLL,MoveToLL_moveToTarget_TravelML_robot1_rppickup_rpmanipulate_dup13,plannedj,rpmanipulate,,True,11398.62
157,MoveToLL,MoveToLL_moveToStackPos_StackOnTwoML_stick11_robot1_finallocstick11_rpmanipulate_stick6_stick7_gripper1_layer2_layer3,plannedj,finallocstick11,,True,7770.52
158,OpenGripperLL,OpenGripperLL_openGripper_StackOnTwoML_stick11_robot1_finallocstick11_rpmanipulate_stick6_stick7_gripper1_layer2_layer3,open_gripper,,,True,1692.41
159,LiftLL,LiftLL_liftAfterStack_StackOnTwoML_stick11_robot1_finallocstick11_rpmanipulate_stick6_stick7_gripper1_layer2_layer3,lift,,,True,3734.82
160,MoveToLL,MoveToLL_moveToRobotPos_StackOnTwoML_stick11_robot1_finallocstick11_rpmanipulate_stick6_stick7_gripper1_layer2_layer3,plannedj,rpmanipulate,,True,7469.26
161,MoveToLL,MoveToLL_moveToTarget_TravelML_robot1_rpmanipulate_rppickup_dup14,plannedj,rppickup,,True,11104.99
162,MoveToLL,MoveToLL_moveToPickPosition_PickUpML_stick10_initlocstick10_robot1_gripper1_rppickup,plannedl,initlocstick10,,True,3880.07
163,CloseGripperLL,CloseGripperLL_closeGripper_PickUpML_stick10_initlocstick10_robot1_gripper1_rppickup,close_gripper,,,True,1739.98
164,MoveToLL,MoveToLL_moveToRetract_PickUpML_stick10_initlocstick10_robot1_gripper1_rppickup,plannedl,rppickup,,True,3919.96
165,MoveToLL,MoveToLL_moveToTarget_TravelML_robot1_rppickup_rpmanipulate_dup14,plannedj,rpmanipulate,,True,11539.99
166,MoveToLL,MoveToLL_moveToStackPos_StackOnTwoML_stick10_robot1_finallocstick10_rpmanipulate_cube1_stick6_gripper1_layer2_layer3,plannedj,finallocstick10,,True,7197.56
167,OpenGripperLL,OpenGripperLL_openGripper_StackOnTwoML_stick10_robot1_finallocstick10_rpmanipulate_cube1_stick6_gripper1_layer2_layer3,open_gripper,,,True,2205.85
168,LiftLL,LiftLL_liftAfterStack_StackOnTwoML_stick10_robot1_finallocstick10_rpmanipulate_cube1_stick6_gripper1_layer2_layer3,lift,,,True,3723.99
169,MoveToLL,MoveToLL_moveToRobotPos_StackOnTwoML_stick10_robot1_finallocstick10_rpmanipulate_cube1_stick6_gripper1_layer2_layer3,plannedj,rpmanipulate,,True,7030.69
170,MoveToLL,MoveToLL_moveToTarget_TravelML_robot1_rpmanipulate_rppickup_dup15,plannedj,rppickup,,True,11095.97
171,MoveToLL,MoveToLL_moveToPickPosition_PickUpML_stick12_initlocstick12_robot1_gripper1_rppickup,plannedl,initlocstick12,,True,4560.02
172,CloseGripperLL,CloseGripperLL_closeGripper_PickUpML_stick12_initlocstick12_robot1_gripper1_rppickup,close_gripper,,,True,1805.91
173,MoveToLL,MoveToLL_moveToRetract_PickUpML_stick12_initlocstick12_robot1_gripper1_rppickup,plannedl,rppickup,,True,3850.02
174,MoveToLL,MoveToLL_moveToTarget_TravelML_robot1_rppickup_rpmanipulate_dup15,plannedj,rpmanipulate,,True,11748.75
175,MoveToLL,MoveToLL_moveToStackPos_StackOnTwoML_stick12_robot1_finallocstick12_rpmanipulate_stick7_stick8_gripper1_layer2_layer3,plannedj,finallocstick12,,True,6343.84
176,OpenGripperLL,OpenGripperLL_openGripper_StackOnTwoML_stick12_robot1_finallocstick12_rpmanipulate_stick7_stick8_gripper1_layer2_layer3,open_gripper,,,True,1940.14
177,LiftLL,LiftLL_liftAfterStack_StackOnTwoML_stick12_robot1_finallocstick12_rpmanipulate_stick7_stick8_gripper1_layer2_layer3,lift,,,True,3737.48
178,MoveToLL,MoveToLL_moveToRobotPos_StackOnTwoML_stick12_robot1_finallocstick12_rpmanipulate_stick7_stick8_gripper1_layer2_layer3,plannedj,rpmanipulate,,True,6380.92
179,MoveToLL,MoveToLL_moveToTarget_TravelML_robot1_rpmanipulate_rppickup_dup16,plannedj,rppickup,,True,10924.49
180,MoveToLL,MoveToLL_moveToPickPosition_PickUpML_stick15_initlocstick15_robot1_gripper1_rppickup,plannedl,initlocstick15,,True,3876.60
181,CloseGripperLL,CloseGripperLL_closeGripper_PickUpML_stick15_initlocstick15_robot1_gripper1_rppickup,close_gripper,,,True,1774.69
182,MoveToLL,MoveToLL_moveToRetract_PickUpML_stick15_initlocstick15_robot1_gripper1_rppickup,plannedl,rppickup,,True,3875.43
183,MoveToLL,MoveToLL_moveToTarget_TravelML_robot1_rppickup_rpmanipulate_dup16,plannedj,rpmanipulate,,True,11220.99
184,MoveToLL,MoveToLL_moveToStackPos_StackOnTwoML_stick15_robot1_finallocstick15_rpmanipulate_stick11_stick10_gripper1_layer3_layer4,plannedj,finallocstick15,,True,7370.70
185,OpenGripperLL,OpenGripperLL_openGripper_StackOnTwoML_stick15_robot1_finallocstick15_rpmanipulate_stick11_stick10_gripper1_layer3_layer4,open_gripper,,,True,2077.85
186,LiftLL,LiftLL_liftAfterStack_StackOnTwoML_stick15_robot1_finallocstick15_rpmanipulate_stick11_stick10_gripper1_layer3_layer4,lift,,,True,3611.51
187,MoveToLL,MoveToLL_moveToRobotPos_StackOnTwoML_stick15_robot1_finallocstick15_rpmanipulate_stick11_stick10_gripper1_layer3_layer4,plannedj,rpmanipulate,,True,7243.85
188,MoveToLL,MoveToLL_moveToTarget_TravelML_robot1_rpmanipulate_rppickup_dup17,plannedj,rppickup,,True,10909.92
189,MoveToLL,MoveToLL_moveToPickPosition_PickUpML_cube3_initloccube3_robot1_gripper1_rppickup,plannedl,initloccube3,,True,3864.24
190,CloseGripperLL,CloseGripperLL_closeGripper_PickUpML_cube3_initloccube3_robot1_gripper1_rppickup,close_gripper,,,True,1811.11
191,MoveToLL,MoveToLL_moveToRetract_PickUpML_cube3_initloccube3_robot1_gripper1_rppickup,plannedl,rppickup,,True,3911.44
192,MoveToLL,MoveToLL_moveToTarget_TravelML_robot1_rppickup_rpmanipulate_dup17,plannedj,rpmanipulate,,True,11506.94
193,MoveToLL,MoveToLL_moveToStackPos_StackML_cube3_stick10_robot1_gripper1_finalloccube3_rpmanipulate,plannedj,finalloccube3,,True,7051.83
194,OpenGripperLL,OpenGripperLL_openGripper_StackML_cube3_stick10_robot1_gripper1_finalloccube3_rpmanipulate,open_gripper,,,True,1652.74
195,LiftLL,LiftLL_liftAfterStack_StackML_cube3_stick10_robot1_gripper1_finalloccube3_rpmanipulate,lift,,,True,3677.01
196,MoveToLL,MoveToLL_moveToRobotPosition_StackML_cube3_stick10_robot1_gripper1_finalloccube3_rpmanipulate,plannedj,rpmanipulate,,True,6839.90
197,MoveToLL,MoveToLL_moveToTarget_TravelML_robot1_rpmanipulate_rppickup_dup18,plannedj,rppickup,,True,11195.78
198,MoveToLL,MoveToLL_moveToPickPosition_PickUpML_stick16_initlocstick16_robot1_gripper1_rppickup,plannedl,initlocstick16,,True,3875.32
199,CloseGripperLL,CloseGripperLL_closeGripper_PickUpML_stick16_initlocstick16_robot1_gripper1_rppickup,close_gripper,,,True,1793.23
200,MoveToLL,MoveToLL_moveToRetract_PickUpML_stick16_initlocstick16_robot1_gripper1_rppickup,plannedl,rppickup,,True,3857.11
201,MoveToLL,MoveToLL_moveToTarget_TravelML_robot1_rppickup_rpmanipulate_dup18,plannedj,rpmanipulate,,True,11452.41
202,MoveToLL,MoveToLL_moveToStackPos_StackOnTwoML_stick16_robot1_finallocstick16_rpmanipulate_stick11_stick12_gripper1_layer3_layer4,plannedj,finallocstick16,,True,7128.99
203,OpenGripperLL,OpenGripperLL_openGripper_StackOnTwoML_stick16_robot1_finallocstick16_rpmanipulate_stick11_stick12_gripper1_layer3_layer4,open_gripper,,,True,2395.68
204,LiftLL,LiftLL_liftAfterStack_StackOnTwoML_stick16_robot1_finallocstick16_rpmanipulate_stick11_stick12_gripper1_layer3_layer4,lift,,,True,3606.73
205,MoveToLL,MoveToLL_moveToRobotPos_StackOnTwoML_stick16_robot1_finallocstick16_rpmanipulate_stick11_stick12_gripper1_layer3_layer4,plannedj,rpmanipulate,,True,6795.33
206,MoveToLL,MoveToLL_moveToTarget_TravelML_robot1_rpmanipulate_rppickup_dup19,plannedj,rppickup,,True,11173.32
207,MoveToLL,MoveToLL_moveToPickPosition_PickUpML_stick14_initlocstick14_robot1_gripper1_rppickup,plannedl,initlocstick14,,True,3904.54
208,CloseGripperLL,CloseGripperLL_closeGripper_PickUpML_stick14_initlocstick14_robot1_gripper1_rppickup,close_gripper,,,True,1770.26
209,MoveToLL,MoveToLL_moveToRetract_PickUpML_stick14_initlocstick14_robot1_gripper1_rppickup,plannedl,rppickup,,True,3914.78
210,MoveToLL,MoveToLL_moveToTarget_TravelML_robot1_rppickup_rpmanipulate_dup19,plannedj,rpmanipulate,,True,11275.94
211,MoveToLL,MoveToLL_moveToStackPos_StackOnTwoML_stick14_robot1_finallocstick14_rpmanipulate_cube2_stick9_gripper1_layer2_layer3,plannedj,finallocstick14,,True,6012.74
212,OpenGripperLL,OpenGripperLL_openGripper_StackOnTwoML_stick14_robot1_finallocstick14_rpmanipulate_cube2_stick9_gripper1_layer2_layer3,open_gripper,,,True,1749.61
213,LiftLL,LiftLL_liftAfterStack_StackOnTwoML_stick14_robot1_finallocstick14_rpmanipulate_cube2_stick9_gripper1_layer2_layer3,lift,,,True,3707.00
214,MoveToLL,MoveToLL_moveToRobotPos_StackOnTwoML_stick14_robot1_finallocstick14_rpmanipulate_cube2_stick9_gripper1_layer2_layer3,plannedj,rpmanipulate,,True,5646.42
215,MoveToLL,MoveToLL_moveToTarget_TravelML_robot1_rpmanipulate_rppickup_dup20,plannedj,rppickup,,True,11439.57
216,MoveToLL,MoveToLL_moveToPickPosition_PickUpML_stick13_initlocstick13_robot1_gripper1_rppickup,plannedl,initlocstick13,,True,3874.00
217,CloseGripperLL,CloseGripperLL_closeGripper_PickUpML_stick13_initlocstick13_robot1_gripper1_rppickup,close_gripper,,,True,1814.27
218,MoveToLL,MoveToLL_moveToRetract_PickUpML_stick13_initlocstick13_robot1_gripper1_rppickup,plannedl,rppickup,,True,3882.78
219,MoveToLL,MoveToLL_moveToTarget_TravelML_robot1_rppickup_rpmanipulate_dup20,plannedj,rpmanipulate,,True,11137.48
220,MoveToLL,MoveToLL_moveToStackPos_StackOnTwoML_stick13_robot1_finallocstick13_rpmanipulate_stick8_stick9_gripper1_layer2_layer3,plannedj,finallocstick13,,True,6388.55
221,OpenGripperLL,OpenGripperLL_openGripper_StackOnTwoML_stick13_robot1_finallocstick13_rpmanipulate_stick8_stick9_gripper1_layer2_layer3,open_gripper,,,True,2235.25
222,LiftLL,LiftLL_liftAfterStack_StackOnTwoML_stick13_robot1_finallocstick13_rpmanipulate_stick8_stick9_gripper1_layer2_layer3,lift,,,True,3706.91
223,MoveToLL,MoveToLL_moveToRobotPos_StackOnTwoML_stick13_robot1_finallocstick13_rpmanipulate_stick8_stick9_gripper1_layer2_layer3,plannedj,rpmanipulate,,True,6183.89
224,MoveToLL,MoveToLL_moveToTarget_TravelML_robot1_rpmanipulate_rppickup_dup21,plannedj,rppickup,,True,11121.19
225,MoveToLL,MoveToLL_moveToPickPosition_PickUpML_cube4_initloccube4_robot1_gripper1_rppickup,plannedl,initloccube4,,True,3886.05
226,CloseGripperLL,CloseGripperLL_closeGripper_PickUpML_cube4_initloccube4_robot1_gripper1_rppickup,close_gripper,,,True,1803.61
227,MoveToLL,MoveToLL_moveToRetract_PickUpML_cube4_initloccube4_robot1_gripper1_rppickup,plannedl,rppickup,,True,3901.65
228,MoveToLL,MoveToLL_moveToTarget_TravelML_robot1_rppickup_rpmanipulate_dup21,plannedj,rpmanipulate,,True,11385.02
229,MoveToLL,MoveToLL_moveToStackPos_StackML_cube4_stick14_robot1_gripper1_finalloccube4_rpmanipulate,plannedj,finalloccube4,,True,5846.23
230,OpenGripperLL,OpenGripperLL_openGripper_StackML_cube4_stick14_robot1_gripper1_finalloccube4_rpmanipulate,open_gripper,,,True,1846.05
231,LiftLL,LiftLL_liftAfterStack_StackML_cube4_stick14_robot1_gripper1_finalloccube4_rpmanipulate,lift,,,True,3733.57
232,MoveToLL,MoveToLL_moveToRobotPosition_StackML_cube4_stick14_robot1_gripper1_finalloccube4_rpmanipulate,plannedj,rpmanipulate,,True,5480.83
233,MoveToLL,MoveToLL_moveToTarget_TravelML_robot1_rpmanipulate_rppickup_dup22,plannedj,rppickup,,True,10984.46
234,MoveToLL,MoveToLL_moveToPickPosition_PickUpML_stick17_initlocstick17_robot1_gripper1_rppickup,plannedl,initlocstick17,,True,3882.19
235,CloseGripperLL,CloseGripperLL_closeGripper_PickUpML_stick17_initlocstick17_robot1_gripper1_rppickup,close_gripper,,,True,1749.16
236,MoveToLL,MoveToLL_moveToRetract_PickUpML_stick17_initlocstick17_robot1_gripper1_rppickup,plannedl,rppickup,,True,3868.30
237,MoveToLL,MoveToLL_moveToTarget_TravelML_robot1_rppickup_rpmanipulate_dup22,plannedj,rpmanipulate,,True,11181.68
238,MoveToLL,MoveToLL_moveToStackPos_StackOnTwoML_stick17_robot1_finallocstick17_rpmanipulate_stick13_stick12_gripper1_layer3_layer4,plannedj,finallocstick17,,True,6378.96
239,OpenGripperLL,OpenGripperLL_openGripper_StackOnTwoML_stick17_robot1_finallocstick17_rpmanipulate_stick13_stick12_gripper1_layer3_layer4,open_gripper,,,True,2165.68
240,LiftLL,LiftLL_liftAfterStack_StackOnTwoML_stick17_robot1_finallocstick17_rpmanipulate_stick13_stick12_gripper1_layer3_layer4,lift,,,True,3713.01
241,MoveToLL,MoveToLL_moveToRobotPos_StackOnTwoML_stick17_robot1_finallocstick17_rpmanipulate_stick13_stick12_gripper1_layer3_layer4,plannedj,rpmanipulate,,True,6023.99
242,MoveToLL,MoveToLL_moveToTarget_TravelML_robot1_rpmanipulate_rptoolchange_dup3,plannedj,rptoolchange,,True,5140.51
243,DeequipToolLL,DeequipToolLL_deequipTool_DeequipML_robot1_gripper1_equiplocgripper_rptoolchange_dup2,play_program,,,True,21653.47
244,EquipToolLL,EquipToolLL_equipTool_EquipeML_robot1_staplergun1_rptoolchange_equiplocstapler_dup2,play_program,,,True,10432.12
245,MoveToLL,MoveToLL_moveToTarget_TravelML_robot1_rptoolchange_rpmanipulate_dup2,plannedj,rpmanipulate,,True,5161.61
246,NailingLL,NailingLL_moveToNailPos_NailingML_stick17_stick12_robot1_staplergun1_rpmanipulate,movej,unknown,,True,7938.23
247,PushDownLL,PushDownLL_pushDown_NailingML_stick17_stick12_robot1_staplergun1_rpmanipulate,lift,,,True,1738.46
248,LiftLL,LiftLL_liftAfterNail_NailingML_stick17_stick12_robot1_staplergun1_rpmanipulate,lift,,,True,4100.89
249,NailingLL,NailingLL_moveToNailPos_NailingML_stick17_stick13_robot1_staplergun1_rpmanipulate,movej,unknown,,True,4319.90
250,PushDownLL,PushDownLL_pushDown_NailingML_stick17_stick13_robot1_staplergun1_rpmanipulate,lift,,,True,1912.66
251,LiftLL,LiftLL_liftAfterNail_NailingML_stick17_stick13_robot1_staplergun1_rpmanipulate,lift,,,True,4031.87
252,NailingLL,NailingLL_moveToNailPos_NailingML_cube3_stick10_robot1_staplergun1_rpmanipulate,movej,unknown,,True,5755.53
253,PushDownLL,PushDownLL_pushDown_NailingML_cube3_stick10_robot1_staplergun1_rpmanipulate,lift,,,True,1367.59
254,LiftLL,LiftLL_liftAfterNail_NailingML_cube3_stick10_robot1_staplergun1_rpmanipulate,lift,,,True,4096.86
255,NailingLL,NailingLL_moveToNailPos_NailingML_cube4_stick14_robot1_staplergun1_rpmanipulate,movej,unknown,,True,6800.35
256,PushDownLL,PushDownLL_pushDown_NailingML_cube4_stick14_robot1_staplergun1_rpmanipulate,lift,,,True,1913.90
257,LiftLL,LiftLL_liftAfterNail_NailingML_cube4_stick14_robot1_staplergun1_rpmanipulate,lift,,,True,4115.79
258,NailingLL,NailingLL_moveToNailPos_NailingML_stick15_stick10_robot1_staplergun1_rpmanipulate,movej,unknown,,True,7404.52
259,PushDownLL,PushDownLL_pushDown_NailingML_stick15_stick10_robot1_staplergun1_rpmanipulate,lift,,,True,1903.30
260,LiftLL,LiftLL_liftAfterNail_NailingML_stick15_stick10_robot1_staplergun1_rpmanipulate,lift,,,True,4101.80
261,NailingLL,NailingLL_moveToNailPos_NailingML_stick15_stick11_robot1_staplergun1_rpmanipulate,movej,unknown,,True,5416.73
262,PushDownLL,PushDownLL_pushDown_NailingML_stick15_stick11_robot1_staplergun1_rpmanipulate,lift,,,True,1726.93
263,LiftLL,LiftLL_liftAfterNail_NailingML_stick15_stick11_robot1_staplergun1_rpmanipulate,lift,,,True,4079.43
264,NailingLL,NailingLL_moveToNailPos_NailingML_stick16_stick11_robot1_staplergun1_rpmanipulate,movej,unknown,,True,5512.39
265,PushDownLL,PushDownLL_pushDown_NailingML_stick16_stick11_robot1_staplergun1_rpmanipulate,lift,,,True,1465.32
266,LiftLL,LiftLL_liftAfterNail_NailingML_stick16_stick11_robot1_staplergun1_rpmanipulate,lift,,,True,4058.34
267,NailingLL,NailingLL_moveToNailPos_NailingML_stick16_stick12_robot1_staplergun1_rpmanipulate,movej,unknown,,True,5107.50
268,PushDownLL,PushDownLL_pushDown_NailingML_stick16_stick12_robot1_staplergun1_rpmanipulate,lift,,,True,1236.42
269,LiftLL,LiftLL_liftAfterNail_NailingML_stick16_stick12_robot1_staplergun1_rpmanipulate,lift,,,True,4063.99
270,MoveToLL,MoveToLL_moveToTarget_TravelML_robot1_rpmanipulate_rptoolchange_dup4,plannedj,rptoolchange,,True,4816.25
271,DeequipToolLL,DeequipToolLL_deequipTool_DeequipML_robot1_staplergun1_equiplocstapler_rptoolchange_dup2,play_program,,,True,7985.43
272,EquipToolLL,EquipToolLL_equipTool_EquipeML_robot1_gripper1_rptoolchange_equiplocgripper_dup2,play_program,,,True,21555.06
273,MoveToLL,MoveToLL_moveToTarget_TravelML_robot1_rptoolchange_rppickup_dup2,plannedj,rppickup,,True,8586.61
274,MoveToLL,MoveToLL_moveToPickPosition_PickUpML_stick18_initlocstick18_robot1_gripper1_rppickup,plannedl,initlocstick18,,True,4533.55
275,CloseGripperLL,CloseGripperLL_closeGripper_PickUpML_stick18_initlocstick18_robot1_gripper1_rppickup,close_gripper,,,True,1786.34
276,MoveToLL,MoveToLL_moveToRetract_PickUpML_stick18_initlocstick18_robot1_gripper1_rppickup,plannedl,rppickup,,True,3836.21
277,MoveToLL,MoveToLL_moveToTarget_TravelML_robot1_rppickup_rpmanipulate_dup23,plannedj,rpmanipulate,,True,11416.30
278,MoveToLL,MoveToLL_moveToStackPos_StackOnTwoML_stick18_robot1_finallocstick18_rpmanipulate_stick14_stick13_gripper1_layer3_layer4,plannedj,finallocstick18,,True,5825.53
279,OpenGripperLL,OpenGripperLL_openGripper_StackOnTwoML_stick18_robot1_finallocstick18_rpmanipulate_stick14_stick13_gripper1_layer3_layer4,open_gripper,,,True,1669.96
280,LiftLL,LiftLL_liftAfterStack_StackOnTwoML_stick18_robot1_finallocstick18_rpmanipulate_stick14_stick13_gripper1_layer3_layer4,lift,,,True,3702.31
281,MoveToLL,MoveToLL_moveToRobotPos_StackOnTwoML_stick18_robot1_finallocstick18_rpmanipulate_stick14_stick13_gripper1_layer3_layer4,plannedj,rpmanipulate,,True,5917.46
282,MoveToLL,MoveToLL_moveToTarget_TravelML_robot1_rpmanipulate_rptoolchange_dup5,plannedj,rptoolchange,,True,5319.66
283,DeequipToolLL,DeequipToolLL_deequipTool_DeequipML_robot1_gripper1_equiplocgripper_rptoolchange_dup3,play_program,,,True,21675.78
284,EquipToolLL,EquipToolLL_equipTool_EquipeML_robot1_staplergun1_rptoolchange_equiplocstapler_dup3,play_program,,,True,10424.39
285,MoveToLL,MoveToLL_moveToTarget_TravelML_robot1_rptoolchange_rpmanipulate_dup3,plannedj,rpmanipulate,,True,5328.60
286,NailingLL,NailingLL_moveToNailPos_NailingML_stick18_stick13_robot1_staplergun1_rpmanipulate,movej,unknown,,True,10006.20
287,PushDownLL,PushDownLL_pushDown_NailingML_stick18_stick13_robot1_staplergun1_rpmanipulate,lift,,,True,1247.52
288,LiftLL,LiftLL_liftAfterNail_NailingML_stick18_stick13_robot1_staplergun1_rpmanipulate,lift,,,True,4078.12
289,NailingLL,NailingLL_moveToNailPos_NailingML_stick18_stick14_robot1_staplergun1_rpmanipulate,movej,unknown,,True,3868.74
290,PushDownLL,PushDownLL_pushDown_NailingML_stick18_stick14_robot1_staplergun1_rpmanipulate,lift,,,True,1695.42
291,LiftLL,LiftLL_liftAfterNail_NailingML_stick18_stick14_robot1_staplergun1_rpmanipulate,lift,,,True,4108.96
292,MoveToLL,MoveToLL_moveToTarget_TravelML_robot1_rpmanipulate_rptoolchange_dup6,plannedj,rptoolchange,,True,5998.61
293,DeequipToolLL,DeequipToolLL_deequipTool_DeequipML_robot1_staplergun1_equiplocstapler_rptoolchange_dup3,play_program,,,True,7399.76
294,EquipToolLL,EquipToolLL_equipTool_EquipeML_robot1_gripper1_rptoolchange_equiplocgripper_dup3,play_program,,,True,21612.44
295,MoveToLL,MoveToLL_moveToTarget_TravelML_robot1_rptoolchange_rppickup_dup3,plannedj,rppickup,,True,8402.68
296,MoveToLL,MoveToLL_moveToPickPosition_PickUpML_stick20_initlocstick20_robot1_gripper1_rppickup,plannedl,initlocstick20,,True,3871.58
297,CloseGripperLL,CloseGripperLL_closeGripper_PickUpML_stick20_initlocstick20_robot1_gripper1_rppickup,close_gripper,,,True,1783.49
298,MoveToLL,MoveToLL_moveToRetract_PickUpML_stick20_initlocstick20_robot1_gripper1_rppickup,plannedl,rppickup,,True,3934.79
299,MoveToLL,MoveToLL_moveToTarget_TravelML_robot1_rppickup_rpmanipulate_dup24,plannedj,rpmanipulate,,True,11479.02
300,MoveToLL,MoveToLL_moveToStackPos_StackOnTwoML_stick20_robot1_finallocstick20_rpmanipulate_stick15_stick16_gripper1_layer4_layer5,plannedj,finallocstick20,,True,7506.40
301,OpenGripperLL,OpenGripperLL_openGripper_StackOnTwoML_stick20_robot1_finallocstick20_rpmanipulate_stick15_stick16_gripper1_layer4_layer5,open_gripper,,,True,1899.54
302,LiftLL,LiftLL_liftAfterStack_StackOnTwoML_stick20_robot1_finallocstick20_rpmanipulate_stick15_stick16_gripper1_layer4_layer5,lift,,,True,3779.44
303,MoveToLL,MoveToLL_moveToRobotPos_StackOnTwoML_stick20_robot1_finallocstick20_rpmanipulate_stick15_stick16_gripper1_layer4_layer5,plannedj,rpmanipulate,,True,7150.96
304,MoveToLL,MoveToLL_moveToTarget_TravelML_robot1_rpmanipulate_rppickup_dup23,plannedj,rppickup,,True,10904.35
305,MoveToLL,MoveToLL_moveToPickPosition_PickUpML_stick19_initlocstick19_robot1_gripper1_rppickup,plannedl,initlocstick19,,True,3924.00
306,CloseGripperLL,CloseGripperLL_closeGripper_PickUpML_stick19_initlocstick19_robot1_gripper1_rppickup,close_gripper,,,True,1751.99
307,MoveToLL,MoveToLL_moveToRetract_PickUpML_stick19_initlocstick19_robot1_gripper1_rppickup,plannedl,rppickup,,True,3829.11
308,MoveToLL,MoveToLL_moveToTarget_TravelML_robot1_rppickup_rpmanipulate_dup25,plannedj,rpmanipulate,,True,11541.82
309,MoveToLL,MoveToLL_moveToStackPos_StackOnTwoML_stick19_robot1_finallocstick19_rpmanipulate_cube3_stick15_gripper1_layer4_layer5,plannedj,finallocstick19,,True,7098.96
310,OpenGripperLL,OpenGripperLL_openGripper_StackOnTwoML_stick19_robot1_finallocstick19_rpmanipulate_cube3_stick15_gripper1_layer4_layer5,open_gripper,,,True,2161.14
311,LiftLL,LiftLL_liftAfterStack_StackOnTwoML_stick19_robot1_finallocstick19_rpmanipulate_cube3_stick15_gripper1_layer4_layer5,lift,,,True,3725.83
312,MoveToLL,MoveToLL_moveToRobotPos_StackOnTwoML_stick19_robot1_finallocstick19_rpmanipulate_cube3_stick15_gripper1_layer4_layer5,plannedj,rpmanipulate,,True,6613.52
313,MoveToLL,MoveToLL_moveToTarget_TravelML_robot1_rpmanipulate_rppickup_dup24,plannedj,rppickup,,True,10970.58
314,MoveToLL,MoveToLL_moveToPickPosition_PickUpML_stick21_initlocstick21_robot1_gripper1_rppickup,plannedl,initlocstick21,,True,4014.03
315,CloseGripperLL,CloseGripperLL_closeGripper_PickUpML_stick21_initlocstick21_robot1_gripper1_rppickup,close_gripper,,,True,1623.87
316,MoveToLL,MoveToLL_moveToRetract_PickUpML_stick21_initlocstick21_robot1_gripper1_rppickup,plannedl,rppickup,,True,4250.51
317,MoveToLL,MoveToLL_moveToTarget_TravelML_robot1_rppickup_rpmanipulate_dup26,plannedj,rpmanipulate,,True,11201.94
318,MoveToLL,MoveToLL_moveToStackPos_StackOnTwoML_stick21_robot1_finallocstick21_rpmanipulate_stick16_stick17_gripper1_layer4_layer5,plannedj,finallocstick21,,True,6563.06
319,OpenGripperLL,OpenGripperLL_openGripper_StackOnTwoML_stick21_robot1_finallocstick21_rpmanipulate_stick16_stick17_gripper1_layer4_layer5,open_gripper,,,True,2005.96
320,LiftLL,LiftLL_liftAfterStack_StackOnTwoML_stick21_robot1_finallocstick21_rpmanipulate_stick16_stick17_gripper1_layer4_layer5,lift,,,True,3648.41
321,MoveToLL,MoveToLL_moveToRobotPos_StackOnTwoML_stick21_robot1_finallocstick21_rpmanipulate_stick16_stick17_gripper1_layer4_layer5,plannedj,rpmanipulate,,True,6039.39
322,MoveToLL,MoveToLL_moveToTarget_TravelML_robot1_rpmanipulate_rppickup_dup25,plannedj,rppickup,,True,11433.21
323,MoveToLL,MoveToLL_moveToPickPosition_PickUpML_stick24_initlocstick24_robot1_gripper1_rppickup,plannedl,initlocstick24,,True,3887.39
324,CloseGripperLL,CloseGripperLL_closeGripper_PickUpML_stick24_initlocstick24_robot1_gripper1_rppickup,close_gripper,,,True,1622.99
325,MoveToLL,MoveToLL_moveToRetract_PickUpML_stick24_initlocstick24_robot1_gripper1_rppickup,plannedl,rppickup,,True,3842.68
326,MoveToLL,MoveToLL_moveToTarget_TravelML_robot1_rppickup_rpmanipulate_dup27,plannedj,rpmanipulate,,True,11449.14
327,MoveToLL,MoveToLL_moveToStackPos_StackOnTwoML_stick24_robot1_finallocstick24_rpmanipulate_stick20_stick19_gripper1_layer5_layer6,plannedj,finallocstick24,,True,7458.07
328,OpenGripperLL,OpenGripperLL_openGripper_StackOnTwoML_stick24_robot1_finallocstick24_rpmanipulate_stick20_stick19_gripper1_layer5_layer6,open_gripper,,,True,1932.33
329,LiftLL,LiftLL_liftAfterStack_StackOnTwoML_stick24_robot1_finallocstick24_rpmanipulate_stick20_stick19_gripper1_layer5_layer6,lift,,,True,3767.82
330,MoveToLL,MoveToLL_moveToRobotPos_StackOnTwoML_stick24_robot1_finallocstick24_rpmanipulate_stick20_stick19_gripper1_layer5_layer6,plannedj,rpmanipulate,,True,7191.22
331,MoveToLL,MoveToLL_moveToTarget_TravelML_robot1_rpmanipulate_rppickup_dup26,plannedj,rppickup,,True,11026.42
332,MoveToLL,MoveToLL_moveToPickPosition_PickUpML_cube5_initloccube5_robot1_gripper1_rppickup,plannedl,initloccube5,,True,4579.80
333,CloseGripperLL,CloseGripperLL_closeGripper_PickUpML_cube5_initloccube5_robot1_gripper1_rppickup,close_gripper,,,True,1776.73
334,MoveToLL,MoveToLL_moveToRetract_PickUpML_cube5_initloccube5_robot1_gripper1_rppickup,plannedl,rppickup,,True,3840.16
335,MoveToLL,MoveToLL_moveToTarget_TravelML_robot1_rppickup_rpmanipulate_dup28,plannedj,rpmanipulate,,True,11273.76
336,MoveToLL,MoveToLL_moveToStackPos_StackML_cube5_stick19_robot1_gripper1_finalloccube5_rpmanipulate,plannedj,finalloccube5,,True,7028.25
337,OpenGripperLL,OpenGripperLL_openGripper_StackML_cube5_stick19_robot1_gripper1_finalloccube5_rpmanipulate,open_gripper,,,True,2284.16
338,LiftLL,LiftLL_liftAfterStack_StackML_cube5_stick19_robot1_gripper1_finalloccube5_rpmanipulate,lift,,,True,3709.06
339,MoveToLL,MoveToLL_moveToRobotPosition_StackML_cube5_stick19_robot1_gripper1_finalloccube5_rpmanipulate,plannedj,rpmanipulate,,True,6772.09
340,MoveToLL,MoveToLL_moveToTarget_TravelML_robot1_rpmanipulate_rppickup_dup27,plannedj,rppickup,,True,11035.22
341,MoveToLL,MoveToLL_moveToPickPosition_PickUpML_stick25_initlocstick25_robot1_gripper1_rppickup,plannedl,initlocstick25,,True,3903.76
342,CloseGripperLL,CloseGripperLL_closeGripper_PickUpML_stick25_initlocstick25_robot1_gripper1_rppickup,close_gripper,,,True,1750.83
343,MoveToLL,MoveToLL_moveToRetract_PickUpML_stick25_initlocstick25_robot1_gripper1_rppickup,plannedl,rppickup,,True,4011.99
344,MoveToLL,MoveToLL_moveToTarget_TravelML_robot1_rppickup_rpmanipulate_dup29,plannedj,rpmanipulate,,True,11055.42
345,MoveToLL,MoveToLL_moveToStackPos_StackOnTwoML_stick25_robot1_finallocstick25_rpmanipulate_stick20_stick21_gripper1_layer5_layer6,plannedj,finallocstick25,,True,7099.85
346,OpenGripperLL,OpenGripperLL_openGripper_StackOnTwoML_stick25_robot1_finallocstick25_rpmanipulate_stick20_stick21_gripper1_layer5_layer6,open_gripper,,,True,2289.35
347,LiftLL,LiftLL_liftAfterStack_StackOnTwoML_stick25_robot1_finallocstick25_rpmanipulate_stick20_stick21_gripper1_layer5_layer6,lift,,,True,3682.70
348,MoveToLL,MoveToLL_moveToRobotPos_StackOnTwoML_stick25_robot1_finallocstick25_rpmanipulate_stick20_stick21_gripper1_layer5_layer6,plannedj,rpmanipulate,,True,6825.88
349,MoveToLL,MoveToLL_moveToTarget_TravelML_robot1_rpmanipulate_rppickup_dup28,plannedj,rppickup,,True,11440.02
350,MoveToLL,MoveToLL_moveToPickPosition_PickUpML_stick23_initlocstick23_robot1_gripper1_rppickup,plannedl,initlocstick23,,True,3881.65
351,CloseGripperLL,CloseGripperLL_closeGripper_PickUpML_stick23_initlocstick23_robot1_gripper1_rppickup,close_gripper,,,True,1751.92
352,MoveToLL,MoveToLL_moveToRetract_PickUpML_stick23_initlocstick23_robot1_gripper1_rppickup,plannedl,rppickup,,True,3837.63
353,MoveToLL,MoveToLL_moveToTarget_TravelML_robot1_rppickup_rpmanipulate_dup30,plannedj,rpmanipulate,,True,11308.63
354,MoveToLL,MoveToLL_moveToStackPos_StackOnTwoML_stick23_robot1_finallocstick23_rpmanipulate_cube4_stick18_gripper1_layer4_layer5,plannedj,finallocstick23,,True,5935.20
355,OpenGripperLL,OpenGripperLL_openGripper_StackOnTwoML_stick23_robot1_finallocstick23_rpmanipulate_cube4_stick18_gripper1_layer4_layer5,open_gripper,,,True,1847.19
356,LiftLL,LiftLL_liftAfterStack_StackOnTwoML_stick23_robot1_finallocstick23_rpmanipulate_cube4_stick18_gripper1_layer4_layer5,lift,,,True,3689.77
357,MoveToLL,MoveToLL_moveToRobotPos_StackOnTwoML_stick23_robot1_finallocstick23_rpmanipulate_cube4_stick18_gripper1_layer4_layer5,plannedj,rpmanipulate,,True,5423.68
358,MoveToLL,MoveToLL_moveToTarget_TravelML_robot1_rpmanipulate_rppickup_dup29,plannedj,rppickup,,True,11351.71
359,MoveToLL,MoveToLL_moveToPickPosition_PickUpML_stick22_initlocstick22_robot1_gripper1_rppickup,plannedl,initlocstick22,,True,4567.71
360,CloseGripperLL,CloseGripperLL_closeGripper_PickUpML_stick22_initlocstick22_robot1_gripper1_rppickup,close_gripper,,,True,1781.49
361,MoveToLL,MoveToLL_moveToRetract_PickUpML_stick22_initlocstick22_robot1_gripper1_rppickup,plannedl,rppickup,,True,3835.48
362,MoveToLL,MoveToLL_moveToTarget_TravelML_robot1_rppickup_rpmanipulate_dup31,plannedj,rpmanipulate,,True,11217.85
363,MoveToLL,MoveToLL_moveToStackPos_StackOnTwoML_stick22_robot1_finallocstick22_rpmanipulate_stick17_stick18_gripper1_layer4_layer5,plannedj,finallocstick22,,True,6279.22
364,OpenGripperLL,OpenGripperLL_openGripper_StackOnTwoML_stick22_robot1_finallocstick22_rpmanipulate_stick17_stick18_gripper1_layer4_layer5,open_gripper,,,True,2188.15
365,LiftLL,LiftLL_liftAfterStack_StackOnTwoML_stick22_robot1_finallocstick22_rpmanipulate_stick17_stick18_gripper1_layer4_layer5,lift,,,True,3689.76
366,MoveToLL,MoveToLL_moveToRobotPos_StackOnTwoML_stick22_robot1_finallocstick22_rpmanipulate_stick17_stick18_gripper1_layer4_layer5,plannedj,rpmanipulate,,True,6101.19
367,MoveToLL,MoveToLL_moveToTarget_TravelML_robot1_rpmanipulate_rppickup_dup30,plannedj,rppickup,,True,11018.25
368,MoveToLL,MoveToLL_moveToPickPosition_PickUpML_cube6_initloccube6_robot1_gripper1_rppickup,plannedl,initloccube6,,True,3873.64
369,CloseGripperLL,CloseGripperLL_closeGripper_PickUpML_cube6_initloccube6_robot1_gripper1_rppickup,close_gripper,,,True,1780.08
370,MoveToLL,MoveToLL_moveToRetract_PickUpML_cube6_initloccube6_robot1_gripper1_rppickup,plannedl,rppickup,,True,3880.72
371,MoveToLL,MoveToLL_moveToTarget_TravelML_robot1_rppickup_rpmanipulate_dup32,plannedj,rpmanipulate,,True,11388.06
372,MoveToLL,MoveToLL_moveToStackPos_StackML_cube6_stick23_robot1_gripper1_finalloccube6_rpmanipulate,plannedj,finalloccube6,,True,5792.99
373,OpenGripperLL,OpenGripperLL_openGripper_StackML_cube6_stick23_robot1_gripper1_finalloccube6_rpmanipulate,open_gripper,,,True,1922.48
374,LiftLL,LiftLL_liftAfterStack_StackML_cube6_stick23_robot1_gripper1_finalloccube6_rpmanipulate,lift,,,True,3686.33
375,MoveToLL,MoveToLL_moveToRobotPosition_StackML_cube6_stick23_robot1_gripper1_finalloccube6_rpmanipulate,plannedj,rpmanipulate,,True,5475.64
376,MoveToLL,MoveToLL_moveToTarget_TravelML_robot1_rpmanipulate_rppickup_dup31,plannedj,rppickup,,True,11475.40
377,MoveToLL,MoveToLL_moveToPickPosition_PickUpML_stick26_initlocstick26_robot1_gripper1_rppickup,plannedl,initlocstick26,,True,4487.61
378,CloseGripperLL,CloseGripperLL_closeGripper_PickUpML_stick26_initlocstick26_robot1_gripper1_rppickup,close_gripper,,,True,1736.53
379,MoveToLL,MoveToLL_moveToRetract_PickUpML_stick26_initlocstick26_robot1_gripper1_rppickup,plannedl,rppickup,,True,3914.06
380,MoveToLL,MoveToLL_moveToTarget_TravelML_robot1_rppickup_rpmanipulate_dup33,plannedj,rpmanipulate,,True,11087.81
381,MoveToLL,MoveToLL_moveToStackPos_StackOnTwoML_stick26_robot1_finallocstick26_rpmanipulate_stick22_stick21_gripper1_layer5_layer6,plannedj,finallocstick26,,True,6350.78
382,OpenGripperLL,OpenGripperLL_openGripper_StackOnTwoML_stick26_robot1_finallocstick26_rpmanipulate_stick22_stick21_gripper1_layer5_layer6,open_gripper,,,True,2275.66
383,LiftLL,LiftLL_liftAfterStack_StackOnTwoML_stick26_robot1_finallocstick26_rpmanipulate_stick22_stick21_gripper1_layer5_layer6,lift,,,True,3707.37
384,MoveToLL,MoveToLL_moveToRobotPos_StackOnTwoML_stick26_robot1_finallocstick26_rpmanipulate_stick22_stick21_gripper1_layer5_layer6,plannedj,rpmanipulate,,True,5980.82
385,MoveToLL,MoveToLL_moveToTarget_TravelML_robot1_rpmanipulate_rppickup_dup32,plannedj,rppickup,,True,11030.67
386,MoveToLL,MoveToLL_moveToPickPosition_PickUpML_stick27_initlocstick27_robot1_gripper1_rppickup,plannedl,initlocstick27,,True,3884.11
387,CloseGripperLL,CloseGripperLL_closeGripper_PickUpML_stick27_initlocstick27_robot1_gripper1_rppickup,close_gripper,,,True,1793.03
388,MoveToLL,MoveToLL_moveToRetract_PickUpML_stick27_initlocstick27_robot1_gripper1_rppickup,plannedl,rppickup,,True,3868.08
389,MoveToLL,MoveToLL_moveToTarget_TravelML_robot1_rppickup_rpmanipulate_dup34,plannedj,rpmanipulate,,True,11207.40
390,MoveToLL,MoveToLL_moveToStackPos_StackOnTwoML_stick27_robot1_finallocstick27_rpmanipulate_stick23_stick22_gripper1_layer5_layer6,plannedj,finallocstick27,,True,6052.16
391,OpenGripperLL,OpenGripperLL_openGripper_StackOnTwoML_stick27_robot1_finallocstick27_rpmanipulate_stick23_stick22_gripper1_layer5_layer6,open_gripper,,,True,1668.12
392,LiftLL,LiftLL_liftAfterStack_StackOnTwoML_stick27_robot1_finallocstick27_rpmanipulate_stick23_stick22_gripper1_layer5_layer6,lift,,,True,3673.40
393,MoveToLL,MoveToLL_moveToRobotPos_StackOnTwoML_stick27_robot1_finallocstick27_rpmanipulate_stick23_stick22_gripper1_layer5_layer6,plannedj,rpmanipulate,,True,5783.50
394,MoveToLL,MoveToLL_moveToTarget_TravelML_robot1_rpmanipulate_rptoolchange_dup7,plannedj,rptoolchange,,True,5090.55
395,DeequipToolLL,DeequipToolLL_deequipTool_DeequipML_robot1_gripper1_equiplocgripper_rptoolchange_dup4,play_program,,,True,21568.99
396,EquipToolLL,EquipToolLL_equipTool_EquipeML_robot1_staplergun1_rptoolchange_equiplocstapler_dup4,play_program,,,True,10457.57
397,MoveToLL,MoveToLL_moveToTarget_TravelML_robot1_rptoolchange_rpmanipulate_dup4,plannedj,rpmanipulate,,True,5161.57
398,NailingLL,NailingLL_moveToNailPos_NailingML_cube5_stick19_robot1_staplergun1_rpmanipulate,movej,unknown,,True,10369.27
399,PushDownLL,PushDownLL_pushDown_NailingML_cube5_stick19_robot1_staplergun1_rpmanipulate,lift,,,True,1551.37
400,LiftLL,LiftLL_liftAfterNail_NailingML_cube5_stick19_robot1_staplergun1_rpmanipulate,lift,,,True,4068.25
401,NailingLL,NailingLL_moveToNailPos_NailingML_cube6_stick23_robot1_staplergun1_rpmanipulate,movej,unknown,,True,6679.62
402,PushDownLL,PushDownLL_pushDown_NailingML_cube6_stick23_robot1_staplergun1_rpmanipulate,lift,,,True,1795.32
403,LiftLL,LiftLL_liftAfterNail_NailingML_cube6_stick23_robot1_staplergun1_rpmanipulate,lift,,,True,4084.30
404,NailingLL,NailingLL_moveToNailPos_NailingML_stick24_stick19_robot1_staplergun1_rpmanipulate,movej,unknown,,True,7488.70
405,PushDownLL,PushDownLL_pushDown_NailingML_stick24_stick19_robot1_staplergun1_rpmanipulate,lift,,,True,1728.61
406,LiftLL,LiftLL_liftAfterNail_NailingML_stick24_stick19_robot1_staplergun1_rpmanipulate,lift,,,True,4083.54
407,NailingLL,NailingLL_moveToNailPos_NailingML_stick24_stick20_robot1_staplergun1_rpmanipulate,movej,unknown,,True,5327.39
408,PushDownLL,PushDownLL_pushDown_NailingML_stick24_stick20_robot1_staplergun1_rpmanipulate,lift,,,True,1632.56
409,LiftLL,LiftLL_liftAfterNail_NailingML_stick24_stick20_robot1_staplergun1_rpmanipulate,lift,,,True,4085.37
410,NailingLL,NailingLL_moveToNailPos_NailingML_stick25_stick20_robot1_staplergun1_rpmanipulate,movej,unknown,,True,5391.09
411,PushDownLL,PushDownLL_pushDown_NailingML_stick25_stick20_robot1_staplergun1_rpmanipulate,lift,,,True,1468.71
412,LiftLL,LiftLL_liftAfterNail_NailingML_stick25_stick20_robot1_staplergun1_rpmanipulate,lift,,,True,4102.37
413,NailingLL,NailingLL_moveToNailPos_NailingML_stick25_stick21_robot1_staplergun1_rpmanipulate,movej,unknown,,True,4750.95
414,PushDownLL,PushDownLL_pushDown_NailingML_stick25_stick21_robot1_staplergun1_rpmanipulate,lift,,,True,1603.82
415,LiftLL,LiftLL_liftAfterNail_NailingML_stick25_stick21_robot1_staplergun1_rpmanipulate,lift,,,True,4075.50
416,NailingLL,NailingLL_moveToNailPos_NailingML_stick26_stick21_robot1_staplergun1_rpmanipulate,movej,unknown,,True,4465.81
417,PushDownLL,PushDownLL_pushDown_NailingML_stick26_stick21_robot1_staplergun1_rpmanipulate,lift,,,True,1762.34
418,LiftLL,LiftLL_liftAfterNail_NailingML_stick26_stick21_robot1_staplergun1_rpmanipulate,lift,,,True,4050.17
419,NailingLL,NailingLL_moveToNailPos_NailingML_stick26_stick22_robot1_staplergun1_rpmanipulate,movej,unknown,,True,4507.71
420,PushDownLL,PushDownLL_pushDown_NailingML_stick26_stick22_robot1_staplergun1_rpmanipulate,lift,,,True,1849.23
421,LiftLL,LiftLL_liftAfterNail_NailingML_stick26_stick22_robot1_staplergun1_rpmanipulate,lift,,,True,4078.69
422,NailingLL,NailingLL_moveToNailPos_NailingML_stick27_stick22_robot1_staplergun1_rpmanipulate,movej,unknown,,True,4589.72
423,PushDownLL,PushDownLL_pushDown_NailingML_stick27_stick22_robot1_staplergun1_rpmanipulate,lift,,,True,1618.84
424,LiftLL,LiftLL_liftAfterNail_NailingML_stick27_stick22_robot1_staplergun1_rpmanipulate,lift,,,True,4073.22
425,NailingLL,NailingLL_moveToNailPos_NailingML_stick27_stick23_robot1_staplergun1_rpmanipulate,movej,unknown,,True,3849.43
426,PushDownLL,PushDownLL_pushDown_NailingML_stick27_stick23_robot1_staplergun1_rpmanipulate,lift,,,True,1645.20
427,LiftLL,LiftLL_liftAfterNail_NailingML_stick27_stick23_robot1_staplergun1_rpmanipulate,lift,,,True,4075.37
428,MoveToLL,MoveToLL_moveToTarget_TravelML_robot1_rpmanipulate_rptoolchange_dup8,plannedj,rptoolchange,,True,5896.82
429,DeequipToolLL,DeequipToolLL_deequipTool_DeequipML_robot1_staplergun1_equiplocstapler_rptoolchange_dup4,play_program,,,True,7875.42
430,EquipToolLL,EquipToolLL_equipTool_EquipeML_robot1_gripper1_rptoolchange_equiplocgripper_dup4,play_program,,,True,21142.97
431,MoveToLL,MoveToLL_moveToTarget_TravelML_robot1_rptoolchange_rppickup_dup4,plannedj,rppickup,,True,8402.43
432,MoveToLL,MoveToLL_moveToPickPosition_PickUpML_stick29_initlocstick29_robot1_gripper1_rppickup,plannedl,initlocstick29,,True,4582.58
433,CloseGripperLL,CloseGripperLL_closeGripper_PickUpML_stick29_initlocstick29_robot1_gripper1_rppickup,close_gripper,,,True,1778.78
434,MoveToLL,MoveToLL_moveToRetract_PickUpML_stick29_initlocstick29_robot1_gripper1_rppickup,plannedl,rppickup,,True,3865.94
435,MoveToLL,MoveToLL_moveToTarget_TravelML_robot1_rppickup_rpmanipulate_dup35,plannedj,rpmanipulate,,True,11329.49
436,MoveToLL,MoveToLL_moveToStackPos_StackOnTwoML_stick29_robot1_finallocstick29_rpmanipulate_stick24_stick25_gripper1_layer6_layer7,plannedj,finallocstick29,,True,7436.66
437,OpenGripperLL,OpenGripperLL_openGripper_StackOnTwoML_stick29_robot1_finallocstick29_rpmanipulate_stick24_stick25_gripper1_layer6_layer7,open_gripper,,,True,1955.69
438,LiftLL,LiftLL_liftAfterStack_StackOnTwoML_stick29_robot1_finallocstick29_rpmanipulate_stick24_stick25_gripper1_layer6_layer7,lift,,,True,3729.77
439,MoveToLL,MoveToLL_moveToRobotPos_StackOnTwoML_stick29_robot1_finallocstick29_rpmanipulate_stick24_stick25_gripper1_layer6_layer7,plannedj,rpmanipulate,,True,7155.08
440,MoveToLL,MoveToLL_moveToTarget_TravelML_robot1_rpmanipulate_rppickup_dup33,plannedj,rppickup,,True,11580.89
441,MoveToLL,MoveToLL_moveToPickPosition_PickUpML_stick28_initlocstick28_robot1_gripper1_rppickup,plannedl,initlocstick28,,True,3883.25
442,CloseGripperLL,CloseGripperLL_closeGripper_PickUpML_stick28_initlocstick28_robot1_gripper1_rppickup,close_gripper,,,True,1765.17
443,MoveToLL,MoveToLL_moveToRetract_PickUpML_stick28_initlocstick28_robot1_gripper1_rppickup,plannedl,rppickup,,True,3925.97
444,MoveToLL,MoveToLL_moveToTarget_TravelML_robot1_rppickup_rpmanipulate_dup36,plannedj,rpmanipulate,,True,11420.38
445,MoveToLL,MoveToLL_moveToStackPos_StackOnTwoML_stick28_robot1_finallocstick28_rpmanipulate_cube5_stick24_gripper1_layer6_layer7,plannedj,finallocstick28,,True,7234.42
446,OpenGripperLL,OpenGripperLL_openGripper_StackOnTwoML_stick28_robot1_finallocstick28_rpmanipulate_cube5_stick24_gripper1_layer6_layer7,open_gripper,,,True,2143.95
447,LiftLL,LiftLL_liftAfterStack_StackOnTwoML_stick28_robot1_finallocstick28_rpmanipulate_cube5_stick24_gripper1_layer6_layer7,lift,,,True,3694.89
448,MoveToLL,MoveToLL_moveToRobotPos_StackOnTwoML_stick28_robot1_finallocstick28_rpmanipulate_cube5_stick24_gripper1_layer6_layer7,plannedj,rpmanipulate,,True,6998.14
449,MoveToLL,MoveToLL_moveToTarget_TravelML_robot1_rpmanipulate_rppickup_dup34,plannedj,rppickup,,True,11078.15
450,MoveToLL,MoveToLL_moveToPickPosition_PickUpML_stick32_initlocstick32_robot1_gripper1_rppickup,plannedl,initlocstick32,,True,3877.88
451,CloseGripperLL,CloseGripperLL_closeGripper_PickUpML_stick32_initlocstick32_robot1_gripper1_rppickup,close_gripper,,,True,1797.14
452,MoveToLL,MoveToLL_moveToRetract_PickUpML_stick32_initlocstick32_robot1_gripper1_rppickup,plannedl,rppickup,,True,3894.07
453,MoveToLL,MoveToLL_moveToTarget_TravelML_robot1_rppickup_rpmanipulate_dup37,plannedj,rpmanipulate,,True,11384.62
454,MoveToLL,MoveToLL_moveToStackPos_StackOnTwoML_stick32_robot1_finallocstick32_rpmanipulate_cube6_stick27_gripper1_layer6_layer7,plannedj,finallocstick32,,True,5831.48
455,OpenGripperLL,OpenGripperLL_openGripper_StackOnTwoML_stick32_robot1_finallocstick32_rpmanipulate_cube6_stick27_gripper1_layer6_layer7,open_gripper,,,True,1941.67
456,LiftLL,LiftLL_liftAfterStack_StackOnTwoML_stick32_robot1_finallocstick32_rpmanipulate_cube6_stick27_gripper1_layer6_layer7,lift,,,True,3668.08
457,MoveToLL,MoveToLL_moveToRobotPos_StackOnTwoML_stick32_robot1_finallocstick32_rpmanipulate_cube6_stick27_gripper1_layer6_layer7,plannedj,rpmanipulate,,True,5609.40
458,MoveToLL,MoveToLL_moveToTarget_TravelML_robot1_rpmanipulate_rppickup_dup35,plannedj,rppickup,,True,11589.55
459,MoveToLL,MoveToLL_moveToPickPosition_PickUpML_stick33_initlocstick33_robot1_gripper1_rppickup,plannedl,initlocstick33,,True,3883.44
460,CloseGripperLL,CloseGripperLL_closeGripper_PickUpML_stick33_initlocstick33_robot1_gripper1_rppickup,close_gripper,,,True,1776.96
461,MoveToLL,MoveToLL_moveToRetract_PickUpML_stick33_initlocstick33_robot1_gripper1_rppickup,plannedl,rppickup,,True,3845.28
462,MoveToLL,MoveToLL_moveToTarget_TravelML_robot1_rppickup_rpmanipulate_dup38,plannedj,rpmanipulate,,True,11314.85
463,MoveToLL,MoveToLL_moveToStackPos_StackOnTwoML_stick33_robot1_finallocstick33_rpmanipulate_stick29_stick28_gripper1_layer7_layer8,plannedj,finallocstick33,,True,7189.40
464,OpenGripperLL,OpenGripperLL_openGripper_StackOnTwoML_stick33_robot1_finallocstick33_rpmanipulate_stick29_stick28_gripper1_layer7_layer8,open_gripper,,,True,1949.53
465,LiftLL,LiftLL_liftAfterStack_StackOnTwoML_stick33_robot1_finallocstick33_rpmanipulate_stick29_stick28_gripper1_layer7_layer8,lift,,,True,3730.64
466,MoveToLL,MoveToLL_moveToRobotPos_StackOnTwoML_stick33_robot1_finallocstick33_rpmanipulate_stick29_stick28_gripper1_layer7_layer8,plannedj,rpmanipulate,,True,7202.04
467,MoveToLL,MoveToLL_moveToTarget_TravelML_robot1_rpmanipulate_rppickup_dup36,plannedj,rppickup,,True,11518.08
468,MoveToLL,MoveToLL_moveToPickPosition_PickUpML_stick30_initlocstick30_robot1_gripper1_rppickup,plannedl,initlocstick30,,True,4572.81
469,CloseGripperLL,CloseGripperLL_closeGripper_PickUpML_stick30_initlocstick30_robot1_gripper1_rppickup,close_gripper,,,True,1761.89
470,MoveToLL,MoveToLL_moveToRetract_PickUpML_stick30_initlocstick30_robot1_gripper1_rppickup,plannedl,rppickup,,True,3838.85
471,MoveToLL,MoveToLL_moveToTarget_TravelML_robot1_rppickup_rpmanipulate_dup39,plannedj,rpmanipulate,,True,11404.09
472,MoveToLL,MoveToLL_moveToStackPos_StackOnTwoML_stick30_robot1_finallocstick30_rpmanipulate_stick25_stick26_gripper1_layer6_layer7,plannedj,finallocstick30,,True,6592.89
473,OpenGripperLL,OpenGripperLL_openGripper_StackOnTwoML_stick30_robot1_finallocstick30_rpmanipulate_stick25_stick26_gripper1_layer6_layer7,open_gripper,,,True,1990.30
474,LiftLL,LiftLL_liftAfterStack_StackOnTwoML_stick30_robot1_finallocstick30_rpmanipulate_stick25_stick26_gripper1_layer6_layer7,lift,,,True,3696.63
475,MoveToLL,MoveToLL_moveToRobotPos_StackOnTwoML_stick30_robot1_finallocstick30_rpmanipulate_stick25_stick26_gripper1_layer6_layer7,plannedj,rpmanipulate,,True,6335.24
476,MoveToLL,MoveToLL_moveToTarget_TravelML_robot1_rpmanipulate_rppickup_dup37,plannedj,rppickup,,True,11565.07
477,MoveToLL,MoveToLL_moveToPickPosition_PickUpML_stick31_initlocstick31_robot1_gripper1_rppickup,plannedl,initlocstick31,,True,3890.58
478,CloseGripperLL,CloseGripperLL_closeGripper_PickUpML_stick31_initlocstick31_robot1_gripper1_rppickup,close_gripper,,,True,1766.69
479,MoveToLL,MoveToLL_moveToRetract_PickUpML_stick31_initlocstick31_robot1_gripper1_rppickup,plannedl,rppickup,,True,3844.74
480,MoveToLL,MoveToLL_moveToTarget_TravelML_robot1_rppickup_rpmanipulate_dup40,plannedj,rpmanipulate,,True,11099.35
481,MoveToLL,MoveToLL_moveToStackPos_StackOnTwoML_stick31_robot1_finallocstick31_rpmanipulate_stick26_stick27_gripper1_layer6_layer7,plannedj,finallocstick31,,True,6350.45
482,OpenGripperLL,OpenGripperLL_openGripper_StackOnTwoML_stick31_robot1_finallocstick31_rpmanipulate_stick26_stick27_gripper1_layer6_layer7,open_gripper,,,True,2244.71
483,LiftLL,LiftLL_liftAfterStack_StackOnTwoML_stick31_robot1_finallocstick31_rpmanipulate_stick26_stick27_gripper1_layer6_layer7,lift,,,True,3717.69
484,MoveToLL,MoveToLL_moveToRobotPos_StackOnTwoML_stick31_robot1_finallocstick31_rpmanipulate_stick26_stick27_gripper1_layer6_layer7,plannedj,rpmanipulate,,True,6097.62
485,MoveToLL,MoveToLL_moveToTarget_TravelML_robot1_rpmanipulate_rppickup_dup38,plannedj,rppickup,,True,11306.98
486,MoveToLL,MoveToLL_moveToPickPosition_PickUpML_stick35_initlocstick35_robot1_gripper1_rppickup,plannedl,initlocstick35,,True,3879.32
487,CloseGripperLL,CloseGripperLL_closeGripper_PickUpML_stick35_initlocstick35_robot1_gripper1_rppickup,close_gripper,,,True,1788.06
488,MoveToLL,MoveToLL_moveToRetract_PickUpML_stick35_initlocstick35_robot1_gripper1_rppickup,plannedl,rppickup,,True,3881.72
489,MoveToLL,MoveToLL_moveToTarget_TravelML_robot1_rppickup_rpmanipulate_dup41,plannedj,rpmanipulate,,True,11332.08
490,MoveToLL,MoveToLL_moveToStackPos_StackOnTwoML_stick35_robot1_finallocstick35_rpmanipulate_stick31_stick30_gripper1_layer7_layer8,plannedj,finallocstick35,,True,6319.30
491,OpenGripperLL,OpenGripperLL_openGripper_StackOnTwoML_stick35_robot1_finallocstick35_rpmanipulate_stick31_stick30_gripper1_layer7_layer8,open_gripper,,,True,2241.24
492,LiftLL,LiftLL_liftAfterStack_StackOnTwoML_stick35_robot1_finallocstick35_rpmanipulate_stick31_stick30_gripper1_layer7_layer8,lift,,,True,3721.78
493,MoveToLL,MoveToLL_moveToRobotPos_StackOnTwoML_stick35_robot1_finallocstick35_rpmanipulate_stick31_stick30_gripper1_layer7_layer8,plannedj,rpmanipulate,,True,6130.83
494,MoveToLL,MoveToLL_moveToTarget_TravelML_robot1_rpmanipulate_rppickup_dup39,plannedj,rppickup,,True,11080.71
495,MoveToLL,MoveToLL_moveToPickPosition_PickUpML_stick34_initlocstick34_robot1_gripper1_rppickup,plannedl,initlocstick34,,True,3873.38
496,CloseGripperLL,CloseGripperLL_closeGripper_PickUpML_stick34_initlocstick34_robot1_gripper1_rppickup,close_gripper,,,True,1783.08
497,MoveToLL,MoveToLL_moveToRetract_PickUpML_stick34_initlocstick34_robot1_gripper1_rppickup,plannedl,rppickup,,True,3872.92
498,MoveToLL,MoveToLL_moveToTarget_TravelML_robot1_rppickup_rpmanipulate_dup42,plannedj,rpmanipulate,,True,11296.36
499,MoveToLL,MoveToLL_moveToStackPos_StackOnTwoML_stick34_robot1_finallocstick34_rpmanipulate_stick29_stick30_gripper1_layer7_layer8,plannedj,finallocstick34,,True,7046.89
500,OpenGripperLL,OpenGripperLL_openGripper_StackOnTwoML_stick34_robot1_finallocstick34_rpmanipulate_stick29_stick30_gripper1_layer7_layer8,open_gripper,,,True,1615.71
501,LiftLL,LiftLL_liftAfterStack_StackOnTwoML_stick34_robot1_finallocstick34_rpmanipulate_stick29_stick30_gripper1_layer7_layer8,lift,,,True,3701.38
502,MoveToLL,MoveToLL_moveToRobotPos_StackOnTwoML_stick34_robot1_finallocstick34_rpmanipulate_stick29_stick30_gripper1_layer7_layer8,plannedj,rpmanipulate,,True,6690.01
503,MoveToLL,MoveToLL_moveToTarget_TravelML_robot1_rpmanipulate_rppickup_dup40,plannedj,rppickup,,True,11053.12
504,MoveToLL,MoveToLL_moveToPickPosition_PickUpML_cube8_initloccube8_robot1_gripper1_rppickup,plannedl,initloccube8,,True,4567.08
505,CloseGripperLL,CloseGripperLL_closeGripper_PickUpML_cube8_initloccube8_robot1_gripper1_rppickup,close_gripper,,,True,1803.36
506,MoveToLL,MoveToLL_moveToRetract_PickUpML_cube8_initloccube8_robot1_gripper1_rppickup,plannedl,rppickup,,True,3925.16
507,MoveToLL,MoveToLL_moveToTarget_TravelML_robot1_rppickup_rpmanipulate_dup43,plannedj,rpmanipulate,,True,11488.70
508,MoveToLL,MoveToLL_moveToStackPos_StackML_cube8_stick32_robot1_gripper1_finalloccube8_rpmanipulate,plannedj,finalloccube8,,True,5713.15
509,OpenGripperLL,OpenGripperLL_openGripper_StackML_cube8_stick32_robot1_gripper1_finalloccube8_rpmanipulate,open_gripper,,,True,2067.36
510,LiftLL,LiftLL_liftAfterStack_StackML_cube8_stick32_robot1_gripper1_finalloccube8_rpmanipulate,lift,,,True,3706.29
511,MoveToLL,MoveToLL_moveToRobotPosition_StackML_cube8_stick32_robot1_gripper1_finalloccube8_rpmanipulate,plannedj,rpmanipulate,,True,5417.65
512,MoveToLL,MoveToLL_moveToTarget_TravelML_robot1_rpmanipulate_rppickup_dup41,plannedj,rppickup,,True,11592.86
513,MoveToLL,MoveToLL_moveToPickPosition_PickUpML_cube7_initloccube7_robot1_gripper1_rppickup,plannedl,initloccube7,,True,4508.69
514,CloseGripperLL,CloseGripperLL_closeGripper_PickUpML_cube7_initloccube7_robot1_gripper1_rppickup,close_gripper,,,True,1807.96
515,MoveToLL,MoveToLL_moveToRetract_PickUpML_cube7_initloccube7_robot1_gripper1_rppickup,plannedl,rppickup,,True,3871.41
516,MoveToLL,MoveToLL_moveToTarget_TravelML_robot1_rppickup_rpmanipulate_dup44,plannedj,rpmanipulate,,True,11472.17
517,MoveToLL,MoveToLL_moveToStackPos_StackML_cube7_stick28_robot1_gripper1_finalloccube7_rpmanipulate,plannedj,finalloccube7,,True,7066.05
518,OpenGripperLL,OpenGripperLL_openGripper_StackML_cube7_stick28_robot1_gripper1_finalloccube7_rpmanipulate,open_gripper,,,True,2267.72
519,LiftLL,LiftLL_liftAfterStack_StackML_cube7_stick28_robot1_gripper1_finalloccube7_rpmanipulate,lift,,,True,3699.44
520,MoveToLL,MoveToLL_moveToRobotPosition_StackML_cube7_stick28_robot1_gripper1_finalloccube7_rpmanipulate,plannedj,rpmanipulate,,True,6848.70
521,MoveToLL,MoveToLL_moveToTarget_TravelML_robot1_rpmanipulate_rppickup_dup42,plannedj,rppickup,,True,11205.56
522,MoveToLL,MoveToLL_moveToPickPosition_PickUpML_stick36_initlocstick36_robot1_gripper1_rppickup,plannedl,initlocstick36,,True,4528.19
523,CloseGripperLL,CloseGripperLL_closeGripper_PickUpML_stick36_initlocstick36_robot1_gripper1_rppickup,close_gripper,,,True,1767.80
524,MoveToLL,MoveToLL_moveToRetract_PickUpML_stick36_initlocstick36_robot1_gripper1_rppickup,plannedl,rppickup,,True,3830.49
525,MoveToLL,MoveToLL_moveToTarget_TravelML_robot1_rppickup_rpmanipulate_dup45,plannedj,rpmanipulate,,True,11320.08
526,MoveToLL,MoveToLL_moveToStackPos_StackOnTwoML_stick36_robot1_finallocstick36_rpmanipulate_stick32_stick31_gripper1_layer7_layer8,plannedj,finallocstick36,,True,5978.49
527,OpenGripperLL,OpenGripperLL_openGripper_StackOnTwoML_stick36_robot1_finallocstick36_rpmanipulate_stick32_stick31_gripper1_layer7_layer8,open_gripper,,,True,1725.98
528,LiftLL,LiftLL_liftAfterStack_StackOnTwoML_stick36_robot1_finallocstick36_rpmanipulate_stick32_stick31_gripper1_layer7_layer8,lift,,,True,3712.45
529,MoveToLL,MoveToLL_moveToRobotPos_StackOnTwoML_stick36_robot1_finallocstick36_rpmanipulate_stick32_stick31_gripper1_layer7_layer8,plannedj,rpmanipulate,,True,5767.83
530,MoveToLL,MoveToLL_moveToTarget_TravelML_robot1_rpmanipulate_rptoolchange_dup9,plannedj,rptoolchange,,True,5382.48
531,DeequipToolLL,DeequipToolLL_deequipTool_DeequipML_robot1_gripper1_equiplocgripper_rptoolchange_dup5,play_program,,,True,21742.02
532,EquipToolLL,EquipToolLL_equipTool_EquipeML_robot1_staplergun1_rptoolchange_equiplocstapler_dup5,play_program,,,True,10486.64
533,MoveToLL,MoveToLL_moveToTarget_TravelML_robot1_rptoolchange_rpmanipulate_dup5,plannedj,rpmanipulate,,True,5327.73
534,NailingLL,NailingLL_moveToNailPos_NailingML_cube7_stick28_robot1_staplergun1_rpmanipulate,movej,unknown,,True,10231.26
535,PushDownLL,PushDownLL_pushDown_NailingML_cube7_stick28_robot1_staplergun1_rpmanipulate,lift,,,True,1754.05
536,LiftLL,LiftLL_liftAfterNail_NailingML_cube7_stick28_robot1_staplergun1_rpmanipulate,lift,,,True,4061.54
537,NailingLL,NailingLL_moveToNailPos_NailingML_cube8_stick32_robot1_staplergun1_rpmanipulate,movej,unknown,,True,6911.44
538,PushDownLL,PushDownLL_pushDown_NailingML_cube8_stick32_robot1_staplergun1_rpmanipulate,lift,,,True,1597.13
539,LiftLL,LiftLL_liftAfterNail_NailingML_cube8_stick32_robot1_staplergun1_rpmanipulate,lift,,,True,4100.41
540,NailingLL,NailingLL_moveToNailPos_NailingML_stick33_stick28_robot1_staplergun1_rpmanipulate,movej,unknown,,True,7646.78
541,PushDownLL,PushDownLL_pushDown_NailingML_stick33_stick28_robot1_staplergun1_rpmanipulate,lift,,,True,1597.35
542,LiftLL,LiftLL_liftAfterNail_NailingML_stick33_stick28_robot1_staplergun1_rpmanipulate,lift,,,True,4104.04
543,NailingLL,NailingLL_moveToNailPos_NailingML_stick33_stick29_robot1_staplergun1_rpmanipulate,movej,unknown,,True,5770.42
544,PushDownLL,PushDownLL_pushDown_NailingML_stick33_stick29_robot1_staplergun1_rpmanipulate,lift,,,True,1525.81
545,LiftLL,LiftLL_liftAfterNail_NailingML_stick33_stick29_robot1_staplergun1_rpmanipulate,lift,,,True,4075.47
546,NailingLL,NailingLL_moveToNailPos_NailingML_stick34_stick29_robot1_staplergun1_rpmanipulate,movej,unknown,,True,5382.57
547,PushDownLL,PushDownLL_pushDown_NailingML_stick34_stick29_robot1_staplergun1_rpmanipulate,lift,,,True,1497.02
548,LiftLL,LiftLL_liftAfterNail_NailingML_stick34_stick29_robot1_staplergun1_rpmanipulate,lift,,,True,4102.79
549,NailingLL,NailingLL_moveToNailPos_NailingML_stick34_stick30_robot1_staplergun1_rpmanipulate,movej,unknown,,True,4736.76
550,PushDownLL,PushDownLL_pushDown_NailingML_stick34_stick30_robot1_staplergun1_rpmanipulate,lift,,,True,1715.28
551,LiftLL,LiftLL_liftAfterNail_NailingML_stick34_stick30_robot1_staplergun1_rpmanipulate,lift,,,True,4081.68
552,NailingLL,NailingLL_moveToNailPos_NailingML_stick35_stick30_robot1_staplergun1_rpmanipulate,movej,unknown,,True,4378.84
553,PushDownLL,PushDownLL_pushDown_NailingML_stick35_stick30_robot1_staplergun1_rpmanipulate,lift,,,True,1892.92
554,LiftLL,LiftLL_liftAfterNail_NailingML_stick35_stick30_robot1_staplergun1_rpmanipulate,lift,,,True,4108.34
555,NailingLL,NailingLL_moveToNailPos_NailingML_stick35_stick31_robot1_staplergun1_rpmanipulate,movej,unknown,,True,4582.90
556,PushDownLL,PushDownLL_pushDown_NailingML_stick35_stick31_robot1_staplergun1_rpmanipulate,lift,,,True,1910.97
557,LiftLL,LiftLL_liftAfterNail_NailingML_stick35_stick31_robot1_staplergun1_rpmanipulate,lift,,,True,4090.99
558,NailingLL,NailingLL_moveToNailPos_NailingML_stick36_stick31_robot1_staplergun1_rpmanipulate,movej,unknown,,True,4551.24
559,PushDownLL,PushDownLL_pushDown_NailingML_stick36_stick31_robot1_staplergun1_rpmanipulate,lift,,,True,1736.08
560,LiftLL,LiftLL_liftAfterNail_NailingML_stick36_stick31_robot1_staplergun1_rpmanipulate,lift,,,True,4072.81
561,NailingLL,NailingLL_moveToNailPos_NailingML_stick36_stick32_robot1_staplergun1_rpmanipulate,movej,unknown,,True,3942.07
562,PushDownLL,PushDownLL_pushDown_NailingML_stick36_stick32_robot1_staplergun1_rpmanipulate,lift,,,True,1595.81
563,LiftLL,LiftLL_liftAfterNail_NailingML_stick36_stick32_robot1_staplergun1_rpmanipulate,lift,,,True,4091.20
564,MoveToLL,MoveToLL_moveToTarget_TravelML_robot1_rpmanipulate_rptoolchange_dup10,plannedj,rptoolchange,,True,5829.31
565,DeequipToolLL,DeequipToolLL_deequipTool_DeequipML_robot1_staplergun1_equiplocstapler_rptoolchange_dup5,play_program,,,True,7817.58
566,EquipToolLL,EquipToolLL_equipTool_EquipeML_robot1_gripper1_rptoolchange_equiplocgripper_dup5,play_program,,,True,21373.83
567,MoveToLL,MoveToLL_moveToTarget_TravelML_robot1_rptoolchange_rppickup_dup5,plannedj,rppickup,,True,8345.35
568,MoveToLL,MoveToLL_moveToPickPosition_PickUpML_stick38_initlocstick38_robot1_gripper1_rppickup,plannedl,initlocstick38,,True,3870.07
569,CloseGripperLL,CloseGripperLL_closeGripper_PickUpML_stick38_initlocstick38_robot1_gripper1_rppickup,close_gripper,,,True,1796.55
570,MoveToLL,MoveToLL_moveToRetract_PickUpML_stick38_initlocstick38_robot1_gripper1_rppickup,plannedl,rppickup,,True,3929.39
571,MoveToLL,MoveToLL_moveToTarget_TravelML_robot1_rppickup_rpmanipulate_dup46,plannedj,rpmanipulate,,True,11224.46
572,MoveToLL,MoveToLL_moveToStackPos_StackOnTwoML_stick38_robot1_finallocstick38_rpmanipulate_stick33_stick34_gripper1_layer8_layer9,plannedj,finallocstick38,,True,7326.31
573,OpenGripperLL,OpenGripperLL_openGripper_StackOnTwoML_stick38_robot1_finallocstick38_rpmanipulate_stick33_stick34_gripper1_layer8_layer9,open_gripper,,,True,1986.12
574,LiftLL,LiftLL_liftAfterStack_StackOnTwoML_stick38_robot1_finallocstick38_rpmanipulate_stick33_stick34_gripper1_layer8_layer9,lift,,,True,3704.21
575,MoveToLL,MoveToLL_moveToRobotPos_StackOnTwoML_stick38_robot1_finallocstick38_rpmanipulate_stick33_stick34_gripper1_layer8_layer9,plannedj,rpmanipulate,,True,6960.33
576,MoveToLL,MoveToLL_moveToTarget_TravelML_robot1_rpmanipulate_rppickup_dup43,plannedj,rppickup,,True,10911.00
577,MoveToLL,MoveToLL_moveToPickPosition_PickUpML_stick37_initlocstick37_robot1_gripper1_rppickup,plannedl,initlocstick37,,True,3874.96
578,CloseGripperLL,CloseGripperLL_closeGripper_PickUpML_stick37_initlocstick37_robot1_gripper1_rppickup,close_gripper,,,True,1791.59
579,MoveToLL,MoveToLL_moveToRetract_PickUpML_stick37_initlocstick37_robot1_gripper1_rppickup,plannedl,rppickup,,True,4484.22
580,MoveToLL,MoveToLL_moveToTarget_TravelML_robot1_rppickup_rpmanipulate_dup47,plannedj,rpmanipulate,,True,11370.59
581,MoveToLL,MoveToLL_moveToStackPos_StackOnTwoML_stick37_robot1_finallocstick37_rpmanipulate_cube7_stick33_gripper1_layer8_layer9,plannedj,finallocstick37,,True,7230.50
582,OpenGripperLL,OpenGripperLL_openGripper_StackOnTwoML_stick37_robot1_finallocstick37_rpmanipulate_cube7_stick33_gripper1_layer8_layer9,open_gripper,,,True,2102.51
583,LiftLL,LiftLL_liftAfterStack_StackOnTwoML_stick37_robot1_finallocstick37_rpmanipulate_cube7_stick33_gripper1_layer8_layer9,lift,,,True,3717.69
584,MoveToLL,MoveToLL_moveToRobotPos_StackOnTwoML_stick37_robot1_finallocstick37_rpmanipulate_cube7_stick33_gripper1_layer8_layer9,plannedj,rpmanipulate,,True,6952.04
585,MoveToLL,MoveToLL_moveToTarget_TravelML_robot1_rpmanipulate_rppickup_dup44,plannedj,rppickup,,True,10937.52
586,MoveToLL,MoveToLL_moveToPickPosition_PickUpML_stick39_initlocstick39_robot1_gripper1_rppickup,plannedl,initlocstick39,,True,3880.84
587,CloseGripperLL,CloseGripperLL_closeGripper_PickUpML_stick39_initlocstick39_robot1_gripper1_rppickup,close_gripper,,,True,1786.17
588,MoveToLL,MoveToLL_moveToRetract_PickUpML_stick39_initlocstick39_robot1_gripper1_rppickup,plannedl,rppickup,,True,3903.66
589,MoveToLL,MoveToLL_moveToTarget_TravelML_robot1_rppickup_rpmanipulate_dup48,plannedj,rpmanipulate,,True,11490.52
590,MoveToLL,MoveToLL_moveToStackPos_StackOnTwoML_stick39_robot1_finallocstick39_rpmanipulate_stick34_stick35_gripper1_layer8_layer9,plannedj,finallocstick39,,True,6392.27
591,OpenGripperLL,OpenGripperLL_openGripper_StackOnTwoML_stick39_robot1_finallocstick39_rpmanipulate_stick34_stick35_gripper1_layer8_layer9,open_gripper,,,True,2079.06
592,LiftLL,LiftLL_liftAfterStack_StackOnTwoML_stick39_robot1_finallocstick39_rpmanipulate_stick34_stick35_gripper1_layer8_layer9,lift,,,True,3726.53
593,MoveToLL,MoveToLL_moveToRobotPos_StackOnTwoML_stick39_robot1_finallocstick39_rpmanipulate_stick34_stick35_gripper1_layer8_layer9,plannedj,rpmanipulate,,True,6296.88
594,MoveToLL,MoveToLL_moveToTarget_TravelML_robot1_rpmanipulate_rppickup_dup45,plannedj,rppickup,,True,11567.98
595,MoveToLL,MoveToLL_moveToPickPosition_PickUpML_stick42_initlocstick42_robot1_gripper1_rppickup,plannedl,initlocstick42,,True,3878.05
596,CloseGripperLL,CloseGripperLL_closeGripper_PickUpML_stick42_initlocstick42_robot1_gripper1_rppickup,close_gripper,,,True,1809.59
597,MoveToLL,MoveToLL_moveToRetract_PickUpML_stick42_initlocstick42_robot1_gripper1_rppickup,plannedl,rppickup,,True,3884.41
598,MoveToLL,MoveToLL_moveToTarget_TravelML_robot1_rppickup_rpmanipulate_dup49,plannedj,rpmanipulate,,True,11405.80
599,MoveToLL,MoveToLL_moveToStackPos_StackOnTwoML_stick42_robot1_finallocstick42_rpmanipulate_stick38_stick37_gripper1_layer9_layer10,plannedj,finallocstick42,,True,7745.56
600,OpenGripperLL,OpenGripperLL_openGripper_StackOnTwoML_stick42_robot1_finallocstick42_rpmanipulate_stick38_stick37_gripper1_layer9_layer10,open_gripper,,,True,1611.18
601,LiftLL,LiftLL_liftAfterStack_StackOnTwoML_stick42_robot1_finallocstick42_rpmanipulate_stick38_stick37_gripper1_layer9_layer10,lift,,,True,3730.86
602,MoveToLL,MoveToLL_moveToRobotPos_StackOnTwoML_stick42_robot1_finallocstick42_rpmanipulate_stick38_stick37_gripper1_layer9_layer10,plannedj,rpmanipulate,,True,7126.51
603,MoveToLL,MoveToLL_moveToTarget_TravelML_robot1_rpmanipulate_rppickup_dup46,plannedj,rppickup,,True,11425.93
604,MoveToLL,MoveToLL_moveToPickPosition_PickUpML_cube9_initloccube9_robot1_gripper1_rppickup,plannedl,initloccube9,,True,3879.33
605,CloseGripperLL,CloseGripperLL_closeGripper_PickUpML_cube9_initloccube9_robot1_gripper1_rppickup,close_gripper,,,True,1773.45
606,MoveToLL,MoveToLL_moveToRetract_PickUpML_cube9_initloccube9_robot1_gripper1_rppickup,plannedl,rppickup,,True,3903.98
607,MoveToLL,MoveToLL_moveToTarget_TravelML_robot1_rppickup_rpmanipulate_dup50,plannedj,rpmanipulate,,True,11442.89
608,MoveToLL,MoveToLL_moveToStackPos_StackML_cube9_stick37_robot1_gripper1_finalloccube9_rpmanipulate,plannedj,finalloccube9,,True,7173.57
609,OpenGripperLL,OpenGripperLL_openGripper_StackML_cube9_stick37_robot1_gripper1_finalloccube9_rpmanipulate,open_gripper,,,True,2225.70
610,LiftLL,LiftLL_liftAfterStack_StackML_cube9_stick37_robot1_gripper1_finalloccube9_rpmanipulate,lift,,,True,3702.46
611,MoveToLL,MoveToLL_moveToRobotPosition_StackML_cube9_stick37_robot1_gripper1_finalloccube9_rpmanipulate,plannedj,rpmanipulate,,True,6897.17
612,MoveToLL,MoveToLL_moveToTarget_TravelML_robot1_rpmanipulate_rppickup_dup47,plannedj,rppickup,,True,10983.54
613,MoveToLL,MoveToLL_moveToPickPosition_PickUpML_stick43_initlocstick43_robot1_gripper1_rppickup,plannedl,initlocstick43,,True,3875.63
614,CloseGripperLL,CloseGripperLL_closeGripper_PickUpML_stick43_initlocstick43_robot1_gripper1_rppickup,close_gripper,,,True,1810.27
615,MoveToLL,MoveToLL_moveToRetract_PickUpML_stick43_initlocstick43_robot1_gripper1_rppickup,plannedl,rppickup,,True,3872.22
616,MoveToLL,MoveToLL_moveToTarget_TravelML_robot1_rppickup_rpmanipulate_dup51,plannedj,rpmanipulate,,True,11366.64
617,MoveToLL,MoveToLL_moveToStackPos_StackOnTwoML_stick43_robot1_finallocstick43_rpmanipulate_stick38_stick39_gripper1_layer9_layer10,plannedj,finallocstick43,,True,6973.86
618,OpenGripperLL,OpenGripperLL_openGripper_StackOnTwoML_stick43_robot1_finallocstick43_rpmanipulate_stick38_stick39_gripper1_layer9_layer10,open_gripper,,,True,1616.33
619,LiftLL,LiftLL_liftAfterStack_StackOnTwoML_stick43_robot1_finallocstick43_rpmanipulate_stick38_stick39_gripper1_layer9_layer10,lift,,,True,3733.21
620,MoveToLL,MoveToLL_moveToRobotPos_StackOnTwoML_stick43_robot1_finallocstick43_rpmanipulate_stick38_stick39_gripper1_layer9_layer10,plannedj,rpmanipulate,,True,6724.19
621,MoveToLL,MoveToLL_moveToTarget_TravelML_robot1_rpmanipulate_rppickup_dup48,plannedj,rppickup,,True,11216.53
622,MoveToLL,MoveToLL_moveToPickPosition_PickUpML_stick41_initlocstick41_robot1_gripper1_rppickup,plannedl,initlocstick41,,True,4470.93
623,CloseGripperLL,CloseGripperLL_closeGripper_PickUpML_stick41_initlocstick41_robot1_gripper1_rppickup,close_gripper,,,True,1782.34
624,MoveToLL,MoveToLL_moveToRetract_PickUpML_stick41_initlocstick41_robot1_gripper1_rppickup,plannedl,rppickup,,True,3904.78
625,MoveToLL,MoveToLL_moveToTarget_TravelML_robot1_rppickup_rpmanipulate_dup52,plannedj,rpmanipulate,,True,11292.27
626,MoveToLL,MoveToLL_moveToStackPos_StackOnTwoML_stick41_robot1_finallocstick41_rpmanipulate_cube8_stick36_gripper1_layer8_layer9,plannedj,finallocstick41,,True,5832.20
627,OpenGripperLL,OpenGripperLL_openGripper_StackOnTwoML_stick41_robot1_finallocstick41_rpmanipulate_cube8_stick36_gripper1_layer8_layer9,open_gripper,,,True,1977.09
628,LiftLL,LiftLL_liftAfterStack_StackOnTwoML_stick41_robot1_finallocstick41_rpmanipulate_cube8_stick36_gripper1_layer8_layer9,lift,,,True,3735.15
629,MoveToLL,MoveToLL_moveToRobotPos_StackOnTwoML_stick41_robot1_finallocstick41_rpmanipulate_cube8_stick36_gripper1_layer8_layer9,plannedj,rpmanipulate,,True,5543.73
630,MoveToLL,MoveToLL_moveToTarget_TravelML_robot1_rpmanipulate_rppickup_dup49,plannedj,rppickup,,True,11494.67
631,MoveToLL,MoveToLL_moveToPickPosition_PickUpML_stick40_initlocstick40_robot1_gripper1_rppickup,plannedl,initlocstick40,,True,4575.90
632,CloseGripperLL,CloseGripperLL_closeGripper_PickUpML_stick40_initlocstick40_robot1_gripper1_rppickup,close_gripper,,,True,1765.76
633,MoveToLL,MoveToLL_moveToRetract_PickUpML_stick40_initlocstick40_robot1_gripper1_rppickup,plannedl,rppickup,,True,3952.74
634,MoveToLL,MoveToLL_moveToTarget_TravelML_robot1_rppickup_rpmanipulate_dup53,plannedj,rpmanipulate,,True,11226.37
635,MoveToLL,MoveToLL_moveToStackPos_StackOnTwoML_stick40_robot1_finallocstick40_rpmanipulate_stick35_stick36_gripper1_layer8_layer9,plannedj,finallocstick40,,True,6358.17
636,OpenGripperLL,OpenGripperLL_openGripper_StackOnTwoML_stick40_robot1_finallocstick40_rpmanipulate_stick35_stick36_gripper1_layer8_layer9,open_gripper,,,True,2313.15
637,LiftLL,LiftLL_liftAfterStack_StackOnTwoML_stick40_robot1_finallocstick40_rpmanipulate_stick35_stick36_gripper1_layer8_layer9,lift,,,True,3668.04
638,MoveToLL,MoveToLL_moveToRobotPos_StackOnTwoML_stick40_robot1_finallocstick40_rpmanipulate_stick35_stick36_gripper1_layer8_layer9,plannedj,rpmanipulate,,True,6058.63
639,MoveToLL,MoveToLL_moveToTarget_TravelML_robot1_rpmanipulate_rppickup_dup50,plannedj,rppickup,,True,11067.95
640,MoveToLL,MoveToLL_moveToPickPosition_PickUpML_cube10_initloccube10_robot1_gripper1_rppickup,plannedl,initloccube10,,True,4403.86
641,CloseGripperLL,CloseGripperLL_closeGripper_PickUpML_cube10_initloccube10_robot1_gripper1_rppickup,close_gripper,,,True,1800.69
642,MoveToLL,MoveToLL_moveToRetract_PickUpML_cube10_initloccube10_robot1_gripper1_rppickup,plannedl,rppickup,,True,3901.07
643,MoveToLL,MoveToLL_moveToTarget_TravelML_robot1_rppickup_rpmanipulate_dup54,plannedj,rpmanipulate,,True,11238.84
644,MoveToLL,MoveToLL_moveToStackPos_StackML_cube10_stick41_robot1_gripper1_finalloccube10_rpmanipulate,plannedj,finalloccube10,,True,5592.06
645,OpenGripperLL,OpenGripperLL_openGripper_StackML_cube10_stick41_robot1_gripper1_finalloccube10_rpmanipulate,open_gripper,,,True,2074.54
646,LiftLL,LiftLL_liftAfterStack_StackML_cube10_stick41_robot1_gripper1_finalloccube10_rpmanipulate,lift,,,True,3706.30
647,MoveToLL,MoveToLL_moveToRobotPosition_StackML_cube10_stick41_robot1_gripper1_finalloccube10_rpmanipulate,plannedj,rpmanipulate,,True,5477.25
648,MoveToLL,MoveToLL_moveToTarget_TravelML_robot1_rpmanipulate_rppickup_dup51,plannedj,rppickup,,True,10998.35
649,MoveToLL,MoveToLL_moveToPickPosition_PickUpML_stick44_initlocstick44_robot1_gripper1_rppickup,plannedl,initlocstick44,,True,3875.87
650,CloseGripperLL,CloseGripperLL_closeGripper_PickUpML_stick44_initlocstick44_robot1_gripper1_rppickup,close_gripper,,,True,1704.30
651,MoveToLL,MoveToLL_moveToRetract_PickUpML_stick44_initlocstick44_robot1_gripper1_rppickup,plannedl,rppickup,,True,3834.95
652,MoveToLL,MoveToLL_moveToTarget_TravelML_robot1_rppickup_rpmanipulate_dup55,plannedj,rpmanipulate,,True,11181.07
653,MoveToLL,MoveToLL_moveToStackPos_StackOnTwoML_stick44_robot1_finallocstick44_rpmanipulate_stick40_stick39_gripper1_layer9_layer10,plannedj,finallocstick44,,True,6253.34
654,OpenGripperLL,OpenGripperLL_openGripper_StackOnTwoML_stick44_robot1_finallocstick44_rpmanipulate_stick40_stick39_gripper1_layer9_layer10,open_gripper,,,True,2202.47
655,LiftLL,LiftLL_liftAfterStack_StackOnTwoML_stick44_robot1_finallocstick44_rpmanipulate_stick40_stick39_gripper1_layer9_layer10,lift,,,True,3690.87
656,MoveToLL,MoveToLL_moveToRobotPos_StackOnTwoML_stick44_robot1_finallocstick44_rpmanipulate_stick40_stick39_gripper1_layer9_layer10,plannedj,rpmanipulate,,True,6159.01
657,MoveToLL,MoveToLL_moveToTarget_TravelML_robot1_rpmanipulate_rptoolchange_dup11,plannedj,rptoolchange,,True,5054.83
658,DeequipToolLL,DeequipToolLL_deequipTool_DeequipML_robot1_gripper1_equiplocgripper_rptoolchange_dup6,play_program,,,True,21610.69
659,EquipToolLL,EquipToolLL_equipTool_EquipeML_robot1_staplergun1_rptoolchange_equiplocstapler_dup6,play_program,,,True,10411.84
660,MoveToLL,MoveToLL_moveToTarget_TravelML_robot1_rptoolchange_rpmanipulate_dup6,plannedj,rpmanipulate,,True,5203.49
661,NailingLL,NailingLL_moveToNailPos_NailingML_stick43_stick38_robot1_staplergun1_rpmanipulate,movej,unknown,,True,6957.98
662,PushDownLL,PushDownLL_pushDown_NailingML_stick43_stick38_robot1_staplergun1_rpmanipulate,lift,,,True,1237.40
663,LiftLL,LiftLL_liftAfterNail_NailingML_stick43_stick38_robot1_staplergun1_rpmanipulate,lift,,,True,4102.11
664,NailingLL,NailingLL_moveToNailPos_NailingML_stick43_stick39_robot1_staplergun1_rpmanipulate,movej,unknown,,True,5132.62
665,PushDownLL,PushDownLL_pushDown_NailingML_stick43_stick39_robot1_staplergun1_rpmanipulate,lift,,,True,1642.00
666,LiftLL,LiftLL_liftAfterNail_NailingML_stick43_stick39_robot1_staplergun1_rpmanipulate,lift,,,True,4088.61
667,NailingLL,NailingLL_moveToNailPos_NailingML_stick44_stick39_robot1_staplergun1_rpmanipulate,movej,unknown,,True,4370.49
668,PushDownLL,PushDownLL_pushDown_NailingML_stick44_stick39_robot1_staplergun1_rpmanipulate,lift,,,True,1901.58
669,LiftLL,LiftLL_liftAfterNail_NailingML_stick44_stick39_robot1_staplergun1_rpmanipulate,lift,,,True,4044.62
670,NailingLL,NailingLL_moveToNailPos_NailingML_stick44_stick40_robot1_staplergun1_rpmanipulate,movej,unknown,,True,4494.64
671,PushDownLL,PushDownLL_pushDown_NailingML_stick44_stick40_robot1_staplergun1_rpmanipulate,lift,,,True,1933.04
672,LiftLL,LiftLL_liftAfterNail_NailingML_stick44_stick40_robot1_staplergun1_rpmanipulate,lift,,,True,4111.60
673,NailingLL,NailingLL_moveToNailPos_NailingML_cube9_stick37_robot1_staplergun1_rpmanipulate,movej,unknown,,True,5214.58
674,PushDownLL,PushDownLL_pushDown_NailingML_cube9_stick37_robot1_staplergun1_rpmanipulate,lift,,,True,1731.40
675,LiftLL,LiftLL_liftAfterNail_NailingML_cube9_stick37_robot1_staplergun1_rpmanipulate,lift,,,True,4086.73
676,NailingLL,NailingLL_moveToNailPos_NailingML_cube10_stick41_robot1_staplergun1_rpmanipulate,movej,unknown,,True,7247.67
677,PushDownLL,PushDownLL_pushDown_NailingML_cube10_stick41_robot1_staplergun1_rpmanipulate,lift,,,True,1243.10
678,LiftLL,LiftLL_liftAfterNail_NailingML_cube10_stick41_robot1_staplergun1_rpmanipulate,lift,,,True,4091.00
679,NailingLL,NailingLL_moveToNailPos_NailingML_stick42_stick37_robot1_staplergun1_rpmanipulate,movej,unknown,,True,7938.25
680,PushDownLL,PushDownLL_pushDown_NailingML_stick42_stick37_robot1_staplergun1_rpmanipulate,lift,,,True,1396.25
681,LiftLL,LiftLL_liftAfterNail_NailingML_stick42_stick37_robot1_staplergun1_rpmanipulate,lift,,,True,4104.68
682,NailingLL,NailingLL_moveToNailPos_NailingML_stick42_stick38_robot1_staplergun1_rpmanipulate,movej,unknown,,True,5702.72
683,PushDownLL,PushDownLL_pushDown_NailingML_stick42_stick38_robot1_staplergun1_rpmanipulate,lift,,,True,1420.84
684,LiftLL,LiftLL_liftAfterNail_NailingML_stick42_stick38_robot1_staplergun1_rpmanipulate,lift,,,True,4130.90
685,MoveToLL,MoveToLL_moveToTarget_TravelML_robot1_rpmanipulate_rptoolchange_dup12,plannedj,rptoolchange,,True,4214.95
686,DeequipToolLL,DeequipToolLL_deequipTool_DeequipML_robot1_staplergun1_equiplocstapler_rptoolchange_dup6,play_program,,,True,7782.41
687,EquipToolLL,EquipToolLL_equipTool_EquipeML_robot1_gripper1_rptoolchange_equiplocgripper_dup6,play_program,,,True,21132.56
688,MoveToLL,MoveToLL_moveToTarget_TravelML_robot1_rptoolchange_rppickup_dup6,plannedj,rppickup,,True,7965.99
689,MoveToLL,MoveToLL_moveToPickPosition_PickUpML_stick45_initlocstick45_robot1_gripper1_rppickup,plannedl,initlocstick45,,True,4353.85
690,CloseGripperLL,CloseGripperLL_closeGripper_PickUpML_stick45_initlocstick45_robot1_gripper1_rppickup,close_gripper,,,True,1820.87
691,MoveToLL,MoveToLL_moveToRetract_PickUpML_stick45_initlocstick45_robot1_gripper1_rppickup,plannedl,rppickup,,True,3840.01
692,MoveToLL,MoveToLL_moveToTarget_TravelML_robot1_rppickup_rpmanipulate_dup56,plannedj,rpmanipulate,,True,11494.77
693,MoveToLL,MoveToLL_moveToStackPos_StackOnTwoML_stick45_robot1_finallocstick45_rpmanipulate_stick41_stick40_gripper1_layer9_layer10,plannedj,finallocstick45,,True,6112.84
694,OpenGripperLL,OpenGripperLL_openGripper_StackOnTwoML_stick45_robot1_finallocstick45_rpmanipulate_stick41_stick40_gripper1_layer9_layer10,open_gripper,,,True,1678.40
695,LiftLL,LiftLL_liftAfterStack_StackOnTwoML_stick45_robot1_finallocstick45_rpmanipulate_stick41_stick40_gripper1_layer9_layer10,lift,,,True,3704.57
696,MoveToLL,MoveToLL_moveToRobotPos_StackOnTwoML_stick45_robot1_finallocstick45_rpmanipulate_stick41_stick40_gripper1_layer9_layer10,plannedj,rpmanipulate,,True,5414.52
697,MoveToLL,MoveToLL_moveToTarget_TravelML_robot1_rpmanipulate_rptoolchange_dup13,plannedj,rptoolchange,,True,5092.42
698,DeequipToolLL,DeequipToolLL_deequipTool_DeequipML_robot1_gripper1_equiplocgripper_rptoolchange_dup7,play_program,,,True,21556.04
699,EquipToolLL,EquipToolLL_equipTool_EquipeML_robot1_staplergun1_rptoolchange_equiplocstapler_dup7,play_program,,,True,10273.29
700,MoveToLL,MoveToLL_moveToTarget_TravelML_robot1_rptoolchange_rpmanipulate_dup7,plannedj,rpmanipulate,,True,5289.18
701,NailingLL,NailingLL_moveToNailPos_NailingML_stick45_stick40_robot1_staplergun1_rpmanipulate,movej,unknown,,True,9494.82
702,PushDownLL,PushDownLL_pushDown_NailingML_stick45_stick40_robot1_staplergun1_rpmanipulate,lift,,,True,1691.13
703,LiftLL,LiftLL_liftAfterNail_NailingML_stick45_stick40_robot1_staplergun1_rpmanipulate,lift,,,True,4074.69
704,NailingLL,NailingLL_moveToNailPos_NailingML_stick45_stick41_robot1_staplergun1_rpmanipulate,movej,unknown,,True,4183.54
705,PushDownLL,PushDownLL_pushDown_NailingML_stick45_stick41_robot1_staplergun1_rpmanipulate,lift,,,True,1550.62
706,LiftLL,LiftLL_liftAfterNail_NailingML_stick45_stick41_robot1_staplergun1_rpmanipulate,lift,,,True,4156.46
707,MoveToLL,MoveToLL_moveToTarget_TravelML_robot1_rpmanipulate_rptoolchange_dup14,plannedj,rptoolchange,,True,6396.27
708,DeequipToolLL,DeequipToolLL_deequipTool_DeequipML_robot1_staplergun1_equiplocstapler_rptoolchange_dup7,play_program,,,True,7815.63
709,EquipToolLL,EquipToolLL_equipTool_EquipeML_robot1_gripper1_rptoolchange_equiplocgripper_dup7,play_program,,,True,21502.93
710,MoveToLL,MoveToLL_moveToTarget_TravelML_robot1_rptoolchange_rppickup_dup7,plannedj,rppickup,,True,8064.53
711,MoveToLL,MoveToLL_moveToPickPosition_PickUpML_stick47_initlocstick47_robot1_gripper1_rppickup,plannedl,initlocstick47,,True,3880.48
712,CloseGripperLL,CloseGripperLL_closeGripper_PickUpML_stick47_initlocstick47_robot1_gripper1_rppickup,close_gripper,,,True,1757.05
713,MoveToLL,MoveToLL_moveToRetract_PickUpML_stick47_initlocstick47_robot1_gripper1_rppickup,plannedl,rppickup,,True,3902.41
714,MoveToLL,MoveToLL_moveToTarget_TravelML_robot1_rppickup_rpmanipulate_dup57,plannedj,rpmanipulate,,True,11497.51
715,MoveToLL,MoveToLL_moveToStackPos_StackOnTwoML_stick47_robot1_finallocstick47_rpmanipulate_stick42_stick43_gripper1_layer10_layer11,plannedj,finallocstick47,,True,7407.50
716,OpenGripperLL,OpenGripperLL_openGripper_StackOnTwoML_stick47_robot1_finallocstick47_rpmanipulate_stick42_stick43_gripper1_layer10_layer11,open_gripper,,,True,2009.01
717,LiftLL,LiftLL_liftAfterStack_StackOnTwoML_stick47_robot1_finallocstick47_rpmanipulate_stick42_stick43_gripper1_layer10_layer11,lift,,,True,3720.69
718,MoveToLL,MoveToLL_moveToRobotPos_StackOnTwoML_stick47_robot1_finallocstick47_rpmanipulate_stick42_stick43_gripper1_layer10_layer11,plannedj,rpmanipulate,,True,7127.90
719,MoveToLL,MoveToLL_moveToTarget_TravelML_robot1_rpmanipulate_rppickup_dup52,plannedj,rppickup,,True,10916.28
720,MoveToLL,MoveToLL_moveToPickPosition_PickUpML_stick46_initlocstick46_robot1_gripper1_rppickup,plannedl,initlocstick46,,True,4446.24
721,CloseGripperLL,CloseGripperLL_closeGripper_PickUpML_stick46_initlocstick46_robot1_gripper1_rppickup,close_gripper,,,True,1805.01
722,MoveToLL,MoveToLL_moveToRetract_PickUpML_stick46_initlocstick46_robot1_gripper1_rppickup,plannedl,rppickup,,True,3894.96
723,MoveToLL,MoveToLL_moveToTarget_TravelML_robot1_rppickup_rpmanipulate_dup58,plannedj,rpmanipulate,,True,11582.22
724,MoveToLL,MoveToLL_moveToStackPos_StackOnTwoML_stick46_robot1_finallocstick46_rpmanipulate_cube9_stick42_gripper1_layer10_layer11,plannedj,finallocstick46,,True,7336.97
725,OpenGripperLL,OpenGripperLL_openGripper_StackOnTwoML_stick46_robot1_finallocstick46_rpmanipulate_cube9_stick42_gripper1_layer10_layer11,open_gripper,,,True,2089.14
726,LiftLL,LiftLL_liftAfterStack_StackOnTwoML_stick46_robot1_finallocstick46_rpmanipulate_cube9_stick42_gripper1_layer10_layer11,lift,,,True,3758.14
727,MoveToLL,MoveToLL_moveToRobotPos_StackOnTwoML_stick46_robot1_finallocstick46_rpmanipulate_cube9_stick42_gripper1_layer10_layer11,plannedj,rpmanipulate,,True,7098.45
728,MoveToLL,MoveToLL_moveToTarget_TravelML_robot1_rpmanipulate_rppickup_dup53,plannedj,rppickup,,True,10917.13
729,MoveToLL,MoveToLL_moveToPickPosition_PickUpML_stick48_initlocstick48_robot1_gripper1_rppickup,plannedl,initlocstick48,,True,4540.72
730,CloseGripperLL,CloseGripperLL_closeGripper_PickUpML_stick48_initlocstick48_robot1_gripper1_rppickup,close_gripper,,,True,1787.72
731,MoveToLL,MoveToLL_moveToRetract_PickUpML_stick48_initlocstick48_robot1_gripper1_rppickup,plannedl,rppickup,,True,3910.40
732,MoveToLL,MoveToLL_moveToTarget_TravelML_robot1_rppickup_rpmanipulate_dup59,plannedj,rpmanipulate,,True,11515.14
733,MoveToLL,MoveToLL_moveToStackPos_StackOnTwoML_stick48_robot1_finallocstick48_rpmanipulate_stick43_stick44_gripper1_layer10_layer11,plannedj,finallocstick48,,True,6358.95
734,OpenGripperLL,OpenGripperLL_openGripper_StackOnTwoML_stick48_robot1_finallocstick48_rpmanipulate_stick43_stick44_gripper1_layer10_layer11,open_gripper,,,True,2077.20
735,LiftLL,LiftLL_liftAfterStack_StackOnTwoML_stick48_robot1_finallocstick48_rpmanipulate_stick43_stick44_gripper1_layer10_layer11,lift,,,True,3728.93
736,MoveToLL,MoveToLL_moveToRobotPos_StackOnTwoML_stick48_robot1_finallocstick48_rpmanipulate_stick43_stick44_gripper1_layer10_layer11,plannedj,rpmanipulate,,True,6158.25
737,MoveToLL,MoveToLL_moveToTarget_TravelML_robot1_rpmanipulate_rppickup_dup54,plannedj,rppickup,,True,10948.63
738,MoveToLL,MoveToLL_moveToPickPosition_PickUpML_stick51_initlocstick51_robot1_gripper1_rppickup,plannedl,initlocstick51,,True,3895.52
739,CloseGripperLL,CloseGripperLL_closeGripper_PickUpML_stick51_initlocstick51_robot1_gripper1_rppickup,close_gripper,,,True,1733.83
740,MoveToLL,MoveToLL_moveToRetract_PickUpML_stick51_initlocstick51_robot1_gripper1_rppickup,plannedl,rppickup,,True,3914.38
741,MoveToLL,MoveToLL_moveToTarget_TravelML_robot1_rppickup_rpmanipulate_dup60,plannedj,rpmanipulate,,True,11513.57
742,MoveToLL,MoveToLL_moveToStackPos_StackOnTwoML_stick51_robot1_finallocstick51_rpmanipulate_stick47_stick46_gripper1_layer11_layer12,plannedj,finallocstick51,,True,7518.35
743,OpenGripperLL,OpenGripperLL_openGripper_StackOnTwoML_stick51_robot1_finallocstick51_rpmanipulate_stick47_stick46_gripper1_layer11_layer12,open_gripper,,,True,1934.45
744,LiftLL,LiftLL_liftAfterStack_StackOnTwoML_stick51_robot1_finallocstick51_rpmanipulate_stick47_stick46_gripper1_layer11_layer12,lift,,,True,3711.87
745,MoveToLL,MoveToLL_moveToRobotPos_StackOnTwoML_stick51_robot1_finallocstick51_rpmanipulate_stick47_stick46_gripper1_layer11_layer12,plannedj,rpmanipulate,,True,7519.13
746,MoveToLL,MoveToLL_moveToTarget_TravelML_robot1_rpmanipulate_rppickup_dup55,plannedj,rppickup,,True,11326.73
747,MoveToLL,MoveToLL_moveToPickPosition_PickUpML_cube11_initloccube11_robot1_gripper1_rppickup,plannedl,initloccube11,,True,3881.37
748,CloseGripperLL,CloseGripperLL_closeGripper_PickUpML_cube11_initloccube11_robot1_gripper1_rppickup,close_gripper,,,True,1763.56
749,MoveToLL,MoveToLL_moveToRetract_PickUpML_cube11_initloccube11_robot1_gripper1_rppickup,plannedl,rppickup,,True,3837.89
750,MoveToLL,MoveToLL_moveToTarget_TravelML_robot1_rppickup_rpmanipulate_dup61,plannedj,rpmanipulate,,True,11208.47
751,MoveToLL,MoveToLL_moveToStackPos_StackML_cube11_stick46_robot1_gripper1_finalloccube11_rpmanipulate,plannedj,finalloccube11,,True,6909.33
752,OpenGripperLL,OpenGripperLL_openGripper_StackML_cube11_stick46_robot1_gripper1_finalloccube11_rpmanipulate,open_gripper,,,True,2145.15
753,LiftLL,LiftLL_liftAfterStack_StackML_cube11_stick46_robot1_gripper1_finalloccube11_rpmanipulate,lift,,,True,3699.56
754,MoveToLL,MoveToLL_moveToRobotPosition_StackML_cube11_stick46_robot1_gripper1_finalloccube11_rpmanipulate,plannedj,rpmanipulate,,True,6655.26
755,MoveToLL,MoveToLL_moveToTarget_TravelML_robot1_rpmanipulate_rppickup_dup56,plannedj,rppickup,,True,11161.31
756,MoveToLL,MoveToLL_moveToPickPosition_PickUpML_stick52_initlocstick52_robot1_gripper1_rppickup,plannedl,initlocstick52,,True,4587.10
757,CloseGripperLL,CloseGripperLL_closeGripper_PickUpML_stick52_initlocstick52_robot1_gripper1_rppickup,close_gripper,,,True,1770.76
758,MoveToLL,MoveToLL_moveToRetract_PickUpML_stick52_initlocstick52_robot1_gripper1_rppickup,plannedl,rppickup,,True,3912.11
759,MoveToLL,MoveToLL_moveToTarget_TravelML_robot1_rppickup_rpmanipulate_dup62,plannedj,rpmanipulate,,True,11392.26
760,MoveToLL,MoveToLL_moveToStackPos_StackOnTwoML_stick52_robot1_finallocstick52_rpmanipulate_stick47_stick48_gripper1_layer11_layer12,plannedj,finallocstick52,,True,6481.20
761,OpenGripperLL,OpenGripperLL_openGripper_StackOnTwoML_stick52_robot1_finallocstick52_rpmanipulate_stick47_stick48_gripper1_layer11_layer12,open_gripper,,,True,1645.94
762,LiftLL,LiftLL_liftAfterStack_StackOnTwoML_stick52_robot1_finallocstick52_rpmanipulate_stick47_stick48_gripper1_layer11_layer12,lift,,,True,3712.51
763,MoveToLL,MoveToLL_moveToRobotPos_StackOnTwoML_stick52_robot1_finallocstick52_rpmanipulate_stick47_stick48_gripper1_layer11_layer12,plannedj,rpmanipulate,,True,6622.02
764,MoveToLL,MoveToLL_moveToTarget_TravelML_robot1_rpmanipulate_rppickup_dup57,plannedj,rppickup,,True,11081.34
765,MoveToLL,MoveToLL_moveToPickPosition_PickUpML_stick50_initlocstick50_robot1_gripper1_rppickup,plannedl,initlocstick50,,True,3875.64
766,CloseGripperLL,CloseGripperLL_closeGripper_PickUpML_stick50_initlocstick50_robot1_gripper1_rppickup,close_gripper,,,True,1768.52
767,MoveToLL,MoveToLL_moveToRetract_PickUpML_stick50_initlocstick50_robot1_gripper1_rppickup,plannedl,rppickup,,True,3889.57
768,MoveToLL,MoveToLL_moveToTarget_TravelML_robot1_rppickup_rpmanipulate_dup63,plannedj,rpmanipulate,,True,11319.76
769,MoveToLL,MoveToLL_moveToStackPos_StackOnTwoML_stick50_robot1_finallocstick50_rpmanipulate_cube10_stick45_gripper1_layer10_layer11,plannedj,finallocstick50,,True,5567.07
770,OpenGripperLL,OpenGripperLL_openGripper_StackOnTwoML_stick50_robot1_finallocstick50_rpmanipulate_cube10_stick45_gripper1_layer10_layer11,open_gripper,,,True,2083.80
771,LiftLL,LiftLL_liftAfterStack_StackOnTwoML_stick50_robot1_finallocstick50_rpmanipulate_cube10_stick45_gripper1_layer10_layer11,lift,,,True,3637.44
772,MoveToLL,MoveToLL_moveToRobotPos_StackOnTwoML_stick50_robot1_finallocstick50_rpmanipulate_cube10_stick45_gripper1_layer10_layer11,plannedj,rpmanipulate,,True,5571.32
773,MoveToLL,MoveToLL_moveToTarget_TravelML_robot1_rpmanipulate_rppickup_dup58,plannedj,rppickup,,True,10929.18
774,MoveToLL,MoveToLL_moveToPickPosition_PickUpML_stick49_initlocstick49_robot1_gripper1_rppickup,plannedl,initlocstick49,,True,3909.83
775,CloseGripperLL,CloseGripperLL_closeGripper_PickUpML_stick49_initlocstick49_robot1_gripper1_rppickup,close_gripper,,,True,1770.97
776,MoveToLL,MoveToLL_moveToRetract_PickUpML_stick49_initlocstick49_robot1_gripper1_rppickup,plannedl,rppickup,,True,3863.16
777,MoveToLL,MoveToLL_moveToTarget_TravelML_robot1_rppickup_rpmanipulate_dup64,plannedj,rpmanipulate,,True,11288.50
778,MoveToLL,MoveToLL_moveToStackPos_StackOnTwoML_stick49_robot1_finallocstick49_rpmanipulate_stick44_stick45_gripper1_layer10_layer11,plannedj,finallocstick49,,True,6289.18
779,OpenGripperLL,OpenGripperLL_openGripper_StackOnTwoML_stick49_robot1_finallocstick49_rpmanipulate_stick44_stick45_gripper1_layer10_layer11,open_gripper,,,True,2253.27
780,LiftLL,LiftLL_liftAfterStack_StackOnTwoML_stick49_robot1_finallocstick49_rpmanipulate_stick44_stick45_gripper1_layer10_layer11,lift,,,True,3687.20
781,MoveToLL,MoveToLL_moveToRobotPos_StackOnTwoML_stick49_robot1_finallocstick49_rpmanipulate_stick44_stick45_gripper1_layer10_layer11,plannedj,rpmanipulate,,True,6083.91
782,MoveToLL,MoveToLL_moveToTarget_TravelML_robot1_rpmanipulate_rppickup_dup59,plannedj,rppickup,,True,11071.12
783,MoveToLL,MoveToLL_moveToPickPosition_PickUpML_cube12_initloccube12_robot1_gripper1_rppickup,plannedl,initloccube12,,True,3884.39
784,CloseGripperLL,CloseGripperLL_closeGripper_PickUpML_cube12_initloccube12_robot1_gripper1_rppickup,close_gripper,,,True,1726.40
785,MoveToLL,MoveToLL_moveToRetract_PickUpML_cube12_initloccube12_robot1_gripper1_rppickup,plannedl,rppickup,,True,3939.33
786,MoveToLL,MoveToLL_moveToTarget_TravelML_robot1_rppickup_rpmanipulate_dup65,plannedj,rpmanipulate,,True,11346.37
787,MoveToLL,MoveToLL_moveToStackPos_StackML_cube12_stick50_robot1_gripper1_finalloccube12_rpmanipulate,plannedj,finalloccube12,,True,5703.82
788,OpenGripperLL,OpenGripperLL_openGripper_StackML_cube12_stick50_robot1_gripper1_finalloccube12_rpmanipulate,open_gripper,,,True,2130.84
789,LiftLL,LiftLL_liftAfterStack_StackML_cube12_stick50_robot1_gripper1_finalloccube12_rpmanipulate,lift,,,True,3719.79
790,MoveToLL,MoveToLL_moveToRobotPosition_StackML_cube12_stick50_robot1_gripper1_finalloccube12_rpmanipulate,plannedj,rpmanipulate,,True,5385.89
791,MoveToLL,MoveToLL_moveToTarget_TravelML_robot1_rpmanipulate_rppickup_dup60,plannedj,rppickup,,True,11083.53
792,MoveToLL,MoveToLL_moveToPickPosition_PickUpML_stick53_initlocstick53_robot1_gripper1_rppickup,plannedl,initlocstick53,,True,4430.79
793,CloseGripperLL,CloseGripperLL_closeGripper_PickUpML_stick53_initlocstick53_robot1_gripper1_rppickup,close_gripper,,,True,1779.16
794,MoveToLL,MoveToLL_moveToRetract_PickUpML_stick53_initlocstick53_robot1_gripper1_rppickup,plannedl,rppickup,,True,3838.27
795,MoveToLL,MoveToLL_moveToTarget_TravelML_robot1_rppickup_rpmanipulate_dup66,plannedj,rpmanipulate,,True,11021.67
796,MoveToLL,MoveToLL_moveToStackPos_StackOnTwoML_stick53_robot1_finallocstick53_rpmanipulate_stick49_stick48_gripper1_layer11_layer12,plannedj,finallocstick53,,True,6143.70
797,OpenGripperLL,OpenGripperLL_openGripper_StackOnTwoML_stick53_robot1_finallocstick53_rpmanipulate_stick49_stick48_gripper1_layer11_layer12,open_gripper,,,True,2237.54
798,LiftLL,LiftLL_liftAfterStack_StackOnTwoML_stick53_robot1_finallocstick53_rpmanipulate_stick49_stick48_gripper1_layer11_layer12,lift,,,True,3772.53
799,MoveToLL,MoveToLL_moveToRobotPos_StackOnTwoML_stick53_robot1_finallocstick53_rpmanipulate_stick49_stick48_gripper1_layer11_layer12,plannedj,rpmanipulate,,True,6093.58
800,MoveToLL,MoveToLL_moveToTarget_TravelML_robot1_rpmanipulate_rppickup_dup61,plannedj,rppickup,,True,11101.75
801,MoveToLL,MoveToLL_moveToPickPosition_PickUpML_stick54_initlocstick54_robot1_gripper1_rppickup,plannedl,initlocstick54,,True,3875.28
802,CloseGripperLL,CloseGripperLL_closeGripper_PickUpML_stick54_initlocstick54_robot1_gripper1_rppickup,close_gripper,,,True,1837.72
803,MoveToLL,MoveToLL_moveToRetract_PickUpML_stick54_initlocstick54_robot1_gripper1_rppickup,plannedl,rppickup,,True,3862.58
804,MoveToLL,MoveToLL_moveToTarget_TravelML_robot1_rppickup_rpmanipulate_dup67,plannedj,rpmanipulate,,True,11034.66
805,MoveToLL,MoveToLL_moveToStackPos_StackOnTwoML_stick54_robot1_finallocstick54_rpmanipulate_stick50_stick49_gripper1_layer11_layer12,plannedj,finallocstick54,,True,6000.95
806,OpenGripperLL,OpenGripperLL_openGripper_StackOnTwoML_stick54_robot1_finallocstick54_rpmanipulate_stick50_stick49_gripper1_layer11_layer12,open_gripper,,,True,1810.40
807,LiftLL,LiftLL_liftAfterStack_StackOnTwoML_stick54_robot1_finallocstick54_rpmanipulate_stick50_stick49_gripper1_layer11_layer12,lift,,,True,3703.30
808,MoveToLL,MoveToLL_moveToRobotPos_StackOnTwoML_stick54_robot1_finallocstick54_rpmanipulate_stick50_stick49_gripper1_layer11_layer12,plannedj,rpmanipulate,,True,5528.27
809,MoveToLL,MoveToLL_moveToTarget_TravelML_robot1_rpmanipulate_rptoolchange_dup15,plannedj,rptoolchange,,True,5008.57
810,DeequipToolLL,DeequipToolLL_deequipTool_DeequipML_robot1_gripper1_equiplocgripper_rptoolchange_dup8,play_program,,,True,21531.64
811,EquipToolLL,EquipToolLL_equipTool_EquipeML_robot1_staplergun1_rptoolchange_equiplocstapler_dup8,play_program,,,True,10397.58
812,MoveToLL,MoveToLL_moveToTarget_TravelML_robot1_rptoolchange_rpmanipulate_dup8,plannedj,rpmanipulate,,True,5317.57
813,NailingLL,NailingLL_moveToNailPos_NailingML_cube11_stick46_robot1_staplergun1_rpmanipulate,movej,unknown,,True,9937.24
814,PushDownLL,PushDownLL_pushDown_NailingML_cube11_stick46_robot1_staplergun1_rpmanipulate,lift,,,True,1240.42
815,LiftLL,LiftLL_liftAfterNail_NailingML_cube11_stick46_robot1_staplergun1_rpmanipulate,lift,,,True,4069.84
816,NailingLL,NailingLL_moveToNailPos_NailingML_cube12_stick50_robot1_staplergun1_rpmanipulate,movej,unknown,,True,7361.01
817,PushDownLL,PushDownLL_pushDown_NailingML_cube12_stick50_robot1_staplergun1_rpmanipulate,lift,,,True,1890.04
818,LiftLL,LiftLL_liftAfterNail_NailingML_cube12_stick50_robot1_staplergun1_rpmanipulate,lift,,,True,4035.48
819,NailingLL,NailingLL_moveToNailPos_NailingML_stick51_stick46_robot1_staplergun1_rpmanipulate,movej,unknown,,True,8052.27
820,PushDownLL,PushDownLL_pushDown_NailingML_stick51_stick46_robot1_staplergun1_rpmanipulate,lift,,,True,1381.02
821,LiftLL,LiftLL_liftAfterNail_NailingML_stick51_stick46_robot1_staplergun1_rpmanipulate,lift,,,True,4036.91
822,NailingLL,NailingLL_moveToNailPos_NailingML_stick51_stick47_robot1_staplergun1_rpmanipulate,movej,unknown,,True,5613.71
823,PushDownLL,PushDownLL_pushDown_NailingML_stick51_stick47_robot1_staplergun1_rpmanipulate,lift,,,True,1319.50
824,LiftLL,LiftLL_liftAfterNail_NailingML_stick51_stick47_robot1_staplergun1_rpmanipulate,lift,,,True,4075.68
825,NailingLL,NailingLL_moveToNailPos_NailingML_stick52_stick47_robot1_staplergun1_rpmanipulate,movej,unknown,,True,5375.82
826,PushDownLL,PushDownLL_pushDown_NailingML_stick52_stick47_robot1_staplergun1_rpmanipulate,lift,,,True,1520.73
827,LiftLL,LiftLL_liftAfterNail_NailingML_stick52_stick47_robot1_staplergun1_rpmanipulate,lift,,,True,4107.92
828,NailingLL,NailingLL_moveToNailPos_NailingML_stick52_stick48_robot1_staplergun1_rpmanipulate,movej,unknown,,True,4528.81
829,PushDownLL,PushDownLL_pushDown_NailingML_stick52_stick48_robot1_staplergun1_rpmanipulate,lift,,,True,1654.16
830,LiftLL,LiftLL_liftAfterNail_NailingML_stick52_stick48_robot1_staplergun1_rpmanipulate,lift,,,True,4078.25
831,NailingLL,NailingLL_moveToNailPos_NailingML_stick53_stick48_robot1_staplergun1_rpmanipulate,movej,unknown,,True,4169.50
832,PushDownLL,PushDownLL_pushDown_NailingML_stick53_stick48_robot1_staplergun1_rpmanipulate,lift,,,True,1916.80
833,LiftLL,LiftLL_liftAfterNail_NailingML_stick53_stick48_robot1_staplergun1_rpmanipulate,lift,,,True,4088.12
834,NailingLL,NailingLL_moveToNailPos_NailingML_stick53_stick49_robot1_staplergun1_rpmanipulate,movej,unknown,,True,4546.93
835,PushDownLL,PushDownLL_pushDown_NailingML_stick53_stick49_robot1_staplergun1_rpmanipulate,lift,,,True,1914.95
836,LiftLL,LiftLL_liftAfterNail_NailingML_stick53_stick49_robot1_staplergun1_rpmanipulate,lift,,,True,4046.99
837,NailingLL,NailingLL_moveToNailPos_NailingML_stick54_stick49_robot1_staplergun1_rpmanipulate,movej,unknown,,True,4359.55
838,PushDownLL,PushDownLL_pushDown_NailingML_stick54_stick49_robot1_staplergun1_rpmanipulate,lift,,,True,1235.08
839,LiftLL,LiftLL_liftAfterNail_NailingML_stick54_stick49_robot1_staplergun1_rpmanipulate,lift,,,True,4104.24
840,NailingLL,NailingLL_moveToNailPos_NailingML_stick54_stick50_robot1_staplergun1_rpmanipulate,movej,unknown,,True,3971.96
841,PushDownLL,PushDownLL_pushDown_NailingML_stick54_stick50_robot1_staplergun1_rpmanipulate,lift,,,True,1461.72
842,LiftLL,LiftLL_liftAfterNail_NailingML_stick54_stick50_robot1_staplergun1_rpmanipulate,lift,,,True,4121.08
843,MoveToLL,MoveToLL_moveToTarget_TravelML_robot1_rpmanipulate_rptoolchange_dup16,plannedj,rptoolchange,,True,6095.61
844,DeequipToolLL,DeequipToolLL_deequipTool_DeequipML_robot1_staplergun1_equiplocstapler_rptoolchange_dup8,play_program,,,True,7759.63
845,EquipToolLL,EquipToolLL_equipTool_EquipeML_robot1_gripper1_rptoolchange_equiplocgripper_dup8,play_program,,,True,21233.17
846,MoveToLL,MoveToLL_moveToTarget_TravelML_robot1_rptoolchange_rppickup_dup8,plannedj,rppickup,,True,7889.27
847,MoveToLL,MoveToLL_moveToPickPosition_PickUpML_stick56_initlocstick56_robot1_gripper1_rppickup,plannedl,initlocstick56,,True,4505.46
848,CloseGripperLL,CloseGripperLL_closeGripper_PickUpML_stick56_initlocstick56_robot1_gripper1_rppickup,close_gripper,,,True,1756.12
849,MoveToLL,MoveToLL_moveToRetract_PickUpML_stick56_initlocstick56_robot1_gripper1_rppickup,plannedl,rppickup,,True,3904.12
850,MoveToLL,MoveToLL_moveToTarget_TravelML_robot1_rppickup_rpmanipulate_dup68,plannedj,rpmanipulate,,True,11356.10
851,MoveToLL,MoveToLL_moveToStackPos_StackOnTwoML_stick56_robot1_finallocstick56_rpmanipulate_stick51_stick52_gripper1_layer12_layer13,plannedj,finallocstick56,,True,7346.29
852,OpenGripperLL,OpenGripperLL_openGripper_StackOnTwoML_stick56_robot1_finallocstick56_rpmanipulate_stick51_stick52_gripper1_layer12_layer13,open_gripper,,,True,2015.54
853,LiftLL,LiftLL_liftAfterStack_StackOnTwoML_stick56_robot1_finallocstick56_rpmanipulate_stick51_stick52_gripper1_layer12_layer13,lift,,,True,3708.26
854,MoveToLL,MoveToLL_moveToRobotPos_StackOnTwoML_stick56_robot1_finallocstick56_rpmanipulate_stick51_stick52_gripper1_layer12_layer13,plannedj,rpmanipulate,,True,6903.07
855,MoveToLL,MoveToLL_moveToTarget_TravelML_robot1_rpmanipulate_rppickup_dup62,plannedj,rppickup,,True,11080.01
856,MoveToLL,MoveToLL_moveToPickPosition_PickUpML_stick55_initlocstick55_robot1_gripper1_rppickup,plannedl,initlocstick55,,True,4381.09
857,CloseGripperLL,CloseGripperLL_closeGripper_PickUpML_stick55_initlocstick55_robot1_gripper1_rppickup,close_gripper,,,True,1798.27
858,MoveToLL,MoveToLL_moveToRetract_PickUpML_stick55_initlocstick55_robot1_gripper1_rppickup,plannedl,rppickup,,True,3835.72
859,MoveToLL,MoveToLL_moveToTarget_TravelML_robot1_rppickup_rpmanipulate_dup69,plannedj,rpmanipulate,,True,11501.95
860,MoveToLL,MoveToLL_moveToStackPos_StackOnTwoML_stick55_robot1_finallocstick55_rpmanipulate_cube11_stick51_gripper1_layer12_layer13,plannedj,finallocstick55,,True,7375.06
861,OpenGripperLL,OpenGripperLL_openGripper_StackOnTwoML_stick55_robot1_finallocstick55_rpmanipulate_cube11_stick51_gripper1_layer12_layer13,open_gripper,,,True,1956.91
862,LiftLL,LiftLL_liftAfterStack_StackOnTwoML_stick55_robot1_finallocstick55_rpmanipulate_cube11_stick51_gripper1_layer12_layer13,lift,,,True,3744.16
863,MoveToLL,MoveToLL_moveToRobotPos_StackOnTwoML_stick55_robot1_finallocstick55_rpmanipulate_cube11_stick51_gripper1_layer12_layer13,plannedj,rpmanipulate,,True,6981.58
864,MoveToLL,MoveToLL_moveToTarget_TravelML_robot1_rpmanipulate_rppickup_dup63,plannedj,rppickup,,True,11347.75
865,MoveToLL,MoveToLL_moveToPickPosition_PickUpML_stick59_initlocstick59_robot1_gripper1_rppickup,plannedl,initlocstick59,,True,4471.48
866,CloseGripperLL,CloseGripperLL_closeGripper_PickUpML_stick59_initlocstick59_robot1_gripper1_rppickup,close_gripper,,,True,1772.31
867,MoveToLL,MoveToLL_moveToRetract_PickUpML_stick59_initlocstick59_robot1_gripper1_rppickup,plannedl,rppickup,,True,3927.61
868,MoveToLL,MoveToLL_moveToTarget_TravelML_robot1_rppickup_rpmanipulate_dup70,plannedj,rpmanipulate,,True,11635.50
869,MoveToLL,MoveToLL_moveToStackPos_StackOnTwoML_stick59_robot1_finallocstick59_rpmanipulate_cube12_stick54_gripper1_layer12_layer13,plannedj,finallocstick59,,True,5722.41
870,OpenGripperLL,OpenGripperLL_openGripper_StackOnTwoML_stick59_robot1_finallocstick59_rpmanipulate_cube12_stick54_gripper1_layer12_layer13,open_gripper,,,True,2100.61
871,LiftLL,LiftLL_liftAfterStack_StackOnTwoML_stick59_robot1_finallocstick59_rpmanipulate_cube12_stick54_gripper1_layer12_layer13,lift,,,True,3669.10
872,MoveToLL,MoveToLL_moveToRobotPos_StackOnTwoML_stick59_robot1_finallocstick59_rpmanipulate_cube12_stick54_gripper1_layer12_layer13,plannedj,rpmanipulate,,True,5433.69
873,MoveToLL,MoveToLL_moveToTarget_TravelML_robot1_rpmanipulate_rppickup_dup64,plannedj,rppickup,,True,11041.28
874,MoveToLL,MoveToLL_moveToPickPosition_PickUpML_stick60_initlocstick60_robot1_gripper1_rppickup,plannedl,initlocstick60,,True,3885.66
875,CloseGripperLL,CloseGripperLL_closeGripper_PickUpML_stick60_initlocstick60_robot1_gripper1_rppickup,close_gripper,,,True,1789.80
876,MoveToLL,MoveToLL_moveToRetract_PickUpML_stick60_initlocstick60_robot1_gripper1_rppickup,plannedl,rppickup,,True,3863.29
877,MoveToLL,MoveToLL_moveToTarget_TravelML_robot1_rppickup_rpmanipulate_dup71,plannedj,rpmanipulate,,True,11245.48
878,MoveToLL,MoveToLL_moveToStackPos_StackOnTwoML_stick60_robot1_finallocstick60_rpmanipulate_stick56_stick55_gripper1_layer13_layer14,plannedj,finallocstick60,,True,7781.80
879,OpenGripperLL,OpenGripperLL_openGripper_StackOnTwoML_stick60_robot1_finallocstick60_rpmanipulate_stick56_stick55_gripper1_layer13_layer14,open_gripper,,,True,1610.07
880,LiftLL,LiftLL_liftAfterStack_StackOnTwoML_stick60_robot1_finallocstick60_rpmanipulate_stick56_stick55_gripper1_layer13_layer14,lift,,,True,3717.94
881,MoveToLL,MoveToLL_moveToRobotPos_StackOnTwoML_stick60_robot1_finallocstick60_rpmanipulate_stick56_stick55_gripper1_layer13_layer14,plannedj,rpmanipulate,,True,7437.08
882,MoveToLL,MoveToLL_moveToTarget_TravelML_robot1_rpmanipulate_rppickup_dup65,plannedj,rppickup,,True,11206.24
883,MoveToLL,MoveToLL_moveToPickPosition_PickUpML_stick57_initlocstick57_robot1_gripper1_rppickup,plannedl,initlocstick57,,True,3888.65
884,CloseGripperLL,CloseGripperLL_closeGripper_PickUpML_stick57_initlocstick57_robot1_gripper1_rppickup,close_gripper,,,True,1777.05
885,MoveToLL,MoveToLL_moveToRetract_PickUpML_stick57_initlocstick57_robot1_gripper1_rppickup,plannedl,rppickup,,True,3850.59
886,MoveToLL,MoveToLL_moveToTarget_TravelML_robot1_rppickup_rpmanipulate_dup72,plannedj,rpmanipulate,,True,11427.96
887,MoveToLL,MoveToLL_moveToStackPos_StackOnTwoML_stick57_robot1_finallocstick57_rpmanipulate_stick52_stick53_gripper1_layer12_layer13,plannedj,finallocstick57,,True,6325.36
888,OpenGripperLL,OpenGripperLL_openGripper_StackOnTwoML_stick57_robot1_finallocstick57_rpmanipulate_stick52_stick53_gripper1_layer12_layer13,open_gripper,,,True,2096.60
889,LiftLL,LiftLL_liftAfterStack_StackOnTwoML_stick57_robot1_finallocstick57_rpmanipulate_stick52_stick53_gripper1_layer12_layer13,lift,,,True,3700.92
890,MoveToLL,MoveToLL_moveToRobotPos_StackOnTwoML_stick57_robot1_finallocstick57_rpmanipulate_stick52_stick53_gripper1_layer12_layer13,plannedj,rpmanipulate,,True,6272.19
891,MoveToLL,MoveToLL_moveToTarget_TravelML_robot1_rpmanipulate_rppickup_dup66,plannedj,rppickup,,True,11519.98
892,MoveToLL,MoveToLL_moveToPickPosition_PickUpML_stick58_initlocstick58_robot1_gripper1_rppickup,plannedl,initlocstick58,,True,3878.46
893,CloseGripperLL,CloseGripperLL_closeGripper_PickUpML_stick58_initlocstick58_robot1_gripper1_rppickup,close_gripper,,,True,1789.24
894,MoveToLL,MoveToLL_moveToRetract_PickUpML_stick58_initlocstick58_robot1_gripper1_rppickup,plannedl,rppickup,,True,3900.32
895,MoveToLL,MoveToLL_moveToTarget_TravelML_robot1_rppickup_rpmanipulate_dup73,plannedj,rpmanipulate,,True,11344.80
896,MoveToLL,MoveToLL_moveToStackPos_StackOnTwoML_stick58_robot1_finallocstick58_rpmanipulate_stick53_stick54_gripper1_layer12_layer13,plannedj,finallocstick58,,True,6283.66
897,OpenGripperLL,OpenGripperLL_openGripper_StackOnTwoML_stick58_robot1_finallocstick58_rpmanipulate_stick53_stick54_gripper1_layer12_layer13,open_gripper,,,True,2291.58
898,LiftLL,LiftLL_liftAfterStack_StackOnTwoML_stick58_robot1_finallocstick58_rpmanipulate_stick53_stick54_gripper1_layer12_layer13,lift,,,True,3651.17
899,MoveToLL,MoveToLL_moveToRobotPos_StackOnTwoML_stick58_robot1_finallocstick58_rpmanipulate_stick53_stick54_gripper1_layer12_layer13,plannedj,rpmanipulate,,True,6104.48
900,MoveToLL,MoveToLL_moveToTarget_TravelML_robot1_rpmanipulate_rppickup_dup67,plannedj,rppickup,,True,11162.70
901,MoveToLL,MoveToLL_moveToPickPosition_PickUpML_stick62_initlocstick62_robot1_gripper1_rppickup,plannedl,initlocstick62,,True,3873.85
902,CloseGripperLL,CloseGripperLL_closeGripper_PickUpML_stick62_initlocstick62_robot1_gripper1_rppickup,close_gripper,,,True,1791.13
903,MoveToLL,MoveToLL_moveToRetract_PickUpML_stick62_initlocstick62_robot1_gripper1_rppickup,plannedl,rppickup,,True,3914.36
904,MoveToLL,MoveToLL_moveToTarget_TravelML_robot1_rppickup_rpmanipulate_dup74,plannedj,rpmanipulate,,True,11415.32
905,MoveToLL,MoveToLL_moveToStackPos_StackOnTwoML_stick62_robot1_finallocstick62_rpmanipulate_stick58_stick57_gripper1_layer13_layer14,plannedj,finallocstick62,,True,6237.95
906,OpenGripperLL,OpenGripperLL_openGripper_StackOnTwoML_stick62_robot1_finallocstick62_rpmanipulate_stick58_stick57_gripper1_layer13_layer14,open_gripper,,,True,2221.18
907,LiftLL,LiftLL_liftAfterStack_StackOnTwoML_stick62_robot1_finallocstick62_rpmanipulate_stick58_stick57_gripper1_layer13_layer14,lift,,,True,3701.96
908,MoveToLL,MoveToLL_moveToRobotPos_StackOnTwoML_stick62_robot1_finallocstick62_rpmanipulate_stick58_stick57_gripper1_layer13_layer14,plannedj,rpmanipulate,,True,6166.56
909,MoveToLL,MoveToLL_moveToTarget_TravelML_robot1_rpmanipulate_rppickup_dup68,plannedj,rppickup,,True,11231.25
910,MoveToLL,MoveToLL_moveToPickPosition_PickUpML_stick61_initlocstick61_robot1_gripper1_rppickup,plannedl,initlocstick61,,True,4565.37
911,CloseGripperLL,CloseGripperLL_closeGripper_PickUpML_stick61_initlocstick61_robot1_gripper1_rppickup,close_gripper,,,True,1743.03
912,MoveToLL,MoveToLL_moveToRetract_PickUpML_stick61_initlocstick61_robot1_gripper1_rppickup,plannedl,rppickup,,True,3898.02
913,MoveToLL,MoveToLL_moveToTarget_TravelML_robot1_rppickup_rpmanipulate_dup75,plannedj,rpmanipulate,,True,11229.99
914,MoveToLL,MoveToLL_moveToStackPos_StackOnTwoML_stick61_robot1_finallocstick61_rpmanipulate_stick56_stick57_gripper1_layer13_layer14,plannedj,finallocstick61,,True,6897.01
915,OpenGripperLL,OpenGripperLL_openGripper_StackOnTwoML_stick61_robot1_finallocstick61_rpmanipulate_stick56_stick57_gripper1_layer13_layer14,open_gripper,,,True,1794.65
916,LiftLL,LiftLL_liftAfterStack_StackOnTwoML_stick61_robot1_finallocstick61_rpmanipulate_stick56_stick57_gripper1_layer13_layer14,lift,,,True,3611.83
917,MoveToLL,MoveToLL_moveToRobotPos_StackOnTwoML_stick61_robot1_finallocstick61_rpmanipulate_stick56_stick57_gripper1_layer13_layer14,plannedj,rpmanipulate,,True,6645.51
918,MoveToLL,MoveToLL_moveToTarget_TravelML_robot1_rpmanipulate_rppickup_dup69,plannedj,rppickup,,True,11171.09
919,MoveToLL,MoveToLL_moveToPickPosition_PickUpML_cube14_initloccube14_robot1_gripper1_rppickup,plannedl,initloccube14,,True,4464.29
920,CloseGripperLL,CloseGripperLL_closeGripper_PickUpML_cube14_initloccube14_robot1_gripper1_rppickup,close_gripper,,,True,1797.14
921,MoveToLL,MoveToLL_moveToRetract_PickUpML_cube14_initloccube14_robot1_gripper1_rppickup,plannedl,rppickup,,True,3931.48
922,MoveToLL,MoveToLL_moveToTarget_TravelML_robot1_rppickup_rpmanipulate_dup76,plannedj,rpmanipulate,,True,11452.16
923,MoveToLL,MoveToLL_moveToStackPos_StackML_cube14_stick59_robot1_gripper1_finalloccube14_rpmanipulate,plannedj,finalloccube14,,True,5625.12
924,OpenGripperLL,OpenGripperLL_openGripper_StackML_cube14_stick59_robot1_gripper1_finalloccube14_rpmanipulate,open_gripper,,,True,2178.97
925,LiftLL,LiftLL_liftAfterStack_StackML_cube14_stick59_robot1_gripper1_finalloccube14_rpmanipulate,lift,,,True,3826.91
926,MoveToLL,MoveToLL_moveToRobotPosition_StackML_cube14_stick59_robot1_gripper1_finalloccube14_rpmanipulate,plannedj,rpmanipulate,,True,5281.45
927,MoveToLL,MoveToLL_moveToTarget_TravelML_robot1_rpmanipulate_rppickup_dup70,plannedj,rppickup,,True,11614.26
928,MoveToLL,MoveToLL_moveToPickPosition_PickUpML_cube13_initloccube13_robot1_gripper1_rppickup,plannedl,initloccube13,,True,3896.11
929,CloseGripperLL,CloseGripperLL_closeGripper_PickUpML_cube13_initloccube13_robot1_gripper1_rppickup,close_gripper,,,True,1667.60
930,MoveToLL,MoveToLL_moveToRetract_PickUpML_cube13_initloccube13_robot1_gripper1_rppickup,plannedl,rppickup,,True,3967.87
931,MoveToLL,MoveToLL_moveToTarget_TravelML_robot1_rppickup_rpmanipulate_dup77,plannedj,rpmanipulate,,True,11289.97
932,MoveToLL,MoveToLL_moveToStackPos_StackML_cube13_stick55_robot1_gripper1_finalloccube13_rpmanipulate,plannedj,finalloccube13,,True,7300.19
933,OpenGripperLL,OpenGripperLL_openGripper_StackML_cube13_stick55_robot1_gripper1_finalloccube13_rpmanipulate,open_gripper,,,True,2143.35
934,LiftLL,LiftLL_liftAfterStack_StackML_cube13_stick55_robot1_gripper1_finalloccube13_rpmanipulate,lift,,,True,3700.60
935,MoveToLL,MoveToLL_moveToRobotPosition_StackML_cube13_stick55_robot1_gripper1_finalloccube13_rpmanipulate,plannedj,rpmanipulate,,True,7061.57
936,MoveToLL,MoveToLL_moveToTarget_TravelML_robot1_rpmanipulate_rppickup_dup71,plannedj,rppickup,,True,11048.09
937,MoveToLL,MoveToLL_moveToPickPosition_PickUpML_stick63_initlocstick63_robot1_gripper1_rppickup,plannedl,initlocstick63,,True,4568.04
938,CloseGripperLL,CloseGripperLL_closeGripper_PickUpML_stick63_initlocstick63_robot1_gripper1_rppickup,close_gripper,,,True,1763.59
939,MoveToLL,MoveToLL_moveToRetract_PickUpML_stick63_initlocstick63_robot1_gripper1_rppickup,plannedl,rppickup,,True,3908.07
940,MoveToLL,MoveToLL_moveToTarget_TravelML_robot1_rppickup_rpmanipulate_dup78,plannedj,rpmanipulate,,True,11656.78
941,MoveToLL,MoveToLL_moveToStackPos_StackOnTwoML_stick63_robot1_finallocstick63_rpmanipulate_stick59_stick58_gripper1_layer13_layer14,plannedj,finallocstick63,,True,5974.53
942,OpenGripperLL,OpenGripperLL_openGripper_StackOnTwoML_stick63_robot1_finallocstick63_rpmanipulate_stick59_stick58_gripper1_layer13_layer14,open_gripper,,,True,1819.52
943,LiftLL,LiftLL_liftAfterStack_StackOnTwoML_stick63_robot1_finallocstick63_rpmanipulate_stick59_stick58_gripper1_layer13_layer14,lift,,,True,3629.46
944,MoveToLL,MoveToLL_moveToRobotPos_StackOnTwoML_stick63_robot1_finallocstick63_rpmanipulate_stick59_stick58_gripper1_layer13_layer14,plannedj,rpmanipulate,,True,5803.18
945,MoveToLL,MoveToLL_moveToTarget_TravelML_robot1_rpmanipulate_rptoolchange_dup17,plannedj,rptoolchange,,True,5456.20
946,DeequipToolLL,DeequipToolLL_deequipTool_DeequipML_robot1_gripper1_equiplocgripper_rptoolchange_dup9,play_program,,,True,21579.15
947,EquipToolLL,EquipToolLL_equipTool_EquipeML_robot1_staplergun1_rptoolchange_equiplocstapler_dup9,play_program,,,True,10349.66
948,MoveToLL,MoveToLL_moveToTarget_TravelML_robot1_rptoolchange_rpmanipulate_dup9,plannedj,rpmanipulate,,True,5194.85
949,NailingLL,NailingLL_moveToNailPos_NailingML_cube13_stick55_robot1_staplergun1_rpmanipulate,movej,unknown,,True,9943.54
950,PushDownLL,PushDownLL_pushDown_NailingML_cube13_stick55_robot1_staplergun1_rpmanipulate,lift,,,True,1940.72
951,LiftLL,LiftLL_liftAfterNail_NailingML_cube13_stick55_robot1_staplergun1_rpmanipulate,lift,,,True,4066.21
952,NailingLL,NailingLL_moveToNailPos_NailingML_cube14_stick59_robot1_staplergun1_rpmanipulate,movej,unknown,,True,7728.94
953,PushDownLL,PushDownLL_pushDown_NailingML_cube14_stick59_robot1_staplergun1_rpmanipulate,lift,,,True,1642.16
954,LiftLL,LiftLL_liftAfterNail_NailingML_cube14_stick59_robot1_staplergun1_rpmanipulate,lift,,,True,4101.18
955,NailingLL,NailingLL_moveToNailPos_NailingML_stick60_stick55_robot1_staplergun1_rpmanipulate,movej,unknown,,True,8119.04
956,PushDownLL,PushDownLL_pushDown_NailingML_stick60_stick55_robot1_staplergun1_rpmanipulate,lift,,,True,1295.72
957,LiftLL,LiftLL_liftAfterNail_NailingML_stick60_stick55_robot1_staplergun1_rpmanipulate,lift,,,True,4057.08
958,NailingLL,NailingLL_moveToNailPos_NailingML_stick60_stick56_robot1_staplergun1_rpmanipulate,movej,unknown,,True,5939.54
959,PushDownLL,PushDownLL_pushDown_NailingML_stick60_stick56_robot1_staplergun1_rpmanipulate,lift,,,True,1238.31
960,LiftLL,LiftLL_liftAfterNail_NailingML_stick60_stick56_robot1_staplergun1_rpmanipulate,lift,,,True,4078.48
961,NailingLL,NailingLL_moveToNailPos_NailingML_stick61_stick56_robot1_staplergun1_rpmanipulate,movej,unknown,,True,5353.50
962,PushDownLL,PushDownLL_pushDown_NailingML_stick61_stick56_robot1_staplergun1_rpmanipulate,lift,,,True,1484.75
963,LiftLL,LiftLL_liftAfterNail_NailingML_stick61_stick56_robot1_staplergun1_rpmanipulate,lift,,,True,4080.53
964,NailingLL,NailingLL_moveToNailPos_NailingML_stick61_stick57_robot1_staplergun1_rpmanipulate,movej,unknown,,True,4711.98
965,PushDownLL,PushDownLL_pushDown_NailingML_stick61_stick57_robot1_staplergun1_rpmanipulate,lift,,,True,1617.54
966,LiftLL,LiftLL_liftAfterNail_NailingML_stick61_stick57_robot1_staplergun1_rpmanipulate,lift,,,True,4085.19
967,NailingLL,NailingLL_moveToNailPos_NailingML_stick62_stick57_robot1_staplergun1_rpmanipulate,movej,unknown,,True,4827.88
968,PushDownLL,PushDownLL_pushDown_NailingML_stick62_stick57_robot1_staplergun1_rpmanipulate,lift,,,True,1946.33
969,LiftLL,LiftLL_liftAfterNail_NailingML_stick62_stick57_robot1_staplergun1_rpmanipulate,lift,,,True,4084.92
970,NailingLL,NailingLL_moveToNailPos_NailingML_stick62_stick58_robot1_staplergun1_rpmanipulate,movej,unknown,,True,4371.30
971,PushDownLL,PushDownLL_pushDown_NailingML_stick62_stick58_robot1_staplergun1_rpmanipulate,lift,,,True,1852.48
972,LiftLL,LiftLL_liftAfterNail_NailingML_stick62_stick58_robot1_staplergun1_rpmanipulate,lift,,,True,4103.94
973,NailingLL,NailingLL_moveToNailPos_NailingML_stick63_stick58_robot1_staplergun1_rpmanipulate,movej,unknown,,True,4127.75
974,PushDownLL,PushDownLL_pushDown_NailingML_stick63_stick58_robot1_staplergun1_rpmanipulate,lift,,,True,1321.10
975,LiftLL,LiftLL_liftAfterNail_NailingML_stick63_stick58_robot1_staplergun1_rpmanipulate,lift,,,True,4059.95
976,NailingLL,NailingLL_moveToNailPos_NailingML_stick63_stick59_robot1_staplergun1_rpmanipulate,movej,unknown,,True,4240.54
977,PushDownLL,PushDownLL_pushDown_NailingML_stick63_stick59_robot1_staplergun1_rpmanipulate,lift,,,True,1397.51
978,LiftLL,LiftLL_liftAfterNail_NailingML_stick63_stick59_robot1_staplergun1_rpmanipulate,lift,,,True,4067.95
979,MoveToLL,MoveToLL_moveToTarget_TravelML_robot1_rpmanipulate_rptoolchange_dup18,plannedj,rptoolchange,,True,6620.52
980,DeequipToolLL,DeequipToolLL_deequipTool_DeequipML_robot1_staplergun1_equiplocstapler_rptoolchange_dup9,play_program,,,True,7800.11
981,EquipToolLL,EquipToolLL_equipTool_EquipeML_robot1_gripper1_rptoolchange_equiplocgripper_dup9,play_program,,,True,21087.76
982,MoveToLL,MoveToLL_moveToTarget_TravelML_robot1_rptoolchange_rppickup_dup9,plannedj,rppickup,,True,8493.23
983,MoveToLL,MoveToLL_moveToPickPosition_PickUpML_stick65_initlocstick65_robot1_gripper1_rppickup,plannedl,initlocstick65,,True,3872.41
984,CloseGripperLL,CloseGripperLL_closeGripper_PickUpML_stick65_initlocstick65_robot1_gripper1_rppickup,close_gripper,,,True,1764.80
985,MoveToLL,MoveToLL_moveToRetract_PickUpML_stick65_initlocstick65_robot1_gripper1_rppickup,plannedl,rppickup,,True,3835.15
986,MoveToLL,MoveToLL_moveToTarget_TravelML_robot1_rppickup_rpmanipulate_dup79,plannedj,rpmanipulate,,True,11550.89
987,MoveToLL,MoveToLL_moveToStackPos_StackOnTwoML_stick65_robot1_finallocstick65_rpmanipulate_stick61_stick60_gripper1_layer14_layer15,plannedj,finallocstick65,,True,7307.08
988,OpenGripperLL,OpenGripperLL_openGripper_StackOnTwoML_stick65_robot1_finallocstick65_rpmanipulate_stick61_stick60_gripper1_layer14_layer15,open_gripper,,,True,2081.51
989,LiftLL,LiftLL_liftAfterStack_StackOnTwoML_stick65_robot1_finallocstick65_rpmanipulate_stick61_stick60_gripper1_layer14_layer15,lift,,,True,3746.97
990,MoveToLL,MoveToLL_moveToRobotPos_StackOnTwoML_stick65_robot1_finallocstick65_rpmanipulate_stick61_stick60_gripper1_layer14_layer15,plannedj,rpmanipulate,,True,7015.82
991,MoveToLL,MoveToLL_moveToTarget_TravelML_robot1_rpmanipulate_rppickup_dup72,plannedj,rppickup,,True,11468.25
992,MoveToLL,MoveToLL_moveToPickPosition_PickUpML_stick64_initlocstick64_robot1_gripper1_rppickup,plannedl,initlocstick64,,True,3882.63
993,CloseGripperLL,CloseGripperLL_closeGripper_PickUpML_stick64_initlocstick64_robot1_gripper1_rppickup,close_gripper,,,True,1761.47
994,MoveToLL,MoveToLL_moveToRetract_PickUpML_stick64_initlocstick64_robot1_gripper1_rppickup,plannedl,rppickup,,True,3946.75
995,MoveToLL,MoveToLL_moveToTarget_TravelML_robot1_rppickup_rpmanipulate_dup80,plannedj,rpmanipulate,,True,11675.94
996,MoveToLL,MoveToLL_moveToStackPos_StackOnTwoML_stick64_robot1_finallocstick64_rpmanipulate_cube13_stick60_gripper1_layer14_layer15,plannedj,finallocstick64,,True,7433.31
997,OpenGripperLL,OpenGripperLL_openGripper_StackOnTwoML_stick64_robot1_finallocstick64_rpmanipulate_cube13_stick60_gripper1_layer14_layer15,open_gripper,,,True,2009.95
998,LiftLL,LiftLL_liftAfterStack_StackOnTwoML_stick64_robot1_finallocstick64_rpmanipulate_cube13_stick60_gripper1_layer14_layer15,lift,,,True,3592.79
999,MoveToLL,MoveToLL_moveToRobotPos_StackOnTwoML_stick64_robot1_finallocstick64_rpmanipulate_cube13_stick60_gripper1_layer14_layer15,plannedj,rpmanipulate,,True,7114.60
1000,MoveToLL,MoveToLL_moveToTarget_TravelML_robot1_rpmanipulate_rppickup_dup73,plannedj,rppickup,,True,11459.79
1001,MoveToLL,MoveToLL_moveToPickPosition_PickUpML_stick66_initlocstick66_robot1_gripper1_rppickup,plannedl,initlocstick66,,True,4608.28
1002,CloseGripperLL,CloseGripperLL_closeGripper_PickUpML_stick66_initlocstick66_robot1_gripper1_rppickup,close_gripper,,,True,1756.43
1003,MoveToLL,MoveToLL_moveToRetract_PickUpML_stick66_initlocstick66_robot1_gripper1_rppickup,plannedl,rppickup,,True,3947.65
1004,MoveToLL,MoveToLL_moveToTarget_TravelML_robot1_rppickup_rpmanipulate_dup81,plannedj,rpmanipulate,,True,11596.68
1005,MoveToLL,MoveToLL_moveToStackPos_StackOnTwoML_stick66_robot1_finallocstick66_rpmanipulate_stick62_stick61_gripper1_layer14_layer15,plannedj,finallocstick66,,True,6327.20
1006,OpenGripperLL,OpenGripperLL_openGripper_StackOnTwoML_stick66_robot1_finallocstick66_rpmanipulate_stick62_stick61_gripper1_layer14_layer15,open_gripper,,,True,2176.04
1007,LiftLL,LiftLL_liftAfterStack_StackOnTwoML_stick66_robot1_finallocstick66_rpmanipulate_stick62_stick61_gripper1_layer14_layer15,lift,,,True,3647.56
1008,MoveToLL,MoveToLL_moveToRobotPos_StackOnTwoML_stick66_robot1_finallocstick66_rpmanipulate_stick62_stick61_gripper1_layer14_layer15,plannedj,rpmanipulate,,True,5826.95
1009,MoveToLL,MoveToLL_moveToTarget_TravelML_robot1_rpmanipulate_rppickup_dup74,plannedj,rppickup,,True,11343.13
1010,MoveToLL,MoveToLL_moveToPickPosition_PickUpML_stick69_initlocstick69_robot1_gripper1_rppickup,plannedl,initlocstick69,,True,4521.55
1011,CloseGripperLL,CloseGripperLL_closeGripper_PickUpML_stick69_initlocstick69_robot1_gripper1_rppickup,close_gripper,,,True,1625.15
1012,MoveToLL,MoveToLL_moveToRetract_PickUpML_stick69_initlocstick69_robot1_gripper1_rppickup,plannedl,rppickup,,True,3892.75
1013,MoveToLL,MoveToLL_moveToTarget_TravelML_robot1_rppickup_rpmanipulate_dup82,plannedj,rpmanipulate,,True,11554.95
1014,MoveToLL,MoveToLL_moveToStackPos_StackOnTwoML_stick69_robot1_finallocstick69_rpmanipulate_stick64_stick65_gripper1_layer15_layer16,plannedj,finallocstick69,,True,7487.75
1015,OpenGripperLL,OpenGripperLL_openGripper_StackOnTwoML_stick69_robot1_finallocstick69_rpmanipulate_stick64_stick65_gripper1_layer15_layer16,open_gripper,,,True,1929.13
1016,LiftLL,LiftLL_liftAfterStack_StackOnTwoML_stick69_robot1_finallocstick69_rpmanipulate_stick64_stick65_gripper1_layer15_layer16,lift,,,True,3707.55
1017,MoveToLL,MoveToLL_moveToRobotPos_StackOnTwoML_stick69_robot1_finallocstick69_rpmanipulate_stick64_stick65_gripper1_layer15_layer16,plannedj,rpmanipulate,,True,6822.83
1018,MoveToLL,MoveToLL_moveToTarget_TravelML_robot1_rpmanipulate_rppickup_dup75,plannedj,rppickup,,True,11191.08
1019,MoveToLL,MoveToLL_moveToPickPosition_PickUpML_stick68_initlocstick68_robot1_gripper1_rppickup,plannedl,initlocstick68,,True,3867.45
1020,CloseGripperLL,CloseGripperLL_closeGripper_PickUpML_stick68_initlocstick68_robot1_gripper1_rppickup,close_gripper,,,True,1775.25
1021,MoveToLL,MoveToLL_moveToRetract_PickUpML_stick68_initlocstick68_robot1_gripper1_rppickup,plannedl,rppickup,,True,3889.94
1022,MoveToLL,MoveToLL_moveToTarget_TravelML_robot1_rppickup_rpmanipulate_dup83,plannedj,rpmanipulate,,True,11394.11
1023,MoveToLL,MoveToLL_moveToStackPos_StackOnTwoML_stick68_robot1_finallocstick68_rpmanipulate_cube14_stick63_gripper1_layer14_layer15,plannedj,finallocstick68,,True,5708.24
1024,OpenGripperLL,OpenGripperLL_openGripper_StackOnTwoML_stick68_robot1_finallocstick68_rpmanipulate_cube14_stick63_gripper1_layer14_layer15,open_gripper,,,True,2081.79
1025,LiftLL,LiftLL_liftAfterStack_StackOnTwoML_stick68_robot1_finallocstick68_rpmanipulate_cube14_stick63_gripper1_layer14_layer15,lift,,,True,3744.26
1026,MoveToLL,MoveToLL_moveToRobotPos_StackOnTwoML_stick68_robot1_finallocstick68_rpmanipulate_cube14_stick63_gripper1_layer14_layer15,plannedj,rpmanipulate,,True,5328.45
1027,MoveToLL,MoveToLL_moveToTarget_TravelML_robot1_rpmanipulate_rppickup_dup76,plannedj,rppickup,,True,11243.53
1028,MoveToLL,MoveToLL_moveToPickPosition_PickUpML_stick67_initlocstick67_robot1_gripper1_rppickup,plannedl,initlocstick67,,True,3898.89
1029,CloseGripperLL,CloseGripperLL_closeGripper_PickUpML_stick67_initlocstick67_robot1_gripper1_rppickup,close_gripper,,,True,1762.75
1030,MoveToLL,MoveToLL_moveToRetract_PickUpML_stick67_initlocstick67_robot1_gripper1_rppickup,plannedl,rppickup,,True,3931.22
1031,MoveToLL,MoveToLL_moveToTarget_TravelML_robot1_rppickup_rpmanipulate_dup84,plannedj,rpmanipulate,,True,11715.17
1032,MoveToLL,MoveToLL_moveToStackPos_StackOnTwoML_stick67_robot1_finallocstick67_rpmanipulate_stick63_stick62_gripper1_layer14_layer15,plannedj,finallocstick67,,True,5751.69
1033,OpenGripperLL,OpenGripperLL_openGripper_StackOnTwoML_stick67_robot1_finallocstick67_rpmanipulate_stick63_stick62_gripper1_layer14_layer15,open_gripper,,,True,2308.75
1034,LiftLL,LiftLL_liftAfterStack_StackOnTwoML_stick67_robot1_finallocstick67_rpmanipulate_stick63_stick62_gripper1_layer14_layer15,lift,,,True,3729.43
1035,MoveToLL,MoveToLL_moveToRobotPos_StackOnTwoML_stick67_robot1_finallocstick67_rpmanipulate_stick63_stick62_gripper1_layer14_layer15,plannedj,rpmanipulate,,True,6065.90
1036,MoveToLL,MoveToLL_moveToTarget_TravelML_robot1_rpmanipulate_rppickup_dup77,plannedj,rppickup,,True,11478.18
1037,MoveToLL,MoveToLL_moveToPickPosition_PickUpML_cube15_initloccube15_robot1_gripper1_rppickup,plannedl,initloccube15,,True,3895.55
1038,CloseGripperLL,CloseGripperLL_closeGripper_PickUpML_cube15_initloccube15_robot1_gripper1_rppickup,close_gripper,,,True,1753.90
1039,MoveToLL,MoveToLL_moveToRetract_PickUpML_cube15_initloccube15_robot1_gripper1_rppickup,plannedl,rppickup,,True,3907.61
1040,MoveToLL,MoveToLL_moveToTarget_TravelML_robot1_rppickup_rpmanipulate_dup85,plannedj,rpmanipulate,,True,11331.85
1041,MoveToLL,MoveToLL_moveToStackPos_StackML_cube15_stick64_robot1_gripper1_finalloccube15_rpmanipulate,plannedj,finalloccube15,,True,7202.92
1042,OpenGripperLL,OpenGripperLL_openGripper_StackML_cube15_stick64_robot1_gripper1_finalloccube15_rpmanipulate,open_gripper,,,True,2074.02
1043,LiftLL,LiftLL_liftAfterStack_StackML_cube15_stick64_robot1_gripper1_finalloccube15_rpmanipulate,lift,,,True,3743.66
1044,MoveToLL,MoveToLL_moveToRobotPosition_StackML_cube15_stick64_robot1_gripper1_finalloccube15_rpmanipulate,plannedj,rpmanipulate,,True,6811.79
1045,MoveToLL,MoveToLL_moveToTarget_TravelML_robot1_rpmanipulate_rppickup_dup78,plannedj,rppickup,,True,11363.73
1046,MoveToLL,MoveToLL_moveToPickPosition_PickUpML_stick71_initlocstick71_robot1_gripper1_rppickup,plannedl,initlocstick71,,True,3912.23
1047,CloseGripperLL,CloseGripperLL_closeGripper_PickUpML_stick71_initlocstick71_robot1_gripper1_rppickup,close_gripper,,,True,1744.05
1048,MoveToLL,MoveToLL_moveToRetract_PickUpML_stick71_initlocstick71_robot1_gripper1_rppickup,plannedl,rppickup,,True,3918.35
1049,MoveToLL,MoveToLL_moveToTarget_TravelML_robot1_rppickup_rpmanipulate_dup86,plannedj,rpmanipulate,,True,11675.94
1050,MoveToLL,MoveToLL_moveToStackPos_StackOnTwoML_stick71_robot1_finallocstick71_rpmanipulate_stick66_stick67_gripper1_layer15_layer16,plannedj,finallocstick71,,True,6361.86
1051,OpenGripperLL,OpenGripperLL_openGripper_StackOnTwoML_stick71_robot1_finallocstick71_rpmanipulate_stick66_stick67_gripper1_layer15_layer16,open_gripper,,,True,2235.32
1052,LiftLL,LiftLL_liftAfterStack_StackOnTwoML_stick71_robot1_finallocstick71_rpmanipulate_stick66_stick67_gripper1_layer15_layer16,lift,,,True,3666.26
1053,MoveToLL,MoveToLL_moveToRobotPos_StackOnTwoML_stick71_robot1_finallocstick71_rpmanipulate_stick66_stick67_gripper1_layer15_layer16,plannedj,rpmanipulate,,True,6131.74
1054,MoveToLL,MoveToLL_moveToTarget_TravelML_robot1_rpmanipulate_rppickup_dup79,plannedj,rppickup,,True,11329.44
1055,MoveToLL,MoveToLL_moveToPickPosition_PickUpML_stick70_initlocstick70_robot1_gripper1_rppickup,plannedl,initlocstick70,,True,4536.82
1056,CloseGripperLL,CloseGripperLL_closeGripper_PickUpML_stick70_initlocstick70_robot1_gripper1_rppickup,close_gripper,,,True,1870.77
1057,MoveToLL,MoveToLL_moveToRetract_PickUpML_stick70_initlocstick70_robot1_gripper1_rppickup,plannedl,rppickup,,True,3881.41
1058,MoveToLL,MoveToLL_moveToTarget_TravelML_robot1_rppickup_rpmanipulate_dup87,plannedj,rpmanipulate,,True,11447.22
1059,MoveToLL,MoveToLL_moveToStackPos_StackOnTwoML_stick70_robot1_finallocstick70_rpmanipulate_stick66_stick65_gripper1_layer15_layer16,plannedj,finallocstick70,,True,6794.41
1060,OpenGripperLL,OpenGripperLL_openGripper_StackOnTwoML_stick70_robot1_finallocstick70_rpmanipulate_stick66_stick65_gripper1_layer15_layer16,open_gripper,,,True,1744.04
1061,LiftLL,LiftLL_liftAfterStack_StackOnTwoML_stick70_robot1_finallocstick70_rpmanipulate_stick66_stick65_gripper1_layer15_layer16,lift,,,True,3689.62
1062,MoveToLL,MoveToLL_moveToRobotPos_StackOnTwoML_stick70_robot1_finallocstick70_rpmanipulate_stick66_stick65_gripper1_layer15_layer16,plannedj,rpmanipulate,,True,6399.46
1063,MoveToLL,MoveToLL_moveToTarget_TravelML_robot1_rpmanipulate_rppickup_dup80,plannedj,rppickup,,True,11612.15
1064,MoveToLL,MoveToLL_moveToPickPosition_PickUpML_stick72_initlocstick72_robot1_gripper1_rppickup,plannedl,initlocstick72,,True,4249.80
1065,CloseGripperLL,CloseGripperLL_closeGripper_PickUpML_stick72_initlocstick72_robot1_gripper1_rppickup,close_gripper,,,True,1776.05
1066,MoveToLL,MoveToLL_moveToRetract_PickUpML_stick72_initlocstick72_robot1_gripper1_rppickup,plannedl,rppickup,,True,3861.98
1067,MoveToLL,MoveToLL_moveToTarget_TravelML_robot1_rppickup_rpmanipulate_dup88,plannedj,rpmanipulate,,True,11486.57
1068,MoveToLL,MoveToLL_moveToStackPos_StackOnTwoML_stick72_robot1_finallocstick72_rpmanipulate_stick67_stick68_gripper1_layer15_layer16,plannedj,finallocstick72,,True,5932.03
1069,OpenGripperLL,OpenGripperLL_openGripper_StackOnTwoML_stick72_robot1_finallocstick72_rpmanipulate_stick67_stick68_gripper1_layer15_layer16,open_gripper,,,True,1832.52
1070,LiftLL,LiftLL_liftAfterStack_StackOnTwoML_stick72_robot1_finallocstick72_rpmanipulate_stick67_stick68_gripper1_layer15_layer16,lift,,,True,3719.74
1071,MoveToLL,MoveToLL_moveToRobotPos_StackOnTwoML_stick72_robot1_finallocstick72_rpmanipulate_stick67_stick68_gripper1_layer15_layer16,plannedj,rpmanipulate,,True,5721.39
1072,MoveToLL,MoveToLL_moveToTarget_TravelML_robot1_rpmanipulate_rptoolchange_dup19,plannedj,rptoolchange,,True,5166.60
1073,DeequipToolLL,DeequipToolLL_deequipTool_DeequipML_robot1_gripper1_equiplocgripper_rptoolchange_dup10,play_program,,,True,21687.08
1074,EquipToolLL,EquipToolLL_equipTool_EquipeML_robot1_staplergun1_rptoolchange_equiplocstapler_dup10,play_program,,,True,10336.78
1075,MoveToLL,MoveToLL_moveToTarget_TravelML_robot1_rptoolchange_rpmanipulate_dup10,plannedj,rpmanipulate,,True,5375.78
1076,NailingLL,NailingLL_moveToNailPos_NailingML_cube15_stick64_robot1_staplergun1_rpmanipulate,movej,unknown,,True,9643.58
1077,PushDownLL,PushDownLL_pushDown_NailingML_cube15_stick64_robot1_staplergun1_rpmanipulate,lift,,,True,1618.09
1078,LiftLL,LiftLL_liftAfterNail_NailingML_cube15_stick64_robot1_staplergun1_rpmanipulate,lift,,,True,4060.59
1079,NailingLL,NailingLL_moveToNailPos_NailingML_stick69_stick64_robot1_staplergun1_rpmanipulate,movej,unknown,,True,5013.41
1080,PushDownLL,PushDownLL_pushDown_NailingML_stick69_stick64_robot1_staplergun1_rpmanipulate,lift,,,True,1937.25
1081,LiftLL,LiftLL_liftAfterNail_NailingML_stick69_stick64_robot1_staplergun1_rpmanipulate,lift,,,True,4053.98
1082,NailingLL,NailingLL_moveToNailPos_NailingML_stick69_stick65_robot1_staplergun1_rpmanipulate,movej,unknown,,True,6265.30
1083,PushDownLL,PushDownLL_pushDown_NailingML_stick69_stick65_robot1_staplergun1_rpmanipulate,lift,,,True,1957.06
1084,LiftLL,LiftLL_liftAfterNail_NailingML_stick69_stick65_robot1_staplergun1_rpmanipulate,lift,,,True,4026.11
1085,NailingLL,NailingLL_moveToNailPos_NailingML_stick70_stick65_robot1_staplergun1_rpmanipulate,movej,unknown,,True,5847.50
1086,PushDownLL,PushDownLL_pushDown_NailingML_stick70_stick65_robot1_staplergun1_rpmanipulate,lift,,,True,1496.35
1087,LiftLL,LiftLL_liftAfterNail_NailingML_stick70_stick65_robot1_staplergun1_rpmanipulate,lift,,,True,4062.31
1088,NailingLL,NailingLL_moveToNailPos_NailingML_stick70_stick66_robot1_staplergun1_rpmanipulate,movej,unknown,,True,4827.43
1089,PushDownLL,PushDownLL_pushDown_NailingML_stick70_stick66_robot1_staplergun1_rpmanipulate,lift,,,True,1692.62
1090,LiftLL,LiftLL_liftAfterNail_NailingML_stick70_stick66_robot1_staplergun1_rpmanipulate,lift,,,True,4130.57
1091,NailingLL,NailingLL_moveToNailPos_NailingML_stick71_stick66_robot1_staplergun1_rpmanipulate,movej,unknown,,True,4403.66
1092,PushDownLL,PushDownLL_pushDown_NailingML_stick71_stick66_robot1_staplergun1_rpmanipulate,lift,,,True,1283.81
1093,LiftLL,LiftLL_liftAfterNail_NailingML_stick71_stick66_robot1_staplergun1_rpmanipulate,lift,,,True,4020.12
1094,NailingLL,NailingLL_moveToNailPos_NailingML_stick71_stick67_robot1_staplergun1_rpmanipulate,movej,unknown,,True,4269.96
1095,PushDownLL,PushDownLL_pushDown_NailingML_stick71_stick67_robot1_staplergun1_rpmanipulate,lift,,,True,1818.45
1096,LiftLL,LiftLL_liftAfterNail_NailingML_stick71_stick67_robot1_staplergun1_rpmanipulate,lift,,,True,4077.70
1097,NailingLL,NailingLL_moveToNailPos_NailingML_stick72_stick67_robot1_staplergun1_rpmanipulate,movej,unknown,,True,4337.14
1098,PushDownLL,PushDownLL_pushDown_NailingML_stick72_stick67_robot1_staplergun1_rpmanipulate,lift,,,True,1403.07
1099,LiftLL,LiftLL_liftAfterNail_NailingML_stick72_stick67_robot1_staplergun1_rpmanipulate,lift,,,True,4003.55
1100,NailingLL,NailingLL_moveToNailPos_NailingML_stick72_stick68_robot1_staplergun1_rpmanipulate,movej,unknown,,True,3910.54
1101,PushDownLL,PushDownLL_pushDown_NailingML_stick72_stick68_robot1_staplergun1_rpmanipulate,lift,,,True,1373.60
1102,LiftLL,LiftLL_liftAfterNail_NailingML_stick72_stick68_robot1_staplergun1_rpmanipulate,lift,,,True,4075.15
1103,MoveToLL,MoveToLL_moveToTarget_TravelML_robot1_rpmanipulate_rptoolchange_dup20,plannedj,rptoolchange,,True,6165.77
1104,DeequipToolLL,DeequipToolLL_deequipTool_DeequipML_robot1_staplergun1_equiplocstapler_rptoolchange_dup10,play_program,,,True,7721.35
1105,EquipToolLL,EquipToolLL_equipTool_EquipeML_robot1_gripper1_rptoolchange_equiplocgripper_dup10,play_program,,,True,21159.61
1106,MoveToLL,MoveToLL_moveToTarget_TravelML_robot1_rptoolchange_rppickup_dup10,plannedj,rppickup,,True,8072.71
1107,MoveToLL,MoveToLL_moveToPickPosition_PickUpML_stick73_initlocstick73_robot1_gripper1_rppickup,plannedl,initlocstick73,,True,4569.66
1108,CloseGripperLL,CloseGripperLL_closeGripper_PickUpML_stick73_initlocstick73_robot1_gripper1_rppickup,close_gripper,,,True,1785.75
1109,MoveToLL,MoveToLL_moveToRetract_PickUpML_stick73_initlocstick73_robot1_gripper1_rppickup,plannedl,rppickup,,True,4385.99
1110,MoveToLL,MoveToLL_moveToTarget_TravelML_robot1_rppickup_rpmanipulate_dup89,plannedj,rpmanipulate,,True,11123.73
1111,MoveToLL,MoveToLL_moveToStackPos_StackOnTwoML_stick73_robot1_finallocstick73_rpmanipulate_cube15_stick69_gripper1_layer16_layer17,plannedj,finallocstick73,,True,7399.64
1112,OpenGripperLL,OpenGripperLL_openGripper_StackOnTwoML_stick73_robot1_finallocstick73_rpmanipulate_cube15_stick69_gripper1_layer16_layer17,open_gripper,,,True,1982.74
1113,LiftLL,LiftLL_liftAfterStack_StackOnTwoML_stick73_robot1_finallocstick73_rpmanipulate_cube15_stick69_gripper1_layer16_layer17,lift,,,True,3706.14
1114,MoveToLL,MoveToLL_moveToRobotPos_StackOnTwoML_stick73_robot1_finallocstick73_rpmanipulate_cube15_stick69_gripper1_layer16_layer17,plannedj,rpmanipulate,,True,7190.06
1115,MoveToLL,MoveToLL_moveToTarget_TravelML_robot1_rpmanipulate_rppickup_dup81,plannedj,rppickup,,True,11435.62
1116,MoveToLL,MoveToLL_moveToPickPosition_PickUpML_stick74_initlocstick74_robot1_gripper1_rppickup,plannedl,initlocstick74,,True,3870.81
1117,CloseGripperLL,CloseGripperLL_closeGripper_PickUpML_stick74_initlocstick74_robot1_gripper1_rppickup,close_gripper,,,True,1816.45
1118,MoveToLL,MoveToLL_moveToRetract_PickUpML_stick74_initlocstick74_robot1_gripper1_rppickup,plannedl,rppickup,,True,3831.19
1119,MoveToLL,MoveToLL_moveToTarget_TravelML_robot1_rppickup_rpmanipulate_dup90,plannedj,rpmanipulate,,True,11019.82
1120,MoveToLL,MoveToLL_moveToStackPos_StackOnTwoML_stick74_robot1_finallocstick74_rpmanipulate_stick69_stick70_gripper1_layer16_layer17,plannedj,finallocstick74,,True,7103.28
1121,OpenGripperLL,OpenGripperLL_openGripper_StackOnTwoML_stick74_robot1_finallocstick74_rpmanipulate_stick69_stick70_gripper1_layer16_layer17,open_gripper,,,True,2077.86
1122,LiftLL,LiftLL_liftAfterStack_StackOnTwoML_stick74_robot1_finallocstick74_rpmanipulate_stick69_stick70_gripper1_layer16_layer17,lift,,,True,3714.43
1123,MoveToLL,MoveToLL_moveToRobotPos_StackOnTwoML_stick74_robot1_finallocstick74_rpmanipulate_stick69_stick70_gripper1_layer16_layer17,plannedj,rpmanipulate,,True,7035.68
1124,MoveToLL,MoveToLL_moveToTarget_TravelML_robot1_rpmanipulate_rppickup_dup82,plannedj,rppickup,,True,11006.80
1125,MoveToLL,MoveToLL_moveToPickPosition_PickUpML_stick76_initlocstick76_robot1_gripper1_rppickup,plannedl,initlocstick76,,True,4562.93
1126,CloseGripperLL,CloseGripperLL_closeGripper_PickUpML_stick76_initlocstick76_robot1_gripper1_rppickup,close_gripper,,,True,1743.76
1127,MoveToLL,MoveToLL_moveToRetract_PickUpML_stick76_initlocstick76_robot1_gripper1_rppickup,plannedl,rppickup,,True,3846.95
1128,MoveToLL,MoveToLL_moveToTarget_TravelML_robot1_rppickup_rpmanipulate_dup91,plannedj,rpmanipulate,,True,11039.37
1129,MoveToLL,MoveToLL_moveToStackPos_StackOnTwoML_stick76_robot1_finallocstick76_rpmanipulate_stick72_stick71_gripper1_layer16_layer17,plannedj,finallocstick76,,True,6235.42
1130,OpenGripperLL,OpenGripperLL_openGripper_StackOnTwoML_stick76_robot1_finallocstick76_rpmanipulate_stick72_stick71_gripper1_layer16_layer17,open_gripper,,,True,1610.20
1131,LiftLL,LiftLL_liftAfterStack_StackOnTwoML_stick76_robot1_finallocstick76_rpmanipulate_stick72_stick71_gripper1_layer16_layer17,lift,,,True,3731.77
1132,MoveToLL,MoveToLL_moveToRobotPos_StackOnTwoML_stick76_robot1_finallocstick76_rpmanipulate_stick72_stick71_gripper1_layer16_layer17,plannedj,rpmanipulate,,True,5836.91
1133,MoveToLL,MoveToLL_moveToTarget_TravelML_robot1_rpmanipulate_rppickup_dup83,plannedj,rppickup,,True,10918.11
1134,MoveToLL,MoveToLL_moveToPickPosition_PickUpML_cube16_initloccube16_robot1_gripper1_rppickup,plannedl,initloccube16,,True,3886.36
1135,CloseGripperLL,CloseGripperLL_closeGripper_PickUpML_cube16_initloccube16_robot1_gripper1_rppickup,close_gripper,,,True,1709.24
1136,MoveToLL,MoveToLL_moveToRetract_PickUpML_cube16_initloccube16_robot1_gripper1_rppickup,plannedl,rppickup,,True,3897.55
1137,MoveToLL,MoveToLL_moveToTarget_TravelML_robot1_rppickup_rpmanipulate_dup92,plannedj,rpmanipulate,,True,11291.32
1138,MoveToLL,MoveToLL_moveToStackPos_StackML_cube16_stick73_robot1_gripper1_finalloccube16_rpmanipulate,plannedj,finalloccube16,,True,7236.01
1139,OpenGripperLL,OpenGripperLL_openGripper_StackML_cube16_stick73_robot1_gripper1_finalloccube16_rpmanipulate,open_gripper,,,True,2077.01
1140,LiftLL,LiftLL_liftAfterStack_StackML_cube16_stick73_robot1_gripper1_finalloccube16_rpmanipulate,lift,,,True,3697.88
1141,MoveToLL,MoveToLL_moveToRobotPosition_StackML_cube16_stick73_robot1_gripper1_finalloccube16_rpmanipulate,plannedj,rpmanipulate,,True,6929.07
1142,MoveToLL,MoveToLL_moveToTarget_TravelML_robot1_rpmanipulate_rppickup_dup84,plannedj,rppickup,,True,11087.13
1143,MoveToLL,MoveToLL_moveToPickPosition_PickUpML_stick75_initlocstick75_robot1_gripper1_rppickup,plannedl,initlocstick75,,True,4613.01
1144,CloseGripperLL,CloseGripperLL_closeGripper_PickUpML_stick75_initlocstick75_robot1_gripper1_rppickup,close_gripper,,,True,1678.48
1145,MoveToLL,MoveToLL_moveToRetract_PickUpML_stick75_initlocstick75_robot1_gripper1_rppickup,plannedl,rppickup,,True,3945.86
1146,MoveToLL,MoveToLL_moveToTarget_TravelML_robot1_rppickup_rpmanipulate_dup93,plannedj,rpmanipulate,,True,11733.73
1147,MoveToLL,MoveToLL_moveToStackPos_StackOnTwoML_stick75_robot1_finallocstick75_rpmanipulate_stick70_stick71_gripper1_layer16_layer17,plannedj,finallocstick75,,True,6297.05
1148,OpenGripperLL,OpenGripperLL_openGripper_StackOnTwoML_stick75_robot1_finallocstick75_rpmanipulate_stick70_stick71_gripper1_layer16_layer17,open_gripper,,,True,2104.55
1149,LiftLL,LiftLL_liftAfterStack_StackOnTwoML_stick75_robot1_finallocstick75_rpmanipulate_stick70_stick71_gripper1_layer16_layer17,lift,,,True,3706.61
1150,MoveToLL,MoveToLL_moveToRobotPos_StackOnTwoML_stick75_robot1_finallocstick75_rpmanipulate_stick70_stick71_gripper1_layer16_layer17,plannedj,rpmanipulate,,True,6225.32
1151,MoveToLL,MoveToLL_moveToTarget_TravelML_robot1_rpmanipulate_rppickup_dup85,plannedj,rppickup,,True,11305.03
1152,MoveToLL,MoveToLL_moveToPickPosition_PickUpML_stick77_initlocstick77_robot1_gripper1_rppickup,plannedl,initlocstick77,,True,3880.69
1153,CloseGripperLL,CloseGripperLL_closeGripper_PickUpML_stick77_initlocstick77_robot1_gripper1_rppickup,close_gripper,,,True,1689.69
1154,MoveToLL,MoveToLL_moveToRetract_PickUpML_stick77_initlocstick77_robot1_gripper1_rppickup,plannedl,rppickup,,True,3900.38
1155,MoveToLL,MoveToLL_moveToTarget_TravelML_robot1_rppickup_rpmanipulate_dup94,plannedj,rpmanipulate,,True,11078.02
1156,MoveToLL,MoveToLL_moveToStackPos_StackOnTwoML_stick77_robot1_finallocstick77_rpmanipulate_stick73_stick74_gripper1_layer17_layer18,plannedj,finallocstick77,,True,7448.72
1157,OpenGripperLL,OpenGripperLL_openGripper_StackOnTwoML_stick77_robot1_finallocstick77_rpmanipulate_stick73_stick74_gripper1_layer17_layer18,open_gripper,,,True,1855.73
1158,LiftLL,LiftLL_liftAfterStack_StackOnTwoML_stick77_robot1_finallocstick77_rpmanipulate_stick73_stick74_gripper1_layer17_layer18,lift,,,True,3716.96
1159,MoveToLL,MoveToLL_moveToRobotPos_StackOnTwoML_stick77_robot1_finallocstick77_rpmanipulate_stick73_stick74_gripper1_layer17_layer18,plannedj,rpmanipulate,,True,7401.05
1160,MoveToLL,MoveToLL_moveToTarget_TravelML_robot1_rpmanipulate_rppickup_dup86,plannedj,rppickup,,True,11479.24
1161,MoveToLL,MoveToLL_moveToPickPosition_PickUpML_stick78_initlocstick78_robot1_gripper1_rppickup,plannedl,initlocstick78,,True,3884.66
1162,CloseGripperLL,CloseGripperLL_closeGripper_PickUpML_stick78_initlocstick78_robot1_gripper1_rppickup,close_gripper,,,True,1756.43
1163,MoveToLL,MoveToLL_moveToRetract_PickUpML_stick78_initlocstick78_robot1_gripper1_rppickup,plannedl,rppickup,,True,3920.25
1164,MoveToLL,MoveToLL_moveToTarget_TravelML_robot1_rppickup_rpmanipulate_dup95,plannedj,rpmanipulate,,True,11722.58
1165,MoveToLL,MoveToLL_moveToStackPos_StackOnTwoML_stick78_robot1_finallocstick78_rpmanipulate_stick74_stick75_gripper1_layer17_layer18,plannedj,finallocstick78,,True,6329.02
1166,OpenGripperLL,OpenGripperLL_openGripper_StackOnTwoML_stick78_robot1_finallocstick78_rpmanipulate_stick74_stick75_gripper1_layer17_layer18,open_gripper,,,True,1736.62
1167,LiftLL,LiftLL_liftAfterStack_StackOnTwoML_stick78_robot1_finallocstick78_rpmanipulate_stick74_stick75_gripper1_layer17_layer18,lift,,,True,3659.29
1168,MoveToLL,MoveToLL_moveToRobotPos_StackOnTwoML_stick78_robot1_finallocstick78_rpmanipulate_stick74_stick75_gripper1_layer17_layer18,plannedj,rpmanipulate,,True,6166.45
1169,MoveToLL,MoveToLL_moveToTarget_TravelML_robot1_rpmanipulate_rppickup_dup87,plannedj,rppickup,,True,10901.14
1170,MoveToLL,MoveToLL_moveToPickPosition_PickUpML_stick79_initlocstick79_robot1_gripper1_rppickup,plannedl,initlocstick79,,True,3921.78
1171,CloseGripperLL,CloseGripperLL_closeGripper_PickUpML_stick79_initlocstick79_robot1_gripper1_rppickup,close_gripper,,,True,1760.99
1172,MoveToLL,MoveToLL_moveToRetract_PickUpML_stick79_initlocstick79_robot1_gripper1_rppickup,plannedl,rppickup,,True,3889.77
1173,MoveToLL,MoveToLL_moveToTarget_TravelML_robot1_rppickup_rpmanipulate_dup96,plannedj,rpmanipulate,,True,11054.56
1174,MoveToLL,MoveToLL_moveToStackPos_StackOnTwoML_stick79_robot1_finallocstick79_rpmanipulate_stick76_stick75_gripper1_layer17_layer18,plannedj,finallocstick79,,True,6365.51
1175,OpenGripperLL,OpenGripperLL_openGripper_StackOnTwoML_stick79_robot1_finallocstick79_rpmanipulate_stick76_stick75_gripper1_layer17_layer18,open_gripper,,,True,2222.87
1176,LiftLL,LiftLL_liftAfterStack_StackOnTwoML_stick79_robot1_finallocstick79_rpmanipulate_stick76_stick75_gripper1_layer17_layer18,lift,,,True,3692.62
1177,MoveToLL,MoveToLL_moveToRobotPos_StackOnTwoML_stick79_robot1_finallocstick79_rpmanipulate_stick76_stick75_gripper1_layer17_layer18,plannedj,rpmanipulate,,True,6166.86
1178,MoveToLL,MoveToLL_moveToTarget_TravelML_robot1_rpmanipulate_rptoolchange_dup21,plannedj,rptoolchange,,True,5504.24
1179,DeequipToolLL,DeequipToolLL_deequipTool_DeequipML_robot1_gripper1_equiplocgripper_rptoolchange_dup11,play_program,,,True,21618.76
1180,EquipToolLL,EquipToolLL_equipTool_EquipeML_robot1_staplergun1_rptoolchange_equiplocstapler_dup11,play_program,,,True,10424.93
1181,MoveToLL,MoveToLL_moveToTarget_TravelML_robot1_rptoolchange_rpmanipulate_dup11,plannedj,rpmanipulate,,True,5299.45
1182,NailingLL,NailingLL_moveToNailPos_NailingML_cube16_stick73_robot1_staplergun1_rpmanipulate,movej,unknown,,True,9371.24
1183,PushDownLL,PushDownLL_pushDown_NailingML_cube16_stick73_robot1_staplergun1_rpmanipulate,lift,,,True,1848.85
1184,LiftLL,LiftLL_liftAfterNail_NailingML_cube16_stick73_robot1_staplergun1_rpmanipulate,lift,,,True,4011.49
1185,NailingLL,NailingLL_moveToNailPos_NailingML_stick77_stick73_robot1_staplergun1_rpmanipulate,movej,unknown,,True,5305.85
1186,PushDownLL,PushDownLL_pushDown_NailingML_stick77_stick73_robot1_staplergun1_rpmanipulate,lift,,,True,1245.58
1187,LiftLL,LiftLL_liftAfterNail_NailingML_stick77_stick73_robot1_staplergun1_rpmanipulate,lift,,,True,4074.35
1188,NailingLL,NailingLL_moveToNailPos_NailingML_stick77_stick74_robot1_staplergun1_rpmanipulate,movej,unknown,,True,6230.53
1189,PushDownLL,PushDownLL_pushDown_NailingML_stick77_stick74_robot1_staplergun1_rpmanipulate,lift,,,True,1840.39
1190,LiftLL,LiftLL_liftAfterNail_NailingML_stick77_stick74_robot1_staplergun1_rpmanipulate,lift,,,True,4063.82
1191,NailingLL,NailingLL_moveToNailPos_NailingML_stick78_stick74_robot1_staplergun1_rpmanipulate,movej,unknown,,True,5668.77
1192,PushDownLL,PushDownLL_pushDown_NailingML_stick78_stick74_robot1_staplergun1_rpmanipulate,lift,,,True,1513.95
1193,LiftLL,LiftLL_liftAfterNail_NailingML_stick78_stick74_robot1_staplergun1_rpmanipulate,lift,,,True,4070.76
1194,NailingLL,NailingLL_moveToNailPos_NailingML_stick78_stick75_robot1_staplergun1_rpmanipulate,movej,unknown,,True,4964.65
1195,PushDownLL,PushDownLL_pushDown_NailingML_stick78_stick75_robot1_staplergun1_rpmanipulate,lift,,,True,1627.37
1196,LiftLL,LiftLL_liftAfterNail_NailingML_stick78_stick75_robot1_staplergun1_rpmanipulate,lift,,,True,4103.89
1197,NailingLL,NailingLL_moveToNailPos_NailingML_stick79_stick75_robot1_staplergun1_rpmanipulate,movej,unknown,,True,4545.49
1198,PushDownLL,PushDownLL_pushDown_NailingML_stick79_stick75_robot1_staplergun1_rpmanipulate,lift,,,True,1927.10
1199,LiftLL,LiftLL_liftAfterNail_NailingML_stick79_stick75_robot1_staplergun1_rpmanipulate,lift,,,True,4053.28
1200,NailingLL,NailingLL_moveToNailPos_NailingML_stick79_stick76_robot1_staplergun1_rpmanipulate,movej,unknown,,True,4886.95
1201,PushDownLL,PushDownLL_pushDown_NailingML_stick79_stick76_robot1_staplergun1_rpmanipulate,lift,,,True,1758.85
1202,LiftLL,LiftLL_liftAfterNail_NailingML_stick79_stick76_robot1_staplergun1_rpmanipulate,lift,,,True,4128.14
1203,MoveToLL,MoveToLL_moveToTarget_TravelML_robot1_rpmanipulate_rptoolchange_dup22,plannedj,rptoolchange,,True,5656.61
1204,DeequipToolLL,DeequipToolLL_deequipTool_DeequipML_robot1_staplergun1_equiplocstapler_rptoolchange_dup11,play_program,,,True,7876.49
1205,EquipToolLL,EquipToolLL_equipTool_EquipeML_robot1_gripper1_rptoolchange_equiplocgripper_dup11,play_program,,,True,21609.44
1206,MoveToLL,MoveToLL_moveToTarget_TravelML_robot1_rptoolchange_rppickup_dup11,plannedj,rppickup,,True,7845.92
1207,MoveToLL,MoveToLL_moveToPickPosition_PickUpML_stick81_initlocstick81_robot1_gripper1_rppickup,plannedl,initlocstick81,,True,3872.26
1208,CloseGripperLL,CloseGripperLL_closeGripper_PickUpML_stick81_initlocstick81_robot1_gripper1_rppickup,close_gripper,,,True,1820.09
1209,MoveToLL,MoveToLL_moveToRetract_PickUpML_stick81_initlocstick81_robot1_gripper1_rppickup,plannedl,rppickup,,True,3957.67
1210,MoveToLL,MoveToLL_moveToTarget_TravelML_robot1_rppickup_rpmanipulate_dup97,plannedj,rpmanipulate,,True,11700.59
1211,MoveToLL,MoveToLL_moveToStackPos_StackOnTwoML_stick81_robot1_finallocstick81_rpmanipulate_stick77_stick78_gripper1_layer18_layer19,plannedj,finallocstick81,,True,7206.30
1212,OpenGripperLL,OpenGripperLL_openGripper_StackOnTwoML_stick81_robot1_finallocstick81_rpmanipulate_stick77_stick78_gripper1_layer18_layer19,open_gripper,,,True,2131.36
1213,LiftLL,LiftLL_liftAfterStack_StackOnTwoML_stick81_robot1_finallocstick81_rpmanipulate_stick77_stick78_gripper1_layer18_layer19,lift,,,True,3690.57
1214,MoveToLL,MoveToLL_moveToRobotPos_StackOnTwoML_stick81_robot1_finallocstick81_rpmanipulate_stick77_stick78_gripper1_layer18_layer19,plannedj,rpmanipulate,,True,6678.35
1215,MoveToLL,MoveToLL_moveToTarget_TravelML_robot1_rpmanipulate_rppickup_dup88,plannedj,rppickup,,True,11258.52
1216,MoveToLL,MoveToLL_moveToPickPosition_PickUpML_stick80_initlocstick80_robot1_gripper1_rppickup,plannedl,initlocstick80,,True,3908.82
1217,CloseGripperLL,CloseGripperLL_closeGripper_PickUpML_stick80_initlocstick80_robot1_gripper1_rppickup,close_gripper,,,True,1750.30
1218,MoveToLL,MoveToLL_moveToRetract_PickUpML_stick80_initlocstick80_robot1_gripper1_rppickup,plannedl,rppickup,,True,3887.42
1219,MoveToLL,MoveToLL_moveToTarget_TravelML_robot1_rppickup_rpmanipulate_dup98,plannedj,rpmanipulate,,True,11613.67
1220,MoveToLL,MoveToLL_moveToStackPos_StackOnTwoML_stick80_robot1_finallocstick80_rpmanipulate_cube16_stick77_gripper1_layer18_layer19,plannedj,finallocstick80,,True,7448.61
1221,OpenGripperLL,OpenGripperLL_openGripper_StackOnTwoML_stick80_robot1_finallocstick80_rpmanipulate_cube16_stick77_gripper1_layer18_layer19,open_gripper,,,True,1927.53
1222,LiftLL,LiftLL_liftAfterStack_StackOnTwoML_stick80_robot1_finallocstick80_rpmanipulate_cube16_stick77_gripper1_layer18_layer19,lift,,,True,3716.50
1223,MoveToLL,MoveToLL_moveToRobotPos_StackOnTwoML_stick80_robot1_finallocstick80_rpmanipulate_cube16_stick77_gripper1_layer18_layer19,plannedj,rpmanipulate,,True,7211.26
1224,MoveToLL,MoveToLL_moveToTarget_TravelML_robot1_rpmanipulate_rppickup_dup89,plannedj,rppickup,,True,11077.36
1225,MoveToLL,MoveToLL_moveToPickPosition_PickUpML_cube17_initloccube17_robot1_gripper1_rppickup,plannedl,initloccube17,,True,3878.54
1226,CloseGripperLL,CloseGripperLL_closeGripper_PickUpML_cube17_initloccube17_robot1_gripper1_rppickup,close_gripper,,,True,1798.69
1227,MoveToLL,MoveToLL_moveToRetract_PickUpML_cube17_initloccube17_robot1_gripper1_rppickup,plannedl,rppickup,,True,3908.90
1228,MoveToLL,MoveToLL_moveToTarget_TravelML_robot1_rppickup_rpmanipulate_dup99,plannedj,rpmanipulate,,True,11710.85
1229,MoveToLL,MoveToLL_moveToStackPos_StackML_cube17_stick80_robot1_gripper1_finalloccube17_rpmanipulate,plannedj,finalloccube17,,True,7316.57
1230,OpenGripperLL,OpenGripperLL_openGripper_StackML_cube17_stick80_robot1_gripper1_finalloccube17_rpmanipulate,open_gripper,,,True,2049.07
1231,LiftLL,LiftLL_liftAfterStack_StackML_cube17_stick80_robot1_gripper1_finalloccube17_rpmanipulate,lift,,,True,3690.60
1232,MoveToLL,MoveToLL_moveToRobotPosition_StackML_cube17_stick80_robot1_gripper1_finalloccube17_rpmanipulate,plannedj,rpmanipulate,,True,6726.56
1233,MoveToLL,MoveToLL_moveToTarget_TravelML_robot1_rpmanipulate_rppickup_dup90,plannedj,rppickup,,True,11169.28
1234,MoveToLL,MoveToLL_moveToPickPosition_PickUpML_stick82_initlocstick82_robot1_gripper1_rppickup,plannedl,initlocstick82,,True,3892.19
1235,CloseGripperLL,CloseGripperLL_closeGripper_PickUpML_stick82_initlocstick82_robot1_gripper1_rppickup,close_gripper,,,True,1785.48
1236,MoveToLL,MoveToLL_moveToRetract_PickUpML_stick82_initlocstick82_robot1_gripper1_rppickup,plannedl,rppickup,,True,3931.90
1237,MoveToLL,MoveToLL_moveToTarget_TravelML_robot1_rppickup_rpmanipulate_dup100,plannedj,rpmanipulate,,True,11705.11
1238,MoveToLL,MoveToLL_moveToStackPos_StackOnTwoML_stick82_robot1_finallocstick82_rpmanipulate_stick79_stick78_gripper1_layer18_layer19,plannedj,finallocstick82,,True,6394.76
1239,OpenGripperLL,OpenGripperLL_openGripper_StackOnTwoML_stick82_robot1_finallocstick82_rpmanipulate_stick79_stick78_gripper1_layer18_layer19,open_gripper,,,True,2175.44
1240,LiftLL,LiftLL_liftAfterStack_StackOnTwoML_stick82_robot1_finallocstick82_rpmanipulate_stick79_stick78_gripper1_layer18_layer19,lift,,,True,3695.56
1241,MoveToLL,MoveToLL_moveToRobotPos_StackOnTwoML_stick82_robot1_finallocstick82_rpmanipulate_stick79_stick78_gripper1_layer18_layer19,plannedj,rpmanipulate,,True,6227.72
1242,MoveToLL,MoveToLL_moveToTarget_TravelML_robot1_rpmanipulate_rppickup_dup91,plannedj,rppickup,,True,11592.43
1243,MoveToLL,MoveToLL_moveToPickPosition_PickUpML_stick83_initlocstick83_robot1_gripper1_rppickup,plannedl,initlocstick83,,True,4026.42
1244,CloseGripperLL,CloseGripperLL_closeGripper_PickUpML_stick83_initlocstick83_robot1_gripper1_rppickup,close_gripper,,,True,1800.04
1245,MoveToLL,MoveToLL_moveToRetract_PickUpML_stick83_initlocstick83_robot1_gripper1_rppickup,plannedl,rppickup,,True,3879.82
1246,MoveToLL,MoveToLL_moveToTarget_TravelML_robot1_rppickup_rpmanipulate_dup101,plannedj,rpmanipulate,,True,11650.29
1247,MoveToLL,MoveToLL_moveToStackPos_StackOnTwoML_stick83_robot1_finallocstick83_rpmanipulate_stick81_stick80_gripper1_layer19_layer20,plannedj,finallocstick83,,True,7216.41
1248,OpenGripperLL,OpenGripperLL_openGripper_StackOnTwoML_stick83_robot1_finallocstick83_rpmanipulate_stick81_stick80_gripper1_layer19_layer20,open_gripper,,,True,1924.44
1249,LiftLL,LiftLL_liftAfterStack_StackOnTwoML_stick83_robot1_finallocstick83_rpmanipulate_stick81_stick80_gripper1_layer19_layer20,lift,,,True,3702.71
1250,MoveToLL,MoveToLL_moveToRobotPos_StackOnTwoML_stick83_robot1_finallocstick83_rpmanipulate_stick81_stick80_gripper1_layer19_layer20,plannedj,rpmanipulate,,True,7264.07
1251,MoveToLL,MoveToLL_moveToTarget_TravelML_robot1_rpmanipulate_rppickup_dup92,plannedj,rppickup,,True,11096.99
1252,MoveToLL,MoveToLL_moveToPickPosition_PickUpML_stick84_initlocstick84_robot1_gripper1_rppickup,plannedl,initlocstick84,,True,3878.51
1253,CloseGripperLL,CloseGripperLL_closeGripper_PickUpML_stick84_initlocstick84_robot1_gripper1_rppickup,close_gripper,,,True,1787.23
1254,MoveToLL,MoveToLL_moveToRetract_PickUpML_stick84_initlocstick84_robot1_gripper1_rppickup,plannedl,rppickup,,True,3926.79
1255,MoveToLL,MoveToLL_moveToTarget_TravelML_robot1_rppickup_rpmanipulate_dup102,plannedj,rpmanipulate,,True,11024.04
1256,MoveToLL,MoveToLL_moveToStackPos_StackOnTwoML_stick84_robot1_finallocstick84_rpmanipulate_stick82_stick81_gripper1_layer19_layer20,plannedj,finallocstick84,,True,6670.19
1257,OpenGripperLL,OpenGripperLL_openGripper_StackOnTwoML_stick84_robot1_finallocstick84_rpmanipulate_stick82_stick81_gripper1_layer19_layer20,open_gripper,,,True,1842.58
1258,LiftLL,LiftLL_liftAfterStack_StackOnTwoML_stick84_robot1_finallocstick84_rpmanipulate_stick82_stick81_gripper1_layer19_layer20,lift,,,True,3673.91
1259,MoveToLL,MoveToLL_moveToRobotPos_StackOnTwoML_stick84_robot1_finallocstick84_rpmanipulate_stick82_stick81_gripper1_layer19_layer20,plannedj,rpmanipulate,,True,6426.24
1260,MoveToLL,MoveToLL_moveToTarget_TravelML_robot1_rpmanipulate_rptoolchange_dup23,plannedj,rptoolchange,,True,4962.66
1261,DeequipToolLL,DeequipToolLL_deequipTool_DeequipML_robot1_gripper1_equiplocgripper_rptoolchange_dup12,play_program,,,True,21721.11
1262,EquipToolLL,EquipToolLL_equipTool_EquipeML_robot1_staplergun1_rptoolchange_equiplocstapler_dup12,play_program,,,True,10359.26
1263,MoveToLL,MoveToLL_moveToTarget_TravelML_robot1_rptoolchange_rpmanipulate_dup12,plannedj,rpmanipulate,,True,5209.41
1264,NailingLL,NailingLL_moveToNailPos_NailingML_cube17_stick80_robot1_staplergun1_rpmanipulate,movej,unknown,,True,9258.28
1265,PushDownLL,PushDownLL_pushDown_NailingML_cube17_stick80_robot1_staplergun1_rpmanipulate,lift,,,True,1902.77
1266,LiftLL,LiftLL_liftAfterNail_NailingML_cube17_stick80_robot1_staplergun1_rpmanipulate,lift,,,True,4072.10
1267,NailingLL,NailingLL_moveToNailPos_NailingML_stick83_stick80_robot1_staplergun1_rpmanipulate,movej,unknown,,True,5224.16
1268,PushDownLL,PushDownLL_pushDown_NailingML_stick83_stick80_robot1_staplergun1_rpmanipulate,lift,,,True,1237.76
1269,LiftLL,LiftLL_liftAfterNail_NailingML_stick83_stick80_robot1_staplergun1_rpmanipulate,lift,,,True,4042.86
1270,NailingLL,NailingLL_moveToNailPos_NailingML_stick83_stick81_robot1_staplergun1_rpmanipulate,movej,unknown,,True,6331.68
1271,PushDownLL,PushDownLL_pushDown_NailingML_stick83_stick81_robot1_staplergun1_rpmanipulate,lift,,,True,1719.23
1272,LiftLL,LiftLL_liftAfterNail_NailingML_stick83_stick81_robot1_staplergun1_rpmanipulate,lift,,,True,4054.35
1273,NailingLL,NailingLL_moveToNailPos_NailingML_stick84_stick81_robot1_staplergun1_rpmanipulate,movej,unknown,,True,5619.74
1274,PushDownLL,PushDownLL_pushDown_NailingML_stick84_stick81_robot1_staplergun1_rpmanipulate,lift,,,True,1617.29
1275,LiftLL,LiftLL_liftAfterNail_NailingML_stick84_stick81_robot1_staplergun1_rpmanipulate,lift,,,True,4072.93
1276,NailingLL,NailingLL_moveToNailPos_NailingML_stick84_stick82_robot1_staplergun1_rpmanipulate,movej,unknown,,True,4721.52
1277,PushDownLL,PushDownLL_pushDown_NailingML_stick84_stick82_robot1_staplergun1_rpmanipulate,lift,,,True,1695.98
1278,LiftLL,LiftLL_liftAfterNail_NailingML_stick84_stick82_robot1_staplergun1_rpmanipulate,lift,,,True,4201.25
1279,MoveToLL,MoveToLL_moveToTarget_TravelML_robot1_rpmanipulate_rptoolchange_dup24,plannedj,rptoolchange,,True,5582.22
1280,DeequipToolLL,DeequipToolLL_deequipTool_DeequipML_robot1_staplergun1_equiplocstapler_rptoolchange_dup12,play_program,,,True,7729.25
1281,EquipToolLL,EquipToolLL_equipTool_EquipeML_robot1_gripper1_rptoolchange_equiplocgripper_dup12,play_program,,,True,21153.88
1282,MoveToLL,MoveToLL_moveToTarget_TravelML_robot1_rptoolchange_rppickup_dup12,plannedj,rppickup,,True,8304.50
1283,MoveToLL,MoveToLL_moveToPickPosition_PickUpML_stick85_initlocstick85_robot1_gripper1_rppickup,plannedl,initlocstick85,,True,4123.76
1284,CloseGripperLL,CloseGripperLL_closeGripper_PickUpML_stick85_initlocstick85_robot1_gripper1_rppickup,close_gripper,,,True,1759.32
1285,MoveToLL,MoveToLL_moveToRetract_PickUpML_stick85_initlocstick85_robot1_gripper1_rppickup,plannedl,rppickup,,True,3906.07
1286,MoveToLL,MoveToLL_moveToTarget_TravelML_robot1_rppickup_rpmanipulate_dup103,plannedj,rpmanipulate,,True,11540.20
1287,MoveToLL,MoveToLL_moveToStackPos_StackOnTwoML_stick85_robot1_finallocstick85_rpmanipulate_stick83_cube17_gripper1_layer20_layer21,plannedj,finallocstick85,,True,7476.41
1288,OpenGripperLL,OpenGripperLL_openGripper_StackOnTwoML_stick85_robot1_finallocstick85_rpmanipulate_stick83_cube17_gripper1_layer20_layer21,open_gripper,,,True,1929.69
1289,LiftLL,LiftLL_liftAfterStack_StackOnTwoML_stick85_robot1_finallocstick85_rpmanipulate_stick83_cube17_gripper1_layer20_layer21,lift,,,True,3689.81
1290,MoveToLL,MoveToLL_moveToRobotPos_StackOnTwoML_stick85_robot1_finallocstick85_rpmanipulate_stick83_cube17_gripper1_layer20_layer21,plannedj,rpmanipulate,,True,7171.56
1291,MoveToLL,MoveToLL_moveToTarget_TravelML_robot1_rpmanipulate_rppickup_dup93,plannedj,rppickup,,True,10920.94
1292,MoveToLL,MoveToLL_moveToPickPosition_PickUpML_stick86_initlocstick86_robot1_gripper1_rppickup,plannedl,initlocstick86,,True,3878.65
1293,CloseGripperLL,CloseGripperLL_closeGripper_PickUpML_stick86_initlocstick86_robot1_gripper1_rppickup,close_gripper,,,True,1797.46
1294,MoveToLL,MoveToLL_moveToRetract_PickUpML_stick86_initlocstick86_robot1_gripper1_rppickup,plannedl,rppickup,,True,3875.90
1295,MoveToLL,MoveToLL_moveToTarget_TravelML_robot1_rppickup_rpmanipulate_dup104,plannedj,rpmanipulate,,True,11577.39
1296,MoveToLL,MoveToLL_moveToStackPos_StackOnTwoML_stick86_robot1_finallocstick86_rpmanipulate_stick84_stick83_gripper1_layer20_layer21,plannedj,finallocstick86,,True,6892.95
1297,OpenGripperLL,OpenGripperLL_openGripper_StackOnTwoML_stick86_robot1_finallocstick86_rpmanipulate_stick84_stick83_gripper1_layer20_layer21,open_gripper,,,True,2148.39
1298,LiftLL,LiftLL_liftAfterStack_StackOnTwoML_stick86_robot1_finallocstick86_rpmanipulate_stick84_stick83_gripper1_layer20_layer21,lift,,,True,3642.88
1299,MoveToLL,MoveToLL_moveToRobotPos_StackOnTwoML_stick86_robot1_finallocstick86_rpmanipulate_stick84_stick83_gripper1_layer20_layer21,plannedj,rpmanipulate,,True,7218.10
1300,MoveToLL,MoveToLL_moveToTarget_TravelML_robot1_rpmanipulate_rppickup_dup94,plannedj,rppickup,,True,10920.61
1301,MoveToLL,MoveToLL_moveToPickPosition_PickUpML_stick87_initlocstick87_robot1_gripper1_rppickup,plannedl,initlocstick87,,True,4166.51
1302,CloseGripperLL,CloseGripperLL_closeGripper_PickUpML_stick87_initlocstick87_robot1_gripper1_rppickup,close_gripper,,,True,1738.99
1303,MoveToLL,MoveToLL_moveToRetract_PickUpML_stick87_initlocstick87_robot1_gripper1_rppickup,plannedl,rppickup,,True,3855.67
1304,MoveToLL,MoveToLL_moveToTarget_TravelML_robot1_rppickup_rpmanipulate_dup105,plannedj,rpmanipulate,,True,11466.18
1305,MoveToLL,MoveToLL_moveToStackPos_StackOnTwoML_stick87_robot1_finallocstick87_rpmanipulate_stick85_stick86_gripper1_layer21_layer22,plannedj,finallocstick87,,True,7051.63
1306,OpenGripperLL,OpenGripperLL_openGripper_StackOnTwoML_stick87_robot1_finallocstick87_rpmanipulate_stick85_stick86_gripper1_layer21_layer22,open_gripper,,,True,2005.65
1307,LiftLL,LiftLL_liftAfterStack_StackOnTwoML_stick87_robot1_finallocstick87_rpmanipulate_stick85_stick86_gripper1_layer21_layer22,lift,,,True,3655.96
1308,MoveToLL,MoveToLL_moveToRobotPos_StackOnTwoML_stick87_robot1_finallocstick87_rpmanipulate_stick85_stick86_gripper1_layer21_layer22,plannedj,rpmanipulate,,True,7460.27
1309,MoveToLL,MoveToLL_moveToTarget_TravelML_robot1_rpmanipulate_rptoolchange_dup25,plannedj,rptoolchange,,True,5039.92
1310,DeequipToolLL,DeequipToolLL_deequipTool_DeequipML_robot1_gripper1_equiplocgripper_rptoolchange_dup13,play_program,,,True,21718.08
1311,EquipToolLL,EquipToolLL_equipTool_EquipeML_robot1_staplergun1_rptoolchange_equiplocstapler_dup13,play_program,,,True,10413.93
1312,MoveToLL,MoveToLL_moveToTarget_TravelML_robot1_rptoolchange_rpmanipulate_dup13,plannedj,rpmanipulate,,True,5069.28
1313,NailingLL,NailingLL_moveToNailPos_NailingML_stick87_stick85_robot1_staplergun1_rpmanipulate,movej,unknown,,True,8800.46
1314,PushDownLL,PushDownLL_pushDown_NailingML_stick87_stick85_robot1_staplergun1_rpmanipulate,lift,,,True,1645.16
1315,LiftLL,LiftLL_liftAfterNail_NailingML_stick87_stick85_robot1_staplergun1_rpmanipulate,lift,,,True,4098.75
1316,NailingLL,NailingLL_moveToNailPos_NailingML_stick87_stick86_robot1_staplergun1_rpmanipulate,movej,unknown,,True,5925.12
1317,PushDownLL,PushDownLL_pushDown_NailingML_stick87_stick86_robot1_staplergun1_rpmanipulate,lift,,,True,1674.00
1318,LiftLL,LiftLL_liftAfterNail_NailingML_stick87_stick86_robot1_staplergun1_rpmanipulate,lift,,,True,4008.44
