CmdNumber,IsSubStep,ParentCmdNumber,Timestamp,LLActionType,InstanceName,CommandType,TargetPosition,EndEffector,Velocity,Acceleration,Pose,Joints,Success,ExecTimeMs,PlanTimeMs,PointCount,NominalDurationSec,TotalTimeMs,GapFromPrevMs,PlanningInGapMs,BTOverheadMs,ParentMLAction,Error
1,False,,2026-05-29 16:58:44.716,MoveToLL,MoveToLL_moveToTarget_TravelML_robot1_rpmanipulate_rppickup,plannedj,rppickup,,1.00,1.00,"0.607360;-0.274802;0.339901;0.000000;-3.141590;0.000000","-0.128900;-1.540886;-1.932730;-1.238644;1.554514;-1.707900",True,1504.01,16.80,4,0.269,6145.62,0.00,0.00,0.00,,
2,False,,2026-05-29 16:58:50.921,MoveToLL,MoveToLL_moveToPickPosition_PickUpML_stick4_initlocstick4_robot1_gripper1_rppickup,plannedl,initlocstick4,,1.00,1.00,"0.599380;-0.283000;-0.009000;0.000000;-3.141590;0.000000","",True,3901.84,33.20,16,1.413,6104.88,59.02,0.00,59.02,,
3,False,,2026-05-29 16:58:57.055,CloseGripperLL,CloseGripperLL_closeGripper_PickUpML_stick4_initlocstick4_robot1_gripper1_rppickup,close_gripper,,,0.50,1.00,"","",True,1805.01,0.00,0,0.000,3828.40,29.29,0.00,29.29,,
4,False,,2026-05-29 16:59:00.913,MoveToLL,MoveToLL_moveToRetract_PickUpML_stick4_initlocstick4_robot1_gripper1_rppickup,plannedl,rppickup,,1.00,1.00,"0.607360;-0.274802;0.339901;0.000000;-3.141590;0.000000","-0.128900;-1.540886;-1.932730;-1.238644;1.554514;-1.707900",True,3909.85,15.30,16,1.400,6003.87,29.07,0.00,29.07,,
5,False,,2026-05-29 16:59:08.990,MoveToLL,MoveToLL_moveToTarget_TravelML_robot1_rppickup_rpmanipulate,plannedj,rpmanipulate,,1.00,1.00,"0.133776;0.348742;0.490041;0.000000;-3.141590;0.000000","1.656148;-0.959557;-2.051016;-1.701770;1.553554;1.650556",True,11554.30,14.87,51,4.916,13648.71,2073.28,0.00,2073.28,,
6,False,,2026-05-29 16:59:22.671,MoveToLL,MoveToLL_moveToStackPos_StackML_stick4_table1_robot1_gripper1_finallocstick4_rpmanipulate,plannedj,finallocstick4,,1.00,1.00,"0.001976;0.864944;-0.010000;0.000000;-3.141590;0.000000","",True,6432.17,16.59,25,2.336,8516.86,32.45,0.00,32.45,,
7,False,,2026-05-29 16:59:31.208,OpenGripperLL,OpenGripperLL_openGripper_StackML_stick4_table1_robot1_gripper1_finallocstick4_rpmanipulate,open_gripper,,,0.50,1.00,"","",True,2248.76,0.00,0,0.000,4276.54,20.53,0.00,20.53,,
8,False,,2026-05-29 16:59:35.501,LiftLL,LiftLL_liftAfterStack_StackML_stick4_table1_robot1_gripper1_finallocstick4_rpmanipulate,lift,,,0.50,1.00,"","",True,3711.19,0.00,0,0.000,5734.05,16.07,0.00,16.07,,
9,False,,2026-05-29 16:59:41.255,MoveToLL,MoveToLL_moveToRobotPosition_StackML_stick4_table1_robot1_gripper1_finallocstick4_rpmanipulate,plannedj,rpmanipulate,,1.00,1.00,"0.133776;0.348742;0.490041;0.000000;-3.141590;0.000000","1.656148;-0.959557;-2.051016;-1.701770;1.553554;1.650556",True,6127.50,15.72,25,2.335,8233.37,20.32,0.00,20.32,,
10,False,,2026-05-29 16:59:51.644,MoveToLL,MoveToLL_moveToTarget_TravelML_robot1_rpmanipulate_rppickup_dup2,plannedj,rppickup,,1.00,1.00,"0.607360;-0.274802;0.339901;0.000000;-3.141590;0.000000","-0.128900;-1.540886;-1.932730;-1.238644;1.554514;-1.707900",True,10934.15,16.29,50,4.859,13064.18,2155.19,0.00,2155.19,,
11,False,,2026-05-29 17:00:04.742,MoveToLL,MoveToLL_moveToPickPosition_PickUpML_stick5_initlocstick5_robot1_gripper1_rppickup,plannedl,initlocstick5,,1.00,1.00,"0.599380;-0.283000;-0.009000;0.000000;-3.141590;0.000000","",True,3874.37,24.01,16,1.421,5983.51,33.91,0.00,33.91,,
12,False,,2026-05-29 17:00:10.744,CloseGripperLL,CloseGripperLL_closeGripper_PickUpML_stick5_initlocstick5_robot1_gripper1_rppickup,close_gripper,,,0.50,1.00,"","",True,1833.87,0.00,0,0.000,3878.75,19.03,0.00,19.03,,
13,False,,2026-05-29 17:00:14.640,MoveToLL,MoveToLL_moveToRetract_PickUpML_stick5_initlocstick5_robot1_gripper1_rppickup,plannedl,rppickup,,1.00,1.00,"0.607360;-0.274802;0.339901;0.000000;-3.141590;0.000000","-0.128900;-1.540886;-1.932730;-1.238644;1.554514;-1.707900",True,4595.38,82.52,16,1.400,6944.57,17.02,0.00,17.02,,
14,False,,2026-05-29 17:00:23.767,MoveToLL,MoveToLL_moveToTarget_TravelML_robot1_rppickup_rpmanipulate_dup2,plannedj,rpmanipulate,,1.00,1.00,"0.133776;0.348742;0.490041;0.000000;-3.141590;0.000000","1.656148;-0.959557;-2.051016;-1.701770;1.553554;1.650556",True,11289.99,18.34,51,4.916,13393.34,2182.67,0.00,2182.67,,
15,False,,2026-05-29 17:00:37.194,MoveToLL,MoveToLL_moveToStackPos_StackML_stick5_table1_robot1_gripper1_finallocstick5_rpmanipulate,plannedj,finallocstick5,,1.00,1.00,"-0.177652;0.962300;-0.010000;0.000000;-3.141590;0.000000","",True,6154.99,15.68,24,2.217,8251.48,32.78,0.00,32.78,,
16,False,,2026-05-29 17:00:45.462,OpenGripperLL,OpenGripperLL_openGripper_StackML_stick5_table1_robot1_gripper1_finallocstick5_rpmanipulate,open_gripper,,,0.50,1.00,"","",True,1683.56,0.00,0,0.000,3714.81,17.02,0.00,17.02,,
17,False,,2026-05-29 17:00:49.192,LiftLL,LiftLL_liftAfterStack_StackML_stick5_table1_robot1_gripper1_finallocstick5_rpmanipulate,lift,,,0.50,1.00,"","",True,3685.82,0.00,0,0.000,5713.08,14.76,0.00,14.76,,
18,False,,2026-05-29 17:00:54.920,MoveToLL,MoveToLL_moveToRobotPosition_StackML_stick5_table1_robot1_gripper1_finallocstick5_rpmanipulate,plannedj,rpmanipulate,,1.00,1.00,"0.133776;0.348742;0.490041;0.000000;-3.141590;0.000000","1.656148;-0.959557;-2.051016;-1.701770;1.553554;1.650556",True,5607.16,25.88,23,2.122,7826.23,15.70,0.00,15.70,,
19,False,,2026-05-29 17:01:04.904,MoveToLL,MoveToLL_moveToTarget_TravelML_robot1_rpmanipulate_rppickup_dup3,plannedj,rppickup,,1.00,1.00,"0.607360;-0.274802;0.339901;0.000000;-3.141590;0.000000","-0.128900;-1.540886;-1.932730;-1.238644;1.554514;-1.707900",True,11358.38,14.97,50,4.859,13462.29,2157.56,0.00,2157.56,,
20,False,,2026-05-29 17:01:18.408,MoveToLL,MoveToLL_moveToPickPosition_PickUpML_stick2_initlocstick2_robot1_gripper1_rppickup,plannedl,initlocstick2,,1.00,1.00,"0.599380;-0.283000;-0.009000;0.000000;-3.141590;0.000000","",True,3881.95,19.23,16,1.421,6035.10,41.12,0.00,41.12,,
21,False,,2026-05-29 17:01:24.468,CloseGripperLL,CloseGripperLL_closeGripper_PickUpML_stick2_initlocstick2_robot1_gripper1_rppickup,close_gripper,,,0.50,1.00,"","",True,1722.58,0.00,0,0.000,3756.31,25.65,0.00,25.65,,
22,False,,2026-05-29 17:01:28.244,MoveToLL,MoveToLL_moveToRetract_PickUpML_stick2_initlocstick2_robot1_gripper1_rppickup,plannedl,rppickup,,1.00,1.00,"0.607360;-0.274802;0.339901;0.000000;-3.141590;0.000000","-0.128900;-1.540886;-1.932730;-1.238644;1.554514;-1.707900",True,3890.54,17.33,16,1.400,6006.55,18.87,0.00,18.87,,
23,False,,2026-05-29 17:01:36.423,MoveToLL,MoveToLL_moveToTarget_TravelML_robot1_rppickup_rpmanipulate_dup3,plannedj,rpmanipulate,,1.00,1.00,"0.133776;0.348742;0.490041;0.000000;-3.141590;0.000000","1.656148;-0.959557;-2.051016;-1.701770;1.553554;1.650556",True,11416.06,36.75,51,4.916,13524.72,2172.75,0.00,2172.75,,
24,False,,2026-05-29 17:01:49.982,MoveToLL,MoveToLL_moveToStackPos_StackML_stick2_table1_robot1_gripper1_finallocstick2_rpmanipulate,plannedj,finallocstick2,,1.00,1.00,"0.329976;0.764397;-0.010000;0.000000;-3.141590;0.000000","",True,7535.78,16.43,30,2.863,9616.67,34.70,0.00,34.70,,
25,False,,2026-05-29 17:01:59.622,OpenGripperLL,OpenGripperLL_openGripper_StackML_stick2_table1_robot1_gripper1_finallocstick2_rpmanipulate,open_gripper,,,0.50,1.00,"","",True,1936.99,0.00,0,0.000,3963.26,22.69,0.00,22.69,,
26,False,,2026-05-29 17:02:08.055,MoveToLL,MoveToLL_moveToTarget_TravelML_robot1_rpmanipulate_rppickup_dup4,plannedj,rppickup,,1.00,1.00,"0.607360;-0.274802;0.339901;0.000000;-3.141590;0.000000","-0.128900;-1.540886;-1.932730;-1.238644;1.554514;-1.707900",True,6168.15,119.84,26,2.430,8459.95,4469.71,0.00,4469.71,,
27,False,,2026-05-29 17:02:18.816,MoveToLL,MoveToLL_moveToPickPosition_PickUpML_stickdummy_temploc2_robot1_gripper1_rppickup,plannedl,temploc2,,1.00,1.00,"0.599380;-0.283000;0.009000;0.000000;-3.141590;0.000000","",True,4237.25,34.91,15,1.365,6345.31,2301.14,0.00,2301.14,,
28,False,,2026-05-29 17:02:25.180,CloseGripperLL,CloseGripperLL_closeGripper_PickUpML_stickdummy_temploc2_robot1_gripper1_rppickup,close_gripper,,,0.50,1.00,"","",True,1880.15,0.00,0,0.000,3937.14,19.40,0.00,19.40,,
29,False,,2026-05-29 17:02:29.131,MoveToLL,MoveToLL_moveToRetract_PickUpML_stickdummy_temploc2_robot1_gripper1_rppickup,plannedl,rppickup,,1.00,1.00,"0.607360;-0.274802;0.339901;0.000000;-3.141590;0.000000","-0.128900;-1.540886;-1.932730;-1.238644;1.554514;-1.707900",True,4297.31,57.42,15,1.351,6698.04,13.72,0.00,13.72,,
30,False,,2026-05-29 17:02:35.868,MoveToLL,MoveToLL_moveToPutDownPosition_PutDownML_stickdummy_temploc3_robot1_gripper1_rppickup,plannedl,temploc3,,1.00,1.00,"0.599380;-0.002700;-0.009000;0.000000;-3.141590;0.000000","",True,4595.77,29.48,18,1.663,6710.20,38.50,0.00,38.50,,
31,False,,2026-05-29 17:02:42.604,OpenGripperLL,OpenGripperLL_openGripper_PutDownML_stickdummy_temploc3_robot1_gripper1_rppickup,open_gripper,,,0.50,1.00,"","",True,2104.43,0.00,0,0.000,4142.14,25.75,0.00,25.75,,
32,False,,2026-05-29 17:02:46.761,MoveToLL,MoveToLL_moveToRetract_PutDownML_stickdummy_temploc3_robot1_gripper1_rppickup,plannedl,rppickup,,1.00,1.00,"0.607360;-0.274802;0.339901;0.000000;-3.141590;0.000000","-0.128900;-1.540886;-1.932730;-1.238644;1.554514;-1.707900",True,4373.11,32.20,18,1.660,6525.79,15.06,0.00,15.06,,
33,False,,2026-05-29 17:02:53.320,MoveToLL,MoveToLL_moveToPickPosition_PickUpML_stick3_initlocstick3_robot1_gripper1_rppickup_dup2,plannedl,initlocstick3,,1.00,1.00,"0.599380;-0.283000;-0.009000;0.000000;-3.141590;0.000000","",True,4248.10,34.06,16,1.403,6371.27,33.59,0.00,33.59,,
34,False,,2026-05-29 17:02:59.718,CloseGripperLL,CloseGripperLL_closeGripper_PickUpML_stick3_initlocstick3_robot1_gripper1_rppickup_dup2,close_gripper,,,0.50,1.00,"","",True,1809.19,0.00,0,0.000,3857.61,26.78,0.00,26.78,,
35,False,,2026-05-29 17:03:03.602,MoveToLL,MoveToLL_moveToRetract_PickUpML_stick3_initlocstick3_robot1_gripper1_rppickup_dup2,plannedl,rppickup,,1.00,1.00,"0.607360;-0.274802;0.339901;0.000000;-3.141590;0.000000","-0.128900;-1.540886;-1.932730;-1.238644;1.554514;-1.707900",True,3878.09,29.08,16,1.400,5996.53,26.30,0.00,26.30,,
36,False,,2026-05-29 17:03:11.942,MoveToLL,MoveToLL_moveToTarget_TravelML_robot1_rppickup_rpmanipulate_dup4,plannedj,rpmanipulate,,1.00,1.00,"0.133776;0.348742;0.490041;0.000000;-3.141590;0.000000","1.656148;-0.959557;-2.051016;-1.701770;1.553554;1.650556",True,11220.05,35.11,51,4.916,13360.92,2343.51,0.00,2343.51,,
37,False,,2026-05-29 17:03:25.334,MoveToLL,MoveToLL_moveToStackPos_StackML_stick3_table1_robot1_gripper1_finallocstick3_rpmanipulate,plannedj,finallocstick3,,1.00,1.00,"0.116090;0.682294;-0.010000;0.000000;-3.141590;0.000000","",True,6664.75,37.39,26,2.487,8822.41,30.33,0.00,30.33,,
38,False,,2026-05-29 17:03:34.177,OpenGripperLL,OpenGripperLL_openGripper_StackML_stick3_table1_robot1_gripper1_finallocstick3_rpmanipulate,open_gripper,,,0.50,1.00,"","",True,1922.84,0.00,0,0.000,3953.99,21.27,0.00,21.27,,
39,False,,2026-05-29 17:03:38.154,LiftLL,LiftLL_liftAfterStack_StackML_stick3_table1_robot1_gripper1_finallocstick3_rpmanipulate,lift,,,0.50,1.00,"","",True,3781.37,0.00,0,0.000,5818.86,22.80,0.00,22.80,,
40,False,,2026-05-29 17:03:43.990,MoveToLL,MoveToLL_moveToRobotPosition_StackML_stick3_table1_robot1_gripper1_finallocstick3_rpmanipulate,plannedj,rpmanipulate,,1.00,1.00,"0.133776;0.348742;0.490041;0.000000;-3.141590;0.000000","1.656148;-0.959557;-2.051016;-1.701770;1.553554;1.650556",True,6384.27,20.47,26,2.484,8520.74,17.39,0.00,17.39,,
41,False,,2026-05-29 17:03:54.720,MoveToLL,MoveToLL_moveToTarget_TravelML_robot1_rpmanipulate_rppickup_dup5,plannedj,rppickup,,1.00,1.00,"0.607360;-0.274802;0.339901;0.000000;-3.141590;0.000000","-0.128900;-1.540886;-1.932730;-1.238644;1.554514;-1.707900",True,11344.77,16.94,50,4.859,13446.38,2208.89,0.00,2208.89,,
42,False,,2026-05-29 17:04:08.198,MoveToLL,MoveToLL_moveToPickPosition_PickUpML_stick1_initlocstick1_robot1_gripper1_rppickup,plannedl,initlocstick1,,1.00,1.00,"0.599380;-0.283000;-0.009000;0.000000;-3.141590;0.000000","",True,3869.09,17.05,16,1.421,5965.49,31.69,0.00,31.69,,
43,False,,2026-05-29 17:04:14.184,CloseGripperLL,CloseGripperLL_closeGripper_PickUpML_stick1_initlocstick1_robot1_gripper1_rppickup,close_gripper,,,0.50,1.00,"","",True,1845.22,0.00,0,0.000,3876.71,20.23,0.00,20.23,,
44,False,,2026-05-29 17:04:18.073,MoveToLL,MoveToLL_moveToRetract_PickUpML_stick1_initlocstick1_robot1_gripper1_rppickup,plannedl,rppickup,,1.00,1.00,"0.607360;-0.274802;0.339901;0.000000;-3.141590;0.000000","-0.128900;-1.540886;-1.932730;-1.238644;1.554514;-1.707900",True,3897.05,16.52,16,1.400,5972.20,12.19,0.00,12.19,,
45,False,,2026-05-29 17:04:26.224,MoveToLL,MoveToLL_moveToTarget_TravelML_robot1_rppickup_rpmanipulate_dup5,plannedj,rpmanipulate,,1.00,1.00,"0.133776;0.348742;0.490041;0.000000;-3.141590;0.000000","1.656148;-0.959557;-2.051016;-1.701770;1.553554;1.650556",True,11419.24,30.93,51,4.916,13532.79,2178.75,0.00,2178.75,,
46,False,,2026-05-29 17:04:39.793,MoveToLL,MoveToLL_moveToStackPos_StackML_stick1_table1_robot1_gripper1_finallocstick1_rpmanipulate,plannedj,finallocstick1,,1.00,1.00,"0.257008;0.974215;-0.009000;0.000000;-3.141590;0.000000","",True,7157.84,21.65,29,2.713,9278.74,36.12,0.00,36.12,,
47,False,,2026-05-29 17:04:49.091,OpenGripperLL,OpenGripperLL_openGripper_StackML_stick1_table1_robot1_gripper1_finallocstick1_rpmanipulate,open_gripper,,,0.50,1.00,"","",True,2230.60,0.00,0,0.000,4291.68,19.62,0.00,19.62,,
48,False,,2026-05-29 17:04:53.406,LiftLL,LiftLL_liftAfterStack_StackML_stick1_table1_robot1_gripper1_finallocstick1_rpmanipulate,lift,,,0.50,1.00,"","",True,3706.10,0.00,0,0.000,5744.72,23.17,0.00,23.17,,
49,False,,2026-05-29 17:04:59.169,MoveToLL,MoveToLL_moveToRobotPosition_StackML_stick1_table1_robot1_gripper1_finallocstick1_rpmanipulate,plannedj,rpmanipulate,,1.00,1.00,"0.133776;0.348742;0.490041;0.000000;-3.141590;0.000000","1.656148;-0.959557;-2.051016;-1.701770;1.553554;1.650556",True,6929.20,16.78,29,2.711,9030.33,18.73,0.00,18.73,,
50,False,,2026-05-29 17:05:10.487,MoveToLL,MoveToLL_moveToTarget_TravelML_robot1_rpmanipulate_rppickup_dup6,plannedj,rppickup,,1.00,1.00,"0.607360;-0.274802;0.339901;0.000000;-3.141590;0.000000","-0.128900;-1.540886;-1.932730;-1.238644;1.554514;-1.707900",True,11454.41,38.77,50,4.858,13722.60,2287.94,0.00,2287.94,,
51,False,,2026-05-29 17:05:24.245,MoveToLL,MoveToLL_moveToPickPosition_PickUpML_stick6_initlocstick6_robot1_gripper1_rppickup,plannedl,initlocstick6,,1.00,1.00,"0.599380;-0.283000;-0.009000;0.000000;-3.141590;0.000000","",True,4500.42,37.11,16,1.421,6767.24,35.36,0.00,35.36,,
52,False,,2026-05-29 17:05:33.206,MoveToLL,MoveToLL_moveToTarget_TravelML_robot1_rpmanipulate_rppickup_dup7,plannedj,rppickup,,1.00,1.00,"0.607360;-0.274802;0.339901;0.000000;-3.141590;0.000000","-0.128900;-1.540886;-1.932730;-1.238644;1.554514;-1.707900",True,4042.92,12.61,15,1.347,6153.96,2193.42,0.00,2193.42,,
53,False,,2026-05-29 17:05:39.395,MoveToLL,MoveToLL_moveToPickPosition_PickUpML_stick6_temploc1_robot1_gripper1_rppickup,plannedl,temploc1,,1.00,1.00,"0.599380;-0.002700;-0.009000;0.000000;-3.141590;0.000000","",True,4482.48,41.71,18,1.632,6658.51,35.37,0.00,35.37,,
54,False,,2026-05-29 17:05:46.077,CloseGripperLL,CloseGripperLL_closeGripper_PickUpML_stick6_temploc1_robot1_gripper1_rppickup,close_gripper,,,0.50,1.00,"","",True,2179.91,0.00,0,0.000,4214.18,23.10,0.00,23.10,,
55,False,,2026-05-29 17:05:50.302,MoveToLL,MoveToLL_moveToRetract_PickUpML_stick6_temploc1_robot1_gripper1_rppickup,plannedl,rppickup,,1.00,1.00,"0.607360;-0.274802;0.339901;0.000000;-3.141590;0.000000","-0.128900;-1.540886;-1.932730;-1.238644;1.554514;-1.707900",True,4360.30,32.00,18,1.661,6512.84,10.39,0.00,10.39,,
56,False,,2026-05-29 17:05:59.109,MoveToLL,MoveToLL_moveToTarget_TravelML_robot1_rppickup_rpmanipulate_dup6,plannedj,rpmanipulate,,1.00,1.00,"0.133776;0.348742;0.490041;0.000000;-3.141590;0.000000","1.656148;-0.959557;-2.051016;-1.701770;1.553554;1.650556",True,11605.71,16.22,51,4.910,13690.59,2294.75,0.00,2294.75,,
57,False,,2026-05-29 17:06:12.837,MoveToLL,MoveToLL_moveToStackPos_StackOnTwoML_stick6_robot1_finallocstick6_rpmanipulate_stick2_stick1_gripper1_layer1_layer2,plannedj,finallocstick6,,1.00,1.00,"0.335155;0.883030;0.008500;0.000000;-3.141590;0.000000","",True,7168.94,172.39,30,2.836,9537.27,37.44,0.00,37.44,,
58,False,,2026-05-29 17:06:22.389,OpenGripperLL,OpenGripperLL_openGripper_StackOnTwoML_stick6_robot1_finallocstick6_rpmanipulate_stick2_stick1_gripper1_layer1_layer2,open_gripper,,,0.50,1.00,"","",True,2045.82,0.00,0,0.000,4079.30,14.55,0.00,14.55,,
59,False,,2026-05-29 17:06:26.490,LiftLL,LiftLL_liftAfterStack_StackOnTwoML_stick6_robot1_finallocstick6_rpmanipulate_stick2_stick1_gripper1_layer1_layer2,lift,,,0.50,1.00,"","",True,3666.80,0.00,0,0.000,5716.57,21.99,0.00,21.99,,
60,False,,2026-05-29 17:06:32.231,MoveToLL,MoveToLL_moveToRobotPos_StackOnTwoML_stick6_robot1_finallocstick6_rpmanipulate_stick2_stick1_gripper1_layer1_layer2,plannedj,rpmanipulate,,1.00,1.00,"0.133776;0.348742;0.490041;0.000000;-3.141590;0.000000","1.656148;-0.959557;-2.051016;-1.701770;1.553554;1.650556",True,7183.53,14.28,30,2.834,9283.22,23.91,0.00,23.91,,
61,False,,2026-05-29 17:06:43.644,MoveToLL,MoveToLL_moveToTarget_TravelML_robot1_rpmanipulate_rppickup_dup8,plannedj,rppickup,,1.00,1.00,"0.607360;-0.274802;0.339901;0.000000;-3.141590;0.000000","-0.128900;-1.540886;-1.932730;-1.238644;1.554514;-1.707900",True,11351.12,39.99,50,4.860,13635.64,2130.01,0.00,2130.01,,
62,False,,2026-05-29 17:06:57.324,MoveToLL,MoveToLL_moveToPickPosition_PickUpML_stick7_initlocstick7_robot1_gripper1_rppickup,plannedl,initlocstick7,,1.00,1.00,"0.599380;-0.283000;-0.009000;0.000000;-3.141590;0.000000","",True,3881.02,16.94,16,1.421,5980.53,44.32,0.00,44.32,,
63,False,,2026-05-29 17:07:03.325,CloseGripperLL,CloseGripperLL_closeGripper_PickUpML_stick7_initlocstick7_robot1_gripper1_rppickup,close_gripper,,,0.50,1.00,"","",True,1806.11,0.00,0,0.000,3826.20,20.51,0.00,20.51,,
64,False,,2026-05-29 17:07:07.176,MoveToLL,MoveToLL_moveToRetract_PickUpML_stick7_initlocstick7_robot1_gripper1_rppickup,plannedl,rppickup,,1.00,1.00,"0.607360;-0.274802;0.339901;0.000000;-3.141590;0.000000","-0.128900;-1.540886;-1.932730;-1.238644;1.554514;-1.707900",True,3932.59,25.29,16,1.400,6040.19,24.62,0.00,24.62,,
65,False,,2026-05-29 17:07:15.474,MoveToLL,MoveToLL_moveToTarget_TravelML_robot1_rppickup_rpmanipulate_dup7,plannedj,rpmanipulate,,1.00,1.00,"0.133776;0.348742;0.490041;0.000000;-3.141590;0.000000","1.656148;-0.959557;-2.051016;-1.701770;1.553554;1.650556",True,11253.25,34.20,51,4.916,13418.63,2257.51,0.00,2257.51,,
66,False,,2026-05-29 17:07:28.935,MoveToLL,MoveToLL_moveToStackPos_StackOnTwoML_stick7_robot1_finallocstick7_rpmanipulate_stick3_stick2_gripper1_layer1_layer2,plannedj,finallocstick7,,1.00,1.00,"0.234723;0.677114;0.007500;0.000000;-3.141590;0.000000","",True,7163.02,16.39,29,2.717,9254.27,42.57,0.00,42.57,,
67,False,,2026-05-29 17:07:38.207,OpenGripperLL,OpenGripperLL_openGripper_StackOnTwoML_stick7_robot1_finallocstick7_rpmanipulate_stick3_stick2_gripper1_layer1_layer2,open_gripper,,,0.50,1.00,"","",True,2288.23,0.00,0,0.000,4309.31,17.64,0.00,17.64,,
68,False,,2026-05-29 17:07:42.532,LiftLL,LiftLL_liftAfterStack_StackOnTwoML_stick7_robot1_finallocstick7_rpmanipulate_stick3_stick2_gripper1_layer1_layer2,lift,,,0.50,1.00,"","",True,3709.79,0.00,0,0.000,5747.57,15.60,0.00,15.60,,
69,False,,2026-05-29 17:07:48.303,MoveToLL,MoveToLL_moveToRobotPos_StackOnTwoML_stick7_robot1_finallocstick7_rpmanipulate_stick3_stick2_gripper1_layer1_layer2,plannedj,rpmanipulate,,1.00,1.00,"0.133776;0.348742;0.490041;0.000000;-3.141590;0.000000","1.656148;-0.959557;-2.051016;-1.701770;1.553554;1.650556",True,6524.98,176.73,29,2.715,9054.00,24.10,0.00,24.10,,
70,False,,2026-05-29 17:07:59.771,MoveToLL,MoveToLL_moveToTarget_TravelML_robot1_rpmanipulate_rppickup_dup9,plannedj,rppickup,,1.00,1.00,"0.607360;-0.274802;0.339901;0.000000;-3.141590;0.000000","-0.128900;-1.540886;-1.932730;-1.238644;1.554514;-1.707900",True,11452.52,24.73,50,4.859,13573.53,2413.99,0.00,2413.99,,
71,False,,2026-05-29 17:08:13.383,MoveToLL,MoveToLL_moveToPickPosition_PickUpML_cube1_initloccube1_robot1_gripper1_rppickup,plannedl,initloccube1,,1.00,1.00,"0.599380;-0.283000;-0.009000;0.000000;-3.141590;0.000000","",True,4578.56,68.93,16,1.421,6761.47,38.52,0.00,38.52,,
72,False,,2026-05-29 17:08:20.162,CloseGripperLL,CloseGripperLL_closeGripper_PickUpML_cube1_initloccube1_robot1_gripper1_rppickup,close_gripper,,,0.50,1.00,"","",True,1798.99,0.00,0,0.000,3842.06,16.80,0.00,16.80,,
73,False,,2026-05-29 17:08:24.018,MoveToLL,MoveToLL_moveToRetract_PickUpML_cube1_initloccube1_robot1_gripper1_rppickup,plannedl,rppickup,,1.00,1.00,"0.607360;-0.274802;0.339901;0.000000;-3.141590;0.000000","-0.128900;-1.540886;-1.932730;-1.238644;1.554514;-1.707900",True,3848.43,34.59,16,1.401,5999.02,14.62,0.00,14.62,,
74,False,,2026-05-29 17:08:32.325,MoveToLL,MoveToLL_moveToTarget_TravelML_robot1_rppickup_rpmanipulate_dup8,plannedj,rpmanipulate,,1.00,1.00,"0.133776;0.348742;0.490041;0.000000;-3.141590;0.000000","1.656148;-0.959557;-2.051016;-1.701770;1.553554;1.650556",True,11099.92,96.19,51,4.916,13401.41,2307.57,0.00,2307.57,,
75,False,,2026-05-29 17:08:45.767,MoveToLL,MoveToLL_moveToStackPos_StackML_cube1_stick1_robot1_gripper1_finalloccube1_rpmanipulate,plannedj,finalloccube1,,1.00,1.00,"0.197262;1.000816;0.008500;0.000000;-3.141590;0.000000","",True,6881.29,42.49,28,2.631,9098.11,40.31,0.00,40.31,,
76,False,,2026-05-29 17:08:54.879,OpenGripperLL,OpenGripperLL_openGripper_StackML_cube1_stick1_robot1_gripper1_finalloccube1_rpmanipulate,open_gripper,,,0.50,1.00,"","",True,1642.04,0.00,0,0.000,3665.11,14.80,0.00,14.80,,
77,False,,2026-05-29 17:08:58.561,LiftLL,LiftLL_liftAfterStack_StackML_cube1_stick1_robot1_gripper1_finalloccube1_rpmanipulate,lift,,,0.50,1.00,"","",True,3628.35,0.00,0,0.000,5755.56,16.31,0.00,16.31,,
78,False,,2026-05-29 17:09:04.328,MoveToLL,MoveToLL_moveToRobotPosition_StackML_cube1_stick1_robot1_gripper1_finalloccube1_rpmanipulate,plannedj,rpmanipulate,,1.00,1.00,"0.133776;0.348742;0.490041;0.000000;-3.141590;0.000000","1.656148;-0.959557;-2.051016;-1.701770;1.553554;1.650556",True,6764.04,13.72,28,2.628,8851.12,11.40,0.00,11.40,,
79,False,,2026-05-29 17:09:15.327,MoveToLL,MoveToLL_moveToTarget_TravelML_robot1_rpmanipulate_rppickup_dup10,plannedj,rppickup,,1.00,1.00,"0.607360;-0.274802;0.339901;0.000000;-3.141590;0.000000","-0.128900;-1.540886;-1.932730;-1.238644;1.554514;-1.707900",True,11160.36,13.70,50,4.859,13284.81,2147.65,0.00,2147.65,,
80,False,,2026-05-29 17:09:28.649,MoveToLL,MoveToLL_moveToPickPosition_PickUpML_stick8_initlocstick8_robot1_gripper1_rppickup,plannedl,initlocstick8,,1.00,1.00,"0.599380;-0.283000;-0.009000;0.000000;-3.141590;0.000000","",True,3884.23,15.61,16,1.421,5987.14,37.69,0.00,37.69,,
81,False,,2026-05-29 17:09:34.659,CloseGripperLL,CloseGripperLL_closeGripper_PickUpML_stick8_initlocstick8_robot1_gripper1_rppickup,close_gripper,,,0.50,1.00,"","",True,1839.87,0.00,0,0.000,3862.40,23.17,0.00,23.17,,
82,False,,2026-05-29 17:09:38.549,MoveToLL,MoveToLL_moveToRetract_PickUpML_stick8_initlocstick8_robot1_gripper1_rppickup,plannedl,rppickup,,1.00,1.00,"0.607360;-0.274802;0.339901;0.000000;-3.141590;0.000000","-0.128900;-1.540886;-1.932730;-1.238644;1.554514;-1.707900",True,3877.41,15.64,16,1.401,5999.81,26.73,0.00,26.73,,
83,False,,2026-05-29 17:09:46.927,MoveToLL,MoveToLL_moveToTarget_TravelML_robot1_rppickup_rpmanipulate_dup9,plannedj,rpmanipulate,,1.00,1.00,"0.133776;0.348742;0.490041;0.000000;-3.141590;0.000000","1.656148;-0.959557;-2.051016;-1.701770;1.553554;1.650556",True,11201.90,14.95,51,4.916,13287.78,2378.37,0.00,2378.37,,
84,False,,2026-05-29 17:10:00.254,MoveToLL,MoveToLL_moveToStackPos_StackOnTwoML_stick8_robot1_finallocstick8_rpmanipulate_stick3_stick4_gripper1_layer1_layer2,plannedj,finallocstick8,,1.00,1.00,"0.017773;0.746311;0.007500;0.000000;-3.141590;0.000000","",True,6394.81,16.00,25,2.321,8486.15,39.14,0.00,39.14,,
85,False,,2026-05-29 17:10:08.768,OpenGripperLL,OpenGripperLL_openGripper_StackOnTwoML_stick8_robot1_finallocstick8_rpmanipulate_stick3_stick4_gripper1_layer1_layer2,open_gripper,,,0.50,1.00,"","",True,2240.70,0.00,0,0.000,4265.85,27.87,0.00,27.87,,
86,False,,2026-05-29 17:10:13.049,LiftLL,LiftLL_liftAfterStack_StackOnTwoML_stick8_robot1_finallocstick8_rpmanipulate_stick3_stick4_gripper1_layer1_layer2,lift,,,0.50,1.00,"","",True,3762.99,0.00,0,0.000,5792.91,15.69,0.00,15.69,,
87,False,,2026-05-29 17:10:18.869,MoveToLL,MoveToLL_moveToRobotPos_StackOnTwoML_stick8_robot1_finallocstick8_rpmanipulate_stick3_stick4_gripper1_layer1_layer2,plannedj,rpmanipulate,,1.00,1.00,"0.133776;0.348742;0.490041;0.000000;-3.141590;0.000000","1.656148;-0.959557;-2.051016;-1.701770;1.553554;1.650556",True,6088.35,13.43,25,2.319,8192.85,27.22,0.00,27.22,,
88,False,,2026-05-29 17:10:29.357,MoveToLL,MoveToLL_moveToTarget_TravelML_robot1_rpmanipulate_rppickup_dup11,plannedj,rppickup,,1.00,1.00,"0.607360;-0.274802;0.339901;0.000000;-3.141590;0.000000","-0.128900;-1.540886;-1.932730;-1.238644;1.554514;-1.707900",True,11431.23,16.30,50,4.858,13723.78,2295.18,0.00,2295.18,,
89,False,,2026-05-29 17:10:43.137,MoveToLL,MoveToLL_moveToPickPosition_PickUpML_stick5_initlocstick5_robot1_gripper1_rppickup_dup2,plannedl,initlocstick5,,1.00,1.00,"0.599380;-0.283000;-0.009000;0.000000;-3.141590;0.000000","",True,3879.16,29.35,16,1.421,6003.10,55.62,0.00,55.62,,
90,False,,2026-05-29 17:10:49.163,CloseGripperLL,CloseGripperLL_closeGripper_PickUpML_stick5_initlocstick5_robot1_gripper1_rppickup_dup2,close_gripper,,,0.50,1.00,"","",True,1814.93,0.00,0,0.000,3848.61,23.33,0.00,23.33,,
91,False,,2026-05-29 17:10:53.027,MoveToLL,MoveToLL_moveToRetract_PickUpML_stick5_initlocstick5_robot1_gripper1_rppickup_dup2,plannedl,rppickup,,1.00,1.00,"0.607360;-0.274802;0.339901;0.000000;-3.141590;0.000000","-0.128900;-1.540886;-1.932730;-1.238644;1.554514;-1.707900",True,3897.03,20.00,16,1.400,5982.41,15.62,0.00,15.62,,
92,False,,2026-05-29 17:11:01.410,MoveToLL,MoveToLL_moveToTarget_TravelML_robot1_rppickup_rpmanipulate_dup10,plannedj,rpmanipulate,,1.00,1.00,"0.133776;0.348742;0.490041;0.000000;-3.141590;0.000000","1.656148;-0.959557;-2.051016;-1.701770;1.553554;1.650556",True,11208.54,17.17,51,4.916,13311.17,2399.81,0.00,2399.81,,
93,False,,2026-05-29 17:11:14.783,MoveToLL,MoveToLL_moveToStackPos_StackML_stick5_table1_robot1_gripper1_finallocstick5_rpmanipulate_dup2,plannedj,finallocstick5,,1.00,1.00,"-0.177652;0.962300;-0.010000;0.000000;-3.141590;0.000000","",True,6145.46,14.27,24,2.217,8254.52,62.48,0.00,62.48,,
94,False,,2026-05-29 17:11:23.052,OpenGripperLL,OpenGripperLL_openGripper_StackML_stick5_table1_robot1_gripper1_finallocstick5_rpmanipulate_dup2,open_gripper,,,0.50,1.00,"","",True,1654.37,0.00,0,0.000,3697.92,14.21,0.00,14.21,,
95,False,,2026-05-29 17:11:26.770,LiftLL,LiftLL_liftAfterStack_StackML_stick5_table1_robot1_gripper1_finallocstick5_rpmanipulate_dup2,lift,,,0.50,1.00,"","",True,3700.99,0.00,0,0.000,5743.03,20.51,0.00,20.51,,
96,False,,2026-05-29 17:11:32.542,MoveToLL,MoveToLL_moveToRobotPosition_StackML_stick5_table1_robot1_gripper1_finallocstick5_rpmanipulate_dup2,plannedj,rpmanipulate,,1.00,1.00,"0.133776;0.348742;0.490041;0.000000;-3.141590;0.000000","1.656148;-0.959557;-2.051016;-1.701770;1.553554;1.650556",True,5651.16,14.39,23,2.122,7820.98,28.46,0.00,28.46,,
97,False,,2026-05-29 17:11:42.774,MoveToLL,MoveToLL_moveToTarget_TravelML_robot1_rpmanipulate_rppickup_dup12,plannedj,rppickup,,1.00,1.00,"0.607360;-0.274802;0.339901;0.000000;-3.141590;0.000000","-0.128900;-1.540886;-1.932730;-1.238644;1.554514;-1.707900",True,11087.26,14.00,50,4.859,13208.66,2411.28,0.00,2411.28,,
98,False,,2026-05-29 17:11:56.014,MoveToLL,MoveToLL_moveToPickPosition_PickUpML_cube2_initloccube2_robot1_gripper1_rppickup,plannedl,initloccube2,,1.00,1.00,"0.599380;-0.283000;-0.009000;0.000000;-3.141590;0.000000","",True,3896.60,16.31,16,1.421,5995.97,31.52,0.00,31.52,,
99,False,,2026-05-29 17:12:02.032,CloseGripperLL,CloseGripperLL_closeGripper_PickUpML_cube2_initloccube2_robot1_gripper1_rppickup,close_gripper,,,0.50,1.00,"","",True,1760.50,0.00,0,0.000,3800.68,21.43,0.00,21.43,,
100,False,,2026-05-29 17:12:05.853,MoveToLL,MoveToLL_moveToRetract_PickUpML_cube2_initloccube2_robot1_gripper1_rppickup,plannedl,rppickup,,1.00,1.00,"0.607360;-0.274802;0.339901;0.000000;-3.141590;0.000000","-0.128900;-1.540886;-1.932730;-1.238644;1.554514;-1.707900",True,3935.57,15.10,16,1.400,6045.25,21.00,0.00,21.00,,
101,False,,2026-05-29 17:12:14.588,MoveToLL,MoveToLL_moveToTarget_TravelML_robot1_rppickup_rpmanipulate_dup11,plannedj,rpmanipulate,,1.00,1.00,"0.133776;0.348742;0.490041;0.000000;-3.141590;0.000000","1.656148;-0.959557;-2.051016;-1.701770;1.553554;1.650556",True,11535.83,77.60,51,4.916,13786.88,2689.11,0.00,2689.11,,
102,False,,2026-05-29 17:12:28.413,MoveToLL,MoveToLL_moveToStackPos_StackML_cube2_stick5_robot1_gripper1_finalloccube2_rpmanipulate,plannedj,finalloccube2,,1.00,1.00,"-0.226348;0.940619;0.007500;0.000000;-3.141590;0.000000","",True,6047.95,14.86,23,2.174,8163.98,38.11,0.00,38.11,,
103,False,,2026-05-29 17:12:36.600,OpenGripperLL,OpenGripperLL_openGripper_StackML_cube2_stick5_robot1_gripper1_finalloccube2_rpmanipulate,open_gripper,,,0.50,1.00,"","",True,1753.93,0.00,0,0.000,3795.44,23.52,0.00,23.52,,
104,False,,2026-05-29 17:12:40.425,LiftLL,LiftLL_liftAfterStack_StackML_cube2_stick5_robot1_gripper1_finalloccube2_rpmanipulate,lift,,,0.50,1.00,"","",True,3792.01,0.00,0,0.000,5828.34,28.81,0.00,28.81,,
105,False,,2026-05-29 17:12:46.368,MoveToLL,MoveToLL_moveToRobotPosition_StackML_cube2_stick5_robot1_gripper1_finalloccube2_rpmanipulate,plannedj,rpmanipulate,,1.00,1.00,"0.133776;0.348742;0.490041;0.000000;-3.141590;0.000000","1.656148;-0.959557;-2.051016;-1.701770;1.553554;1.650556",True,5372.91,14.46,22,2.048,7469.88,115.52,0.00,115.52,,
106,False,,2026-05-29 17:12:56.246,MoveToLL,MoveToLL_moveToTarget_TravelML_robot1_rpmanipulate_rppickup_dup13,plannedj,rppickup,,1.00,1.00,"0.607360;-0.274802;0.339901;0.000000;-3.141590;0.000000","-0.128900;-1.540886;-1.932730;-1.238644;1.554514;-1.707900",True,11210.01,60.75,50,4.858,13419.63,2407.50,0.00,2407.50,,
107,False,,2026-05-29 17:13:09.742,MoveToLL,MoveToLL_moveToPickPosition_PickUpML_stick9_initlocstick9_robot1_gripper1_rppickup,plannedl,initlocstick9,,1.00,1.00,"0.599380;-0.283000;-0.009000;0.000000;-3.141590;0.000000","",True,3884.54,15.55,16,1.421,5974.19,76.64,0.00,76.64,,
108,False,,2026-05-29 17:13:15.745,CloseGripperLL,CloseGripperLL_closeGripper_PickUpML_stick9_initlocstick9_robot1_gripper1_rppickup,close_gripper,,,0.50,1.00,"","",True,1755.45,0.00,0,0.000,3809.54,28.48,0.00,28.48,,
109,False,,2026-05-29 17:13:19.573,MoveToLL,MoveToLL_moveToRetract_PickUpML_stick9_initlocstick9_robot1_gripper1_rppickup,plannedl,rppickup,,1.00,1.00,"0.607360;-0.274802;0.339901;0.000000;-3.141590;0.000000","-0.128900;-1.540886;-1.932730;-1.238644;1.554514;-1.707900",True,3905.61,15.09,16,1.400,6010.31,19.22,0.00,19.22,,
110,False,,2026-05-29 17:13:28.324,MoveToLL,MoveToLL_moveToTarget_TravelML_robot1_rppickup_rpmanipulate_dup12,plannedj,rpmanipulate,,1.00,1.00,"0.133776;0.348742;0.490041;0.000000;-3.141590;0.000000","1.656148;-0.959557;-2.051016;-1.701770;1.553554;1.650556",True,11685.77,17.11,51,4.916,13769.58,2740.13,0.00,2740.13,,
111,False,,2026-05-29 17:13:42.135,MoveToLL,MoveToLL_moveToStackPos_StackOnTwoML_stick9_robot1_finallocstick9_rpmanipulate_stick5_stick4_gripper1_layer1_layer2,plannedj,finallocstick9,,1.00,1.00,"-0.093277;0.952227;0.007500;0.000000;-3.141590;0.000000","",True,5985.20,104.30,24,2.230,8326.68,41.80,0.00,41.80,,
112,False,,2026-05-29 17:13:50.492,OpenGripperLL,OpenGripperLL_openGripper_StackOnTwoML_stick9_robot1_finallocstick9_rpmanipulate_stick5_stick4_gripper1_layer1_layer2,open_gripper,,,0.50,1.00,"","",True,1665.82,0.00,0,0.000,3719.32,29.71,0.00,29.71,,
113,False,,2026-05-29 17:13:54.238,LiftLL,LiftLL_liftAfterStack_StackOnTwoML_stick9_robot1_finallocstick9_rpmanipulate_stick5_stick4_gripper1_layer1_layer2,lift,,,0.50,1.00,"","",True,3647.81,0.00,0,0.000,5692.89,27.12,0.00,27.12,,
114,False,,2026-05-29 17:13:59.947,MoveToLL,MoveToLL_moveToRobotPos_StackOnTwoML_stick9_robot1_finallocstick9_rpmanipulate_stick5_stick4_gripper1_layer1_layer2,plannedj,rpmanipulate,,1.00,1.00,"0.133776;0.348742;0.490041;0.000000;-3.141590;0.000000","1.656148;-0.959557;-2.051016;-1.701770;1.553554;1.650556",True,5896.00,30.52,24,2.227,8040.12,15.57,0.00,15.57,,
115,False,,2026-05-29 17:14:10.493,MoveToLL,MoveToLL_moveToTarget_TravelML_robot1_rpmanipulate_rptoolchange,plannedj,rptoolchange,,1.00,1.00,"-0.276143;0.385864;0.086921;-3.141491;-0.002589;-0.000081","2.086106;-1.186673;-2.396030;-1.129490;1.555172;0.503193",True,5601.80,14.83,21,1.927,7739.96,2506.24,0.00,2506.24,,
116,False,,2026-05-29 17:14:18.267,DeequipToolLL,DeequipToolLL_deequipTool_DeequipML_robot1_gripper1_equiplocgripper_rptoolchange,play_program,,gripper,0.50,1.00,"","",True,23399.24,0.00,0,0.000,25451.40,34.02,0.00,34.02,,
117,False,,2026-05-29 17:14:43.752,EquipToolLL,EquipToolLL_equipTool_EquipeML_robot1_staplergun1_rptoolchange_equiplocstapler,play_program,,nailgun,0.50,1.00,"","",True,10439.82,0.00,0,0.000,12513.64,33.41,0.00,33.41,,
118,False,,2026-05-29 17:14:58.509,MoveToLL,MoveToLL_moveToTarget_TravelML_robot1_rptoolchange_rpmanipulate,plannedj,rpmanipulate,,1.00,1.00,"0.133776;0.348742;0.490041;0.000000;-3.141590;0.000000","1.656148;-0.959557;-2.051016;-1.701770;1.553554;1.650556",True,5389.28,12.65,21,1.941,10078.76,2243.34,0.00,2243.34,,
119,False,,2026-05-29 17:15:08.639,NailingLL,NailingLL_moveToNailPos_NailingML_stick8_stick4_robot1_staplergun1_rpmanipulate,movej,unknown,nailgun,0.30,0.30,"0.030679;0.800475;0.027550;2.221441;-2.221441;0.000000","",True,8623.75,0.00,0,0.000,10653.68,51.62,0.00,51.62,,
120,False,,2026-05-29 17:15:19.318,PushDownLL,PushDownLL_pushDown_NailingML_stick8_stick4_robot1_staplergun1_rpmanipulate,lift,,,0.50,1.00,"","",True,1868.09,0.00,0,0.000,3903.05,25.17,0.00,25.17,,
121,False,,2026-05-29 17:15:23.234,LiftLL,LiftLL_liftAfterNail_NailingML_stick8_stick4_robot1_staplergun1_rpmanipulate,lift,,,0.50,1.00,"","",True,4141.64,0.00,0,0.000,6178.78,13.51,0.00,13.51,,
122,False,,2026-05-29 17:15:31.824,NailingLL,NailingLL_moveToNailPos_NailingML_stick9_stick4_robot1_staplergun1_rpmanipulate,movej,unknown,nailgun,0.30,0.30,"-0.026675;0.929294;0.027550;2.221441;-2.221441;0.000000","",True,5282.48,0.00,0,0.000,7314.41,2411.08,0.00,2411.08,,
123,False,,2026-05-29 17:15:39.152,PushDownLL,PushDownLL_pushDown_NailingML_stick9_stick4_robot1_staplergun1_rpmanipulate,lift,,,0.50,1.00,"","",True,1239.06,0.00,0,0.000,3288.34,13.55,0.00,13.55,,
124,False,,2026-05-29 17:15:42.461,LiftLL,LiftLL_liftAfterNail_NailingML_stick9_stick4_robot1_staplergun1_rpmanipulate,lift,,,0.50,1.00,"","",True,4091.79,0.00,0,0.000,6119.57,20.15,0.00,20.15,,
125,False,,2026-05-29 17:15:50.731,NailingLL,NailingLL_moveToNailPos_NailingML_stick9_stick5_robot1_staplergun1_rpmanipulate,movej,unknown,nailgun,0.30,0.30,"-0.153614;0.973002;0.027550;2.221441;-2.221441;0.000000","",True,3785.90,0.00,0,0.000,5830.11,2150.23,0.00,2150.23,,
126,False,,2026-05-29 17:15:56.582,PushDownLL,PushDownLL_pushDown_NailingML_stick9_stick5_robot1_staplergun1_rpmanipulate,lift,,,0.50,1.00,"","",True,1511.30,0.00,0,0.000,3545.22,21.06,0.00,21.06,,
127,False,,2026-05-29 17:16:00.152,LiftLL,LiftLL_liftAfterNail_NailingML_stick9_stick5_robot1_staplergun1_rpmanipulate,lift,,,0.50,1.00,"","",True,4090.89,0.00,0,0.000,6129.60,25.24,0.00,25.24,,
128,False,,2026-05-29 17:16:08.534,NailingLL,NailingLL_moveToNailPos_NailingML_cube1_stick1_robot1_staplergun1_rpmanipulate,movej,unknown,nailgun,0.30,0.30,"0.197262;1.000816;0.028550;2.221441;-2.221441;0.000000","",True,6173.45,0.00,0,0.000,8233.82,2251.90,0.00,2251.90,,
129,False,,2026-05-29 17:16:16.783,PushDownLL,PushDownLL_pushDown_NailingML_cube1_stick1_robot1_staplergun1_rpmanipulate,lift,,,0.50,1.00,"","",True,1244.63,0.00,0,0.000,3301.12,15.62,0.00,15.62,,
130,False,,2026-05-29 17:16:20.104,LiftLL,LiftLL_liftAfterNail_NailingML_cube1_stick1_robot1_staplergun1_rpmanipulate,lift,,,0.50,1.00,"","",True,4004.84,0.00,0,0.000,6126.99,20.21,0.00,20.21,,
131,False,,2026-05-29 17:16:28.525,NailingLL,NailingLL_moveToNailPos_NailingML_cube2_stick5_robot1_staplergun1_rpmanipulate,movej,unknown,nailgun,0.30,0.30,"-0.223697;0.941799;0.027575;2.221441;-2.221441;0.000000","",True,6755.59,0.00,0,0.000,8824.27,2293.07,0.00,2293.07,,
132,False,,2026-05-29 17:16:37.359,PushDownLL,PushDownLL_pushDown_NailingML_cube2_stick5_robot1_staplergun1_rpmanipulate,lift,,,0.50,1.00,"","",True,1471.15,0.00,0,0.000,3488.07,10.54,0.00,10.54,,
133,False,,2026-05-29 17:16:40.872,LiftLL,LiftLL_liftAfterNail_NailingML_cube2_stick5_robot1_staplergun1_rpmanipulate,lift,,,0.50,1.00,"","",True,4073.64,0.00,0,0.000,6123.57,24.92,0.00,24.92,,
134,False,,2026-05-29 17:16:49.419,NailingLL,NailingLL_moveToNailPos_NailingML_stick6_stick1_robot1_staplergun1_rpmanipulate,movej,unknown,nailgun,0.30,0.30,"0.312222;0.949632;0.028575;2.221441;-2.221441;0.000000","",True,7583.47,0.00,0,0.000,9610.67,2423.36,0.00,2423.36,,
135,False,,2026-05-29 17:16:59.043,PushDownLL,PushDownLL_pushDown_NailingML_stick6_stick1_robot1_staplergun1_rpmanipulate,lift,,,0.50,1.00,"","",True,1243.80,0.00,0,0.000,3258.46,13.44,0.00,13.44,,
136,False,,2026-05-29 17:17:02.326,LiftLL,LiftLL_liftAfterNail_NailingML_stick6_stick1_robot1_staplergun1_rpmanipulate,lift,,,0.50,1.00,"","",True,4091.92,0.00,0,0.000,6114.02,23.90,0.00,23.90,,
137,False,,2026-05-29 17:17:10.752,NailingLL,NailingLL_moveToNailPos_NailingML_stick6_stick2_robot1_staplergun1_rpmanipulate,movej,unknown,nailgun,0.30,0.30,"0.363724;0.822353;0.028050;2.221441;-2.221441;0.000000","",True,5492.73,0.00,0,0.000,7531.39,2312.66,0.00,2312.66,,
138,False,,2026-05-29 17:17:18.311,PushDownLL,PushDownLL_pushDown_NailingML_stick6_stick2_robot1_staplergun1_rpmanipulate,lift,,,0.50,1.00,"","",True,1864.14,0.00,0,0.000,3950.04,26.96,0.00,26.96,,
139,False,,2026-05-29 17:17:22.285,LiftLL,LiftLL_liftAfterNail_NailingML_stick6_stick2_robot1_staplergun1_rpmanipulate,lift,,,0.50,1.00,"","",True,4070.47,0.00,0,0.000,6090.75,23.88,0.00,23.88,,
140,False,,2026-05-29 17:17:30.704,NailingLL,NailingLL_moveToNailPos_NailingML_stick7_stick2_robot1_staplergun1_rpmanipulate,movej,unknown,nailgun,0.30,0.30,"0.301325;0.700047;0.027575;2.221441;-2.221441;0.000000","",True,5891.21,0.00,0,0.000,7921.21,2328.30,0.00,2328.30,,
141,False,,2026-05-29 17:17:38.645,PushDownLL,PushDownLL_pushDown_NailingML_stick7_stick2_robot1_staplergun1_rpmanipulate,lift,,,0.50,1.00,"","",True,1534.23,0.00,0,0.000,3566.73,20.10,0.00,20.10,,
142,False,,2026-05-29 17:17:42.226,LiftLL,LiftLL_liftAfterNail_NailingML_stick7_stick2_robot1_staplergun1_rpmanipulate,lift,,,0.50,1.00,"","",True,4053.35,0.00,0,0.000,6081.98,13.75,0.00,13.75,,
143,False,,2026-05-29 17:17:50.618,NailingLL,NailingLL_moveToNailPos_NailingML_stick7_stick3_robot1_staplergun1_rpmanipulate,movej,unknown,nailgun,0.30,0.30,"0.174386;0.656339;0.027550;2.221441;-2.221441;0.000000","",True,5407.78,0.00,0,0.000,7441.07,2310.78,0.00,2310.78,,
144,False,,2026-05-29 17:17:58.080,PushDownLL,PushDownLL_pushDown_NailingML_stick7_stick3_robot1_staplergun1_rpmanipulate,lift,,,0.50,1.00,"","",True,1235.96,0.00,0,0.000,3277.34,20.68,0.00,20.68,,
145,False,,2026-05-29 17:18:01.384,LiftLL,LiftLL_liftAfterNail_NailingML_stick7_stick3_robot1_staplergun1_rpmanipulate,lift,,,0.50,1.00,"","",True,4071.74,0.00,0,0.000,6127.26,26.53,0.00,26.53,,
146,False,,2026-05-29 17:18:09.674,NailingLL,NailingLL_moveToNailPos_NailingML_stick8_stick3_robot1_staplergun1_rpmanipulate,movej,unknown,nailgun,0.30,0.30,"0.013413;0.728009;0.027550;2.221441;-2.221441;0.000000","",True,4900.29,0.00,0,0.000,6957.07,2162.62,0.00,2162.62,,
147,False,,2026-05-29 17:18:16.649,PushDownLL,PushDownLL_pushDown_NailingML_stick8_stick3_robot1_staplergun1_rpmanipulate,lift,,,0.50,1.00,"","",True,1905.56,0.00,0,0.000,3941.75,17.70,0.00,17.70,,
148,False,,2026-05-29 17:18:20.604,LiftLL,LiftLL_liftAfterNail_NailingML_stick8_stick3_robot1_staplergun1_rpmanipulate,lift,,,0.50,1.00,"","",True,4119.28,0.00,0,0.000,6152.59,14.05,0.00,14.05,,
149,False,,2026-05-29 17:18:33.437,MoveToLL,MoveToLL_moveToTarget_TravelML_robot1_rpmanipulate_rptoolchange_dup2,plannedj,rptoolchange,,1.00,1.00,"-0.276143;0.385864;0.086921;-3.141491;-0.002589;-0.000081","2.086106;-1.186673;-2.396030;-1.129490;1.555172;0.503193",True,5511.26,26.96,23,2.164,7630.74,6680.27,0.00,6680.27,,
150,False,,2026-05-29 17:18:41.110,DeequipToolLL,DeequipToolLL_deequipTool_DeequipML_robot1_staplergun1_equiplocstapler_rptoolchange,play_program,,nailgun,0.50,1.00,"","",True,7975.47,0.00,0,0.000,10009.57,42.25,0.00,42.25,,
151,False,,2026-05-29 17:18:51.153,EquipToolLL,EquipToolLL_equipTool_EquipeML_robot1_gripper1_rptoolchange_equiplocgripper,play_program,,gripper,0.50,1.00,"","",True,21203.46,0.00,0,0.000,23243.56,33.06,0.00,33.06,,
152,False,,2026-05-29 17:19:18.018,MoveToLL,MoveToLL_moveToTarget_TravelML_robot1_rptoolchange_rppickup,plannedj,rppickup,,1.00,1.00,"0.607360;-0.274802;0.339901;0.000000;-3.141590;0.000000","-0.128900;-1.540886;-1.932730;-1.238644;1.554514;-1.707900",True,8136.20,17.22,35,3.357,12757.21,3621.94,0.00,3621.94,,
153,False,,2026-05-29 17:19:30.810,MoveToLL,MoveToLL_moveToPickPosition_PickUpML_stick11_initlocstick11_robot1_gripper1_rppickup,plannedl,initlocstick11,,1.00,1.00,"0.599380;-0.283000;-0.009000;0.000000;-3.141590;0.000000","",True,3881.50,17.97,16,1.419,5964.18,34.34,0.00,34.34,,
154,False,,2026-05-29 17:19:36.792,CloseGripperLL,CloseGripperLL_closeGripper_PickUpML_stick11_initlocstick11_robot1_gripper1_rppickup,close_gripper,,,0.50,1.00,"","",True,1803.70,0.00,0,0.000,3823.04,17.54,0.00,17.54,,
155,False,,2026-05-29 17:19:40.639,MoveToLL,MoveToLL_moveToRetract_PickUpML_stick11_initlocstick11_robot1_gripper1_rppickup,plannedl,rppickup,,1.00,1.00,"0.607360;-0.274802;0.339901;0.000000;-3.141590;0.000000","-0.128900;-1.540886;-1.932730;-1.238644;1.554514;-1.707900",True,3914.89,16.91,16,1.401,6015.65,24.09,0.00,24.09,,
156,False,,2026-05-29 17:19:50.416,MoveToLL,MoveToLL_moveToTarget_TravelML_robot1_rppickup_rpmanipulate_dup13,plannedj,rpmanipulate,,1.00,1.00,"0.133776;0.348742;0.490041;0.000000;-3.141590;0.000000","1.656148;-0.959557;-2.051016;-1.701770;1.553554;1.650556",True,11398.62,39.79,51,4.916,13526.44,3761.40,0.00,3761.40,,
157,False,,2026-05-29 17:20:03.988,MoveToLL,MoveToLL_moveToStackPos_StackOnTwoML_stick11_robot1_finallocstick11_rpmanipulate_stick6_stick7_gripper1_layer2_layer3,plannedj,finallocstick11,,1.00,1.00,"0.325019;0.754234;0.025000;0.000000;-3.141590;0.000000","",True,7770.52,15.27,30,2.857,9850.09,45.90,0.00,45.90,,
158,False,,2026-05-29 17:20:13.856,OpenGripperLL,OpenGripperLL_openGripper_StackOnTwoML_stick11_robot1_finallocstick11_rpmanipulate_stick6_stick7_gripper1_layer2_layer3,open_gripper,,,0.50,1.00,"","",True,1692.41,0.00,0,0.000,3720.29,17.63,0.00,17.63,,
159,False,,2026-05-29 17:20:17.590,LiftLL,LiftLL_liftAfterStack_StackOnTwoML_stick11_robot1_finallocstick11_rpmanipulate_stick6_stick7_gripper1_layer2_layer3,lift,,,0.50,1.00,"","",True,3734.82,0.00,0,0.000,5763.64,13.40,0.00,13.40,,
160,False,,2026-05-29 17:20:23.382,MoveToLL,MoveToLL_moveToRobotPos_StackOnTwoML_stick11_robot1_finallocstick11_rpmanipulate_stick6_stick7_gripper1_layer2_layer3,plannedj,rpmanipulate,,1.00,1.00,"0.133776;0.348742;0.490041;0.000000;-3.141590;0.000000","1.656148;-0.959557;-2.051016;-1.701770;1.553554;1.650556",True,7469.26,41.78,30,2.856,9622.34,28.54,0.00,28.54,,
161,False,,2026-05-29 17:20:36.711,MoveToLL,MoveToLL_moveToTarget_TravelML_robot1_rpmanipulate_rppickup_dup14,plannedj,rppickup,,1.00,1.00,"0.607360;-0.274802;0.339901;0.000000;-3.141590;0.000000","-0.128900;-1.540886;-1.932730;-1.238644;1.554514;-1.707900",True,11104.99,17.33,50,4.859,13199.44,3707.22,0.00,3707.22,,
162,False,,2026-05-29 17:20:49.950,MoveToLL,MoveToLL_moveToPickPosition_PickUpML_stick10_initlocstick10_robot1_gripper1_rppickup,plannedl,initlocstick10,,1.00,1.00,"0.599380;-0.283000;-0.009000;0.000000;-3.141590;0.000000","",True,3880.07,35.38,16,1.421,6039.31,39.78,0.00,39.78,,
163,False,,2026-05-29 17:20:56.007,CloseGripperLL,CloseGripperLL_closeGripper_PickUpML_stick10_initlocstick10_robot1_gripper1_rppickup,close_gripper,,,0.50,1.00,"","",True,1739.98,0.00,0,0.000,3822.60,16.91,0.00,16.91,,
164,False,,2026-05-29 17:20:59.858,MoveToLL,MoveToLL_moveToRetract_PickUpML_stick10_initlocstick10_robot1_gripper1_rppickup,plannedl,rppickup,,1.00,1.00,"0.607360;-0.274802;0.339901;0.000000;-3.141590;0.000000","-0.128900;-1.540886;-1.932730;-1.238644;1.554514;-1.707900",True,3919.96,21.37,16,1.401,6073.90,28.90,0.00,28.90,,
165,False,,2026-05-29 17:21:09.555,MoveToLL,MoveToLL_moveToTarget_TravelML_robot1_rppickup_rpmanipulate_dup14,plannedj,rpmanipulate,,1.00,1.00,"0.133776;0.348742;0.490041;0.000000;-3.141590;0.000000","1.656148;-0.959557;-2.051016;-1.701770;1.553554;1.650556",True,11539.99,17.34,51,4.916,13616.94,3623.13,0.00,3623.13,,
166,False,,2026-05-29 17:21:23.219,MoveToLL,MoveToLL_moveToStackPos_StackOnTwoML_stick10_robot1_finallocstick10_rpmanipulate_cube1_stick6_gripper1_layer2_layer3,plannedj,finallocstick10,,1.00,1.00,"0.270176;0.966871;0.026000;0.000000;-3.141590;0.000000","",True,7197.56,32.74,29,2.730,9318.44,46.71,0.00,46.71,,
167,False,,2026-05-29 17:21:32.558,OpenGripperLL,OpenGripperLL_openGripper_StackOnTwoML_stick10_robot1_finallocstick10_rpmanipulate_cube1_stick6_gripper1_layer2_layer3,open_gripper,,,0.50,1.00,"","",True,2205.85,0.00,0,0.000,4229.43,20.80,0.00,20.80,,
168,False,,2026-05-29 17:21:36.809,LiftLL,LiftLL_liftAfterStack_StackOnTwoML_stick10_robot1_finallocstick10_rpmanipulate_cube1_stick6_gripper1_layer2_layer3,lift,,,0.50,1.00,"","",True,3723.99,0.00,0,0.000,5754.06,21.69,0.00,21.69,,
169,False,,2026-05-29 17:21:42.585,MoveToLL,MoveToLL_moveToRobotPos_StackOnTwoML_stick10_robot1_finallocstick10_rpmanipulate_cube1_stick6_gripper1_layer2_layer3,plannedj,rpmanipulate,,1.00,1.00,"0.133776;0.348742;0.490041;0.000000;-3.141590;0.000000","1.656148;-0.959557;-2.051016;-1.701770;1.553554;1.650556",True,7030.69,13.64,29,2.729,9108.03,21.30,0.00,21.30,,
170,False,,2026-05-29 17:21:55.284,MoveToLL,MoveToLL_moveToTarget_TravelML_robot1_rpmanipulate_rppickup_dup15,plannedj,rppickup,,1.00,1.00,"0.607360;-0.274802;0.339901;0.000000;-3.141590;0.000000","-0.128900;-1.540886;-1.932730;-1.238644;1.554514;-1.707900",True,11095.97,15.52,50,4.860,13168.80,3591.62,0.00,3591.62,,
171,False,,2026-05-29 17:22:08.502,MoveToLL,MoveToLL_moveToPickPosition_PickUpML_stick12_initlocstick12_robot1_gripper1_rppickup,plannedl,initlocstick12,,1.00,1.00,"0.599380;-0.283000;-0.009000;0.000000;-3.141590;0.000000","",True,4560.02,38.13,16,1.421,6704.73,49.40,0.00,49.40,,
172,False,,2026-05-29 17:22:15.231,CloseGripperLL,CloseGripperLL_closeGripper_PickUpML_stick12_initlocstick12_robot1_gripper1_rppickup,close_gripper,,,0.50,1.00,"","",True,1805.91,0.00,0,0.000,3829.99,23.77,0.00,23.77,,
173,False,,2026-05-29 17:22:19.083,MoveToLL,MoveToLL_moveToRetract_PickUpML_stick12_initlocstick12_robot1_gripper1_rppickup,plannedl,rppickup,,1.00,1.00,"0.607360;-0.274802;0.339901;0.000000;-3.141590;0.000000","-0.128900;-1.540886;-1.932730;-1.238644;1.554514;-1.707900",True,3850.02,36.94,16,1.401,6014.61,21.70,0.00,21.70,,
174,False,,2026-05-29 17:22:28.589,MoveToLL,MoveToLL_moveToTarget_TravelML_robot1_rppickup_rpmanipulate_dup15,plannedj,rpmanipulate,,1.00,1.00,"0.133776;0.348742;0.490041;0.000000;-3.141590;0.000000","1.656148;-0.959557;-2.051016;-1.701770;1.553554;1.650556",True,11748.75,17.83,51,4.916,13829.41,3491.30,0.00,3491.30,,
175,False,,2026-05-29 17:22:42.462,MoveToLL,MoveToLL_moveToStackPos_StackOnTwoML_stick12_robot1_finallocstick12_rpmanipulate_stick7_stick8_gripper1_layer2_layer3,plannedj,finallocstick12,,1.00,1.00,"0.105927;0.687251;0.025000;0.000000;-3.141590;0.000000","",True,6343.84,115.87,26,2.467,8756.04,43.67,0.00,43.67,,
176,False,,2026-05-29 17:22:51.239,OpenGripperLL,OpenGripperLL_openGripper_StackOnTwoML_stick12_robot1_finallocstick12_rpmanipulate_stick7_stick8_gripper1_layer2_layer3,open_gripper,,,0.50,1.00,"","",True,1940.14,0.00,0,0.000,3984.13,20.89,0.00,20.89,,
177,False,,2026-05-29 17:22:55.245,LiftLL,LiftLL_liftAfterStack_StackOnTwoML_stick12_robot1_finallocstick12_rpmanipulate_stick7_stick8_gripper1_layer2_layer3,lift,,,0.50,1.00,"","",True,3737.48,0.00,0,0.000,5807.17,22.19,0.00,22.19,,
178,False,,2026-05-29 17:23:01.070,MoveToLL,MoveToLL_moveToRobotPos_StackOnTwoML_stick12_robot1_finallocstick12_rpmanipulate_stick7_stick8_gripper1_layer2_layer3,plannedj,rpmanipulate,,1.00,1.00,"0.133776;0.348742;0.490041;0.000000;-3.141590;0.000000","1.656148;-0.959557;-2.051016;-1.701770;1.553554;1.650556",True,6380.92,19.01,26,2.465,8471.36,17.53,0.00,17.53,,
179,False,,2026-05-29 17:23:13.049,MoveToLL,MoveToLL_moveToTarget_TravelML_robot1_rpmanipulate_rppickup_dup16,plannedj,rppickup,,1.00,1.00,"0.607360;-0.274802;0.339901;0.000000;-3.141590;0.000000","-0.128900;-1.540886;-1.932730;-1.238644;1.554514;-1.707900",True,10924.49,36.83,50,4.860,13027.75,3508.51,0.00,3508.51,,
180,False,,2026-05-29 17:23:26.115,MoveToLL,MoveToLL_moveToPickPosition_PickUpML_stick15_initlocstick15_robot1_gripper1_rppickup,plannedl,initlocstick15,,1.00,1.00,"0.599380;-0.283000;-0.009000;0.000000;-3.141590;0.000000","",True,3876.60,20.82,16,1.421,5984.18,38.00,0.00,38.00,,
181,False,,2026-05-29 17:23:32.119,CloseGripperLL,CloseGripperLL_closeGripper_PickUpML_stick15_initlocstick15_robot1_gripper1_rppickup,close_gripper,,,0.50,1.00,"","",True,1774.69,0.00,0,0.000,3826.16,19.17,0.00,19.17,,
182,False,,2026-05-29 17:23:35.967,MoveToLL,MoveToLL_moveToRetract_PickUpML_stick15_initlocstick15_robot1_gripper1_rppickup,plannedl,rppickup,,1.00,1.00,"0.607360;-0.274802;0.339901;0.000000;-3.141590;0.000000","-0.128900;-1.540886;-1.932730;-1.238644;1.554514;-1.707900",True,3875.43,28.14,16,1.400,6001.33,22.35,0.00,22.35,,
183,False,,2026-05-29 17:23:45.717,MoveToLL,MoveToLL_moveToTarget_TravelML_robot1_rppickup_rpmanipulate_dup16,plannedj,rpmanipulate,,1.00,1.00,"0.133776;0.348742;0.490041;0.000000;-3.141590;0.000000","1.656148;-0.959557;-2.051016;-1.701770;1.553554;1.650556",True,11220.99,47.59,51,4.916,13563.07,3748.12,0.00,3748.12,,
184,False,,2026-05-29 17:23:59.319,MoveToLL,MoveToLL_moveToStackPos_StackOnTwoML_stick15_robot1_finallocstick15_rpmanipulate_stick11_stick10_gripper1_layer3_layer4,plannedj,finallocstick15,,1.00,1.00,"0.338461;0.872217;0.043500;0.000000;-3.141590;0.000000","",True,7370.70,37.16,30,2.843,9546.48,39.25,0.00,39.25,,
185,False,,2026-05-29 17:24:08.889,OpenGripperLL,OpenGripperLL_openGripper_StackOnTwoML_stick15_robot1_finallocstick15_rpmanipulate_stick11_stick10_gripper1_layer3_layer4,open_gripper,,,0.50,1.00,"","",True,2077.85,0.00,0,0.000,4104.51,23.65,0.00,23.65,,
186,False,,2026-05-29 17:24:13.019,LiftLL,LiftLL_liftAfterStack_StackOnTwoML_stick15_robot1_finallocstick15_rpmanipulate_stick11_stick10_gripper1_layer3_layer4,lift,,,0.50,1.00,"","",True,3611.51,0.00,0,0.000,5659.46,25.06,0.00,25.06,,
187,False,,2026-05-29 17:24:18.693,MoveToLL,MoveToLL_moveToRobotPos_StackOnTwoML_stick15_robot1_finallocstick15_rpmanipulate_stick11_stick10_gripper1_layer3_layer4,plannedj,rpmanipulate,,1.00,1.00,"0.133776;0.348742;0.490041;0.000000;-3.141590;0.000000","1.656148;-0.959557;-2.051016;-1.701770;1.553554;1.650556",True,7243.85,18.22,30,2.841,9329.61,15.33,0.00,15.33,,
188,False,,2026-05-29 17:24:31.583,MoveToLL,MoveToLL_moveToTarget_TravelML_robot1_rpmanipulate_rppickup_dup17,plannedj,rppickup,,1.00,1.00,"0.607360;-0.274802;0.339901;0.000000;-3.141590;0.000000","-0.128900;-1.540886;-1.932730;-1.238644;1.554514;-1.707900",True,10909.92,52.60,50,4.860,13038.25,3560.27,0.00,3560.27,,
189,False,,2026-05-29 17:24:44.651,MoveToLL,MoveToLL_moveToPickPosition_PickUpML_cube3_initloccube3_robot1_gripper1_rppickup,plannedl,initloccube3,,1.00,1.00,"0.599380;-0.283000;-0.009000;0.000000;-3.141590;0.000000","",True,3864.24,18.82,16,1.421,5981.26,29.46,0.00,29.46,,
190,False,,2026-05-29 17:24:50.661,CloseGripperLL,CloseGripperLL_closeGripper_PickUpML_cube3_initloccube3_robot1_gripper1_rppickup,close_gripper,,,0.50,1.00,"","",True,1811.11,0.00,0,0.000,3869.50,28.60,0.00,28.60,,
191,False,,2026-05-29 17:24:54.547,MoveToLL,MoveToLL_moveToRetract_PickUpML_cube3_initloccube3_robot1_gripper1_rppickup,plannedl,rppickup,,1.00,1.00,"0.607360;-0.274802;0.339901;0.000000;-3.141590;0.000000","-0.128900;-1.540886;-1.932730;-1.238644;1.554514;-1.707900",True,3911.44,14.05,16,1.400,5995.07,17.07,0.00,17.07,,
192,False,,2026-05-29 17:25:04.170,MoveToLL,MoveToLL_moveToTarget_TravelML_robot1_rppickup_rpmanipulate_dup17,plannedj,rpmanipulate,,1.00,1.00,"0.133776;0.348742;0.490041;0.000000;-3.141590;0.000000","1.656148;-0.959557;-2.051016;-1.701770;1.553554;1.650556",True,11506.94,43.05,51,4.916,13684.21,3627.61,0.00,3627.61,,
193,False,,2026-05-29 17:25:17.888,MoveToLL,MoveToLL_moveToStackPos_StackML_cube3_stick10_robot1_gripper1_finalloccube3_rpmanipulate,plannedj,finalloccube3,,1.00,1.00,"0.215826;0.995971;0.043500;0.000000;-3.141590;0.000000","",True,7051.83,15.81,28,2.655,9135.26,34.07,0.00,34.07,,
194,False,,2026-05-29 17:25:27.051,OpenGripperLL,OpenGripperLL_openGripper_StackML_cube3_stick10_robot1_gripper1_finalloccube3_rpmanipulate,open_gripper,,,0.50,1.00,"","",True,1652.74,0.00,0,0.000,3693.79,27.69,0.00,27.69,,
195,False,,2026-05-29 17:25:30.773,LiftLL,LiftLL_liftAfterStack_StackML_cube3_stick10_robot1_gripper1_finalloccube3_rpmanipulate,lift,,,0.50,1.00,"","",True,3677.01,0.00,0,0.000,5709.54,28.17,0.00,28.17,,
196,False,,2026-05-29 17:25:36.498,MoveToLL,MoveToLL_moveToRobotPosition_StackML_cube3_stick10_robot1_gripper1_finalloccube3_rpmanipulate,plannedj,rpmanipulate,,1.00,1.00,"0.133776;0.348742;0.490041;0.000000;-3.141590;0.000000","1.656148;-0.959557;-2.051016;-1.701770;1.553554;1.650556",True,6839.90,19.97,28,2.652,8908.67,15.72,0.00,15.72,,
197,False,,2026-05-29 17:25:49.027,MoveToLL,MoveToLL_moveToTarget_TravelML_robot1_rpmanipulate_rppickup_dup18,plannedj,rppickup,,1.00,1.00,"0.607360;-0.274802;0.339901;0.000000;-3.141590;0.000000","-0.128900;-1.540886;-1.932730;-1.238644;1.554514;-1.707900",True,11195.78,16.76,50,4.859,13311.27,3619.71,0.00,3619.71,,
198,False,,2026-05-29 17:26:02.391,MoveToLL,MoveToLL_moveToPickPosition_PickUpML_stick16_initlocstick16_robot1_gripper1_rppickup,plannedl,initlocstick16,,1.00,1.00,"0.599380;-0.283000;-0.009000;0.000000;-3.141590;0.000000","",True,3875.32,27.16,16,1.421,6000.07,53.31,0.00,53.31,,
199,False,,2026-05-29 17:26:08.407,CloseGripperLL,CloseGripperLL_closeGripper_PickUpML_stick16_initlocstick16_robot1_gripper1_rppickup,close_gripper,,,0.50,1.00,"","",True,1793.23,0.00,0,0.000,3836.03,15.41,0.00,15.41,,
200,False,,2026-05-29 17:26:12.267,MoveToLL,MoveToLL_moveToRetract_PickUpML_stick16_initlocstick16_robot1_gripper1_rppickup,plannedl,rppickup,,1.00,1.00,"0.607360;-0.274802;0.339901;0.000000;-3.141590;0.000000","-0.128900;-1.540886;-1.932730;-1.238644;1.554514;-1.707900",True,3857.11,35.30,16,1.400,6001.56,23.83,0.00,23.83,,
201,False,,2026-05-29 17:26:22.065,MoveToLL,MoveToLL_moveToTarget_TravelML_robot1_rppickup_rpmanipulate_dup18,plannedj,rpmanipulate,,1.00,1.00,"0.133776;0.348742;0.490041;0.000000;-3.141590;0.000000","1.656148;-0.959557;-2.051016;-1.701770;1.553554;1.650556",True,11452.41,16.13,51,4.916,13518.05,3797.05,0.00,3797.05,,
202,False,,2026-05-29 17:26:35.616,MoveToLL,MoveToLL_moveToStackPos_StackOnTwoML_stick16_robot1_finallocstick16_rpmanipulate_stick11_stick12_gripper1_layer3_layer4,plannedj,finallocstick16,,1.00,1.00,"0.223910;0.673808;0.042500;0.000000;-3.141590;0.000000","",True,7128.99,40.23,28,2.696,9278.91,32.14,0.00,32.14,,
203,False,,2026-05-29 17:26:44.910,OpenGripperLL,OpenGripperLL_openGripper_StackOnTwoML_stick16_robot1_finallocstick16_rpmanipulate_stick11_stick12_gripper1_layer3_layer4,open_gripper,,,0.50,1.00,"","",True,2395.68,0.00,0,0.000,4486.27,14.99,0.00,14.99,,
204,False,,2026-05-29 17:26:49.415,LiftLL,LiftLL_liftAfterStack_StackOnTwoML_stick16_robot1_finallocstick16_rpmanipulate_stick11_stick12_gripper1_layer3_layer4,lift,,,0.50,1.00,"","",True,3606.73,0.00,0,0.000,5625.80,18.78,0.00,18.78,,
205,False,,2026-05-29 17:26:55.066,MoveToLL,MoveToLL_moveToRobotPos_StackOnTwoML_stick16_robot1_finallocstick16_rpmanipulate_stick11_stick12_gripper1_layer3_layer4,plannedj,rpmanipulate,,1.00,1.00,"0.133776;0.348742;0.490041;0.000000;-3.141590;0.000000","1.656148;-0.959557;-2.051016;-1.701770;1.553554;1.650556",True,6795.33,61.18,28,2.694,8959.44,25.89,0.00,25.89,,
206,False,,2026-05-29 17:27:07.623,MoveToLL,MoveToLL_moveToTarget_TravelML_robot1_rpmanipulate_rppickup_dup19,plannedj,rppickup,,1.00,1.00,"0.607360;-0.274802;0.339901;0.000000;-3.141590;0.000000","-0.128900;-1.540886;-1.932730;-1.238644;1.554514;-1.707900",True,11173.32,15.36,50,4.858,13264.04,3597.28,0.00,3597.28,,
207,False,,2026-05-29 17:27:20.932,MoveToLL,MoveToLL_moveToPickPosition_PickUpML_stick14_initlocstick14_robot1_gripper1_rppickup,plannedl,initlocstick14,,1.00,1.00,"0.599380;-0.283000;-0.009000;0.000000;-3.141590;0.000000","",True,3904.54,19.05,16,1.421,6008.14,45.34,0.00,45.34,,
208,False,,2026-05-29 17:27:26.956,CloseGripperLL,CloseGripperLL_closeGripper_PickUpML_stick14_initlocstick14_robot1_gripper1_rppickup,close_gripper,,,0.50,1.00,"","",True,1770.26,0.00,0,0.000,3801.88,15.44,0.00,15.44,,
209,False,,2026-05-29 17:27:30.777,MoveToLL,MoveToLL_moveToRetract_PickUpML_stick14_initlocstick14_robot1_gripper1_rppickup,plannedl,rppickup,,1.00,1.00,"0.607360;-0.274802;0.339901;0.000000;-3.141590;0.000000","-0.128900;-1.540886;-1.932730;-1.238644;1.554514;-1.707900",True,3914.78,28.38,16,1.400,6062.11,18.71,0.00,18.71,,
210,False,,2026-05-29 17:27:40.702,MoveToLL,MoveToLL_moveToTarget_TravelML_robot1_rppickup_rpmanipulate_dup19,plannedj,rpmanipulate,,1.00,1.00,"0.133776;0.348742;0.490041;0.000000;-3.141590;0.000000","1.656148;-0.959557;-2.051016;-1.701770;1.553554;1.650556",True,11275.94,32.38,51,4.916,13384.15,3863.40,0.00,3863.40,,
211,False,,2026-05-29 17:27:54.129,MoveToLL,MoveToLL_moveToStackPos_StackOnTwoML_stick14_robot1_finallocstick14_rpmanipulate_cube2_stick9_gripper1_layer2_layer3,plannedj,finallocstick14,,1.00,1.00,"-0.188963;0.959695;0.025000;0.000000;-3.141590;0.000000","",True,6012.74,37.39,23,2.168,8169.64,42.67,0.00,42.67,,
212,False,,2026-05-29 17:28:02.314,OpenGripperLL,OpenGripperLL_openGripper_StackOnTwoML_stick14_robot1_finallocstick14_rpmanipulate_cube2_stick9_gripper1_layer2_layer3,open_gripper,,,0.50,1.00,"","",True,1749.61,0.00,0,0.000,3804.29,15.31,0.00,15.31,,
213,False,,2026-05-29 17:28:06.131,LiftLL,LiftLL_liftAfterStack_StackOnTwoML_stick14_robot1_finallocstick14_rpmanipulate_cube2_stick9_gripper1_layer2_layer3,lift,,,0.50,1.00,"","",True,3707.00,0.00,0,0.000,5762.35,13.37,0.00,13.37,,
214,False,,2026-05-29 17:28:11.912,MoveToLL,MoveToLL_moveToRobotPos_StackOnTwoML_stick14_robot1_finallocstick14_rpmanipulate_cube2_stick9_gripper1_layer2_layer3,plannedj,rpmanipulate,,1.00,1.00,"0.133776;0.348742;0.490041;0.000000;-3.141590;0.000000","1.656148;-0.959557;-2.051016;-1.701770;1.553554;1.650556",True,5646.42,24.06,23,2.104,7783.78,18.22,0.00,18.22,,
215,False,,2026-05-29 17:28:23.441,MoveToLL,MoveToLL_moveToTarget_TravelML_robot1_rpmanipulate_rppickup_dup20,plannedj,rppickup,,1.00,1.00,"0.607360;-0.274802;0.339901;0.000000;-3.141590;0.000000","-0.128900;-1.540886;-1.932730;-1.238644;1.554514;-1.707900",True,11439.57,19.09,50,4.859,13540.28,3745.31,0.00,3745.31,,
216,False,,2026-05-29 17:28:37.018,MoveToLL,MoveToLL_moveToPickPosition_PickUpML_stick13_initlocstick13_robot1_gripper1_rppickup,plannedl,initlocstick13,,1.00,1.00,"0.599380;-0.283000;-0.009000;0.000000;-3.141590;0.000000","",True,3874.00,33.44,16,1.421,5987.37,36.64,0.00,36.64,,
217,False,,2026-05-29 17:28:43.022,CloseGripperLL,CloseGripperLL_closeGripper_PickUpML_stick13_initlocstick13_robot1_gripper1_rppickup,close_gripper,,,0.50,1.00,"","",True,1814.27,0.00,0,0.000,3839.31,16.15,0.00,16.15,,
218,False,,2026-05-29 17:28:46.880,MoveToLL,MoveToLL_moveToRetract_PickUpML_stick13_initlocstick13_robot1_gripper1_rppickup,plannedl,rppickup,,1.00,1.00,"0.607360;-0.274802;0.339901;0.000000;-3.141590;0.000000","-0.128900;-1.540886;-1.932730;-1.238644;1.554514;-1.707900",True,3882.78,31.31,16,1.400,6013.68,19.18,0.00,19.18,,
219,False,,2026-05-29 17:28:56.931,MoveToLL,MoveToLL_moveToTarget_TravelML_robot1_rppickup_rpmanipulate_dup20,plannedj,rpmanipulate,,1.00,1.00,"0.133776;0.348742;0.490041;0.000000;-3.141590;0.000000","1.656148;-0.959557;-2.051016;-1.701770;1.553554;1.650556",True,11137.48,31.59,51,4.916,13268.28,4037.43,0.00,4037.43,,
220,False,,2026-05-29 17:29:10.233,MoveToLL,MoveToLL_moveToStackPos_StackOnTwoML_stick13_robot1_finallocstick13_rpmanipulate_stick8_stick9_gripper1_layer2_layer3,plannedj,finallocstick13,,1.00,1.00,"-0.002981;0.875107;0.025000;0.000000;-3.141590;0.000000","",True,6388.55,23.99,25,2.331,8508.73,34.04,0.00,34.04,,
221,False,,2026-05-29 17:29:18.761,OpenGripperLL,OpenGripperLL_openGripper_StackOnTwoML_stick13_robot1_finallocstick13_rpmanipulate_stick8_stick9_gripper1_layer2_layer3,open_gripper,,,0.50,1.00,"","",True,2235.25,0.00,0,0.000,4276.17,18.71,0.00,18.71,,
222,False,,2026-05-29 17:29:23.063,LiftLL,LiftLL_liftAfterStack_StackOnTwoML_stick13_robot1_finallocstick13_rpmanipulate_stick8_stick9_gripper1_layer2_layer3,lift,,,0.50,1.00,"","",True,3706.91,0.00,0,0.000,5724.04,26.00,0.00,26.00,,
223,False,,2026-05-29 17:29:28.806,MoveToLL,MoveToLL_moveToRobotPos_StackOnTwoML_stick13_robot1_finallocstick13_rpmanipulate_stick8_stick9_gripper1_layer2_layer3,plannedj,rpmanipulate,,1.00,1.00,"0.133776;0.348742;0.490041;0.000000;-3.141590;0.000000","1.656148;-0.959557;-2.051016;-1.701770;1.553554;1.650556",True,6183.89,18.28,25,2.329,8261.10,19.19,0.00,19.19,,
224,False,,2026-05-29 17:29:40.647,MoveToLL,MoveToLL_moveToTarget_TravelML_robot1_rpmanipulate_rppickup_dup21,plannedj,rppickup,,1.00,1.00,"0.607360;-0.274802;0.339901;0.000000;-3.141590;0.000000","-0.128900;-1.540886;-1.932730;-1.238644;1.554514;-1.707900",True,11121.19,17.29,50,4.860,13213.25,3579.71,0.00,3579.71,,
225,False,,2026-05-29 17:29:53.901,MoveToLL,MoveToLL_moveToPickPosition_PickUpML_cube4_initloccube4_robot1_gripper1_rppickup,plannedl,initloccube4,,1.00,1.00,"0.599380;-0.283000;-0.009000;0.000000;-3.141590;0.000000","",True,3886.05,42.35,16,1.421,6012.23,40.41,0.00,40.41,,
226,False,,2026-05-29 17:29:59.935,CloseGripperLL,CloseGripperLL_closeGripper_PickUpML_cube4_initloccube4_robot1_gripper1_rppickup,close_gripper,,,0.50,1.00,"","",True,1803.61,0.00,0,0.000,3814.23,22.16,0.00,22.16,,
227,False,,2026-05-29 17:30:03.779,MoveToLL,MoveToLL_moveToRetract_PickUpML_cube4_initloccube4_robot1_gripper1_rppickup,plannedl,rppickup,,1.00,1.00,"0.607360;-0.274802;0.339901;0.000000;-3.141590;0.000000","-0.128900;-1.540886;-1.932730;-1.238644;1.554514;-1.707900",True,3901.65,25.06,16,1.400,6000.71,29.45,0.00,29.45,,
228,False,,2026-05-29 17:30:13.590,MoveToLL,MoveToLL_moveToTarget_TravelML_robot1_rppickup_rpmanipulate_dup21,plannedj,rpmanipulate,,1.00,1.00,"0.133776;0.348742;0.490041;0.000000;-3.141590;0.000000","1.656148;-0.959557;-2.051016;-1.701770;1.553554;1.650556",True,11385.02,20.40,51,4.916,13487.98,3810.60,0.00,3810.60,,
229,False,,2026-05-29 17:30:27.118,MoveToLL,MoveToLL_moveToStackPos_StackML_cube4_stick14_robot1_gripper1_finalloccube4_rpmanipulate,plannedj,finalloccube4,,1.00,1.00,"-0.236642;0.934344;0.042500;0.000000;-3.141590;0.000000","",True,5846.23,20.62,23,2.120,8090.57,39.99,0.00,39.99,,
230,False,,2026-05-29 17:30:35.238,OpenGripperLL,OpenGripperLL_openGripper_StackML_cube4_stick14_robot1_gripper1_finalloccube4_rpmanipulate,open_gripper,,,0.50,1.00,"","",True,1846.05,0.00,0,0.000,3873.17,29.29,0.00,29.29,,
231,False,,2026-05-29 17:30:39.134,LiftLL,LiftLL_liftAfterStack_StackML_cube4_stick14_robot1_gripper1_finalloccube4_rpmanipulate,lift,,,0.50,1.00,"","",True,3733.57,0.00,0,0.000,5755.72,22.61,0.00,22.61,,
232,False,,2026-05-29 17:30:44.912,MoveToLL,MoveToLL_moveToRobotPosition_StackML_cube4_stick14_robot1_gripper1_finalloccube4_rpmanipulate,plannedj,rpmanipulate,,1.00,1.00,"0.133776;0.348742;0.490041;0.000000;-3.141590;0.000000","1.656148;-0.959557;-2.051016;-1.701770;1.553554;1.650556",True,5480.83,28.65,22,2.031,7618.84,22.87,0.00,22.87,,
233,False,,2026-05-29 17:30:56.061,MoveToLL,MoveToLL_moveToTarget_TravelML_robot1_rpmanipulate_rppickup_dup22,plannedj,rppickup,,1.00,1.00,"0.607360;-0.274802;0.339901;0.000000;-3.141590;0.000000","-0.128900;-1.540886;-1.932730;-1.238644;1.554514;-1.707900",True,10984.46,35.02,50,4.859,13085.27,3529.63,0.00,3529.63,,
234,False,,2026-05-29 17:31:09.178,MoveToLL,MoveToLL_moveToPickPosition_PickUpML_stick17_initlocstick17_robot1_gripper1_rppickup,plannedl,initlocstick17,,1.00,1.00,"0.599380;-0.283000;-0.009000;0.000000;-3.141590;0.000000","",True,3882.19,22.53,16,1.421,6004.41,31.75,0.00,31.75,,
235,False,,2026-05-29 17:31:15.199,CloseGripperLL,CloseGripperLL_closeGripper_PickUpML_stick17_initlocstick17_robot1_gripper1_rppickup,close_gripper,,,0.50,1.00,"","",True,1749.16,0.00,0,0.000,3757.60,16.27,0.00,16.27,,
236,False,,2026-05-29 17:31:18.974,MoveToLL,MoveToLL_moveToRetract_PickUpML_stick17_initlocstick17_robot1_gripper1_rppickup,plannedl,rppickup,,1.00,1.00,"0.607360;-0.274802;0.339901;0.000000;-3.141590;0.000000","-0.128900;-1.540886;-1.932730;-1.238644;1.554514;-1.707900",True,3868.30,42.57,16,1.400,6014.23,18.29,0.00,18.29,,
237,False,,2026-05-29 17:31:29.013,MoveToLL,MoveToLL_moveToTarget_TravelML_robot1_rppickup_rpmanipulate_dup22,plannedj,rpmanipulate,,1.00,1.00,"0.133776;0.348742;0.490041;0.000000;-3.141590;0.000000","1.656148;-0.959557;-2.051016;-1.701770;1.553554;1.650556",True,11181.68,25.57,51,4.916,13281.05,4024.28,0.00,4024.28,,
238,False,,2026-05-29 17:31:42.332,MoveToLL,MoveToLL_moveToStackPos_StackOnTwoML_stick17_robot1_finallocstick17_rpmanipulate_stick13_stick12_gripper1_layer3_layer4,plannedj,finallocstick17,,1.00,1.00,"0.010461;0.757124;0.042500;0.000000;-3.141590;0.000000","",True,6378.96,20.07,25,2.311,8551.72,38.09,0.00,38.09,,
239,False,,2026-05-29 17:31:50.902,OpenGripperLL,OpenGripperLL_openGripper_StackOnTwoML_stick17_robot1_finallocstick17_rpmanipulate_stick13_stick12_gripper1_layer3_layer4,open_gripper,,,0.50,1.00,"","",True,2165.68,0.00,0,0.000,4219.53,18.32,0.00,18.32,,
240,False,,2026-05-29 17:31:55.148,LiftLL,LiftLL_liftAfterStack_StackOnTwoML_stick17_robot1_finallocstick17_rpmanipulate_stick13_stick12_gripper1_layer3_layer4,lift,,,0.50,1.00,"","",True,3713.01,0.00,0,0.000,5751.65,26.51,0.00,26.51,,
241,False,,2026-05-29 17:32:00.916,MoveToLL,MoveToLL_moveToRobotPos_StackOnTwoML_stick17_robot1_finallocstick17_rpmanipulate_stick13_stick12_gripper1_layer3_layer4,plannedj,rpmanipulate,,1.00,1.00,"0.133776;0.348742;0.490041;0.000000;-3.141590;0.000000","1.656148;-0.959557;-2.051016;-1.701770;1.553554;1.650556",True,6023.99,15.16,25,2.308,8214.22,15.89,0.00,15.89,,
242,False,,2026-05-29 17:32:12.621,MoveToLL,MoveToLL_moveToTarget_TravelML_robot1_rpmanipulate_rptoolchange_dup3,plannedj,rptoolchange,,1.00,1.00,"-0.276143;0.385864;0.086921;-3.141491;-0.002589;-0.000081","2.086106;-1.186673;-2.396030;-1.129490;1.555172;0.503193",True,5140.51,33.55,21,1.926,7332.30,3491.31,0.00,3491.31,,
243,False,,2026-05-29 17:32:19.989,DeequipToolLL,DeequipToolLL_deequipTool_DeequipML_robot1_gripper1_equiplocgripper_rptoolchange_dup2,play_program,,gripper,0.50,1.00,"","",True,21653.47,0.00,0,0.000,23679.59,35.92,0.00,35.92,,
244,False,,2026-05-29 17:32:43.702,EquipToolLL,EquipToolLL_equipTool_EquipeML_robot1_staplergun1_rptoolchange_equiplocstapler_dup2,play_program,,nailgun,0.50,1.00,"","",True,10432.12,0.00,0,0.000,12479.10,33.28,0.00,33.28,,
245,False,,2026-05-29 17:32:59.672,MoveToLL,MoveToLL_moveToTarget_TravelML_robot1_rptoolchange_rpmanipulate_dup2,plannedj,rpmanipulate,,1.00,1.00,"0.133776;0.348742;0.490041;0.000000;-3.141590;0.000000","1.656148;-0.959557;-2.051016;-1.701770;1.553554;1.650556",True,5161.61,50.65,21,1.941,9885.71,3490.81,0.00,3490.81,,
246,False,,2026-05-29 17:33:09.628,NailingLL,NailingLL_moveToNailPos_NailingML_stick17_stick12_robot1_staplergun1_rpmanipulate,movej,unknown,nailgun,0.30,0.30,"0.005999;0.740352;0.062542;2.221441;-2.221441;0.000000","",True,7938.23,0.00,0,0.000,9982.48,70.24,0.00,70.24,,
247,False,,2026-05-29 17:33:19.633,PushDownLL,PushDownLL_pushDown_NailingML_stick17_stick12_robot1_staplergun1_rpmanipulate,lift,,,0.50,1.00,"","",True,1738.46,0.00,0,0.000,3760.41,22.07,0.00,22.07,,
248,False,,2026-05-29 17:33:23.414,LiftLL,LiftLL_liftAfterNail_NailingML_stick17_stick12_robot1_staplergun1_rpmanipulate,lift,,,0.50,1.00,"","",True,4100.89,0.00,0,0.000,6128.88,20.51,0.00,20.51,,
249,False,,2026-05-29 17:33:33.165,NailingLL,NailingLL_moveToNailPos_NailingML_stick17_stick13_robot1_staplergun1_rpmanipulate,movej,unknown,nailgun,0.30,0.30,"0.026977;0.818763;0.062550;2.221441;-2.221441;0.000000","",True,4319.90,0.00,0,0.000,6344.02,3622.38,0.00,3622.38,,
250,False,,2026-05-29 17:33:39.537,PushDownLL,PushDownLL_pushDown_NailingML_stick17_stick13_robot1_staplergun1_rpmanipulate,lift,,,0.50,1.00,"","",True,1912.66,0.00,0,0.000,3953.88,27.94,0.00,27.94,,
251,False,,2026-05-29 17:33:43.514,LiftLL,LiftLL_liftAfterNail_NailingML_stick17_stick13_robot1_staplergun1_rpmanipulate,lift,,,0.50,1.00,"","",True,4031.87,0.00,0,0.000,6067.19,23.58,0.00,23.58,,
252,False,,2026-05-29 17:33:52.965,NailingLL,NailingLL_moveToNailPos_NailingML_cube3_stick10_robot1_staplergun1_rpmanipulate,movej,unknown,nailgun,0.30,0.30,"0.215763;0.995853;0.063550;2.221441;-2.221441;0.000000","",True,5755.53,0.00,0,0.000,7781.05,3383.21,0.00,3383.21,,
253,False,,2026-05-29 17:34:00.763,PushDownLL,PushDownLL_pushDown_NailingML_cube3_stick10_robot1_staplergun1_rpmanipulate,lift,,,0.50,1.00,"","",True,1367.59,0.00,0,0.000,3400.43,17.42,0.00,17.42,,
254,False,,2026-05-29 17:34:04.191,LiftLL,LiftLL_liftAfterNail_NailingML_cube3_stick10_robot1_staplergun1_rpmanipulate,lift,,,0.50,1.00,"","",True,4096.86,0.00,0,0.000,6124.33,27.01,0.00,27.01,,
255,False,,2026-05-29 17:34:13.676,NailingLL,NailingLL_moveToNailPos_NailingML_cube4_stick14_robot1_staplergun1_rpmanipulate,movej,unknown,nailgun,0.30,0.30,"-0.233772;0.935870;0.062575;2.221441;-2.221441;0.000000","",True,6800.35,0.00,0,0.000,8857.45,3361.00,0.00,3361.00,,
256,False,,2026-05-29 17:34:22.551,PushDownLL,PushDownLL_pushDown_NailingML_cube4_stick14_robot1_staplergun1_rpmanipulate,lift,,,0.50,1.00,"","",True,1913.90,0.00,0,0.000,3948.46,17.99,0.00,17.99,,
257,False,,2026-05-29 17:34:26.529,LiftLL,LiftLL_liftAfterNail_NailingML_cube4_stick14_robot1_staplergun1_rpmanipulate,lift,,,0.50,1.00,"","",True,4115.79,0.00,0,0.000,6160.71,29.21,0.00,29.21,,
258,False,,2026-05-29 17:34:36.142,NailingLL,NailingLL_moveToNailPos_NailingML_stick15_stick10_robot1_staplergun1_rpmanipulate,movej,unknown,nailgun,0.30,0.30,"0.320230;0.940257;0.063575;2.221441;-2.221441;0.000000","",True,7404.52,0.00,0,0.000,9448.51,3451.76,0.00,3451.76,,
259,False,,2026-05-29 17:34:45.607,PushDownLL,PushDownLL_pushDown_NailingML_stick15_stick10_robot1_staplergun1_rpmanipulate,lift,,,0.50,1.00,"","",True,1903.30,0.00,0,0.000,3932.71,16.64,0.00,16.64,,
260,False,,2026-05-29 17:34:49.559,LiftLL,LiftLL_liftAfterNail_NailingML_stick15_stick10_robot1_staplergun1_rpmanipulate,lift,,,0.50,1.00,"","",True,4101.80,0.00,0,0.000,6152.80,19.72,0.00,19.72,,
261,False,,2026-05-29 17:34:59.036,NailingLL,NailingLL_moveToNailPos_NailingML_stick15_stick11_robot1_staplergun1_rpmanipulate,movej,unknown,nailgun,0.30,0.30,"0.362728;0.809695;0.063050;2.221441;-2.221441;0.000000","",True,5416.73,0.00,0,0.000,7434.35,3324.37,0.00,3324.37,,
262,False,,2026-05-29 17:35:06.504,PushDownLL,PushDownLL_pushDown_NailingML_stick15_stick11_robot1_staplergun1_rpmanipulate,lift,,,0.50,1.00,"","",True,1726.93,0.00,0,0.000,3775.48,32.98,0.00,32.98,,
263,False,,2026-05-29 17:35:10.306,LiftLL,LiftLL_liftAfterNail_NailingML_stick15_stick11_robot1_staplergun1_rpmanipulate,lift,,,0.50,1.00,"","",True,4079.43,0.00,0,0.000,6127.19,27.28,0.00,27.28,,
264,False,,2026-05-29 17:35:19.923,NailingLL,NailingLL_moveToNailPos_NailingML_stick16_stick11_robot1_staplergun1_rpmanipulate,movej,unknown,nailgun,0.30,0.30,"0.291949;0.692040;0.062575;2.221441;-2.221441;0.000000","",True,5512.39,0.00,0,0.000,7559.58,3489.87,0.00,3489.87,,
265,False,,2026-05-29 17:35:27.513,PushDownLL,PushDownLL_pushDown_NailingML_stick16_stick11_robot1_staplergun1_rpmanipulate,lift,,,0.50,1.00,"","",True,1465.32,0.00,0,0.000,3505.23,30.18,0.00,30.18,,
266,False,,2026-05-29 17:35:31.049,LiftLL,LiftLL_liftAfterNail_NailingML_stick16_stick11_robot1_staplergun1_rpmanipulate,lift,,,0.50,1.00,"","",True,4058.34,0.00,0,0.000,6118.43,30.32,0.00,30.32,,
267,False,,2026-05-29 17:35:40.568,NailingLL,NailingLL_moveToNailPos_NailingML_stick16_stick12_robot1_staplergun1_rpmanipulate,movej,unknown,nailgun,0.30,0.30,"0.162271;0.657292;0.062550;2.221441;-2.221441;0.000000","",True,5107.50,0.00,0,0.000,7148.82,3400.69,0.00,3400.69,,
268,False,,2026-05-29 17:35:47.744,PushDownLL,PushDownLL_pushDown_NailingML_stick16_stick12_robot1_staplergun1_rpmanipulate,lift,,,0.50,1.00,"","",True,1236.42,0.00,0,0.000,3275.94,27.70,0.00,27.70,,
269,False,,2026-05-29 17:35:51.062,LiftLL,LiftLL_liftAfterNail_NailingML_stick16_stick12_robot1_staplergun1_rpmanipulate,lift,,,0.50,1.00,"","",True,4063.99,0.00,0,0.000,6108.31,41.55,0.00,41.55,,
270,False,,2026-05-29 17:36:00.887,MoveToLL,MoveToLL_moveToTarget_TravelML_robot1_rpmanipulate_rptoolchange_dup4,plannedj,rptoolchange,,1.00,1.00,"-0.276143;0.385864;0.086921;-3.141491;-0.002589;-0.000081","2.086106;-1.186673;-2.396030;-1.129490;1.555172;0.503193",True,4816.25,17.07,20,1.852,6900.28,3717.30,0.00,3717.30,,
271,False,,2026-05-29 17:36:07.829,DeequipToolLL,DeequipToolLL_deequipTool_DeequipML_robot1_staplergun1_equiplocstapler_rptoolchange_dup2,play_program,,nailgun,0.50,1.00,"","",True,7985.43,0.00,0,0.000,10045.56,41.52,0.00,41.52,,
272,False,,2026-05-29 17:36:17.916,EquipToolLL,EquipToolLL_equipTool_EquipeML_robot1_gripper1_rptoolchange_equiplocgripper_dup2,play_program,,gripper,0.50,1.00,"","",True,21555.06,0.00,0,0.000,23574.44,40.73,0.00,40.73,,
273,False,,2026-05-29 17:36:45.059,MoveToLL,MoveToLL_moveToTarget_TravelML_robot1_rptoolchange_rppickup_dup2,plannedj,rppickup,,1.00,1.00,"0.607360;-0.274802;0.339901;0.000000;-3.141590;0.000000","-0.128900;-1.540886;-1.932730;-1.238644;1.554514;-1.707900",True,8586.61,79.05,35,3.357,13799.90,3569.22,0.00,3569.22,,
274,False,,2026-05-29 17:36:58.905,MoveToLL,MoveToLL_moveToPickPosition_PickUpML_stick18_initlocstick18_robot1_gripper1_rppickup,plannedl,initlocstick18,,1.00,1.00,"0.599380;-0.283000;-0.009000;0.000000;-3.141590;0.000000","",True,4533.55,31.96,16,1.419,6664.43,45.70,0.00,45.70,,
275,False,,2026-05-29 17:37:05.592,CloseGripperLL,CloseGripperLL_closeGripper_PickUpML_stick18_initlocstick18_robot1_gripper1_rppickup,close_gripper,,,0.50,1.00,"","",True,1786.34,0.00,0,0.000,3807.76,22.94,0.00,22.94,,
276,False,,2026-05-29 17:37:09.422,MoveToLL,MoveToLL_moveToRetract_PickUpML_stick18_initlocstick18_robot1_gripper1_rppickup,plannedl,rppickup,,1.00,1.00,"0.607360;-0.274802;0.339901;0.000000;-3.141590;0.000000","-0.128900;-1.540886;-1.932730;-1.238644;1.554514;-1.707900",True,3836.21,48.37,16,1.401,6046.62,22.42,0.00,22.42,,
277,False,,2026-05-29 17:37:19.349,MoveToLL,MoveToLL_moveToTarget_TravelML_robot1_rppickup_rpmanipulate_dup23,plannedj,rpmanipulate,,1.00,1.00,"0.133776;0.348742;0.490041;0.000000;-3.141590;0.000000","1.656148;-0.959557;-2.051016;-1.701770;1.553554;1.650556",True,11416.30,32.44,51,4.916,13692.30,3879.60,0.00,3879.60,,
278,False,,2026-05-29 17:37:33.109,MoveToLL,MoveToLL_moveToStackPos_StackOnTwoML_stick18_robot1_finallocstick18_rpmanipulate_stick14_stick13_gripper1_layer3_layer4,plannedj,finallocstick18,,1.00,1.00,"-0.104090;0.955533;0.042500;0.000000;-3.141590;0.000000","",True,5825.53,22.49,24,2.216,7951.49,68.23,0.00,68.23,,
279,False,,2026-05-29 17:37:41.082,OpenGripperLL,OpenGripperLL_openGripper_StackOnTwoML_stick18_robot1_finallocstick18_rpmanipulate_stick14_stick13_gripper1_layer3_layer4,open_gripper,,,0.50,1.00,"","",True,1669.96,0.00,0,0.000,3723.59,21.06,0.00,21.06,,
280,False,,2026-05-29 17:37:44.835,LiftLL,LiftLL_liftAfterStack_StackOnTwoML_stick18_robot1_finallocstick18_rpmanipulate_stick14_stick13_gripper1_layer3_layer4,lift,,,0.50,1.00,"","",True,3702.31,0.00,0,0.000,5749.45,29.89,0.00,29.89,,
281,False,,2026-05-29 17:37:50.601,MoveToLL,MoveToLL_moveToRobotPos_StackOnTwoML_stick18_robot1_finallocstick18_rpmanipulate_stick14_stick13_gripper1_layer3_layer4,plannedj,rpmanipulate,,1.00,1.00,"0.133776;0.348742;0.490041;0.000000;-3.141590;0.000000","1.656148;-0.959557;-2.051016;-1.701770;1.553554;1.650556",True,5917.46,16.67,24,2.213,8000.90,16.26,0.00,16.26,,
282,False,,2026-05-29 17:38:02.025,MoveToLL,MoveToLL_moveToTarget_TravelML_robot1_rpmanipulate_rptoolchange_dup5,plannedj,rptoolchange,,1.00,1.00,"-0.276143;0.385864;0.086921;-3.141491;-0.002589;-0.000081","2.086106;-1.186673;-2.396030;-1.129490;1.555172;0.503193",True,5319.66,44.89,21,1.926,7607.87,3423.68,0.00,3423.68,,
283,False,,2026-05-29 17:38:09.667,DeequipToolLL,DeequipToolLL_deequipTool_DeequipML_robot1_gripper1_equiplocgripper_rptoolchange_dup3,play_program,,gripper,0.50,1.00,"","",True,21675.78,0.00,0,0.000,23713.82,33.94,0.00,33.94,,
284,False,,2026-05-29 17:38:33.416,EquipToolLL,EquipToolLL_equipTool_EquipeML_robot1_staplergun1_rptoolchange_equiplocstapler_dup3,play_program,,nailgun,0.50,1.00,"","",True,10424.39,0.00,0,0.000,12452.37,34.71,0.00,34.71,,
285,False,,2026-05-29 17:38:49.282,MoveToLL,MoveToLL_moveToTarget_TravelML_robot1_rptoolchange_rpmanipulate_dup3,plannedj,rpmanipulate,,1.00,1.00,"0.133776;0.348742;0.490041;0.000000;-3.141590;0.000000","1.656148;-0.959557;-2.051016;-1.701770;1.553554;1.650556",True,5328.60,34.42,21,1.941,9965.88,3413.38,0.00,3413.38,,
286,False,,2026-05-29 17:38:59.308,NailingLL,NailingLL_moveToNailPos_NailingML_stick18_stick13_robot1_staplergun1_rpmanipulate,movej,unknown,nailgun,0.30,0.30,"-0.036051;0.937302;0.062550;2.221441;-2.221441;0.000000","",True,10006.20,0.00,0,0.000,12032.09,61.04,0.00,61.04,,
287,False,,2026-05-29 17:39:11.362,PushDownLL,PushDownLL_pushDown_NailingML_stick18_stick13_robot1_staplergun1_rpmanipulate,lift,,,0.50,1.00,"","",True,1247.52,0.00,0,0.000,3280.83,21.10,0.00,21.10,,
288,False,,2026-05-29 17:39:14.670,LiftLL,LiftLL_liftAfterNail_NailingML_stick18_stick13_robot1_staplergun1_rpmanipulate,lift,,,0.50,1.00,"","",True,4078.12,0.00,0,0.000,6119.00,27.06,0.00,27.06,,
289,False,,2026-05-29 17:39:24.228,NailingLL,NailingLL_moveToNailPos_NailingML_stick18_stick14_robot1_staplergun1_rpmanipulate,movej,unknown,nailgun,0.30,0.30,"-0.165729;0.972049;0.062550;2.221441;-2.221441;0.000000","",True,3868.74,0.00,0,0.000,5901.48,3439.75,0.00,3439.75,,
290,False,,2026-05-29 17:39:30.147,PushDownLL,PushDownLL_pushDown_NailingML_stick18_stick14_robot1_staplergun1_rpmanipulate,lift,,,0.50,1.00,"","",True,1695.42,0.00,0,0.000,3718.13,17.22,0.00,17.22,,
291,False,,2026-05-29 17:39:33.888,LiftLL,LiftLL_liftAfterNail_NailingML_stick18_stick14_robot1_staplergun1_rpmanipulate,lift,,,0.50,1.00,"","",True,4108.96,0.00,0,0.000,6125.62,23.29,0.00,23.29,,
292,False,,2026-05-29 17:39:46.613,MoveToLL,MoveToLL_moveToTarget_TravelML_robot1_rpmanipulate_rptoolchange_dup6,plannedj,rptoolchange,,1.00,1.00,"-0.276143;0.385864;0.086921;-3.141491;-0.002589;-0.000081","2.086106;-1.186673;-2.396030;-1.129490;1.555172;0.503193",True,5998.61,18.99,25,2.333,8087.03,6598.85,0.00,6598.85,,
293,False,,2026-05-29 17:39:54.734,DeequipToolLL,DeequipToolLL_deequipTool_DeequipML_robot1_staplergun1_equiplocstapler_rptoolchange_dup3,play_program,,nailgun,0.50,1.00,"","",True,7399.76,0.00,0,0.000,9449.59,33.90,0.00,33.90,,
294,False,,2026-05-29 17:40:04.231,EquipToolLL,EquipToolLL_equipTool_EquipeML_robot1_gripper1_rptoolchange_equiplocgripper_dup3,play_program,,gripper,0.50,1.00,"","",True,21612.44,0.00,0,0.000,23666.58,47.33,0.00,47.33,,
295,False,,2026-05-29 17:40:31.401,MoveToLL,MoveToLL_moveToTarget_TravelML_robot1_rptoolchange_rppickup_dup3,plannedj,rppickup,,1.00,1.00,"0.607360;-0.274802;0.339901;0.000000;-3.141590;0.000000","-0.128900;-1.540886;-1.932730;-1.238644;1.554514;-1.707900",True,8402.68,186.23,35,3.357,13378.70,3503.72,0.00,3503.72,,
296,False,,2026-05-29 17:40:44.814,MoveToLL,MoveToLL_moveToPickPosition_PickUpML_stick20_initlocstick20_robot1_gripper1_rppickup,plannedl,initlocstick20,,1.00,1.00,"0.599380;-0.283000;-0.009000;0.000000;-3.141590;0.000000","",True,3871.58,17.15,16,1.419,5990.45,34.46,0.00,34.46,,
297,False,,2026-05-29 17:40:50.822,CloseGripperLL,CloseGripperLL_closeGripper_PickUpML_stick20_initlocstick20_robot1_gripper1_rppickup,close_gripper,,,0.50,1.00,"","",True,1783.49,0.00,0,0.000,3839.31,17.76,0.00,17.76,,
298,False,,2026-05-29 17:40:54.679,MoveToLL,MoveToLL_moveToRetract_PickUpML_stick20_initlocstick20_robot1_gripper1_rppickup,plannedl,rppickup,,1.00,1.00,"0.607360;-0.274802;0.339901;0.000000;-3.141590;0.000000","-0.128900;-1.540886;-1.932730;-1.238644;1.554514;-1.707900",True,3934.79,15.46,16,1.401,6007.08,17.55,0.00,17.55,,
299,False,,2026-05-29 17:41:04.412,MoveToLL,MoveToLL_moveToTarget_TravelML_robot1_rppickup_rpmanipulate_dup24,plannedj,rpmanipulate,,1.00,1.00,"0.133776;0.348742;0.490041;0.000000;-3.141590;0.000000","1.656148;-0.959557;-2.051016;-1.701770;1.553554;1.650556",True,11479.02,14.37,51,4.916,13592.57,3725.62,0.00,3725.62,,
300,False,,2026-05-29 17:41:18.042,MoveToLL,MoveToLL_moveToStackPos_StackOnTwoML_stick20_robot1_finallocstick20_rpmanipulate_stick15_stick16_gripper1_layer4_layer5,plannedj,finallocstick20,,1.00,1.00,"0.319365;0.744442;0.060000;0.000000;-3.141590;0.000000","",True,7506.40,16.12,30,2.850,9610.73,37.03,0.00,37.03,,
301,False,,2026-05-29 17:41:27.679,OpenGripperLL,OpenGripperLL_openGripper_StackOnTwoML_stick20_robot1_finallocstick20_rpmanipulate_stick15_stick16_gripper1_layer4_layer5,open_gripper,,,0.50,1.00,"","",True,1899.54,0.00,0,0.000,3944.70,26.75,0.00,26.75,,
302,False,,2026-05-29 17:41:31.646,LiftLL,LiftLL_liftAfterStack_StackOnTwoML_stick20_robot1_finallocstick20_rpmanipulate_stick15_stick16_gripper1_layer4_layer5,lift,,,0.50,1.00,"","",True,3779.44,0.00,0,0.000,5809.35,22.46,0.00,22.46,,
303,False,,2026-05-29 17:41:37.465,MoveToLL,MoveToLL_moveToRobotPos_StackOnTwoML_stick20_robot1_finallocstick20_rpmanipulate_stick15_stick16_gripper1_layer4_layer5,plannedj,rpmanipulate,,1.00,1.00,"0.133776;0.348742;0.490041;0.000000;-3.141590;0.000000","1.656148;-0.959557;-2.051016;-1.701770;1.553554;1.650556",True,7150.96,13.76,30,2.848,9266.21,9.43,0.00,9.43,,
304,False,,2026-05-29 17:41:50.268,MoveToLL,MoveToLL_moveToTarget_TravelML_robot1_rpmanipulate_rppickup_dup23,plannedj,rppickup,,1.00,1.00,"0.607360;-0.274802;0.339901;0.000000;-3.141590;0.000000","-0.128900;-1.540886;-1.932730;-1.238644;1.554514;-1.707900",True,10904.35,25.31,50,4.860,13005.59,3536.49,0.00,3536.49,,
305,False,,2026-05-29 17:42:03.317,MoveToLL,MoveToLL_moveToPickPosition_PickUpML_stick19_initlocstick19_robot1_gripper1_rppickup,plannedl,initlocstick19,,1.00,1.00,"0.599380;-0.283000;-0.009000;0.000000;-3.141590;0.000000","",True,3924.00,14.21,16,1.421,6007.81,43.93,0.00,43.93,,
306,False,,2026-05-29 17:42:09.347,CloseGripperLL,CloseGripperLL_closeGripper_PickUpML_stick19_initlocstick19_robot1_gripper1_rppickup,close_gripper,,,0.50,1.00,"","",True,1751.99,0.00,0,0.000,3777.06,22.45,0.00,22.45,,
307,False,,2026-05-29 17:42:13.154,MoveToLL,MoveToLL_moveToRetract_PickUpML_stick19_initlocstick19_robot1_gripper1_rppickup,plannedl,rppickup,,1.00,1.00,"0.607360;-0.274802;0.339901;0.000000;-3.141590;0.000000","-0.128900;-1.540886;-1.932730;-1.238644;1.554514;-1.707900",True,3829.11,36.12,16,1.400,6020.90,29.34,0.00,29.34,,
308,False,,2026-05-29 17:42:22.815,MoveToLL,MoveToLL_moveToTarget_TravelML_robot1_rppickup_rpmanipulate_dup25,plannedj,rpmanipulate,,1.00,1.00,"0.133776;0.348742;0.490041;0.000000;-3.141590;0.000000","1.656148;-0.959557;-2.051016;-1.701770;1.553554;1.650556",True,11541.82,20.35,51,4.916,13687.42,3640.44,0.00,3640.44,,
309,False,,2026-05-29 17:42:36.529,MoveToLL,MoveToLL_moveToStackPos_StackOnTwoML_stick19_robot1_finallocstick19_rpmanipulate_cube3_stick15_gripper1_layer4_layer5,plannedj,finallocstick19,,1.00,1.00,"0.282669;0.958399;0.061000;0.000000;-3.141590;0.000000","",True,7098.96,68.11,29,2.748,9365.69,26.32,0.00,26.32,,
310,False,,2026-05-29 17:42:45.915,OpenGripperLL,OpenGripperLL_openGripper_StackOnTwoML_stick19_robot1_finallocstick19_rpmanipulate_cube3_stick15_gripper1_layer4_layer5,open_gripper,,,0.50,1.00,"","",True,2161.14,0.00,0,0.000,4199.74,20.87,0.00,20.87,,
311,False,,2026-05-29 17:42:50.133,LiftLL,LiftLL_liftAfterStack_StackOnTwoML_stick19_robot1_finallocstick19_rpmanipulate_cube3_stick15_gripper1_layer4_layer5,lift,,,0.50,1.00,"","",True,3725.83,0.00,0,0.000,5761.54,17.71,0.00,17.71,,
312,False,,2026-05-29 17:42:55.921,MoveToLL,MoveToLL_moveToRobotPos_StackOnTwoML_stick19_robot1_finallocstick19_rpmanipulate_cube3_stick15_gripper1_layer4_layer5,plannedj,rpmanipulate,,1.00,1.00,"0.133776;0.348742;0.490041;0.000000;-3.141590;0.000000","1.656148;-0.959557;-2.051016;-1.701770;1.553554;1.650556",True,6613.52,121.39,29,2.746,9209.46,26.98,0.00,26.98,,
313,False,,2026-05-29 17:43:08.825,MoveToLL,MoveToLL_moveToTarget_TravelML_robot1_rpmanipulate_rppickup_dup24,plannedj,rppickup,,1.00,1.00,"0.607360;-0.274802;0.339901;0.000000;-3.141590;0.000000","-0.128900;-1.540886;-1.932730;-1.238644;1.554514;-1.707900",True,10970.58,14.84,50,4.860,13054.31,3694.58,0.00,3694.58,,
314,False,,2026-05-29 17:43:21.927,MoveToLL,MoveToLL_moveToPickPosition_PickUpML_stick21_initlocstick21_robot1_gripper1_rppickup,plannedl,initlocstick21,,1.00,1.00,"0.599380;-0.283000;-0.009000;0.000000;-3.141590;0.000000","",True,4014.03,17.70,16,1.421,6116.72,47.50,0.00,47.50,,
315,False,,2026-05-29 17:43:28.095,CloseGripperLL,CloseGripperLL_closeGripper_PickUpML_stick21_initlocstick21_robot1_gripper1_rppickup,close_gripper,,,0.50,1.00,"","",True,1623.87,0.00,0,0.000,3646.81,51.02,0.00,51.02,,
316,False,,2026-05-29 17:43:31.774,MoveToLL,MoveToLL_moveToRetract_PickUpML_stick21_initlocstick21_robot1_gripper1_rppickup,plannedl,rppickup,,1.00,1.00,"0.607360;-0.274802;0.339901;0.000000;-3.141590;0.000000","-0.128900;-1.540886;-1.932730;-1.238644;1.554514;-1.707900",True,4250.51,57.79,16,1.400,6798.84,31.87,0.00,31.87,,
317,False,,2026-05-29 17:43:42.473,MoveToLL,MoveToLL_moveToTarget_TravelML_robot1_rppickup_rpmanipulate_dup26,plannedj,rpmanipulate,,1.00,1.00,"0.133776;0.348742;0.490041;0.000000;-3.141590;0.000000","1.656148;-0.959557;-2.051016;-1.701770;1.553554;1.650556",True,11201.94,38.02,51,4.916,13447.14,3900.36,0.00,3900.36,,
318,False,,2026-05-29 17:43:55.983,MoveToLL,MoveToLL_moveToStackPos_StackOnTwoML_stick21_robot1_finallocstick21_rpmanipulate_stick16_stick17_gripper1_layer4_layer5,plannedj,finallocstick21,,1.00,1.00,"0.096134;0.692905;0.060000;0.000000;-3.141590;0.000000","",True,6563.06,32.93,26,2.448,8672.41,63.40,0.00,63.40,,
319,False,,2026-05-29 17:44:04.678,OpenGripperLL,OpenGripperLL_openGripper_StackOnTwoML_stick21_robot1_finallocstick21_rpmanipulate_stick16_stick17_gripper1_layer4_layer5,open_gripper,,,0.50,1.00,"","",True,2005.96,0.00,0,0.000,4088.52,22.59,0.00,22.59,,
320,False,,2026-05-29 17:44:08.798,LiftLL,LiftLL_liftAfterStack_StackOnTwoML_stick21_robot1_finallocstick21_rpmanipulate_stick16_stick17_gripper1_layer4_layer5,lift,,,0.50,1.00,"","",True,3648.41,0.00,0,0.000,5685.58,31.43,0.00,31.43,,
321,False,,2026-05-29 17:44:14.513,MoveToLL,MoveToLL_moveToRobotPos_StackOnTwoML_stick21_robot1_finallocstick21_rpmanipulate_stick16_stick17_gripper1_layer4_layer5,plannedj,rpmanipulate,,1.00,1.00,"0.133776;0.348742;0.490041;0.000000;-3.141590;0.000000","1.656148;-0.959557;-2.051016;-1.701770;1.553554;1.650556",True,6039.39,46.28,26,2.447,8464.04,29.40,0.00,29.40,,
322,False,,2026-05-29 17:44:26.484,MoveToLL,MoveToLL_moveToTarget_TravelML_robot1_rpmanipulate_rppickup_dup25,plannedj,rppickup,,1.00,1.00,"0.607360;-0.274802;0.339901;0.000000;-3.141590;0.000000","-0.128900;-1.540886;-1.932730;-1.238644;1.554514;-1.707900",True,11433.21,68.69,50,4.859,13853.89,3506.18,0.00,3506.18,,
323,False,,2026-05-29 17:44:40.379,MoveToLL,MoveToLL_moveToPickPosition_PickUpML_stick24_initlocstick24_robot1_gripper1_rppickup,plannedl,initlocstick24,,1.00,1.00,"0.599380;-0.283000;-0.009000;0.000000;-3.141590;0.000000","",True,3887.39,16.07,16,1.421,6076.59,41.16,0.00,41.16,,
324,False,,2026-05-29 17:44:46.566,CloseGripperLL,CloseGripperLL_closeGripper_PickUpML_stick24_initlocstick24_robot1_gripper1_rppickup,close_gripper,,,0.50,1.00,"","",True,1622.99,0.00,0,0.000,3673.62,110.39,0.00,110.39,,
325,False,,2026-05-29 17:44:50.259,MoveToLL,MoveToLL_moveToRetract_PickUpML_stick24_initlocstick24_robot1_gripper1_rppickup,plannedl,rppickup,,1.00,1.00,"0.607360;-0.274802;0.339901;0.000000;-3.141590;0.000000","-0.128900;-1.540886;-1.932730;-1.238644;1.554514;-1.707900",True,3842.68,41.38,16,1.400,6018.57,19.55,0.00,19.55,,
326,False,,2026-05-29 17:45:00.036,MoveToLL,MoveToLL_moveToTarget_TravelML_robot1_rppickup_rpmanipulate_dup27,plannedj,rpmanipulate,,1.00,1.00,"0.133776;0.348742;0.490041;0.000000;-3.141590;0.000000","1.656148;-0.959557;-2.051016;-1.701770;1.553554;1.650556",True,11449.14,13.52,51,4.916,13549.26,3758.77,0.00,3758.77,,
327,False,,2026-05-29 17:45:13.643,MoveToLL,MoveToLL_moveToStackPos_StackOnTwoML_stick24_robot1_finallocstick24_rpmanipulate_stick20_stick19_gripper1_layer5_layer6,plannedj,finallocstick24,,1.00,1.00,"0.341005;0.861199;0.078500;0.000000;-3.141590;0.000000","",True,7458.07,14.96,30,2.849,9571.99,57.27,0.00,57.27,,
328,False,,2026-05-29 17:45:23.239,OpenGripperLL,OpenGripperLL_openGripper_StackOnTwoML_stick24_robot1_finallocstick24_rpmanipulate_stick20_stick19_gripper1_layer5_layer6,open_gripper,,,0.50,1.00,"","",True,1932.33,0.00,0,0.000,3967.43,23.93,0.00,23.93,,
329,False,,2026-05-29 17:45:27.233,LiftLL,LiftLL_liftAfterStack_StackOnTwoML_stick24_robot1_finallocstick24_rpmanipulate_stick20_stick19_gripper1_layer5_layer6,lift,,,0.50,1.00,"","",True,3767.82,0.00,0,0.000,5797.64,26.58,0.00,26.58,,
330,False,,2026-05-29 17:45:33.062,MoveToLL,MoveToLL_moveToRobotPos_StackOnTwoML_stick24_robot1_finallocstick24_rpmanipulate_stick20_stick19_gripper1_layer5_layer6,plannedj,rpmanipulate,,1.00,1.00,"0.133776;0.348742;0.490041;0.000000;-3.141590;0.000000","1.656148;-0.959557;-2.051016;-1.701770;1.553554;1.650556",True,7191.22,12.24,30,2.847,9257.20,32.22,0.00,32.22,,
331,False,,2026-05-29 17:45:46.260,MoveToLL,MoveToLL_moveToTarget_TravelML_robot1_rpmanipulate_rppickup_dup26,plannedj,rppickup,,1.00,1.00,"0.607360;-0.274802;0.339901;0.000000;-3.141590;0.000000","-0.128900;-1.540886;-1.932730;-1.238644;1.554514;-1.707900",True,11026.42,91.23,50,4.859,13383.93,3940.07,0.00,3940.07,,
332,False,,2026-05-29 17:45:59.691,MoveToLL,MoveToLL_moveToPickPosition_PickUpML_cube5_initloccube5_robot1_gripper1_rppickup,plannedl,initloccube5,,1.00,1.00,"0.599380;-0.283000;-0.009000;0.000000;-3.141590;0.000000","",True,4579.80,32.34,16,1.421,6748.05,47.31,0.00,47.31,,
333,False,,2026-05-29 17:46:06.470,CloseGripperLL,CloseGripperLL_closeGripper_PickUpML_cube5_initloccube5_robot1_gripper1_rppickup,close_gripper,,,0.50,1.00,"","",True,1776.73,0.00,0,0.000,3812.63,31.38,0.00,31.38,,
334,False,,2026-05-29 17:46:10.313,MoveToLL,MoveToLL_moveToRetract_PickUpML_cube5_initloccube5_robot1_gripper1_rppickup,plannedl,rppickup,,1.00,1.00,"0.607360;-0.274802;0.339901;0.000000;-3.141590;0.000000","-0.128900;-1.540886;-1.932730;-1.238644;1.554514;-1.707900",True,3840.16,29.08,16,1.400,6022.19,30.02,0.00,30.02,,
335,False,,2026-05-29 17:46:19.910,MoveToLL,MoveToLL_moveToTarget_TravelML_robot1_rppickup_rpmanipulate_dup28,plannedj,rpmanipulate,,1.00,1.00,"0.133776;0.348742;0.490041;0.000000;-3.141590;0.000000","1.656148;-0.959557;-2.051016;-1.701770;1.553554;1.650556",True,11273.76,72.20,51,4.916,13759.32,3574.79,0.00,3574.79,,
336,False,,2026-05-29 17:46:33.720,MoveToLL,MoveToLL_moveToStackPos_StackML_cube5_stick19_robot1_gripper1_finalloccube5_rpmanipulate,plannedj,finalloccube5,,1.00,1.00,"0.233549;0.989097;0.078500;0.000000;-3.141590;0.000000","",True,7028.25,36.57,28,2.678,9161.59,50.67,0.00,50.67,,
337,False,,2026-05-29 17:46:42.915,OpenGripperLL,OpenGripperLL_openGripper_StackML_cube5_stick19_robot1_gripper1_finalloccube5_rpmanipulate,open_gripper,,,0.50,1.00,"","",True,2284.16,0.00,0,0.000,4370.71,33.16,0.00,33.16,,
338,False,,2026-05-29 17:46:47.303,LiftLL,LiftLL_liftAfterStack_StackML_cube5_stick19_robot1_gripper1_finalloccube5_rpmanipulate,lift,,,0.50,1.00,"","",True,3709.06,0.00,0,0.000,5741.34,17.02,0.00,17.02,,
339,False,,2026-05-29 17:46:53.072,MoveToLL,MoveToLL_moveToRobotPosition_StackML_cube5_stick19_robot1_gripper1_finalloccube5_rpmanipulate,plannedj,rpmanipulate,,1.00,1.00,"0.133776;0.348742;0.490041;0.000000;-3.141590;0.000000","1.656148;-0.959557;-2.051016;-1.701770;1.553554;1.650556",True,6772.09,30.16,28,2.675,8947.99,27.99,0.00,27.99,,
340,False,,2026-05-29 17:47:05.736,MoveToLL,MoveToLL_moveToTarget_TravelML_robot1_rpmanipulate_rppickup_dup27,plannedj,rppickup,,1.00,1.00,"0.607360;-0.274802;0.339901;0.000000;-3.141590;0.000000","-0.128900;-1.540886;-1.932730;-1.238644;1.554514;-1.707900",True,11035.22,15.11,50,4.859,13175.46,3716.62,0.00,3716.62,,
341,False,,2026-05-29 17:47:18.978,MoveToLL,MoveToLL_moveToPickPosition_PickUpML_stick25_initlocstick25_robot1_gripper1_rppickup,plannedl,initlocstick25,,1.00,1.00,"0.599380;-0.283000;-0.009000;0.000000;-3.141590;0.000000","",True,3903.76,16.81,16,1.421,6001.50,65.97,0.00,65.97,,
342,False,,2026-05-29 17:47:24.998,CloseGripperLL,CloseGripperLL_closeGripper_PickUpML_stick25_initlocstick25_robot1_gripper1_rppickup,close_gripper,,,0.50,1.00,"","",True,1750.83,0.00,0,0.000,3798.16,18.49,0.00,18.49,,
343,False,,2026-05-29 17:47:28.815,MoveToLL,MoveToLL_moveToRetract_PickUpML_stick25_initlocstick25_robot1_gripper1_rppickup,plannedl,rppickup,,1.00,1.00,"0.607360;-0.274802;0.339901;0.000000;-3.141590;0.000000","-0.128900;-1.540886;-1.932730;-1.238644;1.554514;-1.707900",True,4011.99,16.67,16,1.400,6107.44,19.02,0.00,19.02,,
344,False,,2026-05-29 17:47:38.952,MoveToLL,MoveToLL_moveToTarget_TravelML_robot1_rppickup_rpmanipulate_dup29,plannedj,rpmanipulate,,1.00,1.00,"0.133776;0.348742;0.490041;0.000000;-3.141590;0.000000","1.656148;-0.959557;-2.051016;-1.701770;1.553554;1.650556",True,11055.42,34.12,51,4.916,13203.83,4029.24,0.00,4029.24,,
345,False,,2026-05-29 17:47:52.197,MoveToLL,MoveToLL_moveToStackPos_StackOnTwoML_stick25_robot1_finallocstick25_rpmanipulate_stick20_stick21_gripper1_layer5_layer6,plannedj,finallocstick25,,1.00,1.00,"0.212892;0.671265;0.077500;0.000000;-3.141590;0.000000","",True,7099.85,14.39,28,2.674,9213.63,41.92,0.00,41.92,,
346,False,,2026-05-29 17:48:01.441,OpenGripperLL,OpenGripperLL_openGripper_StackOnTwoML_stick25_robot1_finallocstick25_rpmanipulate_stick20_stick21_gripper1_layer5_layer6,open_gripper,,,0.50,1.00,"","",True,2289.35,0.00,0,0.000,4327.28,30.30,0.00,30.30,,
347,False,,2026-05-29 17:48:05.793,LiftLL,LiftLL_liftAfterStack_StackOnTwoML_stick25_robot1_finallocstick25_rpmanipulate_stick20_stick21_gripper1_layer5_layer6,lift,,,0.50,1.00,"","",True,3682.70,0.00,0,0.000,5789.66,23.92,0.00,23.92,,
348,False,,2026-05-29 17:48:11.614,MoveToLL,MoveToLL_moveToRobotPos_StackOnTwoML_stick25_robot1_finallocstick25_rpmanipulate_stick20_stick21_gripper1_layer5_layer6,plannedj,rpmanipulate,,1.00,1.00,"0.133776;0.348742;0.490041;0.000000;-3.141590;0.000000","1.656148;-0.959557;-2.051016;-1.701770;1.553554;1.650556",True,6825.88,13.06,28,2.672,8900.83,31.85,0.00,31.85,,
349,False,,2026-05-29 17:48:24.267,MoveToLL,MoveToLL_moveToTarget_TravelML_robot1_rpmanipulate_rppickup_dup28,plannedj,rppickup,,1.00,1.00,"0.607360;-0.274802;0.339901;0.000000;-3.141590;0.000000","-0.128900;-1.540886;-1.932730;-1.238644;1.554514;-1.707900",True,11440.02,86.00,50,4.860,13934.65,3752.07,0.00,3752.07,,
350,False,,2026-05-29 17:48:38.263,MoveToLL,MoveToLL_moveToPickPosition_PickUpML_stick23_initlocstick23_robot1_gripper1_rppickup,plannedl,initlocstick23,,1.00,1.00,"0.599380;-0.283000;-0.009000;0.000000;-3.141590;0.000000","",True,3881.65,28.54,16,1.421,6014.05,61.28,0.00,61.28,,
351,False,,2026-05-29 17:48:44.307,CloseGripperLL,CloseGripperLL_closeGripper_PickUpML_stick23_initlocstick23_robot1_gripper1_rppickup,close_gripper,,,0.50,1.00,"","",True,1751.92,0.00,0,0.000,3810.56,30.21,0.00,30.21,,
352,False,,2026-05-29 17:48:48.147,MoveToLL,MoveToLL_moveToRetract_PickUpML_stick23_initlocstick23_robot1_gripper1_rppickup,plannedl,rppickup,,1.00,1.00,"0.607360;-0.274802;0.339901;0.000000;-3.141590;0.000000","-0.128900;-1.540886;-1.932730;-1.238644;1.554514;-1.707900",True,3837.63,53.89,16,1.401,6060.96,29.61,0.00,29.61,,
353,False,,2026-05-29 17:48:58.094,MoveToLL,MoveToLL_moveToTarget_TravelML_robot1_rppickup_rpmanipulate_dup30,plannedj,rpmanipulate,,1.00,1.00,"0.133776;0.348742;0.490041;0.000000;-3.141590;0.000000","1.656148;-0.959557;-2.051016;-1.701770;1.553554;1.650556",True,11308.63,28.76,51,4.916,13423.35,3885.88,0.00,3885.88,,
354,False,,2026-05-29 17:49:11.578,MoveToLL,MoveToLL_moveToStackPos_StackOnTwoML_stick23_robot1_finallocstick23_rpmanipulate_cube4_stick18_gripper1_layer4_layer5,plannedj,finallocstick23,,1.00,1.00,"-0.200064;0.956308;0.060000;0.000000;-3.141590;0.000000","",True,5935.20,30.78,23,2.120,8061.05,60.07,0.00,60.07,,
355,False,,2026-05-29 17:49:19.664,OpenGripperLL,OpenGripperLL_openGripper_StackOnTwoML_stick23_robot1_finallocstick23_rpmanipulate_cube4_stick18_gripper1_layer4_layer5,open_gripper,,,0.50,1.00,"","",True,1847.19,0.00,0,0.000,3875.62,24.82,0.00,24.82,,
356,False,,2026-05-29 17:49:23.573,LiftLL,LiftLL_liftAfterStack_StackOnTwoML_stick23_robot1_finallocstick23_rpmanipulate_cube4_stick18_gripper1_layer4_layer5,lift,,,0.50,1.00,"","",True,3689.77,0.00,0,0.000,5745.43,33.68,0.00,33.68,,
357,False,,2026-05-29 17:49:29.350,MoveToLL,MoveToLL_moveToRobotPos_StackOnTwoML_stick23_robot1_finallocstick23_rpmanipulate_cube4_stick18_gripper1_layer4_layer5,plannedj,rpmanipulate,,1.00,1.00,"0.133776;0.348742;0.490041;0.000000;-3.141590;0.000000","1.656148;-0.959557;-2.051016;-1.701770;1.553554;1.650556",True,5423.68,68.37,22,2.088,7743.84,31.30,0.00,31.30,,
358,False,,2026-05-29 17:49:40.719,MoveToLL,MoveToLL_moveToTarget_TravelML_robot1_rpmanipulate_rppickup_dup29,plannedj,rppickup,,1.00,1.00,"0.607360;-0.274802;0.339901;0.000000;-3.141590;0.000000","-0.128900;-1.540886;-1.932730;-1.238644;1.554514;-1.707900",True,11351.71,80.43,50,4.860,13664.30,3625.59,0.00,3625.59,,
359,False,,2026-05-29 17:49:54.449,MoveToLL,MoveToLL_moveToPickPosition_PickUpML_stick22_initlocstick22_robot1_gripper1_rppickup,plannedl,initlocstick22,,1.00,1.00,"0.599380;-0.283000;-0.009000;0.000000;-3.141590;0.000000","",True,4567.71,36.53,16,1.421,6715.34,65.65,0.00,65.65,,
360,False,,2026-05-29 17:50:01.194,CloseGripperLL,CloseGripperLL_closeGripper_PickUpML_stick22_initlocstick22_robot1_gripper1_rppickup,close_gripper,,,0.50,1.00,"","",True,1781.49,0.00,0,0.000,3864.34,29.68,0.00,29.68,,
361,False,,2026-05-29 17:50:05.078,MoveToLL,MoveToLL_moveToRetract_PickUpML_stick22_initlocstick22_robot1_gripper1_rppickup,plannedl,rppickup,,1.00,1.00,"0.607360;-0.274802;0.339901;0.000000;-3.141590;0.000000","-0.128900;-1.540886;-1.932730;-1.238644;1.554514;-1.707900",True,3835.48,50.28,16,1.400,5998.47,20.01,0.00,20.01,,
362,False,,2026-05-29 17:50:15.028,MoveToLL,MoveToLL_moveToTarget_TravelML_robot1_rppickup_rpmanipulate_dup31,plannedj,rpmanipulate,,1.00,1.00,"0.133776;0.348742;0.490041;0.000000;-3.141590;0.000000","1.656148;-0.959557;-2.051016;-1.701770;1.553554;1.650556",True,11217.85,15.71,51,4.916,13350.85,3951.45,0.00,3951.45,,
363,False,,2026-05-29 17:50:28.433,MoveToLL,MoveToLL_moveToStackPos_StackOnTwoML_stick22_robot1_finallocstick22_rpmanipulate_stick17_stick18_gripper1_layer4_layer5,plannedj,finallocstick22,,1.00,1.00,"-0.008635;0.884899;0.060000;0.000000;-3.141590;0.000000","",True,6279.22,29.28,25,2.325,8529.13,53.83,0.00,53.83,,
364,False,,2026-05-29 17:50:36.989,OpenGripperLL,OpenGripperLL_openGripper_StackOnTwoML_stick22_robot1_finallocstick22_rpmanipulate_stick17_stick18_gripper1_layer4_layer5,open_gripper,,,0.50,1.00,"","",True,2188.15,0.00,0,0.000,4219.22,27.12,0.00,27.12,,
365,False,,2026-05-29 17:50:41.236,LiftLL,LiftLL_liftAfterStack_StackOnTwoML_stick22_robot1_finallocstick22_rpmanipulate_stick17_stick18_gripper1_layer4_layer5,lift,,,0.50,1.00,"","",True,3689.76,0.00,0,0.000,5758.85,27.20,0.00,27.20,,
366,False,,2026-05-29 17:50:47.019,MoveToLL,MoveToLL_moveToRobotPos_StackOnTwoML_stick22_robot1_finallocstick22_rpmanipulate_stick17_stick18_gripper1_layer4_layer5,plannedj,rpmanipulate,,1.00,1.00,"0.133776;0.348742;0.490041;0.000000;-3.141590;0.000000","1.656148;-0.959557;-2.051016;-1.701770;1.553554;1.650556",True,6101.19,15.11,25,2.323,8246.40,24.79,0.00,24.79,,
367,False,,2026-05-29 17:50:58.861,MoveToLL,MoveToLL_moveToTarget_TravelML_robot1_rpmanipulate_rppickup_dup30,plannedj,rppickup,,1.00,1.00,"0.607360;-0.274802;0.339901;0.000000;-3.141590;0.000000","-0.128900;-1.540886;-1.932730;-1.238644;1.554514;-1.707900",True,11018.25,62.27,50,4.859,13200.26,3595.14,0.00,3595.14,,
368,False,,2026-05-29 17:51:12.114,MoveToLL,MoveToLL_moveToPickPosition_PickUpML_cube6_initloccube6_robot1_gripper1_rppickup,plannedl,initloccube6,,1.00,1.00,"0.599380;-0.283000;-0.009000;0.000000;-3.141590;0.000000","",True,3873.64,20.86,16,1.421,5990.66,52.74,0.00,52.74,,
369,False,,2026-05-29 17:51:18.130,CloseGripperLL,CloseGripperLL_closeGripper_PickUpML_cube6_initloccube6_robot1_gripper1_rppickup,close_gripper,,,0.50,1.00,"","",True,1780.08,0.00,0,0.000,3841.24,25.53,0.00,25.53,,
370,False,,2026-05-29 17:51:21.992,MoveToLL,MoveToLL_moveToRetract_PickUpML_cube6_initloccube6_robot1_gripper1_rppickup,plannedl,rppickup,,1.00,1.00,"0.607360;-0.274802;0.339901;0.000000;-3.141590;0.000000","-0.128900;-1.540886;-1.932730;-1.238644;1.554514;-1.707900",True,3880.72,19.48,16,1.401,5988.27,21.15,0.00,21.15,,
371,False,,2026-05-29 17:51:31.761,MoveToLL,MoveToLL_moveToTarget_TravelML_robot1_rppickup_rpmanipulate_dup32,plannedj,rpmanipulate,,1.00,1.00,"0.133776;0.348742;0.490041;0.000000;-3.141590;0.000000","1.656148;-0.959557;-2.051016;-1.701770;1.553554;1.650556",True,11388.06,25.76,51,4.916,13571.97,3780.16,0.00,3780.16,,
372,False,,2026-05-29 17:51:45.389,MoveToLL,MoveToLL_moveToStackPos_StackML_cube6_stick23_robot1_gripper1_finalloccube6_rpmanipulate,plannedj,finalloccube6,,1.00,1.00,"-0.245858;0.927693;0.077500;0.000000;-3.141590;0.000000","",True,5792.99,34.25,22,2.068,7941.44,56.36,0.00,56.36,,
373,False,,2026-05-29 17:51:53.362,OpenGripperLL,OpenGripperLL_openGripper_StackML_cube6_stick23_robot1_gripper1_finalloccube6_rpmanipulate,open_gripper,,,0.50,1.00,"","",True,1922.48,0.00,0,0.000,3959.87,31.17,0.00,31.17,,
374,False,,2026-05-29 17:51:57.352,LiftLL,LiftLL_liftAfterStack_StackML_cube6_stick23_robot1_gripper1_finalloccube6_rpmanipulate,lift,,,0.50,1.00,"","",True,3686.33,0.00,0,0.000,5737.45,30.28,0.00,30.28,,
375,False,,2026-05-29 17:52:03.108,MoveToLL,MoveToLL_moveToRobotPosition_StackML_cube6_stick23_robot1_gripper1_finalloccube6_rpmanipulate,plannedj,rpmanipulate,,1.00,1.00,"0.133776;0.348742;0.490041;0.000000;-3.141590;0.000000","1.656148;-0.959557;-2.051016;-1.701770;1.553554;1.650556",True,5475.64,29.46,22,2.014,7607.19,18.41,0.00,18.41,,
376,False,,2026-05-29 17:52:14.529,MoveToLL,MoveToLL_moveToTarget_TravelML_robot1_rpmanipulate_rppickup_dup31,plannedj,rppickup,,1.00,1.00,"0.607360;-0.274802;0.339901;0.000000;-3.141590;0.000000","-0.128900;-1.540886;-1.932730;-1.238644;1.554514;-1.707900",True,11475.40,36.78,50,4.859,13612.59,3814.19,0.00,3814.19,,
377,False,,2026-05-29 17:52:28.193,MoveToLL,MoveToLL_moveToPickPosition_PickUpML_stick26_initlocstick26_robot1_gripper1_rppickup,plannedl,initlocstick26,,1.00,1.00,"0.599380;-0.283000;-0.009000;0.000000;-3.141590;0.000000","",True,4487.61,54.94,16,1.421,6787.91,51.26,0.00,51.26,,
378,False,,2026-05-29 17:52:35.016,CloseGripperLL,CloseGripperLL_closeGripper_PickUpML_stick26_initlocstick26_robot1_gripper1_rppickup,close_gripper,,,0.50,1.00,"","",True,1736.53,0.00,0,0.000,3779.69,34.68,0.00,34.68,,
379,False,,2026-05-29 17:52:38.817,MoveToLL,MoveToLL_moveToRetract_PickUpML_stick26_initlocstick26_robot1_gripper1_rppickup,plannedl,rppickup,,1.00,1.00,"0.607360;-0.274802;0.339901;0.000000;-3.141590;0.000000","-0.128900;-1.540886;-1.932730;-1.238644;1.554514;-1.707900",True,3914.06,21.96,16,1.400,6006.53,21.57,0.00,21.57,,
380,False,,2026-05-29 17:52:48.953,MoveToLL,MoveToLL_moveToTarget_TravelML_robot1_rppickup_rpmanipulate_dup33,plannedj,rpmanipulate,,1.00,1.00,"0.133776;0.348742;0.490041;0.000000;-3.141590;0.000000","1.656148;-0.959557;-2.051016;-1.701770;1.553554;1.650556",True,11087.81,21.78,51,4.916,13182.91,4129.43,0.00,4129.43,,
381,False,,2026-05-29 17:53:02.196,MoveToLL,MoveToLL_moveToStackPos_StackOnTwoML_stick26_robot1_finallocstick26_rpmanipulate_stick22_stick21_gripper1_layer5_layer6,plannedj,finallocstick26,,1.00,1.00,"0.013005;0.768142;0.077500;0.000000;-3.141590;0.000000","",True,6350.78,16.97,25,2.319,8437.54,59.89,0.00,59.89,,
382,False,,2026-05-29 17:53:10.666,OpenGripperLL,OpenGripperLL_openGripper_StackOnTwoML_stick26_robot1_finallocstick26_rpmanipulate_stick22_stick21_gripper1_layer5_layer6,open_gripper,,,0.50,1.00,"","",True,2275.66,0.00,0,0.000,4306.78,32.49,0.00,32.49,,
383,False,,2026-05-29 17:53:15.002,LiftLL,LiftLL_liftAfterStack_StackOnTwoML_stick26_robot1_finallocstick26_rpmanipulate_stick22_stick21_gripper1_layer5_layer6,lift,,,0.50,1.00,"","",True,3707.37,0.00,0,0.000,5725.62,29.74,0.00,29.74,,
384,False,,2026-05-29 17:53:20.753,MoveToLL,MoveToLL_moveToRobotPos_StackOnTwoML_stick26_robot1_finallocstick26_rpmanipulate_stick22_stick21_gripper1_layer5_layer6,plannedj,rpmanipulate,,1.00,1.00,"0.133776;0.348742;0.490041;0.000000;-3.141590;0.000000","1.656148;-0.959557;-2.051016;-1.701770;1.553554;1.650556",True,5980.82,38.83,25,2.316,8226.11,24.89,0.00,24.89,,
385,False,,2026-05-29 17:53:32.555,MoveToLL,MoveToLL_moveToTarget_TravelML_robot1_rpmanipulate_rppickup_dup32,plannedj,rppickup,,1.00,1.00,"0.607360;-0.274802;0.339901;0.000000;-3.141590;0.000000","-0.128900;-1.540886;-1.932730;-1.238644;1.554514;-1.707900",True,11030.67,26.69,50,4.859,13231.80,3576.06,0.00,3576.06,,
386,False,,2026-05-29 17:53:45.829,MoveToLL,MoveToLL_moveToPickPosition_PickUpML_stick27_initlocstick27_robot1_gripper1_rppickup,plannedl,initlocstick27,,1.00,1.00,"0.599380;-0.283000;-0.009000;0.000000;-3.141590;0.000000","",True,3884.11,23.20,16,1.421,6014.60,42.59,0.00,42.59,,
387,False,,2026-05-29 17:53:51.874,CloseGripperLL,CloseGripperLL_closeGripper_PickUpML_stick27_initlocstick27_robot1_gripper1_rppickup,close_gripper,,,0.50,1.00,"","",True,1793.03,0.00,0,0.000,3811.49,29.73,0.00,29.73,,
388,False,,2026-05-29 17:53:55.717,MoveToLL,MoveToLL_moveToRetract_PickUpML_stick27_initlocstick27_robot1_gripper1_rppickup,plannedl,rppickup,,1.00,1.00,"0.607360;-0.274802;0.339901;0.000000;-3.141590;0.000000","-0.128900;-1.540886;-1.932730;-1.238644;1.554514;-1.707900",True,3868.08,28.01,16,1.401,5997.48,32.28,0.00,32.28,,
389,False,,2026-05-29 17:54:05.689,MoveToLL,MoveToLL_moveToTarget_TravelML_robot1_rppickup_rpmanipulate_dup34,plannedj,rpmanipulate,,1.00,1.00,"0.133776;0.348742;0.490041;0.000000;-3.141590;0.000000","1.656148;-0.959557;-2.051016;-1.701770;1.553554;1.650556",True,11207.40,30.03,51,4.916,13354.50,3974.48,0.00,3974.48,,
390,False,,2026-05-29 17:54:19.097,MoveToLL,MoveToLL_moveToStackPos_StackOnTwoML_stick27_robot1_finallocstick27_rpmanipulate_stick23_stick22_gripper1_layer5_layer6,plannedj,finallocstick27,,1.00,1.00,"-0.115108;0.958076;0.077500;0.000000;-3.141590;0.000000","",True,6052.16,33.15,24,2.201,8256.47,53.48,0.00,53.48,,
391,False,,2026-05-29 17:54:27.374,OpenGripperLL,OpenGripperLL_openGripper_StackOnTwoML_stick27_robot1_finallocstick27_rpmanipulate_stick23_stick22_gripper1_layer5_layer6,open_gripper,,,0.50,1.00,"","",True,1668.12,0.00,0,0.000,3715.75,20.71,0.00,20.71,,
392,False,,2026-05-29 17:54:31.109,LiftLL,LiftLL_liftAfterStack_StackOnTwoML_stick27_robot1_finallocstick27_rpmanipulate_stick23_stick22_gripper1_layer5_layer6,lift,,,0.50,1.00,"","",True,3673.40,0.00,0,0.000,5714.48,18.36,0.00,18.36,,
393,False,,2026-05-29 17:54:36.855,MoveToLL,MoveToLL_moveToRobotPos_StackOnTwoML_stick27_robot1_finallocstick27_rpmanipulate_stick23_stick22_gripper1_layer5_layer6,plannedj,rpmanipulate,,1.00,1.00,"0.133776;0.348742;0.490041;0.000000;-3.141590;0.000000","1.656148;-0.959557;-2.051016;-1.701770;1.553554;1.650556",True,5783.50,17.07,23,2.199,7960.82,31.79,0.00,31.79,,
394,False,,2026-05-29 17:54:48.618,MoveToLL,MoveToLL_moveToTarget_TravelML_robot1_rpmanipulate_rptoolchange_dup7,plannedj,rptoolchange,,1.00,1.00,"-0.276143;0.385864;0.086921;-3.141491;-0.002589;-0.000081","2.086106;-1.186673;-2.396030;-1.129490;1.555172;0.503193",True,5090.55,31.74,21,1.926,7262.39,3802.24,0.00,3802.24,,
395,False,,2026-05-29 17:54:55.945,DeequipToolLL,DeequipToolLL_deequipTool_DeequipML_robot1_gripper1_equiplocgripper_rptoolchange_dup4,play_program,,gripper,0.50,1.00,"","",True,21568.99,0.00,0,0.000,23609.32,64.30,0.00,64.30,,
396,False,,2026-05-29 17:55:19.619,EquipToolLL,EquipToolLL_equipTool_EquipeML_robot1_staplergun1_rptoolchange_equiplocstapler_dup4,play_program,,nailgun,0.50,1.00,"","",True,10457.57,0.00,0,0.000,12510.54,64.89,0.00,64.89,,
397,False,,2026-05-29 17:55:35.653,MoveToLL,MoveToLL_moveToTarget_TravelML_robot1_rptoolchange_rpmanipulate_dup4,plannedj,rpmanipulate,,1.00,1.00,"0.133776;0.348742;0.490041;0.000000;-3.141590;0.000000","1.656148;-0.959557;-2.051016;-1.701770;1.553554;1.650556",True,5161.57,33.99,21,1.941,9847.78,3523.91,0.00,3523.91,,
398,False,,2026-05-29 17:55:45.608,NailingLL,NailingLL_moveToNailPos_NailingML_cube5_stick19_robot1_staplergun1_rpmanipulate,movej,unknown,nailgun,0.30,0.30,"0.233547;0.989094;0.098550;2.221441;-2.221441;0.000000","",True,10369.27,0.00,0,0.000,12391.35,106.71,0.00,106.71,,
399,False,,2026-05-29 17:55:58.028,PushDownLL,PushDownLL_pushDown_NailingML_cube5_stick19_robot1_staplergun1_rpmanipulate,lift,,,0.50,1.00,"","",True,1551.37,0.00,0,0.000,3603.19,28.73,0.00,28.73,,
400,False,,2026-05-29 17:56:01.660,LiftLL,LiftLL_liftAfterNail_NailingML_cube5_stick19_robot1_staplergun1_rpmanipulate,lift,,,0.50,1.00,"","",True,4068.25,0.00,0,0.000,6109.66,28.91,0.00,28.91,,
401,False,,2026-05-29 17:56:11.392,NailingLL,NailingLL_moveToNailPos_NailingML_cube6_stick23_robot1_staplergun1_rpmanipulate,movej,unknown,nailgun,0.30,0.30,"-0.243102;0.929415;0.097575;2.221441;-2.221441;0.000000","",True,6679.62,0.00,0,0.000,8707.72,3622.03,0.00,3622.03,,
402,False,,2026-05-29 17:56:20.118,PushDownLL,PushDownLL_pushDown_NailingML_cube6_stick23_robot1_staplergun1_rpmanipulate,lift,,,0.50,1.00,"","",True,1795.32,0.00,0,0.000,3846.41,18.95,0.00,18.95,,
403,False,,2026-05-29 17:56:23.991,LiftLL,LiftLL_liftAfterNail_NailingML_cube6_stick23_robot1_staplergun1_rpmanipulate,lift,,,0.50,1.00,"","",True,4084.30,0.00,0,0.000,6119.91,26.09,0.00,26.09,,
404,False,,2026-05-29 17:56:33.691,NailingLL,NailingLL_moveToNailPos_NailingML_stick24_stick19_robot1_staplergun1_rpmanipulate,movej,unknown,nailgun,0.30,0.30,"0.327564;0.930345;0.098575;2.221441;-2.221441;0.000000","",True,7488.70,0.00,0,0.000,9518.33,3579.97,0.00,3579.97,,
405,False,,2026-05-29 17:56:43.237,PushDownLL,PushDownLL_pushDown_NailingML_stick24_stick19_robot1_staplergun1_rpmanipulate,lift,,,0.50,1.00,"","",True,1728.61,0.00,0,0.000,3770.93,27.63,0.00,27.63,,
406,False,,2026-05-29 17:56:47.026,LiftLL,LiftLL_liftAfterNail_NailingML_stick24_stick19_robot1_staplergun1_rpmanipulate,lift,,,0.50,1.00,"","",True,4083.54,0.00,0,0.000,6127.85,18.01,0.00,18.01,,
407,False,,2026-05-29 17:56:56.680,NailingLL,NailingLL_moveToNailPos_NailingML_stick24_stick20_robot1_staplergun1_rpmanipulate,movej,unknown,nailgun,0.30,0.30,"0.360851;0.797137;0.098050;2.221441;-2.221441;0.000000","",True,5327.39,0.00,0,0.000,7369.96,3526.24,0.00,3526.24,,
408,False,,2026-05-29 17:57:04.084,PushDownLL,PushDownLL_pushDown_NailingML_stick24_stick20_robot1_staplergun1_rpmanipulate,lift,,,0.50,1.00,"","",True,1632.56,0.00,0,0.000,3667.18,34.47,0.00,34.47,,
409,False,,2026-05-29 17:57:07.773,LiftLL,LiftLL_liftAfterNail_NailingML_stick24_stick20_robot1_staplergun1_rpmanipulate,lift,,,0.50,1.00,"","",True,4085.37,0.00,0,0.000,6117.08,21.89,0.00,21.89,,
410,False,,2026-05-29 17:57:17.525,NailingLL,NailingLL_moveToNailPos_NailingML_stick25_stick20_robot1_staplergun1_rpmanipulate,movej,unknown,nailgun,0.30,0.30,"0.282038;0.684705;0.097575;2.221441;-2.221441;0.000000","",True,5391.09,0.00,0,0.000,7421.72,3634.71,0.00,3634.71,,
411,False,,2026-05-29 17:57:24.975,PushDownLL,PushDownLL_pushDown_NailingML_stick25_stick20_robot1_staplergun1_rpmanipulate,lift,,,0.50,1.00,"","",True,1468.71,0.00,0,0.000,3500.70,28.64,0.00,28.64,,
412,False,,2026-05-29 17:57:28.497,LiftLL,LiftLL_liftAfterNail_NailingML_stick25_stick20_robot1_staplergun1_rpmanipulate,lift,,,0.50,1.00,"","",True,4102.37,0.00,0,0.000,6126.46,20.88,0.00,20.88,,
413,False,,2026-05-29 17:57:38.037,NailingLL,NailingLL_moveToNailPos_NailingML_stick25_stick21_robot1_staplergun1_rpmanipulate,movej,unknown,nailgun,0.30,0.30,"0.150251;0.659089;0.097550;2.221441;-2.221441;0.000000","",True,4750.95,0.00,0,0.000,6789.95,3414.07,0.00,3414.07,,
414,False,,2026-05-29 17:57:44.856,PushDownLL,PushDownLL_pushDown_NailingML_stick25_stick21_robot1_staplergun1_rpmanipulate,lift,,,0.50,1.00,"","",True,1603.82,0.00,0,0.000,3656.64,28.93,0.00,28.93,,
415,False,,2026-05-29 17:57:48.531,LiftLL,LiftLL_liftAfterNail_NailingML_stick25_stick21_robot1_staplergun1_rpmanipulate,lift,,,0.50,1.00,"","",True,4075.50,0.00,0,0.000,6127.45,18.58,0.00,18.58,,
416,False,,2026-05-29 17:57:58.237,NailingLL,NailingLL_moveToNailPos_NailingML_stick26_stick21_robot1_staplergun1_rpmanipulate,movej,unknown,nailgun,0.30,0.30,"0.008968;0.747372;0.097550;2.221441;-2.221441;0.000000","",True,4465.81,0.00,0,0.000,6502.77,3577.86,0.00,3577.86,,
417,False,,2026-05-29 17:58:04.760,PushDownLL,PushDownLL_pushDown_NailingML_stick26_stick21_robot1_staplergun1_rpmanipulate,lift,,,0.50,1.00,"","",True,1762.34,0.00,0,0.000,3818.90,20.42,0.00,20.42,,
418,False,,2026-05-29 17:58:08.611,LiftLL,LiftLL_liftAfterNail_NailingML_stick26_stick21_robot1_staplergun1_rpmanipulate,lift,,,0.50,1.00,"","",True,4050.17,0.00,0,0.000,6085.18,31.76,0.00,31.76,,
419,False,,2026-05-29 17:58:18.076,NailingLL,NailingLL_moveToNailPos_NailingML_stick26_stick22_robot1_staplergun1_rpmanipulate,movej,unknown,nailgun,0.30,0.30,"0.025181;0.830783;0.097550;2.221441;-2.221441;0.000000","",True,4507.71,0.00,0,0.000,6584.68,3380.47,0.00,3380.47,,
420,False,,2026-05-29 17:58:24.688,PushDownLL,PushDownLL_pushDown_NailingML_stick26_stick22_robot1_staplergun1_rpmanipulate,lift,,,0.50,1.00,"","",True,1849.23,0.00,0,0.000,3890.77,26.80,0.00,26.80,,
421,False,,2026-05-29 17:58:28.604,LiftLL,LiftLL_liftAfterNail_NailingML_stick26_stick22_robot1_staplergun1_rpmanipulate,lift,,,0.50,1.00,"","",True,4078.69,0.00,0,0.000,6129.45,25.59,0.00,25.59,,
422,False,,2026-05-29 17:58:38.321,NailingLL,NailingLL_moveToNailPos_NailingML_stick27_stick22_robot1_staplergun1_rpmanipulate,movej,unknown,nailgun,0.30,0.30,"-0.045962;0.944636;0.097550;2.221441;-2.221441;0.000000","",True,4589.72,0.00,0,0.000,6628.05,3587.16,0.00,3587.16,,
423,False,,2026-05-29 17:58:44.977,PushDownLL,PushDownLL_pushDown_NailingML_stick27_stick22_robot1_staplergun1_rpmanipulate,lift,,,0.50,1.00,"","",True,1618.84,0.00,0,0.000,3642.61,27.92,0.00,27.92,,
424,False,,2026-05-29 17:58:48.643,LiftLL,LiftLL_liftAfterNail_NailingML_stick27_stick22_robot1_staplergun1_rpmanipulate,lift,,,0.50,1.00,"","",True,4073.22,0.00,0,0.000,6119.00,23.42,0.00,23.42,,
425,False,,2026-05-29 17:58:58.258,NailingLL,NailingLL_moveToNailPos_NailingML_stick27_stick23_robot1_staplergun1_rpmanipulate,movej,unknown,nailgun,0.30,0.30,"-0.177749;0.970252;0.097550;2.221441;-2.221441;0.000000","",True,3849.43,0.00,0,0.000,5879.70,3496.09,0.00,3496.09,,
426,False,,2026-05-29 17:59:04.163,PushDownLL,PushDownLL_pushDown_NailingML_stick27_stick23_robot1_staplergun1_rpmanipulate,lift,,,0.50,1.00,"","",True,1645.20,0.00,0,0.000,3684.18,25.79,0.00,25.79,,
427,False,,2026-05-29 17:59:07.877,LiftLL,LiftLL_liftAfterNail_NailingML_stick27_stick23_robot1_staplergun1_rpmanipulate,lift,,,0.50,1.00,"","",True,4075.37,0.00,0,0.000,6119.14,29.18,0.00,29.18,,
428,False,,2026-05-29 17:59:20.698,MoveToLL,MoveToLL_moveToTarget_TravelML_robot1_rpmanipulate_rptoolchange_dup8,plannedj,rptoolchange,,1.00,1.00,"-0.276143;0.385864;0.086921;-3.141491;-0.002589;-0.000081","2.086106;-1.186673;-2.396030;-1.129490;1.555172;0.503193",True,5896.82,17.82,25,2.352,8019.09,6702.41,0.00,6702.41,,
429,False,,2026-05-29 17:59:28.772,DeequipToolLL,DeequipToolLL_deequipTool_DeequipML_robot1_staplergun1_equiplocstapler_rptoolchange_dup4,play_program,,nailgun,0.50,1.00,"","",True,7875.42,0.00,0,0.000,9919.13,54.36,0.00,54.36,,
430,False,,2026-05-29 17:59:38.743,EquipToolLL,EquipToolLL_equipTool_EquipeML_robot1_gripper1_rptoolchange_equiplocgripper_dup4,play_program,,gripper,0.50,1.00,"","",True,21142.97,0.00,0,0.000,23176.52,52.20,0.00,52.20,,
431,False,,2026-05-29 18:00:05.569,MoveToLL,MoveToLL_moveToTarget_TravelML_robot1_rptoolchange_rppickup_dup4,plannedj,rppickup,,1.00,1.00,"0.607360;-0.274802;0.339901;0.000000;-3.141590;0.000000","-0.128900;-1.540886;-1.932730;-1.238644;1.554514;-1.707900",True,8402.43,54.96,35,3.357,13168.48,3649.54,0.00,3649.54,,
432,False,,2026-05-29 18:00:18.803,MoveToLL,MoveToLL_moveToPickPosition_PickUpML_stick29_initlocstick29_robot1_gripper1_rppickup,plannedl,initlocstick29,,1.00,1.00,"0.599380;-0.283000;-0.009000;0.000000;-3.141590;0.000000","",True,4582.58,25.09,16,1.419,6702.02,65.88,0.00,65.88,,
433,False,,2026-05-29 18:00:25.539,CloseGripperLL,CloseGripperLL_closeGripper_PickUpML_stick29_initlocstick29_robot1_gripper1_rppickup,close_gripper,,,0.50,1.00,"","",True,1778.78,0.00,0,0.000,3827.74,33.84,0.00,33.84,,
434,False,,2026-05-29 18:00:29.389,MoveToLL,MoveToLL_moveToRetract_PickUpML_stick29_initlocstick29_robot1_gripper1_rppickup,plannedl,rppickup,,1.00,1.00,"0.607360;-0.274802;0.339901;0.000000;-3.141590;0.000000","-0.128900;-1.540886;-1.932730;-1.238644;1.554514;-1.707900",True,3865.94,30.55,16,1.401,5990.90,22.05,0.00,22.05,,
435,False,,2026-05-29 18:00:39.203,MoveToLL,MoveToLL_moveToTarget_TravelML_robot1_rppickup_rpmanipulate_dup35,plannedj,rpmanipulate,,1.00,1.00,"0.133776;0.348742;0.490041;0.000000;-3.141590;0.000000","1.656148;-0.959557;-2.051016;-1.701770;1.553554;1.650556",True,11329.49,25.92,51,4.916,13471.02,3823.03,0.00,3823.03,,
436,False,,2026-05-29 18:00:52.740,MoveToLL,MoveToLL_moveToStackPos_StackOnTwoML_stick29_robot1_finallocstick29_rpmanipulate_stick24_stick25_gripper1_layer6_layer7,plannedj,finallocstick29,,1.00,1.00,"0.313042;0.735067;0.095000;0.000000;-3.141590;0.000000","",True,7436.66,19.76,30,2.842,9542.24,66.50,0.00,66.50,,
437,False,,2026-05-29 18:01:02.310,OpenGripperLL,OpenGripperLL_openGripper_StackOnTwoML_stick29_robot1_finallocstick29_rpmanipulate_stick24_stick25_gripper1_layer6_layer7,open_gripper,,,0.50,1.00,"","",True,1955.69,0.00,0,0.000,3998.73,27.71,0.00,27.71,,
438,False,,2026-05-29 18:01:06.337,LiftLL,LiftLL_liftAfterStack_StackOnTwoML_stick29_robot1_finallocstick29_rpmanipulate_stick24_stick25_gripper1_layer6_layer7,lift,,,0.50,1.00,"","",True,3729.77,0.00,0,0.000,5750.44,27.79,0.00,27.79,,
439,False,,2026-05-29 18:01:12.115,MoveToLL,MoveToLL_moveToRobotPos_StackOnTwoML_stick29_robot1_finallocstick29_rpmanipulate_stick24_stick25_gripper1_layer6_layer7,plannedj,rpmanipulate,,1.00,1.00,"0.133776;0.348742;0.490041;0.000000;-3.141590;0.000000","1.656148;-0.959557;-2.051016;-1.701770;1.553554;1.650556",True,7155.08,25.28,30,2.840,9280.26,27.29,0.00,27.29,,
440,False,,2026-05-29 18:01:25.021,MoveToLL,MoveToLL_moveToTarget_TravelML_robot1_rpmanipulate_rppickup_dup33,plannedj,rppickup,,1.00,1.00,"0.607360;-0.274802;0.339901;0.000000;-3.141590;0.000000","-0.128900;-1.540886;-1.932730;-1.238644;1.554514;-1.707900",True,11580.89,28.45,50,4.858,13732.10,3625.82,0.00,3625.82,,
441,False,,2026-05-29 18:01:38.814,MoveToLL,MoveToLL_moveToPickPosition_PickUpML_stick28_initlocstick28_robot1_gripper1_rppickup,plannedl,initlocstick28,,1.00,1.00,"0.599380;-0.283000;-0.009000;0.000000;-3.141590;0.000000","",True,3883.25,17.64,16,1.421,5985.51,61.39,0.00,61.39,,
442,False,,2026-05-29 18:01:44.830,CloseGripperLL,CloseGripperLL_closeGripper_PickUpML_stick28_initlocstick28_robot1_gripper1_rppickup,close_gripper,,,0.50,1.00,"","",True,1765.17,0.00,0,0.000,3806.21,30.29,0.00,30.29,,
443,False,,2026-05-29 18:01:48.666,MoveToLL,MoveToLL_moveToRetract_PickUpML_stick28_initlocstick28_robot1_gripper1_rppickup,plannedl,rppickup,,1.00,1.00,"0.607360;-0.274802;0.339901;0.000000;-3.141590;0.000000","-0.128900;-1.540886;-1.932730;-1.238644;1.554514;-1.707900",True,3925.97,21.78,16,1.400,6026.64,29.81,0.00,29.81,,
444,False,,2026-05-29 18:01:58.444,MoveToLL,MoveToLL_moveToTarget_TravelML_robot1_rppickup_rpmanipulate_dup36,plannedj,rpmanipulate,,1.00,1.00,"0.133776;0.348742;0.490041;0.000000;-3.141590;0.000000","1.656148;-0.959557;-2.051016;-1.701770;1.553554;1.650556",True,11420.38,18.59,51,4.916,13525.16,3751.51,0.00,3751.51,,
445,False,,2026-05-29 18:02:12.031,MoveToLL,MoveToLL_moveToStackPos_StackOnTwoML_stick28_robot1_finallocstick28_rpmanipulate_cube5_stick24_gripper1_layer6_layer7,plannedj,finallocstick28,,1.00,1.00,"0.294394;0.948859;0.096000;0.000000;-3.141590;0.000000","",True,7234.42,26.33,29,2.764,9371.92,61.46,0.00,61.46,,
446,False,,2026-05-29 18:02:21.431,OpenGripperLL,OpenGripperLL_openGripper_StackOnTwoML_stick28_robot1_finallocstick28_rpmanipulate_cube5_stick24_gripper1_layer6_layer7,open_gripper,,,0.50,1.00,"","",True,2143.95,0.00,0,0.000,4174.99,28.64,0.00,28.64,,
447,False,,2026-05-29 18:02:25.631,LiftLL,LiftLL_liftAfterStack_StackOnTwoML_stick28_robot1_finallocstick28_rpmanipulate_cube5_stick24_gripper1_layer6_layer7,lift,,,0.50,1.00,"","",True,3694.89,0.00,0,0.000,5756.11,24.83,0.00,24.83,,
448,False,,2026-05-29 18:02:31.422,MoveToLL,MoveToLL_moveToRobotPos_StackOnTwoML_stick28_robot1_finallocstick28_rpmanipulate_cube5_stick24_gripper1_layer6_layer7,plannedj,rpmanipulate,,1.00,1.00,"0.133776;0.348742;0.490041;0.000000;-3.141590;0.000000","1.656148;-0.959557;-2.051016;-1.701770;1.553554;1.650556",True,6998.14,23.50,29,2.762,9139.31,35.03,0.00,35.03,,
449,False,,2026-05-29 18:02:44.017,MoveToLL,MoveToLL_moveToTarget_TravelML_robot1_rpmanipulate_rppickup_dup34,plannedj,rppickup,,1.00,1.00,"0.607360;-0.274802;0.339901;0.000000;-3.141590;0.000000","-0.128900;-1.540886;-1.932730;-1.238644;1.554514;-1.707900",True,11078.15,21.23,50,4.860,13206.17,3455.09,0.00,3455.09,,
450,False,,2026-05-29 18:02:57.289,MoveToLL,MoveToLL_moveToPickPosition_PickUpML_stick32_initlocstick32_robot1_gripper1_rppickup,plannedl,initlocstick32,,1.00,1.00,"0.599380;-0.283000;-0.009000;0.000000;-3.141590;0.000000","",True,3877.88,22.19,16,1.421,5986.49,66.13,0.00,66.13,,
451,False,,2026-05-29 18:03:03.299,CloseGripperLL,CloseGripperLL_closeGripper_PickUpML_stick32_initlocstick32_robot1_gripper1_rppickup,close_gripper,,,0.50,1.00,"","",True,1797.14,0.00,0,0.000,3826.64,23.42,0.00,23.42,,
452,False,,2026-05-29 18:03:07.149,MoveToLL,MoveToLL_moveToRetract_PickUpML_stick32_initlocstick32_robot1_gripper1_rppickup,plannedl,rppickup,,1.00,1.00,"0.607360;-0.274802;0.339901;0.000000;-3.141590;0.000000","-0.128900;-1.540886;-1.932730;-1.238644;1.554514;-1.707900",True,3894.07,16.25,16,1.400,6002.63,23.64,0.00,23.64,,
453,False,,2026-05-29 18:03:16.950,MoveToLL,MoveToLL_moveToTarget_TravelML_robot1_rppickup_rpmanipulate_dup37,plannedj,rpmanipulate,,1.00,1.00,"0.133776;0.348742;0.490041;0.000000;-3.141590;0.000000","1.656148;-0.959557;-2.051016;-1.701770;1.553554;1.650556",True,11384.62,16.84,51,4.916,13507.37,3798.51,0.00,3798.51,,
454,False,,2026-05-29 18:03:30.515,MoveToLL,MoveToLL_moveToStackPos_StackOnTwoML_stick32_robot1_finallocstick32_rpmanipulate_cube6_stick27_gripper1_layer6_layer7,plannedj,finallocstick32,,1.00,1.00,"-0.210902;0.952155;0.095000;0.000000;-3.141590;0.000000","",True,5831.48,19.14,22,2.074,7970.53,57.50,0.00,57.50,,
455,False,,2026-05-29 18:03:38.510,OpenGripperLL,OpenGripperLL_openGripper_StackOnTwoML_stick32_robot1_finallocstick32_rpmanipulate_cube6_stick27_gripper1_layer6_layer7,open_gripper,,,0.50,1.00,"","",True,1941.67,0.00,0,0.000,4002.94,23.90,0.00,23.90,,
456,False,,2026-05-29 18:03:42.556,LiftLL,LiftLL_liftAfterStack_StackOnTwoML_stick32_robot1_finallocstick32_rpmanipulate_cube6_stick27_gripper1_layer6_layer7,lift,,,0.50,1.00,"","",True,3668.08,0.00,0,0.000,5701.72,43.77,0.00,43.77,,
457,False,,2026-05-29 18:03:48.282,MoveToLL,MoveToLL_moveToRobotPos_StackOnTwoML_stick32_robot1_finallocstick32_rpmanipulate_cube6_stick27_gripper1_layer6_layer7,plannedj,rpmanipulate,,1.00,1.00,"0.133776;0.348742;0.490041;0.000000;-3.141590;0.000000","1.656148;-0.959557;-2.051016;-1.701770;1.553554;1.650556",True,5609.40,16.96,22,2.071,7712.30,23.89,0.00,23.89,,
458,False,,2026-05-29 18:03:59.611,MoveToLL,MoveToLL_moveToTarget_TravelML_robot1_rpmanipulate_rppickup_dup35,plannedj,rppickup,,1.00,1.00,"0.607360;-0.274802;0.339901;0.000000;-3.141590;0.000000","-0.128900;-1.540886;-1.932730;-1.238644;1.554514;-1.707900",True,11589.55,21.55,50,4.859,13703.64,3617.00,0.00,3617.00,,
459,False,,2026-05-29 18:04:13.371,MoveToLL,MoveToLL_moveToPickPosition_PickUpML_stick33_initlocstick33_robot1_gripper1_rppickup,plannedl,initlocstick33,,1.00,1.00,"0.599380;-0.283000;-0.009000;0.000000;-3.141590;0.000000","",True,3883.44,17.21,16,1.421,6011.94,56.12,0.00,56.12,,
460,False,,2026-05-29 18:04:19.413,CloseGripperLL,CloseGripperLL_closeGripper_PickUpML_stick33_initlocstick33_robot1_gripper1_rppickup,close_gripper,,,0.50,1.00,"","",True,1776.96,0.00,0,0.000,3807.33,30.44,0.00,30.44,,
461,False,,2026-05-29 18:04:23.245,MoveToLL,MoveToLL_moveToRetract_PickUpML_stick33_initlocstick33_robot1_gripper1_rppickup,plannedl,rppickup,,1.00,1.00,"0.607360;-0.274802;0.339901;0.000000;-3.141590;0.000000","-0.128900;-1.540886;-1.932730;-1.238644;1.554514;-1.707900",True,3845.28,32.37,16,1.400,6023.39,24.58,0.00,24.58,,
462,False,,2026-05-29 18:04:33.127,MoveToLL,MoveToLL_moveToTarget_TravelML_robot1_rppickup_rpmanipulate_dup38,plannedj,rpmanipulate,,1.00,1.00,"0.133776;0.348742;0.490041;0.000000;-3.141590;0.000000","1.656148;-0.959557;-2.051016;-1.701770;1.553554;1.650556",True,11314.85,29.07,51,4.916,13436.23,3858.64,0.00,3858.64,,
463,False,,2026-05-29 18:04:46.634,MoveToLL,MoveToLL_moveToStackPos_StackOnTwoML_stick33_robot1_finallocstick33_rpmanipulate_stick29_stick28_gripper1_layer7_layer8,plannedj,finallocstick33,,1.00,1.00,"0.342774;0.850031;0.113500;0.000000;-3.141590;0.000000","",True,7189.40,97.55,30,2.854,9535.54,70.10,0.00,70.10,,
464,False,,2026-05-29 18:04:56.198,OpenGripperLL,OpenGripperLL_openGripper_StackOnTwoML_stick33_robot1_finallocstick33_rpmanipulate_stick29_stick28_gripper1_layer7_layer8,open_gripper,,,0.50,1.00,"","",True,1949.53,0.00,0,0.000,3999.25,28.28,0.00,28.28,,
465,False,,2026-05-29 18:05:00.224,LiftLL,LiftLL_liftAfterStack_StackOnTwoML_stick33_robot1_finallocstick33_rpmanipulate_stick29_stick28_gripper1_layer7_layer8,lift,,,0.50,1.00,"","",True,3730.64,0.00,0,0.000,5748.84,27.53,0.00,27.53,,
466,False,,2026-05-29 18:05:06.000,MoveToLL,MoveToLL_moveToRobotPos_StackOnTwoML_stick33_robot1_finallocstick33_rpmanipulate_stick29_stick28_gripper1_layer7_layer8,plannedj,rpmanipulate,,1.00,1.00,"0.133776;0.348742;0.490041;0.000000;-3.141590;0.000000","1.656148;-0.959557;-2.051016;-1.701770;1.553554;1.650556",True,7202.04,20.08,30,2.851,9328.76,26.86,0.00,26.86,,
467,False,,2026-05-29 18:05:18.943,MoveToLL,MoveToLL_moveToTarget_TravelML_robot1_rpmanipulate_rppickup_dup36,plannedj,rppickup,,1.00,1.00,"0.607360;-0.274802;0.339901;0.000000;-3.141590;0.000000","-0.128900;-1.540886;-1.932730;-1.238644;1.554514;-1.707900",True,11518.08,30.73,50,4.859,13675.64,3613.92,0.00,3613.92,,
468,False,,2026-05-29 18:05:32.689,MoveToLL,MoveToLL_moveToPickPosition_PickUpML_stick30_initlocstick30_robot1_gripper1_rppickup,plannedl,initlocstick30,,1.00,1.00,"0.599380;-0.283000;-0.009000;0.000000;-3.141590;0.000000","",True,4572.81,30.06,16,1.421,6741.98,70.59,0.00,70.59,,
469,False,,2026-05-29 18:05:39.465,CloseGripperLL,CloseGripperLL_closeGripper_PickUpML_stick30_initlocstick30_robot1_gripper1_rppickup,close_gripper,,,0.50,1.00,"","",True,1761.89,0.00,0,0.000,3806.91,34.38,0.00,34.38,,
470,False,,2026-05-29 18:05:43.299,MoveToLL,MoveToLL_moveToRetract_PickUpML_stick30_initlocstick30_robot1_gripper1_rppickup,plannedl,rppickup,,1.00,1.00,"0.607360;-0.274802;0.339901;0.000000;-3.141590;0.000000","-0.128900;-1.540886;-1.932730;-1.238644;1.554514;-1.707900",True,3838.85,31.82,16,1.400,6019.37,26.65,0.00,26.65,,
471,False,,2026-05-29 18:05:52.999,MoveToLL,MoveToLL_moveToTarget_TravelML_robot1_rppickup_rpmanipulate_dup39,plannedj,rpmanipulate,,1.00,1.00,"0.133776;0.348742;0.490041;0.000000;-3.141590;0.000000","1.656148;-0.959557;-2.051016;-1.701770;1.553554;1.650556",True,11404.09,63.59,51,4.916,13640.90,3680.66,0.00,3680.66,,
472,False,,2026-05-29 18:06:06.694,MoveToLL,MoveToLL_moveToStackPos_StackOnTwoML_stick30_robot1_finallocstick30_rpmanipulate_stick25_stick26_gripper1_layer6_layer7,plannedj,finallocstick30,,1.00,1.00,"0.086760;0.699228;0.095000;0.000000;-3.141590;0.000000","",True,6592.89,19.18,26,2.431,8693.90,54.47,0.00,54.47,,
473,False,,2026-05-29 18:06:15.415,OpenGripperLL,OpenGripperLL_openGripper_StackOnTwoML_stick30_robot1_finallocstick30_rpmanipulate_stick25_stick26_gripper1_layer6_layer7,open_gripper,,,0.50,1.00,"","",True,1990.30,0.00,0,0.000,4030.06,27.29,0.00,27.29,,
474,False,,2026-05-29 18:06:19.477,LiftLL,LiftLL_liftAfterStack_StackOnTwoML_stick30_robot1_finallocstick30_rpmanipulate_stick25_stick26_gripper1_layer6_layer7,lift,,,0.50,1.00,"","",True,3696.63,0.00,0,0.000,5746.32,31.91,0.00,31.91,,
475,False,,2026-05-29 18:06:25.247,MoveToLL,MoveToLL_moveToRobotPos_StackOnTwoML_stick30_robot1_finallocstick30_rpmanipulate_stick25_stick26_gripper1_layer6_layer7,plannedj,rpmanipulate,,1.00,1.00,"0.133776;0.348742;0.490041;0.000000;-3.141590;0.000000","1.656148;-0.959557;-2.051016;-1.701770;1.553554;1.650556",True,6335.24,21.42,26,2.428,8441.38,23.50,0.00,23.50,,
476,False,,2026-05-29 18:06:37.384,MoveToLL,MoveToLL_moveToTarget_TravelML_robot1_rpmanipulate_rppickup_dup37,plannedj,rppickup,,1.00,1.00,"0.607360;-0.274802;0.339901;0.000000;-3.141590;0.000000","-0.128900;-1.540886;-1.932730;-1.238644;1.554514;-1.707900",True,11565.07,42.84,50,4.859,13687.02,3695.82,0.00,3695.82,,
477,False,,2026-05-29 18:06:51.137,MoveToLL,MoveToLL_moveToPickPosition_PickUpML_stick31_initlocstick31_robot1_gripper1_rppickup,plannedl,initlocstick31,,1.00,1.00,"0.599380;-0.283000;-0.009000;0.000000;-3.141590;0.000000","",True,3890.58,31.15,16,1.421,6023.59,65.26,0.00,65.26,,
478,False,,2026-05-29 18:06:57.194,CloseGripperLL,CloseGripperLL_closeGripper_PickUpML_stick31_initlocstick31_robot1_gripper1_rppickup,close_gripper,,,0.50,1.00,"","",True,1766.69,0.00,0,0.000,3808.68,33.60,0.00,33.60,,
479,False,,2026-05-29 18:07:01.026,MoveToLL,MoveToLL_moveToRetract_PickUpML_stick31_initlocstick31_robot1_gripper1_rppickup,plannedl,rppickup,,1.00,1.00,"0.607360;-0.274802;0.339901;0.000000;-3.141590;0.000000","-0.128900;-1.540886;-1.932730;-1.238644;1.554514;-1.707900",True,3844.74,32.86,16,1.400,6016.94,23.38,0.00,23.38,,
480,False,,2026-05-29 18:07:11.110,MoveToLL,MoveToLL_moveToTarget_TravelML_robot1_rppickup_rpmanipulate_dup40,plannedj,rpmanipulate,,1.00,1.00,"0.133776;0.348742;0.490041;0.000000;-3.141590;0.000000","1.656148;-0.959557;-2.051016;-1.701770;1.553554;1.650556",True,11099.35,28.54,51,4.916,13228.19,4067.41,0.00,4067.41,,
481,False,,2026-05-29 18:07:24.420,MoveToLL,MoveToLL_moveToStackPos_StackOnTwoML_stick31_robot1_finallocstick31_rpmanipulate_stick26_stick27_gripper1_layer6_layer7,plannedj,finallocstick31,,1.00,1.00,"-0.014958;0.894274;0.095000;0.000000;-3.141590;0.000000","",True,6350.45,24.59,25,2.318,8450.42,81.15,0.00,81.15,,
482,False,,2026-05-29 18:07:32.900,OpenGripperLL,OpenGripperLL_openGripper_StackOnTwoML_stick31_robot1_finallocstick31_rpmanipulate_stick26_stick27_gripper1_layer6_layer7,open_gripper,,,0.50,1.00,"","",True,2244.71,0.00,0,0.000,4268.55,30.32,0.00,30.32,,
483,False,,2026-05-29 18:07:37.202,LiftLL,LiftLL_liftAfterStack_StackOnTwoML_stick31_robot1_finallocstick31_rpmanipulate_stick26_stick27_gripper1_layer6_layer7,lift,,,0.50,1.00,"","",True,3717.69,0.00,0,0.000,5742.59,32.93,0.00,32.93,,
484,False,,2026-05-29 18:07:42.971,MoveToLL,MoveToLL_moveToRobotPos_StackOnTwoML_stick31_robot1_finallocstick31_rpmanipulate_stick26_stick27_gripper1_layer6_layer7,plannedj,rpmanipulate,,1.00,1.00,"0.133776;0.348742;0.490041;0.000000;-3.141590;0.000000","1.656148;-0.959557;-2.051016;-1.701770;1.553554;1.650556",True,6097.62,22.25,25,2.315,8210.78,26.76,0.00,26.76,,
485,False,,2026-05-29 18:07:54.611,MoveToLL,MoveToLL_moveToTarget_TravelML_robot1_rpmanipulate_rppickup_dup38,plannedj,rppickup,,1.00,1.00,"0.607360;-0.274802;0.339901;0.000000;-3.141590;0.000000","-0.128900;-1.540886;-1.932730;-1.238644;1.554514;-1.707900",True,11306.98,19.55,50,4.859,13385.69,3428.91,0.00,3428.91,,
486,False,,2026-05-29 18:08:08.059,MoveToLL,MoveToLL_moveToPickPosition_PickUpML_stick35_initlocstick35_robot1_gripper1_rppickup,plannedl,initlocstick35,,1.00,1.00,"0.599380;-0.283000;-0.009000;0.000000;-3.141590;0.000000","",True,3879.32,34.24,16,1.421,6031.12,62.10,0.00,62.10,,
487,False,,2026-05-29 18:08:14.120,CloseGripperLL,CloseGripperLL_closeGripper_PickUpML_stick35_initlocstick35_robot1_gripper1_rppickup,close_gripper,,,0.50,1.00,"","",True,1788.06,0.00,0,0.000,3814.80,29.69,0.00,29.69,,
488,False,,2026-05-29 18:08:17.957,MoveToLL,MoveToLL_moveToRetract_PickUpML_stick35_initlocstick35_robot1_gripper1_rppickup,plannedl,rppickup,,1.00,1.00,"0.607360;-0.274802;0.339901;0.000000;-3.141590;0.000000","-0.128900;-1.540886;-1.932730;-1.238644;1.554514;-1.707900",True,3881.72,34.48,16,1.400,6011.72,22.73,0.00,22.73,,
489,False,,2026-05-29 18:08:27.838,MoveToLL,MoveToLL_moveToTarget_TravelML_robot1_rppickup_rpmanipulate_dup41,plannedj,rpmanipulate,,1.00,1.00,"0.133776;0.348742;0.490041;0.000000;-3.141590;0.000000","1.656148;-0.959557;-2.051016;-1.701770;1.553554;1.650556",True,11332.08,30.13,51,4.916,13439.26,3869.02,0.00,3869.02,,
490,False,,2026-05-29 18:08:41.344,MoveToLL,MoveToLL_moveToStackPos_StackOnTwoML_stick35_robot1_finallocstick35_rpmanipulate_stick31_stick30_gripper1_layer7_layer8,plannedj,finallocstick35,,1.00,1.00,"0.014774;0.779310;0.112500;0.000000;-3.141590;0.000000","",True,6319.30,29.24,25,2.326,8460.17,67.27,0.00,67.27,,
491,False,,2026-05-29 18:08:49.835,OpenGripperLL,OpenGripperLL_openGripper_StackOnTwoML_stick35_robot1_finallocstick35_rpmanipulate_stick31_stick30_gripper1_layer7_layer8,open_gripper,,,0.50,1.00,"","",True,2241.24,0.00,0,0.000,4261.72,30.40,0.00,30.40,,
492,False,,2026-05-29 18:08:54.120,LiftLL,LiftLL_liftAfterStack_StackOnTwoML_stick35_robot1_finallocstick35_rpmanipulate_stick31_stick30_gripper1_layer7_layer8,lift,,,0.50,1.00,"","",True,3721.78,0.00,0,0.000,5752.85,22.93,0.00,22.93,,
493,False,,2026-05-29 18:08:59.894,MoveToLL,MoveToLL_moveToRobotPos_StackOnTwoML_stick35_robot1_finallocstick35_rpmanipulate_stick31_stick30_gripper1_layer7_layer8,plannedj,rpmanipulate,,1.00,1.00,"0.133776;0.348742;0.490041;0.000000;-3.141590;0.000000","1.656148;-0.959557;-2.051016;-1.701770;1.553554;1.650556",True,6130.83,19.18,25,2.323,8233.03,21.64,0.00,21.64,,
494,False,,2026-05-29 18:09:11.695,MoveToLL,MoveToLL_moveToTarget_TravelML_robot1_rpmanipulate_rppickup_dup39,plannedj,rppickup,,1.00,1.00,"0.607360;-0.274802;0.339901;0.000000;-3.141590;0.000000","-0.128900;-1.540886;-1.932730;-1.238644;1.554514;-1.707900",True,11080.71,32.70,50,4.859,13246.31,3567.55,0.00,3567.55,,
495,False,,2026-05-29 18:09:24.997,MoveToLL,MoveToLL_moveToPickPosition_PickUpML_stick34_initlocstick34_robot1_gripper1_rppickup,plannedl,initlocstick34,,1.00,1.00,"0.599380;-0.283000;-0.009000;0.000000;-3.141590;0.000000","",True,3873.38,35.54,16,1.421,6003.38,56.48,0.00,56.48,,
496,False,,2026-05-29 18:09:31.023,CloseGripperLL,CloseGripperLL_closeGripper_PickUpML_stick34_initlocstick34_robot1_gripper1_rppickup,close_gripper,,,0.50,1.00,"","",True,1783.08,0.00,0,0.000,3828.60,21.89,0.00,21.89,,
497,False,,2026-05-29 18:09:34.886,MoveToLL,MoveToLL_moveToRetract_PickUpML_stick34_initlocstick34_robot1_gripper1_rppickup,plannedl,rppickup,,1.00,1.00,"0.607360;-0.274802;0.339901;0.000000;-3.141590;0.000000","-0.128900;-1.540886;-1.932730;-1.238644;1.554514;-1.707900",True,3872.92,24.58,16,1.401,5990.24,35.23,0.00,35.23,,
498,False,,2026-05-29 18:09:44.777,MoveToLL,MoveToLL_moveToTarget_TravelML_robot1_rppickup_rpmanipulate_dup42,plannedj,rpmanipulate,,1.00,1.00,"0.133776;0.348742;0.490041;0.000000;-3.141590;0.000000","1.656148;-0.959557;-2.051016;-1.701770;1.553554;1.650556",True,11296.36,27.22,51,4.916,13422.10,3900.72,0.00,3900.72,,
499,False,,2026-05-29 18:09:58.255,MoveToLL,MoveToLL_moveToStackPos_StackOnTwoML_stick34_robot1_finallocstick34_rpmanipulate_stick29_stick30_gripper1_layer7_layer8,plannedj,finallocstick34,,1.00,1.00,"0.201724;0.669496;0.112500;0.000000;-3.141590;0.000000","",True,7046.89,20.27,28,2.652,9130.85,55.63,0.00,55.63,,
500,False,,2026-05-29 18:10:07.422,OpenGripperLL,OpenGripperLL_openGripper_StackOnTwoML_stick34_robot1_finallocstick34_rpmanipulate_stick29_stick30_gripper1_layer7_layer8,open_gripper,,,0.50,1.00,"","",True,1615.71,0.00,0,0.000,3668.48,36.28,0.00,36.28,,
501,False,,2026-05-29 18:10:11.112,LiftLL,LiftLL_liftAfterStack_StackOnTwoML_stick34_robot1_finallocstick34_rpmanipulate_stick29_stick30_gripper1_layer7_layer8,lift,,,0.50,1.00,"","",True,3701.38,0.00,0,0.000,5743.33,21.09,0.00,21.09,,
502,False,,2026-05-29 18:10:16.885,MoveToLL,MoveToLL_moveToRobotPos_StackOnTwoML_stick34_robot1_finallocstick34_rpmanipulate_stick29_stick30_gripper1_layer7_layer8,plannedj,rpmanipulate,,1.00,1.00,"0.133776;0.348742;0.490041;0.000000;-3.141590;0.000000","1.656148;-0.959557;-2.051016;-1.701770;1.553554;1.650556",True,6690.01,35.83,28,2.649,8890.88,30.23,0.00,30.23,,
503,False,,2026-05-29 18:10:29.548,MoveToLL,MoveToLL_moveToTarget_TravelML_robot1_rpmanipulate_rppickup_dup40,plannedj,rppickup,,1.00,1.00,"0.607360;-0.274802;0.339901;0.000000;-3.141590;0.000000","-0.128900;-1.540886;-1.932730;-1.238644;1.554514;-1.707900",True,11053.12,33.49,50,4.860,13181.29,3771.23,0.00,3771.23,,
504,False,,2026-05-29 18:10:42.801,MoveToLL,MoveToLL_moveToPickPosition_PickUpML_cube8_initloccube8_robot1_gripper1_rppickup,plannedl,initloccube8,,1.00,1.00,"0.599380;-0.283000;-0.009000;0.000000;-3.141590;0.000000","",True,4567.08,25.04,16,1.421,6695.22,72.61,0.00,72.61,,
505,False,,2026-05-29 18:10:49.525,CloseGripperLL,CloseGripperLL_closeGripper_PickUpML_cube8_initloccube8_robot1_gripper1_rppickup,close_gripper,,,0.50,1.00,"","",True,1803.36,0.00,0,0.000,3840.08,28.30,0.00,28.30,,
506,False,,2026-05-29 18:10:53.383,MoveToLL,MoveToLL_moveToRetract_PickUpML_cube8_initloccube8_robot1_gripper1_rppickup,plannedl,rppickup,,1.00,1.00,"0.607360;-0.274802;0.339901;0.000000;-3.141590;0.000000","-0.128900;-1.540886;-1.932730;-1.238644;1.554514;-1.707900",True,3925.16,20.45,16,1.400,6000.66,17.79,0.00,17.79,,
507,False,,2026-05-29 18:11:03.105,MoveToLL,MoveToLL_moveToTarget_TravelML_robot1_rppickup_rpmanipulate_dup43,plannedj,rpmanipulate,,1.00,1.00,"0.133776;0.348742;0.490041;0.000000;-3.141590;0.000000","1.656148;-0.959557;-2.051016;-1.701770;1.553554;1.650556",True,11488.70,26.53,51,4.916,13591.52,3721.45,0.00,3721.45,,
508,False,,2026-05-29 18:11:16.754,MoveToLL,MoveToLL_moveToStackPos_StackML_cube8_stick32_robot1_gripper1_finalloccube8_rpmanipulate,plannedj,finalloccube8,,1.00,1.00,"-0.254589;0.920415;0.112500;0.000000;-3.141590;0.000000","",True,5713.15,28.32,22,2.016,7831.81,57.17,0.00,57.17,,
509,False,,2026-05-29 18:11:24.615,OpenGripperLL,OpenGripperLL_openGripper_StackML_cube8_stick32_robot1_gripper1_finalloccube8_rpmanipulate,open_gripper,,,0.50,1.00,"","",True,2067.36,0.00,0,0.000,4102.78,29.43,0.00,29.43,,
510,False,,2026-05-29 18:11:28.748,LiftLL,LiftLL_liftAfterStack_StackML_cube8_stick32_robot1_gripper1_finalloccube8_rpmanipulate,lift,,,0.50,1.00,"","",True,3706.29,0.00,0,0.000,5735.35,30.31,0.00,30.31,,
511,False,,2026-05-29 18:11:34.506,MoveToLL,MoveToLL_moveToRobotPosition_StackML_cube8_stick32_robot1_gripper1_finalloccube8_rpmanipulate,plannedj,rpmanipulate,,1.00,1.00,"0.133776;0.348742;0.490041;0.000000;-3.141590;0.000000","1.656148;-0.959557;-2.051016;-1.701770;1.553554;1.650556",True,5417.65,28.08,21,1.997,7555.97,22.71,0.00,22.71,,
512,False,,2026-05-29 18:11:45.823,MoveToLL,MoveToLL_moveToTarget_TravelML_robot1_rpmanipulate_rppickup_dup41,plannedj,rppickup,,1.00,1.00,"0.607360;-0.274802;0.339901;0.000000;-3.141590;0.000000","-0.128900;-1.540886;-1.932730;-1.238644;1.554514;-1.707900",True,11592.86,45.88,50,4.858,13737.35,3761.04,0.00,3761.04,,
513,False,,2026-05-29 18:11:59.619,MoveToLL,MoveToLL_moveToPickPosition_PickUpML_cube7_initloccube7_robot1_gripper1_rppickup,plannedl,initloccube7,,1.00,1.00,"0.599380;-0.283000;-0.009000;0.000000;-3.141590;0.000000","",True,4508.69,57.22,16,1.421,6718.14,58.36,0.00,58.36,,
514,False,,2026-05-29 18:12:06.363,CloseGripperLL,CloseGripperLL_closeGripper_PickUpML_cube7_initloccube7_robot1_gripper1_rppickup,close_gripper,,,0.50,1.00,"","",True,1807.96,0.00,0,0.000,3822.13,25.69,0.00,25.69,,
515,False,,2026-05-29 18:12:10.210,MoveToLL,MoveToLL_moveToRetract_PickUpML_cube7_initloccube7_robot1_gripper1_rppickup,plannedl,rppickup,,1.00,1.00,"0.607360;-0.274802;0.339901;0.000000;-3.141590;0.000000","-0.128900;-1.540886;-1.932730;-1.238644;1.554514;-1.707900",True,3871.41,31.26,16,1.400,6016.62,24.99,0.00,24.99,,
516,False,,2026-05-29 18:12:19.927,MoveToLL,MoveToLL_moveToTarget_TravelML_robot1_rppickup_rpmanipulate_dup44,plannedj,rpmanipulate,,1.00,1.00,"0.133776;0.348742;0.490041;0.000000;-3.141590;0.000000","1.656148;-0.959557;-2.051016;-1.701770;1.553554;1.650556",True,11472.17,28.27,51,4.916,13592.67,3700.78,0.00,3700.78,,
517,False,,2026-05-29 18:12:33.578,MoveToLL,MoveToLL_moveToStackPos_StackML_cube7_stick28_robot1_gripper1_finalloccube7_rpmanipulate,plannedj,finalloccube7,,1.00,1.00,"0.250586;0.980687;0.113500;0.000000;-3.141590;0.000000","",True,7066.05,33.89,29,2.701,9235.72,58.21,0.00,58.21,,
518,False,,2026-05-29 18:12:42.842,OpenGripperLL,OpenGripperLL_openGripper_StackML_cube7_stick28_robot1_gripper1_finalloccube7_rpmanipulate,open_gripper,,,0.50,1.00,"","",True,2267.72,0.00,0,0.000,4309.92,28.55,0.00,28.55,,
519,False,,2026-05-29 18:12:47.179,LiftLL,LiftLL_liftAfterStack_StackML_cube7_stick28_robot1_gripper1_finalloccube7_rpmanipulate,lift,,,0.50,1.00,"","",True,3699.44,0.00,0,0.000,5739.99,26.80,0.00,26.80,,
520,False,,2026-05-29 18:12:52.945,MoveToLL,MoveToLL_moveToRobotPosition_StackML_cube7_stick28_robot1_gripper1_finalloccube7_rpmanipulate,plannedj,rpmanipulate,,1.00,1.00,"0.133776;0.348742;0.490041;0.000000;-3.141590;0.000000","1.656148;-0.959557;-2.051016;-1.701770;1.553554;1.650556",True,6848.70,30.34,28,2.698,9001.46,26.47,0.00,26.47,,
521,False,,2026-05-29 18:13:05.537,MoveToLL,MoveToLL_moveToTarget_TravelML_robot1_rpmanipulate_rppickup_dup42,plannedj,rppickup,,1.00,1.00,"0.607360;-0.274802;0.339901;0.000000;-3.141590;0.000000","-0.128900;-1.540886;-1.932730;-1.238644;1.554514;-1.707900",True,11205.56,35.29,50,4.859,13345.38,3589.91,0.00,3589.91,,
522,False,,2026-05-29 18:13:18.926,MoveToLL,MoveToLL_moveToPickPosition_PickUpML_stick36_initlocstick36_robot1_gripper1_rppickup,plannedl,initlocstick36,,1.00,1.00,"0.599380;-0.283000;-0.009000;0.000000;-3.141590;0.000000","",True,4528.19,29.53,16,1.421,6644.18,44.30,0.00,44.30,,
523,False,,2026-05-29 18:13:25.594,CloseGripperLL,CloseGripperLL_closeGripper_PickUpML_stick36_initlocstick36_robot1_gripper1_rppickup,close_gripper,,,0.50,1.00,"","",True,1767.80,0.00,0,0.000,3820.84,23.78,0.00,23.78,,
524,False,,2026-05-29 18:13:29.433,MoveToLL,MoveToLL_moveToRetract_PickUpML_stick36_initlocstick36_robot1_gripper1_rppickup,plannedl,rppickup,,1.00,1.00,"0.607360;-0.274802;0.339901;0.000000;-3.141590;0.000000","-0.128900;-1.540886;-1.932730;-1.238644;1.554514;-1.707900",True,3830.49,58.01,16,1.401,6040.14,18.20,0.00,18.20,,
525,False,,2026-05-29 18:13:39.346,MoveToLL,MoveToLL_moveToTarget_TravelML_robot1_rppickup_rpmanipulate_dup45,plannedj,rpmanipulate,,1.00,1.00,"0.133776;0.348742;0.490041;0.000000;-3.141590;0.000000","1.656148;-0.959557;-2.051016;-1.701770;1.553554;1.650556",True,11320.08,36.16,51,4.916,13452.37,3871.98,0.00,3871.98,,
526,False,,2026-05-29 18:13:52.833,MoveToLL,MoveToLL_moveToStackPos_StackOnTwoML_stick36_robot1_finallocstick36_rpmanipulate_stick32_stick31_gripper1_layer7_layer8,plannedj,finallocstick36,,1.00,1.00,"-0.126276;0.959845;0.112500;0.000000;-3.141590;0.000000","",True,5978.49,91.35,23,2.186,8202.72,35.03,0.00,35.03,,
527,False,,2026-05-29 18:14:01.055,OpenGripperLL,OpenGripperLL_openGripper_StackOnTwoML_stick36_robot1_finallocstick36_rpmanipulate_stick32_stick31_gripper1_layer7_layer8,open_gripper,,,0.50,1.00,"","",True,1725.98,0.00,0,0.000,3760.74,19.60,0.00,19.60,,
528,False,,2026-05-29 18:14:04.846,LiftLL,LiftLL_liftAfterStack_StackOnTwoML_stick36_robot1_finallocstick36_rpmanipulate_stick32_stick31_gripper1_layer7_layer8,lift,,,0.50,1.00,"","",True,3712.45,0.00,0,0.000,5737.47,30.41,0.00,30.41,,
529,False,,2026-05-29 18:14:10.610,MoveToLL,MoveToLL_moveToRobotPos_StackOnTwoML_stick36_robot1_finallocstick36_rpmanipulate_stick32_stick31_gripper1_layer7_layer8,plannedj,rpmanipulate,,1.00,1.00,"0.133776;0.348742;0.490041;0.000000;-3.141590;0.000000","1.656148;-0.959557;-2.051016;-1.701770;1.553554;1.650556",True,5767.83,32.34,23,2.184,7943.27,25.71,0.00,25.71,,
530,False,,2026-05-29 18:14:22.143,MoveToLL,MoveToLL_moveToTarget_TravelML_robot1_rpmanipulate_rptoolchange_dup9,plannedj,rptoolchange,,1.00,1.00,"-0.276143;0.385864;0.086921;-3.141491;-0.002589;-0.000081","2.086106;-1.186673;-2.396030;-1.129490;1.555172;0.503193",True,5382.48,29.62,21,1.926,7519.84,3589.70,0.00,3589.70,,
531,False,,2026-05-29 18:14:29.699,DeequipToolLL,DeequipToolLL_deequipTool_DeequipML_robot1_gripper1_equiplocgripper_rptoolchange_dup5,play_program,,gripper,0.50,1.00,"","",True,21742.02,0.00,0,0.000,23756.70,37.06,0.00,37.06,,
532,False,,2026-05-29 18:14:53.491,EquipToolLL,EquipToolLL_equipTool_EquipeML_robot1_staplergun1_rptoolchange_equiplocstapler_dup5,play_program,,nailgun,0.50,1.00,"","",True,10486.64,0.00,0,0.000,12530.08,34.73,0.00,34.73,,
533,False,,2026-05-29 18:15:10.001,MoveToLL,MoveToLL_moveToTarget_TravelML_robot1_rptoolchange_rpmanipulate_dup5,plannedj,rpmanipulate,,1.00,1.00,"0.133776;0.348742;0.490041;0.000000;-3.141590;0.000000","1.656148;-0.959557;-2.051016;-1.701770;1.553554;1.650556",True,5327.73,86.30,21,1.941,10053.30,3980.30,0.00,3980.30,,
534,False,,2026-05-29 18:15:20.133,NailingLL,NailingLL_moveToNailPos_NailingML_cube7_stick28_robot1_staplergun1_rpmanipulate,movej,unknown,nailgun,0.30,0.30,"0.250586;0.980687;0.133550;2.221441;-2.221441;0.000000","",True,10231.26,0.00,0,0.000,12262.43,78.12,0.00,78.12,,
535,False,,2026-05-29 18:15:32.425,PushDownLL,PushDownLL_pushDown_NailingML_cube7_stick28_robot1_staplergun1_rpmanipulate,lift,,,0.50,1.00,"","",True,1754.05,0.00,0,0.000,3774.41,29.47,0.00,29.47,,
536,False,,2026-05-29 18:15:36.230,LiftLL,LiftLL_liftAfterNail_NailingML_cube7_stick28_robot1_staplergun1_rpmanipulate,lift,,,0.50,1.00,"","",True,4061.54,0.00,0,0.000,6101.95,30.71,0.00,30.71,,
537,False,,2026-05-29 18:15:45.948,NailingLL,NailingLL_moveToNailPos_NailingML_cube8_stick32_robot1_staplergun1_rpmanipulate,movej,unknown,nailgun,0.30,0.30,"-0.251959;0.922325;0.132575;2.221441;-2.221441;0.000000","",True,6911.44,0.00,0,0.000,8932.62,3616.05,0.00,3616.05,,
538,False,,2026-05-29 18:15:54.904,PushDownLL,PushDownLL_pushDown_NailingML_cube8_stick32_robot1_staplergun1_rpmanipulate,lift,,,0.50,1.00,"","",True,1597.13,0.00,0,0.000,3622.34,23.46,0.00,23.46,,
539,False,,2026-05-29 18:15:58.546,LiftLL,LiftLL_liftAfterNail_NailingML_cube8_stick32_robot1_staplergun1_rpmanipulate,lift,,,0.50,1.00,"","",True,4100.41,0.00,0,0.000,6126.90,19.69,0.00,19.69,,
540,False,,2026-05-29 18:16:08.238,NailingLL,NailingLL_moveToNailPos_NailingML_stick33_stick28_robot1_staplergun1_rpmanipulate,movej,unknown,nailgun,0.30,0.30,"0.334189;0.919946;0.133575;2.221441;-2.221441;0.000000","",True,7646.78,0.00,0,0.000,9671.48,3565.06,0.00,3565.06,,
541,False,,2026-05-29 18:16:17.926,PushDownLL,PushDownLL_pushDown_NailingML_stick33_stick28_robot1_staplergun1_rpmanipulate,lift,,,0.50,1.00,"","",True,1597.35,0.00,0,0.000,3637.57,16.21,0.00,16.21,,
542,False,,2026-05-29 18:16:21.588,LiftLL,LiftLL_liftAfterNail_NailingML_stick33_stick28_robot1_staplergun1_rpmanipulate,lift,,,0.50,1.00,"","",True,4104.04,0.00,0,0.000,6123.44,24.97,0.00,24.97,,
543,False,,2026-05-29 18:16:30.928,NailingLL,NailingLL_moveToNailPos_NailingML_stick33_stick29_robot1_staplergun1_rpmanipulate,movej,unknown,nailgun,0.30,0.30,"0.358103;0.784740;0.133050;2.221441;-2.221441;0.000000","",True,5770.42,0.00,0,0.000,7789.93,3216.85,0.00,3216.85,,
544,False,,2026-05-29 18:16:38.747,PushDownLL,PushDownLL_pushDown_NailingML_stick33_stick29_robot1_staplergun1_rpmanipulate,lift,,,0.50,1.00,"","",True,1525.81,0.00,0,0.000,3551.14,29.06,0.00,29.06,,
545,False,,2026-05-29 18:16:42.323,LiftLL,LiftLL_liftAfterNail_NailingML_stick33_stick29_robot1_staplergun1_rpmanipulate,lift,,,0.50,1.00,"","",True,4075.47,0.00,0,0.000,6124.73,24.18,0.00,24.18,,
546,False,,2026-05-29 18:16:52.095,NailingLL,NailingLL_moveToNailPos_NailingML_stick34_stick29_robot1_staplergun1_rpmanipulate,movej,unknown,nailgun,0.30,0.30,"0.271639;0.678080;0.132575;2.221441;-2.221441;0.000000","",True,5382.57,0.00,0,0.000,7410.66,3647.83,0.00,3647.83,,
547,False,,2026-05-29 18:16:59.523,PushDownLL,PushDownLL_pushDown_NailingML_stick34_stick29_robot1_staplergun1_rpmanipulate,lift,,,0.50,1.00,"","",True,1497.02,0.00,0,0.000,3514.71,16.86,0.00,16.86,,
548,False,,2026-05-29 18:17:03.057,LiftLL,LiftLL_liftAfterNail_NailingML_stick34_stick29_robot1_staplergun1_rpmanipulate,lift,,,0.50,1.00,"","",True,4102.79,0.00,0,0.000,6127.69,19.29,0.00,19.29,,
549,False,,2026-05-29 18:17:12.540,NailingLL,NailingLL_moveToNailPos_NailingML_stick34_stick30_robot1_staplergun1_rpmanipulate,movej,unknown,nailgun,0.30,0.30,"0.138386;0.661719;0.132550;2.221441;-2.221441;0.000000","",True,4736.76,0.00,0,0.000,6769.97,3355.98,0.00,3355.98,,
550,False,,2026-05-29 18:17:19.342,PushDownLL,PushDownLL_pushDown_NailingML_stick34_stick30_robot1_staplergun1_rpmanipulate,lift,,,0.50,1.00,"","",True,1715.28,0.00,0,0.000,3754.62,31.98,0.00,31.98,,
551,False,,2026-05-29 18:17:23.112,LiftLL,LiftLL_liftAfterNail_NailingML_stick34_stick30_robot1_staplergun1_rpmanipulate,lift,,,0.50,1.00,"","",True,4081.68,0.00,0,0.000,6107.97,15.43,0.00,15.43,,
552,False,,2026-05-29 18:17:32.743,NailingLL,NailingLL_moveToNailPos_NailingML_stick35_stick30_robot1_staplergun1_rpmanipulate,movej,unknown,nailgun,0.30,0.30,"0.011642;0.753804;0.132550;2.221441;-2.221441;0.000000","",True,4378.84,0.00,0,0.000,6413.41,3522.29,0.00,3522.29,,
553,False,,2026-05-29 18:17:39.174,PushDownLL,PushDownLL_pushDown_NailingML_stick35_stick30_robot1_staplergun1_rpmanipulate,lift,,,0.50,1.00,"","",True,1892.92,0.00,0,0.000,3929.06,18.37,0.00,18.37,,
554,False,,2026-05-29 18:17:43.123,LiftLL,LiftLL_liftAfterNail_NailingML_stick35_stick30_robot1_staplergun1_rpmanipulate,lift,,,0.50,1.00,"","",True,4108.34,0.00,0,0.000,6127.31,19.52,0.00,19.52,,
555,False,,2026-05-29 18:17:52.558,NailingLL,NailingLL_moveToNailPos_NailingML_stick35_stick31_robot1_staplergun1_rpmanipulate,movej,unknown,nailgun,0.30,0.30,"0.022551;0.842648;0.132550;2.221441;-2.221441;0.000000","",True,4582.90,0.00,0,0.000,6611.39,3307.27,0.00,3307.27,,
556,False,,2026-05-29 18:17:59.202,PushDownLL,PushDownLL_pushDown_NailingML_stick35_stick31_robot1_staplergun1_rpmanipulate,lift,,,0.50,1.00,"","",True,1910.97,0.00,0,0.000,3938.44,32.88,0.00,32.88,,
557,False,,2026-05-29 18:18:03.167,LiftLL,LiftLL_liftAfterNail_NailingML_stick35_stick31_robot1_staplergun1_rpmanipulate,lift,,,0.50,1.00,"","",True,4090.99,0.00,0,0.000,6118.38,26.58,0.00,26.58,,
558,False,,2026-05-29 18:18:12.818,NailingLL,NailingLL_moveToNailPos_NailingML_stick36_stick31_robot1_staplergun1_rpmanipulate,movej,unknown,nailgun,0.30,0.30,"-0.056361;0.951261;0.132550;2.221441;-2.221441;0.000000","",True,4551.24,0.00,0,0.000,6576.84,3532.56,0.00,3532.56,,
559,False,,2026-05-29 18:18:19.416,PushDownLL,PushDownLL_pushDown_NailingML_stick36_stick31_robot1_staplergun1_rpmanipulate,lift,,,0.50,1.00,"","",True,1736.08,0.00,0,0.000,3757.35,21.63,0.00,21.63,,
560,False,,2026-05-29 18:18:23.192,LiftLL,LiftLL_liftAfterNail_NailingML_stick36_stick31_robot1_staplergun1_rpmanipulate,lift,,,0.50,1.00,"","",True,4072.81,0.00,0,0.000,6126.73,18.81,0.00,18.81,,
561,False,,2026-05-29 18:18:32.773,NailingLL,NailingLL_moveToNailPos_NailingML_stick36_stick32_robot1_staplergun1_rpmanipulate,movej,unknown,nailgun,0.30,0.30,"-0.189614;0.967622;0.132550;2.221441;-2.221441;0.000000","",True,3942.07,0.00,0,0.000,5974.99,3453.37,0.00,3453.37,,
562,False,,2026-05-29 18:18:38.771,PushDownLL,PushDownLL_pushDown_NailingML_stick36_stick32_robot1_staplergun1_rpmanipulate,lift,,,0.50,1.00,"","",True,1595.81,0.00,0,0.000,3633.54,23.46,0.00,23.46,,
563,False,,2026-05-29 18:18:42.421,LiftLL,LiftLL_liftAfterNail_NailingML_stick36_stick32_robot1_staplergun1_rpmanipulate,lift,,,0.50,1.00,"","",True,4091.20,0.00,0,0.000,6132.60,16.41,0.00,16.41,,
564,False,,2026-05-29 18:18:55.282,MoveToLL,MoveToLL_moveToTarget_TravelML_robot1_rpmanipulate_rptoolchange_dup10,plannedj,rptoolchange,,1.00,1.00,"-0.276143;0.385864;0.086921;-3.141491;-0.002589;-0.000081","2.086106;-1.186673;-2.396030;-1.129490;1.555172;0.503193",True,5829.31,68.38,25,2.372,8052.93,6728.77,0.00,6728.77,,
565,False,,2026-05-29 18:19:03.382,DeequipToolLL,DeequipToolLL_deequipTool_DeequipML_robot1_staplergun1_equiplocstapler_rptoolchange_dup5,play_program,,nailgun,0.50,1.00,"","",True,7817.58,0.00,0,0.000,9865.00,47.21,0.00,47.21,,
566,False,,2026-05-29 18:19:13.297,EquipToolLL,EquipToolLL_equipTool_EquipeML_robot1_gripper1_rptoolchange_equiplocgripper_dup5,play_program,,gripper,0.50,1.00,"","",True,21373.83,0.00,0,0.000,23408.04,49.56,0.00,49.56,,
567,False,,2026-05-29 18:19:40.423,MoveToLL,MoveToLL_moveToTarget_TravelML_robot1_rptoolchange_rppickup_dup5,plannedj,rppickup,,1.00,1.00,"0.607360;-0.274802;0.339901;0.000000;-3.141590;0.000000","-0.128900;-1.540886;-1.932730;-1.238644;1.554514;-1.707900",True,8345.35,28.12,35,3.357,12993.13,3718.26,0.00,3718.26,,
568,False,,2026-05-29 18:19:53.451,MoveToLL,MoveToLL_moveToPickPosition_PickUpML_stick38_initlocstick38_robot1_gripper1_rppickup,plannedl,initlocstick38,,1.00,1.00,"0.599380;-0.283000;-0.009000;0.000000;-3.141590;0.000000","",True,3870.07,26.20,16,1.419,5979.82,34.07,0.00,34.07,,
569,False,,2026-05-29 18:19:59.456,CloseGripperLL,CloseGripperLL_closeGripper_PickUpML_stick38_initlocstick38_robot1_gripper1_rppickup,close_gripper,,,0.50,1.00,"","",True,1796.55,0.00,0,0.000,3831.35,25.50,0.00,25.50,,
570,False,,2026-05-29 18:20:03.304,MoveToLL,MoveToLL_moveToRetract_PickUpML_stick38_initlocstick38_robot1_gripper1_rppickup,plannedl,rppickup,,1.00,1.00,"0.607360;-0.274802;0.339901;0.000000;-3.141590;0.000000","-0.128900;-1.540886;-1.932730;-1.238644;1.554514;-1.707900",True,3929.39,13.86,16,1.401,6011.17,17.10,0.00,17.10,,
571,False,,2026-05-29 18:20:13.259,MoveToLL,MoveToLL_moveToTarget_TravelML_robot1_rppickup_rpmanipulate_dup46,plannedj,rpmanipulate,,1.00,1.00,"0.133776;0.348742;0.490041;0.000000;-3.141590;0.000000","1.656148;-0.959557;-2.051016;-1.701770;1.553554;1.650556",True,11224.46,43.98,51,4.916,13363.89,3943.99,0.00,3943.99,,
572,False,,2026-05-29 18:20:26.660,MoveToLL,MoveToLL_moveToStackPos_StackOnTwoML_stick38_robot1_finallocstick38_rpmanipulate_stick33_stick34_gripper1_layer8_layer9,plannedj,finallocstick38,,1.00,1.00,"0.306080;0.726157;0.130000;0.000000;-3.141590;0.000000","",True,7326.31,37.46,30,2.832,9529.82,36.92,0.00,36.92,,
573,False,,2026-05-29 18:20:36.228,OpenGripperLL,OpenGripperLL_openGripper_StackOnTwoML_stick38_robot1_finallocstick38_rpmanipulate_stick33_stick34_gripper1_layer8_layer9,open_gripper,,,0.50,1.00,"","",True,1986.12,0.00,0,0.000,4024.48,38.40,0.00,38.40,,
574,False,,2026-05-29 18:20:40.275,LiftLL,LiftLL_liftAfterStack_StackOnTwoML_stick38_robot1_finallocstick38_rpmanipulate_stick33_stick34_gripper1_layer8_layer9,lift,,,0.50,1.00,"","",True,3704.21,0.00,0,0.000,5743.38,22.08,0.00,22.08,,
575,False,,2026-05-29 18:20:46.031,MoveToLL,MoveToLL_moveToRobotPos_StackOnTwoML_stick38_robot1_finallocstick38_rpmanipulate_stick33_stick34_gripper1_layer8_layer9,plannedj,rpmanipulate,,1.00,1.00,"0.133776;0.348742;0.490041;0.000000;-3.141590;0.000000","1.656148;-0.959557;-2.051016;-1.701770;1.553554;1.650556",True,6960.33,68.04,30,2.828,9290.31,13.05,0.00,13.05,,
576,False,,2026-05-29 18:20:58.834,MoveToLL,MoveToLL_moveToTarget_TravelML_robot1_rpmanipulate_rppickup_dup43,plannedj,rppickup,,1.00,1.00,"0.607360;-0.274802;0.339901;0.000000;-3.141590;0.000000","-0.128900;-1.540886;-1.932730;-1.238644;1.554514;-1.707900",True,10911.00,30.11,50,4.859,13056.10,3512.08,0.00,3512.08,,
577,False,,2026-05-29 18:21:11.933,MoveToLL,MoveToLL_moveToPickPosition_PickUpML_stick37_initlocstick37_robot1_gripper1_rppickup,plannedl,initlocstick37,,1.00,1.00,"0.599380;-0.283000;-0.009000;0.000000;-3.141590;0.000000","",True,3874.96,31.08,16,1.421,5997.30,43.09,0.00,43.09,,
578,False,,2026-05-29 18:21:17.952,CloseGripperLL,CloseGripperLL_closeGripper_PickUpML_stick37_initlocstick37_robot1_gripper1_rppickup,close_gripper,,,0.50,1.00,"","",True,1791.59,0.00,0,0.000,3826.09,22.12,0.00,22.12,,
579,False,,2026-05-29 18:21:21.802,MoveToLL,MoveToLL_moveToRetract_PickUpML_stick37_initlocstick37_robot1_gripper1_rppickup,plannedl,rppickup,,1.00,1.00,"0.607360;-0.274802;0.339901;0.000000;-3.141590;0.000000","-0.128900;-1.540886;-1.932730;-1.238644;1.554514;-1.707900",True,4484.22,78.07,16,1.400,6814.62,23.04,0.00,23.04,,
580,False,,2026-05-29 18:21:32.454,MoveToLL,MoveToLL_moveToTarget_TravelML_robot1_rppickup_rpmanipulate_dup47,plannedj,rpmanipulate,,1.00,1.00,"0.133776;0.348742;0.490041;0.000000;-3.141590;0.000000","1.656148;-0.959557;-2.051016;-1.701770;1.553554;1.650556",True,11370.59,24.73,51,4.916,13467.41,3838.25,0.00,3838.25,,
581,False,,2026-05-29 18:21:45.977,MoveToLL,MoveToLL_moveToStackPos_StackOnTwoML_stick37_robot1_finallocstick37_rpmanipulate_cube7_stick33_gripper1_layer8_layer9,plannedj,finallocstick37,,1.00,1.00,"0.305264;0.938318;0.131000;0.000000;-3.141590;0.000000","",True,7230.50,29.01,29,2.780,9408.42,54.87,0.00,54.87,,
582,False,,2026-05-29 18:21:55.413,OpenGripperLL,OpenGripperLL_openGripper_StackOnTwoML_stick37_robot1_finallocstick37_rpmanipulate_cube7_stick33_gripper1_layer8_layer9,open_gripper,,,0.50,1.00,"","",True,2102.51,0.00,0,0.000,4129.73,28.27,0.00,28.27,,
583,False,,2026-05-29 18:21:59.575,LiftLL,LiftLL_liftAfterStack_StackOnTwoML_stick37_robot1_finallocstick37_rpmanipulate_cube7_stick33_gripper1_layer8_layer9,lift,,,0.50,1.00,"","",True,3717.69,0.00,0,0.000,5748.31,31.43,0.00,31.43,,
584,False,,2026-05-29 18:22:05.355,MoveToLL,MoveToLL_moveToRobotPos_StackOnTwoML_stick37_robot1_finallocstick37_rpmanipulate_cube7_stick33_gripper1_layer8_layer9,plannedj,rpmanipulate,,1.00,1.00,"0.133776;0.348742;0.490041;0.000000;-3.141590;0.000000","1.656148;-0.959557;-2.051016;-1.701770;1.553554;1.650556",True,6952.04,69.26,29,2.777,9148.09,31.62,0.00,31.62,,
585,False,,2026-05-29 18:22:18.108,MoveToLL,MoveToLL_moveToTarget_TravelML_robot1_rpmanipulate_rppickup_dup44,plannedj,rppickup,,1.00,1.00,"0.607360;-0.274802;0.339901;0.000000;-3.141590;0.000000","-0.128900;-1.540886;-1.932730;-1.238644;1.554514;-1.707900",True,10937.52,30.39,50,4.860,13080.74,3604.99,0.00,3604.99,,
586,False,,2026-05-29 18:22:31.223,MoveToLL,MoveToLL_moveToPickPosition_PickUpML_stick39_initlocstick39_robot1_gripper1_rppickup,plannedl,initlocstick39,,1.00,1.00,"0.599380;-0.283000;-0.009000;0.000000;-3.141590;0.000000","",True,3880.84,25.77,16,1.421,5994.71,34.48,0.00,34.48,,
587,False,,2026-05-29 18:22:37.247,CloseGripperLL,CloseGripperLL_closeGripper_PickUpML_stick39_initlocstick39_robot1_gripper1_rppickup,close_gripper,,,0.50,1.00,"","",True,1786.17,0.00,0,0.000,3813.77,29.96,0.00,29.96,,
588,False,,2026-05-29 18:22:41.085,MoveToLL,MoveToLL_moveToRetract_PickUpML_stick39_initlocstick39_robot1_gripper1_rppickup,plannedl,rppickup,,1.00,1.00,"0.607360;-0.274802;0.339901;0.000000;-3.141590;0.000000","-0.128900;-1.540886;-1.932730;-1.238644;1.554514;-1.707900",True,3903.66,23.96,16,1.400,6010.18,24.05,0.00,24.05,,
589,False,,2026-05-29 18:22:50.791,MoveToLL,MoveToLL_moveToTarget_TravelML_robot1_rppickup_rpmanipulate_dup48,plannedj,rpmanipulate,,1.00,1.00,"0.133776;0.348742;0.490041;0.000000;-3.141590;0.000000","1.656148;-0.959557;-2.051016;-1.701770;1.553554;1.650556",True,11490.52,29.06,51,4.916,13614.53,3695.74,0.00,3695.74,,
590,False,,2026-05-29 18:23:04.449,MoveToLL,MoveToLL_moveToStackPos_StackOnTwoML_stick39_robot1_finallocstick39_rpmanipulate_stick34_stick35_gripper1_layer8_layer9,plannedj,finallocstick39,,1.00,1.00,"0.077850;0.706189;0.130000;0.000000;-3.141590;0.000000","",True,6392.27,76.77,26,2.415,8652.83,42.86,0.00,42.86,,
591,False,,2026-05-29 18:23:13.120,OpenGripperLL,OpenGripperLL_openGripper_StackOnTwoML_stick39_robot1_finallocstick39_rpmanipulate_stick34_stick35_gripper1_layer8_layer9,open_gripper,,,0.50,1.00,"","",True,2079.06,0.00,0,0.000,4102.32,18.63,0.00,18.63,,
592,False,,2026-05-29 18:23:17.241,LiftLL,LiftLL_liftAfterStack_StackOnTwoML_stick39_robot1_finallocstick39_rpmanipulate_stick34_stick35_gripper1_layer8_layer9,lift,,,0.50,1.00,"","",True,3726.53,0.00,0,0.000,5757.86,18.65,0.00,18.65,,
593,False,,2026-05-29 18:23:23.023,MoveToLL,MoveToLL_moveToRobotPos_StackOnTwoML_stick39_robot1_finallocstick39_rpmanipulate_stick34_stick35_gripper1_layer8_layer9,plannedj,rpmanipulate,,1.00,1.00,"0.133776;0.348742;0.490041;0.000000;-3.141590;0.000000","1.656148;-0.959557;-2.051016;-1.701770;1.553554;1.650556",True,6296.88,23.82,26,2.411,8410.06,24.14,0.00,24.14,,
594,False,,2026-05-29 18:23:35.013,MoveToLL,MoveToLL_moveToTarget_TravelML_robot1_rpmanipulate_rppickup_dup45,plannedj,rppickup,,1.00,1.00,"0.607360;-0.274802;0.339901;0.000000;-3.141590;0.000000","-0.128900;-1.540886;-1.932730;-1.238644;1.554514;-1.707900",True,11567.98,67.83,50,4.859,13853.55,3579.79,0.00,3579.79,,
595,False,,2026-05-29 18:23:48.930,MoveToLL,MoveToLL_moveToPickPosition_PickUpML_stick42_initlocstick42_robot1_gripper1_rppickup,plannedl,initlocstick42,,1.00,1.00,"0.599380;-0.283000;-0.009000;0.000000;-3.141590;0.000000","",True,3878.05,21.79,16,1.421,5994.63,63.32,0.00,63.32,,
596,False,,2026-05-29 18:23:54.941,CloseGripperLL,CloseGripperLL_closeGripper_PickUpML_stick42_initlocstick42_robot1_gripper1_rppickup,close_gripper,,,0.50,1.00,"","",True,1809.59,0.00,0,0.000,3828.84,16.59,0.00,16.59,,
597,False,,2026-05-29 18:23:58.790,MoveToLL,MoveToLL_moveToRetract_PickUpML_stick42_initlocstick42_robot1_gripper1_rppickup,plannedl,rppickup,,1.00,1.00,"0.607360;-0.274802;0.339901;0.000000;-3.141590;0.000000","-0.128900;-1.540886;-1.932730;-1.238644;1.554514;-1.707900",True,3884.41,28.97,16,1.401,6016.51,19.87,0.00,19.87,,
598,False,,2026-05-29 18:24:08.607,MoveToLL,MoveToLL_moveToTarget_TravelML_robot1_rppickup_rpmanipulate_dup49,plannedj,rpmanipulate,,1.00,1.00,"0.133776;0.348742;0.490041;0.000000;-3.141590;0.000000","1.656148;-0.959557;-2.051016;-1.701770;1.553554;1.650556",True,11405.80,28.29,51,4.916,13520.03,3801.26,0.00,3801.26,,
599,False,,2026-05-29 18:24:22.167,MoveToLL,MoveToLL_moveToStackPos_StackOnTwoML_stick42_robot1_finallocstick42_rpmanipulate_stick38_stick37_gripper1_layer9_layer10,plannedj,finallocstick42,,1.00,1.00,"0.343759;0.838767;0.148500;0.000000;-3.141590;0.000000","",True,7745.56,29.61,30,2.857,9856.18,39.77,0.00,39.77,,
600,False,,2026-05-29 18:24:32.044,OpenGripperLL,OpenGripperLL_openGripper_StackOnTwoML_stick42_robot1_finallocstick42_rpmanipulate_stick38_stick37_gripper1_layer9_layer10,open_gripper,,,0.50,1.00,"","",True,1611.18,0.00,0,0.000,3633.69,20.07,0.00,20.07,,
601,False,,2026-05-29 18:24:35.696,LiftLL,LiftLL_liftAfterStack_StackOnTwoML_stick42_robot1_finallocstick42_rpmanipulate_stick38_stick37_gripper1_layer9_layer10,lift,,,0.50,1.00,"","",True,3730.86,0.00,0,0.000,5757.45,18.98,0.00,18.98,,
602,False,,2026-05-29 18:24:41.483,MoveToLL,MoveToLL_moveToRobotPos_StackOnTwoML_stick42_robot1_finallocstick42_rpmanipulate_stick38_stick37_gripper1_layer9_layer10,plannedj,rpmanipulate,,1.00,1.00,"0.133776;0.348742;0.490041;0.000000;-3.141590;0.000000","1.656148;-0.959557;-2.051016;-1.701770;1.553554;1.650556",True,7126.51,26.19,30,2.855,9301.79,29.27,0.00,29.27,,
603,False,,2026-05-29 18:24:54.512,MoveToLL,MoveToLL_moveToTarget_TravelML_robot1_rpmanipulate_rppickup_dup46,plannedj,rppickup,,1.00,1.00,"0.607360;-0.274802;0.339901;0.000000;-3.141590;0.000000","-0.128900;-1.540886;-1.932730;-1.238644;1.554514;-1.707900",True,11425.93,26.42,50,4.859,13623.48,3727.00,0.00,3727.00,,
604,False,,2026-05-29 18:25:08.183,MoveToLL,MoveToLL_moveToPickPosition_PickUpML_cube9_initloccube9_robot1_gripper1_rppickup,plannedl,initloccube9,,1.00,1.00,"0.599380;-0.283000;-0.009000;0.000000;-3.141590;0.000000","",True,3879.33,27.85,16,1.421,6000.65,47.76,0.00,47.76,,
605,False,,2026-05-29 18:25:14.209,CloseGripperLL,CloseGripperLL_closeGripper_PickUpML_cube9_initloccube9_robot1_gripper1_rppickup,close_gripper,,,0.50,1.00,"","",True,1773.45,0.00,0,0.000,3822.19,25.69,0.00,25.69,,
606,False,,2026-05-29 18:25:18.053,MoveToLL,MoveToLL_moveToRetract_PickUpML_cube9_initloccube9_robot1_gripper1_rppickup,plannedl,rppickup,,1.00,1.00,"0.607360;-0.274802;0.339901;0.000000;-3.141590;0.000000","-0.128900;-1.540886;-1.932730;-1.238644;1.554514;-1.707900",True,3903.98,21.38,16,1.401,6007.62,21.49,0.00,21.49,,
607,False,,2026-05-29 18:25:27.733,MoveToLL,MoveToLL_moveToTarget_TravelML_robot1_rppickup_rpmanipulate_dup50,plannedj,rpmanipulate,,1.00,1.00,"0.133776;0.348742;0.490041;0.000000;-3.141590;0.000000","1.656148;-0.959557;-2.051016;-1.701770;1.553554;1.650556",True,11442.89,38.98,51,4.916,13620.87,3672.60,0.00,3672.60,,
608,False,,2026-05-29 18:25:41.401,MoveToLL,MoveToLL_moveToStackPos_StackML_cube9_stick37_robot1_gripper1_finalloccube9_rpmanipulate,plannedj,finalloccube9,,1.00,1.00,"0.266655;0.970714;0.148500;0.000000;-3.141590;0.000000","",True,7173.57,24.85,29,2.722,9305.61,46.49,0.00,46.49,,
609,False,,2026-05-29 18:25:50.734,OpenGripperLL,OpenGripperLL_openGripper_StackML_cube9_stick37_robot1_gripper1_finalloccube9_rpmanipulate,open_gripper,,,0.50,1.00,"","",True,2225.70,0.00,0,0.000,4256.97,28.19,0.00,28.19,,
610,False,,2026-05-29 18:25:55.024,LiftLL,LiftLL_liftAfterStack_StackML_cube9_stick37_robot1_gripper1_finalloccube9_rpmanipulate,lift,,,0.50,1.00,"","",True,3702.46,0.00,0,0.000,5742.71,32.88,0.00,32.88,,
611,False,,2026-05-29 18:26:00.789,MoveToLL,MoveToLL_moveToRobotPosition_StackML_cube9_stick37_robot1_gripper1_finalloccube9_rpmanipulate,plannedj,rpmanipulate,,1.00,1.00,"0.133776;0.348742;0.490041;0.000000;-3.141590;0.000000","1.656148;-0.959557;-2.051016;-1.701770;1.553554;1.650556",True,6897.17,31.74,29,2.720,9044.61,21.61,0.00,21.61,,
612,False,,2026-05-29 18:26:13.545,MoveToLL,MoveToLL_moveToTarget_TravelML_robot1_rpmanipulate_rppickup_dup47,plannedj,rppickup,,1.00,1.00,"0.607360;-0.274802;0.339901;0.000000;-3.141590;0.000000","-0.128900;-1.540886;-1.932730;-1.238644;1.554514;-1.707900",True,10983.54,26.94,50,4.860,13100.01,3711.86,0.00,3711.86,,
613,False,,2026-05-29 18:26:26.694,MoveToLL,MoveToLL_moveToPickPosition_PickUpML_stick43_initlocstick43_robot1_gripper1_rppickup,plannedl,initlocstick43,,1.00,1.00,"0.599380;-0.283000;-0.009000;0.000000;-3.141590;0.000000","",True,3875.63,27.87,16,1.421,5984.52,49.21,0.00,49.21,,
614,False,,2026-05-29 18:26:32.699,CloseGripperLL,CloseGripperLL_closeGripper_PickUpML_stick43_initlocstick43_robot1_gripper1_rppickup,close_gripper,,,0.50,1.00,"","",True,1810.27,0.00,0,0.000,3831.17,20.69,0.00,20.69,,
615,False,,2026-05-29 18:26:36.553,MoveToLL,MoveToLL_moveToRetract_PickUpML_stick43_initlocstick43_robot1_gripper1_rppickup,plannedl,rppickup,,1.00,1.00,"0.607360;-0.274802;0.339901;0.000000;-3.141590;0.000000","-0.128900;-1.540886;-1.932730;-1.238644;1.554514;-1.707900",True,3872.22,25.29,16,1.400,5997.97,22.13,0.00,22.13,,
616,False,,2026-05-29 18:26:46.314,MoveToLL,MoveToLL_moveToTarget_TravelML_robot1_rppickup_rpmanipulate_dup51,plannedj,rpmanipulate,,1.00,1.00,"0.133776;0.348742;0.490041;0.000000;-3.141590;0.000000","1.656148;-0.959557;-2.051016;-1.701770;1.553554;1.650556",True,11366.64,49.85,51,4.916,13542.13,3763.72,0.00,3763.72,,
617,False,,2026-05-29 18:26:59.904,MoveToLL,MoveToLL_moveToStackPos_StackOnTwoML_stick43_robot1_finallocstick43_rpmanipulate_stick38_stick39_gripper1_layer9_layer10,plannedj,finallocstick43,,1.00,1.00,"0.190460;0.668510;0.147500;0.000000;-3.141590;0.000000","",True,6973.86,26.35,28,2.629,9107.58,47.74,0.00,47.74,,
618,False,,2026-05-29 18:27:09.035,OpenGripperLL,OpenGripperLL_openGripper_StackOnTwoML_stick43_robot1_finallocstick43_rpmanipulate_stick38_stick39_gripper1_layer9_layer10,open_gripper,,,0.50,1.00,"","",True,1616.33,0.00,0,0.000,3653.13,22.83,0.00,22.83,,
619,False,,2026-05-29 18:27:12.715,LiftLL,LiftLL_liftAfterStack_StackOnTwoML_stick43_robot1_finallocstick43_rpmanipulate_stick38_stick39_gripper1_layer9_layer10,lift,,,0.50,1.00,"","",True,3733.21,0.00,0,0.000,5753.25,27.20,0.00,27.20,,
620,False,,2026-05-29 18:27:18.491,MoveToLL,MoveToLL_moveToRobotPos_StackOnTwoML_stick43_robot1_finallocstick43_rpmanipulate_stick38_stick39_gripper1_layer9_layer10,plannedj,rpmanipulate,,1.00,1.00,"0.133776;0.348742;0.490041;0.000000;-3.141590;0.000000","1.656148;-0.959557;-2.051016;-1.701770;1.553554;1.650556",True,6724.19,28.38,28,2.626,8853.03,23.12,0.00,23.12,,
621,False,,2026-05-29 18:27:30.908,MoveToLL,MoveToLL_moveToTarget_TravelML_robot1_rpmanipulate_rppickup_dup48,plannedj,rppickup,,1.00,1.00,"0.607360;-0.274802;0.339901;0.000000;-3.141590;0.000000","-0.128900;-1.540886;-1.932730;-1.238644;1.554514;-1.707900",True,11216.53,27.02,50,4.859,13477.18,3563.25,0.00,3563.25,,
622,False,,2026-05-29 18:27:44.436,MoveToLL,MoveToLL_moveToPickPosition_PickUpML_stick41_initlocstick41_robot1_gripper1_rppickup,plannedl,initlocstick41,,1.00,1.00,"0.599380;-0.283000;-0.009000;0.000000;-3.141590;0.000000","",True,4470.93,45.47,16,1.421,6693.55,50.87,0.00,50.87,,
623,False,,2026-05-29 18:27:51.149,CloseGripperLL,CloseGripperLL_closeGripper_PickUpML_stick41_initlocstick41_robot1_gripper1_rppickup,close_gripper,,,0.50,1.00,"","",True,1782.34,0.00,0,0.000,3814.15,19.38,0.00,19.38,,
624,False,,2026-05-29 18:27:54.993,MoveToLL,MoveToLL_moveToRetract_PickUpML_stick41_initlocstick41_robot1_gripper1_rppickup,plannedl,rppickup,,1.00,1.00,"0.607360;-0.274802;0.339901;0.000000;-3.141590;0.000000","-0.128900;-1.540886;-1.932730;-1.238644;1.554514;-1.707900",True,3904.78,17.94,16,1.400,5995.98,30.18,0.00,30.18,,
625,False,,2026-05-29 18:28:04.911,MoveToLL,MoveToLL_moveToTarget_TravelML_robot1_rppickup_rpmanipulate_dup52,plannedj,rpmanipulate,,1.00,1.00,"0.133776;0.348742;0.490041;0.000000;-3.141590;0.000000","1.656148;-0.959557;-2.051016;-1.701770;1.553554;1.650556",True,11292.27,22.95,51,4.916,13405.57,3921.71,0.00,3921.71,,
626,False,,2026-05-29 18:28:18.366,MoveToLL,MoveToLL_moveToStackPos_StackOnTwoML_stick41_robot1_finallocstick41_rpmanipulate_cube8_stick36_gripper1_layer8_layer9,plannedj,finallocstick41,,1.00,1.00,"-0.221424;0.947256;0.130000;0.000000;-3.141590;0.000000","",True,5832.20,16.60,22,2.056,7926.25,49.71,0.00,49.71,,
627,False,,2026-05-29 18:28:26.322,OpenGripperLL,OpenGripperLL_openGripper_StackOnTwoML_stick41_robot1_finallocstick41_rpmanipulate_cube8_stick36_gripper1_layer8_layer9,open_gripper,,,0.50,1.00,"","",True,1977.09,0.00,0,0.000,3998.52,29.44,0.00,29.44,,
628,False,,2026-05-29 18:28:30.352,LiftLL,LiftLL_liftAfterStack_StackOnTwoML_stick41_robot1_finallocstick41_rpmanipulate_cube8_stick36_gripper1_layer8_layer9,lift,,,0.50,1.00,"","",True,3735.15,0.00,0,0.000,5766.33,31.91,0.00,31.91,,
629,False,,2026-05-29 18:28:36.137,MoveToLL,MoveToLL_moveToRobotPos_StackOnTwoML_stick41_robot1_finallocstick41_rpmanipulate_cube8_stick36_gripper1_layer8_layer9,plannedj,rpmanipulate,,1.00,1.00,"0.133776;0.348742;0.490041;0.000000;-3.141590;0.000000","1.656148;-0.959557;-2.051016;-1.701770;1.553554;1.650556",True,5543.73,14.74,22,2.055,7646.83,18.54,0.00,18.54,,
630,False,,2026-05-29 18:28:47.423,MoveToLL,MoveToLL_moveToTarget_TravelML_robot1_rpmanipulate_rppickup_dup49,plannedj,rppickup,,1.00,1.00,"0.607360;-0.274802;0.339901;0.000000;-3.141590;0.000000","-0.128900;-1.540886;-1.932730;-1.238644;1.554514;-1.707900",True,11494.67,72.23,50,4.859,13799.81,3639.46,0.00,3639.46,,
631,False,,2026-05-29 18:29:01.284,MoveToLL,MoveToLL_moveToPickPosition_PickUpML_stick40_initlocstick40_robot1_gripper1_rppickup,plannedl,initlocstick40,,1.00,1.00,"0.599380;-0.283000;-0.009000;0.000000;-3.141590;0.000000","",True,4575.90,16.52,16,1.421,6682.18,60.86,0.00,60.86,,
632,False,,2026-05-29 18:29:07.991,CloseGripperLL,CloseGripperLL_closeGripper_PickUpML_stick40_initlocstick40_robot1_gripper1_rppickup,close_gripper,,,0.50,1.00,"","",True,1765.76,0.00,0,0.000,3800.82,24.97,0.00,24.97,,
633,False,,2026-05-29 18:29:11.813,MoveToLL,MoveToLL_moveToRetract_PickUpML_stick40_initlocstick40_robot1_gripper1_rppickup,plannedl,rppickup,,1.00,1.00,"0.607360;-0.274802;0.339901;0.000000;-3.141590;0.000000","-0.128900;-1.540886;-1.932730;-1.238644;1.554514;-1.707900",True,3952.74,17.73,16,1.400,6041.08,20.89,0.00,20.89,,
634,False,,2026-05-29 18:29:21.831,MoveToLL,MoveToLL_moveToTarget_TravelML_robot1_rppickup_rpmanipulate_dup53,plannedj,rpmanipulate,,1.00,1.00,"0.133776;0.348742;0.490041;0.000000;-3.141590;0.000000","1.656148;-0.959557;-2.051016;-1.701770;1.553554;1.650556",True,11226.37,17.01,51,4.916,13294.63,3977.45,0.00,3977.45,,
635,False,,2026-05-29 18:29:35.175,MoveToLL,MoveToLL_moveToStackPos_StackOnTwoML_stick40_robot1_finallocstick40_rpmanipulate_stick35_stick36_gripper1_layer8_layer9,plannedj,finallocstick40,,1.00,1.00,"-0.021920;0.903184;0.130000;0.000000;-3.141590;0.000000","",True,6358.17,16.22,25,2.310,8451.58,49.60,0.00,49.60,,
636,False,,2026-05-29 18:29:43.648,OpenGripperLL,OpenGripperLL_openGripper_StackOnTwoML_stick40_robot1_finallocstick40_rpmanipulate_stick35_stick36_gripper1_layer8_layer9,open_gripper,,,0.50,1.00,"","",True,2313.15,0.00,0,0.000,4345.95,20.87,0.00,20.87,,
637,False,,2026-05-29 18:29:48.023,LiftLL,LiftLL_liftAfterStack_StackOnTwoML_stick40_robot1_finallocstick40_rpmanipulate_stick35_stick36_gripper1_layer8_layer9,lift,,,0.50,1.00,"","",True,3668.04,0.00,0,0.000,5708.53,28.92,0.00,28.92,,
638,False,,2026-05-29 18:29:53.758,MoveToLL,MoveToLL_moveToRobotPos_StackOnTwoML_stick40_robot1_finallocstick40_rpmanipulate_stick35_stick36_gripper1_layer8_layer9,plannedj,rpmanipulate,,1.00,1.00,"0.133776;0.348742;0.490041;0.000000;-3.141590;0.000000","1.656148;-0.959557;-2.051016;-1.701770;1.553554;1.650556",True,6058.63,17.35,25,2.307,8190.14,26.42,0.00,26.42,,
639,False,,2026-05-29 18:30:05.378,MoveToLL,MoveToLL_moveToTarget_TravelML_robot1_rpmanipulate_rppickup_dup50,plannedj,rppickup,,1.00,1.00,"0.607360;-0.274802;0.339901;0.000000;-3.141590;0.000000","-0.128900;-1.540886;-1.932730;-1.238644;1.554514;-1.707900",True,11067.95,130.48,50,4.859,13414.03,3430.33,0.00,3430.33,,
640,False,,2026-05-29 18:30:18.824,MoveToLL,MoveToLL_moveToPickPosition_PickUpML_cube10_initloccube10_robot1_gripper1_rppickup,plannedl,initloccube10,,1.00,1.00,"0.599380;-0.283000;-0.009000;0.000000;-3.141590;0.000000","",True,4403.86,253.71,16,1.421,6759.06,31.46,0.00,31.46,,
641,False,,2026-05-29 18:30:25.601,CloseGripperLL,CloseGripperLL_closeGripper_PickUpML_cube10_initloccube10_robot1_gripper1_rppickup,close_gripper,,,0.50,1.00,"","",True,1800.69,0.00,0,0.000,3828.46,17.94,0.00,17.94,,
642,False,,2026-05-29 18:30:29.449,MoveToLL,MoveToLL_moveToRetract_PickUpML_cube10_initloccube10_robot1_gripper1_rppickup,plannedl,rppickup,,1.00,1.00,"0.607360;-0.274802;0.339901;0.000000;-3.141590;0.000000","-0.128900;-1.540886;-1.932730;-1.238644;1.554514;-1.707900",True,3901.07,15.15,16,1.400,6010.15,20.09,0.00,20.09,,
643,False,,2026-05-29 18:30:39.265,MoveToLL,MoveToLL_moveToTarget_TravelML_robot1_rppickup_rpmanipulate_dup54,plannedj,rpmanipulate,,1.00,1.00,"0.133776;0.348742;0.490041;0.000000;-3.141590;0.000000","1.656148;-0.959557;-2.051016;-1.701770;1.553554;1.650556",True,11238.84,109.89,51,4.916,13545.48,3805.24,0.00,3805.24,,
644,False,,2026-05-29 18:30:52.850,MoveToLL,MoveToLL_moveToStackPos_StackML_cube10_stick41_robot1_gripper1_finalloccube10_rpmanipulate,plannedj,finalloccube10,,1.00,1.00,"-0.262790;0.912546;0.147500;0.000000;-3.141590;0.000000","",True,5592.06,39.92,21,1.983,7796.99,39.53,0.00,39.53,,
645,False,,2026-05-29 18:31:00.663,OpenGripperLL,OpenGripperLL_openGripper_StackML_cube10_stick41_robot1_gripper1_finalloccube10_rpmanipulate,open_gripper,,,0.50,1.00,"","",True,2074.54,0.00,0,0.000,4133.09,16.60,0.00,16.60,,
646,False,,2026-05-29 18:31:04.816,LiftLL,LiftLL_liftAfterStack_StackML_cube10_stick41_robot1_gripper1_finalloccube10_rpmanipulate,lift,,,0.50,1.00,"","",True,3706.30,0.00,0,0.000,5746.56,19.25,0.00,19.25,,
647,False,,2026-05-29 18:31:10.580,MoveToLL,MoveToLL_moveToRobotPosition_StackML_cube10_stick41_robot1_gripper1_finalloccube10_rpmanipulate,plannedj,rpmanipulate,,1.00,1.00,"0.133776;0.348742;0.490041;0.000000;-3.141590;0.000000","1.656148;-0.959557;-2.051016;-1.701770;1.553554;1.650556",True,5477.25,13.49,21,1.980,7575.83,17.39,0.00,17.39,,
648,False,,2026-05-29 18:31:21.740,MoveToLL,MoveToLL_moveToTarget_TravelML_robot1_rpmanipulate_rppickup_dup51,plannedj,rppickup,,1.00,1.00,"0.607360;-0.274802;0.339901;0.000000;-3.141590;0.000000","-0.128900;-1.540886;-1.932730;-1.238644;1.554514;-1.707900",True,10998.35,14.55,50,4.859,13071.91,3584.87,0.00,3584.87,,
649,False,,2026-05-29 18:31:34.873,MoveToLL,MoveToLL_moveToPickPosition_PickUpML_stick44_initlocstick44_robot1_gripper1_rppickup,plannedl,initlocstick44,,1.00,1.00,"0.599380;-0.283000;-0.009000;0.000000;-3.141590;0.000000","",True,3875.87,14.80,16,1.421,5980.50,60.93,0.00,60.93,,
650,False,,2026-05-29 18:31:40.886,CloseGripperLL,CloseGripperLL_closeGripper_PickUpML_stick44_initlocstick44_robot1_gripper1_rppickup,close_gripper,,,0.50,1.00,"","",True,1704.30,0.00,0,0.000,3866.75,32.18,0.00,32.18,,
651,False,,2026-05-29 18:31:44.774,MoveToLL,MoveToLL_moveToRetract_PickUpML_stick44_initlocstick44_robot1_gripper1_rppickup,plannedl,rppickup,,1.00,1.00,"0.607360;-0.274802;0.339901;0.000000;-3.141590;0.000000","-0.128900;-1.540886;-1.932730;-1.238644;1.554514;-1.707900",True,3834.95,26.12,16,1.400,5958.42,21.66,0.00,21.66,,
652,False,,2026-05-29 18:31:54.750,MoveToLL,MoveToLL_moveToTarget_TravelML_robot1_rppickup_rpmanipulate_dup55,plannedj,rpmanipulate,,1.00,1.00,"0.133776;0.348742;0.490041;0.000000;-3.141590;0.000000","1.656148;-0.959557;-2.051016;-1.701770;1.553554;1.650556",True,11181.07,17.90,51,4.916,13460.12,4017.58,0.00,4017.58,,
653,False,,2026-05-29 18:32:08.247,MoveToLL,MoveToLL_moveToStackPos_StackOnTwoML_stick44_robot1_finallocstick44_rpmanipulate_stick40_stick39_gripper1_layer9_layer10,plannedj,finallocstick44,,1.00,1.00,"0.015759;0.790574;0.147500;0.000000;-3.141590;0.000000","",True,6253.34,14.10,25,2.330,8356.77,36.48,0.00,36.48,,
654,False,,2026-05-29 18:32:16.631,OpenGripperLL,OpenGripperLL_openGripper_StackOnTwoML_stick44_robot1_finallocstick44_rpmanipulate_stick40_stick39_gripper1_layer9_layer10,open_gripper,,,0.50,1.00,"","",True,2202.47,0.00,0,0.000,4237.87,27.73,0.00,27.73,,
655,False,,2026-05-29 18:32:20.886,LiftLL,LiftLL_liftAfterStack_StackOnTwoML_stick44_robot1_finallocstick44_rpmanipulate_stick40_stick39_gripper1_layer9_layer10,lift,,,0.50,1.00,"","",True,3690.87,0.00,0,0.000,5759.09,17.33,0.00,17.33,,
656,False,,2026-05-29 18:32:26.669,MoveToLL,MoveToLL_moveToRobotPos_StackOnTwoML_stick44_robot1_finallocstick44_rpmanipulate_stick40_stick39_gripper1_layer9_layer10,plannedj,rpmanipulate,,1.00,1.00,"0.133776;0.348742;0.490041;0.000000;-3.141590;0.000000","1.656148;-0.959557;-2.051016;-1.701770;1.553554;1.650556",True,6159.01,16.84,25,2.328,8253.20,23.13,0.00,23.13,,
657,False,,2026-05-29 18:32:38.485,MoveToLL,MoveToLL_moveToTarget_TravelML_robot1_rpmanipulate_rptoolchange_dup11,plannedj,rptoolchange,,1.00,1.00,"-0.276143;0.385864;0.086921;-3.141491;-0.002589;-0.000081","2.086106;-1.186673;-2.396030;-1.129490;1.555172;0.503193",True,5054.83,34.54,21,1.926,7216.28,3563.54,0.00,3563.54,,
658,False,,2026-05-29 18:32:45.744,DeequipToolLL,DeequipToolLL_deequipTool_DeequipML_robot1_gripper1_equiplocgripper_rptoolchange_dup6,play_program,,gripper,0.50,1.00,"","",True,21610.69,0.00,0,0.000,23633.22,42.33,0.00,42.33,,
659,False,,2026-05-29 18:33:09.409,EquipToolLL,EquipToolLL_equipTool_EquipeML_robot1_staplergun1_rptoolchange_equiplocstapler_dup6,play_program,,nailgun,0.50,1.00,"","",True,10411.84,0.00,0,0.000,12476.76,31.36,0.00,31.36,,
660,False,,2026-05-29 18:33:25.340,MoveToLL,MoveToLL_moveToTarget_TravelML_robot1_rptoolchange_rpmanipulate_dup6,plannedj,rpmanipulate,,1.00,1.00,"0.133776;0.348742;0.490041;0.000000;-3.141590;0.000000","1.656148;-0.959557;-2.051016;-1.701770;1.553554;1.650556",True,5203.49,105.72,21,1.941,10037.42,3454.24,0.00,3454.24,,
661,False,,2026-05-29 18:33:35.486,NailingLL,NailingLL_moveToNailPos_NailingML_stick43_stick38_robot1_staplergun1_rpmanipulate,movej,unknown,nailgun,0.30,0.30,"0.260803;0.672197;0.167575;2.221441;-2.221441;0.000000","",True,6957.98,0.00,0,0.000,8996.48,109.48,0.00,109.48,,
662,False,,2026-05-29 18:33:44.502,PushDownLL,PushDownLL_pushDown_NailingML_stick43_stick38_robot1_staplergun1_rpmanipulate,lift,,,0.50,1.00,"","",True,1237.40,0.00,0,0.000,3282.54,18.58,0.00,18.58,,
663,False,,2026-05-29 18:33:47.804,LiftLL,LiftLL_liftAfterNail_NailingML_stick43_stick38_robot1_staplergun1_rpmanipulate,lift,,,0.50,1.00,"","",True,4102.11,0.00,0,0.000,6138.50,20.18,0.00,20.18,,
664,False,,2026-05-29 18:33:57.704,NailingLL,NailingLL_moveToNailPos_NailingML_stick43_stick39_robot1_staplergun1_rpmanipulate,movej,unknown,nailgun,0.30,0.30,"0.126734;0.665171;0.167550;2.221441;-2.221441;0.000000","",True,5132.62,0.00,0,0.000,7223.17,3761.63,0.00,3761.63,,
665,False,,2026-05-29 18:34:04.947,PushDownLL,PushDownLL_pushDown_NailingML_stick43_stick39_robot1_staplergun1_rpmanipulate,lift,,,0.50,1.00,"","",True,1642.00,0.00,0,0.000,3677.47,19.85,0.00,19.85,,
666,False,,2026-05-29 18:34:08.644,LiftLL,LiftLL_liftAfterNail_NailingML_stick43_stick39_robot1_staplergun1_rpmanipulate,lift,,,0.50,1.00,"","",True,4088.61,0.00,0,0.000,6141.16,18.67,0.00,18.67,,
667,False,,2026-05-29 18:34:18.293,NailingLL,NailingLL_moveToNailPos_NailingML_stick44_stick39_robot1_staplergun1_rpmanipulate,movej,unknown,nailgun,0.30,0.30,"0.014138;0.759649;0.167575;2.221441;-2.221441;0.000000","",True,4370.49,0.00,0,0.000,6397.04,3508.40,0.00,3508.40,,
668,False,,2026-05-29 18:34:24.728,PushDownLL,PushDownLL_pushDown_NailingML_stick44_stick39_robot1_staplergun1_rpmanipulate,lift,,,0.50,1.00,"","",True,1901.58,0.00,0,0.000,3946.38,38.08,0.00,38.08,,
669,False,,2026-05-29 18:34:28.702,LiftLL,LiftLL_liftAfterNail_NailingML_stick44_stick39_robot1_staplergun1_rpmanipulate,lift,,,0.50,1.00,"","",True,4044.62,0.00,0,0.000,6101.04,27.75,0.00,27.75,,
670,False,,2026-05-29 18:34:38.186,NailingLL,NailingLL_moveToNailPos_NailingML_stick44_stick40_robot1_staplergun1_rpmanipulate,movej,unknown,nailgun,0.30,0.30,"0.019099;0.854300;0.167550;2.221441;-2.221441;0.000000","",True,4494.64,0.00,0,0.000,6530.05,3382.14,0.00,3382.14,,
671,False,,2026-05-29 18:34:44.738,PushDownLL,PushDownLL_pushDown_NailingML_stick44_stick40_robot1_staplergun1_rpmanipulate,lift,,,0.50,1.00,"","",True,1933.04,0.00,0,0.000,3961.98,22.87,0.00,22.87,,
672,False,,2026-05-29 18:34:48.729,LiftLL,LiftLL_liftAfterNail_NailingML_stick44_stick40_robot1_staplergun1_rpmanipulate,lift,,,0.50,1.00,"","",True,4111.60,0.00,0,0.000,6132.64,28.25,0.00,28.25,,
673,False,,2026-05-29 18:34:58.289,NailingLL,NailingLL_moveToNailPos_NailingML_cube9_stick37_robot1_staplergun1_rpmanipulate,movej,unknown,nailgun,0.30,0.30,"0.266655;0.970714;0.168550;2.221441;-2.221441;0.000000","",True,5214.58,0.00,0,0.000,7283.77,3427.82,0.00,3427.82,,
674,False,,2026-05-29 18:35:05.603,PushDownLL,PushDownLL_pushDown_NailingML_cube9_stick37_robot1_staplergun1_rpmanipulate,lift,,,0.50,1.00,"","",True,1731.40,0.00,0,0.000,3827.52,30.55,0.00,30.55,,
675,False,,2026-05-29 18:35:09.448,LiftLL,LiftLL_liftAfterNail_NailingML_cube9_stick37_robot1_staplergun1_rpmanipulate,lift,,,0.50,1.00,"","",True,4086.73,0.00,0,0.000,6126.11,16.69,0.00,16.69,,
676,False,,2026-05-29 18:35:19.156,NailingLL,NailingLL_moveToNailPos_NailingML_cube10_stick41_robot1_staplergun1_rpmanipulate,movej,unknown,nailgun,0.30,0.30,"-0.260300;0.914635;0.167575;2.221441;-2.221441;0.000000","",True,7247.67,0.00,0,0.000,9276.21,3581.93,0.00,3581.93,,
677,False,,2026-05-29 18:35:28.460,PushDownLL,PushDownLL_pushDown_NailingML_cube10_stick41_robot1_staplergun1_rpmanipulate,lift,,,0.50,1.00,"","",True,1243.10,0.00,0,0.000,3270.98,27.69,0.00,27.69,,
678,False,,2026-05-29 18:35:31.758,LiftLL,LiftLL_liftAfterNail_NailingML_cube10_stick41_robot1_staplergun1_rpmanipulate,lift,,,0.50,1.00,"","",True,4091.00,0.00,0,0.000,6122.61,27.20,0.00,27.20,,
679,False,,2026-05-29 18:35:41.333,NailingLL,NailingLL_moveToNailPos_NailingML_stick42_stick37_robot1_staplergun1_rpmanipulate,movej,unknown,nailgun,0.30,0.30,"0.340073;0.909110;0.168575;2.221441;-2.221441;0.000000","",True,7938.25,0.00,0,0.000,9974.88,3453.04,0.00,3453.04,,
680,False,,2026-05-29 18:35:51.325,PushDownLL,PushDownLL_pushDown_NailingML_stick42_stick37_robot1_staplergun1_rpmanipulate,lift,,,0.50,1.00,"","",True,1396.25,0.00,0,0.000,3437.89,17.13,0.00,17.13,,
681,False,,2026-05-29 18:35:54.784,LiftLL,LiftLL_liftAfterNail_NailingML_stick42_stick37_robot1_staplergun1_rpmanipulate,lift,,,0.50,1.00,"","",True,4104.68,0.00,0,0.000,6129.32,20.43,0.00,20.43,,
682,False,,2026-05-29 18:36:04.272,NailingLL,NailingLL_moveToNailPos_NailingML_stick42_stick38_robot1_staplergun1_rpmanipulate,movej,unknown,nailgun,0.30,0.30,"0.354496;0.772566;0.168050;2.221441;-2.221441;0.000000","",True,5702.72,0.00,0,0.000,7755.93,3358.77,0.00,3358.77,,
683,False,,2026-05-29 18:36:12.045,PushDownLL,PushDownLL_pushDown_NailingML_stick42_stick38_robot1_staplergun1_rpmanipulate,lift,,,0.50,1.00,"","",True,1420.84,0.00,0,0.000,3473.23,17.65,0.00,17.65,,
684,False,,2026-05-29 18:36:15.540,LiftLL,LiftLL_liftAfterNail_NailingML_stick42_stick38_robot1_staplergun1_rpmanipulate,lift,,,0.50,1.00,"","",True,4130.90,0.00,0,0.000,6172.36,21.10,0.00,21.10,,
685,False,,2026-05-29 18:36:25.103,MoveToLL,MoveToLL_moveToTarget_TravelML_robot1_rpmanipulate_rptoolchange_dup12,plannedj,rptoolchange,,1.00,1.00,"-0.276143;0.385864;0.086921;-3.141491;-0.002589;-0.000081","2.086106;-1.186673;-2.396030;-1.129490;1.555172;0.503193",True,4214.95,33.02,16,1.493,6333.42,3391.31,0.00,3391.31,,
686,False,,2026-05-29 18:36:31.472,DeequipToolLL,DeequipToolLL_deequipTool_DeequipML_robot1_staplergun1_equiplocstapler_rptoolchange_dup6,play_program,,nailgun,0.50,1.00,"","",True,7782.41,0.00,0,0.000,9823.04,35.59,0.00,35.59,,
687,False,,2026-05-29 18:36:41.330,EquipToolLL,EquipToolLL_equipTool_EquipeML_robot1_gripper1_rptoolchange_equiplocgripper_dup6,play_program,,gripper,0.50,1.00,"","",True,21132.56,0.00,0,0.000,23245.54,34.58,0.00,34.58,,
688,False,,2026-05-29 18:37:08.078,MoveToLL,MoveToLL_moveToTarget_TravelML_robot1_rptoolchange_rppickup_dup6,plannedj,rppickup,,1.00,1.00,"0.607360;-0.274802;0.339901;0.000000;-3.141590;0.000000","-0.128900;-1.540886;-1.932730;-1.238644;1.554514;-1.707900",True,7965.99,286.92,35,3.357,12903.14,3502.19,0.00,3502.19,,
689,False,,2026-05-29 18:37:21.022,MoveToLL,MoveToLL_moveToPickPosition_PickUpML_stick45_initlocstick45_robot1_gripper1_rppickup,plannedl,initlocstick45,,1.00,1.00,"0.599380;-0.283000;-0.009000;0.000000;-3.141590;0.000000","",True,4353.85,98.96,16,1.419,6703.08,40.53,0.00,40.53,,
690,False,,2026-05-29 18:37:27.749,CloseGripperLL,CloseGripperLL_closeGripper_PickUpML_stick45_initlocstick45_robot1_gripper1_rppickup,close_gripper,,,0.50,1.00,"","",True,1820.87,0.00,0,0.000,3855.80,24.03,0.00,24.03,,
691,False,,2026-05-29 18:37:31.718,MoveToLL,MoveToLL_moveToRetract_PickUpML_stick45_initlocstick45_robot1_gripper1_rppickup,plannedl,rppickup,,1.00,1.00,"0.607360;-0.274802;0.339901;0.000000;-3.141590;0.000000","-0.128900;-1.540886;-1.932730;-1.238644;1.554514;-1.707900",True,3840.01,29.54,16,1.401,5970.79,113.73,0.00,113.73,,
692,False,,2026-05-29 18:37:41.441,MoveToLL,MoveToLL_moveToTarget_TravelML_robot1_rppickup_rpmanipulate_dup56,plannedj,rpmanipulate,,1.00,1.00,"0.133776;0.348742;0.490041;0.000000;-3.141590;0.000000","1.656148;-0.959557;-2.051016;-1.701770;1.553554;1.650556",True,11494.77,14.73,51,4.916,13575.38,3752.32,0.00,3752.32,,
693,False,,2026-05-29 18:37:55.065,MoveToLL,MoveToLL_moveToStackPos_StackOnTwoML_stick45_robot1_finallocstick45_rpmanipulate_stick41_stick40_gripper1_layer9_layer10,plannedj,finallocstick45,,1.00,1.00,"-0.137540;0.960831;0.147500;0.000000;-3.141590;0.000000","",True,6112.84,16.75,23,2.171,8200.95,47.85,0.00,47.85,,
694,False,,2026-05-29 18:38:03.291,OpenGripperLL,OpenGripperLL_openGripper_StackOnTwoML_stick45_robot1_finallocstick45_rpmanipulate_stick41_stick40_gripper1_layer9_layer10,open_gripper,,,0.50,1.00,"","",True,1678.40,0.00,0,0.000,3733.73,25.52,0.00,25.52,,
695,False,,2026-05-29 18:38:07.047,LiftLL,LiftLL_liftAfterStack_StackOnTwoML_stick45_robot1_finallocstick45_rpmanipulate_stick41_stick40_gripper1_layer9_layer10,lift,,,0.50,1.00,"","",True,3704.57,0.00,0,0.000,5742.96,22.73,0.00,22.73,,
696,False,,2026-05-29 18:38:12.815,MoveToLL,MoveToLL_moveToRobotPos_StackOnTwoML_stick45_robot1_finallocstick45_rpmanipulate_stick41_stick40_gripper1_layer9_layer10,plannedj,rpmanipulate,,1.00,1.00,"0.133776;0.348742;0.490041;0.000000;-3.141590;0.000000","1.656148;-0.959557;-2.051016;-1.701770;1.553554;1.650556",True,5414.52,125.50,23,2.169,7956.27,24.34,0.00,24.34,,
697,False,,2026-05-29 18:38:24.424,MoveToLL,MoveToLL_moveToTarget_TravelML_robot1_rpmanipulate_rptoolchange_dup13,plannedj,rptoolchange,,1.00,1.00,"-0.276143;0.385864;0.086921;-3.141491;-0.002589;-0.000081","2.086106;-1.186673;-2.396030;-1.129490;1.555172;0.503193",True,5092.42,102.07,21,1.927,7473.68,3653.11,0.00,3653.11,,
698,False,,2026-05-29 18:38:31.931,DeequipToolLL,DeequipToolLL_deequipTool_DeequipML_robot1_gripper1_equiplocgripper_rptoolchange_dup7,play_program,,gripper,0.50,1.00,"","",True,21556.04,0.00,0,0.000,23597.99,33.06,0.00,33.06,,
699,False,,2026-05-29 18:38:55.563,EquipToolLL,EquipToolLL_equipTool_EquipeML_robot1_staplergun1_rptoolchange_equiplocstapler_dup7,play_program,,nailgun,0.50,1.00,"","",True,10273.29,0.00,0,0.000,12314.39,34.22,0.00,34.22,,
700,False,,2026-05-29 18:39:11.282,MoveToLL,MoveToLL_moveToTarget_TravelML_robot1_rptoolchange_rpmanipulate_dup7,plannedj,rpmanipulate,,1.00,1.00,"0.133776;0.348742;0.490041;0.000000;-3.141590;0.000000","1.656148;-0.959557;-2.051016;-1.701770;1.553554;1.650556",True,5289.18,26.51,21,1.941,10207.17,3404.10,0.00,3404.10,,
701,False,,2026-05-29 18:39:21.577,NailingLL,NailingLL_moveToNailPos_NailingML_stick45_stick40_robot1_staplergun1_rpmanipulate,movej,unknown,nailgun,0.30,0.30,"-0.067197;0.957144;0.167550;2.221441;-2.221441;0.000000","",True,9494.82,0.00,0,0.000,11556.68,87.78,0.00,87.78,,
702,False,,2026-05-29 18:39:33.160,PushDownLL,PushDownLL_pushDown_NailingML_stick45_stick40_robot1_staplergun1_rpmanipulate,lift,,,0.50,1.00,"","",True,1691.13,0.00,0,0.000,3769.31,26.39,0.00,26.39,,
703,False,,2026-05-29 18:39:36.962,LiftLL,LiftLL_liftAfterNail_NailingML_stick45_stick40_robot1_staplergun1_rpmanipulate,lift,,,0.50,1.00,"","",True,4074.69,0.00,0,0.000,6110.24,32.72,0.00,32.72,,
704,False,,2026-05-29 18:39:46.349,NailingLL,NailingLL_moveToNailPos_NailingML_stick45_stick41_robot1_staplergun1_rpmanipulate,movej,unknown,nailgun,0.30,0.30,"-0.201266;0.964170;0.167550;2.221441;-2.221441;0.000000","",True,4183.54,0.00,0,0.000,6197.99,3277.29,0.00,3277.29,,
705,False,,2026-05-29 18:39:52.566,PushDownLL,PushDownLL_pushDown_NailingML_stick45_stick41_robot1_staplergun1_rpmanipulate,lift,,,0.50,1.00,"","",True,1550.62,0.00,0,0.000,3590.35,18.47,0.00,18.47,,
706,False,,2026-05-29 18:39:56.173,LiftLL,LiftLL_liftAfterNail_NailingML_stick45_stick41_robot1_staplergun1_rpmanipulate,lift,,,0.50,1.00,"","",True,4156.46,0.00,0,0.000,6188.56,17.48,0.00,17.48,,
707,False,,2026-05-29 18:40:08.757,MoveToLL,MoveToLL_moveToTarget_TravelML_robot1_rpmanipulate_rptoolchange_dup14,plannedj,rptoolchange,,1.00,1.00,"-0.276143;0.385864;0.086921;-3.141491;-0.002589;-0.000081","2.086106;-1.186673;-2.396030;-1.129490;1.555172;0.503193",True,6396.27,14.29,25,2.391,8464.15,6394.86,0.00,6394.86,,
708,False,,2026-05-29 18:40:17.279,DeequipToolLL,DeequipToolLL_deequipTool_DeequipML_robot1_staplergun1_equiplocstapler_rptoolchange_dup7,play_program,,nailgun,0.50,1.00,"","",True,7815.63,0.00,0,0.000,9832.87,58.44,0.00,58.44,,
709,False,,2026-05-29 18:40:27.151,EquipToolLL,EquipToolLL_equipTool_EquipeML_robot1_gripper1_rptoolchange_equiplocgripper_dup7,play_program,,gripper,0.50,1.00,"","",True,21502.93,0.00,0,0.000,23550.08,38.30,0.00,38.30,,
710,False,,2026-05-29 18:40:54.287,MoveToLL,MoveToLL_moveToTarget_TravelML_robot1_rptoolchange_rppickup_dup7,plannedj,rppickup,,1.00,1.00,"0.607360;-0.274802;0.339901;0.000000;-3.141590;0.000000","-0.128900;-1.540886;-1.932730;-1.238644;1.554514;-1.707900",True,8064.53,18.87,35,3.357,12766.89,3586.68,0.00,3586.68,,
711,False,,2026-05-29 18:41:07.107,MoveToLL,MoveToLL_moveToPickPosition_PickUpML_stick47_initlocstick47_robot1_gripper1_rppickup,plannedl,initlocstick47,,1.00,1.00,"0.599380;-0.283000;-0.009000;0.000000;-3.141590;0.000000","",True,3880.48,19.13,16,1.419,5980.09,52.61,0.00,52.61,,
712,False,,2026-05-29 18:41:13.118,CloseGripperLL,CloseGripperLL_closeGripper_PickUpML_stick47_initlocstick47_robot1_gripper1_rppickup,close_gripper,,,0.50,1.00,"","",True,1757.05,0.00,0,0.000,3815.96,30.78,0.00,30.78,,
713,False,,2026-05-29 18:41:16.953,MoveToLL,MoveToLL_moveToRetract_PickUpML_stick47_initlocstick47_robot1_gripper1_rppickup,plannedl,rppickup,,1.00,1.00,"0.607360;-0.274802;0.339901;0.000000;-3.141590;0.000000","-0.128900;-1.540886;-1.932730;-1.238644;1.554514;-1.707900",True,3902.41,14.88,16,1.401,6048.86,19.07,0.00,19.07,,
714,False,,2026-05-29 18:41:26.639,MoveToLL,MoveToLL_moveToTarget_TravelML_robot1_rppickup_rpmanipulate_dup57,plannedj,rpmanipulate,,1.00,1.00,"0.133776;0.348742;0.490041;0.000000;-3.141590;0.000000","1.656148;-0.959557;-2.051016;-1.701770;1.553554;1.650556",True,11497.51,29.27,51,4.916,13623.56,3637.57,0.00,3637.57,,
715,False,,2026-05-29 18:41:40.309,MoveToLL,MoveToLL_moveToStackPos_StackOnTwoML_stick47_robot1_finallocstick47_rpmanipulate_stick42_stick43_gripper1_layer10_layer11,plannedj,finallocstick47,,1.00,1.00,"0.298514;0.717754;0.165000;0.000000;-3.141590;0.000000","",True,7407.50,12.99,30,2.820,9504.43,46.45,0.00,46.45,,
716,False,,2026-05-29 18:41:49.832,OpenGripperLL,OpenGripperLL_openGripper_StackOnTwoML_stick47_robot1_finallocstick47_rpmanipulate_stick42_stick43_gripper1_layer10_layer11,open_gripper,,,0.50,1.00,"","",True,2009.01,0.00,0,0.000,4054.99,18.43,0.00,18.43,,
717,False,,2026-05-29 18:41:53.918,LiftLL,LiftLL_liftAfterStack_StackOnTwoML_stick47_robot1_finallocstick47_rpmanipulate_stick42_stick43_gripper1_layer10_layer11,lift,,,0.50,1.00,"","",True,3720.69,0.00,0,0.000,5774.05,30.59,0.00,30.59,,
718,False,,2026-05-29 18:41:59.712,MoveToLL,MoveToLL_moveToRobotPos_StackOnTwoML_stick47_robot1_finallocstick47_rpmanipulate_stick42_stick43_gripper1_layer10_layer11,plannedj,rpmanipulate,,1.00,1.00,"0.133776;0.348742;0.490041;0.000000;-3.141590;0.000000","1.656148;-0.959557;-2.051016;-1.701770;1.553554;1.650556",True,7127.90,15.01,30,2.817,9217.43,20.15,0.00,20.15,,
719,False,,2026-05-29 18:42:12.319,MoveToLL,MoveToLL_moveToTarget_TravelML_robot1_rpmanipulate_rppickup_dup52,plannedj,rppickup,,1.00,1.00,"0.607360;-0.274802;0.339901;0.000000;-3.141590;0.000000","-0.128900;-1.540886;-1.932730;-1.238644;1.554514;-1.707900",True,10916.28,92.15,50,4.859,13221.74,3389.36,0.00,3389.36,,
720,False,,2026-05-29 18:42:25.592,MoveToLL,MoveToLL_moveToPickPosition_PickUpML_stick46_initlocstick46_robot1_gripper1_rppickup,plannedl,initlocstick46,,1.00,1.00,"0.599380;-0.283000;-0.009000;0.000000;-3.141590;0.000000","",True,4446.24,33.76,16,1.421,6712.43,52.13,0.00,52.13,,
721,False,,2026-05-29 18:42:32.334,CloseGripperLL,CloseGripperLL_closeGripper_PickUpML_stick46_initlocstick46_robot1_gripper1_rppickup,close_gripper,,,0.50,1.00,"","",True,1805.01,0.00,0,0.000,3834.66,29.26,0.00,29.26,,
722,False,,2026-05-29 18:42:36.195,MoveToLL,MoveToLL_moveToRetract_PickUpML_stick46_initlocstick46_robot1_gripper1_rppickup,plannedl,rppickup,,1.00,1.00,"0.607360;-0.274802;0.339901;0.000000;-3.141590;0.000000","-0.128900;-1.540886;-1.932730;-1.238644;1.554514;-1.707900",True,3894.96,19.02,16,1.400,6003.47,26.67,0.00,26.67,,
723,False,,2026-05-29 18:42:45.865,MoveToLL,MoveToLL_moveToTarget_TravelML_robot1_rppickup_rpmanipulate_dup58,plannedj,rpmanipulate,,1.00,1.00,"0.133776;0.348742;0.490041;0.000000;-3.141590;0.000000","1.656148;-0.959557;-2.051016;-1.701770;1.553554;1.650556",True,11582.22,13.44,51,4.916,13679.56,3666.27,0.00,3666.27,,
724,False,,2026-05-29 18:42:59.579,MoveToLL,MoveToLL_moveToStackPos_StackOnTwoML_stick46_robot1_finallocstick46_rpmanipulate_cube9_stick42_gripper1_layer10_layer11,plannedj,finallocstick46,,1.00,1.00,"0.315197;0.926850;0.166000;0.000000;-3.141590;0.000000","",True,7336.97,14.33,29,2.795,9411.32,34.67,0.00,34.67,,
725,False,,2026-05-29 18:43:09.013,OpenGripperLL,OpenGripperLL_openGripper_StackOnTwoML_stick46_robot1_finallocstick46_rpmanipulate_cube9_stick42_gripper1_layer10_layer11,open_gripper,,,0.50,1.00,"","",True,2089.14,0.00,0,0.000,4115.76,22.48,0.00,22.48,,
726,False,,2026-05-29 18:43:13.147,LiftLL,LiftLL_liftAfterStack_StackOnTwoML_stick46_robot1_finallocstick46_rpmanipulate_cube9_stick42_gripper1_layer10_layer11,lift,,,0.50,1.00,"","",True,3758.14,0.00,0,0.000,5780.06,18.18,0.00,18.18,,
727,False,,2026-05-29 18:43:18.949,MoveToLL,MoveToLL_moveToRobotPos_StackOnTwoML_stick46_robot1_finallocstick46_rpmanipulate_cube9_stick42_gripper1_layer10_layer11,plannedj,rpmanipulate,,1.00,1.00,"0.133776;0.348742;0.490041;0.000000;-3.141590;0.000000","1.656148;-0.959557;-2.051016;-1.701770;1.553554;1.650556",True,7098.45,15.72,29,2.792,9186.21,21.82,0.00,21.82,,
728,False,,2026-05-29 18:43:31.768,MoveToLL,MoveToLL_moveToTarget_TravelML_robot1_rpmanipulate_rppickup_dup53,plannedj,rppickup,,1.00,1.00,"0.607360;-0.274802;0.339901;0.000000;-3.141590;0.000000","-0.128900;-1.540886;-1.932730;-1.238644;1.554514;-1.707900",True,10917.13,22.47,50,4.860,13026.40,3632.44,0.00,3632.44,,
729,False,,2026-05-29 18:43:44.843,MoveToLL,MoveToLL_moveToPickPosition_PickUpML_stick48_initlocstick48_robot1_gripper1_rppickup,plannedl,initlocstick48,,1.00,1.00,"0.599380;-0.283000;-0.009000;0.000000;-3.141590;0.000000","",True,4540.72,68.46,16,1.421,6741.76,49.34,0.00,49.34,,
730,False,,2026-05-29 18:43:51.606,CloseGripperLL,CloseGripperLL_closeGripper_PickUpML_stick48_initlocstick48_robot1_gripper1_rppickup,close_gripper,,,0.50,1.00,"","",True,1787.72,0.00,0,0.000,3818.52,20.43,0.00,20.43,,
731,False,,2026-05-29 18:43:55.455,MoveToLL,MoveToLL_moveToRetract_PickUpML_stick48_initlocstick48_robot1_gripper1_rppickup,plannedl,rppickup,,1.00,1.00,"0.607360;-0.274802;0.339901;0.000000;-3.141590;0.000000","-0.128900;-1.540886;-1.932730;-1.238644;1.554514;-1.707900",True,3910.40,15.34,16,1.400,6012.34,30.53,0.00,30.53,,
732,False,,2026-05-29 18:44:05.169,MoveToLL,MoveToLL_moveToTarget_TravelML_robot1_rppickup_rpmanipulate_dup59,plannedj,rpmanipulate,,1.00,1.00,"0.133776;0.348742;0.490041;0.000000;-3.141590;0.000000","1.656148;-0.959557;-2.051016;-1.701770;1.553554;1.650556",True,11515.14,19.16,51,4.916,13605.08,3702.16,0.00,3702.16,,
733,False,,2026-05-29 18:44:18.824,MoveToLL,MoveToLL_moveToStackPos_StackOnTwoML_stick48_robot1_finallocstick48_rpmanipulate_stick43_stick44_gripper1_layer10_layer11,plannedj,finallocstick48,,1.00,1.00,"0.069447;0.713755;0.165000;0.000000;-3.141590;0.000000","",True,6358.95,100.47,26,2.400,8627.46,50.19,0.00,50.19,,
734,False,,2026-05-29 18:44:27.485,OpenGripperLL,OpenGripperLL_openGripper_StackOnTwoML_stick48_robot1_finallocstick48_rpmanipulate_stick43_stick44_gripper1_layer10_layer11,open_gripper,,,0.50,1.00,"","",True,2077.20,0.00,0,0.000,4099.43,33.33,0.00,33.33,,
735,False,,2026-05-29 18:44:31.613,LiftLL,LiftLL_liftAfterStack_StackOnTwoML_stick48_robot1_finallocstick48_rpmanipulate_stick43_stick44_gripper1_layer10_layer11,lift,,,0.50,1.00,"","",True,3728.93,0.00,0,0.000,5750.30,28.57,0.00,28.57,,
736,False,,2026-05-29 18:44:37.382,MoveToLL,MoveToLL_moveToRobotPos_StackOnTwoML_stick48_robot1_finallocstick48_rpmanipulate_stick43_stick44_gripper1_layer10_layer11,plannedj,rpmanipulate,,1.00,1.00,"0.133776;0.348742;0.490041;0.000000;-3.141590;0.000000","1.656148;-0.959557;-2.051016;-1.701770;1.553554;1.650556",True,6158.25,35.81,25,2.398,8401.74,18.30,0.00,18.30,,
737,False,,2026-05-29 18:44:49.383,MoveToLL,MoveToLL_moveToTarget_TravelML_robot1_rpmanipulate_rppickup_dup54,plannedj,rppickup,,1.00,1.00,"0.607360;-0.274802;0.339901;0.000000;-3.141590;0.000000","-0.128900;-1.540886;-1.932730;-1.238644;1.554514;-1.707900",True,10948.63,18.98,50,4.858,13050.00,3599.38,0.00,3599.38,,
738,False,,2026-05-29 18:45:02.482,MoveToLL,MoveToLL_moveToPickPosition_PickUpML_stick51_initlocstick51_robot1_gripper1_rppickup,plannedl,initlocstick51,,1.00,1.00,"0.599380;-0.283000;-0.009000;0.000000;-3.141590;0.000000","",True,3895.52,20.25,16,1.421,6040.65,49.35,0.00,49.35,,
739,False,,2026-05-29 18:45:08.548,CloseGripperLL,CloseGripperLL_closeGripper_PickUpML_stick51_initlocstick51_robot1_gripper1_rppickup,close_gripper,,,0.50,1.00,"","",True,1733.83,0.00,0,0.000,3763.21,24.54,0.00,24.54,,
740,False,,2026-05-29 18:45:12.338,MoveToLL,MoveToLL_moveToRetract_PickUpML_stick51_initlocstick51_robot1_gripper1_rppickup,plannedl,rppickup,,1.00,1.00,"0.607360;-0.274802;0.339901;0.000000;-3.141590;0.000000","-0.128900;-1.540886;-1.932730;-1.238644;1.554514;-1.707900",True,3914.38,17.40,16,1.401,5997.81,26.82,0.00,26.82,,
741,False,,2026-05-29 18:45:22.031,MoveToLL,MoveToLL_moveToTarget_TravelML_robot1_rppickup_rpmanipulate_dup60,plannedj,rpmanipulate,,1.00,1.00,"0.133776;0.348742;0.490041;0.000000;-3.141590;0.000000","1.656148;-0.959557;-2.051016;-1.701770;1.553554;1.650556",True,11513.57,20.23,51,4.916,13608.92,3695.54,0.00,3695.54,,
742,False,,2026-05-29 18:45:35.681,MoveToLL,MoveToLL_moveToStackPos_StackOnTwoML_stick51_robot1_finallocstick51_rpmanipulate_stick47_stick46_gripper1_layer11_layer12,plannedj,finallocstick51,,1.00,1.00,"0.343957;0.827461;0.183500;0.000000;-3.141590;0.000000","",True,7518.35,16.51,30,2.860,9600.57,41.17,0.00,41.17,,
743,False,,2026-05-29 18:45:45.301,OpenGripperLL,OpenGripperLL_openGripper_StackOnTwoML_stick51_robot1_finallocstick51_rpmanipulate_stick47_stick46_gripper1_layer11_layer12,open_gripper,,,0.50,1.00,"","",True,1934.45,0.00,0,0.000,3974.18,19.14,0.00,19.14,,
744,False,,2026-05-29 18:45:49.297,LiftLL,LiftLL_liftAfterStack_StackOnTwoML_stick51_robot1_finallocstick51_rpmanipulate_stick47_stick46_gripper1_layer11_layer12,lift,,,0.50,1.00,"","",True,3711.87,0.00,0,0.000,5776.58,22.60,0.00,22.60,,
745,False,,2026-05-29 18:45:55.090,MoveToLL,MoveToLL_moveToRobotPos_StackOnTwoML_stick51_robot1_finallocstick51_rpmanipulate_stick47_stick46_gripper1_layer11_layer12,plannedj,rpmanipulate,,1.00,1.00,"0.133776;0.348742;0.490041;0.000000;-3.141590;0.000000","1.656148;-0.959557;-2.051016;-1.701770;1.553554;1.650556",True,7519.13,22.98,30,2.858,9624.36,16.30,0.00,16.30,,
746,False,,2026-05-29 18:46:08.202,MoveToLL,MoveToLL_moveToTarget_TravelML_robot1_rpmanipulate_rppickup_dup55,plannedj,rppickup,,1.00,1.00,"0.607360;-0.274802;0.339901;0.000000;-3.141590;0.000000","-0.128900;-1.540886;-1.932730;-1.238644;1.554514;-1.707900",True,11326.73,20.66,50,4.860,13438.05,3487.14,0.00,3487.14,,
747,False,,2026-05-29 18:46:21.684,MoveToLL,MoveToLL_moveToPickPosition_PickUpML_cube11_initloccube11_robot1_gripper1_rppickup,plannedl,initloccube11,,1.00,1.00,"0.599380;-0.283000;-0.009000;0.000000;-3.141590;0.000000","",True,3881.37,16.22,16,1.421,5967.92,44.50,0.00,44.50,,
748,False,,2026-05-29 18:46:27.681,CloseGripperLL,CloseGripperLL_closeGripper_PickUpML_cube11_initloccube11_robot1_gripper1_rppickup,close_gripper,,,0.50,1.00,"","",True,1763.56,0.00,0,0.000,3827.23,28.29,0.00,28.29,,
749,False,,2026-05-29 18:46:31.534,MoveToLL,MoveToLL_moveToRetract_PickUpML_cube11_initloccube11_robot1_gripper1_rppickup,plannedl,rppickup,,1.00,1.00,"0.607360;-0.274802;0.339901;0.000000;-3.141590;0.000000","-0.128900;-1.540886;-1.932730;-1.238644;1.554514;-1.707900",True,3837.89,17.28,16,1.400,6022.42,26.31,0.00,26.31,,
750,False,,2026-05-29 18:46:41.097,MoveToLL,MoveToLL_moveToTarget_TravelML_robot1_rppickup_rpmanipulate_dup61,plannedj,rpmanipulate,,1.00,1.00,"0.133776;0.348742;0.490041;0.000000;-3.141590;0.000000","1.656148;-0.959557;-2.051016;-1.701770;1.553554;1.650556",True,11208.47,101.91,51,4.916,13783.24,3540.76,0.00,3540.76,,
751,False,,2026-05-29 18:46:54.932,MoveToLL,MoveToLL_moveToStackPos_StackML_cube11_stick46_robot1_gripper1_finalloccube11_rpmanipulate,plannedj,finalloccube11,,1.00,1.00,"0.281640;0.959256;0.183500;0.000000;-3.141590;0.000000","",True,6909.33,27.35,29,2.743,9286.27,51.65,0.00,51.65,,
752,False,,2026-05-29 18:47:04.247,OpenGripperLL,OpenGripperLL_openGripper_StackML_cube11_stick46_robot1_gripper1_finalloccube11_rpmanipulate,open_gripper,,,0.50,1.00,"","",True,2145.15,0.00,0,0.000,4236.44,28.24,0.00,28.24,,
753,False,,2026-05-29 18:47:08.510,LiftLL,LiftLL_liftAfterStack_StackML_cube11_stick46_robot1_gripper1_finalloccube11_rpmanipulate,lift,,,0.50,1.00,"","",True,3699.56,0.00,0,0.000,5747.22,26.97,0.00,26.97,,
754,False,,2026-05-29 18:47:14.282,MoveToLL,MoveToLL_moveToRobotPosition_StackML_cube11_stick46_robot1_gripper1_finalloccube11_rpmanipulate,plannedj,rpmanipulate,,1.00,1.00,"0.133776;0.348742;0.490041;0.000000;-3.141590;0.000000","1.656148;-0.959557;-2.051016;-1.701770;1.553554;1.650556",True,6655.26,146.05,29,2.740,9128.12,25.06,0.00,25.06,,
755,False,,2026-05-29 18:47:26.771,MoveToLL,MoveToLL_moveToTarget_TravelML_robot1_rpmanipulate_rppickup_dup56,plannedj,rppickup,,1.00,1.00,"0.607360;-0.274802;0.339901;0.000000;-3.141590;0.000000","-0.128900;-1.540886;-1.932730;-1.238644;1.554514;-1.707900",True,11161.31,14.70,50,4.859,13435.39,3360.52,0.00,3360.52,,
756,False,,2026-05-29 18:47:40.271,MoveToLL,MoveToLL_moveToPickPosition_PickUpML_stick52_initlocstick52_robot1_gripper1_rppickup,plannedl,initlocstick52,,1.00,1.00,"0.599380;-0.283000;-0.009000;0.000000;-3.141590;0.000000","",True,4587.10,17.23,16,1.421,6668.13,64.70,0.00,64.70,,
757,False,,2026-05-29 18:47:46.970,CloseGripperLL,CloseGripperLL_closeGripper_PickUpML_stick52_initlocstick52_robot1_gripper1_rppickup,close_gripper,,,0.50,1.00,"","",True,1770.76,0.00,0,0.000,3787.51,30.82,0.00,30.82,,
758,False,,2026-05-29 18:47:50.778,MoveToLL,MoveToLL_moveToRetract_PickUpML_stick52_initlocstick52_robot1_gripper1_rppickup,plannedl,rppickup,,1.00,1.00,"0.607360;-0.274802;0.339901;0.000000;-3.141590;0.000000","-0.128900;-1.540886;-1.932730;-1.238644;1.554514;-1.707900",True,3912.11,13.52,16,1.400,6034.97,20.57,0.00,20.57,,
759,False,,2026-05-29 18:48:00.596,MoveToLL,MoveToLL_moveToTarget_TravelML_robot1_rppickup_rpmanipulate_dup62,plannedj,rpmanipulate,,1.00,1.00,"0.133776;0.348742;0.490041;0.000000;-3.141590;0.000000","1.656148;-0.959557;-2.051016;-1.701770;1.553554;1.650556",True,11392.26,18.65,51,4.916,13491.76,3782.35,0.00,3782.35,,
760,False,,2026-05-29 18:48:14.148,MoveToLL,MoveToLL_moveToStackPos_StackOnTwoML_stick52_robot1_finallocstick52_rpmanipulate_stick47_stick48_gripper1_layer11_layer12,plannedj,finallocstick52,,1.00,1.00,"0.179154;0.668313;0.182500;0.000000;-3.141590;0.000000","",True,6481.20,70.73,28,2.605,9059.33,60.26,0.00,60.26,,
761,False,,2026-05-29 18:48:23.225,OpenGripperLL,OpenGripperLL_openGripper_StackOnTwoML_stick52_robot1_finallocstick52_rpmanipulate_stick47_stick48_gripper1_layer11_layer12,open_gripper,,,0.50,1.00,"","",True,1645.94,0.00,0,0.000,3684.51,17.76,0.00,17.76,,
762,False,,2026-05-29 18:48:26.941,LiftLL,LiftLL_liftAfterStack_StackOnTwoML_stick52_robot1_finallocstick52_rpmanipulate_stick47_stick48_gripper1_layer11_layer12,lift,,,0.50,1.00,"","",True,3712.51,0.00,0,0.000,5743.81,31.46,0.00,31.46,,
763,False,,2026-05-29 18:48:32.707,MoveToLL,MoveToLL_moveToRobotPos_StackOnTwoML_stick52_robot1_finallocstick52_rpmanipulate_stick47_stick48_gripper1_layer11_layer12,plannedj,rpmanipulate,,1.00,1.00,"0.133776;0.348742;0.490041;0.000000;-3.141590;0.000000","1.656148;-0.959557;-2.051016;-1.701770;1.553554;1.650556",True,6622.02,28.76,28,2.602,8804.18,22.23,0.00,22.23,,
764,False,,2026-05-29 18:48:45.369,MoveToLL,MoveToLL_moveToTarget_TravelML_robot1_rpmanipulate_rppickup_dup57,plannedj,rppickup,,1.00,1.00,"0.607360;-0.274802;0.339901;0.000000;-3.141590;0.000000","-0.128900;-1.540886;-1.932730;-1.238644;1.554514;-1.707900",True,11081.34,20.85,50,4.859,13176.24,3858.57,0.00,3858.57,,
765,False,,2026-05-29 18:48:58.587,MoveToLL,MoveToLL_moveToPickPosition_PickUpML_stick50_initlocstick50_robot1_gripper1_rppickup,plannedl,initlocstick50,,1.00,1.00,"0.599380;-0.283000;-0.009000;0.000000;-3.141590;0.000000","",True,3875.64,15.38,16,1.421,5984.28,41.26,0.00,41.26,,
766,False,,2026-05-29 18:49:04.599,CloseGripperLL,CloseGripperLL_closeGripper_PickUpML_stick50_initlocstick50_robot1_gripper1_rppickup,close_gripper,,,0.50,1.00,"","",True,1768.52,0.00,0,0.000,3862.38,28.21,0.00,28.21,,
767,False,,2026-05-29 18:49:08.483,MoveToLL,MoveToLL_moveToRetract_PickUpML_stick50_initlocstick50_robot1_gripper1_rppickup,plannedl,rppickup,,1.00,1.00,"0.607360;-0.274802;0.339901;0.000000;-3.141590;0.000000","-0.128900;-1.540886;-1.932730;-1.238644;1.554514;-1.707900",True,3889.57,16.69,16,1.401,5987.17,20.89,0.00,20.89,,
768,False,,2026-05-29 18:49:18.193,MoveToLL,MoveToLL_moveToTarget_TravelML_robot1_rppickup_rpmanipulate_dup63,plannedj,rpmanipulate,,1.00,1.00,"0.133776;0.348742;0.490041;0.000000;-3.141590;0.000000","1.656148;-0.959557;-2.051016;-1.701770;1.553554;1.650556",True,11319.76,66.58,51,4.916,13591.57,3723.50,0.00,3723.50,,
769,False,,2026-05-29 18:49:31.847,MoveToLL,MoveToLL_moveToStackPos_StackOnTwoML_stick50_robot1_finallocstick50_rpmanipulate_cube10_stick45_gripper1_layer10_layer11,plannedj,finallocstick50,,1.00,1.00,"-0.231578;0.941635;0.165000;0.000000;-3.141590;0.000000","",True,5567.07,32.76,22,2.039,7843.52,61.78,0.00,61.78,,
770,False,,2026-05-29 18:49:39.709,OpenGripperLL,OpenGripperLL_openGripper_StackOnTwoML_stick50_robot1_finallocstick50_rpmanipulate_cube10_stick45_gripper1_layer10_layer11,open_gripper,,,0.50,1.00,"","",True,2083.80,0.00,0,0.000,4156.70,18.62,0.00,18.62,,
771,False,,2026-05-29 18:49:43.890,LiftLL,LiftLL_liftAfterStack_StackOnTwoML_stick50_robot1_finallocstick50_rpmanipulate_cube10_stick45_gripper1_layer10_layer11,lift,,,0.50,1.00,"","",True,3637.44,0.00,0,0.000,5664.24,24.71,0.00,24.71,,
772,False,,2026-05-29 18:49:49.580,MoveToLL,MoveToLL_moveToRobotPos_StackOnTwoML_stick50_robot1_finallocstick50_rpmanipulate_cube10_stick45_gripper1_layer10_layer11,plannedj,rpmanipulate,,1.00,1.00,"0.133776;0.348742;0.490041;0.000000;-3.141590;0.000000","1.656148;-0.959557;-2.051016;-1.701770;1.553554;1.650556",True,5571.32,14.09,22,2.036,7652.34,25.80,0.00,25.80,,
773,False,,2026-05-29 18:50:00.852,MoveToLL,MoveToLL_moveToTarget_TravelML_robot1_rpmanipulate_rppickup_dup58,plannedj,rppickup,,1.00,1.00,"0.607360;-0.274802;0.339901;0.000000;-3.141590;0.000000","-0.128900;-1.540886;-1.932730;-1.238644;1.554514;-1.707900",True,10929.18,16.96,50,4.859,13010.69,3618.99,0.00,3618.99,,
774,False,,2026-05-29 18:50:13.901,MoveToLL,MoveToLL_moveToPickPosition_PickUpML_stick49_initlocstick49_robot1_gripper1_rppickup,plannedl,initlocstick49,,1.00,1.00,"0.599380;-0.283000;-0.009000;0.000000;-3.141590;0.000000","",True,3909.83,14.98,16,1.421,5984.26,38.98,0.00,38.98,,
775,False,,2026-05-29 18:50:19.909,CloseGripperLL,CloseGripperLL_closeGripper_PickUpML_stick49_initlocstick49_robot1_gripper1_rppickup,close_gripper,,,0.50,1.00,"","",True,1770.97,0.00,0,0.000,3839.41,23.85,0.00,23.85,,
776,False,,2026-05-29 18:50:23.775,MoveToLL,MoveToLL_moveToRetract_PickUpML_stick49_initlocstick49_robot1_gripper1_rppickup,plannedl,rppickup,,1.00,1.00,"0.607360;-0.274802;0.339901;0.000000;-3.141590;0.000000","-0.128900;-1.540886;-1.932730;-1.238644;1.554514;-1.707900",True,3863.16,18.80,16,1.400,5958.07,26.31,0.00,26.31,,
777,False,,2026-05-29 18:50:33.523,MoveToLL,MoveToLL_moveToTarget_TravelML_robot1_rppickup_rpmanipulate_dup64,plannedj,rpmanipulate,,1.00,1.00,"0.133776;0.348742;0.490041;0.000000;-3.141590;0.000000","1.656148;-0.959557;-2.051016;-1.701770;1.553554;1.650556",True,11288.50,41.59,51,4.916,13570.54,3789.71,0.00,3789.71,,
778,False,,2026-05-29 18:50:47.179,MoveToLL,MoveToLL_moveToStackPos_StackOnTwoML_stick49_robot1_finallocstick49_rpmanipulate_stick44_stick45_gripper1_layer10_layer11,plannedj,finallocstick49,,1.00,1.00,"-0.029486;0.911587;0.165000;0.000000;-3.141590;0.000000","",True,6289.18,15.69,25,2.300,8365.72,85.40,0.00,85.40,,
779,False,,2026-05-29 18:50:55.576,OpenGripperLL,OpenGripperLL_openGripper_StackOnTwoML_stick49_robot1_finallocstick49_rpmanipulate_stick44_stick45_gripper1_layer10_layer11,open_gripper,,,0.50,1.00,"","",True,2253.27,0.00,0,0.000,4287.54,31.61,0.00,31.61,,
780,False,,2026-05-29 18:50:59.884,LiftLL,LiftLL_liftAfterStack_StackOnTwoML_stick49_robot1_finallocstick49_rpmanipulate_stick44_stick45_gripper1_layer10_layer11,lift,,,0.50,1.00,"","",True,3687.20,0.00,0,0.000,5749.83,20.10,0.00,20.10,,
781,False,,2026-05-29 18:51:05.665,MoveToLL,MoveToLL_moveToRobotPos_StackOnTwoML_stick49_robot1_finallocstick49_rpmanipulate_stick44_stick45_gripper1_layer10_layer11,plannedj,rpmanipulate,,1.00,1.00,"0.133776;0.348742;0.490041;0.000000;-3.141590;0.000000","1.656148;-0.959557;-2.051016;-1.701770;1.553554;1.650556",True,6083.91,13.84,24,2.297,8195.71,31.11,0.00,31.11,,
782,False,,2026-05-29 18:51:17.571,MoveToLL,MoveToLL_moveToTarget_TravelML_robot1_rpmanipulate_rppickup_dup59,plannedj,rppickup,,1.00,1.00,"0.607360;-0.274802;0.339901;0.000000;-3.141590;0.000000","-0.128900;-1.540886;-1.932730;-1.238644;1.554514;-1.707900",True,11071.12,13.58,50,4.859,13119.56,3711.00,0.00,3711.00,,
783,False,,2026-05-29 18:51:30.755,MoveToLL,MoveToLL_moveToPickPosition_PickUpML_cube12_initloccube12_robot1_gripper1_rppickup,plannedl,initloccube12,,1.00,1.00,"0.599380;-0.283000;-0.009000;0.000000;-3.141590;0.000000","",True,3884.39,14.83,16,1.421,6042.64,64.48,0.00,64.48,,
784,False,,2026-05-29 18:51:36.829,CloseGripperLL,CloseGripperLL_closeGripper_PickUpML_cube12_initloccube12_robot1_gripper1_rppickup,close_gripper,,,0.50,1.00,"","",True,1726.40,0.00,0,0.000,3764.42,31.19,0.00,31.19,,
785,False,,2026-05-29 18:51:40.627,MoveToLL,MoveToLL_moveToRetract_PickUpML_cube12_initloccube12_robot1_gripper1_rppickup,plannedl,rppickup,,1.00,1.00,"0.607360;-0.274802;0.339901;0.000000;-3.141590;0.000000","-0.128900;-1.540886;-1.932730;-1.238644;1.554514;-1.707900",True,3939.33,15.33,16,1.400,6013.47,33.09,0.00,33.09,,
786,False,,2026-05-29 18:51:50.499,MoveToLL,MoveToLL_moveToTarget_TravelML_robot1_rppickup_rpmanipulate_dup65,plannedj,rpmanipulate,,1.00,1.00,"0.133776;0.348742;0.490041;0.000000;-3.141590;0.000000","1.656148;-0.959557;-2.051016;-1.701770;1.553554;1.650556",True,11346.37,16.18,51,4.916,13434.46,3858.80,0.00,3858.80,,
787,False,,2026-05-29 18:52:03.995,MoveToLL,MoveToLL_moveToStackPos_StackML_cube12_stick50_robot1_gripper1_finalloccube12_rpmanipulate,plannedj,finalloccube12,,1.00,1.00,"-0.270423;0.904124;0.182500;0.000000;-3.141590;0.000000","",True,5703.82,13.02,21,1.967,7773.48,61.29,0.00,61.29,,
788,False,,2026-05-29 18:52:11.795,OpenGripperLL,OpenGripperLL_openGripper_StackML_cube12_stick50_robot1_gripper1_finalloccube12_rpmanipulate,open_gripper,,,0.50,1.00,"","",True,2130.84,0.00,0,0.000,4156.95,26.65,0.00,26.65,,
789,False,,2026-05-29 18:52:15.970,LiftLL,LiftLL_liftAfterStack_StackML_cube12_stick50_robot1_gripper1_finalloccube12_rpmanipulate,lift,,,0.50,1.00,"","",True,3719.79,0.00,0,0.000,5757.75,18.53,0.00,18.53,,
790,False,,2026-05-29 18:52:21.756,MoveToLL,MoveToLL_moveToRobotPosition_StackML_cube12_stick50_robot1_gripper1_finalloccube12_rpmanipulate,plannedj,rpmanipulate,,1.00,1.00,"0.133776;0.348742;0.490041;0.000000;-3.141590;0.000000","1.656148;-0.959557;-2.051016;-1.701770;1.553554;1.650556",True,5385.89,13.78,21,1.964,7489.48,28.01,0.00,28.01,,
791,False,,2026-05-29 18:52:32.845,MoveToLL,MoveToLL_moveToTarget_TravelML_robot1_rpmanipulate_rppickup_dup60,plannedj,rppickup,,1.00,1.00,"0.607360;-0.274802;0.339901;0.000000;-3.141590;0.000000","-0.128900;-1.540886;-1.932730;-1.238644;1.554514;-1.707900",True,11083.53,17.33,50,4.859,13197.94,3599.55,0.00,3599.55,,
792,False,,2026-05-29 18:52:46.099,MoveToLL,MoveToLL_moveToPickPosition_PickUpML_stick53_initlocstick53_robot1_gripper1_rppickup,plannedl,initlocstick53,,1.00,1.00,"0.599380;-0.283000;-0.009000;0.000000;-3.141590;0.000000","",True,4430.79,42.81,16,1.421,6682.88,56.28,0.00,56.28,,
793,False,,2026-05-29 18:52:52.814,CloseGripperLL,CloseGripperLL_closeGripper_PickUpML_stick53_initlocstick53_robot1_gripper1_rppickup,close_gripper,,,0.50,1.00,"","",True,1779.16,0.00,0,0.000,3804.46,31.81,0.00,31.81,,
794,False,,2026-05-29 18:52:56.643,MoveToLL,MoveToLL_moveToRetract_PickUpML_stick53_initlocstick53_robot1_gripper1_rppickup,plannedl,rppickup,,1.00,1.00,"0.607360;-0.274802;0.339901;0.000000;-3.141590;0.000000","-0.128900;-1.540886;-1.932730;-1.238644;1.554514;-1.707900",True,3838.27,72.25,16,1.400,6117.75,24.60,0.00,24.60,,
795,False,,2026-05-29 18:53:06.749,MoveToLL,MoveToLL_moveToTarget_TravelML_robot1_rppickup_rpmanipulate_dup66,plannedj,rpmanipulate,,1.00,1.00,"0.133776;0.348742;0.490041;0.000000;-3.141590;0.000000","1.656148;-0.959557;-2.051016;-1.701770;1.553554;1.650556",True,11021.67,30.98,51,4.916,13359.00,3988.32,0.00,3988.32,,
796,False,,2026-05-29 18:53:20.172,MoveToLL,MoveToLL_moveToStackPos_StackOnTwoML_stick53_robot1_finallocstick53_rpmanipulate_stick49_stick48_gripper1_layer11_layer12,plannedj,finallocstick53,,1.00,1.00,"0.015957;0.801880;0.182500;0.000000;-3.141590;0.000000","",True,6143.70,69.63,25,2.334,8479.72,64.14,0.00,64.14,,
797,False,,2026-05-29 18:53:28.670,OpenGripperLL,OpenGripperLL_openGripper_StackOnTwoML_stick53_robot1_finallocstick53_rpmanipulate_stick49_stick48_gripper1_layer11_layer12,open_gripper,,,0.50,1.00,"","",True,2237.54,0.00,0,0.000,4263.37,17.87,0.00,17.87,,
798,False,,2026-05-29 18:53:32.966,LiftLL,LiftLL_liftAfterStack_StackOnTwoML_stick53_robot1_finallocstick53_rpmanipulate_stick49_stick48_gripper1_layer11_layer12,lift,,,0.50,1.00,"","",True,3772.53,0.00,0,0.000,5801.35,32.75,0.00,32.75,,
799,False,,2026-05-29 18:53:38.799,MoveToLL,MoveToLL_moveToRobotPos_StackOnTwoML_stick53_robot1_finallocstick53_rpmanipulate_stick49_stick48_gripper1_layer11_layer12,plannedj,rpmanipulate,,1.00,1.00,"0.133776;0.348742;0.490041;0.000000;-3.141590;0.000000","1.656148;-0.959557;-2.051016;-1.701770;1.553554;1.650556",True,6093.58,17.62,25,2.331,8256.03,31.16,0.00,31.16,,
800,False,,2026-05-29 18:53:50.595,MoveToLL,MoveToLL_moveToTarget_TravelML_robot1_rpmanipulate_rppickup_dup61,plannedj,rppickup,,1.00,1.00,"0.607360;-0.274802;0.339901;0.000000;-3.141590;0.000000","-0.128900;-1.540886;-1.932730;-1.238644;1.554514;-1.707900",True,11101.75,15.83,50,4.859,13222.27,3540.21,0.00,3540.21,,
801,False,,2026-05-29 18:54:03.857,MoveToLL,MoveToLL_moveToPickPosition_PickUpML_stick54_initlocstick54_robot1_gripper1_rppickup,plannedl,initlocstick54,,1.00,1.00,"0.599380;-0.283000;-0.009000;0.000000;-3.141590;0.000000","",True,3875.28,16.93,16,1.421,5940.14,39.78,0.00,39.78,,
802,False,,2026-05-29 18:54:09.816,CloseGripperLL,CloseGripperLL_closeGripper_PickUpML_stick54_initlocstick54_robot1_gripper1_rppickup,close_gripper,,,0.50,1.00,"","",True,1837.72,0.00,0,0.000,3881.40,19.47,0.00,19.47,,
803,False,,2026-05-29 18:54:13.727,MoveToLL,MoveToLL_moveToRetract_PickUpML_stick54_initlocstick54_robot1_gripper1_rppickup,plannedl,rppickup,,1.00,1.00,"0.607360;-0.274802;0.339901;0.000000;-3.141590;0.000000","-0.128900;-1.540886;-1.932730;-1.238644;1.554514;-1.707900",True,3862.58,16.45,16,1.400,5954.51,28.96,0.00,28.96,,
804,False,,2026-05-29 18:54:23.874,MoveToLL,MoveToLL_moveToTarget_TravelML_robot1_rppickup_rpmanipulate_dup67,plannedj,rpmanipulate,,1.00,1.00,"0.133776;0.348742;0.490041;0.000000;-3.141590;0.000000","1.656148;-0.959557;-2.051016;-1.701770;1.553554;1.650556",True,11034.66,14.94,51,4.916,13130.77,4193.11,0.00,4193.11,,
805,False,,2026-05-29 18:54:37.067,MoveToLL,MoveToLL_moveToStackPos_StackOnTwoML_stick54_robot1_finallocstick54_rpmanipulate_stick50_stick49_gripper1_layer11_layer12,plannedj,finallocstick54,,1.00,1.00,"-0.148846;0.961028;0.182500;0.000000;-3.141590;0.000000","",True,6000.95,34.60,23,2.155,8105.78,62.12,0.00,62.12,,
806,False,,2026-05-29 18:54:45.191,OpenGripperLL,OpenGripperLL_openGripper_StackOnTwoML_stick54_robot1_finallocstick54_rpmanipulate_stick50_stick49_gripper1_layer11_layer12,open_gripper,,,0.50,1.00,"","",True,1810.40,0.00,0,0.000,3836.18,18.04,0.00,18.04,,
807,False,,2026-05-29 18:54:49.049,LiftLL,LiftLL_liftAfterStack_StackOnTwoML_stick54_robot1_finallocstick54_rpmanipulate_stick50_stick49_gripper1_layer11_layer12,lift,,,0.50,1.00,"","",True,3703.30,0.00,0,0.000,5744.33,21.56,0.00,21.56,,
808,False,,2026-05-29 18:54:54.817,MoveToLL,MoveToLL_moveToRobotPos_StackOnTwoML_stick54_robot1_finallocstick54_rpmanipulate_stick50_stick49_gripper1_layer11_layer12,plannedj,rpmanipulate,,1.00,1.00,"0.133776;0.348742;0.490041;0.000000;-3.141590;0.000000","1.656148;-0.959557;-2.051016;-1.701770;1.553554;1.650556",True,5528.27,104.71,23,2.153,7892.34,24.02,0.00,24.02,,
809,False,,2026-05-29 18:55:06.314,MoveToLL,MoveToLL_moveToTarget_TravelML_robot1_rpmanipulate_rptoolchange_dup15,plannedj,rptoolchange,,1.00,1.00,"-0.276143;0.385864;0.086921;-3.141491;-0.002589;-0.000081","2.086106;-1.186673;-2.396030;-1.129490;1.555172;0.503193",True,5008.57,99.75,21,1.927,7565.74,3604.18,0.00,3604.18,,
810,False,,2026-05-29 18:55:13.929,DeequipToolLL,DeequipToolLL_deequipTool_DeequipML_robot1_gripper1_equiplocgripper_rptoolchange_dup8,play_program,,gripper,0.50,1.00,"","",True,21531.64,0.00,0,0.000,23581.58,49.67,0.00,49.67,,
811,False,,2026-05-29 18:55:37.561,EquipToolLL,EquipToolLL_equipTool_EquipeML_robot1_staplergun1_rptoolchange_equiplocstapler_dup8,play_program,,nailgun,0.50,1.00,"","",True,10397.58,0.00,0,0.000,12428.51,49.80,0.00,49.80,,
812,False,,2026-05-29 18:55:53.437,MoveToLL,MoveToLL_moveToTarget_TravelML_robot1_rptoolchange_rpmanipulate_dup8,plannedj,rpmanipulate,,1.00,1.00,"0.133776;0.348742;0.490041;0.000000;-3.141590;0.000000","1.656148;-0.959557;-2.051016;-1.701770;1.553554;1.650556",True,5317.57,21.00,21,1.941,10025.81,3447.76,0.00,3447.76,,
813,False,,2026-05-29 18:56:03.583,NailingLL,NailingLL_moveToNailPos_NailingML_cube11_stick46_robot1_staplergun1_rpmanipulate,movej,unknown,nailgun,0.30,0.30,"0.281640;0.959256;0.203550;2.221441;-2.221441;0.000000","",True,9937.24,0.00,0,0.000,11970.46,119.86,0.00,119.86,,
814,False,,2026-05-29 18:56:15.585,PushDownLL,PushDownLL_pushDown_NailingML_cube11_stick46_robot1_staplergun1_rpmanipulate,lift,,,0.50,1.00,"","",True,1240.42,0.00,0,0.000,3283.56,31.82,0.00,31.82,,
815,False,,2026-05-29 18:56:18.899,LiftLL,LiftLL_liftAfterNail_NailingML_cube11_stick46_robot1_staplergun1_rpmanipulate,lift,,,0.50,1.00,"","",True,4069.84,0.00,0,0.000,6112.86,30.40,0.00,30.40,,
816,False,,2026-05-29 18:56:28.579,NailingLL,NailingLL_moveToNailPos_NailingML_cube12_stick50_robot1_staplergun1_rpmanipulate,movej,unknown,nailgun,0.30,0.30,"-0.268085;0.906381;0.202575;2.221441;-2.221441;0.000000","",True,7361.01,0.00,0,0.000,9399.24,3567.34,0.00,3567.34,,
817,False,,2026-05-29 18:56:38.006,PushDownLL,PushDownLL_pushDown_NailingML_cube12_stick50_robot1_staplergun1_rpmanipulate,lift,,,0.50,1.00,"","",True,1890.04,0.00,0,0.000,3930.07,27.37,0.00,27.37,,
818,False,,2026-05-29 18:56:41.968,LiftLL,LiftLL_liftAfterNail_NailingML_cube12_stick50_robot1_staplergun1_rpmanipulate,lift,,,0.50,1.00,"","",True,4035.48,0.00,0,0.000,6086.45,32.57,0.00,32.57,,
819,False,,2026-05-29 18:56:51.475,NailingLL,NailingLL_moveToNailPos_NailingML_stick51_stick46_robot1_staplergun1_rpmanipulate,movej,unknown,nailgun,0.30,0.30,"0.345186;0.897890;0.203575;2.221441;-2.221441;0.000000","",True,8052.27,0.00,0,0.000,10105.75,3420.39,0.00,3420.39,,
820,False,,2026-05-29 18:57:01.603,PushDownLL,PushDownLL_pushDown_NailingML_stick51_stick46_robot1_staplergun1_rpmanipulate,lift,,,0.50,1.00,"","",True,1381.02,0.00,0,0.000,3413.88,22.02,0.00,22.02,,
821,False,,2026-05-29 18:57:05.034,LiftLL,LiftLL_liftAfterNail_NailingML_stick51_stick46_robot1_staplergun1_rpmanipulate,lift,,,0.50,1.00,"","",True,4036.91,0.00,0,0.000,6058.33,17.50,0.00,17.50,,
822,False,,2026-05-29 18:57:14.666,NailingLL,NailingLL_moveToNailPos_NailingML_stick51_stick47_robot1_staplergun1_rpmanipulate,movej,unknown,nailgun,0.30,0.30,"0.350050;0.760672;0.203050;2.221441;-2.221441;0.000000","",True,5613.71,0.00,0,0.000,7638.62,3573.65,0.00,3573.65,,
823,False,,2026-05-29 18:57:22.324,PushDownLL,PushDownLL_pushDown_NailingML_stick51_stick47_robot1_staplergun1_rpmanipulate,lift,,,0.50,1.00,"","",True,1319.50,0.00,0,0.000,3352.51,19.58,0.00,19.58,,
824,False,,2026-05-29 18:57:25.706,LiftLL,LiftLL_liftAfterNail_NailingML_stick51_stick47_robot1_staplergun1_rpmanipulate,lift,,,0.50,1.00,"","",True,4075.68,0.00,0,0.000,6125.40,29.28,0.00,29.28,,
825,False,,2026-05-29 18:57:35.457,NailingLL,NailingLL_moveToNailPos_NailingML_stick52_stick47_robot1_staplergun1_rpmanipulate,movej,unknown,nailgun,0.30,0.30,"0.249583;0.667084;0.202575;2.221441;-2.221441;0.000000","",True,5375.82,0.00,0,0.000,7406.76,3625.45,0.00,3625.45,,
826,False,,2026-05-29 18:57:42.886,PushDownLL,PushDownLL_pushDown_NailingML_stick52_stick47_robot1_staplergun1_rpmanipulate,lift,,,0.50,1.00,"","",True,1520.73,0.00,0,0.000,3539.10,21.89,0.00,21.89,,
827,False,,2026-05-29 18:57:46.453,LiftLL,LiftLL_liftAfterNail_NailingML_stick52_stick47_robot1_staplergun1_rpmanipulate,lift,,,0.50,1.00,"","",True,4107.92,0.00,0,0.000,6155.05,28.70,0.00,28.70,,
828,False,,2026-05-29 18:57:56.192,NailingLL,NailingLL_moveToNailPos_NailingML_stick52_stick48_robot1_staplergun1_rpmanipulate,movej,unknown,nailgun,0.30,0.30,"0.115350;0.669427;0.202550;2.221441;-2.221441;0.000000","",True,4528.81,0.00,0,0.000,6571.38,3583.63,0.00,3583.63,,
829,False,,2026-05-29 18:58:02.782,PushDownLL,PushDownLL_pushDown_NailingML_stick52_stick48_robot1_staplergun1_rpmanipulate,lift,,,0.50,1.00,"","",True,1654.16,0.00,0,0.000,3674.53,18.43,0.00,18.43,,
830,False,,2026-05-29 18:58:06.476,LiftLL,LiftLL_liftAfterNail_NailingML_stick52_stick48_robot1_staplergun1_rpmanipulate,lift,,,0.50,1.00,"","",True,4078.25,0.00,0,0.000,6123.12,19.02,0.00,19.02,,
831,False,,2026-05-29 18:58:16.320,NailingLL,NailingLL_moveToNailPos_NailingML_stick53_stick48_robot1_staplergun1_rpmanipulate,movej,unknown,nailgun,0.30,0.30,"0.016604;0.764785;0.202575;2.221441;-2.221441;0.000000","",True,4169.50,0.00,0,0.000,6207.23,3721.03,0.00,3721.03,,
832,False,,2026-05-29 18:58:22.556,PushDownLL,PushDownLL_pushDown_NailingML_stick53_stick48_robot1_staplergun1_rpmanipulate,lift,,,0.50,1.00,"","",True,1916.80,0.00,0,0.000,3948.44,29.23,0.00,29.23,,
833,False,,2026-05-29 18:58:26.538,LiftLL,LiftLL_liftAfterNail_NailingML_stick53_stick48_robot1_staplergun1_rpmanipulate,lift,,,0.50,1.00,"","",True,4088.12,0.00,0,0.000,6120.70,33.59,0.00,33.59,,
834,False,,2026-05-29 18:58:35.966,NailingLL,NailingLL_moveToNailPos_NailingML_stick53_stick49_robot1_staplergun1_rpmanipulate,movej,unknown,nailgun,0.30,0.30,"0.014843;0.865684;0.202550;2.221441;-2.221441;0.000000","",True,4546.93,0.00,0,0.000,6594.94,3307.01,0.00,3307.01,,
835,False,,2026-05-29 18:58:42.586,PushDownLL,PushDownLL_pushDown_NailingML_stick53_stick49_robot1_staplergun1_rpmanipulate,lift,,,0.50,1.00,"","",True,1914.95,0.00,0,0.000,3973.31,25.55,0.00,25.55,,
836,False,,2026-05-29 18:58:46.581,LiftLL,LiftLL_liftAfterNail_NailingML_stick53_stick49_robot1_staplergun1_rpmanipulate,lift,,,0.50,1.00,"","",True,4046.99,0.00,0,0.000,6104.93,21.51,0.00,21.51,,
837,False,,2026-05-29 18:58:56.149,NailingLL,NailingLL_moveToNailPos_NailingML_stick54_stick49_robot1_staplergun1_rpmanipulate,movej,unknown,nailgun,0.30,0.30,"-0.078417;0.962257;0.202550;2.221441;-2.221441;0.000000","",True,4359.55,0.00,0,0.000,6383.42,3462.74,0.00,3462.74,,
838,False,,2026-05-29 18:59:02.561,PushDownLL,PushDownLL_pushDown_NailingML_stick54_stick49_robot1_staplergun1_rpmanipulate,lift,,,0.50,1.00,"","",True,1235.08,0.00,0,0.000,3263.01,29.08,0.00,29.08,,
839,False,,2026-05-29 18:59:05.844,LiftLL,LiftLL_liftAfterNail_NailingML_stick54_stick49_robot1_staplergun1_rpmanipulate,lift,,,0.50,1.00,"","",True,4104.24,0.00,0,0.000,6133.18,19.49,0.00,19.49,,
840,False,,2026-05-29 18:59:15.537,NailingLL,NailingLL_moveToNailPos_NailingML_stick54_stick50_robot1_staplergun1_rpmanipulate,movej,unknown,nailgun,0.30,0.30,"-0.212650;0.959914;0.202550;2.221441;-2.221441;0.000000","",True,3971.96,0.00,0,0.000,5987.97,3559.98,0.00,3559.98,,
841,False,,2026-05-29 18:59:21.556,PushDownLL,PushDownLL_pushDown_NailingML_stick54_stick50_robot1_staplergun1_rpmanipulate,lift,,,0.50,1.00,"","",True,1461.72,0.00,0,0.000,3508.46,30.73,0.00,30.73,,
842,False,,2026-05-29 18:59:25.093,LiftLL,LiftLL_liftAfterNail_NailingML_stick54_stick50_robot1_staplergun1_rpmanipulate,lift,,,0.50,1.00,"","",True,4121.08,0.00,0,0.000,6149.62,28.69,0.00,28.69,,
843,False,,2026-05-29 18:59:37.854,MoveToLL,MoveToLL_moveToTarget_TravelML_robot1_rpmanipulate_rptoolchange_dup16,plannedj,rptoolchange,,1.00,1.00,"-0.276143;0.385864;0.086921;-3.141491;-0.002589;-0.000081","2.086106;-1.186673;-2.396030;-1.129490;1.555172;0.503193",True,6095.61,18.91,26,2.411,8315.60,6611.21,0.00,6611.21,,
844,False,,2026-05-29 18:59:46.230,DeequipToolLL,DeequipToolLL_deequipTool_DeequipML_robot1_staplergun1_equiplocstapler_rptoolchange_dup8,play_program,,nailgun,0.50,1.00,"","",True,7759.63,0.00,0,0.000,9799.24,61.14,0.00,61.14,,
845,False,,2026-05-29 18:59:56.079,EquipToolLL,EquipToolLL_equipTool_EquipeML_robot1_gripper1_rptoolchange_equiplocgripper_dup8,play_program,,gripper,0.50,1.00,"","",True,21233.17,0.00,0,0.000,23273.60,49.09,0.00,49.09,,
846,False,,2026-05-29 19:00:23.073,MoveToLL,MoveToLL_moveToTarget_TravelML_robot1_rptoolchange_rppickup_dup8,plannedj,rppickup,,1.00,1.00,"0.607360;-0.274802;0.339901;0.000000;-3.141590;0.000000","-0.128900;-1.540886;-1.932730;-1.238644;1.554514;-1.707900",True,7889.27,229.18,35,3.357,12927.76,3721.13,0.00,3721.13,,
847,False,,2026-05-29 19:00:36.062,MoveToLL,MoveToLL_moveToPickPosition_PickUpML_stick56_initlocstick56_robot1_gripper1_rppickup,plannedl,initlocstick56,,1.00,1.00,"0.599380;-0.283000;-0.009000;0.000000;-3.141590;0.000000","",True,4505.46,43.59,16,1.419,6689.66,60.35,0.00,60.35,,
848,False,,2026-05-29 19:00:42.785,CloseGripperLL,CloseGripperLL_closeGripper_PickUpML_stick56_initlocstick56_robot1_gripper1_rppickup,close_gripper,,,0.50,1.00,"","",True,1756.12,0.00,0,0.000,3787.95,33.40,0.00,33.40,,
849,False,,2026-05-29 19:00:46.604,MoveToLL,MoveToLL_moveToRetract_PickUpML_stick56_initlocstick56_robot1_gripper1_rppickup,plannedl,rppickup,,1.00,1.00,"0.607360;-0.274802;0.339901;0.000000;-3.141590;0.000000","-0.128900;-1.540886;-1.932730;-1.238644;1.554514;-1.707900",True,3904.12,17.26,16,1.401,5994.31,31.69,0.00,31.69,,
850,False,,2026-05-29 19:00:56.483,MoveToLL,MoveToLL_moveToTarget_TravelML_robot1_rppickup_rpmanipulate_dup68,plannedj,rpmanipulate,,1.00,1.00,"0.133776;0.348742;0.490041;0.000000;-3.141590;0.000000","1.656148;-0.959557;-2.051016;-1.701770;1.553554;1.650556",True,11356.10,15.09,51,4.916,13424.65,3884.50,0.00,3884.50,,
851,False,,2026-05-29 19:01:09.966,MoveToLL,MoveToLL_moveToStackPos_StackOnTwoML_stick56_robot1_finallocstick56_rpmanipulate_stick51_stick52_gripper1_layer12_layer13,plannedj,finallocstick56,,1.00,1.00,"0.290380;0.709899;0.200000;0.000000;-3.141590;0.000000","",True,7346.29,12.65,30,2.807,9468.46,58.23,0.00,58.23,,
852,False,,2026-05-29 19:01:19.467,OpenGripperLL,OpenGripperLL_openGripper_StackOnTwoML_stick56_robot1_finallocstick56_rpmanipulate_stick51_stick52_gripper1_layer12_layer13,open_gripper,,,0.50,1.00,"","",True,2015.54,0.00,0,0.000,4063.73,32.76,0.00,32.76,,
853,False,,2026-05-29 19:01:23.549,LiftLL,LiftLL_liftAfterStack_StackOnTwoML_stick56_robot1_finallocstick56_rpmanipulate_stick51_stick52_gripper1_layer12_layer13,lift,,,0.50,1.00,"","",True,3708.26,0.00,0,0.000,5751.78,18.39,0.00,18.39,,
854,False,,2026-05-29 19:01:29.327,MoveToLL,MoveToLL_moveToRobotPos_StackOnTwoML_stick56_robot1_finallocstick56_rpmanipulate_stick51_stick52_gripper1_layer12_layer13,plannedj,rpmanipulate,,1.00,1.00,"0.133776;0.348742;0.490041;0.000000;-3.141590;0.000000","1.656148;-0.959557;-2.051016;-1.701770;1.553554;1.650556",True,6903.07,126.85,30,2.803,9219.89,26.05,0.00,26.05,,
855,False,,2026-05-29 19:01:42.345,MoveToLL,MoveToLL_moveToTarget_TravelML_robot1_rpmanipulate_rppickup_dup62,plannedj,rppickup,,1.00,1.00,"0.607360;-0.274802;0.339901;0.000000;-3.141590;0.000000","-0.128900;-1.540886;-1.932730;-1.238644;1.554514;-1.707900",True,11080.01,122.84,50,4.859,13602.09,3798.11,0.00,3798.11,,
856,False,,2026-05-29 19:01:56.013,MoveToLL,MoveToLL_moveToPickPosition_PickUpML_stick55_initlocstick55_robot1_gripper1_rppickup,plannedl,initlocstick55,,1.00,1.00,"0.599380;-0.283000;-0.009000;0.000000;-3.141590;0.000000","",True,4381.09,40.61,16,1.421,6735.90,66.10,0.00,66.10,,
857,False,,2026-05-29 19:02:02.783,CloseGripperLL,CloseGripperLL_closeGripper_PickUpML_stick55_initlocstick55_robot1_gripper1_rppickup,close_gripper,,,0.50,1.00,"","",True,1798.27,0.00,0,0.000,3833.80,33.72,0.00,33.72,,
858,False,,2026-05-29 19:02:06.647,MoveToLL,MoveToLL_moveToRetract_PickUpML_stick55_initlocstick55_robot1_gripper1_rppickup,plannedl,rppickup,,1.00,1.00,"0.607360;-0.274802;0.339901;0.000000;-3.141590;0.000000","-0.128900;-1.540886;-1.932730;-1.238644;1.554514;-1.707900",True,3835.72,22.04,16,1.401,5972.45,30.44,0.00,30.44,,
859,False,,2026-05-29 19:02:16.359,MoveToLL,MoveToLL_moveToTarget_TravelML_robot1_rppickup_rpmanipulate_dup69,plannedj,rpmanipulate,,1.00,1.00,"0.133776;0.348742;0.490041;0.000000;-3.141590;0.000000","1.656148;-0.959557;-2.051016;-1.701770;1.553554;1.650556",True,11501.95,28.99,51,4.916,13617.66,3739.38,0.00,3739.38,,
860,False,,2026-05-29 19:02:30.025,MoveToLL,MoveToLL_moveToStackPos_StackOnTwoML_stick55_robot1_finallocstick55_rpmanipulate_cube11_stick51_gripper1_layer12_layer13,plannedj,finallocstick55,,1.00,1.00,"0.324117;0.914535;0.201000;0.000000;-3.141590;0.000000","",True,7375.06,17.11,30,2.809,9459.65,48.26,0.00,48.26,,
861,False,,2026-05-29 19:02:39.508,OpenGripperLL,OpenGripperLL_openGripper_StackOnTwoML_stick55_robot1_finallocstick55_rpmanipulate_cube11_stick51_gripper1_layer12_layer13,open_gripper,,,0.50,1.00,"","",True,1956.91,0.00,0,0.000,4047.87,23.22,0.00,23.22,,
862,False,,2026-05-29 19:02:43.579,LiftLL,LiftLL_liftAfterStack_StackOnTwoML_stick55_robot1_finallocstick55_rpmanipulate_cube11_stick51_gripper1_layer12_layer13,lift,,,0.50,1.00,"","",True,3744.16,0.00,0,0.000,5756.96,22.94,0.00,22.94,,
863,False,,2026-05-29 19:02:49.365,MoveToLL,MoveToLL_moveToRobotPos_StackOnTwoML_stick55_robot1_finallocstick55_rpmanipulate_cube11_stick51_gripper1_layer12_layer13,plannedj,rpmanipulate,,1.00,1.00,"0.133776;0.348742;0.490041;0.000000;-3.141590;0.000000","1.656148;-0.959557;-2.051016;-1.701770;1.553554;1.650556",True,6981.58,29.56,30,2.806,9201.50,29.52,0.00,29.52,,
864,False,,2026-05-29 19:03:02.455,MoveToLL,MoveToLL_moveToTarget_TravelML_robot1_rpmanipulate_rppickup_dup63,plannedj,rppickup,,1.00,1.00,"0.607360;-0.274802;0.339901;0.000000;-3.141590;0.000000","-0.128900;-1.540886;-1.932730;-1.238644;1.554514;-1.707900",True,11347.75,28.63,50,4.858,13641.03,3888.79,0.00,3888.79,,
865,False,,2026-05-29 19:03:16.148,MoveToLL,MoveToLL_moveToPickPosition_PickUpML_stick59_initlocstick59_robot1_gripper1_rppickup,plannedl,initlocstick59,,1.00,1.00,"0.599380;-0.283000;-0.009000;0.000000;-3.141590;0.000000","",True,4471.48,41.00,16,1.421,6643.54,51.17,0.00,51.17,,
866,False,,2026-05-29 19:03:22.826,CloseGripperLL,CloseGripperLL_closeGripper_PickUpML_stick59_initlocstick59_robot1_gripper1_rppickup,close_gripper,,,0.50,1.00,"","",True,1772.31,0.00,0,0.000,3802.14,35.28,0.00,35.28,,
867,False,,2026-05-29 19:03:26.651,MoveToLL,MoveToLL_moveToRetract_PickUpML_stick59_initlocstick59_robot1_gripper1_rppickup,plannedl,rppickup,,1.00,1.00,"0.607360;-0.274802;0.339901;0.000000;-3.141590;0.000000","-0.128900;-1.540886;-1.932730;-1.238644;1.554514;-1.707900",True,3927.61,13.74,16,1.401,6016.06,22.12,0.00,22.12,,
868,False,,2026-05-29 19:03:36.260,MoveToLL,MoveToLL_moveToTarget_TravelML_robot1_rppickup_rpmanipulate_dup70,plannedj,rpmanipulate,,1.00,1.00,"0.133776;0.348742;0.490041;0.000000;-3.141590;0.000000","1.656148;-0.959557;-2.051016;-1.701770;1.553554;1.650556",True,11635.50,16.06,51,4.916,13744.19,3593.39,0.00,3593.39,,
869,False,,2026-05-29 19:03:50.062,MoveToLL,MoveToLL_moveToStackPos_StackOnTwoML_stick59_robot1_finallocstick59_rpmanipulate_cube12_stick54_gripper1_layer12_layer13,plannedj,finallocstick59,,1.00,1.00,"-0.241316;0.935320;0.200000;0.000000;-3.141590;0.000000","",True,5722.41,17.61,22,2.022,7812.35,57.35,0.00,57.35,,
870,False,,2026-05-29 19:03:57.901,OpenGripperLL,OpenGripperLL_openGripper_StackOnTwoML_stick59_robot1_finallocstick59_rpmanipulate_cube12_stick54_gripper1_layer12_layer13,open_gripper,,,0.50,1.00,"","",True,2100.61,0.00,0,0.000,4123.12,27.01,0.00,27.01,,
871,False,,2026-05-29 19:04:02.046,LiftLL,LiftLL_liftAfterStack_StackOnTwoML_stick59_robot1_finallocstick59_rpmanipulate_cube12_stick54_gripper1_layer12_layer13,lift,,,0.50,1.00,"","",True,3669.10,0.00,0,0.000,5715.13,21.62,0.00,21.62,,
872,False,,2026-05-29 19:04:07.788,MoveToLL,MoveToLL_moveToRobotPos_StackOnTwoML_stick59_robot1_finallocstick59_rpmanipulate_cube12_stick54_gripper1_layer12_layer13,plannedj,rpmanipulate,,1.00,1.00,"0.133776;0.348742;0.490041;0.000000;-3.141590;0.000000","1.656148;-0.959557;-2.051016;-1.701770;1.553554;1.650556",True,5433.69,23.11,22,2.019,7613.44,27.30,0.00,27.30,,
873,False,,2026-05-29 19:04:18.899,MoveToLL,MoveToLL_moveToTarget_TravelML_robot1_rpmanipulate_rppickup_dup64,plannedj,rppickup,,1.00,1.00,"0.607360;-0.274802;0.339901;0.000000;-3.141590;0.000000","-0.128900;-1.540886;-1.932730;-1.238644;1.554514;-1.707900",True,11041.28,14.52,50,4.859,13130.36,3497.39,0.00,3497.39,,
874,False,,2026-05-29 19:04:32.087,MoveToLL,MoveToLL_moveToPickPosition_PickUpML_stick60_initlocstick60_robot1_gripper1_rppickup,plannedl,initlocstick60,,1.00,1.00,"0.599380;-0.283000;-0.009000;0.000000;-3.141590;0.000000","",True,3885.66,13.71,16,1.421,5968.58,57.86,0.00,57.86,,
875,False,,2026-05-29 19:04:38.083,CloseGripperLL,CloseGripperLL_closeGripper_PickUpML_stick60_initlocstick60_robot1_gripper1_rppickup,close_gripper,,,0.50,1.00,"","",True,1789.80,0.00,0,0.000,3824.52,27.02,0.00,27.02,,
876,False,,2026-05-29 19:04:41.938,MoveToLL,MoveToLL_moveToRetract_PickUpML_stick60_initlocstick60_robot1_gripper1_rppickup,plannedl,rppickup,,1.00,1.00,"0.607360;-0.274802;0.339901;0.000000;-3.141590;0.000000","-0.128900;-1.540886;-1.932730;-1.238644;1.554514;-1.707900",True,3863.29,14.48,16,1.400,5984.67,30.16,0.00,30.16,,
877,False,,2026-05-29 19:04:51.891,MoveToLL,MoveToLL_moveToTarget_TravelML_robot1_rppickup_rpmanipulate_dup71,plannedj,rpmanipulate,,1.00,1.00,"0.133776;0.348742;0.490041;0.000000;-3.141590;0.000000","1.656148;-0.959557;-2.051016;-1.701770;1.553554;1.650556",True,11245.48,15.35,51,4.916,13329.25,3969.21,0.00,3969.21,,
878,False,,2026-05-29 19:05:05.276,MoveToLL,MoveToLL_moveToStackPos_StackOnTwoML_stick60_robot1_finallocstick60_rpmanipulate_stick56_stick55_gripper1_layer13_layer14,plannedj,finallocstick60,,1.00,1.00,"0.343365;0.816169;0.218500;0.000000;-3.141590;0.000000","",True,7781.80,17.01,30,2.862,9866.62,55.02,0.00,55.02,,
879,False,,2026-05-29 19:05:15.166,OpenGripperLL,OpenGripperLL_openGripper_StackOnTwoML_stick60_robot1_finallocstick60_rpmanipulate_stick56_stick55_gripper1_layer13_layer14,open_gripper,,,0.50,1.00,"","",True,1610.07,0.00,0,0.000,3638.71,23.20,0.00,23.20,,
880,False,,2026-05-29 19:05:18.832,LiftLL,LiftLL_liftAfterStack_StackOnTwoML_stick60_robot1_finallocstick60_rpmanipulate_stick56_stick55_gripper1_layer13_layer14,lift,,,0.50,1.00,"","",True,3717.94,0.00,0,0.000,5748.42,27.61,0.00,27.61,,
881,False,,2026-05-29 19:05:24.599,MoveToLL,MoveToLL_moveToRobotPos_StackOnTwoML_stick60_robot1_finallocstick60_rpmanipulate_stick56_stick55_gripper1_layer13_layer14,plannedj,rpmanipulate,,1.00,1.00,"0.133776;0.348742;0.490041;0.000000;-3.141590;0.000000","1.656148;-0.959557;-2.051016;-1.701770;1.553554;1.650556",True,7437.08,41.67,30,2.859,9629.00,18.92,0.00,18.92,,
882,False,,2026-05-29 19:05:37.815,MoveToLL,MoveToLL_moveToTarget_TravelML_robot1_rpmanipulate_rppickup_dup65,plannedj,rppickup,,1.00,1.00,"0.607360;-0.274802;0.339901;0.000000;-3.141590;0.000000","-0.128900;-1.540886;-1.932730;-1.238644;1.554514;-1.707900",True,11206.24,26.75,50,4.860,13351.95,3586.64,0.00,3586.64,,
883,False,,2026-05-29 19:05:51.200,MoveToLL,MoveToLL_moveToPickPosition_PickUpML_stick57_initlocstick57_robot1_gripper1_rppickup,plannedl,initlocstick57,,1.00,1.00,"0.599380;-0.283000;-0.009000;0.000000;-3.141590;0.000000","",True,3888.65,26.96,16,1.421,6019.65,33.26,0.00,33.26,,
884,False,,2026-05-29 19:05:57.250,CloseGripperLL,CloseGripperLL_closeGripper_PickUpML_stick57_initlocstick57_robot1_gripper1_rppickup,close_gripper,,,0.50,1.00,"","",True,1777.05,0.00,0,0.000,3809.03,29.91,0.00,29.91,,
885,False,,2026-05-29 19:06:01.082,MoveToLL,MoveToLL_moveToRetract_PickUpML_stick57_initlocstick57_robot1_gripper1_rppickup,plannedl,rppickup,,1.00,1.00,"0.607360;-0.274802;0.339901;0.000000;-3.141590;0.000000","-0.128900;-1.540886;-1.932730;-1.238644;1.554514;-1.707900",True,3850.59,18.90,16,1.400,6029.21,23.20,0.00,23.20,,
886,False,,2026-05-29 19:06:10.878,MoveToLL,MoveToLL_moveToTarget_TravelML_robot1_rppickup_rpmanipulate_dup72,plannedj,rpmanipulate,,1.00,1.00,"0.133776;0.348742;0.490041;0.000000;-3.141590;0.000000","1.656148;-0.959557;-2.051016;-1.701770;1.553554;1.650556",True,11427.96,17.56,51,4.916,13517.38,3767.21,0.00,3767.21,,
887,False,,2026-05-29 19:06:24.460,MoveToLL,MoveToLL_moveToStackPos_StackOnTwoML_stick57_robot1_finallocstick57_rpmanipulate_stick52_stick53_gripper1_layer12_layer13,plannedj,finallocstick57,,1.00,1.00,"0.061592;0.721889;0.200000;0.000000;-3.141590;0.000000","",True,6325.36,37.94,25,2.387,8599.35,64.03,0.00,64.03,,
888,False,,2026-05-29 19:06:33.094,OpenGripperLL,OpenGripperLL_openGripper_StackOnTwoML_stick57_robot1_finallocstick57_rpmanipulate_stick52_stick53_gripper1_layer12_layer13,open_gripper,,,0.50,1.00,"","",True,2096.60,0.00,0,0.000,4139.20,35.17,0.00,35.17,,
889,False,,2026-05-29 19:06:37.269,LiftLL,LiftLL_liftAfterStack_StackOnTwoML_stick57_robot1_finallocstick57_rpmanipulate_stick52_stick53_gripper1_layer12_layer13,lift,,,0.50,1.00,"","",True,3700.92,0.00,0,0.000,5733.10,35.75,0.00,35.75,,
890,False,,2026-05-29 19:06:43.027,MoveToLL,MoveToLL_moveToRobotPos_StackOnTwoML_stick57_robot1_finallocstick57_rpmanipulate_stick52_stick53_gripper1_layer12_layer13,plannedj,rpmanipulate,,1.00,1.00,"0.133776;0.348742;0.490041;0.000000;-3.141590;0.000000","1.656148;-0.959557;-2.051016;-1.701770;1.553554;1.650556",True,6272.19,13.83,25,2.384,8364.57,24.91,0.00,24.91,,
891,False,,2026-05-29 19:06:55.129,MoveToLL,MoveToLL_moveToTarget_TravelML_robot1_rpmanipulate_rppickup_dup66,plannedj,rppickup,,1.00,1.00,"0.607360;-0.274802;0.339901;0.000000;-3.141590;0.000000","-0.128900;-1.540886;-1.932730;-1.238644;1.554514;-1.707900",True,11519.98,58.35,50,4.860,13734.84,3737.73,0.00,3737.73,,
892,False,,2026-05-29 19:07:08.923,MoveToLL,MoveToLL_moveToPickPosition_PickUpML_stick58_initlocstick58_robot1_gripper1_rppickup,plannedl,initlocstick58,,1.00,1.00,"0.599380;-0.283000;-0.009000;0.000000;-3.141590;0.000000","",True,3878.46,14.95,16,1.421,5974.95,58.52,0.00,58.52,,
893,False,,2026-05-29 19:07:14.924,CloseGripperLL,CloseGripperLL_closeGripper_PickUpML_stick58_initlocstick58_robot1_gripper1_rppickup,close_gripper,,,0.50,1.00,"","",True,1789.24,0.00,0,0.000,3820.74,25.86,0.00,25.86,,
894,False,,2026-05-29 19:07:18.774,MoveToLL,MoveToLL_moveToRetract_PickUpML_stick58_initlocstick58_robot1_gripper1_rppickup,plannedl,rppickup,,1.00,1.00,"0.607360;-0.274802;0.339901;0.000000;-3.141590;0.000000","-0.128900;-1.540886;-1.932730;-1.238644;1.554514;-1.707900",True,3900.32,26.30,16,1.400,5994.22,29.26,0.00,29.26,,
895,False,,2026-05-29 19:07:28.681,MoveToLL,MoveToLL_moveToTarget_TravelML_robot1_rppickup_rpmanipulate_dup73,plannedj,rpmanipulate,,1.00,1.00,"0.133776;0.348742;0.490041;0.000000;-3.141590;0.000000","1.656148;-0.959557;-2.051016;-1.701770;1.553554;1.650556",True,11344.80,16.82,51,4.916,13434.92,3913.60,0.00,3913.60,,
896,False,,2026-05-29 19:07:42.177,MoveToLL,MoveToLL_moveToStackPos_StackOnTwoML_stick58_robot1_finallocstick58_rpmanipulate_stick53_stick54_gripper1_layer12_layer13,plannedj,finallocstick58,,1.00,1.00,"-0.037620;0.919442;0.200000;0.000000;-3.141590;0.000000","",True,6283.66,14.21,24,2.290,8368.69,60.24,0.00,60.24,,
897,False,,2026-05-29 19:07:50.573,OpenGripperLL,OpenGripperLL_openGripper_StackOnTwoML_stick58_robot1_finallocstick58_rpmanipulate_stick53_stick54_gripper1_layer12_layer13,open_gripper,,,0.50,1.00,"","",True,2291.58,0.00,0,0.000,4331.36,27.35,0.00,27.35,,
898,False,,2026-05-29 19:07:54.931,LiftLL,LiftLL_liftAfterStack_StackOnTwoML_stick58_robot1_finallocstick58_rpmanipulate_stick53_stick54_gripper1_layer12_layer13,lift,,,0.50,1.00,"","",True,3651.17,0.00,0,0.000,5764.85,26.49,0.00,26.49,,
899,False,,2026-05-29 19:08:00.723,MoveToLL,MoveToLL_moveToRobotPos_StackOnTwoML_stick58_robot1_finallocstick58_rpmanipulate_stick53_stick54_gripper1_layer12_layer13,plannedj,rpmanipulate,,1.00,1.00,"0.133776;0.348742;0.490041;0.000000;-3.141590;0.000000","1.656148;-0.959557;-2.051016;-1.701770;1.553554;1.650556",True,6104.48,24.47,24,2.288,8227.80,27.52,0.00,27.52,,
900,False,,2026-05-29 19:08:12.487,MoveToLL,MoveToLL_moveToTarget_TravelML_robot1_rpmanipulate_rppickup_dup67,plannedj,rppickup,,1.00,1.00,"0.607360;-0.274802;0.339901;0.000000;-3.141590;0.000000","-0.128900;-1.540886;-1.932730;-1.238644;1.554514;-1.707900",True,11162.70,15.09,50,4.858,13272.07,3536.16,0.00,3536.16,,
901,False,,2026-05-29 19:08:25.824,MoveToLL,MoveToLL_moveToPickPosition_PickUpML_stick62_initlocstick62_robot1_gripper1_rppickup,plannedl,initlocstick62,,1.00,1.00,"0.599380;-0.283000;-0.009000;0.000000;-3.141590;0.000000","",True,3873.85,15.40,16,1.421,5938.71,64.64,0.00,64.64,,
902,False,,2026-05-29 19:08:31.792,CloseGripperLL,CloseGripperLL_closeGripper_PickUpML_stick62_initlocstick62_robot1_gripper1_rppickup,close_gripper,,,0.50,1.00,"","",True,1791.13,0.00,0,0.000,3839.45,29.75,0.00,29.75,,
903,False,,2026-05-29 19:08:35.648,MoveToLL,MoveToLL_moveToRetract_PickUpML_stick62_initlocstick62_robot1_gripper1_rppickup,plannedl,rppickup,,1.00,1.00,"0.607360;-0.274802;0.339901;0.000000;-3.141590;0.000000","-0.128900;-1.540886;-1.932730;-1.238644;1.554514;-1.707900",True,3914.36,15.00,16,1.400,5990.52,16.70,0.00,16.70,,
904,False,,2026-05-29 19:08:45.453,MoveToLL,MoveToLL_moveToTarget_TravelML_robot1_rppickup_rpmanipulate_dup74,plannedj,rpmanipulate,,1.00,1.00,"0.133776;0.348742;0.490041;0.000000;-3.141590;0.000000","1.656148;-0.959557;-2.051016;-1.701770;1.553554;1.650556",True,11415.32,14.57,51,4.916,13528.22,3814.45,0.00,3814.45,,
905,False,,2026-05-29 19:08:59.045,MoveToLL,MoveToLL_moveToStackPos_StackOnTwoML_stick62_robot1_finallocstick62_rpmanipulate_stick58_stick57_gripper1_layer13_layer14,plannedj,finallocstick62,,1.00,1.00,"0.015365;0.813172;0.217500;0.000000;-3.141590;0.000000","",True,6237.95,84.58,25,2.335,8454.86,63.14,0.00,63.14,,
906,False,,2026-05-29 19:09:07.524,OpenGripperLL,OpenGripperLL_openGripper_StackOnTwoML_stick62_robot1_finallocstick62_rpmanipulate_stick58_stick57_gripper1_layer13_layer14,open_gripper,,,0.50,1.00,"","",True,2221.18,0.00,0,0.000,4250.02,24.84,0.00,24.84,,
907,False,,2026-05-29 19:09:11.808,LiftLL,LiftLL_liftAfterStack_StackOnTwoML_stick62_robot1_finallocstick62_rpmanipulate_stick58_stick57_gripper1_layer13_layer14,lift,,,0.50,1.00,"","",True,3701.96,0.00,0,0.000,5744.45,34.18,0.00,34.18,,
908,False,,2026-05-29 19:09:17.572,MoveToLL,MoveToLL_moveToRobotPos_StackOnTwoML_stick62_robot1_finallocstick62_rpmanipulate_stick58_stick57_gripper1_layer13_layer14,plannedj,rpmanipulate,,1.00,1.00,"0.133776;0.348742;0.490041;0.000000;-3.141590;0.000000","1.656148;-0.959557;-2.051016;-1.701770;1.553554;1.650556",True,6166.56,14.03,25,2.332,8247.46,19.22,0.00,19.22,,
909,False,,2026-05-29 19:09:29.842,MoveToLL,MoveToLL_moveToTarget_TravelML_robot1_rpmanipulate_rppickup_dup68,plannedj,rppickup,,1.00,1.00,"0.607360;-0.274802;0.339901;0.000000;-3.141590;0.000000","-0.128900;-1.540886;-1.932730;-1.238644;1.554514;-1.707900",True,11231.25,262.98,50,4.859,13614.40,4022.15,0.00,4022.15,,
910,False,,2026-05-29 19:09:43.508,MoveToLL,MoveToLL_moveToPickPosition_PickUpML_stick61_initlocstick61_robot1_gripper1_rppickup,plannedl,initlocstick61,,1.00,1.00,"0.599380;-0.283000;-0.009000;0.000000;-3.141590;0.000000","",True,4565.37,61.15,16,1.421,6792.01,51.59,0.00,51.59,,
911,False,,2026-05-29 19:09:50.319,CloseGripperLL,CloseGripperLL_closeGripper_PickUpML_stick61_initlocstick61_robot1_gripper1_rppickup,close_gripper,,,0.50,1.00,"","",True,1743.03,0.00,0,0.000,3760.47,19.59,0.00,19.59,,
912,False,,2026-05-29 19:09:54.112,MoveToLL,MoveToLL_moveToRetract_PickUpML_stick61_initlocstick61_robot1_gripper1_rppickup,plannedl,rppickup,,1.00,1.00,"0.607360;-0.274802;0.339901;0.000000;-3.141590;0.000000","-0.128900;-1.540886;-1.932730;-1.238644;1.554514;-1.707900",True,3898.02,16.03,16,1.401,5972.78,32.03,0.00,32.03,,
913,False,,2026-05-29 19:10:04.073,MoveToLL,MoveToLL_moveToTarget_TravelML_robot1_rppickup_rpmanipulate_dup75,plannedj,rpmanipulate,,1.00,1.00,"0.133776;0.348742;0.490041;0.000000;-3.141590;0.000000","1.656148;-0.959557;-2.051016;-1.701770;1.553554;1.650556",True,11229.99,18.22,51,4.916,13347.64,3988.12,0.00,3988.12,,
914,False,,2026-05-29 19:10:17.473,MoveToLL,MoveToLL_moveToStackPos_StackOnTwoML_stick61_robot1_finallocstick61_rpmanipulate_stick56_stick57_gripper1_layer13_layer14,plannedj,finallocstick61,,1.00,1.00,"0.167862;0.668905;0.217500;0.000000;-3.141590;0.000000","",True,6897.01,14.24,27,2.582,8963.82,52.39,0.00,52.39,,
915,False,,2026-05-29 19:10:26.457,OpenGripperLL,OpenGripperLL_openGripper_StackOnTwoML_stick61_robot1_finallocstick61_rpmanipulate_stick56_stick57_gripper1_layer13_layer14,open_gripper,,,0.50,1.00,"","",True,1794.65,0.00,0,0.000,3844.49,20.57,0.00,20.57,,
916,False,,2026-05-29 19:10:30.335,LiftLL,LiftLL_liftAfterStack_StackOnTwoML_stick61_robot1_finallocstick61_rpmanipulate_stick56_stick57_gripper1_layer13_layer14,lift,,,0.50,1.00,"","",True,3611.83,0.00,0,0.000,5656.02,32.93,0.00,32.93,,
917,False,,2026-05-29 19:10:36.006,MoveToLL,MoveToLL_moveToRobotPos_StackOnTwoML_stick61_robot1_finallocstick61_rpmanipulate_stick56_stick57_gripper1_layer13_layer14,plannedj,rpmanipulate,,1.00,1.00,"0.133776;0.348742;0.490041;0.000000;-3.141590;0.000000","1.656148;-0.959557;-2.051016;-1.701770;1.553554;1.650556",True,6645.51,36.00,27,2.579,8765.09,15.58,0.00,15.58,,
918,False,,2026-05-29 19:10:48.361,MoveToLL,MoveToLL_moveToTarget_TravelML_robot1_rpmanipulate_rppickup_dup69,plannedj,rppickup,,1.00,1.00,"0.607360;-0.274802;0.339901;0.000000;-3.141590;0.000000","-0.128900;-1.540886;-1.932730;-1.238644;1.554514;-1.707900",True,11171.09,108.53,50,4.859,13494.49,3589.28,0.00,3589.28,,
919,False,,2026-05-29 19:11:01.910,MoveToLL,MoveToLL_moveToPickPosition_PickUpML_cube14_initloccube14_robot1_gripper1_rppickup,plannedl,initloccube14,,1.00,1.00,"0.599380;-0.283000;-0.009000;0.000000;-3.141590;0.000000","",True,4464.29,63.63,16,1.421,6742.29,54.78,0.00,54.78,,
920,False,,2026-05-29 19:11:08.677,CloseGripperLL,CloseGripperLL_closeGripper_PickUpML_cube14_initloccube14_robot1_gripper1_rppickup,close_gripper,,,0.50,1.00,"","",True,1797.14,0.00,0,0.000,3812.08,25.20,0.00,25.20,,
921,False,,2026-05-29 19:11:12.517,MoveToLL,MoveToLL_moveToRetract_PickUpML_cube14_initloccube14_robot1_gripper1_rppickup,plannedl,rppickup,,1.00,1.00,"0.607360;-0.274802;0.339901;0.000000;-3.141590;0.000000","-0.128900;-1.540886;-1.932730;-1.238644;1.554514;-1.707900",True,3931.48,14.99,16,1.400,6013.75,27.83,0.00,27.83,,
922,False,,2026-05-29 19:11:22.256,MoveToLL,MoveToLL_moveToTarget_TravelML_robot1_rppickup_rpmanipulate_dup76,plannedj,rpmanipulate,,1.00,1.00,"0.133776;0.348742;0.490041;0.000000;-3.141590;0.000000","1.656148;-0.959557;-2.051016;-1.701770;1.553554;1.650556",True,11452.16,15.29,51,4.916,13571.90,3724.63,0.00,3724.63,,
923,False,,2026-05-29 19:11:35.884,MoveToLL,MoveToLL_moveToStackPos_StackML_cube14_stick59_robot1_gripper1_finalloccube14_rpmanipulate,plannedj,finalloccube14,,1.00,1.00,"-0.276934;0.895761;0.217500;0.000000;-3.141590;0.000000","",True,5625.12,19.83,21,1.952,7729.32,56.85,0.00,56.85,,
924,False,,2026-05-29 19:11:43.646,OpenGripperLL,OpenGripperLL_openGripper_StackML_cube14_stick59_robot1_gripper1_finalloccube14_rpmanipulate,open_gripper,,,0.50,1.00,"","",True,2178.97,0.00,0,0.000,4204.24,32.85,0.00,32.85,,
925,False,,2026-05-29 19:11:47.876,LiftLL,LiftLL_liftAfterStack_StackML_cube14_stick59_robot1_gripper1_finalloccube14_rpmanipulate,lift,,,0.50,1.00,"","",True,3826.91,0.00,0,0.000,5860.25,25.73,0.00,25.73,,
926,False,,2026-05-29 19:11:53.755,MoveToLL,MoveToLL_moveToRobotPosition_StackML_cube14_stick59_robot1_gripper1_finalloccube14_rpmanipulate,plannedj,rpmanipulate,,1.00,1.00,"0.133776;0.348742;0.490041;0.000000;-3.141590;0.000000","1.656148;-0.959557;-2.051016;-1.701770;1.553554;1.650556",True,5281.45,15.73,21,1.951,7354.84,18.17,0.00,18.17,,
927,False,,2026-05-29 19:12:04.821,MoveToLL,MoveToLL_moveToTarget_TravelML_robot1_rpmanipulate_rppickup_dup70,plannedj,rppickup,,1.00,1.00,"0.607360;-0.274802;0.339901;0.000000;-3.141590;0.000000","-0.128900;-1.540886;-1.932730;-1.238644;1.554514;-1.707900",True,11614.26,57.25,50,4.859,13877.23,3711.55,0.00,3711.55,,
928,False,,2026-05-29 19:12:18.774,MoveToLL,MoveToLL_moveToPickPosition_PickUpML_cube13_initloccube13_robot1_gripper1_rppickup,plannedl,initloccube13,,1.00,1.00,"0.599380;-0.283000;-0.009000;0.000000;-3.141590;0.000000","",True,3896.11,14.38,16,1.421,6065.60,75.63,0.00,75.63,,
929,False,,2026-05-29 19:12:24.874,CloseGripperLL,CloseGripperLL_closeGripper_PickUpML_cube13_initloccube13_robot1_gripper1_rppickup,close_gripper,,,0.50,1.00,"","",True,1667.60,0.00,0,0.000,3703.07,34.14,0.00,34.14,,
930,False,,2026-05-29 19:12:28.609,MoveToLL,MoveToLL_moveToRetract_PickUpML_cube13_initloccube13_robot1_gripper1_rppickup,plannedl,rppickup,,1.00,1.00,"0.607360;-0.274802;0.339901;0.000000;-3.141590;0.000000","-0.128900;-1.540886;-1.932730;-1.238644;1.554514;-1.707900",True,3967.87,14.78,16,1.400,6037.53,31.70,0.00,31.70,,
931,False,,2026-05-29 19:12:38.524,MoveToLL,MoveToLL_moveToTarget_TravelML_robot1_rppickup_rpmanipulate_dup77,plannedj,rpmanipulate,,1.00,1.00,"0.133776;0.348742;0.490041;0.000000;-3.141590;0.000000","1.656148;-0.959557;-2.051016;-1.701770;1.553554;1.650556",True,11289.97,16.61,51,4.916,13394.29,3877.68,0.00,3877.68,,
932,False,,2026-05-29 19:12:51.981,MoveToLL,MoveToLL_moveToStackPos_StackML_cube13_stick55_robot1_gripper1_finalloccube13_rpmanipulate,plannedj,finalloccube13,,1.00,1.00,"0.295412;0.946416;0.218500;0.000000;-3.141590;0.000000","",True,7300.19,15.87,29,2.763,9372.29,62.60,0.00,62.60,,
933,False,,2026-05-29 19:13:01.374,OpenGripperLL,OpenGripperLL_openGripper_StackML_cube13_stick55_robot1_gripper1_finalloccube13_rpmanipulate,open_gripper,,,0.50,1.00,"","",True,2143.35,0.00,0,0.000,4164.52,20.99,0.00,20.99,,
934,False,,2026-05-29 19:13:05.567,LiftLL,LiftLL_liftAfterStack_StackML_cube13_stick55_robot1_gripper1_finalloccube13_rpmanipulate,lift,,,0.50,1.00,"","",True,3700.60,0.00,0,0.000,5746.87,28.77,0.00,28.77,,
935,False,,2026-05-29 19:13:11.324,MoveToLL,MoveToLL_moveToRobotPosition_StackML_cube13_stick55_robot1_gripper1_finalloccube13_rpmanipulate,plannedj,rpmanipulate,,1.00,1.00,"0.133776;0.348742;0.490041;0.000000;-3.141590;0.000000","1.656148;-0.959557;-2.051016;-1.701770;1.553554;1.650556",True,7061.57,12.50,29,2.760,9152.73,10.14,0.00,10.14,,
936,False,,2026-05-29 19:13:24.053,MoveToLL,MoveToLL_moveToTarget_TravelML_robot1_rpmanipulate_rppickup_dup71,plannedj,rppickup,,1.00,1.00,"0.607360;-0.274802;0.339901;0.000000;-3.141590;0.000000","-0.128900;-1.540886;-1.932730;-1.238644;1.554514;-1.707900",True,11048.09,30.09,50,4.860,13196.89,3576.40,0.00,3576.40,,
937,False,,2026-05-29 19:13:37.288,MoveToLL,MoveToLL_moveToPickPosition_PickUpML_stick63_initlocstick63_robot1_gripper1_rppickup,plannedl,initlocstick63,,1.00,1.00,"0.599380;-0.283000;-0.009000;0.000000;-3.141590;0.000000","",True,4568.04,26.96,16,1.421,6708.71,37.56,0.00,37.56,,
938,False,,2026-05-29 19:13:44.014,CloseGripperLL,CloseGripperLL_closeGripper_PickUpML_stick63_initlocstick63_robot1_gripper1_rppickup,close_gripper,,,0.50,1.00,"","",True,1763.59,0.00,0,0.000,3791.10,17.37,0.00,17.37,,
939,False,,2026-05-29 19:13:47.821,MoveToLL,MoveToLL_moveToRetract_PickUpML_stick63_initlocstick63_robot1_gripper1_rppickup,plannedl,rppickup,,1.00,1.00,"0.607360;-0.274802;0.339901;0.000000;-3.141590;0.000000","-0.128900;-1.540886;-1.932730;-1.238644;1.554514;-1.707900",True,3908.07,24.05,16,1.400,6014.55,15.82,0.00,15.82,,
940,False,,2026-05-29 19:13:57.773,MoveToLL,MoveToLL_moveToTarget_TravelML_robot1_rppickup_rpmanipulate_dup78,plannedj,rpmanipulate,,1.00,1.00,"0.133776;0.348742;0.490041;0.000000;-3.141590;0.000000","1.656148;-0.959557;-2.051016;-1.701770;1.553554;1.650556",True,11656.78,96.65,51,4.916,14175.19,3937.94,0.00,3937.94,,
941,False,,2026-05-29 19:14:12.011,MoveToLL,MoveToLL_moveToStackPos_StackOnTwoML_stick63_robot1_finallocstick63_rpmanipulate_stick59_stick58_gripper1_layer13_layer14,plannedj,finallocstick63,,1.00,1.00,"-0.160138;0.960436;0.217500;0.000000;-3.141590;0.000000","",True,5974.53,32.57,23,2.139,8077.90,62.25,0.00,62.25,,
942,False,,2026-05-29 19:14:20.117,OpenGripperLL,OpenGripperLL_openGripper_StackOnTwoML_stick63_robot1_finallocstick63_rpmanipulate_stick59_stick58_gripper1_layer13_layer14,open_gripper,,,0.50,1.00,"","",True,1819.52,0.00,0,0.000,3852.79,27.88,0.00,27.88,,
943,False,,2026-05-29 19:14:24.001,LiftLL,LiftLL_liftAfterStack_StackOnTwoML_stick63_robot1_finallocstick63_rpmanipulate_stick59_stick58_gripper1_layer13_layer14,lift,,,0.50,1.00,"","",True,3629.46,0.00,0,0.000,5737.16,31.22,0.00,31.22,,
944,False,,2026-05-29 19:14:29.760,MoveToLL,MoveToLL_moveToRobotPos_StackOnTwoML_stick63_robot1_finallocstick63_rpmanipulate_stick59_stick58_gripper1_layer13_layer14,plannedj,rpmanipulate,,1.00,1.00,"0.133776;0.348742;0.490041;0.000000;-3.141590;0.000000","1.656148;-0.959557;-2.051016;-1.701770;1.553554;1.650556",True,5803.18,13.71,23,2.137,7877.47,22.67,0.00,22.67,,
945,False,,2026-05-29 19:14:41.279,MoveToLL,MoveToLL_moveToTarget_TravelML_robot1_rpmanipulate_rptoolchange_dup17,plannedj,rptoolchange,,1.00,1.00,"-0.276143;0.385864;0.086921;-3.141491;-0.002589;-0.000081","2.086106;-1.186673;-2.396030;-1.129490;1.555172;0.503193",True,5456.20,13.43,21,1.927,7534.32,3641.31,0.00,3641.31,,
946,False,,2026-05-29 19:14:48.869,DeequipToolLL,DeequipToolLL_deequipTool_DeequipML_robot1_gripper1_equiplocgripper_rptoolchange_dup9,play_program,,gripper,0.50,1.00,"","",True,21579.15,0.00,0,0.000,23601.55,55.53,0.00,55.53,,
947,False,,2026-05-29 19:15:12.526,EquipToolLL,EquipToolLL_equipTool_EquipeML_robot1_staplergun1_rptoolchange_equiplocstapler_dup9,play_program,,nailgun,0.50,1.00,"","",True,10349.66,0.00,0,0.000,12384.30,55.26,0.00,55.26,,
948,False,,2026-05-29 19:15:28.594,MoveToLL,MoveToLL_moveToTarget_TravelML_robot1_rptoolchange_rpmanipulate_dup9,plannedj,rpmanipulate,,1.00,1.00,"0.133776;0.348742;0.490041;0.000000;-3.141590;0.000000","1.656148;-0.959557;-2.051016;-1.701770;1.553554;1.650556",True,5194.85,31.16,21,1.941,9908.47,3683.38,0.00,3683.38,,
949,False,,2026-05-29 19:15:38.641,NailingLL,NailingLL_moveToNailPos_NailingML_cube13_stick55_robot1_staplergun1_rpmanipulate,movej,unknown,nailgun,0.30,0.30,"0.295412;0.946416;0.238550;2.221441;-2.221441;0.000000","",True,9943.54,0.00,0,0.000,11972.42,139.05,0.00,139.05,,
950,False,,2026-05-29 19:15:50.639,PushDownLL,PushDownLL_pushDown_NailingML_cube13_stick55_robot1_staplergun1_rpmanipulate,lift,,,0.50,1.00,"","",True,1940.72,0.00,0,0.000,3993.89,25.94,0.00,25.94,,
951,False,,2026-05-29 19:15:54.663,LiftLL,LiftLL_liftAfterNail_NailingML_cube13_stick55_robot1_staplergun1_rpmanipulate,lift,,,0.50,1.00,"","",True,4066.21,0.00,0,0.000,6113.16,30.11,0.00,30.11,,
952,False,,2026-05-29 19:16:04.178,NailingLL,NailingLL_moveToNailPos_NailingML_cube14_stick59_robot1_staplergun1_rpmanipulate,movej,unknown,nailgun,0.30,0.30,"-0.275017;0.897891;0.237575;2.221441;-2.221441;0.000000","",True,7728.94,0.00,0,0.000,9773.56,3401.07,0.00,3401.07,,
953,False,,2026-05-29 19:16:13.970,PushDownLL,PushDownLL_pushDown_NailingML_cube14_stick59_robot1_staplergun1_rpmanipulate,lift,,,0.50,1.00,"","",True,1642.16,0.00,0,0.000,3702.43,18.92,0.00,18.92,,
954,False,,2026-05-29 19:16:17.704,LiftLL,LiftLL_liftAfterNail_NailingML_cube14_stick59_robot1_staplergun1_rpmanipulate,lift,,,0.50,1.00,"","",True,4101.18,0.00,0,0.000,6131.73,31.45,0.00,31.45,,
955,False,,2026-05-29 19:16:27.332,NailingLL,NailingLL_moveToNailPos_NailingML_stick60_stick55_robot1_staplergun1_rpmanipulate,movej,unknown,nailgun,0.30,0.30,"0.349504;0.886341;0.238575;2.221441;-2.221441;0.000000","",True,8119.04,0.00,0,0.000,10156.58,3496.56,0.00,3496.56,,
956,False,,2026-05-29 19:16:37.524,PushDownLL,PushDownLL_pushDown_NailingML_stick60_stick55_robot1_staplergun1_rpmanipulate,lift,,,0.50,1.00,"","",True,1295.72,0.00,0,0.000,3318.39,35.55,0.00,35.55,,
957,False,,2026-05-29 19:16:40.868,LiftLL,LiftLL_liftAfterNail_NailingML_stick60_stick55_robot1_staplergun1_rpmanipulate,lift,,,0.50,1.00,"","",True,4057.08,0.00,0,0.000,6091.90,24.66,0.00,24.66,,
958,False,,2026-05-29 19:16:50.253,NailingLL,NailingLL_moveToNailPos_NailingML_stick60_stick56_robot1_staplergun1_rpmanipulate,movej,unknown,nailgun,0.30,0.30,"0.344784;0.749118;0.238050;2.221441;-2.221441;0.000000","",True,5939.54,0.00,0,0.000,7987.79,3293.40,0.00,3293.40,,
959,False,,2026-05-29 19:16:58.272,PushDownLL,PushDownLL_pushDown_NailingML_stick60_stick56_robot1_staplergun1_rpmanipulate,lift,,,0.50,1.00,"","",True,1238.31,0.00,0,0.000,3256.66,31.41,0.00,31.41,,
960,False,,2026-05-29 19:17:01.558,LiftLL,LiftLL_liftAfterNail_NailingML_stick60_stick56_robot1_staplergun1_rpmanipulate,lift,,,0.50,1.00,"","",True,4078.48,0.00,0,0.000,6131.27,28.86,0.00,28.86,,
961,False,,2026-05-29 19:17:11.299,NailingLL,NailingLL_moveToNailPos_NailingML_stick61_stick56_robot1_staplergun1_rpmanipulate,movej,unknown,nailgun,0.30,0.30,"0.238034;0.662766;0.237575;2.221441;-2.221441;0.000000","",True,5353.50,0.00,0,0.000,7427.90,3610.45,0.00,3610.45,,
962,False,,2026-05-29 19:17:18.746,PushDownLL,PushDownLL_pushDown_NailingML_stick61_stick56_robot1_staplergun1_rpmanipulate,lift,,,0.50,1.00,"","",True,1484.75,0.00,0,0.000,3522.56,18.38,0.00,18.38,,
963,False,,2026-05-29 19:17:22.307,LiftLL,LiftLL_liftAfterNail_NailingML_stick61_stick56_robot1_staplergun1_rpmanipulate,lift,,,0.50,1.00,"","",True,4080.53,0.00,0,0.000,6112.65,39.36,0.00,39.36,,
964,False,,2026-05-29 19:17:31.859,NailingLL,NailingLL_moveToNailPos_NailingML_stick61_stick57_robot1_staplergun1_rpmanipulate,movej,unknown,nailgun,0.30,0.30,"0.104291;0.674467;0.237550;2.221441;-2.221441;0.000000","",True,4711.98,0.00,0,0.000,6745.47,3438.68,0.00,3438.68,,
965,False,,2026-05-29 19:17:38.649,PushDownLL,PushDownLL_pushDown_NailingML_stick61_stick57_robot1_staplergun1_rpmanipulate,lift,,,0.50,1.00,"","",True,1617.54,0.00,0,0.000,3656.10,44.61,0.00,44.61,,
966,False,,2026-05-29 19:17:42.339,LiftLL,LiftLL_liftAfterNail_NailingML_stick61_stick57_robot1_staplergun1_rpmanipulate,lift,,,0.50,1.00,"","",True,4085.19,0.00,0,0.000,6130.65,34.01,0.00,34.01,,
967,False,,2026-05-29 19:17:52.264,NailingLL,NailingLL_moveToNailPos_NailingML_stick62_stick57_robot1_staplergun1_rpmanipulate,movej,unknown,nailgun,0.30,0.30,"0.019235;0.768931;0.237575;2.221441;-2.221441;0.000000","",True,4827.88,0.00,0,0.000,6867.06,3794.59,0.00,3794.59,,
968,False,,2026-05-29 19:17:59.168,PushDownLL,PushDownLL_pushDown_NailingML_stick62_stick57_robot1_staplergun1_rpmanipulate,lift,,,0.50,1.00,"","",True,1946.33,0.00,0,0.000,3979.13,36.52,0.00,36.52,,
969,False,,2026-05-29 19:18:03.174,LiftLL,LiftLL_liftAfterNail_NailingML_stick62_stick57_robot1_staplergun1_rpmanipulate,lift,,,0.50,1.00,"","",True,4084.92,0.00,0,0.000,6108.53,26.65,0.00,26.65,,
970,False,,2026-05-29 19:18:12.849,NailingLL,NailingLL_moveToNailPos_NailingML_stick62_stick58_robot1_staplergun1_rpmanipulate,movej,unknown,nailgun,0.30,0.30,"0.009803;0.876742;0.237550;2.221441;-2.221441;0.000000","",True,4371.30,0.00,0,0.000,6396.78,3567.20,0.00,3567.20,,
971,False,,2026-05-29 19:18:19.278,PushDownLL,PushDownLL_pushDown_NailingML_stick62_stick58_robot1_staplergun1_rpmanipulate,lift,,,0.50,1.00,"","",True,1852.48,0.00,0,0.000,3901.10,31.48,0.00,31.48,,
972,False,,2026-05-29 19:18:23.202,LiftLL,LiftLL_liftAfterNail_NailingML_stick62_stick58_robot1_staplergun1_rpmanipulate,lift,,,0.50,1.00,"","",True,4103.94,0.00,0,0.000,6139.65,22.98,0.00,22.98,,
973,False,,2026-05-29 19:18:32.862,NailingLL,NailingLL_moveToNailPos_NailingML_stick63_stick58_robot1_staplergun1_rpmanipulate,movej,unknown,nailgun,0.30,0.30,"-0.089966;0.966575;0.237550;2.221441;-2.221441;0.000000","",True,4127.75,0.00,0,0.000,6150.30,3520.36,0.00,3520.36,,
974,False,,2026-05-29 19:18:39.044,PushDownLL,PushDownLL_pushDown_NailingML_stick63_stick58_robot1_staplergun1_rpmanipulate,lift,,,0.50,1.00,"","",True,1321.10,0.00,0,0.000,3358.14,31.88,0.00,31.88,,
975,False,,2026-05-29 19:18:42.447,LiftLL,LiftLL_liftAfterNail_NailingML_stick63_stick58_robot1_staplergun1_rpmanipulate,lift,,,0.50,1.00,"","",True,4059.95,0.00,0,0.000,6129.24,45.34,0.00,45.34,,
976,False,,2026-05-29 19:18:51.879,NailingLL,NailingLL_moveToNailPos_NailingML_stick63_stick59_robot1_staplergun1_rpmanipulate,movej,unknown,nailgun,0.30,0.30,"-0.223709;0.954874;0.237550;2.221441;-2.221441;0.000000","",True,4240.54,0.00,0,0.000,6290.86,3302.93,0.00,3302.93,,
977,False,,2026-05-29 19:18:58.198,PushDownLL,PushDownLL_pushDown_NailingML_stick63_stick59_robot1_staplergun1_rpmanipulate,lift,,,0.50,1.00,"","",True,1397.51,0.00,0,0.000,3436.95,28.13,0.00,28.13,,
978,False,,2026-05-29 19:19:01.665,LiftLL,LiftLL_liftAfterNail_NailingML_stick63_stick59_robot1_staplergun1_rpmanipulate,lift,,,0.50,1.00,"","",True,4067.95,0.00,0,0.000,6114.88,29.21,0.00,29.21,,
979,False,,2026-05-29 19:19:14.172,MoveToLL,MoveToLL_moveToTarget_TravelML_robot1_rpmanipulate_rptoolchange_dup18,plannedj,rptoolchange,,1.00,1.00,"-0.276143;0.385864;0.086921;-3.141491;-0.002589;-0.000081","2.086106;-1.186673;-2.396030;-1.129490;1.555172;0.503193",True,6620.52,84.68,26,2.430,9292.21,6392.74,0.00,6392.74,,
980,False,,2026-05-29 19:19:23.527,DeequipToolLL,DeequipToolLL_deequipTool_DeequipML_robot1_staplergun1_equiplocstapler_rptoolchange_dup9,play_program,,nailgun,0.50,1.00,"","",True,7800.11,0.00,0,0.000,9814.00,62.34,0.00,62.34,,
981,False,,2026-05-29 19:19:33.395,EquipToolLL,EquipToolLL_equipTool_EquipeML_robot1_gripper1_rptoolchange_equiplocgripper_dup9,play_program,,gripper,0.50,1.00,"","",True,21087.76,0.00,0,0.000,23133.57,53.74,0.00,53.74,,
982,False,,2026-05-29 19:19:59.720,MoveToLL,MoveToLL_moveToTarget_TravelML_robot1_rptoolchange_rppickup_dup9,plannedj,rppickup,,1.00,1.00,"0.607360;-0.274802;0.339901;0.000000;-3.141590;0.000000","-0.128900;-1.540886;-1.932730;-1.238644;1.554514;-1.707900",True,8493.23,432.76,35,3.357,13595.39,3191.61,0.00,3191.61,,
983,False,,2026-05-29 19:20:13.379,MoveToLL,MoveToLL_moveToPickPosition_PickUpML_stick65_initlocstick65_robot1_gripper1_rppickup,plannedl,initlocstick65,,1.00,1.00,"0.599380;-0.283000;-0.009000;0.000000;-3.141590;0.000000","",True,3872.41,13.95,16,1.419,5963.61,64.18,0.00,64.18,,
984,False,,2026-05-29 19:20:19.374,CloseGripperLL,CloseGripperLL_closeGripper_PickUpML_stick65_initlocstick65_robot1_gripper1_rppickup,close_gripper,,,0.50,1.00,"","",True,1764.80,0.00,0,0.000,3838.88,31.10,0.00,31.10,,
985,False,,2026-05-29 19:20:23.261,MoveToLL,MoveToLL_moveToRetract_PickUpML_stick65_initlocstick65_robot1_gripper1_rppickup,plannedl,rppickup,,1.00,1.00,"0.607360;-0.274802;0.339901;0.000000;-3.141590;0.000000","-0.128900;-1.540886;-1.932730;-1.238644;1.554514;-1.707900",True,3835.15,15.64,16,1.401,5959.59,47.84,0.00,47.84,,
986,False,,2026-05-29 19:20:32.655,MoveToLL,MoveToLL_moveToTarget_TravelML_robot1_rppickup_rpmanipulate_dup79,plannedj,rpmanipulate,,1.00,1.00,"0.133776;0.348742;0.490041;0.000000;-3.141590;0.000000","1.656148;-0.959557;-2.051016;-1.701770;1.553554;1.650556",True,11550.89,49.97,51,4.916,13877.62,3434.88,0.00,3434.88,,
987,False,,2026-05-29 19:20:46.594,MoveToLL,MoveToLL_moveToStackPos_StackOnTwoML_stick65_robot1_finallocstick65_rpmanipulate_stick61_stick60_gripper1_layer14_layer15,plannedj,finallocstick65,,1.00,1.00,"0.281718;0.702631;0.235000;0.000000;-3.141590;0.000000","",True,7307.08,22.88,29,2.793,9414.05,60.87,0.00,60.87,,
988,False,,2026-05-29 19:20:56.042,OpenGripperLL,OpenGripperLL_openGripper_StackOnTwoML_stick65_robot1_finallocstick65_rpmanipulate_stick61_stick60_gripper1_layer14_layer15,open_gripper,,,0.50,1.00,"","",True,2081.51,0.00,0,0.000,4112.36,34.74,0.00,34.74,,
989,False,,2026-05-29 19:21:00.178,LiftLL,LiftLL_liftAfterStack_StackOnTwoML_stick65_robot1_finallocstick65_rpmanipulate_stick61_stick60_gripper1_layer14_layer15,lift,,,0.50,1.00,"","",True,3746.97,0.00,0,0.000,5776.95,23.47,0.00,23.47,,
990,False,,2026-05-29 19:21:05.981,MoveToLL,MoveToLL_moveToRobotPos_StackOnTwoML_stick65_robot1_finallocstick65_rpmanipulate_stick61_stick60_gripper1_layer14_layer15,plannedj,rpmanipulate,,1.00,1.00,"0.133776;0.348742;0.490041;0.000000;-3.141590;0.000000","1.656148;-0.959557;-2.051016;-1.701770;1.553554;1.650556",True,7015.82,15.25,29,2.790,9149.86,25.80,0.00,25.80,,
991,False,,2026-05-29 19:21:18.240,MoveToLL,MoveToLL_moveToTarget_TravelML_robot1_rpmanipulate_rppickup_dup72,plannedj,rppickup,,1.00,1.00,"0.607360;-0.274802;0.339901;0.000000;-3.141590;0.000000","-0.128900;-1.540886;-1.932730;-1.238644;1.554514;-1.707900",True,11468.25,14.70,50,4.858,13566.64,3108.60,0.00,3108.60,,
992,False,,2026-05-29 19:21:31.870,MoveToLL,MoveToLL_moveToPickPosition_PickUpML_stick64_initlocstick64_robot1_gripper1_rppickup,plannedl,initlocstick64,,1.00,1.00,"0.599380;-0.283000;-0.009000;0.000000;-3.141590;0.000000","",True,3882.63,14.66,16,1.421,5958.48,63.73,0.00,63.73,,
993,False,,2026-05-29 19:21:37.861,CloseGripperLL,CloseGripperLL_closeGripper_PickUpML_stick64_initlocstick64_robot1_gripper1_rppickup,close_gripper,,,0.50,1.00,"","",True,1761.47,0.00,0,0.000,3810.56,32.18,0.00,32.18,,
994,False,,2026-05-29 19:21:41.701,MoveToLL,MoveToLL_moveToRetract_PickUpML_stick64_initlocstick64_robot1_gripper1_rppickup,plannedl,rppickup,,1.00,1.00,"0.607360;-0.274802;0.339901;0.000000;-3.141590;0.000000","-0.128900;-1.540886;-1.932730;-1.238644;1.554514;-1.707900",True,3946.75,15.93,16,1.401,6099.51,29.60,0.00,29.60,,
995,False,,2026-05-29 19:21:51.251,MoveToLL,MoveToLL_moveToTarget_TravelML_robot1_rppickup_rpmanipulate_dup80,plannedj,rpmanipulate,,1.00,1.00,"0.133776;0.348742;0.490041;0.000000;-3.141590;0.000000","1.656148;-0.959557;-2.051016;-1.701770;1.553554;1.650556",True,11675.94,17.01,51,4.916,13746.84,3450.69,0.00,3450.69,,
996,False,,2026-05-29 19:22:05.059,MoveToLL,MoveToLL_moveToStackPos_StackOnTwoML_stick64_robot1_finallocstick64_rpmanipulate_cube13_stick60_gripper1_layer14_layer15,plannedj,finallocstick64,,1.00,1.00,"0.331957;0.901460;0.236000;0.000000;-3.141590;0.000000","",True,7433.31,14.17,30,2.822,9493.70,61.71,0.00,61.71,,
997,False,,2026-05-29 19:22:14.583,OpenGripperLL,OpenGripperLL_openGripper_StackOnTwoML_stick64_robot1_finallocstick64_rpmanipulate_cube13_stick60_gripper1_layer14_layer15,open_gripper,,,0.50,1.00,"","",True,2009.95,0.00,0,0.000,4045.22,29.71,0.00,29.71,,
998,False,,2026-05-29 19:22:18.655,LiftLL,LiftLL_liftAfterStack_StackOnTwoML_stick64_robot1_finallocstick64_rpmanipulate_cube13_stick60_gripper1_layer14_layer15,lift,,,0.50,1.00,"","",True,3592.79,0.00,0,0.000,5755.18,27.23,0.00,27.23,,
999,False,,2026-05-29 19:22:24.436,MoveToLL,MoveToLL_moveToRobotPos_StackOnTwoML_stick64_robot1_finallocstick64_rpmanipulate_cube13_stick60_gripper1_layer14_layer15,plannedj,rpmanipulate,,1.00,1.00,"0.133776;0.348742;0.490041;0.000000;-3.141590;0.000000","1.656148;-0.959557;-2.051016;-1.701770;1.553554;1.650556",True,7114.60,22.90,30,2.818,9235.32,25.80,0.00,25.80,,
1000,False,,2026-05-29 19:22:37.119,MoveToLL,MoveToLL_moveToTarget_TravelML_robot1_rpmanipulate_rppickup_dup73,plannedj,rppickup,,1.00,1.00,"0.607360;-0.274802;0.339901;0.000000;-3.141590;0.000000","-0.128900;-1.540886;-1.932730;-1.238644;1.554514;-1.707900",True,11459.79,176.80,50,4.859,13979.59,3447.45,0.00,3447.45,,
1001,False,,2026-05-29 19:22:51.181,MoveToLL,MoveToLL_moveToPickPosition_PickUpML_stick66_initlocstick66_robot1_gripper1_rppickup,plannedl,initlocstick66,,1.00,1.00,"0.599380;-0.283000;-0.009000;0.000000;-3.141590;0.000000","",True,4608.28,18.64,16,1.421,6711.45,82.36,0.00,82.36,,
1002,False,,2026-05-29 19:22:57.922,CloseGripperLL,CloseGripperLL_closeGripper_PickUpML_stick66_initlocstick66_robot1_gripper1_rppickup,close_gripper,,,0.50,1.00,"","",True,1756.43,0.00,0,0.000,3778.16,29.05,0.00,29.05,,
1003,False,,2026-05-29 19:23:01.723,MoveToLL,MoveToLL_moveToRetract_PickUpML_stick66_initlocstick66_robot1_gripper1_rppickup,plannedl,rppickup,,1.00,1.00,"0.607360;-0.274802;0.339901;0.000000;-3.141590;0.000000","-0.128900;-1.540886;-1.932730;-1.238644;1.554514;-1.707900",True,3947.65,13.89,16,1.400,6022.17,23.11,0.00,23.11,,
1004,False,,2026-05-29 19:23:11.367,MoveToLL,MoveToLL_moveToTarget_TravelML_robot1_rppickup_rpmanipulate_dup81,plannedj,rpmanipulate,,1.00,1.00,"0.133776;0.348742;0.490041;0.000000;-3.141590;0.000000","1.656148;-0.959557;-2.051016;-1.701770;1.553554;1.650556",True,11596.68,13.93,51,4.916,13679.89,3622.43,0.00,3622.43,,
1005,False,,2026-05-29 19:23:25.117,MoveToLL,MoveToLL_moveToStackPos_StackOnTwoML_stick66_robot1_finallocstick66_rpmanipulate_stick62_stick61_gripper1_layer14_layer15,plannedj,finallocstick66,,1.00,1.00,"0.054323;0.730551;0.235000;0.000000;-3.141590;0.000000","",True,6327.20,29.76,25,2.375,8525.26,69.98,0.00,69.98,,
1006,False,,2026-05-29 19:23:33.683,OpenGripperLL,OpenGripperLL_openGripper_StackOnTwoML_stick66_robot1_finallocstick66_rpmanipulate_stick62_stick61_gripper1_layer14_layer15,open_gripper,,,0.50,1.00,"","",True,2176.04,0.00,0,0.000,4243.85,39.97,0.00,39.97,,
1007,False,,2026-05-29 19:23:37.959,LiftLL,LiftLL_liftAfterStack_StackOnTwoML_stick66_robot1_finallocstick66_rpmanipulate_stick62_stick61_gripper1_layer14_layer15,lift,,,0.50,1.00,"","",True,3647.56,0.00,0,0.000,5671.02,33.00,0.00,33.00,,
1008,False,,2026-05-29 19:23:43.660,MoveToLL,MoveToLL_moveToRobotPos_StackOnTwoML_stick66_robot1_finallocstick66_rpmanipulate_stick62_stick61_gripper1_layer14_layer15,plannedj,rpmanipulate,,1.00,1.00,"0.133776;0.348742;0.490041;0.000000;-3.141590;0.000000","1.656148;-0.959557;-2.051016;-1.701770;1.553554;1.650556",True,5826.95,171.29,25,2.372,8375.32,29.56,0.00,29.56,,
1009,False,,2026-05-29 19:23:55.259,MoveToLL,MoveToLL_moveToTarget_TravelML_robot1_rpmanipulate_rppickup_dup74,plannedj,rppickup,,1.00,1.00,"0.607360;-0.274802;0.339901;0.000000;-3.141590;0.000000","-0.128900;-1.540886;-1.932730;-1.238644;1.554514;-1.707900",True,11343.13,34.68,50,4.859,13486.99,3224.13,0.00,3224.13,,
1010,False,,2026-05-29 19:24:08.813,MoveToLL,MoveToLL_moveToPickPosition_PickUpML_stick69_initlocstick69_robot1_gripper1_rppickup,plannedl,initlocstick69,,1.00,1.00,"0.599380;-0.283000;-0.009000;0.000000;-3.141590;0.000000","",True,4521.55,66.88,16,1.421,6880.62,66.60,0.00,66.60,,
1011,False,,2026-05-29 19:24:15.714,CloseGripperLL,CloseGripperLL_closeGripper_PickUpML_stick69_initlocstick69_robot1_gripper1_rppickup,close_gripper,,,0.50,1.00,"","",True,1625.15,0.00,0,0.000,3671.25,20.68,0.00,20.68,,
1012,False,,2026-05-29 19:24:19.403,MoveToLL,MoveToLL_moveToRetract_PickUpML_stick69_initlocstick69_robot1_gripper1_rppickup,plannedl,rppickup,,1.00,1.00,"0.607360;-0.274802;0.339901;0.000000;-3.141590;0.000000","-0.128900;-1.540886;-1.932730;-1.238644;1.554514;-1.707900",True,3892.75,17.06,16,1.400,6007.16,17.79,0.00,17.79,,
1013,False,,2026-05-29 19:24:28.896,MoveToLL,MoveToLL_moveToTarget_TravelML_robot1_rppickup_rpmanipulate_dup82,plannedj,rpmanipulate,,1.00,1.00,"0.133776;0.348742;0.490041;0.000000;-3.141590;0.000000","1.656148;-0.959557;-2.051016;-1.701770;1.553554;1.650556",True,11554.95,40.52,51,4.916,13797.99,3485.26,0.00,3485.26,,
1014,False,,2026-05-29 19:24:42.753,MoveToLL,MoveToLL_moveToStackPos_StackOnTwoML_stick69_robot1_finallocstick69_rpmanipulate_stick64_stick65_gripper1_layer15_layer16,plannedj,finallocstick69,,1.00,1.00,"0.341987;0.804946;0.253500;0.000000;-3.141590;0.000000","",True,7487.75,15.70,30,2.862,9574.37,59.47,0.00,59.47,,
1015,False,,2026-05-29 19:24:52.358,OpenGripperLL,OpenGripperLL_openGripper_StackOnTwoML_stick69_robot1_finallocstick69_rpmanipulate_stick64_stick65_gripper1_layer15_layer16,open_gripper,,,0.50,1.00,"","",True,1929.13,0.00,0,0.000,3983.93,30.88,0.00,30.88,,
1016,False,,2026-05-29 19:24:56.372,LiftLL,LiftLL_liftAfterStack_StackOnTwoML_stick69_robot1_finallocstick69_rpmanipulate_stick64_stick65_gripper1_layer15_layer16,lift,,,0.50,1.00,"","",True,3707.55,0.00,0,0.000,5735.21,29.27,0.00,29.27,,
1017,False,,2026-05-29 19:25:02.133,MoveToLL,MoveToLL_moveToRobotPos_StackOnTwoML_stick69_robot1_finallocstick69_rpmanipulate_stick64_stick65_gripper1_layer15_layer16,plannedj,rpmanipulate,,1.00,1.00,"0.133776;0.348742;0.490041;0.000000;-3.141590;0.000000","1.656148;-0.959557;-2.051016;-1.701770;1.553554;1.650556",True,6822.83,122.39,30,2.859,9379.84,25.98,0.00,25.98,,
1018,False,,2026-05-29 19:25:14.800,MoveToLL,MoveToLL_moveToTarget_TravelML_robot1_rpmanipulate_rppickup_dup75,plannedj,rppickup,,1.00,1.00,"0.607360;-0.274802;0.339901;0.000000;-3.141590;0.000000","-0.128900;-1.540886;-1.932730;-1.238644;1.554514;-1.707900",True,11191.08,17.79,50,4.859,13274.86,3287.21,0.00,3287.21,,
1019,False,,2026-05-29 19:25:28.130,MoveToLL,MoveToLL_moveToPickPosition_PickUpML_stick68_initlocstick68_robot1_gripper1_rppickup,plannedl,initlocstick68,,1.00,1.00,"0.599380;-0.283000;-0.009000;0.000000;-3.141590;0.000000","",True,3867.45,21.37,16,1.421,5961.47,54.94,0.00,54.94,,
1020,False,,2026-05-29 19:25:34.146,CloseGripperLL,CloseGripperLL_closeGripper_PickUpML_stick68_initlocstick68_robot1_gripper1_rppickup,close_gripper,,,0.50,1.00,"","",True,1775.25,0.00,0,0.000,3816.33,55.17,0.00,55.17,,
1021,False,,2026-05-29 19:25:37.993,MoveToLL,MoveToLL_moveToRetract_PickUpML_stick68_initlocstick68_robot1_gripper1_rppickup,plannedl,rppickup,,1.00,1.00,"0.607360;-0.274802;0.339901;0.000000;-3.141590;0.000000","-0.128900;-1.540886;-1.932730;-1.238644;1.554514;-1.707900",True,3889.94,15.13,16,1.400,5978.13,30.28,0.00,30.28,,
1022,False,,2026-05-29 19:25:47.354,MoveToLL,MoveToLL_moveToTarget_TravelML_robot1_rppickup_rpmanipulate_dup83,plannedj,rpmanipulate,,1.00,1.00,"0.133776;0.348742;0.490041;0.000000;-3.141590;0.000000","1.656148;-0.959557;-2.051016;-1.701770;1.553554;1.650556",True,11394.11,162.11,51,4.916,13931.01,3383.13,0.00,3383.13,,
1023,False,,2026-05-29 19:26:01.351,MoveToLL,MoveToLL_moveToStackPos_StackOnTwoML_stick68_robot1_finallocstick68_rpmanipulate_cube14_stick63_gripper1_layer14_layer15,plannedj,finallocstick68,,1.00,1.00,"-0.250589;0.928340;0.235000;0.000000;-3.141590;0.000000","",True,5708.24,14.54,22,2.006,7807.99,65.62,0.00,65.62,,
1024,False,,2026-05-29 19:26:09.184,OpenGripperLL,OpenGripperLL_openGripper_StackOnTwoML_stick68_robot1_finallocstick68_rpmanipulate_cube14_stick63_gripper1_layer14_layer15,open_gripper,,,0.50,1.00,"","",True,2081.79,0.00,0,0.000,4123.38,24.81,0.00,24.81,,
1025,False,,2026-05-29 19:26:13.330,LiftLL,LiftLL_liftAfterStack_StackOnTwoML_stick68_robot1_finallocstick68_rpmanipulate_cube14_stick63_gripper1_layer14_layer15,lift,,,0.50,1.00,"","",True,3744.26,0.00,0,0.000,5772.24,23.41,0.00,23.41,,
1026,False,,2026-05-29 19:26:19.119,MoveToLL,MoveToLL_moveToRobotPos_StackOnTwoML_stick68_robot1_finallocstick68_rpmanipulate_cube14_stick63_gripper1_layer14_layer15,plannedj,rpmanipulate,,1.00,1.00,"0.133776;0.348742;0.490041;0.000000;-3.141590;0.000000","1.656148;-0.959557;-2.051016;-1.701770;1.553554;1.650556",True,5328.45,65.76,22,2.002,7552.83,15.98,0.00,15.98,,
1027,False,,2026-05-29 19:26:30.030,MoveToLL,MoveToLL_moveToTarget_TravelML_robot1_rpmanipulate_rppickup_dup76,plannedj,rppickup,,1.00,1.00,"0.607360;-0.274802;0.339901;0.000000;-3.141590;0.000000","-0.128900;-1.540886;-1.932730;-1.238644;1.554514;-1.707900",True,11243.53,14.46,50,4.859,13316.33,3358.00,0.00,3358.00,,
1028,False,,2026-05-29 19:26:43.415,MoveToLL,MoveToLL_moveToPickPosition_PickUpML_stick67_initlocstick67_robot1_gripper1_rppickup,plannedl,initlocstick67,,1.00,1.00,"0.599380;-0.283000;-0.009000;0.000000;-3.141590;0.000000","",True,3898.89,16.44,16,1.421,6034.28,69.32,0.00,69.32,,
1029,False,,2026-05-29 19:26:49.476,CloseGripperLL,CloseGripperLL_closeGripper_PickUpML_stick67_initlocstick67_robot1_gripper1_rppickup,close_gripper,,,0.50,1.00,"","",True,1762.75,0.00,0,0.000,3801.49,26.69,0.00,26.69,,
1030,False,,2026-05-29 19:26:53.322,MoveToLL,MoveToLL_moveToRetract_PickUpML_stick67_initlocstick67_robot1_gripper1_rppickup,plannedl,rppickup,,1.00,1.00,"0.607360;-0.274802;0.339901;0.000000;-3.141590;0.000000","-0.128900;-1.540886;-1.932730;-1.238644;1.554514;-1.707900",True,3931.22,22.00,16,1.400,6049.48,43.93,0.00,43.93,,
1031,False,,2026-05-29 19:27:02.792,MoveToLL,MoveToLL_moveToTarget_TravelML_robot1_rppickup_rpmanipulate_dup84,plannedj,rpmanipulate,,1.00,1.00,"0.133776;0.348742;0.490041;0.000000;-3.141590;0.000000","1.656148;-0.959557;-2.051016;-1.701770;1.553554;1.650556",True,11715.17,13.64,51,4.916,13821.96,3420.70,0.00,3420.70,,
1032,False,,2026-05-29 19:27:16.683,MoveToLL,MoveToLL_moveToStackPos_StackOnTwoML_stick67_robot1_finallocstick67_rpmanipulate_stick63_stick62_gripper1_layer14_layer15,plannedj,finallocstick67,,1.00,1.00,"-0.046282;0.926710;0.235000;0.000000;-3.141590;0.000000","",True,5751.69,118.69,24,2.280,8359.02,68.91,0.00,68.91,,
1033,False,,2026-05-29 19:27:25.088,OpenGripperLL,OpenGripperLL_openGripper_StackOnTwoML_stick67_robot1_finallocstick67_rpmanipulate_stick63_stick62_gripper1_layer14_layer15,open_gripper,,,0.50,1.00,"","",True,2308.75,0.00,0,0.000,4344.10,46.04,0.00,46.04,,
1034,False,,2026-05-29 19:27:29.472,LiftLL,LiftLL_liftAfterStack_StackOnTwoML_stick67_robot1_finallocstick67_rpmanipulate_stick63_stick62_gripper1_layer14_layer15,lift,,,0.50,1.00,"","",True,3729.43,0.00,0,0.000,5765.28,40.54,0.00,40.54,,
1035,False,,2026-05-29 19:27:35.258,MoveToLL,MoveToLL_moveToRobotPos_StackOnTwoML_stick67_robot1_finallocstick67_rpmanipulate_stick63_stick62_gripper1_layer14_layer15,plannedj,rpmanipulate,,1.00,1.00,"0.133776;0.348742;0.490041;0.000000;-3.141590;0.000000","1.656148;-0.959557;-2.051016;-1.701770;1.553554;1.650556",True,6065.90,13.93,24,2.276,8157.10,20.64,0.00,20.64,,
1036,False,,2026-05-29 19:27:46.640,MoveToLL,MoveToLL_moveToTarget_TravelML_robot1_rpmanipulate_rppickup_dup77,plannedj,rppickup,,1.00,1.00,"0.607360;-0.274802;0.339901;0.000000;-3.141590;0.000000","-0.128900;-1.540886;-1.932730;-1.238644;1.554514;-1.707900",True,11478.18,13.69,50,4.859,13626.98,3225.04,0.00,3225.04,,
1037,False,,2026-05-29 19:28:00.333,MoveToLL,MoveToLL_moveToPickPosition_PickUpML_cube15_initloccube15_robot1_gripper1_rppickup,plannedl,initloccube15,,1.00,1.00,"0.599380;-0.283000;-0.009000;0.000000;-3.141590;0.000000","",True,3895.55,26.55,16,1.421,5994.21,65.30,0.00,65.30,,
1038,False,,2026-05-29 19:28:06.378,CloseGripperLL,CloseGripperLL_closeGripper_PickUpML_cube15_initloccube15_robot1_gripper1_rppickup,close_gripper,,,0.50,1.00,"","",True,1753.90,0.00,0,0.000,3774.82,51.49,0.00,51.49,,
1039,False,,2026-05-29 19:28:10.183,MoveToLL,MoveToLL_moveToRetract_PickUpML_cube15_initloccube15_robot1_gripper1_rppickup,plannedl,rppickup,,1.00,1.00,"0.607360;-0.274802;0.339901;0.000000;-3.141590;0.000000","-0.128900;-1.540886;-1.932730;-1.238644;1.554514;-1.707900",True,3907.61,16.39,16,1.400,6007.48,29.80,0.00,29.80,,
1040,False,,2026-05-29 19:28:19.356,MoveToLL,MoveToLL_moveToTarget_TravelML_robot1_rppickup_rpmanipulate_dup85,plannedj,rpmanipulate,,1.00,1.00,"0.133776;0.348742;0.490041;0.000000;-3.141590;0.000000","1.656148;-0.959557;-2.051016;-1.701770;1.553554;1.650556",True,11331.85,14.28,51,4.916,13416.54,3165.21,0.00,3165.21,,
1041,False,,2026-05-29 19:28:32.828,MoveToLL,MoveToLL_moveToStackPos_StackML_cube15_stick64_robot1_gripper1_finalloccube15_rpmanipulate,plannedj,finalloccube15,,1.00,1.00,"0.307854;0.932311;0.253500;0.000000;-3.141590;0.000000","",True,7202.92,18.03,29,2.781,9317.37,55.60,0.00,55.60,,
1042,False,,2026-05-29 19:28:42.171,OpenGripperLL,OpenGripperLL_openGripper_StackML_cube15_stick64_robot1_gripper1_finalloccube15_rpmanipulate,open_gripper,,,0.50,1.00,"","",True,2074.02,0.00,0,0.000,4143.78,25.58,0.00,25.58,,
1043,False,,2026-05-29 19:28:46.341,LiftLL,LiftLL_liftAfterStack_StackML_cube15_stick64_robot1_gripper1_finalloccube15_rpmanipulate,lift,,,0.50,1.00,"","",True,3743.66,0.00,0,0.000,5777.51,26.64,0.00,26.64,,
1044,False,,2026-05-29 19:28:52.141,MoveToLL,MoveToLL_moveToRobotPosition_StackML_cube15_stick64_robot1_gripper1_finalloccube15_rpmanipulate,plannedj,rpmanipulate,,1.00,1.00,"0.133776;0.348742;0.490041;0.000000;-3.141590;0.000000","1.656148;-0.959557;-2.051016;-1.701770;1.553554;1.650556",True,6811.79,120.30,29,2.778,9133.40,22.38,0.00,22.38,,
1045,False,,2026-05-29 19:29:04.499,MoveToLL,MoveToLL_moveToTarget_TravelML_robot1_rpmanipulate_rppickup_dup78,plannedj,rppickup,,1.00,1.00,"0.607360;-0.274802;0.339901;0.000000;-3.141590;0.000000","-0.128900;-1.540886;-1.932730;-1.238644;1.554514;-1.707900",True,11363.73,15.20,50,4.859,13461.31,3224.94,0.00,3224.94,,
1046,False,,2026-05-29 19:29:18.026,MoveToLL,MoveToLL_moveToPickPosition_PickUpML_stick71_initlocstick71_robot1_gripper1_rppickup,plannedl,initlocstick71,,1.00,1.00,"0.599380;-0.283000;-0.009000;0.000000;-3.141590;0.000000","",True,3912.23,15.93,16,1.421,6005.20,65.74,0.00,65.74,,
1047,False,,2026-05-29 19:29:24.060,CloseGripperLL,CloseGripperLL_closeGripper_PickUpML_stick71_initlocstick71_robot1_gripper1_rppickup,close_gripper,,,0.50,1.00,"","",True,1744.05,0.00,0,0.000,3783.95,28.19,0.00,28.19,,
1048,False,,2026-05-29 19:29:27.892,MoveToLL,MoveToLL_moveToRetract_PickUpML_stick71_initlocstick71_robot1_gripper1_rppickup,plannedl,rppickup,,1.00,1.00,"0.607360;-0.274802;0.339901;0.000000;-3.141590;0.000000","-0.128900;-1.540886;-1.932730;-1.238644;1.554514;-1.707900",True,3918.35,18.18,16,1.400,6004.27,47.81,0.00,47.81,,
1049,False,,2026-05-29 19:29:37.394,MoveToLL,MoveToLL_moveToTarget_TravelML_robot1_rppickup_rpmanipulate_dup86,plannedj,rpmanipulate,,1.00,1.00,"0.133776;0.348742;0.490041;0.000000;-3.141590;0.000000","1.656148;-0.959557;-2.051016;-1.701770;1.553554;1.650556",True,11675.94,18.22,51,4.916,13786.79,3497.78,0.00,3497.78,,
1050,False,,2026-05-29 19:29:51.247,MoveToLL,MoveToLL_moveToStackPos_StackOnTwoML_stick71_robot1_finallocstick71_rpmanipulate_stick66_stick67_gripper1_layer15_layer16,plannedj,finallocstick71,,1.00,1.00,"0.013987;0.824395;0.252500;0.000000;-3.141590;0.000000","",True,6361.86,26.53,25,2.336,8463.36,66.76,0.00,66.76,,
1051,False,,2026-05-29 19:29:59.738,OpenGripperLL,OpenGripperLL_openGripper_StackOnTwoML_stick71_robot1_finallocstick71_rpmanipulate_stick66_stick67_gripper1_layer15_layer16,open_gripper,,,0.50,1.00,"","",True,2235.32,0.00,0,0.000,4285.13,27.13,0.00,27.13,,
1052,False,,2026-05-29 19:30:04.072,LiftLL,LiftLL_liftAfterStack_StackOnTwoML_stick71_robot1_finallocstick71_rpmanipulate_stick66_stick67_gripper1_layer15_layer16,lift,,,0.50,1.00,"","",True,3666.26,0.00,0,0.000,5704.61,49.67,0.00,49.67,,
1053,False,,2026-05-29 19:30:09.820,MoveToLL,MoveToLL_moveToRobotPos_StackOnTwoML_stick71_robot1_finallocstick71_rpmanipulate_stick66_stick67_gripper1_layer15_layer16,plannedj,rpmanipulate,,1.00,1.00,"0.133776;0.348742;0.490041;0.000000;-3.141590;0.000000","1.656148;-0.959557;-2.051016;-1.701770;1.553554;1.650556",True,6131.74,13.84,25,2.332,8215.37,43.03,0.00,43.03,,
1054,False,,2026-05-29 19:30:21.408,MoveToLL,MoveToLL_moveToTarget_TravelML_robot1_rpmanipulate_rppickup_dup79,plannedj,rppickup,,1.00,1.00,"0.607360;-0.274802;0.339901;0.000000;-3.141590;0.000000","-0.128900;-1.540886;-1.932730;-1.238644;1.554514;-1.707900",True,11329.44,16.77,50,4.859,13440.45,3372.99,0.00,3372.99,,
1055,False,,2026-05-29 19:30:34.912,MoveToLL,MoveToLL_moveToPickPosition_PickUpML_stick70_initlocstick70_robot1_gripper1_rppickup,plannedl,initlocstick70,,1.00,1.00,"0.599380;-0.283000;-0.009000;0.000000;-3.141590;0.000000","",True,4536.82,27.48,16,1.421,6717.53,63.23,0.00,63.23,,
1056,False,,2026-05-29 19:30:41.649,CloseGripperLL,CloseGripperLL_closeGripper_PickUpML_stick70_initlocstick70_robot1_gripper1_rppickup,close_gripper,,,0.50,1.00,"","",True,1870.77,0.00,0,0.000,3917.36,19.60,0.00,19.60,,
1057,False,,2026-05-29 19:30:45.598,MoveToLL,MoveToLL_moveToRetract_PickUpML_stick70_initlocstick70_robot1_gripper1_rppickup,plannedl,rppickup,,1.00,1.00,"0.607360;-0.274802;0.339901;0.000000;-3.141590;0.000000","-0.128900;-1.540886;-1.932730;-1.238644;1.554514;-1.707900",True,3881.41,14.58,16,1.400,6080.31,31.28,0.00,31.28,,
1058,False,,2026-05-29 19:30:55.304,MoveToLL,MoveToLL_moveToTarget_TravelML_robot1_rppickup_rpmanipulate_dup87,plannedj,rpmanipulate,,1.00,1.00,"0.133776;0.348742;0.490041;0.000000;-3.141590;0.000000","1.656148;-0.959557;-2.051016;-1.701770;1.553554;1.650556",True,11447.22,23.58,51,4.916,13553.38,3625.71,0.00,3625.71,,
1059,False,,2026-05-29 19:31:08.925,MoveToLL,MoveToLL_moveToStackPos_StackOnTwoML_stick70_robot1_finallocstick70_rpmanipulate_stick66_stick65_gripper1_layer15_layer16,plannedj,finallocstick70,,1.00,1.00,"0.156639;0.670283;0.252500;0.000000;-3.141590;0.000000","",True,6794.41,35.17,27,2.558,8937.72,67.66,0.00,67.66,,
1060,False,,2026-05-29 19:31:17.884,OpenGripperLL,OpenGripperLL_openGripper_StackOnTwoML_stick70_robot1_finallocstick70_rpmanipulate_stick66_stick65_gripper1_layer15_layer16,open_gripper,,,0.50,1.00,"","",True,1744.04,0.00,0,0.000,3785.11,21.71,0.00,21.71,,
1061,False,,2026-05-29 19:31:21.704,LiftLL,LiftLL_liftAfterStack_StackOnTwoML_stick70_robot1_finallocstick70_rpmanipulate_stick66_stick65_gripper1_layer15_layer16,lift,,,0.50,1.00,"","",True,3689.62,0.00,0,0.000,5745.09,34.14,0.00,34.14,,
1062,False,,2026-05-29 19:31:27.464,MoveToLL,MoveToLL_moveToRobotPos_StackOnTwoML_stick70_robot1_finallocstick70_rpmanipulate_stick66_stick65_gripper1_layer15_layer16,plannedj,rpmanipulate,,1.00,1.00,"0.133776;0.348742;0.490041;0.000000;-3.141590;0.000000","1.656148;-0.959557;-2.051016;-1.701770;1.553554;1.650556",True,6399.46,89.83,27,2.555,8718.19,15.30,0.00,15.30,,
1063,False,,2026-05-29 19:31:39.579,MoveToLL,MoveToLL_moveToTarget_TravelML_robot1_rpmanipulate_rppickup_dup80,plannedj,rppickup,,1.00,1.00,"0.607360;-0.274802;0.339901;0.000000;-3.141590;0.000000","-0.128900;-1.540886;-1.932730;-1.238644;1.554514;-1.707900",True,11612.15,16.73,50,4.860,13726.10,3396.95,0.00,3396.95,,
1064,False,,2026-05-29 19:31:53.361,MoveToLL,MoveToLL_moveToPickPosition_PickUpML_stick72_initlocstick72_robot1_gripper1_rppickup,plannedl,initlocstick72,,1.00,1.00,"0.599380;-0.283000;-0.009000;0.000000;-3.141590;0.000000","",True,4249.80,283.20,16,1.421,6747.58,56.22,0.00,56.22,,
1065,False,,2026-05-29 19:32:00.129,CloseGripperLL,CloseGripperLL_closeGripper_PickUpML_stick72_initlocstick72_robot1_gripper1_rppickup,close_gripper,,,0.50,1.00,"","",True,1776.05,0.00,0,0.000,3804.82,20.37,0.00,20.37,,
1066,False,,2026-05-29 19:32:03.961,MoveToLL,MoveToLL_moveToRetract_PickUpML_stick72_initlocstick72_robot1_gripper1_rppickup,plannedl,rppickup,,1.00,1.00,"0.607360;-0.274802;0.339901;0.000000;-3.141590;0.000000","-0.128900;-1.540886;-1.932730;-1.238644;1.554514;-1.707900",True,3861.98,31.37,16,1.400,5999.35,26.38,0.00,26.38,,
1067,False,,2026-05-29 19:32:13.697,MoveToLL,MoveToLL_moveToTarget_TravelML_robot1_rppickup_rpmanipulate_dup88,plannedj,rpmanipulate,,1.00,1.00,"0.133776;0.348742;0.490041;0.000000;-3.141590;0.000000","1.656148;-0.959557;-2.051016;-1.701770;1.553554;1.650556",True,11486.57,15.42,51,4.916,13567.12,3736.81,0.00,3736.81,,
1068,False,,2026-05-29 19:32:27.326,MoveToLL,MoveToLL_moveToStackPos_StackOnTwoML_stick72_robot1_finallocstick72_rpmanipulate_stick67_stick68_gripper1_layer15_layer16,plannedj,finallocstick72,,1.00,1.00,"-0.171361;0.959058;0.252500;0.000000;-3.141590;0.000000","",True,5932.03,27.63,23,2.123,8076.33,61.80,0.00,61.80,,
1069,False,,2026-05-29 19:32:35.425,OpenGripperLL,OpenGripperLL_openGripper_StackOnTwoML_stick72_robot1_finallocstick72_rpmanipulate_stick67_stick68_gripper1_layer15_layer16,open_gripper,,,0.50,1.00,"","",True,1832.52,0.00,0,0.000,3866.57,23.11,0.00,23.11,,
1070,False,,2026-05-29 19:32:39.312,LiftLL,LiftLL_liftAfterStack_StackOnTwoML_stick72_robot1_finallocstick72_rpmanipulate_stick67_stick68_gripper1_layer15_layer16,lift,,,0.50,1.00,"","",True,3719.74,0.00,0,0.000,5760.68,20.02,0.00,20.02,,
1071,False,,2026-05-29 19:32:45.098,MoveToLL,MoveToLL_moveToRobotPos_StackOnTwoML_stick72_robot1_finallocstick72_rpmanipulate_stick67_stick68_gripper1_layer15_layer16,plannedj,rpmanipulate,,1.00,1.00,"0.133776;0.348742;0.490041;0.000000;-3.141590;0.000000","1.656148;-0.959557;-2.051016;-1.701770;1.553554;1.650556",True,5721.39,12.30,23,2.120,7813.39,25.44,0.00,25.44,,
1072,False,,2026-05-29 19:32:56.073,MoveToLL,MoveToLL_moveToTarget_TravelML_robot1_rpmanipulate_rptoolchange_dup19,plannedj,rptoolchange,,1.00,1.00,"-0.276143;0.385864;0.086921;-3.141491;-0.002589;-0.000081","2.086106;-1.186673;-2.396030;-1.129490;1.555172;0.503193",True,5166.60,31.98,21,1.927,7300.80,3161.96,0.00,3161.96,,
1073,False,,2026-05-29 19:33:03.416,DeequipToolLL,DeequipToolLL_deequipTool_DeequipML_robot1_gripper1_equiplocgripper_rptoolchange_dup10,play_program,,gripper,0.50,1.00,"","",True,21687.08,0.00,0,0.000,23709.61,41.52,0.00,41.52,,
1074,False,,2026-05-29 19:33:27.161,EquipToolLL,EquipToolLL_equipTool_EquipeML_robot1_staplergun1_rptoolchange_equiplocstapler_dup10,play_program,,nailgun,0.50,1.00,"","",True,10336.78,0.00,0,0.000,12390.58,35.93,0.00,35.93,,
1075,False,,2026-05-29 19:33:42.861,MoveToLL,MoveToLL_moveToTarget_TravelML_robot1_rptoolchange_rpmanipulate_dup10,plannedj,rpmanipulate,,1.00,1.00,"0.133776;0.348742;0.490041;0.000000;-3.141590;0.000000","1.656148;-0.959557;-2.051016;-1.701770;1.553554;1.650556",True,5375.78,117.19,21,1.941,10070.49,3308.94,0.00,3308.94,,
1076,False,,2026-05-29 19:33:52.989,NailingLL,NailingLL_moveToNailPos_NailingML_cube15_stick64_robot1_staplergun1_rpmanipulate,movej,unknown,nailgun,0.30,0.30,"0.307854;0.932311;0.273550;2.221441;-2.221441;0.000000","",True,9643.58,0.00,0,0.000,11682.41,58.18,0.00,58.18,,
1077,False,,2026-05-29 19:34:04.701,PushDownLL,PushDownLL_pushDown_NailingML_cube15_stick64_robot1_staplergun1_rpmanipulate,lift,,,0.50,1.00,"","",True,1618.09,0.00,0,0.000,3659.34,29.21,0.00,29.21,,
1078,False,,2026-05-29 19:34:08.392,LiftLL,LiftLL_liftAfterNail_NailingML_cube15_stick64_robot1_staplergun1_rpmanipulate,lift,,,0.50,1.00,"","",True,4060.59,0.00,0,0.000,6114.07,31.88,0.00,31.88,,
1079,False,,2026-05-29 19:34:18.010,NailingLL,NailingLL_moveToNailPos_NailingML_stick69_stick64_robot1_staplergun1_rpmanipulate,movej,unknown,nailgun,0.30,0.30,"0.353006;0.874518;0.273575;2.221441;-2.221441;0.000000","",True,5013.41,0.00,0,0.000,7047.26,3503.38,0.00,3503.38,,
1080,False,,2026-05-29 19:34:25.092,PushDownLL,PushDownLL_pushDown_NailingML_stick69_stick64_robot1_staplergun1_rpmanipulate,lift,,,0.50,1.00,"","",True,1937.25,0.00,0,0.000,4034.88,34.76,0.00,34.76,,
1081,False,,2026-05-29 19:34:29.150,LiftLL,LiftLL_liftAfterNail_NailingML_stick69_stick64_robot1_staplergun1_rpmanipulate,lift,,,0.50,1.00,"","",True,4053.98,0.00,0,0.000,6090.70,23.73,0.00,23.73,,
1082,False,,2026-05-29 19:34:38.340,NailingLL,NailingLL_moveToNailPos_NailingML_stick69_stick65_robot1_staplergun1_rpmanipulate,movej,unknown,nailgun,0.30,0.30,"0.338725;0.737959;0.273050;2.221441;-2.221441;0.000000","",True,6265.30,0.00,0,0.000,8301.09,3099.36,0.00,3099.36,,
1083,False,,2026-05-29 19:34:46.675,PushDownLL,PushDownLL_pushDown_NailingML_stick69_stick65_robot1_staplergun1_rpmanipulate,lift,,,0.50,1.00,"","",True,1957.06,0.00,0,0.000,4025.22,33.84,0.00,33.84,,
1084,False,,2026-05-29 19:34:50.732,LiftLL,LiftLL_liftAfterNail_NailingML_stick69_stick65_robot1_staplergun1_rpmanipulate,lift,,,0.50,1.00,"","",True,4026.11,0.00,0,0.000,6046.15,31.83,0.00,31.83,,
1085,False,,2026-05-29 19:34:59.967,NailingLL,NailingLL_moveToNailPos_NailingML_stick70_stick65_robot1_staplergun1_rpmanipulate,movej,unknown,nailgun,0.30,0.30,"0.226211;0.659264;0.272575;2.221441;-2.221441;0.000000","",True,5847.50,0.00,0,0.000,7878.28,3188.18,0.00,3188.18,,
1086,False,,2026-05-29 19:35:07.880,PushDownLL,PushDownLL_pushDown_NailingML_stick70_stick65_robot1_staplergun1_rpmanipulate,lift,,,0.50,1.00,"","",True,1496.35,0.00,0,0.000,3530.82,34.95,0.00,34.95,,
1087,False,,2026-05-29 19:35:11.438,LiftLL,LiftLL_liftAfterNail_NailingML_stick70_stick65_robot1_staplergun1_rpmanipulate,lift,,,0.50,1.00,"","",True,4062.31,0.00,0,0.000,6082.11,27.77,0.00,27.77,,
1088,False,,2026-05-29 19:35:20.774,NailingLL,NailingLL_moveToNailPos_NailingML_stick70_stick66_robot1_staplergun1_rpmanipulate,movej,unknown,nailgun,0.30,0.30,"0.093611;0.680266;0.272550;2.221441;-2.221441;0.000000","",True,4827.43,0.00,0,0.000,6906.04,3253.68,0.00,3253.68,,
1089,False,,2026-05-29 19:35:27.702,PushDownLL,PushDownLL_pushDown_NailingML_stick70_stick66_robot1_staplergun1_rpmanipulate,lift,,,0.50,1.00,"","",True,1692.62,0.00,0,0.000,3718.92,21.84,0.00,21.84,,
1090,False,,2026-05-29 19:35:31.455,LiftLL,LiftLL_liftAfterNail_NailingML_stick70_stick66_robot1_staplergun1_rpmanipulate,lift,,,0.50,1.00,"","",True,4130.57,0.00,0,0.000,6196.63,33.58,0.00,33.58,,
1091,False,,2026-05-29 19:35:40.966,NailingLL,NailingLL_moveToNailPos_NailingML_stick71_stick66_robot1_staplergun1_rpmanipulate,movej,unknown,nailgun,0.30,0.30,"0.022373;0.771446;0.272550;2.221441;-2.221441;0.000000","",True,4403.66,0.00,0,0.000,6435.06,3314.59,0.00,3314.59,,
1092,False,,2026-05-29 19:35:47.432,PushDownLL,PushDownLL_pushDown_NailingML_stick71_stick66_robot1_staplergun1_rpmanipulate,lift,,,0.50,1.00,"","",True,1283.81,0.00,0,0.000,3325.67,31.50,0.00,31.50,,
1093,False,,2026-05-29 19:35:50.777,LiftLL,LiftLL_liftAfterNail_NailingML_stick71_stick66_robot1_staplergun1_rpmanipulate,lift,,,0.50,1.00,"","",True,4020.12,0.00,0,0.000,6068.04,18.62,0.00,18.62,,
1094,False,,2026-05-29 19:35:59.735,NailingLL,NailingLL_moveToNailPos_NailingML_stick71_stick67_robot1_staplergun1_rpmanipulate,movej,unknown,nailgun,0.30,0.30,"0.004004;0.887423;0.272550;2.221441;-2.221441;0.000000","",True,4269.96,0.00,0,0.000,6297.80,2890.72,0.00,2890.72,,
1095,False,,2026-05-29 19:36:06.063,PushDownLL,PushDownLL_pushDown_NailingML_stick71_stick67_robot1_staplergun1_rpmanipulate,lift,,,0.50,1.00,"","",True,1818.45,0.00,0,0.000,3868.02,29.36,0.00,29.36,,
1096,False,,2026-05-29 19:36:09.955,LiftLL,LiftLL_liftAfterNail_NailingML_stick71_stick67_robot1_staplergun1_rpmanipulate,lift,,,0.50,1.00,"","",True,4077.70,0.00,0,0.000,6145.10,23.98,0.00,23.98,,
1097,False,,2026-05-29 19:36:19.370,NailingLL,NailingLL_moveToNailPos_NailingML_stick72_stick67_robot1_staplergun1_rpmanipulate,movej,unknown,nailgun,0.30,0.30,"-0.101789;0.970077;0.272550;2.221441;-2.221441;0.000000","",True,4337.14,0.00,0,0.000,6367.12,3270.26,0.00,3270.26,,
1098,False,,2026-05-29 19:36:25.765,PushDownLL,PushDownLL_pushDown_NailingML_stick72_stick67_robot1_staplergun1_rpmanipulate,lift,,,0.50,1.00,"","",True,1403.07,0.00,0,0.000,3461.32,28.00,0.00,28.00,,
1099,False,,2026-05-29 19:36:29.252,LiftLL,LiftLL_liftAfterNail_NailingML_stick72_stick67_robot1_staplergun1_rpmanipulate,lift,,,0.50,1.00,"","",True,4003.55,0.00,0,0.000,6056.73,25.49,0.00,25.49,,
1100,False,,2026-05-29 19:36:38.293,NailingLL,NailingLL_moveToNailPos_NailingML_stick72_stick68_robot1_staplergun1_rpmanipulate,movej,unknown,nailgun,0.30,0.30,"-0.234389;0.949075;0.272550;2.221441;-2.221441;0.000000","",True,3910.54,0.00,0,0.000,5935.56,2984.30,0.00,2984.30,,
1101,False,,2026-05-29 19:36:44.276,PushDownLL,PushDownLL_pushDown_NailingML_stick72_stick68_robot1_staplergun1_rpmanipulate,lift,,,0.50,1.00,"","",True,1373.60,0.00,0,0.000,3412.09,47.54,0.00,47.54,,
1102,False,,2026-05-29 19:36:47.720,LiftLL,LiftLL_liftAfterNail_NailingML_stick72_stick68_robot1_staplergun1_rpmanipulate,lift,,,0.50,1.00,"","",True,4075.15,0.00,0,0.000,6094.29,32.27,0.00,32.27,,
1103,False,,2026-05-29 19:36:58.073,MoveToLL,MoveToLL_moveToTarget_TravelML_robot1_rpmanipulate_rptoolchange_dup20,plannedj,rptoolchange,,1.00,1.00,"-0.276143;0.385864;0.086921;-3.141491;-0.002589;-0.000081","2.086106;-1.186673;-2.396030;-1.129490;1.555172;0.503193",True,6165.77,13.43,26,2.450,8266.71,4258.43,0.00,4258.43,,
1104,False,,2026-05-29 19:37:06.381,DeequipToolLL,DeequipToolLL_deequipTool_DeequipML_robot1_staplergun1_equiplocstapler_rptoolchange_dup10,play_program,,nailgun,0.50,1.00,"","",True,7721.35,0.00,0,0.000,9751.72,41.18,0.00,41.18,,
1105,False,,2026-05-29 19:37:16.203,EquipToolLL,EquipToolLL_equipTool_EquipeML_robot1_gripper1_rptoolchange_equiplocgripper_dup10,play_program,,gripper,0.50,1.00,"","",True,21159.61,0.00,0,0.000,23194.59,70.31,0.00,70.31,,
1106,False,,2026-05-29 19:37:41.630,MoveToLL,MoveToLL_moveToTarget_TravelML_robot1_rptoolchange_rppickup_dup10,plannedj,rppickup,,1.00,1.00,"0.607360;-0.274802;0.339901;0.000000;-3.141590;0.000000","-0.128900;-1.540886;-1.932730;-1.238644;1.554514;-1.707900",True,8072.71,49.49,35,3.357,12935.50,2232.29,0.00,2232.29,,
1107,False,,2026-05-29 19:37:54.641,MoveToLL,MoveToLL_moveToPickPosition_PickUpML_stick73_initlocstick73_robot1_gripper1_rppickup,plannedl,initlocstick73,,1.00,1.00,"0.599380;-0.283000;-0.009000;0.000000;-3.141590;0.000000","",True,4569.66,15.54,16,1.419,6664.92,75.22,0.00,75.22,,
1108,False,,2026-05-29 19:38:01.333,CloseGripperLL,CloseGripperLL_closeGripper_PickUpML_stick73_initlocstick73_robot1_gripper1_rppickup,close_gripper,,,0.50,1.00,"","",True,1785.75,0.00,0,0.000,3829.88,27.59,0.00,27.59,,
1109,False,,2026-05-29 19:38:05.184,MoveToLL,MoveToLL_moveToRetract_PickUpML_stick73_initlocstick73_robot1_gripper1_rppickup,plannedl,rppickup,,1.00,1.00,"0.607360;-0.274802;0.339901;0.000000;-3.141590;0.000000","-0.128900;-1.540886;-1.932730;-1.238644;1.554514;-1.707900",True,4385.99,63.12,16,1.401,6869.97,21.42,0.00,21.42,,
1110,False,,2026-05-29 19:38:14.439,MoveToLL,MoveToLL_moveToTarget_TravelML_robot1_rppickup_rpmanipulate_dup89,plannedj,rpmanipulate,,1.00,1.00,"0.133776;0.348742;0.490041;0.000000;-3.141590;0.000000","1.656148;-0.959557;-2.051016;-1.701770;1.553554;1.650556",True,11123.73,25.69,51,4.916,13260.22,2385.12,0.00,2385.12,,
1111,False,,2026-05-29 19:38:27.769,MoveToLL,MoveToLL_moveToStackPos_StackOnTwoML_stick73_robot1_finallocstick73_rpmanipulate_cube15_stick69_gripper1_layer16_layer17,plannedj,finallocstick73,,1.00,1.00,"0.338653;0.887716;0.271000;0.000000;-3.141590;0.000000","",True,7399.64,14.33,30,2.833,9509.92,69.11,0.00,69.11,,
1112,False,,2026-05-29 19:38:37.306,OpenGripperLL,OpenGripperLL_openGripper_StackOnTwoML_stick73_robot1_finallocstick73_rpmanipulate_cube15_stick69_gripper1_layer16_layer17,open_gripper,,,0.50,1.00,"","",True,1982.74,0.00,0,0.000,4026.60,27.30,0.00,27.30,,
1113,False,,2026-05-29 19:38:41.363,LiftLL,LiftLL_liftAfterStack_StackOnTwoML_stick73_robot1_finallocstick73_rpmanipulate_cube15_stick69_gripper1_layer16_layer17,lift,,,0.50,1.00,"","",True,3706.14,0.00,0,0.000,5733.54,30.61,0.00,30.61,,
1114,False,,2026-05-29 19:38:47.108,MoveToLL,MoveToLL_moveToRobotPos_StackOnTwoML_stick73_robot1_finallocstick73_rpmanipulate_cube15_stick69_gripper1_layer16_layer17,plannedj,rpmanipulate,,1.00,1.00,"0.133776;0.348742;0.490041;0.000000;-3.141590;0.000000","1.656148;-0.959557;-2.051016;-1.701770;1.553554;1.650556",True,7190.06,15.31,30,2.831,9265.15,11.57,0.00,11.57,,
1115,False,,2026-05-29 19:38:58.582,MoveToLL,MoveToLL_moveToTarget_TravelML_robot1_rpmanipulate_rppickup_dup81,plannedj,rppickup,,1.00,1.00,"0.607360;-0.274802;0.339901;0.000000;-3.141590;0.000000","-0.128900;-1.540886;-1.932730;-1.238644;1.554514;-1.707900",True,11435.62,32.38,50,4.859,13604.09,2208.00,0.00,2208.00,,
1116,False,,2026-05-29 19:39:12.240,MoveToLL,MoveToLL_moveToPickPosition_PickUpML_stick74_initlocstick74_robot1_gripper1_rppickup,plannedl,initlocstick74,,1.00,1.00,"0.599380;-0.283000;-0.009000;0.000000;-3.141590;0.000000","",True,3870.81,17.04,16,1.421,5968.55,54.21,0.00,54.21,,
1117,False,,2026-05-29 19:39:18.238,CloseGripperLL,CloseGripperLL_closeGripper_PickUpML_stick74_initlocstick74_robot1_gripper1_rppickup,close_gripper,,,0.50,1.00,"","",True,1816.45,0.00,0,0.000,3861.44,29.22,0.00,29.22,,
1118,False,,2026-05-29 19:39:22.142,MoveToLL,MoveToLL_moveToRetract_PickUpML_stick74_initlocstick74_robot1_gripper1_rppickup,plannedl,rppickup,,1.00,1.00,"0.607360;-0.274802;0.339901;0.000000;-3.141590;0.000000","-0.128900;-1.540886;-1.932730;-1.238644;1.554514;-1.707900",True,3831.19,35.51,16,1.401,6006.19,43.13,0.00,43.13,,
1119,False,,2026-05-29 19:39:30.418,MoveToLL,MoveToLL_moveToTarget_TravelML_robot1_rppickup_rpmanipulate_dup90,plannedj,rpmanipulate,,1.00,1.00,"0.133776;0.348742;0.490041;0.000000;-3.141590;0.000000","1.656148;-0.959557;-2.051016;-1.701770;1.553554;1.650556",True,11019.82,150.65,51,4.916,13499.85,2269.64,0.00,2269.64,,
1120,False,,2026-05-29 19:39:43.978,MoveToLL,MoveToLL_moveToStackPos_StackOnTwoML_stick74_robot1_finallocstick74_rpmanipulate_stick69_stick70_gripper1_layer16_layer17,plannedj,finallocstick74,,1.00,1.00,"0.272570;0.695984;0.270000;0.000000;-3.141590;0.000000","",True,7103.28,44.22,29,2.777,9401.14,60.62,0.00,60.62,,
1121,False,,2026-05-29 19:39:53.411,OpenGripperLL,OpenGripperLL_openGripper_StackOnTwoML_stick74_robot1_finallocstick74_rpmanipulate_stick69_stick70_gripper1_layer16_layer17,open_gripper,,,0.50,1.00,"","",True,2077.86,0.00,0,0.000,4138.10,31.89,0.00,31.89,,
1122,False,,2026-05-29 19:39:57.580,LiftLL,LiftLL_liftAfterStack_StackOnTwoML_stick74_robot1_finallocstick74_rpmanipulate_stick69_stick70_gripper1_layer16_layer17,lift,,,0.50,1.00,"","",True,3714.43,0.00,0,0.000,5750.73,30.60,0.00,30.60,,
1123,False,,2026-05-29 19:40:03.360,MoveToLL,MoveToLL_moveToRobotPos_StackOnTwoML_stick74_robot1_finallocstick74_rpmanipulate_stick69_stick70_gripper1_layer16_layer17,plannedj,rpmanipulate,,1.00,1.00,"0.133776;0.348742;0.490041;0.000000;-3.141590;0.000000","1.656148;-0.959557;-2.051016;-1.701770;1.553554;1.650556",True,7035.68,16.78,29,2.774,9126.79,29.56,0.00,29.56,,
1124,False,,2026-05-29 19:40:14.984,MoveToLL,MoveToLL_moveToTarget_TravelML_robot1_rpmanipulate_rppickup_dup82,plannedj,rppickup,,1.00,1.00,"0.607360;-0.274802;0.339901;0.000000;-3.141590;0.000000","-0.128900;-1.540886;-1.932730;-1.238644;1.554514;-1.707900",True,11006.80,117.45,50,4.859,13438.83,2496.23,0.00,2496.23,,
1125,False,,2026-05-29 19:40:28.490,MoveToLL,MoveToLL_moveToPickPosition_PickUpML_stick76_initlocstick76_robot1_gripper1_rppickup,plannedl,initlocstick76,,1.00,1.00,"0.599380;-0.283000;-0.009000;0.000000;-3.141590;0.000000","",True,4562.93,49.44,16,1.421,6700.08,67.98,0.00,67.98,,
1126,False,,2026-05-29 19:40:35.222,CloseGripperLL,CloseGripperLL_closeGripper_PickUpML_stick76_initlocstick76_robot1_gripper1_rppickup,close_gripper,,,0.50,1.00,"","",True,1743.76,0.00,0,0.000,3797.54,31.76,0.00,31.76,,
1127,False,,2026-05-29 19:40:39.050,MoveToLL,MoveToLL_moveToRetract_PickUpML_stick76_initlocstick76_robot1_gripper1_rppickup,plannedl,rppickup,,1.00,1.00,"0.607360;-0.274802;0.339901;0.000000;-3.141590;0.000000","-0.128900;-1.540886;-1.932730;-1.238644;1.554514;-1.707900",True,3846.95,33.18,16,1.400,6001.27,30.74,0.00,30.74,,
1128,False,,2026-05-29 19:40:47.646,MoveToLL,MoveToLL_moveToTarget_TravelML_robot1_rppickup_rpmanipulate_dup91,plannedj,rpmanipulate,,1.00,1.00,"0.133776;0.348742;0.490041;0.000000;-3.141590;0.000000","1.656148;-0.959557;-2.051016;-1.701770;1.553554;1.650556",True,11039.37,15.69,51,4.916,13122.57,2594.22,0.00,2594.22,,
1129,False,,2026-05-29 19:41:00.831,MoveToLL,MoveToLL_moveToStackPos_StackOnTwoML_stick76_robot1_finallocstick76_rpmanipulate_stick72_stick71_gripper1_layer16_layer17,plannedj,finallocstick76,,1.00,1.00,"-0.055430;0.933357;0.270000;0.000000;-3.141590;0.000000","",True,6235.42,12.55,24,2.268,8341.84,62.57,0.00,62.57,,
1130,False,,2026-05-29 19:41:09.205,OpenGripperLL,OpenGripperLL_openGripper_StackOnTwoML_stick76_robot1_finallocstick76_rpmanipulate_stick72_stick71_gripper1_layer16_layer17,open_gripper,,,0.50,1.00,"","",True,1610.20,0.00,0,0.000,3646.41,32.32,0.00,32.32,,
1131,False,,2026-05-29 19:41:12.872,LiftLL,LiftLL_liftAfterStack_StackOnTwoML_stick76_robot1_finallocstick76_rpmanipulate_stick72_stick71_gripper1_layer16_layer17,lift,,,0.50,1.00,"","",True,3731.77,0.00,0,0.000,5810.68,20.54,0.00,20.54,,
1132,False,,2026-05-29 19:41:18.702,MoveToLL,MoveToLL_moveToRobotPos_StackOnTwoML_stick76_robot1_finallocstick76_rpmanipulate_stick72_stick71_gripper1_layer16_layer17,plannedj,rpmanipulate,,1.00,1.00,"0.133776;0.348742;0.490041;0.000000;-3.141590;0.000000","1.656148;-0.959557;-2.051016;-1.701770;1.553554;1.650556",True,5836.91,51.30,24,2.265,8062.38,19.02,0.00,19.02,,
1133,False,,2026-05-29 19:41:29.157,MoveToLL,MoveToLL_moveToTarget_TravelML_robot1_rpmanipulate_rppickup_dup83,plannedj,rppickup,,1.00,1.00,"0.607360;-0.274802;0.339901;0.000000;-3.141590;0.000000","-0.128900;-1.540886;-1.932730;-1.238644;1.554514;-1.707900",True,10918.11,16.11,50,4.860,13016.73,2393.00,0.00,2393.00,,
1134,False,,2026-05-29 19:41:42.244,MoveToLL,MoveToLL_moveToPickPosition_PickUpML_cube16_initloccube16_robot1_gripper1_rppickup,plannedl,initloccube16,,1.00,1.00,"0.599380;-0.283000;-0.009000;0.000000;-3.141590;0.000000","",True,3886.36,15.01,16,1.421,6069.76,69.54,0.00,69.54,,
1135,False,,2026-05-29 19:41:48.335,CloseGripperLL,CloseGripperLL_closeGripper_PickUpML_cube16_initloccube16_robot1_gripper1_rppickup,close_gripper,,,0.50,1.00,"","",True,1709.24,0.00,0,0.000,3765.03,21.97,0.00,21.97,,
1136,False,,2026-05-29 19:41:52.128,MoveToLL,MoveToLL_moveToRetract_PickUpML_cube16_initloccube16_robot1_gripper1_rppickup,plannedl,rppickup,,1.00,1.00,"0.607360;-0.274802;0.339901;0.000000;-3.141590;0.000000","-0.128900;-1.540886;-1.932730;-1.238644;1.554514;-1.707900",True,3897.55,15.86,16,1.400,5984.15,27.87,0.00,27.87,,
1137,False,,2026-05-29 19:42:00.522,MoveToLL,MoveToLL_moveToTarget_TravelML_robot1_rppickup_rpmanipulate_dup92,plannedj,rpmanipulate,,1.00,1.00,"0.133776;0.348742;0.490041;0.000000;-3.141590;0.000000","1.656148;-0.959557;-2.051016;-1.701770;1.553554;1.650556",True,11291.32,17.82,51,4.916,13361.62,2409.41,0.00,2409.41,,
1138,False,,2026-05-29 19:42:13.947,MoveToLL,MoveToLL_moveToStackPos_StackML_cube16_stick73_robot1_gripper1_finalloccube16_rpmanipulate,plannedj,finalloccube16,,1.00,1.00,"0.318858;0.917064;0.288500;0.000000;-3.141590;0.000000","",True,7236.01,14.18,29,2.798,9352.14,63.77,0.00,63.77,,
1139,False,,2026-05-29 19:42:23.334,OpenGripperLL,OpenGripperLL_openGripper_StackML_cube16_stick73_robot1_gripper1_finalloccube16_rpmanipulate,open_gripper,,,0.50,1.00,"","",True,2077.01,0.00,0,0.000,4120.57,34.94,0.00,34.94,,
1140,False,,2026-05-29 19:42:27.488,LiftLL,LiftLL_liftAfterStack_StackML_cube16_stick73_robot1_gripper1_finalloccube16_rpmanipulate,lift,,,0.50,1.00,"","",True,3697.88,0.00,0,0.000,5728.85,33.38,0.00,33.38,,
1141,False,,2026-05-29 19:42:33.251,MoveToLL,MoveToLL_moveToRobotPosition_StackML_cube16_stick73_robot1_gripper1_finalloccube16_rpmanipulate,plannedj,rpmanipulate,,1.00,1.00,"0.133776;0.348742;0.490041;0.000000;-3.141590;0.000000","1.656148;-0.959557;-2.051016;-1.701770;1.553554;1.650556",True,6929.07,64.46,29,2.794,9184.71,33.83,0.00,33.83,,
1142,False,,2026-05-29 19:42:45.141,MoveToLL,MoveToLL_moveToTarget_TravelML_robot1_rpmanipulate_rppickup_dup84,plannedj,rppickup,,1.00,1.00,"0.607360;-0.274802;0.339901;0.000000;-3.141590;0.000000","-0.128900;-1.540886;-1.932730;-1.238644;1.554514;-1.707900",True,11087.13,18.88,50,4.859,13190.55,2705.16,0.00,2705.16,,
1143,False,,2026-05-29 19:42:58.400,MoveToLL,MoveToLL_moveToPickPosition_PickUpML_stick75_initlocstick75_robot1_gripper1_rppickup,plannedl,initlocstick75,,1.00,1.00,"0.599380;-0.283000;-0.009000;0.000000;-3.141590;0.000000","",True,4613.01,14.27,16,1.421,6782.79,69.09,0.00,69.09,,
1144,False,,2026-05-29 19:43:05.217,CloseGripperLL,CloseGripperLL_closeGripper_PickUpML_stick75_initlocstick75_robot1_gripper1_rppickup,close_gripper,,,0.50,1.00,"","",True,1678.48,0.00,0,0.000,3718.08,34.12,0.00,34.12,,
1145,False,,2026-05-29 19:43:08.968,MoveToLL,MoveToLL_moveToRetract_PickUpML_stick75_initlocstick75_robot1_gripper1_rppickup,plannedl,rppickup,,1.00,1.00,"0.607360;-0.274802;0.339901;0.000000;-3.141590;0.000000","-0.128900;-1.540886;-1.932730;-1.238644;1.554514;-1.707900",True,3945.86,14.78,16,1.400,6032.56,32.96,0.00,32.96,,
1146,False,,2026-05-29 19:43:17.622,MoveToLL,MoveToLL_moveToTarget_TravelML_robot1_rppickup_rpmanipulate_dup93,plannedj,rpmanipulate,,1.00,1.00,"0.133776;0.348742;0.490041;0.000000;-3.141590;0.000000","1.656148;-0.959557;-2.051016;-1.701770;1.553554;1.650556",True,11733.73,19.79,51,4.916,13840.19,2621.55,0.00,2621.55,,
1147,False,,2026-05-29 19:43:31.528,MoveToLL,MoveToLL_moveToStackPos_StackOnTwoML_stick75_robot1_finallocstick75_rpmanipulate_stick70_stick71_gripper1_layer16_layer17,plannedj,finallocstick75,,1.00,1.00,"0.047677;0.739699;0.270000;0.000000;-3.141590;0.000000","",True,6297.05,125.19,25,2.365,8575.15,65.00,0.00,65.00,,
1148,False,,2026-05-29 19:43:40.150,OpenGripperLL,OpenGripperLL_openGripper_StackOnTwoML_stick75_robot1_finallocstick75_rpmanipulate_stick70_stick71_gripper1_layer16_layer17,open_gripper,,,0.50,1.00,"","",True,2104.55,0.00,0,0.000,4123.59,47.34,0.00,47.34,,
1149,False,,2026-05-29 19:43:44.316,LiftLL,LiftLL_liftAfterStack_StackOnTwoML_stick75_robot1_finallocstick75_rpmanipulate_stick70_stick71_gripper1_layer16_layer17,lift,,,0.50,1.00,"","",True,3706.61,0.00,0,0.000,5747.54,42.00,0.00,42.00,,
1150,False,,2026-05-29 19:43:50.082,MoveToLL,MoveToLL_moveToRobotPos_StackOnTwoML_stick75_robot1_finallocstick75_rpmanipulate_stick70_stick71_gripper1_layer16_layer17,plannedj,rpmanipulate,,1.00,1.00,"0.133776;0.348742;0.490041;0.000000;-3.141590;0.000000","1.656148;-0.959557;-2.051016;-1.701770;1.553554;1.650556",True,6225.32,18.36,25,2.362,8326.21,18.72,0.00,18.72,,
1151,False,,2026-05-29 19:44:00.939,MoveToLL,MoveToLL_moveToTarget_TravelML_robot1_rpmanipulate_rppickup_dup85,plannedj,rppickup,,1.00,1.00,"0.607360;-0.274802;0.339901;0.000000;-3.141590;0.000000","-0.128900;-1.540886;-1.932730;-1.238644;1.554514;-1.707900",True,11305.03,21.95,50,4.860,13402.66,2530.92,0.00,2530.92,,
1152,False,,2026-05-29 19:44:14.404,MoveToLL,MoveToLL_moveToPickPosition_PickUpML_stick77_initlocstick77_robot1_gripper1_rppickup,plannedl,initlocstick77,,1.00,1.00,"0.599380;-0.283000;-0.009000;0.000000;-3.141590;0.000000","",True,3880.69,15.01,16,1.421,5953.82,62.78,0.00,62.78,,
1153,False,,2026-05-29 19:44:20.395,CloseGripperLL,CloseGripperLL_closeGripper_PickUpML_stick77_initlocstick77_robot1_gripper1_rppickup,close_gripper,,,0.50,1.00,"","",True,1689.69,0.00,0,0.000,3803.33,36.73,0.00,36.73,,
1154,False,,2026-05-29 19:44:24.231,MoveToLL,MoveToLL_moveToRetract_PickUpML_stick77_initlocstick77_robot1_gripper1_rppickup,plannedl,rppickup,,1.00,1.00,"0.607360;-0.274802;0.339901;0.000000;-3.141590;0.000000","-0.128900;-1.540886;-1.932730;-1.238644;1.554514;-1.707900",True,3900.38,15.41,16,1.400,5999.88,32.25,0.00,32.25,,
1155,False,,2026-05-29 19:44:32.890,MoveToLL,MoveToLL_moveToTarget_TravelML_robot1_rppickup_rpmanipulate_dup94,plannedj,rpmanipulate,,1.00,1.00,"0.133776;0.348742;0.490041;0.000000;-3.141590;0.000000","1.656148;-0.959557;-2.051016;-1.701770;1.553554;1.650556",True,11078.02,33.77,51,4.916,13183.51,2659.20,0.00,2659.20,,
1156,False,,2026-05-29 19:44:46.136,MoveToLL,MoveToLL_moveToStackPos_StackOnTwoML_stick77_robot1_finallocstick77_rpmanipulate_stick73_stick74_gripper1_layer17_layer18,plannedj,finallocstick77,,1.00,1.00,"0.339829;0.793846;0.288500;0.000000;-3.141590;0.000000","",True,7448.72,16.02,30,2.861,9611.42,62.49,0.00,62.49,,
1157,False,,2026-05-29 19:44:55.766,OpenGripperLL,OpenGripperLL_openGripper_StackOnTwoML_stick77_robot1_finallocstick77_rpmanipulate_stick73_stick74_gripper1_layer17_layer18,open_gripper,,,0.50,1.00,"","",True,1855.73,0.00,0,0.000,3883.66,19.18,0.00,19.18,,
1158,False,,2026-05-29 19:44:59.679,LiftLL,LiftLL_liftAfterStack_StackOnTwoML_stick77_robot1_finallocstick77_rpmanipulate_stick73_stick74_gripper1_layer17_layer18,lift,,,0.50,1.00,"","",True,3716.96,0.00,0,0.000,5741.40,29.29,0.00,29.29,,
1159,False,,2026-05-29 19:45:05.471,MoveToLL,MoveToLL_moveToRobotPos_StackOnTwoML_stick77_robot1_finallocstick77_rpmanipulate_stick73_stick74_gripper1_layer17_layer18,plannedj,rpmanipulate,,1.00,1.00,"0.133776;0.348742;0.490041;0.000000;-3.141590;0.000000","1.656148;-0.959557;-2.051016;-1.701770;1.553554;1.650556",True,7401.05,25.17,30,2.858,9601.24,50.05,0.00,50.05,,
1160,False,,2026-05-29 19:45:17.623,MoveToLL,MoveToLL_moveToTarget_TravelML_robot1_rpmanipulate_rppickup_dup86,plannedj,rppickup,,1.00,1.00,"0.607360;-0.274802;0.339901;0.000000;-3.141590;0.000000","-0.128900;-1.540886;-1.932730;-1.238644;1.554514;-1.707900",True,11479.24,14.84,50,4.860,13576.18,2551.24,0.00,2551.24,,
1161,False,,2026-05-29 19:45:31.256,MoveToLL,MoveToLL_moveToPickPosition_PickUpML_stick78_initlocstick78_robot1_gripper1_rppickup,plannedl,initlocstick78,,1.00,1.00,"0.599380;-0.283000;-0.009000;0.000000;-3.141590;0.000000","",True,3884.66,14.99,16,1.421,5971.99,56.83,0.00,56.83,,
1162,False,,2026-05-29 19:45:37.258,CloseGripperLL,CloseGripperLL_closeGripper_PickUpML_stick78_initlocstick78_robot1_gripper1_rppickup,close_gripper,,,0.50,1.00,"","",True,1756.43,0.00,0,0.000,3817.54,29.75,0.00,29.75,,
1163,False,,2026-05-29 19:45:41.093,MoveToLL,MoveToLL_moveToRetract_PickUpML_stick78_initlocstick78_robot1_gripper1_rppickup,plannedl,rppickup,,1.00,1.00,"0.607360;-0.274802;0.339901;0.000000;-3.141590;0.000000","-0.128900;-1.540886;-1.932730;-1.238644;1.554514;-1.707900",True,3920.25,15.11,16,1.400,6013.46,18.04,0.00,18.04,,
1164,False,,2026-05-29 19:45:49.777,MoveToLL,MoveToLL_moveToTarget_TravelML_robot1_rppickup_rpmanipulate_dup95,plannedj,rpmanipulate,,1.00,1.00,"0.133776;0.348742;0.490041;0.000000;-3.141590;0.000000","1.656148;-0.959557;-2.051016;-1.701770;1.553554;1.650556",True,11722.58,16.41,51,4.916,13820.54,2669.85,0.00,2669.85,,
1165,False,,2026-05-29 19:46:03.656,MoveToLL,MoveToLL_moveToStackPos_StackOnTwoML_stick78_robot1_finallocstick78_rpmanipulate_stick74_stick75_gripper1_layer17_layer18,plannedj,finallocstick78,,1.00,1.00,"0.145539;0.672440;0.287500;0.000000;-3.141590;0.000000","",True,6329.02,109.61,27,2.536,8975.05,58.46,0.00,58.46,,
1166,False,,2026-05-29 19:46:12.661,OpenGripperLL,OpenGripperLL_openGripper_StackOnTwoML_stick78_robot1_finallocstick78_rpmanipulate_stick74_stick75_gripper1_layer17_layer18,open_gripper,,,0.50,1.00,"","",True,1736.62,0.00,0,0.000,3783.28,29.86,0.00,29.86,,
1167,False,,2026-05-29 19:46:16.478,LiftLL,LiftLL_liftAfterStack_StackOnTwoML_stick78_robot1_finallocstick78_rpmanipulate_stick74_stick75_gripper1_layer17_layer18,lift,,,0.50,1.00,"","",True,3659.29,0.00,0,0.000,5724.80,33.89,0.00,33.89,,
1168,False,,2026-05-29 19:46:22.230,MoveToLL,MoveToLL_moveToRobotPos_StackOnTwoML_stick78_robot1_finallocstick78_rpmanipulate_stick74_stick75_gripper1_layer17_layer18,plannedj,rpmanipulate,,1.00,1.00,"0.133776;0.348742;0.490041;0.000000;-3.141590;0.000000","1.656148;-0.959557;-2.051016;-1.701770;1.553554;1.650556",True,6166.45,189.98,27,2.532,8745.59,27.47,0.00,27.47,,
1169,False,,2026-05-29 19:46:33.518,MoveToLL,MoveToLL_moveToTarget_TravelML_robot1_rpmanipulate_rppickup_dup87,plannedj,rppickup,,1.00,1.00,"0.607360;-0.274802;0.339901;0.000000;-3.141590;0.000000","-0.128900;-1.540886;-1.932730;-1.238644;1.554514;-1.707900",True,10901.14,23.66,50,4.859,13031.38,2542.05,0.00,2542.05,,
1170,False,,2026-05-29 19:46:46.610,MoveToLL,MoveToLL_moveToPickPosition_PickUpML_stick79_initlocstick79_robot1_gripper1_rppickup,plannedl,initlocstick79,,1.00,1.00,"0.599380;-0.283000;-0.009000;0.000000;-3.141590;0.000000","",True,3921.78,17.64,16,1.421,6008.64,61.06,0.00,61.06,,
1171,False,,2026-05-29 19:46:52.648,CloseGripperLL,CloseGripperLL_closeGripper_PickUpML_stick79_initlocstick79_robot1_gripper1_rppickup,close_gripper,,,0.50,1.00,"","",True,1760.99,0.00,0,0.000,3803.39,29.10,0.00,29.10,,
1172,False,,2026-05-29 19:46:56.474,MoveToLL,MoveToLL_moveToRetract_PickUpML_stick79_initlocstick79_robot1_gripper1_rppickup,plannedl,rppickup,,1.00,1.00,"0.607360;-0.274802;0.339901;0.000000;-3.141590;0.000000","-0.128900;-1.540886;-1.932730;-1.238644;1.554514;-1.707900",True,3889.77,14.01,16,1.400,5975.38,22.78,0.00,22.78,,
1173,False,,2026-05-29 19:47:05.114,MoveToLL,MoveToLL_moveToTarget_TravelML_robot1_rppickup_rpmanipulate_dup96,plannedj,rpmanipulate,,1.00,1.00,"0.133776;0.348742;0.490041;0.000000;-3.141590;0.000000","1.656148;-0.959557;-2.051016;-1.701770;1.553554;1.650556",True,11054.56,16.00,51,4.916,13139.47,2664.23,0.00,2664.23,,
1174,False,,2026-05-29 19:47:18.315,MoveToLL,MoveToLL_moveToStackPos_StackOnTwoML_stick79_robot1_finallocstick79_rpmanipulate_stick76_stick75_gripper1_layer17_layer18,plannedj,finallocstick79,,1.00,1.00,"0.011829;0.835495;0.287500;0.000000;-3.141590;0.000000","",True,6365.51,15.03,25,2.335,8447.77,61.74,0.00,61.74,,
1175,False,,2026-05-29 19:47:26.788,OpenGripperLL,OpenGripperLL_openGripper_StackOnTwoML_stick79_robot1_finallocstick79_rpmanipulate_stick76_stick75_gripper1_layer17_layer18,open_gripper,,,0.50,1.00,"","",True,2222.87,0.00,0,0.000,4262.25,25.76,0.00,25.76,,
1176,False,,2026-05-29 19:47:31.077,LiftLL,LiftLL_liftAfterStack_StackOnTwoML_stick79_robot1_finallocstick79_rpmanipulate_stick76_stick75_gripper1_layer17_layer18,lift,,,0.50,1.00,"","",True,3692.62,0.00,0,0.000,5748.51,25.89,0.00,25.89,,
1177,False,,2026-05-29 19:47:36.850,MoveToLL,MoveToLL_moveToRobotPos_StackOnTwoML_stick79_robot1_finallocstick79_rpmanipulate_stick76_stick75_gripper1_layer17_layer18,plannedj,rpmanipulate,,1.00,1.00,"0.133776;0.348742;0.490041;0.000000;-3.141590;0.000000","1.656148;-0.959557;-2.051016;-1.701770;1.553554;1.650556",True,6166.86,16.09,25,2.331,8245.27,24.65,0.00,24.65,,
1178,False,,2026-05-29 19:47:47.467,MoveToLL,MoveToLL_moveToTarget_TravelML_robot1_rpmanipulate_rptoolchange_dup21,plannedj,rptoolchange,,1.00,1.00,"-0.276143;0.385864;0.086921;-3.141491;-0.002589;-0.000081","2.086106;-1.186673;-2.396030;-1.129490;1.555172;0.503193",True,5504.24,17.43,21,1.927,7609.96,2372.00,0.00,2372.00,,
1179,False,,2026-05-29 19:47:55.118,DeequipToolLL,DeequipToolLL_deequipTool_DeequipML_robot1_gripper1_equiplocgripper_rptoolchange_dup11,play_program,,gripper,0.50,1.00,"","",True,21618.76,0.00,0,0.000,23693.61,41.44,0.00,41.44,,
1180,False,,2026-05-29 19:48:18.872,EquipToolLL,EquipToolLL_equipTool_EquipeML_robot1_staplergun1_rptoolchange_equiplocstapler_dup11,play_program,,nailgun,0.50,1.00,"","",True,10424.93,0.00,0,0.000,12446.84,60.28,0.00,60.28,,
1181,False,,2026-05-29 19:48:33.804,MoveToLL,MoveToLL_moveToTarget_TravelML_robot1_rptoolchange_rpmanipulate_dup11,plannedj,rpmanipulate,,1.00,1.00,"0.133776;0.348742;0.490041;0.000000;-3.141590;0.000000","1.656148;-0.959557;-2.051016;-1.701770;1.553554;1.650556",True,5299.45,44.38,21,1.941,10116.18,2485.13,0.00,2485.13,,
1182,False,,2026-05-29 19:48:44.048,NailingLL,NailingLL_moveToNailPos_NailingML_cube16_stick73_robot1_staplergun1_rpmanipulate,movej,unknown,nailgun,0.30,0.30,"0.318858;0.917064;0.308550;2.221441;-2.221441;0.000000","",True,9371.24,0.00,0,0.000,11401.74,127.07,0.00,127.07,,
1183,False,,2026-05-29 19:48:55.479,PushDownLL,PushDownLL_pushDown_NailingML_cube16_stick73_robot1_staplergun1_rpmanipulate,lift,,,0.50,1.00,"","",True,1848.85,0.00,0,0.000,3883.70,29.91,0.00,29.91,,
1184,False,,2026-05-29 19:48:59.397,LiftLL,LiftLL_liftAfterNail_NailingML_cube16_stick73_robot1_staplergun1_rpmanipulate,lift,,,0.50,1.00,"","",True,4011.49,0.00,0,0.000,6068.19,33.89,0.00,33.89,,
1185,False,,2026-05-29 19:49:07.871,NailingLL,NailingLL_moveToNailPos_NailingML_stick77_stick73_robot1_staplergun1_rpmanipulate,movej,unknown,nailgun,0.30,0.30,"0.355675;0.862481;0.308575;2.221441;-2.221441;0.000000","",True,5305.85,0.00,0,0.000,7340.56,2406.17,0.00,2406.17,,
1186,False,,2026-05-29 19:49:15.244,PushDownLL,PushDownLL_pushDown_NailingML_stick77_stick73_robot1_staplergun1_rpmanipulate,lift,,,0.50,1.00,"","",True,1245.58,0.00,0,0.000,3293.30,32.25,0.00,32.25,,
1187,False,,2026-05-29 19:49:18.563,LiftLL,LiftLL_liftAfterNail_NailingML_stick77_stick73_robot1_staplergun1_rpmanipulate,lift,,,0.50,1.00,"","",True,4074.35,0.00,0,0.000,6109.88,26.09,0.00,26.09,,
1188,False,,2026-05-29 19:49:27.097,NailingLL,NailingLL_moveToNailPos_NailingML_stick77_stick74_robot1_staplergun1_rpmanipulate,movej,unknown,nailgun,0.30,0.30,"0.331903;0.727250;0.308050;2.221441;-2.221441;0.000000","",True,6230.53,0.00,0,0.000,8267.04,2423.64,0.00,2423.64,,
1189,False,,2026-05-29 19:49:35.386,PushDownLL,PushDownLL_pushDown_NailingML_stick77_stick74_robot1_staplergun1_rpmanipulate,lift,,,0.50,1.00,"","",True,1840.39,0.00,0,0.000,3872.61,22.30,0.00,22.30,,
1190,False,,2026-05-29 19:49:39.285,LiftLL,LiftLL_liftAfterNail_NailingML_stick77_stick74_robot1_staplergun1_rpmanipulate,lift,,,0.50,1.00,"","",True,4063.82,0.00,0,0.000,6123.65,26.49,0.00,26.49,,
1191,False,,2026-05-29 19:49:47.868,NailingLL,NailingLL_moveToNailPos_NailingML_stick78_stick74_robot1_staplergun1_rpmanipulate,movej,unknown,nailgun,0.30,0.30,"0.214173;0.656595;0.307575;2.221441;-2.221441;0.000000","",True,5668.77,0.00,0,0.000,7699.19,2458.74,0.00,2458.74,,
1192,False,,2026-05-29 19:49:55.595,PushDownLL,PushDownLL_pushDown_NailingML_stick78_stick74_robot1_staplergun1_rpmanipulate,lift,,,0.50,1.00,"","",True,1513.95,0.00,0,0.000,3600.06,28.26,0.00,28.26,,
1193,False,,2026-05-29 19:49:59.219,LiftLL,LiftLL_liftAfterNail_NailingML_stick78_stick74_robot1_staplergun1_rpmanipulate,lift,,,0.50,1.00,"","",True,4070.76,0.00,0,0.000,6121.60,24.12,0.00,24.12,,
1194,False,,2026-05-29 19:50:07.690,NailingLL,NailingLL_moveToNailPos_NailingML_stick78_stick75_robot1_staplergun1_rpmanipulate,movej,unknown,nailgun,0.30,0.30,"0.083361;0.686795;0.307550;2.221441;-2.221441;0.000000","",True,4964.65,0.00,0,0.000,7022.17,2349.48,0.00,2349.48,,
1195,False,,2026-05-29 19:50:14.744,PushDownLL,PushDownLL_pushDown_NailingML_stick78_stick75_robot1_staplergun1_rpmanipulate,lift,,,0.50,1.00,"","",True,1627.37,0.00,0,0.000,3679.03,31.37,0.00,31.37,,
1196,False,,2026-05-29 19:50:18.453,LiftLL,LiftLL_liftAfterNail_NailingML_stick78_stick75_robot1_staplergun1_rpmanipulate,lift,,,0.50,1.00,"","",True,4103.89,0.00,0,0.000,6125.51,30.37,0.00,30.37,,
1197,False,,2026-05-29 19:50:27.075,NailingLL,NailingLL_moveToNailPos_NailingML_stick79_stick75_robot1_staplergun1_rpmanipulate,movej,unknown,nailgun,0.30,0.30,"0.026799;0.770652;0.307550;2.221441;-2.221441;0.000000","",True,4545.49,0.00,0,0.000,6588.58,2496.45,0.00,2496.45,,
1198,False,,2026-05-29 19:50:33.695,PushDownLL,PushDownLL_pushDown_NailingML_stick79_stick75_robot1_staplergun1_rpmanipulate,lift,,,0.50,1.00,"","",True,1927.10,0.00,0,0.000,3965.57,30.96,0.00,30.96,,
1199,False,,2026-05-29 19:50:37.694,LiftLL,LiftLL_liftAfterNail_NailingML_stick79_stick75_robot1_staplergun1_rpmanipulate,lift,,,0.50,1.00,"","",True,4053.28,0.00,0,0.000,6115.99,33.79,0.00,33.79,,
1200,False,,2026-05-29 19:50:46.109,NailingLL,NailingLL_moveToNailPos_NailingML_stick79_stick76_robot1_staplergun1_rpmanipulate,movej,unknown,nailgun,0.30,0.30,"-0.002526;0.897673;0.307550;2.221441;-2.221441;0.000000","",True,4886.95,0.00,0,0.000,6981.88,2298.36,0.00,2298.36,,
1201,False,,2026-05-29 19:50:53.111,PushDownLL,PushDownLL_pushDown_NailingML_stick79_stick76_robot1_staplergun1_rpmanipulate,lift,,,0.50,1.00,"","",True,1758.85,0.00,0,0.000,3791.44,20.13,0.00,20.13,,
1202,False,,2026-05-29 19:50:56.927,LiftLL,LiftLL_liftAfterNail_NailingML_stick79_stick76_robot1_staplergun1_rpmanipulate,lift,,,0.50,1.00,"","",True,4128.14,0.00,0,0.000,6164.28,24.62,0.00,24.62,,
1203,False,,2026-05-29 19:51:06.330,MoveToLL,MoveToLL_moveToTarget_TravelML_robot1_rpmanipulate_rptoolchange_dup22,plannedj,rptoolchange,,1.00,1.00,"-0.276143;0.385864;0.086921;-3.141491;-0.002589;-0.000081","2.086106;-1.186673;-2.396030;-1.129490;1.555172;0.503193",True,5656.61,16.45,23,2.127,7760.37,3239.22,0.00,3239.22,,
1204,False,,2026-05-29 19:51:14.210,DeequipToolLL,DeequipToolLL_deequipTool_DeequipML_robot1_staplergun1_equiplocstapler_rptoolchange_dup11,play_program,,nailgun,0.50,1.00,"","",True,7876.49,0.00,0,0.000,9921.64,119.70,0.00,119.70,,
1205,False,,2026-05-29 19:51:24.168,EquipToolLL,EquipToolLL_equipTool_EquipeML_robot1_gripper1_rptoolchange_equiplocgripper_dup11,play_program,,gripper,0.50,1.00,"","",True,21609.44,0.00,0,0.000,23639.30,35.80,0.00,35.80,,
1206,False,,2026-05-29 19:51:49.653,MoveToLL,MoveToLL_moveToTarget_TravelML_robot1_rptoolchange_rppickup_dup11,plannedj,rppickup,,1.00,1.00,"0.607360;-0.274802;0.339901;0.000000;-3.141590;0.000000","-0.128900;-1.540886;-1.932730;-1.238644;1.554514;-1.707900",True,7845.92,32.54,35,3.357,12625.64,1845.88,0.00,1845.88,,
1207,False,,2026-05-29 19:52:02.340,MoveToLL,MoveToLL_moveToPickPosition_PickUpML_stick81_initlocstick81_robot1_gripper1_rppickup,plannedl,initlocstick81,,1.00,1.00,"0.599380;-0.283000;-0.009000;0.000000;-3.141590;0.000000","",True,3872.26,16.81,16,1.419,5942.68,61.07,0.00,61.07,,
1208,False,,2026-05-29 19:52:08.304,CloseGripperLL,CloseGripperLL_closeGripper_PickUpML_stick81_initlocstick81_robot1_gripper1_rppickup,close_gripper,,,0.50,1.00,"","",True,1820.09,0.00,0,0.000,3843.76,21.64,0.00,21.64,,
1209,False,,2026-05-29 19:52:12.176,MoveToLL,MoveToLL_moveToRetract_PickUpML_stick81_initlocstick81_robot1_gripper1_rppickup,plannedl,rppickup,,1.00,1.00,"0.607360;-0.274802;0.339901;0.000000;-3.141590;0.000000","-0.128900;-1.540886;-1.932730;-1.238644;1.554514;-1.707900",True,3957.67,15.69,16,1.401,6040.74,28.39,0.00,28.39,,
1210,False,,2026-05-29 19:52:19.952,MoveToLL,MoveToLL_moveToTarget_TravelML_robot1_rppickup_rpmanipulate_dup97,plannedj,rpmanipulate,,1.00,1.00,"0.133776;0.348742;0.490041;0.000000;-3.141590;0.000000","1.656148;-0.959557;-2.051016;-1.701770;1.553554;1.650556",True,11700.59,46.38,51,4.916,13969.03,1735.60,0.00,1735.60,,
1211,False,,2026-05-29 19:52:33.986,MoveToLL,MoveToLL_moveToStackPos_StackOnTwoML_stick81_robot1_finallocstick81_rpmanipulate_stick77_stick78_gripper1_layer18_layer19,plannedj,finallocstick81,,1.00,1.00,"0.262981;0.689992;0.305000;0.000000;-3.141590;0.000000","",True,7206.30,18.98,29,2.760,9296.45,64.74,0.00,64.74,,
1212,False,,2026-05-29 19:52:43.328,OpenGripperLL,OpenGripperLL_openGripper_StackOnTwoML_stick81_robot1_finallocstick81_rpmanipulate_stick77_stick78_gripper1_layer18_layer19,open_gripper,,,0.50,1.00,"","",True,2131.36,0.00,0,0.000,4168.42,45.50,0.00,45.50,,
1213,False,,2026-05-29 19:52:47.530,LiftLL,LiftLL_liftAfterStack_StackOnTwoML_stick81_robot1_finallocstick81_rpmanipulate_stick77_stick78_gripper1_layer18_layer19,lift,,,0.50,1.00,"","",True,3690.57,0.00,0,0.000,5735.01,33.00,0.00,33.00,,
1214,False,,2026-05-29 19:52:53.281,MoveToLL,MoveToLL_moveToRobotPos_StackOnTwoML_stick81_robot1_finallocstick81_rpmanipulate_stick77_stick78_gripper1_layer18_layer19,plannedj,rpmanipulate,,1.00,1.00,"0.133776;0.348742;0.490041;0.000000;-3.141590;0.000000","1.656148;-0.959557;-2.051016;-1.701770;1.553554;1.650556",True,6678.35,322.29,29,2.756,9253.63,16.50,0.00,16.50,,
1215,False,,2026-05-29 19:53:04.248,MoveToLL,MoveToLL_moveToTarget_TravelML_robot1_rpmanipulate_rppickup_dup88,plannedj,rppickup,,1.00,1.00,"0.607360;-0.274802;0.339901;0.000000;-3.141590;0.000000","-0.128900;-1.540886;-1.932730;-1.238644;1.554514;-1.707900",True,11258.52,25.85,50,4.859,13354.10,1713.47,0.00,1713.47,,
1216,False,,2026-05-29 19:53:17.664,MoveToLL,MoveToLL_moveToPickPosition_PickUpML_stick80_initlocstick80_robot1_gripper1_rppickup,plannedl,initlocstick80,,1.00,1.00,"0.599380;-0.283000;-0.009000;0.000000;-3.141590;0.000000","",True,3908.82,15.02,16,1.421,6006.62,61.47,0.00,61.47,,
1217,False,,2026-05-29 19:53:23.704,CloseGripperLL,CloseGripperLL_closeGripper_PickUpML_stick80_initlocstick80_robot1_gripper1_rppickup,close_gripper,,,0.50,1.00,"","",True,1750.30,0.00,0,0.000,3789.10,33.64,0.00,33.64,,
1218,False,,2026-05-29 19:53:27.520,MoveToLL,MoveToLL_moveToRetract_PickUpML_stick80_initlocstick80_robot1_gripper1_rppickup,plannedl,rppickup,,1.00,1.00,"0.607360;-0.274802;0.339901;0.000000;-3.141590;0.000000","-0.128900;-1.540886;-1.932730;-1.238644;1.554514;-1.707900",True,3887.42,14.31,16,1.400,5988.07,27.42,0.00,27.42,,
1219,False,,2026-05-29 19:53:35.223,MoveToLL,MoveToLL_moveToTarget_TravelML_robot1_rppickup_rpmanipulate_dup98,plannedj,rpmanipulate,,1.00,1.00,"0.133776;0.348742;0.490041;0.000000;-3.141590;0.000000","1.656148;-0.959557;-2.051016;-1.701770;1.553554;1.650556",True,11613.67,44.14,51,4.916,14033.74,1714.45,0.00,1714.45,,
1220,False,,2026-05-29 19:53:49.316,MoveToLL,MoveToLL_moveToStackPos_StackOnTwoML_stick80_robot1_finallocstick80_rpmanipulate_cube16_stick77_gripper1_layer18_layer19,plannedj,finallocstick80,,1.00,1.00,"0.344152;0.873400;0.306000;0.000000;-3.141590;0.000000","",True,7448.61,14.29,30,2.844,9547.61,59.44,0.00,59.44,,
1221,False,,2026-05-29 19:53:58.892,OpenGripperLL,OpenGripperLL_openGripper_StackOnTwoML_stick80_robot1_finallocstick80_rpmanipulate_cube16_stick77_gripper1_layer18_layer19,open_gripper,,,0.50,1.00,"","",True,1927.53,0.00,0,0.000,3950.54,27.93,0.00,27.93,,
1222,False,,2026-05-29 19:54:02.870,LiftLL,LiftLL_liftAfterStack_StackOnTwoML_stick80_robot1_finallocstick80_rpmanipulate_cube16_stick77_gripper1_layer18_layer19,lift,,,0.50,1.00,"","",True,3716.50,0.00,0,0.000,5748.80,28.06,0.00,28.06,,
1223,False,,2026-05-29 19:54:08.669,MoveToLL,MoveToLL_moveToRobotPos_StackOnTwoML_stick80_robot1_finallocstick80_rpmanipulate_cube16_stick77_gripper1_layer18_layer19,plannedj,rpmanipulate,,1.00,1.00,"0.133776;0.348742;0.490041;0.000000;-3.141590;0.000000","1.656148;-0.959557;-2.051016;-1.701770;1.553554;1.650556",True,7211.26,14.69,30,2.841,9274.37,50.20,0.00,50.20,,
1224,False,,2026-05-29 19:54:19.755,MoveToLL,MoveToLL_moveToTarget_TravelML_robot1_rpmanipulate_rppickup_dup89,plannedj,rppickup,,1.00,1.00,"0.607360;-0.274802;0.339901;0.000000;-3.141590;0.000000","-0.128900;-1.540886;-1.932730;-1.238644;1.554514;-1.707900",True,11077.36,16.96,50,4.860,13161.58,1811.37,0.00,1811.37,,
1225,False,,2026-05-29 19:54:32.982,MoveToLL,MoveToLL_moveToPickPosition_PickUpML_cube17_initloccube17_robot1_gripper1_rppickup,plannedl,initloccube17,,1.00,1.00,"0.599380;-0.283000;-0.009000;0.000000;-3.141590;0.000000","",True,3878.54,16.83,16,1.421,5972.25,65.15,0.00,65.15,,
1226,False,,2026-05-29 19:54:38.975,CloseGripperLL,CloseGripperLL_closeGripper_PickUpML_cube17_initloccube17_robot1_gripper1_rppickup,close_gripper,,,0.50,1.00,"","",True,1798.69,0.00,0,0.000,3833.75,21.24,0.00,21.24,,
1227,False,,2026-05-29 19:54:42.840,MoveToLL,MoveToLL_moveToRetract_PickUpML_cube17_initloccube17_robot1_gripper1_rppickup,plannedl,rppickup,,1.00,1.00,"0.607360;-0.274802;0.339901;0.000000;-3.141590;0.000000","-0.128900;-1.540886;-1.932730;-1.238644;1.554514;-1.707900",True,3908.90,15.08,16,1.400,5992.58,31.07,0.00,31.07,,
1228,False,,2026-05-29 19:54:50.546,MoveToLL,MoveToLL_moveToTarget_TravelML_robot1_rppickup_rpmanipulate_dup99,plannedj,rpmanipulate,,1.00,1.00,"0.133776;0.348742;0.490041;0.000000;-3.141590;0.000000","1.656148;-0.959557;-2.051016;-1.701770;1.553554;1.650556",True,11710.85,54.56,51,4.916,14058.90,1713.02,0.00,1713.02,,
1229,False,,2026-05-29 19:55:04.671,MoveToLL,MoveToLL_moveToStackPos_StackML_cube17_stick80_robot1_gripper1_finalloccube17_rpmanipulate,plannedj,finalloccube17,,1.00,1.00,"0.328327;0.900810;0.323500;0.000000;-3.141590;0.000000","",True,7316.57,15.56,30,2.814,9393.61,66.33,0.00,66.33,,
1230,False,,2026-05-29 19:55:14.092,OpenGripperLL,OpenGripperLL_openGripper_StackML_cube17_stick80_robot1_gripper1_finalloccube17_rpmanipulate,open_gripper,,,0.50,1.00,"","",True,2049.07,0.00,0,0.000,4077.72,27.77,0.00,27.77,,
1231,False,,2026-05-29 19:55:18.192,LiftLL,LiftLL_liftAfterStack_StackML_cube17_stick80_robot1_gripper1_finalloccube17_rpmanipulate,lift,,,0.50,1.00,"","",True,3690.60,0.00,0,0.000,5740.64,21.98,0.00,21.98,,
1232,False,,2026-05-29 19:55:23.963,MoveToLL,MoveToLL_moveToRobotPosition_StackML_cube17_stick80_robot1_gripper1_finalloccube17_rpmanipulate,plannedj,rpmanipulate,,1.00,1.00,"0.133776;0.348742;0.490041;0.000000;-3.141590;0.000000","1.656148;-0.959557;-2.051016;-1.701770;1.553554;1.650556",True,6726.56,102.23,30,2.810,9313.85,30.83,0.00,30.83,,
1233,False,,2026-05-29 19:55:35.041,MoveToLL,MoveToLL_moveToTarget_TravelML_robot1_rpmanipulate_rppickup_dup90,plannedj,rppickup,,1.00,1.00,"0.607360;-0.274802;0.339901;0.000000;-3.141590;0.000000","-0.128900;-1.540886;-1.932730;-1.238644;1.554514;-1.707900",True,11169.28,15.58,50,4.859,13241.28,1763.93,0.00,1763.93,,
1234,False,,2026-05-29 19:55:48.352,MoveToLL,MoveToLL_moveToPickPosition_PickUpML_stick82_initlocstick82_robot1_gripper1_rppickup,plannedl,initlocstick82,,1.00,1.00,"0.599380;-0.283000;-0.009000;0.000000;-3.141590;0.000000","",True,3892.19,16.39,16,1.421,5968.41,69.39,0.00,69.39,,
1235,False,,2026-05-29 19:55:54.353,CloseGripperLL,CloseGripperLL_closeGripper_PickUpML_stick82_initlocstick82_robot1_gripper1_rppickup,close_gripper,,,0.50,1.00,"","",True,1785.48,0.00,0,0.000,3802.94,32.52,0.00,32.52,,
1236,False,,2026-05-29 19:55:58.193,MoveToLL,MoveToLL_moveToRetract_PickUpML_stick82_initlocstick82_robot1_gripper1_rppickup,plannedl,rppickup,,1.00,1.00,"0.607360;-0.274802;0.339901;0.000000;-3.141590;0.000000","-0.128900;-1.540886;-1.932730;-1.238644;1.554514;-1.707900",True,3931.90,18.32,16,1.400,6052.80,36.83,0.00,36.83,,
1237,False,,2026-05-29 19:56:06.005,MoveToLL,MoveToLL_moveToTarget_TravelML_robot1_rppickup_rpmanipulate_dup100,plannedj,rpmanipulate,,1.00,1.00,"0.133776;0.348742;0.490041;0.000000;-3.141590;0.000000","1.656148;-0.959557;-2.051016;-1.701770;1.553554;1.650556",True,11705.11,44.87,51,4.916,13902.62,1760.06,0.00,1760.06,,
1238,False,,2026-05-29 19:56:19.967,MoveToLL,MoveToLL_moveToStackPos_StackOnTwoML_stick82_robot1_finallocstick82_rpmanipulate_stick79_stick78_gripper1_layer18_layer19,plannedj,finallocstick82,,1.00,1.00,"0.041685;0.749288;0.305000;0.000000;-3.141590;0.000000","",True,6394.76,16.01,25,2.356,8502.02,58.52,0.00,58.52,,
1239,False,,2026-05-29 19:56:28.499,OpenGripperLL,OpenGripperLL_openGripper_StackOnTwoML_stick82_robot1_finallocstick82_rpmanipulate_stick79_stick78_gripper1_layer18_layer19,open_gripper,,,0.50,1.00,"","",True,2175.44,0.00,0,0.000,4215.17,30.43,0.00,30.43,,
1240,False,,2026-05-29 19:56:32.753,LiftLL,LiftLL_liftAfterStack_StackOnTwoML_stick82_robot1_finallocstick82_rpmanipulate_stick79_stick78_gripper1_layer18_layer19,lift,,,0.50,1.00,"","",True,3695.56,0.00,0,0.000,5731.42,38.29,0.00,38.29,,
1241,False,,2026-05-29 19:56:38.513,MoveToLL,MoveToLL_moveToRobotPos_StackOnTwoML_stick82_robot1_finallocstick82_rpmanipulate_stick79_stick78_gripper1_layer18_layer19,plannedj,rpmanipulate,,1.00,1.00,"0.133776;0.348742;0.490041;0.000000;-3.141590;0.000000","1.656148;-0.959557;-2.051016;-1.701770;1.553554;1.650556",True,6227.72,18.31,25,2.353,8292.40,29.57,0.00,29.57,,
1242,False,,2026-05-29 19:56:48.731,MoveToLL,MoveToLL_moveToTarget_TravelML_robot1_rpmanipulate_rppickup_dup91,plannedj,rppickup,,1.00,1.00,"0.607360;-0.274802;0.339901;0.000000;-3.141590;0.000000","-0.128900;-1.540886;-1.932730;-1.238644;1.554514;-1.707900",True,11592.43,36.99,50,4.860,14015.73,1924.70,0.00,1924.70,,
1243,False,,2026-05-29 19:57:02.817,MoveToLL,MoveToLL_moveToPickPosition_PickUpML_stick83_initlocstick83_robot1_gripper1_rppickup,plannedl,initlocstick83,,1.00,1.00,"0.599380;-0.283000;-0.009000;0.000000;-3.141590;0.000000","",True,4026.42,375.30,16,1.421,6708.39,70.47,0.00,70.47,,
1244,False,,2026-05-29 19:57:09.566,CloseGripperLL,CloseGripperLL_closeGripper_PickUpML_stick83_initlocstick83_robot1_gripper1_rppickup,close_gripper,,,0.50,1.00,"","",True,1800.04,0.00,0,0.000,3814.59,40.60,0.00,40.60,,
1245,False,,2026-05-29 19:57:13.417,MoveToLL,MoveToLL_moveToRetract_PickUpML_stick83_initlocstick83_robot1_gripper1_rppickup,plannedl,rppickup,,1.00,1.00,"0.607360;-0.274802;0.339901;0.000000;-3.141590;0.000000","-0.128900;-1.540886;-1.932730;-1.238644;1.554514;-1.707900",True,3879.82,23.41,16,1.400,5997.42,36.82,0.00,36.82,,
1246,False,,2026-05-29 19:57:21.226,MoveToLL,MoveToLL_moveToTarget_TravelML_robot1_rppickup_rpmanipulate_dup101,plannedj,rpmanipulate,,1.00,1.00,"0.133776;0.348742;0.490041;0.000000;-3.141590;0.000000","1.656148;-0.959557;-2.051016;-1.701770;1.553554;1.650556",True,11650.29,33.73,51,4.916,13909.82,1811.12,0.00,1811.12,,
1247,False,,2026-05-29 19:57:35.199,MoveToLL,MoveToLL_moveToStackPos_StackOnTwoML_stick83_robot1_finallocstick83_rpmanipulate_stick81_stick80_gripper1_layer19_layer20,plannedj,finallocstick83,,1.00,1.00,"0.336903;0.782924;0.323500;0.000000;-3.141590;0.000000","",True,7216.41,37.07,30,2.859,9534.70,63.01,0.00,63.01,,
1248,False,,2026-05-29 19:57:44.769,OpenGripperLL,OpenGripperLL_openGripper_StackOnTwoML_stick83_robot1_finallocstick83_rpmanipulate_stick81_stick80_gripper1_layer19_layer20,open_gripper,,,0.50,1.00,"","",True,1924.44,0.00,0,0.000,3967.04,35.25,0.00,35.25,,
1249,False,,2026-05-29 19:57:48.761,LiftLL,LiftLL_liftAfterStack_StackOnTwoML_stick83_robot1_finallocstick83_rpmanipulate_stick81_stick80_gripper1_layer19_layer20,lift,,,0.50,1.00,"","",True,3702.71,0.00,0,0.000,5750.79,25.94,0.00,25.94,,
1250,False,,2026-05-29 19:57:54.541,MoveToLL,MoveToLL_moveToRobotPos_StackOnTwoML_stick83_robot1_finallocstick83_rpmanipulate_stick81_stick80_gripper1_layer19_layer20,plannedj,rpmanipulate,,1.00,1.00,"0.133776;0.348742;0.490041;0.000000;-3.141590;0.000000","1.656148;-0.959557;-2.051016;-1.701770;1.553554;1.650556",True,7264.07,14.17,30,2.856,9339.75,28.26,0.00,28.26,,
1251,False,,2026-05-29 19:58:05.590,MoveToLL,MoveToLL_moveToTarget_TravelML_robot1_rpmanipulate_rppickup_dup92,plannedj,rppickup,,1.00,1.00,"0.607360;-0.274802;0.339901;0.000000;-3.141590;0.000000","-0.128900;-1.540886;-1.932730;-1.238644;1.554514;-1.707900",True,11096.99,14.60,50,4.860,13187.62,1709.70,0.00,1709.70,,
1252,False,,2026-05-29 19:58:18.842,MoveToLL,MoveToLL_moveToPickPosition_PickUpML_stick84_initlocstick84_robot1_gripper1_rppickup,plannedl,initlocstick84,,1.00,1.00,"0.599380;-0.283000;-0.009000;0.000000;-3.141590;0.000000","",True,3878.51,18.00,16,1.421,5965.60,64.09,0.00,64.09,,
1253,False,,2026-05-29 19:58:24.841,CloseGripperLL,CloseGripperLL_closeGripper_PickUpML_stick84_initlocstick84_robot1_gripper1_rppickup,close_gripper,,,0.50,1.00,"","",True,1787.23,0.00,0,0.000,3822.56,33.61,0.00,33.61,,
1254,False,,2026-05-29 19:58:28.690,MoveToLL,MoveToLL_moveToRetract_PickUpML_stick84_initlocstick84_robot1_gripper1_rppickup,plannedl,rppickup,,1.00,1.00,"0.607360;-0.274802;0.339901;0.000000;-3.141590;0.000000","-0.128900;-1.540886;-1.932730;-1.238644;1.554514;-1.707900",True,3926.79,15.73,16,1.400,6008.30,26.03,0.00,26.03,,
1255,False,,2026-05-29 19:58:36.442,MoveToLL,MoveToLL_moveToTarget_TravelML_robot1_rppickup_rpmanipulate_dup102,plannedj,rpmanipulate,,1.00,1.00,"0.133776;0.348742;0.490041;0.000000;-3.141590;0.000000","1.656148;-0.959557;-2.051016;-1.701770;1.553554;1.650556",True,11024.04,42.80,51,4.916,13174.40,1744.32,0.00,1744.32,,
1256,False,,2026-05-29 19:58:49.683,MoveToLL,MoveToLL_moveToStackPos_StackOnTwoML_stick84_robot1_finallocstick84_rpmanipulate_stick82_stick81_gripper1_layer19_layer20,plannedj,finallocstick84,,1.00,1.00,"0.134617;0.675367;0.322500;0.000000;-3.141590;0.000000","",True,6670.19,33.97,27,2.513,8846.63,66.81,0.00,66.81,,
1257,False,,2026-05-29 19:58:58.559,OpenGripperLL,OpenGripperLL_openGripper_StackOnTwoML_stick84_robot1_finallocstick84_rpmanipulate_stick82_stick81_gripper1_layer19_layer20,open_gripper,,,0.50,1.00,"","",True,1842.58,0.00,0,0.000,3881.03,29.10,0.00,29.10,,
1258,False,,2026-05-29 19:59:02.465,LiftLL,LiftLL_liftAfterStack_StackOnTwoML_stick84_robot1_finallocstick84_rpmanipulate_stick82_stick81_gripper1_layer19_layer20,lift,,,0.50,1.00,"","",True,3673.91,0.00,0,0.000,5840.87,24.85,0.00,24.85,,
1259,False,,2026-05-29 19:59:08.339,MoveToLL,MoveToLL_moveToRobotPos_StackOnTwoML_stick84_robot1_finallocstick84_rpmanipulate_stick82_stick81_gripper1_layer19_layer20,plannedj,rpmanipulate,,1.00,1.00,"0.133776;0.348742;0.490041;0.000000;-3.141590;0.000000","1.656148;-0.959557;-2.051016;-1.701770;1.553554;1.650556",True,6426.24,13.85,27,2.510,8518.55,33.12,0.00,33.12,,
1260,False,,2026-05-29 19:59:18.598,MoveToLL,MoveToLL_moveToTarget_TravelML_robot1_rpmanipulate_rptoolchange_dup23,plannedj,rptoolchange,,1.00,1.00,"-0.276143;0.385864;0.086921;-3.141491;-0.002589;-0.000081","2.086106;-1.186673;-2.396030;-1.129490;1.555172;0.503193",True,4962.66,12.28,21,1.926,7071.04,1740.10,0.00,1740.10,,
1261,False,,2026-05-29 19:59:25.700,DeequipToolLL,DeequipToolLL_deequipTool_DeequipML_robot1_gripper1_equiplocgripper_rptoolchange_dup12,play_program,,gripper,0.50,1.00,"","",True,21721.11,0.00,0,0.000,23823.13,31.86,0.00,31.86,,
1262,False,,2026-05-29 19:59:49.558,EquipToolLL,EquipToolLL_equipTool_EquipeML_robot1_staplergun1_rptoolchange_equiplocstapler_dup12,play_program,,nailgun,0.50,1.00,"","",True,10359.26,0.00,0,0.000,12383.15,34.74,0.00,34.74,,
1263,False,,2026-05-29 20:00:03.551,MoveToLL,MoveToLL_moveToTarget_TravelML_robot1_rptoolchange_rpmanipulate_dup12,plannedj,rpmanipulate,,1.00,1.00,"0.133776;0.348742;0.490041;0.000000;-3.141590;0.000000","1.656148;-0.959557;-2.051016;-1.701770;1.553554;1.650556",True,5209.41,268.39,21,1.941,10126.77,1609.86,0.00,1609.86,,
1264,False,,2026-05-29 20:00:13.806,NailingLL,NailingLL_moveToNailPos_NailingML_cube17_stick80_robot1_staplergun1_rpmanipulate,movej,unknown,nailgun,0.30,0.30,"0.328327;0.900810;0.343550;2.221441;-2.221441;0.000000","",True,9258.28,0.00,0,0.000,11298.38,128.22,0.00,128.22,,
1265,False,,2026-05-29 20:00:25.140,PushDownLL,PushDownLL_pushDown_NailingML_cube17_stick80_robot1_staplergun1_rpmanipulate,lift,,,0.50,1.00,"","",True,1902.77,0.00,0,0.000,3965.15,35.67,0.00,35.67,,
1266,False,,2026-05-29 20:00:29.131,LiftLL,LiftLL_liftAfterNail_NailingML_cube17_stick80_robot1_staplergun1_rpmanipulate,lift,,,0.50,1.00,"","",True,4072.10,0.00,0,0.000,6123.18,25.86,0.00,25.86,,
1267,False,,2026-05-29 20:00:36.944,NailingLL,NailingLL_moveToNailPos_NailingML_stick83_stick80_robot1_staplergun1_rpmanipulate,movej,unknown,nailgun,0.30,0.30,"0.357497;0.850286;0.343575;2.221441;-2.221441;0.000000","",True,5224.16,0.00,0,0.000,7254.70,1689.68,0.00,1689.68,,
1268,False,,2026-05-29 20:00:44.225,PushDownLL,PushDownLL_pushDown_NailingML_stick83_stick80_robot1_staplergun1_rpmanipulate,lift,,,0.50,1.00,"","",True,1237.76,0.00,0,0.000,3289.57,26.05,0.00,26.05,,
1269,False,,2026-05-29 20:00:47.565,LiftLL,LiftLL_liftAfterNail_NailingML_stick83_stick80_robot1_staplergun1_rpmanipulate,lift,,,0.50,1.00,"","",True,4042.86,0.00,0,0.000,6097.32,50.56,0.00,50.56,,
1270,False,,2026-05-29 20:00:55.274,NailingLL,NailingLL_moveToNailPos_NailingML_stick83_stick81_robot1_staplergun1_rpmanipulate,movej,unknown,nailgun,0.30,0.30,"0.324350;0.717043;0.343050;2.221441;-2.221441;0.000000","",True,6331.68,0.00,0,0.000,8384.01,1611.55,0.00,1611.55,,
1271,False,,2026-05-29 20:01:03.693,PushDownLL,PushDownLL_pushDown_NailingML_stick83_stick81_robot1_staplergun1_rpmanipulate,lift,,,0.50,1.00,"","",True,1719.23,0.00,0,0.000,3754.73,35.00,0.00,35.00,,
1272,False,,2026-05-29 20:01:07.492,LiftLL,LiftLL_liftAfterNail_NailingML_stick83_stick81_robot1_staplergun1_rpmanipulate,lift,,,0.50,1.00,"","",True,4054.35,0.00,0,0.000,6103.13,44.46,0.00,44.46,,
1273,False,,2026-05-29 20:01:15.283,NailingLL,NailingLL_moveToNailPos_NailingML_stick84_stick81_robot1_staplergun1_rpmanipulate,movej,unknown,nailgun,0.30,0.30,"0.201979;0.654773;0.342575;2.221441;-2.221441;0.000000","",True,5619.74,0.00,0,0.000,7644.15,1687.54,0.00,1687.54,,
1274,False,,2026-05-29 20:01:22.950,PushDownLL,PushDownLL_pushDown_NailingML_stick84_stick81_robot1_staplergun1_rpmanipulate,lift,,,0.50,1.00,"","",True,1617.29,0.00,0,0.000,3644.19,22.82,0.00,22.82,,
1275,False,,2026-05-29 20:01:26.626,LiftLL,LiftLL_liftAfterNail_NailingML_stick84_stick81_robot1_staplergun1_rpmanipulate,lift,,,0.50,1.00,"","",True,4072.93,0.00,0,0.000,6103.75,32.25,0.00,32.25,,
1276,False,,2026-05-29 20:01:34.483,NailingLL,NailingLL_moveToNailPos_NailingML_stick84_stick82_robot1_staplergun1_rpmanipulate,movej,unknown,nailgun,0.30,0.30,"0.073592;0.694024;0.342550;2.221441;-2.221441;0.000000","",True,4721.52,0.00,0,0.000,6771.03,1753.37,0.00,1753.37,,
1277,False,,2026-05-29 20:01:41.288,PushDownLL,PushDownLL_pushDown_NailingML_stick84_stick82_robot1_staplergun1_rpmanipulate,lift,,,0.50,1.00,"","",True,1695.98,0.00,0,0.000,3727.39,33.29,0.00,33.29,,
1278,False,,2026-05-29 20:01:45.051,LiftLL,LiftLL_liftAfterNail_NailingML_stick84_stick82_robot1_staplergun1_rpmanipulate,lift,,,0.50,1.00,"","",True,4201.25,0.00,0,0.000,6227.97,36.03,0.00,36.03,,
1279,False,,2026-05-29 20:01:53.554,MoveToLL,MoveToLL_moveToTarget_TravelML_robot1_rpmanipulate_rptoolchange_dup24,plannedj,rptoolchange,,1.00,1.00,"-0.276143;0.385864;0.086921;-3.141491;-0.002589;-0.000081","2.086106;-1.186673;-2.396030;-1.129490;1.555172;0.503193",True,5582.22,33.74,22,2.059,7735.02,2275.14,0.00,2275.14,,
1280,False,,2026-05-29 20:02:01.412,DeequipToolLL,DeequipToolLL_deequipTool_DeequipML_robot1_staplergun1_equiplocstapler_rptoolchange_dup12,play_program,,nailgun,0.50,1.00,"","",True,7729.25,0.00,0,0.000,9764.50,122.34,0.00,122.34,,
1281,False,,2026-05-29 20:02:11.234,EquipToolLL,EquipToolLL_equipTool_EquipeML_robot1_gripper1_rptoolchange_equiplocgripper_dup12,play_program,,gripper,0.50,1.00,"","",True,21153.88,0.00,0,0.000,23191.36,58.25,0.00,58.25,,
1282,False,,2026-05-29 20:02:35.679,MoveToLL,MoveToLL_moveToTarget_TravelML_robot1_rptoolchange_rppickup_dup12,plannedj,rppickup,,1.00,1.00,"0.607360;-0.274802;0.339901;0.000000;-3.141590;0.000000","-0.128900;-1.540886;-1.932730;-1.238644;1.554514;-1.707900",True,8304.50,16.92,35,3.357,13021.40,1252.92,0.00,1252.92,,
1283,False,,2026-05-29 20:02:48.770,MoveToLL,MoveToLL_moveToPickPosition_PickUpML_stick85_initlocstick85_robot1_gripper1_rppickup,plannedl,initlocstick85,,1.00,1.00,"0.599380;-0.283000;-0.009000;0.000000;-3.141590;0.000000","",True,4123.76,87.98,16,1.419,6680.63,69.58,0.00,69.58,,
1284,False,,2026-05-29 20:02:55.478,CloseGripperLL,CloseGripperLL_closeGripper_PickUpML_stick85_initlocstick85_robot1_gripper1_rppickup,close_gripper,,,0.50,1.00,"","",True,1759.32,0.00,0,0.000,3829.80,27.76,0.00,27.76,,
1285,False,,2026-05-29 20:02:59.330,MoveToLL,MoveToLL_moveToRetract_PickUpML_stick85_initlocstick85_robot1_gripper1_rppickup,plannedl,rppickup,,1.00,1.00,"0.607360;-0.274802;0.339901;0.000000;-3.141590;0.000000","-0.128900;-1.540886;-1.932730;-1.238644;1.554514;-1.707900",True,3906.07,17.31,16,1.401,5994.37,22.56,0.00,22.56,,
1286,False,,2026-05-29 20:03:06.559,MoveToLL,MoveToLL_moveToTarget_TravelML_robot1_rppickup_rpmanipulate_dup103,plannedj,rpmanipulate,,1.00,1.00,"0.133776;0.348742;0.490041;0.000000;-3.141590;0.000000","1.656148;-0.959557;-2.051016;-1.701770;1.553554;1.650556",True,11540.20,15.57,51,4.916,13681.96,1234.14,0.00,1234.14,,
1287,False,,2026-05-29 20:03:20.307,MoveToLL,MoveToLL_moveToStackPos_StackOnTwoML_stick85_robot1_finallocstick85_rpmanipulate_stick83_cube17_gripper1_layer20_layer21,plannedj,finallocstick85,,1.00,1.00,"0.348408;0.858612;0.341000;0.000000;-3.141590;0.000000","",True,7476.41,18.21,30,2.853,9557.76,65.68,0.00,65.68,,
1288,False,,2026-05-29 20:03:29.888,OpenGripperLL,OpenGripperLL_openGripper_StackOnTwoML_stick85_robot1_finallocstick85_rpmanipulate_stick83_cube17_gripper1_layer20_layer21,open_gripper,,,0.50,1.00,"","",True,1929.69,0.00,0,0.000,3970.59,23.33,0.00,23.33,,
1289,False,,2026-05-29 20:03:33.891,LiftLL,LiftLL_liftAfterStack_StackOnTwoML_stick85_robot1_finallocstick85_rpmanipulate_stick83_cube17_gripper1_layer20_layer21,lift,,,0.50,1.00,"","",True,3689.81,0.00,0,0.000,5816.25,32.78,0.00,32.78,,
1290,False,,2026-05-29 20:03:39.718,MoveToLL,MoveToLL_moveToRobotPos_StackOnTwoML_stick85_robot1_finallocstick85_rpmanipulate_stick83_cube17_gripper1_layer20_layer21,plannedj,rpmanipulate,,1.00,1.00,"0.133776;0.348742;0.490041;0.000000;-3.141590;0.000000","1.656148;-0.959557;-2.051016;-1.701770;1.553554;1.650556",True,7171.56,15.10,30,2.850,9251.36,11.19,0.00,11.19,,
1291,False,,2026-05-29 20:03:50.191,MoveToLL,MoveToLL_moveToTarget_TravelML_robot1_rpmanipulate_rppickup_dup93,plannedj,rppickup,,1.00,1.00,"0.607360;-0.274802;0.339901;0.000000;-3.141590;0.000000","-0.128900;-1.540886;-1.932730;-1.238644;1.554514;-1.707900",True,10920.94,17.57,50,4.860,12989.74,1221.32,0.00,1221.32,,
1292,False,,2026-05-29 20:04:03.245,MoveToLL,MoveToLL_moveToPickPosition_PickUpML_stick86_initlocstick86_robot1_gripper1_rppickup,plannedl,initlocstick86,,1.00,1.00,"0.599380;-0.283000;-0.009000;0.000000;-3.141590;0.000000","",True,3878.65,15.45,16,1.421,5999.59,64.23,0.00,64.23,,
1293,False,,2026-05-29 20:04:09.280,CloseGripperLL,CloseGripperLL_closeGripper_PickUpML_stick86_initlocstick86_robot1_gripper1_rppickup,close_gripper,,,0.50,1.00,"","",True,1797.46,0.00,0,0.000,3834.73,34.92,0.00,34.92,,
1294,False,,2026-05-29 20:04:13.145,MoveToLL,MoveToLL_moveToRetract_PickUpML_stick86_initlocstick86_robot1_gripper1_rppickup,plannedl,rppickup,,1.00,1.00,"0.607360;-0.274802;0.339901;0.000000;-3.141590;0.000000","-0.128900;-1.540886;-1.932730;-1.238644;1.554514;-1.707900",True,3875.90,14.86,16,1.400,5947.29,30.29,0.00,30.29,,
1295,False,,2026-05-29 20:04:20.343,MoveToLL,MoveToLL_moveToTarget_TravelML_robot1_rppickup_rpmanipulate_dup104,plannedj,rpmanipulate,,1.00,1.00,"0.133776;0.348742;0.490041;0.000000;-3.141590;0.000000","1.656148;-0.959557;-2.051016;-1.701770;1.553554;1.650556",True,11577.39,13.52,51,4.916,13662.10,1251.45,0.00,1251.45,,
1296,False,,2026-05-29 20:04:34.064,MoveToLL,MoveToLL_moveToStackPos_StackOnTwoML_stick86_robot1_finallocstick86_rpmanipulate_stick84_stick83_gripper1_layer20_layer21,plannedj,finallocstick86,,1.00,1.00,"0.252997;0.684684;0.340000;0.000000;-3.141590;0.000000","",True,6892.95,94.40,29,2.741,9333.71,58.51,0.00,58.51,,
1297,False,,2026-05-29 20:04:43.432,OpenGripperLL,OpenGripperLL_openGripper_StackOnTwoML_stick86_robot1_finallocstick86_rpmanipulate_stick84_stick83_gripper1_layer20_layer21,open_gripper,,,0.50,1.00,"","",True,2148.39,0.00,0,0.000,4186.02,34.28,0.00,34.28,,
1298,False,,2026-05-29 20:04:47.663,LiftLL,LiftLL_liftAfterStack_StackOnTwoML_stick86_robot1_finallocstick86_rpmanipulate_stick84_stick83_gripper1_layer20_layer21,lift,,,0.50,1.00,"","",True,3642.88,0.00,0,0.000,5752.88,44.78,0.00,44.78,,
1299,False,,2026-05-29 20:04:53.440,MoveToLL,MoveToLL_moveToRobotPos_StackOnTwoML_stick86_robot1_finallocstick86_rpmanipulate_stick84_stick83_gripper1_layer20_layer21,plannedj,rpmanipulate,,1.00,1.00,"0.133776;0.348742;0.490041;0.000000;-3.141590;0.000000","1.656148;-0.959557;-2.051016;-1.701770;1.553554;1.650556",True,7218.10,154.68,29,2.738,9853.18,23.93,0.00,23.93,,
1300,False,,2026-05-29 20:05:04.553,MoveToLL,MoveToLL_moveToTarget_TravelML_robot1_rpmanipulate_rppickup_dup94,plannedj,rppickup,,1.00,1.00,"0.607360;-0.274802;0.339901;0.000000;-3.141590;0.000000","-0.128900;-1.540886;-1.932730;-1.238644;1.554514;-1.707900",True,10920.61,33.70,50,4.860,13106.47,1260.32,0.00,1260.32,,
1301,False,,2026-05-29 20:05:17.715,MoveToLL,MoveToLL_moveToPickPosition_PickUpML_stick87_initlocstick87_robot1_gripper1_rppickup,plannedl,initlocstick87,,1.00,1.00,"0.599380;-0.283000;-0.009000;0.000000;-3.141590;0.000000","",True,4166.51,151.03,16,1.421,6728.78,55.25,0.00,55.25,,
1302,False,,2026-05-29 20:05:24.477,CloseGripperLL,CloseGripperLL_closeGripper_PickUpML_stick87_initlocstick87_robot1_gripper1_rppickup,close_gripper,,,0.50,1.00,"","",True,1738.99,0.00,0,0.000,3866.73,33.10,0.00,33.10,,
1303,False,,2026-05-29 20:05:28.372,MoveToLL,MoveToLL_moveToRetract_PickUpML_stick87_initlocstick87_robot1_gripper1_rppickup,plannedl,rppickup,,1.00,1.00,"0.607360;-0.274802;0.339901;0.000000;-3.141590;0.000000","-0.128900;-1.540886;-1.932730;-1.238644;1.554514;-1.707900",True,3855.67,14.74,16,1.400,5955.03,28.90,0.00,28.90,,
1304,False,,2026-05-29 20:05:35.683,MoveToLL,MoveToLL_moveToTarget_TravelML_robot1_rppickup_rpmanipulate_dup105,plannedj,rpmanipulate,,1.00,1.00,"0.133776;0.348742;0.490041;0.000000;-3.141590;0.000000","1.656148;-0.959557;-2.051016;-1.701770;1.553554;1.650556",True,11466.18,18.01,51,4.916,13539.05,1355.86,0.00,1355.86,,
1305,False,,2026-05-29 20:05:49.283,MoveToLL,MoveToLL_moveToStackPos_StackOnTwoML_stick87_robot1_finallocstick87_rpmanipulate_stick85_stick86_gripper1_layer21_layer22,plannedj,finallocstick87,,1.00,1.00,"0.333221;0.772233;0.358500;0.000000;-3.141590;0.000000","",True,7051.63,133.36,30,2.855,9541.18,60.84,0.00,60.84,,
1306,False,,2026-05-29 20:05:58.860,OpenGripperLL,OpenGripperLL_openGripper_StackOnTwoML_stick87_robot1_finallocstick87_rpmanipulate_stick85_stick86_gripper1_layer21_layer22,open_gripper,,,0.50,1.00,"","",True,2005.65,0.00,0,0.000,4037.46,36.05,0.00,36.05,,
1307,False,,2026-05-29 20:06:02.934,LiftLL,LiftLL_liftAfterStack_StackOnTwoML_stick87_robot1_finallocstick87_rpmanipulate_stick85_stick86_gripper1_layer21_layer22,lift,,,0.50,1.00,"","",True,3655.96,0.00,0,0.000,5690.27,35.84,0.00,35.84,,
1308,False,,2026-05-29 20:06:08.660,MoveToLL,MoveToLL_moveToRobotPos_StackOnTwoML_stick87_robot1_finallocstick87_rpmanipulate_stick85_stick86_gripper1_layer21_layer22,plannedj,rpmanipulate,,1.00,1.00,"0.133776;0.348742;0.490041;0.000000;-3.141590;0.000000","1.656148;-0.959557;-2.051016;-1.701770;1.553554;1.650556",True,7460.27,15.89,30,2.852,9635.58,35.95,0.00,35.95,,
1309,False,,2026-05-29 20:06:19.518,MoveToLL,MoveToLL_moveToTarget_TravelML_robot1_rpmanipulate_rptoolchange_dup25,plannedj,rptoolchange,,1.00,1.00,"-0.276143;0.385864;0.086921;-3.141491;-0.002589;-0.000081","2.086106;-1.186673;-2.396030;-1.129490;1.555172;0.503193",True,5039.92,46.41,21,1.927,7254.91,1222.23,0.00,1222.23,,
1310,False,,2026-05-29 20:06:26.816,DeequipToolLL,DeequipToolLL_deequipTool_DeequipML_robot1_gripper1_equiplocgripper_rptoolchange_dup13,play_program,,gripper,0.50,1.00,"","",True,21718.08,0.00,0,0.000,23761.30,43.53,0.00,43.53,,
1311,False,,2026-05-29 20:06:50.614,EquipToolLL,EquipToolLL_equipTool_EquipeML_robot1_staplergun1_rptoolchange_equiplocstapler_dup13,play_program,,nailgun,0.50,1.00,"","",True,10413.93,0.00,0,0.000,12460.36,36.23,0.00,36.23,,
1312,False,,2026-05-29 20:07:04.332,MoveToLL,MoveToLL_moveToTarget_TravelML_robot1_rptoolchange_rpmanipulate_dup13,plannedj,rpmanipulate,,1.00,1.00,"0.133776;0.348742;0.490041;0.000000;-3.141590;0.000000","1.656148;-0.959557;-2.051016;-1.701770;1.553554;1.650556",True,5069.28,23.39,21,1.941,9678.40,1257.67,0.00,1257.67,,
1313,False,,2026-05-29 20:07:14.078,NailingLL,NailingLL_moveToNailPos_NailingML_stick87_stick85_robot1_staplergun1_rpmanipulate,movej,unknown,nailgun,0.30,0.30,"0.358465;0.837994;0.378575;2.221441;-2.221441;0.000000","",True,8800.46,0.00,0,0.000,10829.25,68.22,0.00,68.22,,
1314,False,,2026-05-29 20:07:24.943,PushDownLL,PushDownLL_pushDown_NailingML_stick87_stick85_robot1_staplergun1_rpmanipulate,lift,,,0.50,1.00,"","",True,1645.16,0.00,0,0.000,3669.22,35.27,0.00,35.27,,
1315,False,,2026-05-29 20:07:28.632,LiftLL,LiftLL_liftAfterNail_NailingML_stick87_stick85_robot1_staplergun1_rpmanipulate,lift,,,0.50,1.00,"","",True,4098.75,0.00,0,0.000,6139.62,20.32,0.00,20.32,,
1316,False,,2026-05-29 20:07:36.028,NailingLL,NailingLL_moveToNailPos_NailingML_stick87_stick86_robot1_staplergun1_rpmanipulate,movej,unknown,nailgun,0.30,0.30,"0.316104;0.707388;0.378050;2.221441;-2.221441;0.000000","",True,5925.12,0.00,0,0.000,8012.54,1255.87,0.00,1255.87,,
1317,False,,2026-05-29 20:07:44.060,PushDownLL,PushDownLL_pushDown_NailingML_stick87_stick86_robot1_staplergun1_rpmanipulate,lift,,,0.50,1.00,"","",True,1674.00,0.00,0,0.000,3709.44,19.70,0.00,19.70,,
1318,False,,2026-05-29 20:07:47.800,LiftLL,LiftLL_liftAfterNail_NailingML_stick87_stick86_robot1_staplergun1_rpmanipulate,lift,,,0.50,1.00,"","",True,4008.44,0.00,0,0.000,6115.60,30.22,0.00,30.22,,
