Counter,Timestamp,ActionName,InstanceName,Status,AdditionalInfo,TimeSinceStartMs
1,2026-07-01 12:20:47.465,PickUpHL,PickUpHL_lp1_fp1_r1,STARTED,"HL subtree tick: FF_Default_DynamicFlow_PickUpHL_lp1_fp1_r1; DeltaTime: 0.100",1.17
2,2026-07-01 12:20:47.843,TravelML,TravelML_r1_pr2_ep1,STARTED,"ML action execution; DeltaTime: 0.100",379.68
3,2026-07-01 12:20:47.843,TravelML,TravelML_r1_pr2_ep1,STARTED,"DeltaTime: 0.100",379.89
4,2026-07-01 12:20:47.844,TravelML,TravelML_r1_pr2_ep1,COMPLETED,"Action logic completed successfully",379.93
5,2026-07-01 12:20:47.849,TravelML,TravelML_r1_pr2_ep1,COMPLETED,"Effects applied on exit",385.21
6,2026-07-01 12:20:47.962,PickUpHL,PickUpHL_lp1_fp1_r1,STARTED,"HL subtree tick: FF_Default_DynamicFlow_PickUpHL_lp1_fp1_r1; DeltaTime: 0.100",498.72
7,2026-07-01 12:20:47.965,EquipeML,EquipeML_r1_vg1_ep1,STARTED,"ML action execution; DeltaTime: 0.100",501.01
8,2026-07-01 12:20:47.965,EquipeML,EquipeML_r1_vg1_ep1,STARTED,"DeltaTime: 0.100",501.03
9,2026-07-01 12:20:47.965,EquipeML,EquipeML_r1_vg1_ep1,COMPLETED,"Action logic completed successfully",501.04
10,2026-07-01 12:20:47.969,EquipeML,EquipeML_r1_vg1_ep1,COMPLETED,"Effects applied on exit",505.45
11,2026-07-01 12:20:48.087,PickUpHL,PickUpHL_lp1_fp1_r1,STARTED,"HL subtree tick: FF_Default_DynamicFlow_PickUpHL_lp1_fp1_r1; DeltaTime: 0.100",623.50
12,2026-07-01 12:20:48.089,TravelML,TravelML_r1_ep1_fp1,STARTED,"ML action execution; DeltaTime: 0.100",625.00
13,2026-07-01 12:20:48.089,TravelML,TravelML_r1_ep1_fp1,STARTED,"DeltaTime: 0.100",625.02
14,2026-07-01 12:20:48.089,TravelML,TravelML_r1_ep1_fp1,COMPLETED,"Action logic completed successfully",625.02
15,2026-07-01 12:20:48.091,TravelML,TravelML_r1_ep1_fp1,COMPLETED,"Effects applied on exit",627.47
16,2026-07-01 12:20:48.209,PickUpHL,PickUpHL_lp1_fp1_r1,STARTED,"HL subtree tick: FF_Default_DynamicFlow_PickUpHL_lp1_fp1_r1; DeltaTime: 0.100",745.79
17,2026-07-01 12:20:48.211,InitializeML,InitializeML_r1_vg1,STARTED,"ML action execution; DeltaTime: 0.100",747.21
18,2026-07-01 12:20:48.211,InitializeML,InitializeML_r1_vg1,STARTED,"DeltaTime: 0.100",747.22
19,2026-07-01 12:20:48.211,InitializeML,InitializeML_r1_vg1,COMPLETED,"Action logic completed successfully",747.23
20,2026-07-01 12:20:48.214,InitializeML,InitializeML_r1_vg1,COMPLETED,"Effects applied on exit",750.57
21,2026-07-01 12:20:48.334,PickUpHL,PickUpHL_lp1_fp1_r1,STARTED,"HL subtree tick: FF_Default_DynamicFlow_PickUpHL_lp1_fp1_r1; DeltaTime: 0.100",870.57
22,2026-07-01 12:20:48.336,PickUpML,PickUpML_lp1_fp1_r1_vg1,STARTED,"ML action execution; DeltaTime: 0.100",871.99
23,2026-07-01 12:20:48.336,PickUpML,PickUpML_lp1_fp1_r1_vg1,STARTED,"DeltaTime: 0.100",872.00
24,2026-07-01 12:20:48.336,PickUpML,PickUpML_lp1_fp1_r1_vg1,COMPLETED,"Action logic completed successfully",872.01
25,2026-07-01 12:20:48.340,PickUpML,PickUpML_lp1_fp1_r1_vg1,COMPLETED,"Effects applied on exit",875.96
26,2026-07-01 12:20:48.461,PickUpHL,PickUpHL_lp1_fp1_r1,STARTED,"HL subtree tick: FF_Default_DynamicFlow_PickUpHL_lp1_fp1_r1; DeltaTime: 0.100",997.03
27,2026-07-01 12:20:48.462,PickUpHL,PickUpHL_lp1_fp1_r1,COMPLETED,"Subtree execution completed successfully",998.01
28,2026-07-01 12:20:48.462,PickUpHL,PickUpHL_lp1_fp1_r1,STARTED,"DeltaTime: 0.100",998.03
29,2026-07-01 12:20:48.462,PickUpHL,PickUpHL_lp1_fp1_r1,COMPLETED,"Action logic completed successfully",998.03
30,2026-07-01 12:20:48.464,PickUpHL,PickUpHL_lp1_fp1_r1,COMPLETED,"Effects applied on exit",1000.40
31,2026-07-01 12:20:48.611,PlaceHL,PlaceHL_lp1_pr1_r1,STARTED,"HL subtree tick: FF_Default_DynamicFlow_PlaceHL_lp1_pr1_r1; DeltaTime: 0.100",1147.29
32,2026-07-01 12:20:48.949,TravelML,TravelML_r1_fp1_pr1,STARTED,"ML action execution; DeltaTime: 0.100",1485.61
33,2026-07-01 12:20:48.949,TravelML,TravelML_r1_fp1_pr1,STARTED,"DeltaTime: 0.100",1485.63
34,2026-07-01 12:20:48.949,TravelML,TravelML_r1_fp1_pr1,COMPLETED,"Action logic completed successfully",1485.63
35,2026-07-01 12:20:48.951,TravelML,TravelML_r1_fp1_pr1,COMPLETED,"Effects applied on exit",1487.57
36,2026-07-01 12:20:49.063,PlaceHL,PlaceHL_lp1_pr1_r1,STARTED,"HL subtree tick: FF_Default_DynamicFlow_PlaceHL_lp1_pr1_r1; DeltaTime: 0.100",1599.14
37,2026-07-01 12:20:49.064,PlaceML,PlaceML_lp1_pr1_r1_vg1,STARTED,"ML action execution; DeltaTime: 0.100",1600.48
38,2026-07-01 12:20:49.064,PlaceML,PlaceML_lp1_pr1_r1_vg1,STARTED,"DeltaTime: 0.100",1600.50
39,2026-07-01 12:20:49.064,PlaceML,PlaceML_lp1_pr1_r1_vg1,COMPLETED,"Action logic completed successfully",1600.50
40,2026-07-01 12:20:49.066,PlaceML,PlaceML_lp1_pr1_r1_vg1,COMPLETED,"Effects applied on exit",1602.75
41,2026-07-01 12:20:49.188,PlaceHL,PlaceHL_lp1_pr1_r1,STARTED,"HL subtree tick: FF_Default_DynamicFlow_PlaceHL_lp1_pr1_r1; DeltaTime: 0.100",1724.00
42,2026-07-01 12:20:49.188,PlaceHL,PlaceHL_lp1_pr1_r1,COMPLETED,"Subtree execution completed successfully",1724.42
43,2026-07-01 12:20:49.188,PlaceHL,PlaceHL_lp1_pr1_r1,STARTED,"DeltaTime: 0.100",1724.43
44,2026-07-01 12:20:49.188,PlaceHL,PlaceHL_lp1_pr1_r1,COMPLETED,"Action logic completed successfully",1724.44
45,2026-07-01 12:20:49.190,PlaceHL,PlaceHL_lp1_pr1_r1,COMPLETED,"Effects applied on exit",1726.44
46,2026-07-01 12:20:49.331,PickUpHL,PickUpHL_lp2_fp9_r1,STARTED,"HL subtree tick: FF_Default_DynamicFlow_PickUpHL_lp2_fp9_r1; DeltaTime: 0.100",1867.61
47,2026-07-01 12:20:49.668,TravelML,TravelML_r1_pr1_fp9,STARTED,"ML action execution; DeltaTime: 0.100",2204.56
48,2026-07-01 12:20:49.668,TravelML,TravelML_r1_pr1_fp9,STARTED,"DeltaTime: 0.100",2204.58
49,2026-07-01 12:20:49.668,TravelML,TravelML_r1_pr1_fp9,COMPLETED,"Action logic completed successfully",2204.58
50,2026-07-01 12:20:49.670,TravelML,TravelML_r1_pr1_fp9,COMPLETED,"Effects applied on exit",2206.75
51,2026-07-01 12:20:49.781,PickUpHL,PickUpHL_lp2_fp9_r1,STARTED,"HL subtree tick: FF_Default_DynamicFlow_PickUpHL_lp2_fp9_r1; DeltaTime: 0.100",2317.02
52,2026-07-01 12:20:49.782,PickUpML,PickUpML_lp2_fp9_r1_vg1,STARTED,"ML action execution; DeltaTime: 0.100",2318.25
53,2026-07-01 12:20:49.782,PickUpML,PickUpML_lp2_fp9_r1_vg1,STARTED,"DeltaTime: 0.100",2318.26
54,2026-07-01 12:20:49.782,PickUpML,PickUpML_lp2_fp9_r1_vg1,COMPLETED,"Action logic completed successfully",2318.27
55,2026-07-01 12:20:49.785,PickUpML,PickUpML_lp2_fp9_r1_vg1,COMPLETED,"Effects applied on exit",2321.00
56,2026-07-01 12:20:49.912,PickUpHL,PickUpHL_lp2_fp9_r1,STARTED,"HL subtree tick: FF_Default_DynamicFlow_PickUpHL_lp2_fp9_r1; DeltaTime: 0.100",2448.06
57,2026-07-01 12:20:49.913,PickUpHL,PickUpHL_lp2_fp9_r1,COMPLETED,"Subtree execution completed successfully",2448.91
58,2026-07-01 12:20:49.913,PickUpHL,PickUpHL_lp2_fp9_r1,STARTED,"DeltaTime: 0.100",2448.93
59,2026-07-01 12:20:49.913,PickUpHL,PickUpHL_lp2_fp9_r1,COMPLETED,"Action logic completed successfully",2448.94
60,2026-07-01 12:20:49.916,PickUpHL,PickUpHL_lp2_fp9_r1,COMPLETED,"Effects applied on exit",2452.42
61,2026-07-01 12:20:50.067,PlaceHL,PlaceHL_lp2_pr2_r1,STARTED,"HL subtree tick: FF_Default_DynamicFlow_PlaceHL_lp2_pr2_r1; DeltaTime: 0.100",2603.52
62,2026-07-01 12:20:50.410,TravelML,TravelML_r1_fp9_pr2,STARTED,"ML action execution; DeltaTime: 0.100",2946.52
63,2026-07-01 12:20:50.410,TravelML,TravelML_r1_fp9_pr2,STARTED,"DeltaTime: 0.100",2946.53
64,2026-07-01 12:20:50.410,TravelML,TravelML_r1_fp9_pr2,COMPLETED,"Action logic completed successfully",2946.54
65,2026-07-01 12:20:50.412,TravelML,TravelML_r1_fp9_pr2,COMPLETED,"Effects applied on exit",2948.75
66,2026-07-01 12:20:50.524,PlaceHL,PlaceHL_lp2_pr2_r1,STARTED,"HL subtree tick: FF_Default_DynamicFlow_PlaceHL_lp2_pr2_r1; DeltaTime: 0.100",3060.81
67,2026-07-01 12:20:50.525,PlaceML,PlaceML_lp2_pr2_r1_vg1,STARTED,"ML action execution; DeltaTime: 0.100",3061.83
68,2026-07-01 12:20:50.525,PlaceML,PlaceML_lp2_pr2_r1_vg1,STARTED,"DeltaTime: 0.100",3061.84
69,2026-07-01 12:20:50.525,PlaceML,PlaceML_lp2_pr2_r1_vg1,COMPLETED,"Action logic completed successfully",3061.87
70,2026-07-01 12:20:50.528,PlaceML,PlaceML_lp2_pr2_r1_vg1,COMPLETED,"Effects applied on exit",3064.23
71,2026-07-01 12:20:50.648,PlaceHL,PlaceHL_lp2_pr2_r1,STARTED,"HL subtree tick: FF_Default_DynamicFlow_PlaceHL_lp2_pr2_r1; DeltaTime: 0.100",3184.80
72,2026-07-01 12:20:50.649,PlaceHL,PlaceHL_lp2_pr2_r1,COMPLETED,"Subtree execution completed successfully",3185.21
73,2026-07-01 12:20:50.649,PlaceHL,PlaceHL_lp2_pr2_r1,STARTED,"DeltaTime: 0.100",3185.22
74,2026-07-01 12:20:50.649,PlaceHL,PlaceHL_lp2_pr2_r1,COMPLETED,"Action logic completed successfully",3185.23
75,2026-07-01 12:20:50.651,PlaceHL,PlaceHL_lp2_pr2_r1,COMPLETED,"Effects applied on exit",3187.04
76,2026-07-01 12:20:50.785,PickUpHL,PickUpHL_lp3_fp17_r1,STARTED,"HL subtree tick: FF_Default_DynamicFlow_PickUpHL_lp3_fp17_r1; DeltaTime: 0.100",3321.71
77,2026-07-01 12:20:51.114,TravelML,TravelML_r1_pr2_fp17,STARTED,"ML action execution; DeltaTime: 0.100",3650.61
78,2026-07-01 12:20:51.114,TravelML,TravelML_r1_pr2_fp17,STARTED,"DeltaTime: 0.100",3650.62
79,2026-07-01 12:20:51.114,TravelML,TravelML_r1_pr2_fp17,COMPLETED,"Action logic completed successfully",3650.63
80,2026-07-01 12:20:51.116,TravelML,TravelML_r1_pr2_fp17,COMPLETED,"Effects applied on exit",3652.81
81,2026-07-01 12:20:51.238,PickUpHL,PickUpHL_lp3_fp17_r1,STARTED,"HL subtree tick: FF_Default_DynamicFlow_PickUpHL_lp3_fp17_r1; DeltaTime: 0.100",3774.28
82,2026-07-01 12:20:51.239,PickUpML,PickUpML_lp3_fp17_r1_vg1,STARTED,"ML action execution; DeltaTime: 0.100",3775.88
83,2026-07-01 12:20:51.239,PickUpML,PickUpML_lp3_fp17_r1_vg1,STARTED,"DeltaTime: 0.100",3775.90
84,2026-07-01 12:20:51.240,PickUpML,PickUpML_lp3_fp17_r1_vg1,COMPLETED,"Action logic completed successfully",3775.91
85,2026-07-01 12:20:51.244,PickUpML,PickUpML_lp3_fp17_r1_vg1,COMPLETED,"Effects applied on exit",3780.88
86,2026-07-01 12:20:51.362,PickUpHL,PickUpHL_lp3_fp17_r1,STARTED,"HL subtree tick: FF_Default_DynamicFlow_PickUpHL_lp3_fp17_r1; DeltaTime: 0.100",3898.61
87,2026-07-01 12:20:51.363,PickUpHL,PickUpHL_lp3_fp17_r1,COMPLETED,"Subtree execution completed successfully",3898.97
88,2026-07-01 12:20:51.363,PickUpHL,PickUpHL_lp3_fp17_r1,STARTED,"DeltaTime: 0.100",3898.98
89,2026-07-01 12:20:51.363,PickUpHL,PickUpHL_lp3_fp17_r1,COMPLETED,"Action logic completed successfully",3898.99
90,2026-07-01 12:20:51.364,PickUpHL,PickUpHL_lp3_fp17_r1,COMPLETED,"Effects applied on exit",3900.67
91,2026-07-01 12:20:51.509,PlaceHL,PlaceHL_lp3_pr3_r1,STARTED,"HL subtree tick: FF_Default_DynamicFlow_PlaceHL_lp3_pr3_r1; DeltaTime: 0.100",4045.25
92,2026-07-01 12:20:51.875,TravelML,TravelML_r1_fp17_pr3,STARTED,"ML action execution; DeltaTime: 0.100",4411.30
93,2026-07-01 12:20:51.875,TravelML,TravelML_r1_fp17_pr3,STARTED,"DeltaTime: 0.100",4411.32
94,2026-07-01 12:20:51.875,TravelML,TravelML_r1_fp17_pr3,COMPLETED,"Action logic completed successfully",4411.33
95,2026-07-01 12:20:51.877,TravelML,TravelML_r1_fp17_pr3,COMPLETED,"Effects applied on exit",4413.69
96,2026-07-01 12:20:51.986,PlaceHL,PlaceHL_lp3_pr3_r1,STARTED,"HL subtree tick: FF_Default_DynamicFlow_PlaceHL_lp3_pr3_r1; DeltaTime: 0.100",4522.71
97,2026-07-01 12:20:51.987,PlaceML,PlaceML_lp3_pr3_r1_vg1,STARTED,"ML action execution; DeltaTime: 0.100",4523.79
98,2026-07-01 12:20:51.987,PlaceML,PlaceML_lp3_pr3_r1_vg1,STARTED,"DeltaTime: 0.100",4523.80
99,2026-07-01 12:20:51.987,PlaceML,PlaceML_lp3_pr3_r1_vg1,COMPLETED,"Action logic completed successfully",4523.81
100,2026-07-01 12:20:51.990,PlaceML,PlaceML_lp3_pr3_r1_vg1,COMPLETED,"Effects applied on exit",4525.99
101,2026-07-01 12:20:52.114,PlaceHL,PlaceHL_lp3_pr3_r1,STARTED,"HL subtree tick: FF_Default_DynamicFlow_PlaceHL_lp3_pr3_r1; DeltaTime: 0.100",4649.98
102,2026-07-01 12:20:52.114,PlaceHL,PlaceHL_lp3_pr3_r1,COMPLETED,"Subtree execution completed successfully",4650.43
103,2026-07-01 12:20:52.114,PlaceHL,PlaceHL_lp3_pr3_r1,STARTED,"DeltaTime: 0.100",4650.44
104,2026-07-01 12:20:52.114,PlaceHL,PlaceHL_lp3_pr3_r1,COMPLETED,"Action logic completed successfully",4650.45
105,2026-07-01 12:20:52.116,PlaceHL,PlaceHL_lp3_pr3_r1,COMPLETED,"Effects applied on exit",4652.09
106,2026-07-01 12:20:52.268,PickUpHL,PickUpHL_lp4_fp25_r1,STARTED,"HL subtree tick: FF_Default_DynamicFlow_PickUpHL_lp4_fp25_r1; DeltaTime: 0.100",4804.30
107,2026-07-01 12:20:52.628,TravelML,TravelML_r1_pr3_fp25,STARTED,"ML action execution; DeltaTime: 0.100",5164.43
108,2026-07-01 12:20:52.628,TravelML,TravelML_r1_pr3_fp25,STARTED,"DeltaTime: 0.100",5164.45
109,2026-07-01 12:20:52.628,TravelML,TravelML_r1_pr3_fp25,COMPLETED,"Action logic completed successfully",5164.45
110,2026-07-01 12:20:52.631,TravelML,TravelML_r1_pr3_fp25,COMPLETED,"Effects applied on exit",5166.96
111,2026-07-01 12:20:52.742,PickUpHL,PickUpHL_lp4_fp25_r1,STARTED,"HL subtree tick: FF_Default_DynamicFlow_PickUpHL_lp4_fp25_r1; DeltaTime: 0.100",5278.78
112,2026-07-01 12:20:52.744,PickUpML,PickUpML_lp4_fp25_r1_vg1,STARTED,"ML action execution; DeltaTime: 0.100",5280.28
113,2026-07-01 12:20:52.744,PickUpML,PickUpML_lp4_fp25_r1_vg1,STARTED,"DeltaTime: 0.100",5280.30
114,2026-07-01 12:20:52.744,PickUpML,PickUpML_lp4_fp25_r1_vg1,COMPLETED,"Action logic completed successfully",5280.30
115,2026-07-01 12:20:52.747,PickUpML,PickUpML_lp4_fp25_r1_vg1,COMPLETED,"Effects applied on exit",5282.90
116,2026-07-01 12:20:52.869,PickUpHL,PickUpHL_lp4_fp25_r1,STARTED,"HL subtree tick: FF_Default_DynamicFlow_PickUpHL_lp4_fp25_r1; DeltaTime: 0.100",5405.33
117,2026-07-01 12:20:52.869,PickUpHL,PickUpHL_lp4_fp25_r1,COMPLETED,"Subtree execution completed successfully",5405.71
118,2026-07-01 12:20:52.869,PickUpHL,PickUpHL_lp4_fp25_r1,STARTED,"DeltaTime: 0.100",5405.72
119,2026-07-01 12:20:52.869,PickUpHL,PickUpHL_lp4_fp25_r1,COMPLETED,"Action logic completed successfully",5405.73
120,2026-07-01 12:20:52.871,PickUpHL,PickUpHL_lp4_fp25_r1,COMPLETED,"Effects applied on exit",5407.58
121,2026-07-01 12:20:53.024,PlaceHL,PlaceHL_lp4_pr4_r1,STARTED,"HL subtree tick: FF_Default_DynamicFlow_PlaceHL_lp4_pr4_r1; DeltaTime: 0.100",5560.30
122,2026-07-01 12:20:53.352,TravelML,TravelML_r1_fp25_pr4,STARTED,"ML action execution; DeltaTime: 0.100",5888.81
123,2026-07-01 12:20:53.352,TravelML,TravelML_r1_fp25_pr4,STARTED,"DeltaTime: 0.100",5888.83
124,2026-07-01 12:20:53.352,TravelML,TravelML_r1_fp25_pr4,COMPLETED,"Action logic completed successfully",5888.83
125,2026-07-01 12:20:53.355,TravelML,TravelML_r1_fp25_pr4,COMPLETED,"Effects applied on exit",5891.01
126,2026-07-01 12:20:53.472,PlaceHL,PlaceHL_lp4_pr4_r1,STARTED,"HL subtree tick: FF_Default_DynamicFlow_PlaceHL_lp4_pr4_r1; DeltaTime: 0.100",6008.62
127,2026-07-01 12:20:53.475,PlaceML,PlaceML_lp4_pr4_r1_vg1,STARTED,"ML action execution; DeltaTime: 0.100",6011.41
128,2026-07-01 12:20:53.475,PlaceML,PlaceML_lp4_pr4_r1_vg1,STARTED,"DeltaTime: 0.100",6011.43
129,2026-07-01 12:20:53.475,PlaceML,PlaceML_lp4_pr4_r1_vg1,COMPLETED,"Action logic completed successfully",6011.44
130,2026-07-01 12:20:53.479,PlaceML,PlaceML_lp4_pr4_r1_vg1,COMPLETED,"Effects applied on exit",6015.74
131,2026-07-01 12:20:53.590,PlaceHL,PlaceHL_lp4_pr4_r1,STARTED,"HL subtree tick: FF_Default_DynamicFlow_PlaceHL_lp4_pr4_r1; DeltaTime: 0.100",6126.12
132,2026-07-01 12:20:53.590,PlaceHL,PlaceHL_lp4_pr4_r1,COMPLETED,"Subtree execution completed successfully",6126.55
133,2026-07-01 12:20:53.590,PlaceHL,PlaceHL_lp4_pr4_r1,STARTED,"DeltaTime: 0.100",6126.56
134,2026-07-01 12:20:53.590,PlaceHL,PlaceHL_lp4_pr4_r1,COMPLETED,"Action logic completed successfully",6126.57
135,2026-07-01 12:20:53.592,PlaceHL,PlaceHL_lp4_pr4_r1,COMPLETED,"Effects applied on exit",6128.40
136,2026-07-01 12:20:53.752,GluingPlateHL,GluingPlateHL_lp1_pr1_r1,STARTED,"HL subtree tick: FF_Default_DynamicFlow_GluingPlateHL_lp1_pr1_r1; DeltaTime: 0.100",6288.60
137,2026-07-01 12:20:54.132,TravelML,TravelML_r1_pr4_ep1,STARTED,"ML action execution; DeltaTime: 0.100",6668.33
138,2026-07-01 12:20:54.132,TravelML,TravelML_r1_pr4_ep1,STARTED,"DeltaTime: 0.100",6668.36
139,2026-07-01 12:20:54.132,TravelML,TravelML_r1_pr4_ep1,COMPLETED,"Action logic completed successfully",6668.37
140,2026-07-01 12:20:54.134,TravelML,TravelML_r1_pr4_ep1,COMPLETED,"Effects applied on exit",6670.49
141,2026-07-01 12:20:54.240,GluingPlateHL,GluingPlateHL_lp1_pr1_r1,STARTED,"HL subtree tick: FF_Default_DynamicFlow_GluingPlateHL_lp1_pr1_r1; DeltaTime: 0.100",6776.67
142,2026-07-01 12:20:54.242,CloseToolML,CloseToolML_r1_vg1,STARTED,"ML action execution; DeltaTime: 0.100",6778.58
143,2026-07-01 12:20:54.242,CloseToolML,CloseToolML_r1_vg1,STARTED,"DeltaTime: 0.100",6778.59
144,2026-07-01 12:20:54.242,CloseToolML,CloseToolML_r1_vg1,COMPLETED,"Action logic completed successfully",6778.60
145,2026-07-01 12:20:54.244,CloseToolML,CloseToolML_r1_vg1,COMPLETED,"Effects applied on exit",6780.03
146,2026-07-01 12:20:54.366,GluingPlateHL,GluingPlateHL_lp1_pr1_r1,STARTED,"HL subtree tick: FF_Default_DynamicFlow_GluingPlateHL_lp1_pr1_r1; DeltaTime: 0.100",6902.80
147,2026-07-01 12:20:54.369,DeequipML,DeequipML_r1_vg1_ep1,STARTED,"ML action execution; DeltaTime: 0.100",6905.02
148,2026-07-01 12:20:54.369,DeequipML,DeequipML_r1_vg1_ep1,STARTED,"DeltaTime: 0.100",6905.04
149,2026-07-01 12:20:54.369,DeequipML,DeequipML_r1_vg1_ep1,COMPLETED,"Action logic completed successfully",6905.04
150,2026-07-01 12:20:54.371,DeequipML,DeequipML_r1_vg1_ep1,COMPLETED,"Effects applied on exit",6907.03
151,2026-07-01 12:20:54.494,GluingPlateHL,GluingPlateHL_lp1_pr1_r1,STARTED,"HL subtree tick: FF_Default_DynamicFlow_GluingPlateHL_lp1_pr1_r1; DeltaTime: 0.100",7030.00
152,2026-07-01 12:20:54.495,TravelML,TravelML_r1_ep1_ep2,STARTED,"ML action execution; DeltaTime: 0.100",7031.58
153,2026-07-01 12:20:54.495,TravelML,TravelML_r1_ep1_ep2,STARTED,"DeltaTime: 0.100",7031.59
154,2026-07-01 12:20:54.495,TravelML,TravelML_r1_ep1_ep2,COMPLETED,"Action logic completed successfully",7031.60
155,2026-07-01 12:20:54.498,TravelML,TravelML_r1_ep1_ep2,COMPLETED,"Effects applied on exit",7034.07
156,2026-07-01 12:20:54.621,GluingPlateHL,GluingPlateHL_lp1_pr1_r1,STARTED,"HL subtree tick: FF_Default_DynamicFlow_GluingPlateHL_lp1_pr1_r1; DeltaTime: 0.100",7157.58
157,2026-07-01 12:20:54.625,EquipeML,EquipeML_r1_gg1_ep2,STARTED,"ML action execution; DeltaTime: 0.100",7161.58
158,2026-07-01 12:20:54.625,EquipeML,EquipeML_r1_gg1_ep2,STARTED,"DeltaTime: 0.100",7161.59
159,2026-07-01 12:20:54.625,EquipeML,EquipeML_r1_gg1_ep2,COMPLETED,"Action logic completed successfully",7161.61
160,2026-07-01 12:20:54.630,EquipeML,EquipeML_r1_gg1_ep2,COMPLETED,"Effects applied on exit",7166.08
161,2026-07-01 12:20:54.749,GluingPlateHL,GluingPlateHL_lp1_pr1_r1,STARTED,"HL subtree tick: FF_Default_DynamicFlow_GluingPlateHL_lp1_pr1_r1; DeltaTime: 0.100",7285.33
162,2026-07-01 12:20:54.751,TravelML,TravelML_r1_ep2_pr1,STARTED,"ML action execution; DeltaTime: 0.100",7287.71
163,2026-07-01 12:20:54.751,TravelML,TravelML_r1_ep2_pr1,STARTED,"DeltaTime: 0.100",7287.73
164,2026-07-01 12:20:54.751,TravelML,TravelML_r1_ep2_pr1,COMPLETED,"Action logic completed successfully",7287.74
165,2026-07-01 12:20:54.754,TravelML,TravelML_r1_ep2_pr1,COMPLETED,"Effects applied on exit",7290.32
166,2026-07-01 12:20:54.879,GluingPlateHL,GluingPlateHL_lp1_pr1_r1,STARTED,"HL subtree tick: FF_Default_DynamicFlow_GluingPlateHL_lp1_pr1_r1; DeltaTime: 0.100",7415.43
167,2026-07-01 12:20:54.881,InitializeML,InitializeML_r1_gg1,STARTED,"ML action execution; DeltaTime: 0.100",7417.70
168,2026-07-01 12:20:54.881,InitializeML,InitializeML_r1_gg1,STARTED,"DeltaTime: 0.100",7417.71
169,2026-07-01 12:20:54.881,InitializeML,InitializeML_r1_gg1,COMPLETED,"Action logic completed successfully",7417.72
170,2026-07-01 12:20:54.884,InitializeML,InitializeML_r1_gg1,COMPLETED,"Effects applied on exit",7420.27
171,2026-07-01 12:20:54.994,GluingPlateHL,GluingPlateHL_lp1_pr1_r1,STARTED,"HL subtree tick: FF_Default_DynamicFlow_GluingPlateHL_lp1_pr1_r1; DeltaTime: 0.100",7530.74
172,2026-07-01 12:20:54.996,GluingML,GluingML_lp1_pr1_r1_gg1,STARTED,"ML action execution; DeltaTime: 0.100",7532.43
173,2026-07-01 12:20:54.996,GluingML,GluingML_lp1_pr1_r1_gg1,STARTED,"DeltaTime: 0.100",7532.45
174,2026-07-01 12:20:54.996,GluingML,GluingML_lp1_pr1_r1_gg1,COMPLETED,"Action logic completed successfully",7532.45
175,2026-07-01 12:20:54.998,GluingML,GluingML_lp1_pr1_r1_gg1,COMPLETED,"Effects applied on exit",7534.40
176,2026-07-01 12:20:55.124,GluingPlateHL,GluingPlateHL_lp1_pr1_r1,STARTED,"HL subtree tick: FF_Default_DynamicFlow_GluingPlateHL_lp1_pr1_r1; DeltaTime: 0.100",7659.98
177,2026-07-01 12:20:55.125,GluingPlateHL,GluingPlateHL_lp1_pr1_r1,COMPLETED,"Subtree execution completed successfully",7660.97
178,2026-07-01 12:20:55.125,GluingPlateHL,GluingPlateHL_lp1_pr1_r1,STARTED,"DeltaTime: 0.100",7660.97
179,2026-07-01 12:20:55.125,GluingPlateHL,GluingPlateHL_lp1_pr1_r1,COMPLETED,"Action logic completed successfully",7660.98
180,2026-07-01 12:20:55.126,GluingPlateHL,GluingPlateHL_lp1_pr1_r1,COMPLETED,"Effects applied on exit",7662.75
181,2026-07-01 12:20:55.261,GluingPlateHL,GluingPlateHL_lp2_pr2_r1,STARTED,"HL subtree tick: FF_Default_DynamicFlow_GluingPlateHL_lp2_pr2_r1; DeltaTime: 0.100",7797.24
182,2026-07-01 12:20:55.611,TravelML,TravelML_r1_pr1_pr2,STARTED,"ML action execution; DeltaTime: 0.100",8147.90
183,2026-07-01 12:20:55.612,TravelML,TravelML_r1_pr1_pr2,STARTED,"DeltaTime: 0.100",8147.91
184,2026-07-01 12:20:55.612,TravelML,TravelML_r1_pr1_pr2,COMPLETED,"Action logic completed successfully",8147.93
185,2026-07-01 12:20:55.614,TravelML,TravelML_r1_pr1_pr2,COMPLETED,"Effects applied on exit",8150.36
186,2026-07-01 12:20:55.724,GluingPlateHL,GluingPlateHL_lp2_pr2_r1,STARTED,"HL subtree tick: FF_Default_DynamicFlow_GluingPlateHL_lp2_pr2_r1; DeltaTime: 0.100",8260.42
187,2026-07-01 12:20:55.725,GluingML,GluingML_lp2_pr2_r1_gg1,STARTED,"ML action execution; DeltaTime: 0.100",8261.65
188,2026-07-01 12:20:55.725,GluingML,GluingML_lp2_pr2_r1_gg1,STARTED,"DeltaTime: 0.100",8261.66
189,2026-07-01 12:20:55.725,GluingML,GluingML_lp2_pr2_r1_gg1,COMPLETED,"Action logic completed successfully",8261.66
190,2026-07-01 12:20:55.728,GluingML,GluingML_lp2_pr2_r1_gg1,COMPLETED,"Effects applied on exit",8264.09
191,2026-07-01 12:20:55.858,GluingPlateHL,GluingPlateHL_lp2_pr2_r1,STARTED,"HL subtree tick: FF_Default_DynamicFlow_GluingPlateHL_lp2_pr2_r1; DeltaTime: 0.100",8394.49
192,2026-07-01 12:20:55.859,GluingPlateHL,GluingPlateHL_lp2_pr2_r1,COMPLETED,"Subtree execution completed successfully",8395.33
193,2026-07-01 12:20:55.859,GluingPlateHL,GluingPlateHL_lp2_pr2_r1,STARTED,"DeltaTime: 0.100",8395.35
194,2026-07-01 12:20:55.859,GluingPlateHL,GluingPlateHL_lp2_pr2_r1,COMPLETED,"Action logic completed successfully",8395.36
195,2026-07-01 12:20:55.861,GluingPlateHL,GluingPlateHL_lp2_pr2_r1,COMPLETED,"Effects applied on exit",8397.81
196,2026-07-01 12:20:55.998,GluingPlateHL,GluingPlateHL_lp3_pr3_r1,STARTED,"HL subtree tick: FF_Default_DynamicFlow_GluingPlateHL_lp3_pr3_r1; DeltaTime: 0.100",8534.65
197,2026-07-01 12:20:56.375,TravelML,TravelML_r1_pr2_pr3,STARTED,"ML action execution; DeltaTime: 0.100",8911.14
198,2026-07-01 12:20:56.375,TravelML,TravelML_r1_pr2_pr3,STARTED,"DeltaTime: 0.100",8911.16
199,2026-07-01 12:20:56.375,TravelML,TravelML_r1_pr2_pr3,COMPLETED,"Action logic completed successfully",8911.17
200,2026-07-01 12:20:56.377,TravelML,TravelML_r1_pr2_pr3,COMPLETED,"Effects applied on exit",8913.48
201,2026-07-01 12:20:56.497,GluingPlateHL,GluingPlateHL_lp3_pr3_r1,STARTED,"HL subtree tick: FF_Default_DynamicFlow_GluingPlateHL_lp3_pr3_r1; DeltaTime: 0.100",9032.94
202,2026-07-01 12:20:56.499,GluingML,GluingML_lp3_pr3_r1_gg1,STARTED,"ML action execution; DeltaTime: 0.100",9035.03
203,2026-07-01 12:20:56.499,GluingML,GluingML_lp3_pr3_r1_gg1,STARTED,"DeltaTime: 0.100",9035.04
204,2026-07-01 12:20:56.499,GluingML,GluingML_lp3_pr3_r1_gg1,COMPLETED,"Action logic completed successfully",9035.05
205,2026-07-01 12:20:56.502,GluingML,GluingML_lp3_pr3_r1_gg1,COMPLETED,"Effects applied on exit",9038.07
206,2026-07-01 12:20:56.622,GluingPlateHL,GluingPlateHL_lp3_pr3_r1,STARTED,"HL subtree tick: FF_Default_DynamicFlow_GluingPlateHL_lp3_pr3_r1; DeltaTime: 0.100",9158.37
207,2026-07-01 12:20:56.622,GluingPlateHL,GluingPlateHL_lp3_pr3_r1,COMPLETED,"Subtree execution completed successfully",9158.76
208,2026-07-01 12:20:56.622,GluingPlateHL,GluingPlateHL_lp3_pr3_r1,STARTED,"DeltaTime: 0.100",9158.77
209,2026-07-01 12:20:56.622,GluingPlateHL,GluingPlateHL_lp3_pr3_r1,COMPLETED,"Action logic completed successfully",9158.78
210,2026-07-01 12:20:56.624,GluingPlateHL,GluingPlateHL_lp3_pr3_r1,COMPLETED,"Effects applied on exit",9160.29
211,2026-07-01 12:20:56.752,GluingPlateHL,GluingPlateHL_lp4_pr4_r1,STARTED,"HL subtree tick: FF_Default_DynamicFlow_GluingPlateHL_lp4_pr4_r1; DeltaTime: 0.100",9288.84
212,2026-07-01 12:20:57.115,TravelML,TravelML_r1_pr3_pr4,STARTED,"ML action execution; DeltaTime: 0.100",9651.45
213,2026-07-01 12:20:57.115,TravelML,TravelML_r1_pr3_pr4,STARTED,"DeltaTime: 0.100",9651.48
214,2026-07-01 12:20:57.115,TravelML,TravelML_r1_pr3_pr4,COMPLETED,"Action logic completed successfully",9651.48
215,2026-07-01 12:20:57.117,TravelML,TravelML_r1_pr3_pr4,COMPLETED,"Effects applied on exit",9653.65
216,2026-07-01 12:20:57.242,GluingPlateHL,GluingPlateHL_lp4_pr4_r1,STARTED,"HL subtree tick: FF_Default_DynamicFlow_GluingPlateHL_lp4_pr4_r1; DeltaTime: 0.100",9778.17
217,2026-07-01 12:20:57.243,GluingML,GluingML_lp4_pr4_r1_gg1,STARTED,"ML action execution; DeltaTime: 0.100",9779.56
218,2026-07-01 12:20:57.243,GluingML,GluingML_lp4_pr4_r1_gg1,STARTED,"DeltaTime: 0.100",9779.57
219,2026-07-01 12:20:57.243,GluingML,GluingML_lp4_pr4_r1_gg1,COMPLETED,"Action logic completed successfully",9779.58
220,2026-07-01 12:20:57.245,GluingML,GluingML_lp4_pr4_r1_gg1,COMPLETED,"Effects applied on exit",9781.29
221,2026-07-01 12:20:57.366,GluingPlateHL,GluingPlateHL_lp4_pr4_r1,STARTED,"HL subtree tick: FF_Default_DynamicFlow_GluingPlateHL_lp4_pr4_r1; DeltaTime: 0.100",9902.57
222,2026-07-01 12:20:57.367,GluingPlateHL,GluingPlateHL_lp4_pr4_r1,COMPLETED,"Subtree execution completed successfully",9903.02
223,2026-07-01 12:20:57.367,GluingPlateHL,GluingPlateHL_lp4_pr4_r1,STARTED,"DeltaTime: 0.100",9903.02
224,2026-07-01 12:20:57.367,GluingPlateHL,GluingPlateHL_lp4_pr4_r1,COMPLETED,"Action logic completed successfully",9903.03
225,2026-07-01 12:20:57.368,GluingPlateHL,GluingPlateHL_lp4_pr4_r1,COMPLETED,"Effects applied on exit",9904.59
226,2026-07-01 12:20:57.510,PickUpHL,PickUpHL_b1_fp2_r1,STARTED,"HL subtree tick: FF_Default_DynamicFlow_PickUpHL_b1_fp2_r1; DeltaTime: 0.100",10046.11
227,2026-07-01 12:20:57.920,TravelML,TravelML_r1_pr4_ep2,STARTED,"ML action execution; DeltaTime: 0.100",10455.97
228,2026-07-01 12:20:57.920,TravelML,TravelML_r1_pr4_ep2,STARTED,"DeltaTime: 0.100",10455.98
229,2026-07-01 12:20:57.920,TravelML,TravelML_r1_pr4_ep2,COMPLETED,"Action logic completed successfully",10455.99
230,2026-07-01 12:20:57.922,TravelML,TravelML_r1_pr4_ep2,COMPLETED,"Effects applied on exit",10458.04
231,2026-07-01 12:20:58.056,PickUpHL,PickUpHL_b1_fp2_r1,STARTED,"HL subtree tick: FF_Default_DynamicFlow_PickUpHL_b1_fp2_r1; DeltaTime: 0.100",10592.58
232,2026-07-01 12:20:58.059,CloseToolML,CloseToolML_r1_gg1,STARTED,"ML action execution; DeltaTime: 0.100",10595.40
233,2026-07-01 12:20:58.059,CloseToolML,CloseToolML_r1_gg1,STARTED,"DeltaTime: 0.100",10595.42
234,2026-07-01 12:20:58.059,CloseToolML,CloseToolML_r1_gg1,COMPLETED,"Action logic completed successfully",10595.43
235,2026-07-01 12:20:58.061,CloseToolML,CloseToolML_r1_gg1,COMPLETED,"Effects applied on exit",10597.75
236,2026-07-01 12:20:58.176,PickUpHL,PickUpHL_b1_fp2_r1,STARTED,"HL subtree tick: FF_Default_DynamicFlow_PickUpHL_b1_fp2_r1; DeltaTime: 0.100",10712.01
237,2026-07-01 12:20:58.178,DeequipML,DeequipML_r1_gg1_ep2,STARTED,"ML action execution; DeltaTime: 0.100",10714.41
238,2026-07-01 12:20:58.178,DeequipML,DeequipML_r1_gg1_ep2,STARTED,"DeltaTime: 0.100",10714.45
239,2026-07-01 12:20:58.178,DeequipML,DeequipML_r1_gg1_ep2,COMPLETED,"Action logic completed successfully",10714.46
240,2026-07-01 12:20:58.180,DeequipML,DeequipML_r1_gg1_ep2,COMPLETED,"Effects applied on exit",10716.25
241,2026-07-01 12:20:58.284,PickUpHL,PickUpHL_b1_fp2_r1,STARTED,"HL subtree tick: FF_Default_DynamicFlow_PickUpHL_b1_fp2_r1; DeltaTime: 0.100",10820.90
242,2026-07-01 12:20:58.286,TravelML,TravelML_r1_ep2_fp2,STARTED,"ML action execution; DeltaTime: 0.100",10822.62
243,2026-07-01 12:20:58.286,TravelML,TravelML_r1_ep2_fp2,STARTED,"DeltaTime: 0.100",10822.63
244,2026-07-01 12:20:58.286,TravelML,TravelML_r1_ep2_fp2,COMPLETED,"Action logic completed successfully",10822.63
245,2026-07-01 12:20:58.288,TravelML,TravelML_r1_ep2_fp2,COMPLETED,"Effects applied on exit",10824.57
246,2026-07-01 12:20:58.398,PickUpHL,PickUpHL_b1_fp2_r1,STARTED,"HL subtree tick: FF_Default_DynamicFlow_PickUpHL_b1_fp2_r1; DeltaTime: 0.100",10934.74
247,2026-07-01 12:20:58.400,TravelML,TravelML_r1_fp2_ep1,STARTED,"ML action execution; DeltaTime: 0.100",10936.85
248,2026-07-01 12:20:58.400,TravelML,TravelML_r1_fp2_ep1,STARTED,"DeltaTime: 0.100",10936.86
249,2026-07-01 12:20:58.400,TravelML,TravelML_r1_fp2_ep1,COMPLETED,"Action logic completed successfully",10936.87
250,2026-07-01 12:20:58.402,TravelML,TravelML_r1_fp2_ep1,COMPLETED,"Effects applied on exit",10938.85
251,2026-07-01 12:20:58.526,PickUpHL,PickUpHL_b1_fp2_r1,STARTED,"HL subtree tick: FF_Default_DynamicFlow_PickUpHL_b1_fp2_r1; DeltaTime: 0.100",11062.22
252,2026-07-01 12:20:58.528,EquipeML,EquipeML_r1_vg1_ep1,STARTED,"ML action execution; DeltaTime: 0.100",11063.94
253,2026-07-01 12:20:58.528,EquipeML,EquipeML_r1_vg1_ep1,STARTED,"DeltaTime: 0.100",11063.95
254,2026-07-01 12:20:58.528,EquipeML,EquipeML_r1_vg1_ep1,COMPLETED,"Action logic completed successfully",11063.96
255,2026-07-01 12:20:58.529,EquipeML,EquipeML_r1_vg1_ep1,COMPLETED,"Effects applied on exit",11065.69
256,2026-07-01 12:20:58.652,PickUpHL,PickUpHL_b1_fp2_r1,STARTED,"HL subtree tick: FF_Default_DynamicFlow_PickUpHL_b1_fp2_r1; DeltaTime: 0.100",11188.17
257,2026-07-01 12:20:58.656,TravelML,TravelML_r1_ep1_fp2,STARTED,"ML action execution; DeltaTime: 0.100",11192.76
258,2026-07-01 12:20:58.656,TravelML,TravelML_r1_ep1_fp2,STARTED,"DeltaTime: 0.100",11192.77
259,2026-07-01 12:20:58.656,TravelML,TravelML_r1_ep1_fp2,COMPLETED,"Action logic completed successfully",11192.79
260,2026-07-01 12:20:58.658,TravelML,TravelML_r1_ep1_fp2,COMPLETED,"Effects applied on exit",11194.77
261,2026-07-01 12:20:58.775,PickUpHL,PickUpHL_b1_fp2_r1,STARTED,"HL subtree tick: FF_Default_DynamicFlow_PickUpHL_b1_fp2_r1; DeltaTime: 0.100",11311.32
262,2026-07-01 12:20:58.778,InitializeML,InitializeML_r1_vg1,STARTED,"ML action execution; DeltaTime: 0.100",11314.12
263,2026-07-01 12:20:58.778,InitializeML,InitializeML_r1_vg1,STARTED,"DeltaTime: 0.100",11314.13
264,2026-07-01 12:20:58.778,InitializeML,InitializeML_r1_vg1,COMPLETED,"Action logic completed successfully",11314.14
265,2026-07-01 12:20:58.779,InitializeML,InitializeML_r1_vg1,COMPLETED,"Effects applied on exit",11315.60
266,2026-07-01 12:20:58.904,PickUpHL,PickUpHL_b1_fp2_r1,STARTED,"HL subtree tick: FF_Default_DynamicFlow_PickUpHL_b1_fp2_r1; DeltaTime: 0.100",11440.42
267,2026-07-01 12:20:58.906,PickUpML,PickUpML_b1_fp2_r1_vg1,STARTED,"ML action execution; DeltaTime: 0.100",11442.50
268,2026-07-01 12:20:58.906,PickUpML,PickUpML_b1_fp2_r1_vg1,STARTED,"DeltaTime: 0.100",11442.52
269,2026-07-01 12:20:58.906,PickUpML,PickUpML_b1_fp2_r1_vg1,COMPLETED,"Action logic completed successfully",11442.52
270,2026-07-01 12:20:58.909,PickUpML,PickUpML_b1_fp2_r1_vg1,COMPLETED,"Effects applied on exit",11445.06
271,2026-07-01 12:20:59.028,PickUpHL,PickUpHL_b1_fp2_r1,STARTED,"HL subtree tick: FF_Default_DynamicFlow_PickUpHL_b1_fp2_r1; DeltaTime: 0.100",11564.70
272,2026-07-01 12:20:59.029,PickUpHL,PickUpHL_b1_fp2_r1,COMPLETED,"Subtree execution completed successfully",11565.57
273,2026-07-01 12:20:59.029,PickUpHL,PickUpHL_b1_fp2_r1,STARTED,"DeltaTime: 0.100",11565.58
274,2026-07-01 12:20:59.029,PickUpHL,PickUpHL_b1_fp2_r1,COMPLETED,"Action logic completed successfully",11565.59
275,2026-07-01 12:20:59.031,PickUpHL,PickUpHL_b1_fp2_r1,COMPLETED,"Effects applied on exit",11567.55
276,2026-07-01 12:20:59.182,StackHL,StackHL_b1_lp1_r1_pr1_lay1_m1,STARTED,"HL subtree tick: FF_Default_DynamicFlow_StackHL_b1_lp1_r1_pr1_lay1_m1; DeltaTime: 0.100",11718.36
277,2026-07-01 12:20:59.517,TravelML,TravelML_r1_fp2_pr1,STARTED,"ML action execution; DeltaTime: 0.100",12053.87
278,2026-07-01 12:20:59.517,TravelML,TravelML_r1_fp2_pr1,STARTED,"DeltaTime: 0.100",12053.88
279,2026-07-01 12:20:59.517,TravelML,TravelML_r1_fp2_pr1,COMPLETED,"Action logic completed successfully",12053.89
280,2026-07-01 12:20:59.520,TravelML,TravelML_r1_fp2_pr1,COMPLETED,"Effects applied on exit",12055.96
281,2026-07-01 12:20:59.630,StackHL,StackHL_b1_lp1_r1_pr1_lay1_m1,STARTED,"HL subtree tick: FF_Default_DynamicFlow_StackHL_b1_lp1_r1_pr1_lay1_m1; DeltaTime: 0.100",12166.33
282,2026-07-01 12:20:59.631,StackML,StackML_b1_lp1_r1_vg1_pr1,STARTED,"ML action execution; DeltaTime: 0.100",12167.75
283,2026-07-01 12:20:59.631,StackML,StackML_b1_lp1_r1_vg1_pr1,STARTED,"DeltaTime: 0.100",12167.77
284,2026-07-01 12:20:59.631,StackML,StackML_b1_lp1_r1_vg1_pr1,COMPLETED,"Action logic completed successfully",12167.77
285,2026-07-01 12:20:59.634,StackML,StackML_b1_lp1_r1_vg1_pr1,COMPLETED,"Effects applied on exit",12170.86
286,2026-07-01 12:20:59.762,StackHL,StackHL_b1_lp1_r1_pr1_lay1_m1,STARTED,"HL subtree tick: FF_Default_DynamicFlow_StackHL_b1_lp1_r1_pr1_lay1_m1; DeltaTime: 0.100",12298.38
287,2026-07-01 12:20:59.762,StackHL,StackHL_b1_lp1_r1_pr1_lay1_m1,COMPLETED,"Subtree execution completed successfully",12298.81
288,2026-07-01 12:20:59.762,StackHL,StackHL_b1_lp1_r1_pr1_lay1_m1,STARTED,"DeltaTime: 0.100",12298.82
289,2026-07-01 12:20:59.762,StackHL,StackHL_b1_lp1_r1_pr1_lay1_m1,COMPLETED,"Action logic completed successfully",12298.82
290,2026-07-01 12:20:59.765,StackHL,StackHL_b1_lp1_r1_pr1_lay1_m1,COMPLETED,"Effects applied on exit",12300.92
291,2026-07-01 12:20:59.919,PickUpHL,PickUpHL_b2_fp3_r1,STARTED,"HL subtree tick: FF_Default_DynamicFlow_PickUpHL_b2_fp3_r1; DeltaTime: 0.100",12455.88
292,2026-07-01 12:21:00.300,TravelML,TravelML_r1_pr1_fp3,STARTED,"ML action execution; DeltaTime: 0.100",12836.34
293,2026-07-01 12:21:00.300,TravelML,TravelML_r1_pr1_fp3,STARTED,"DeltaTime: 0.100",12836.35
294,2026-07-01 12:21:00.300,TravelML,TravelML_r1_pr1_fp3,COMPLETED,"Action logic completed successfully",12836.36
295,2026-07-01 12:21:00.302,TravelML,TravelML_r1_pr1_fp3,COMPLETED,"Effects applied on exit",12838.64
296,2026-07-01 12:21:00.420,PickUpHL,PickUpHL_b2_fp3_r1,STARTED,"HL subtree tick: FF_Default_DynamicFlow_PickUpHL_b2_fp3_r1; DeltaTime: 0.100",12956.50
297,2026-07-01 12:21:00.421,PickUpML,PickUpML_b2_fp3_r1_vg1,STARTED,"ML action execution; DeltaTime: 0.100",12957.65
298,2026-07-01 12:21:00.421,PickUpML,PickUpML_b2_fp3_r1_vg1,STARTED,"DeltaTime: 0.100",12957.67
299,2026-07-01 12:21:00.421,PickUpML,PickUpML_b2_fp3_r1_vg1,COMPLETED,"Action logic completed successfully",12957.67
300,2026-07-01 12:21:00.424,PickUpML,PickUpML_b2_fp3_r1_vg1,COMPLETED,"Effects applied on exit",12960.31
301,2026-07-01 12:21:00.545,PickUpHL,PickUpHL_b2_fp3_r1,STARTED,"HL subtree tick: FF_Default_DynamicFlow_PickUpHL_b2_fp3_r1; DeltaTime: 0.100",13081.28
302,2026-07-01 12:21:00.545,PickUpHL,PickUpHL_b2_fp3_r1,COMPLETED,"Subtree execution completed successfully",13081.72
303,2026-07-01 12:21:00.545,PickUpHL,PickUpHL_b2_fp3_r1,STARTED,"DeltaTime: 0.100",13081.73
304,2026-07-01 12:21:00.545,PickUpHL,PickUpHL_b2_fp3_r1,COMPLETED,"Action logic completed successfully",13081.74
305,2026-07-01 12:21:00.547,PickUpHL,PickUpHL_b2_fp3_r1,COMPLETED,"Effects applied on exit",13083.79
306,2026-07-01 12:21:00.695,StackHL,StackHL_b2_lp1_r1_pr1_lay1_m1,STARTED,"HL subtree tick: FF_Default_DynamicFlow_StackHL_b2_lp1_r1_pr1_lay1_m1; DeltaTime: 0.100",13231.48
307,2026-07-01 12:21:01.027,TravelML,TravelML_r1_fp3_pr1,STARTED,"ML action execution; DeltaTime: 0.100",13563.38
308,2026-07-01 12:21:01.027,TravelML,TravelML_r1_fp3_pr1,STARTED,"DeltaTime: 0.100",13563.39
309,2026-07-01 12:21:01.027,TravelML,TravelML_r1_fp3_pr1,COMPLETED,"Action logic completed successfully",13563.40
310,2026-07-01 12:21:01.029,TravelML,TravelML_r1_fp3_pr1,COMPLETED,"Effects applied on exit",13565.75
311,2026-07-01 12:21:01.143,StackHL,StackHL_b2_lp1_r1_pr1_lay1_m1,STARTED,"HL subtree tick: FF_Default_DynamicFlow_StackHL_b2_lp1_r1_pr1_lay1_m1; DeltaTime: 0.100",13679.52
312,2026-07-01 12:21:01.144,StackML,StackML_b2_lp1_r1_vg1_pr1,STARTED,"ML action execution; DeltaTime: 0.100",13680.84
313,2026-07-01 12:21:01.144,StackML,StackML_b2_lp1_r1_vg1_pr1,STARTED,"DeltaTime: 0.100",13680.85
314,2026-07-01 12:21:01.144,StackML,StackML_b2_lp1_r1_vg1_pr1,COMPLETED,"Action logic completed successfully",13680.85
315,2026-07-01 12:21:01.147,StackML,StackML_b2_lp1_r1_vg1_pr1,COMPLETED,"Effects applied on exit",13683.66
316,2026-07-01 12:21:01.269,StackHL,StackHL_b2_lp1_r1_pr1_lay1_m1,STARTED,"HL subtree tick: FF_Default_DynamicFlow_StackHL_b2_lp1_r1_pr1_lay1_m1; DeltaTime: 0.100",13804.97
317,2026-07-01 12:21:01.269,StackHL,StackHL_b2_lp1_r1_pr1_lay1_m1,COMPLETED,"Subtree execution completed successfully",13805.34
318,2026-07-01 12:21:01.269,StackHL,StackHL_b2_lp1_r1_pr1_lay1_m1,STARTED,"DeltaTime: 0.100",13805.35
319,2026-07-01 12:21:01.269,StackHL,StackHL_b2_lp1_r1_pr1_lay1_m1,COMPLETED,"Action logic completed successfully",13805.36
320,2026-07-01 12:21:01.271,StackHL,StackHL_b2_lp1_r1_pr1_lay1_m1,COMPLETED,"Effects applied on exit",13807.37
321,2026-07-01 12:21:01.424,PickUpHL,PickUpHL_b6_fp8_r1,STARTED,"HL subtree tick: FF_Default_DynamicFlow_PickUpHL_b6_fp8_r1; DeltaTime: 0.100",13960.20
322,2026-07-01 12:21:01.804,TravelML,TravelML_r1_pr1_fp8,STARTED,"ML action execution; DeltaTime: 0.100",14340.28
323,2026-07-01 12:21:01.804,TravelML,TravelML_r1_pr1_fp8,STARTED,"DeltaTime: 0.100",14340.31
324,2026-07-01 12:21:01.804,TravelML,TravelML_r1_pr1_fp8,COMPLETED,"Action logic completed successfully",14340.32
325,2026-07-01 12:21:01.806,TravelML,TravelML_r1_pr1_fp8,COMPLETED,"Effects applied on exit",14342.31
326,2026-07-01 12:21:01.917,PickUpHL,PickUpHL_b6_fp8_r1,STARTED,"HL subtree tick: FF_Default_DynamicFlow_PickUpHL_b6_fp8_r1; DeltaTime: 0.100",14453.57
327,2026-07-01 12:21:01.918,PickUpML,PickUpML_b6_fp8_r1_vg1,STARTED,"ML action execution; DeltaTime: 0.100",14454.75
328,2026-07-01 12:21:01.918,PickUpML,PickUpML_b6_fp8_r1_vg1,STARTED,"DeltaTime: 0.100",14454.76
329,2026-07-01 12:21:01.918,PickUpML,PickUpML_b6_fp8_r1_vg1,COMPLETED,"Action logic completed successfully",14454.77
330,2026-07-01 12:21:01.921,PickUpML,PickUpML_b6_fp8_r1_vg1,COMPLETED,"Effects applied on exit",14457.54
331,2026-07-01 12:21:02.044,PickUpHL,PickUpHL_b6_fp8_r1,STARTED,"HL subtree tick: FF_Default_DynamicFlow_PickUpHL_b6_fp8_r1; DeltaTime: 0.100",14580.65
332,2026-07-01 12:21:02.045,PickUpHL,PickUpHL_b6_fp8_r1,COMPLETED,"Subtree execution completed successfully",14581.19
333,2026-07-01 12:21:02.045,PickUpHL,PickUpHL_b6_fp8_r1,STARTED,"DeltaTime: 0.100",14581.20
334,2026-07-01 12:21:02.045,PickUpHL,PickUpHL_b6_fp8_r1,COMPLETED,"Action logic completed successfully",14581.21
335,2026-07-01 12:21:02.047,PickUpHL,PickUpHL_b6_fp8_r1,COMPLETED,"Effects applied on exit",14583.63
336,2026-07-01 12:21:02.196,StackHL,StackHL_b6_lp1_r1_pr1_lay1_m1,STARTED,"HL subtree tick: FF_Default_DynamicFlow_StackHL_b6_lp1_r1_pr1_lay1_m1; DeltaTime: 0.100",14732.53
337,2026-07-01 12:21:02.551,TravelML,TravelML_r1_fp8_pr1,STARTED,"ML action execution; DeltaTime: 0.100",15087.51
338,2026-07-01 12:21:02.551,TravelML,TravelML_r1_fp8_pr1,STARTED,"DeltaTime: 0.100",15087.52
339,2026-07-01 12:21:02.551,TravelML,TravelML_r1_fp8_pr1,COMPLETED,"Action logic completed successfully",15087.52
340,2026-07-01 12:21:02.553,TravelML,TravelML_r1_fp8_pr1,COMPLETED,"Effects applied on exit",15089.71
341,2026-07-01 12:21:02.670,StackHL,StackHL_b6_lp1_r1_pr1_lay1_m1,STARTED,"HL subtree tick: FF_Default_DynamicFlow_StackHL_b6_lp1_r1_pr1_lay1_m1; DeltaTime: 0.100",15206.46
342,2026-07-01 12:21:02.671,StackML,StackML_b6_lp1_r1_vg1_pr1,STARTED,"ML action execution; DeltaTime: 0.100",15207.59
343,2026-07-01 12:21:02.671,StackML,StackML_b6_lp1_r1_vg1_pr1,STARTED,"DeltaTime: 0.100",15207.60
344,2026-07-01 12:21:02.671,StackML,StackML_b6_lp1_r1_vg1_pr1,COMPLETED,"Action logic completed successfully",15207.61
345,2026-07-01 12:21:02.674,StackML,StackML_b6_lp1_r1_vg1_pr1,COMPLETED,"Effects applied on exit",15210.59
346,2026-07-01 12:21:02.794,StackHL,StackHL_b6_lp1_r1_pr1_lay1_m1,STARTED,"HL subtree tick: FF_Default_DynamicFlow_StackHL_b6_lp1_r1_pr1_lay1_m1; DeltaTime: 0.100",15329.94
347,2026-07-01 12:21:02.794,StackHL,StackHL_b6_lp1_r1_pr1_lay1_m1,COMPLETED,"Subtree execution completed successfully",15330.34
348,2026-07-01 12:21:02.794,StackHL,StackHL_b6_lp1_r1_pr1_lay1_m1,STARTED,"DeltaTime: 0.100",15330.35
349,2026-07-01 12:21:02.794,StackHL,StackHL_b6_lp1_r1_pr1_lay1_m1,COMPLETED,"Action logic completed successfully",15330.36
350,2026-07-01 12:21:02.796,StackHL,StackHL_b6_lp1_r1_pr1_lay1_m1,COMPLETED,"Effects applied on exit",15332.64
351,2026-07-01 12:21:02.952,PickUpHL,PickUpHL_b4_fp6_r1,STARTED,"HL subtree tick: FF_Default_DynamicFlow_PickUpHL_b4_fp6_r1; DeltaTime: 0.100",15488.70
352,2026-07-01 12:21:03.342,TravelML,TravelML_r1_pr1_fp6,STARTED,"ML action execution; DeltaTime: 0.100",15878.79
353,2026-07-01 12:21:03.342,TravelML,TravelML_r1_pr1_fp6,STARTED,"DeltaTime: 0.100",15878.81
354,2026-07-01 12:21:03.342,TravelML,TravelML_r1_pr1_fp6,COMPLETED,"Action logic completed successfully",15878.81
355,2026-07-01 12:21:03.344,TravelML,TravelML_r1_pr1_fp6,COMPLETED,"Effects applied on exit",15880.83
356,2026-07-01 12:21:03.461,PickUpHL,PickUpHL_b4_fp6_r1,STARTED,"HL subtree tick: FF_Default_DynamicFlow_PickUpHL_b4_fp6_r1; DeltaTime: 0.100",15997.84
357,2026-07-01 12:21:03.463,PickUpML,PickUpML_b4_fp6_r1_vg1,STARTED,"ML action execution; DeltaTime: 0.100",15999.18
358,2026-07-01 12:21:03.463,PickUpML,PickUpML_b4_fp6_r1_vg1,STARTED,"DeltaTime: 0.100",15999.19
359,2026-07-01 12:21:03.463,PickUpML,PickUpML_b4_fp6_r1_vg1,COMPLETED,"Action logic completed successfully",15999.20
360,2026-07-01 12:21:03.465,PickUpML,PickUpML_b4_fp6_r1_vg1,COMPLETED,"Effects applied on exit",16001.77
361,2026-07-01 12:21:03.588,PickUpHL,PickUpHL_b4_fp6_r1,STARTED,"HL subtree tick: FF_Default_DynamicFlow_PickUpHL_b4_fp6_r1; DeltaTime: 0.100",16124.15
362,2026-07-01 12:21:03.588,PickUpHL,PickUpHL_b4_fp6_r1,COMPLETED,"Subtree execution completed successfully",16124.57
363,2026-07-01 12:21:03.588,PickUpHL,PickUpHL_b4_fp6_r1,STARTED,"DeltaTime: 0.100",16124.58
364,2026-07-01 12:21:03.588,PickUpHL,PickUpHL_b4_fp6_r1,COMPLETED,"Action logic completed successfully",16124.58
365,2026-07-01 12:21:03.590,PickUpHL,PickUpHL_b4_fp6_r1,COMPLETED,"Effects applied on exit",16126.69
366,2026-07-01 12:21:03.738,StackHL,StackHL_b4_lp1_r1_pr1_lay1_m1,STARTED,"HL subtree tick: FF_Default_DynamicFlow_StackHL_b4_lp1_r1_pr1_lay1_m1; DeltaTime: 0.100",16274.30
367,2026-07-01 12:21:04.084,TravelML,TravelML_r1_fp6_pr1,STARTED,"ML action execution; DeltaTime: 0.100",16620.54
368,2026-07-01 12:21:04.084,TravelML,TravelML_r1_fp6_pr1,STARTED,"DeltaTime: 0.100",16620.56
369,2026-07-01 12:21:04.084,TravelML,TravelML_r1_fp6_pr1,COMPLETED,"Action logic completed successfully",16620.57
370,2026-07-01 12:21:04.086,TravelML,TravelML_r1_fp6_pr1,COMPLETED,"Effects applied on exit",16622.71
371,2026-07-01 12:21:04.204,StackHL,StackHL_b4_lp1_r1_pr1_lay1_m1,STARTED,"HL subtree tick: FF_Default_DynamicFlow_StackHL_b4_lp1_r1_pr1_lay1_m1; DeltaTime: 0.100",16739.96
372,2026-07-01 12:21:04.205,StackML,StackML_b4_lp1_r1_vg1_pr1,STARTED,"ML action execution; DeltaTime: 0.100",16741.14
373,2026-07-01 12:21:04.205,StackML,StackML_b4_lp1_r1_vg1_pr1,STARTED,"DeltaTime: 0.100",16741.15
374,2026-07-01 12:21:04.205,StackML,StackML_b4_lp1_r1_vg1_pr1,COMPLETED,"Action logic completed successfully",16741.16
375,2026-07-01 12:21:04.208,StackML,StackML_b4_lp1_r1_vg1_pr1,COMPLETED,"Effects applied on exit",16744.56
376,2026-07-01 12:21:04.330,StackHL,StackHL_b4_lp1_r1_pr1_lay1_m1,STARTED,"HL subtree tick: FF_Default_DynamicFlow_StackHL_b4_lp1_r1_pr1_lay1_m1; DeltaTime: 0.100",16866.27
377,2026-07-01 12:21:04.330,StackHL,StackHL_b4_lp1_r1_pr1_lay1_m1,COMPLETED,"Subtree execution completed successfully",16866.76
378,2026-07-01 12:21:04.330,StackHL,StackHL_b4_lp1_r1_pr1_lay1_m1,STARTED,"DeltaTime: 0.100",16866.77
379,2026-07-01 12:21:04.330,StackHL,StackHL_b4_lp1_r1_pr1_lay1_m1,COMPLETED,"Action logic completed successfully",16866.78
380,2026-07-01 12:21:04.333,StackHL,StackHL_b4_lp1_r1_pr1_lay1_m1,COMPLETED,"Effects applied on exit",16869.24
381,2026-07-01 12:21:04.481,PickUpHL,PickUpHL_b3_fp4_r1,STARTED,"HL subtree tick: FF_Default_DynamicFlow_PickUpHL_b3_fp4_r1; DeltaTime: 0.100",17016.98
382,2026-07-01 12:21:04.828,TravelML,TravelML_r1_pr1_fp4,STARTED,"ML action execution; DeltaTime: 0.100",17364.53
383,2026-07-01 12:21:04.828,TravelML,TravelML_r1_pr1_fp4,STARTED,"DeltaTime: 0.100",17364.55
384,2026-07-01 12:21:04.828,TravelML,TravelML_r1_pr1_fp4,COMPLETED,"Action logic completed successfully",17364.57
385,2026-07-01 12:21:04.830,TravelML,TravelML_r1_pr1_fp4,COMPLETED,"Effects applied on exit",17366.65
386,2026-07-01 12:21:04.945,PickUpHL,PickUpHL_b3_fp4_r1,STARTED,"HL subtree tick: FF_Default_DynamicFlow_PickUpHL_b3_fp4_r1; DeltaTime: 0.100",17481.89
387,2026-07-01 12:21:04.947,PickUpML,PickUpML_b3_fp4_r1_vg1,STARTED,"ML action execution; DeltaTime: 0.100",17483.15
388,2026-07-01 12:21:04.947,PickUpML,PickUpML_b3_fp4_r1_vg1,STARTED,"DeltaTime: 0.100",17483.16
389,2026-07-01 12:21:04.947,PickUpML,PickUpML_b3_fp4_r1_vg1,COMPLETED,"Action logic completed successfully",17483.17
390,2026-07-01 12:21:04.949,PickUpML,PickUpML_b3_fp4_r1_vg1,COMPLETED,"Effects applied on exit",17485.71
391,2026-07-01 12:21:05.070,PickUpHL,PickUpHL_b3_fp4_r1,STARTED,"HL subtree tick: FF_Default_DynamicFlow_PickUpHL_b3_fp4_r1; DeltaTime: 0.100",17606.70
392,2026-07-01 12:21:05.071,PickUpHL,PickUpHL_b3_fp4_r1,COMPLETED,"Subtree execution completed successfully",17607.10
393,2026-07-01 12:21:05.071,PickUpHL,PickUpHL_b3_fp4_r1,STARTED,"DeltaTime: 0.100",17607.11
394,2026-07-01 12:21:05.071,PickUpHL,PickUpHL_b3_fp4_r1,COMPLETED,"Action logic completed successfully",17607.12
395,2026-07-01 12:21:05.072,PickUpHL,PickUpHL_b3_fp4_r1,COMPLETED,"Effects applied on exit",17608.89
396,2026-07-01 12:21:05.218,StackHL,StackHL_b3_lp1_r1_pr1_lay1_m1,STARTED,"HL subtree tick: FF_Default_DynamicFlow_StackHL_b3_lp1_r1_pr1_lay1_m1; DeltaTime: 0.100",17754.16
397,2026-07-01 12:21:05.567,TravelML,TravelML_r1_fp4_pr1,STARTED,"ML action execution; DeltaTime: 0.100",18103.16
398,2026-07-01 12:21:05.567,TravelML,TravelML_r1_fp4_pr1,STARTED,"DeltaTime: 0.100",18103.17
399,2026-07-01 12:21:05.567,TravelML,TravelML_r1_fp4_pr1,COMPLETED,"Action logic completed successfully",18103.18
400,2026-07-01 12:21:05.570,TravelML,TravelML_r1_fp4_pr1,COMPLETED,"Effects applied on exit",18106.11
401,2026-07-01 12:21:05.689,StackHL,StackHL_b3_lp1_r1_pr1_lay1_m1,STARTED,"HL subtree tick: FF_Default_DynamicFlow_StackHL_b3_lp1_r1_pr1_lay1_m1; DeltaTime: 0.100",18225.64
402,2026-07-01 12:21:05.691,StackML,StackML_b3_lp1_r1_vg1_pr1,STARTED,"ML action execution; DeltaTime: 0.100",18227.82
403,2026-07-01 12:21:05.691,StackML,StackML_b3_lp1_r1_vg1_pr1,STARTED,"DeltaTime: 0.100",18227.83
404,2026-07-01 12:21:05.691,StackML,StackML_b3_lp1_r1_vg1_pr1,COMPLETED,"Action logic completed successfully",18227.84
405,2026-07-01 12:21:05.695,StackML,StackML_b3_lp1_r1_vg1_pr1,COMPLETED,"Effects applied on exit",18231.45
406,2026-07-01 12:21:05.811,StackHL,StackHL_b3_lp1_r1_pr1_lay1_m1,STARTED,"HL subtree tick: FF_Default_DynamicFlow_StackHL_b3_lp1_r1_pr1_lay1_m1; DeltaTime: 0.100",18347.82
407,2026-07-01 12:21:05.812,StackHL,StackHL_b3_lp1_r1_pr1_lay1_m1,COMPLETED,"Subtree execution completed successfully",18348.19
408,2026-07-01 12:21:05.812,StackHL,StackHL_b3_lp1_r1_pr1_lay1_m1,STARTED,"DeltaTime: 0.100",18348.20
409,2026-07-01 12:21:05.812,StackHL,StackHL_b3_lp1_r1_pr1_lay1_m1,COMPLETED,"Action logic completed successfully",18348.20
410,2026-07-01 12:21:05.814,StackHL,StackHL_b3_lp1_r1_pr1_lay1_m1,COMPLETED,"Effects applied on exit",18350.31
411,2026-07-01 12:21:05.953,PickUpHL,PickUpHL_b5_fp7_r1,STARTED,"HL subtree tick: FF_Default_DynamicFlow_PickUpHL_b5_fp7_r1; DeltaTime: 0.100",18489.16
412,2026-07-01 12:21:06.300,TravelML,TravelML_r1_pr1_fp7,STARTED,"ML action execution; DeltaTime: 0.100",18836.49
413,2026-07-01 12:21:06.300,TravelML,TravelML_r1_pr1_fp7,STARTED,"DeltaTime: 0.100",18836.50
414,2026-07-01 12:21:06.300,TravelML,TravelML_r1_pr1_fp7,COMPLETED,"Action logic completed successfully",18836.51
415,2026-07-01 12:21:06.302,TravelML,TravelML_r1_pr1_fp7,COMPLETED,"Effects applied on exit",18838.49
416,2026-07-01 12:21:06.420,PickUpHL,PickUpHL_b5_fp7_r1,STARTED,"HL subtree tick: FF_Default_DynamicFlow_PickUpHL_b5_fp7_r1; DeltaTime: 0.100",18956.71
417,2026-07-01 12:21:06.421,PickUpML,PickUpML_b5_fp7_r1_vg1,STARTED,"ML action execution; DeltaTime: 0.100",18957.88
418,2026-07-01 12:21:06.421,PickUpML,PickUpML_b5_fp7_r1_vg1,STARTED,"DeltaTime: 0.100",18957.89
419,2026-07-01 12:21:06.421,PickUpML,PickUpML_b5_fp7_r1_vg1,COMPLETED,"Action logic completed successfully",18957.90
420,2026-07-01 12:21:06.425,PickUpML,PickUpML_b5_fp7_r1_vg1,COMPLETED,"Effects applied on exit",18961.28
421,2026-07-01 12:21:06.545,PickUpHL,PickUpHL_b5_fp7_r1,STARTED,"HL subtree tick: FF_Default_DynamicFlow_PickUpHL_b5_fp7_r1; DeltaTime: 0.100",19081.17
422,2026-07-01 12:21:06.545,PickUpHL,PickUpHL_b5_fp7_r1,COMPLETED,"Subtree execution completed successfully",19081.58
423,2026-07-01 12:21:06.545,PickUpHL,PickUpHL_b5_fp7_r1,STARTED,"DeltaTime: 0.100",19081.59
424,2026-07-01 12:21:06.545,PickUpHL,PickUpHL_b5_fp7_r1,COMPLETED,"Action logic completed successfully",19081.60
425,2026-07-01 12:21:06.547,PickUpHL,PickUpHL_b5_fp7_r1,COMPLETED,"Effects applied on exit",19083.62
426,2026-07-01 12:21:06.695,StackHL,StackHL_b5_lp1_r1_pr1_lay1_m1,STARTED,"HL subtree tick: FF_Default_DynamicFlow_StackHL_b5_lp1_r1_pr1_lay1_m1; DeltaTime: 0.100",19230.92
427,2026-07-01 12:21:07.054,TravelML,TravelML_r1_fp7_pr1,STARTED,"ML action execution; DeltaTime: 0.100",19590.09
428,2026-07-01 12:21:07.054,TravelML,TravelML_r1_fp7_pr1,STARTED,"DeltaTime: 0.100",19590.10
429,2026-07-01 12:21:07.054,TravelML,TravelML_r1_fp7_pr1,COMPLETED,"Action logic completed successfully",19590.11
430,2026-07-01 12:21:07.056,TravelML,TravelML_r1_fp7_pr1,COMPLETED,"Effects applied on exit",19592.44
431,2026-07-01 12:21:07.171,StackHL,StackHL_b5_lp1_r1_pr1_lay1_m1,STARTED,"HL subtree tick: FF_Default_DynamicFlow_StackHL_b5_lp1_r1_pr1_lay1_m1; DeltaTime: 0.100",19707.28
432,2026-07-01 12:21:07.172,StackML,StackML_b5_lp1_r1_vg1_pr1,STARTED,"ML action execution; DeltaTime: 0.100",19708.61
433,2026-07-01 12:21:07.172,StackML,StackML_b5_lp1_r1_vg1_pr1,STARTED,"DeltaTime: 0.100",19708.62
434,2026-07-01 12:21:07.172,StackML,StackML_b5_lp1_r1_vg1_pr1,COMPLETED,"Action logic completed successfully",19708.62
435,2026-07-01 12:21:07.175,StackML,StackML_b5_lp1_r1_vg1_pr1,COMPLETED,"Effects applied on exit",19711.78
436,2026-07-01 12:21:07.296,StackHL,StackHL_b5_lp1_r1_pr1_lay1_m1,STARTED,"HL subtree tick: FF_Default_DynamicFlow_StackHL_b5_lp1_r1_pr1_lay1_m1; DeltaTime: 0.100",19831.96
437,2026-07-01 12:21:07.296,StackHL,StackHL_b5_lp1_r1_pr1_lay1_m1,COMPLETED,"Subtree execution completed successfully",19832.36
438,2026-07-01 12:21:07.296,StackHL,StackHL_b5_lp1_r1_pr1_lay1_m1,STARTED,"DeltaTime: 0.100",19832.37
439,2026-07-01 12:21:07.296,StackHL,StackHL_b5_lp1_r1_pr1_lay1_m1,COMPLETED,"Action logic completed successfully",19832.37
440,2026-07-01 12:21:07.298,StackHL,StackHL_b5_lp1_r1_pr1_lay1_m1,COMPLETED,"Effects applied on exit",19834.57
441,2026-07-01 12:21:07.451,PickUpHL,PickUpHL_b7_fp10_r1,STARTED,"HL subtree tick: FF_Default_DynamicFlow_PickUpHL_b7_fp10_r1; DeltaTime: 0.100",19987.64
442,2026-07-01 12:21:07.811,TravelML,TravelML_r1_pr1_fp10,STARTED,"ML action execution; DeltaTime: 0.100",20347.17
443,2026-07-01 12:21:07.811,TravelML,TravelML_r1_pr1_fp10,STARTED,"DeltaTime: 0.100",20347.18
444,2026-07-01 12:21:07.811,TravelML,TravelML_r1_pr1_fp10,COMPLETED,"Action logic completed successfully",20347.19
445,2026-07-01 12:21:07.813,TravelML,TravelML_r1_pr1_fp10,COMPLETED,"Effects applied on exit",20349.58
446,2026-07-01 12:21:07.935,PickUpHL,PickUpHL_b7_fp10_r1,STARTED,"HL subtree tick: FF_Default_DynamicFlow_PickUpHL_b7_fp10_r1; DeltaTime: 0.100",20470.91
447,2026-07-01 12:21:07.936,PickUpML,PickUpML_b7_fp10_r1_vg1,STARTED,"ML action execution; DeltaTime: 0.100",20472.46
448,2026-07-01 12:21:07.936,PickUpML,PickUpML_b7_fp10_r1_vg1,STARTED,"DeltaTime: 0.100",20472.47
449,2026-07-01 12:21:07.936,PickUpML,PickUpML_b7_fp10_r1_vg1,COMPLETED,"Action logic completed successfully",20472.48
450,2026-07-01 12:21:07.939,PickUpML,PickUpML_b7_fp10_r1_vg1,COMPLETED,"Effects applied on exit",20475.03
451,2026-07-01 12:21:08.060,PickUpHL,PickUpHL_b7_fp10_r1,STARTED,"HL subtree tick: FF_Default_DynamicFlow_PickUpHL_b7_fp10_r1; DeltaTime: 0.100",20596.46
452,2026-07-01 12:21:08.060,PickUpHL,PickUpHL_b7_fp10_r1,COMPLETED,"Subtree execution completed successfully",20596.90
453,2026-07-01 12:21:08.061,PickUpHL,PickUpHL_b7_fp10_r1,STARTED,"DeltaTime: 0.100",20596.91
454,2026-07-01 12:21:08.061,PickUpHL,PickUpHL_b7_fp10_r1,COMPLETED,"Action logic completed successfully",20596.92
455,2026-07-01 12:21:08.063,PickUpHL,PickUpHL_b7_fp10_r1,COMPLETED,"Effects applied on exit",20599.13
456,2026-07-01 12:21:08.204,StackHL,StackHL_b7_lp2_r1_pr2_lay2_m2,STARTED,"HL subtree tick: FF_Default_DynamicFlow_StackHL_b7_lp2_r1_pr2_lay2_m2; DeltaTime: 0.100",20740.35
457,2026-07-01 12:21:08.551,TravelML,TravelML_r1_fp10_pr2,STARTED,"ML action execution; DeltaTime: 0.100",21087.83
458,2026-07-01 12:21:08.551,TravelML,TravelML_r1_fp10_pr2,STARTED,"DeltaTime: 0.100",21087.85
459,2026-07-01 12:21:08.551,TravelML,TravelML_r1_fp10_pr2,COMPLETED,"Action logic completed successfully",21087.86
460,2026-07-01 12:21:08.554,TravelML,TravelML_r1_fp10_pr2,COMPLETED,"Effects applied on exit",21090.08
461,2026-07-01 12:21:08.670,StackHL,StackHL_b7_lp2_r1_pr2_lay2_m2,STARTED,"HL subtree tick: FF_Default_DynamicFlow_StackHL_b7_lp2_r1_pr2_lay2_m2; DeltaTime: 0.100",21206.49
462,2026-07-01 12:21:08.671,StackML,StackML_b7_lp2_r1_vg1_pr2,STARTED,"ML action execution; DeltaTime: 0.100",21207.66
463,2026-07-01 12:21:08.671,StackML,StackML_b7_lp2_r1_vg1_pr2,STARTED,"DeltaTime: 0.100",21207.67
464,2026-07-01 12:21:08.671,StackML,StackML_b7_lp2_r1_vg1_pr2,COMPLETED,"Action logic completed successfully",21207.68
465,2026-07-01 12:21:08.674,StackML,StackML_b7_lp2_r1_vg1_pr2,COMPLETED,"Effects applied on exit",21210.66
466,2026-07-01 12:21:08.783,StackHL,StackHL_b7_lp2_r1_pr2_lay2_m2,STARTED,"HL subtree tick: FF_Default_DynamicFlow_StackHL_b7_lp2_r1_pr2_lay2_m2; DeltaTime: 0.100",21319.56
467,2026-07-01 12:21:08.784,StackHL,StackHL_b7_lp2_r1_pr2_lay2_m2,COMPLETED,"Subtree execution completed successfully",21319.96
468,2026-07-01 12:21:08.784,StackHL,StackHL_b7_lp2_r1_pr2_lay2_m2,STARTED,"DeltaTime: 0.100",21319.97
469,2026-07-01 12:21:08.784,StackHL,StackHL_b7_lp2_r1_pr2_lay2_m2,COMPLETED,"Action logic completed successfully",21319.98
470,2026-07-01 12:21:08.786,StackHL,StackHL_b7_lp2_r1_pr2_lay2_m2,COMPLETED,"Effects applied on exit",21322.23
471,2026-07-01 12:21:08.931,PickUpHL,PickUpHL_b8_fp11_r1,STARTED,"HL subtree tick: FF_Default_DynamicFlow_PickUpHL_b8_fp11_r1; DeltaTime: 0.100",21467.60
472,2026-07-01 12:21:09.263,TravelML,TravelML_r1_pr2_fp11,STARTED,"ML action execution; DeltaTime: 0.100",21798.99
473,2026-07-01 12:21:09.263,TravelML,TravelML_r1_pr2_fp11,STARTED,"DeltaTime: 0.100",21799.00
474,2026-07-01 12:21:09.263,TravelML,TravelML_r1_pr2_fp11,COMPLETED,"Action logic completed successfully",21799.01
475,2026-07-01 12:21:09.265,TravelML,TravelML_r1_pr2_fp11,COMPLETED,"Effects applied on exit",21801.51
476,2026-07-01 12:21:09.380,PickUpHL,PickUpHL_b8_fp11_r1,STARTED,"HL subtree tick: FF_Default_DynamicFlow_PickUpHL_b8_fp11_r1; DeltaTime: 0.100",21916.50
477,2026-07-01 12:21:09.382,PickUpML,PickUpML_b8_fp11_r1_vg1,STARTED,"ML action execution; DeltaTime: 0.100",21918.19
478,2026-07-01 12:21:09.382,PickUpML,PickUpML_b8_fp11_r1_vg1,STARTED,"DeltaTime: 0.100",21918.20
479,2026-07-01 12:21:09.382,PickUpML,PickUpML_b8_fp11_r1_vg1,COMPLETED,"Action logic completed successfully",21918.21
480,2026-07-01 12:21:09.384,PickUpML,PickUpML_b8_fp11_r1_vg1,COMPLETED,"Effects applied on exit",21920.78
481,2026-07-01 12:21:09.509,PickUpHL,PickUpHL_b8_fp11_r1,STARTED,"HL subtree tick: FF_Default_DynamicFlow_PickUpHL_b8_fp11_r1; DeltaTime: 0.100",22045.83
482,2026-07-01 12:21:09.510,PickUpHL,PickUpHL_b8_fp11_r1,COMPLETED,"Subtree execution completed successfully",22046.33
483,2026-07-01 12:21:09.510,PickUpHL,PickUpHL_b8_fp11_r1,STARTED,"DeltaTime: 0.100",22046.34
484,2026-07-01 12:21:09.510,PickUpHL,PickUpHL_b8_fp11_r1,COMPLETED,"Action logic completed successfully",22046.35
485,2026-07-01 12:21:09.512,PickUpHL,PickUpHL_b8_fp11_r1,COMPLETED,"Effects applied on exit",22048.46
486,2026-07-01 12:21:09.670,StackHL,StackHL_b8_lp2_r1_pr2_lay2_m2,STARTED,"HL subtree tick: FF_Default_DynamicFlow_StackHL_b8_lp2_r1_pr2_lay2_m2; DeltaTime: 0.100",22206.13
487,2026-07-01 12:21:10.043,TravelML,TravelML_r1_fp11_pr2,STARTED,"ML action execution; DeltaTime: 0.100",22579.59
488,2026-07-01 12:21:10.043,TravelML,TravelML_r1_fp11_pr2,STARTED,"DeltaTime: 0.100",22579.62
489,2026-07-01 12:21:10.043,TravelML,TravelML_r1_fp11_pr2,COMPLETED,"Action logic completed successfully",22579.64
490,2026-07-01 12:21:10.049,TravelML,TravelML_r1_fp11_pr2,COMPLETED,"Effects applied on exit",22585.22
491,2026-07-01 12:21:10.171,StackHL,StackHL_b8_lp2_r1_pr2_lay2_m2,STARTED,"HL subtree tick: FF_Default_DynamicFlow_StackHL_b8_lp2_r1_pr2_lay2_m2; DeltaTime: 0.100",22707.64
492,2026-07-01 12:21:10.173,StackML,StackML_b8_lp2_r1_vg1_pr2,STARTED,"ML action execution; DeltaTime: 0.100",22709.16
493,2026-07-01 12:21:10.173,StackML,StackML_b8_lp2_r1_vg1_pr2,STARTED,"DeltaTime: 0.100",22709.17
494,2026-07-01 12:21:10.173,StackML,StackML_b8_lp2_r1_vg1_pr2,COMPLETED,"Action logic completed successfully",22709.18
495,2026-07-01 12:21:10.176,StackML,StackML_b8_lp2_r1_vg1_pr2,COMPLETED,"Effects applied on exit",22712.90
496,2026-07-01 12:21:10.296,StackHL,StackHL_b8_lp2_r1_pr2_lay2_m2,STARTED,"HL subtree tick: FF_Default_DynamicFlow_StackHL_b8_lp2_r1_pr2_lay2_m2; DeltaTime: 0.100",22832.16
497,2026-07-01 12:21:10.296,StackHL,StackHL_b8_lp2_r1_pr2_lay2_m2,COMPLETED,"Subtree execution completed successfully",22832.56
498,2026-07-01 12:21:10.296,StackHL,StackHL_b8_lp2_r1_pr2_lay2_m2,STARTED,"DeltaTime: 0.100",22832.57
499,2026-07-01 12:21:10.296,StackHL,StackHL_b8_lp2_r1_pr2_lay2_m2,COMPLETED,"Action logic completed successfully",22832.58
500,2026-07-01 12:21:10.299,StackHL,StackHL_b8_lp2_r1_pr2_lay2_m2,COMPLETED,"Effects applied on exit",22834.90
501,2026-07-01 12:21:10.451,PickUpHL,PickUpHL_b12_fp16_r1,STARTED,"HL subtree tick: FF_Default_DynamicFlow_PickUpHL_b12_fp16_r1; DeltaTime: 0.100",22987.55
502,2026-07-01 12:21:10.818,TravelML,TravelML_r1_pr2_fp16,STARTED,"ML action execution; DeltaTime: 0.100",23354.54
503,2026-07-01 12:21:10.818,TravelML,TravelML_r1_pr2_fp16,STARTED,"DeltaTime: 0.100",23354.56
504,2026-07-01 12:21:10.818,TravelML,TravelML_r1_pr2_fp16,COMPLETED,"Action logic completed successfully",23354.57
505,2026-07-01 12:21:10.820,TravelML,TravelML_r1_pr2_fp16,COMPLETED,"Effects applied on exit",23356.59
506,2026-07-01 12:21:10.945,PickUpHL,PickUpHL_b12_fp16_r1,STARTED,"HL subtree tick: FF_Default_DynamicFlow_PickUpHL_b12_fp16_r1; DeltaTime: 0.100",23481.69
507,2026-07-01 12:21:10.947,PickUpML,PickUpML_b12_fp16_r1_vg1,STARTED,"ML action execution; DeltaTime: 0.100",23483.83
508,2026-07-01 12:21:10.947,PickUpML,PickUpML_b12_fp16_r1_vg1,STARTED,"DeltaTime: 0.100",23483.84
509,2026-07-01 12:21:10.947,PickUpML,PickUpML_b12_fp16_r1_vg1,COMPLETED,"Action logic completed successfully",23483.84
510,2026-07-01 12:21:10.952,PickUpML,PickUpML_b12_fp16_r1_vg1,COMPLETED,"Effects applied on exit",23488.47
511,2026-07-01 12:21:11.073,PickUpHL,PickUpHL_b12_fp16_r1,STARTED,"HL subtree tick: FF_Default_DynamicFlow_PickUpHL_b12_fp16_r1; DeltaTime: 0.100",23609.19
512,2026-07-01 12:21:11.073,PickUpHL,PickUpHL_b12_fp16_r1,COMPLETED,"Subtree execution completed successfully",23609.70
513,2026-07-01 12:21:11.073,PickUpHL,PickUpHL_b12_fp16_r1,STARTED,"DeltaTime: 0.100",23609.71
514,2026-07-01 12:21:11.073,PickUpHL,PickUpHL_b12_fp16_r1,COMPLETED,"Action logic completed successfully",23609.72
515,2026-07-01 12:21:11.075,PickUpHL,PickUpHL_b12_fp16_r1,COMPLETED,"Effects applied on exit",23611.87
516,2026-07-01 12:21:11.227,StackHL,StackHL_b12_lp2_r1_pr2_lay2_m2,STARTED,"HL subtree tick: FF_Default_DynamicFlow_StackHL_b12_lp2_r1_pr2_lay2_m2; DeltaTime: 0.100",23763.78
517,2026-07-01 12:21:11.583,TravelML,TravelML_r1_fp16_pr2,STARTED,"ML action execution; DeltaTime: 0.100",24118.98
518,2026-07-01 12:21:11.583,TravelML,TravelML_r1_fp16_pr2,STARTED,"DeltaTime: 0.100",24118.99
519,2026-07-01 12:21:11.583,TravelML,TravelML_r1_fp16_pr2,COMPLETED,"Action logic completed successfully",24119.00
520,2026-07-01 12:21:11.585,TravelML,TravelML_r1_fp16_pr2,COMPLETED,"Effects applied on exit",24121.26
521,2026-07-01 12:21:11.705,StackHL,StackHL_b12_lp2_r1_pr2_lay2_m2,STARTED,"HL subtree tick: FF_Default_DynamicFlow_StackHL_b12_lp2_r1_pr2_lay2_m2; DeltaTime: 0.100",24241.05
522,2026-07-01 12:21:11.706,StackML,StackML_b12_lp2_r1_vg1_pr2,STARTED,"ML action execution; DeltaTime: 0.100",24242.54
523,2026-07-01 12:21:11.706,StackML,StackML_b12_lp2_r1_vg1_pr2,STARTED,"DeltaTime: 0.100",24242.55
524,2026-07-01 12:21:11.706,StackML,StackML_b12_lp2_r1_vg1_pr2,COMPLETED,"Action logic completed successfully",24242.56
525,2026-07-01 12:21:11.710,StackML,StackML_b12_lp2_r1_vg1_pr2,COMPLETED,"Effects applied on exit",24246.02
526,2026-07-01 12:21:11.831,StackHL,StackHL_b12_lp2_r1_pr2_lay2_m2,STARTED,"HL subtree tick: FF_Default_DynamicFlow_StackHL_b12_lp2_r1_pr2_lay2_m2; DeltaTime: 0.100",24367.06
527,2026-07-01 12:21:11.831,StackHL,StackHL_b12_lp2_r1_pr2_lay2_m2,COMPLETED,"Subtree execution completed successfully",24367.57
528,2026-07-01 12:21:11.831,StackHL,StackHL_b12_lp2_r1_pr2_lay2_m2,STARTED,"DeltaTime: 0.100",24367.58
529,2026-07-01 12:21:11.831,StackHL,StackHL_b12_lp2_r1_pr2_lay2_m2,COMPLETED,"Action logic completed successfully",24367.58
530,2026-07-01 12:21:11.834,StackHL,StackHL_b12_lp2_r1_pr2_lay2_m2,COMPLETED,"Effects applied on exit",24369.93
531,2026-07-01 12:21:11.983,PickUpHL,PickUpHL_b10_fp14_r1,STARTED,"HL subtree tick: FF_Default_DynamicFlow_PickUpHL_b10_fp14_r1; DeltaTime: 0.100",24519.74
532,2026-07-01 12:21:12.321,TravelML,TravelML_r1_pr2_fp14,STARTED,"ML action execution; DeltaTime: 0.100",24857.05
533,2026-07-01 12:21:12.321,TravelML,TravelML_r1_pr2_fp14,STARTED,"DeltaTime: 0.100",24857.06
534,2026-07-01 12:21:12.321,TravelML,TravelML_r1_pr2_fp14,COMPLETED,"Action logic completed successfully",24857.08
535,2026-07-01 12:21:12.324,TravelML,TravelML_r1_pr2_fp14,COMPLETED,"Effects applied on exit",24860.20
536,2026-07-01 12:21:12.445,PickUpHL,PickUpHL_b10_fp14_r1,STARTED,"HL subtree tick: FF_Default_DynamicFlow_PickUpHL_b10_fp14_r1; DeltaTime: 0.100",24981.77
537,2026-07-01 12:21:12.446,PickUpML,PickUpML_b10_fp14_r1_vg1,STARTED,"ML action execution; DeltaTime: 0.100",24982.70
538,2026-07-01 12:21:12.446,PickUpML,PickUpML_b10_fp14_r1_vg1,STARTED,"DeltaTime: 0.100",24982.70
539,2026-07-01 12:21:12.446,PickUpML,PickUpML_b10_fp14_r1_vg1,COMPLETED,"Action logic completed successfully",24982.71
540,2026-07-01 12:21:12.449,PickUpML,PickUpML_b10_fp14_r1_vg1,COMPLETED,"Effects applied on exit",24985.40
541,2026-07-01 12:21:12.572,PickUpHL,PickUpHL_b10_fp14_r1,STARTED,"HL subtree tick: FF_Default_DynamicFlow_PickUpHL_b10_fp14_r1; DeltaTime: 0.100",25108.41
542,2026-07-01 12:21:12.572,PickUpHL,PickUpHL_b10_fp14_r1,COMPLETED,"Subtree execution completed successfully",25108.83
543,2026-07-01 12:21:12.572,PickUpHL,PickUpHL_b10_fp14_r1,STARTED,"DeltaTime: 0.100",25108.83
544,2026-07-01 12:21:12.572,PickUpHL,PickUpHL_b10_fp14_r1,COMPLETED,"Action logic completed successfully",25108.86
545,2026-07-01 12:21:12.575,PickUpHL,PickUpHL_b10_fp14_r1,COMPLETED,"Effects applied on exit",25111.19
546,2026-07-01 12:21:12.730,StackHL,StackHL_b10_lp2_r1_pr2_lay2_m2,STARTED,"HL subtree tick: FF_Default_DynamicFlow_StackHL_b10_lp2_r1_pr2_lay2_m2; DeltaTime: 0.100",25266.40
547,2026-07-01 12:21:13.095,TravelML,TravelML_r1_fp14_pr2,STARTED,"ML action execution; DeltaTime: 0.100",25631.58
548,2026-07-01 12:21:13.095,TravelML,TravelML_r1_fp14_pr2,STARTED,"DeltaTime: 0.100",25631.59
549,2026-07-01 12:21:13.095,TravelML,TravelML_r1_fp14_pr2,COMPLETED,"Action logic completed successfully",25631.60
550,2026-07-01 12:21:13.097,TravelML,TravelML_r1_fp14_pr2,COMPLETED,"Effects applied on exit",25633.59
551,2026-07-01 12:21:13.206,StackHL,StackHL_b10_lp2_r1_pr2_lay2_m2,STARTED,"HL subtree tick: FF_Default_DynamicFlow_StackHL_b10_lp2_r1_pr2_lay2_m2; DeltaTime: 0.100",25741.99
552,2026-07-01 12:21:13.213,StackML,StackML_b10_lp2_r1_vg1_pr2,STARTED,"ML action execution; DeltaTime: 0.100",25749.47
553,2026-07-01 12:21:13.213,StackML,StackML_b10_lp2_r1_vg1_pr2,STARTED,"DeltaTime: 0.100",25749.48
554,2026-07-01 12:21:13.213,StackML,StackML_b10_lp2_r1_vg1_pr2,COMPLETED,"Action logic completed successfully",25749.49
555,2026-07-01 12:21:13.217,StackML,StackML_b10_lp2_r1_vg1_pr2,COMPLETED,"Effects applied on exit",25753.53
556,2026-07-01 12:21:13.332,StackHL,StackHL_b10_lp2_r1_pr2_lay2_m2,STARTED,"HL subtree tick: FF_Default_DynamicFlow_StackHL_b10_lp2_r1_pr2_lay2_m2; DeltaTime: 0.100",25868.87
557,2026-07-01 12:21:13.333,StackHL,StackHL_b10_lp2_r1_pr2_lay2_m2,COMPLETED,"Subtree execution completed successfully",25869.49
558,2026-07-01 12:21:13.333,StackHL,StackHL_b10_lp2_r1_pr2_lay2_m2,STARTED,"DeltaTime: 0.100",25869.51
559,2026-07-01 12:21:13.333,StackHL,StackHL_b10_lp2_r1_pr2_lay2_m2,COMPLETED,"Action logic completed successfully",25869.52
560,2026-07-01 12:21:13.335,StackHL,StackHL_b10_lp2_r1_pr2_lay2_m2,COMPLETED,"Effects applied on exit",25871.82
561,2026-07-01 12:21:13.479,PickUpHL,PickUpHL_b9_fp12_r1,STARTED,"HL subtree tick: FF_Default_DynamicFlow_PickUpHL_b9_fp12_r1; DeltaTime: 0.100",26015.40
562,2026-07-01 12:21:13.820,TravelML,TravelML_r1_pr2_fp12,STARTED,"ML action execution; DeltaTime: 0.100",26356.81
563,2026-07-01 12:21:13.820,TravelML,TravelML_r1_pr2_fp12,STARTED,"DeltaTime: 0.100",26356.82
564,2026-07-01 12:21:13.820,TravelML,TravelML_r1_pr2_fp12,COMPLETED,"Action logic completed successfully",26356.83
565,2026-07-01 12:21:13.823,TravelML,TravelML_r1_pr2_fp12,COMPLETED,"Effects applied on exit",26359.37
566,2026-07-01 12:21:13.945,PickUpHL,PickUpHL_b9_fp12_r1,STARTED,"HL subtree tick: FF_Default_DynamicFlow_PickUpHL_b9_fp12_r1; DeltaTime: 0.100",26481.84
567,2026-07-01 12:21:13.947,PickUpML,PickUpML_b9_fp12_r1_vg1,STARTED,"ML action execution; DeltaTime: 0.100",26483.26
568,2026-07-01 12:21:13.947,PickUpML,PickUpML_b9_fp12_r1_vg1,STARTED,"DeltaTime: 0.100",26483.27
569,2026-07-01 12:21:13.947,PickUpML,PickUpML_b9_fp12_r1_vg1,COMPLETED,"Action logic completed successfully",26483.28
570,2026-07-01 12:21:13.950,PickUpML,PickUpML_b9_fp12_r1_vg1,COMPLETED,"Effects applied on exit",26486.47
571,2026-07-01 12:21:14.070,PickUpHL,PickUpHL_b9_fp12_r1,STARTED,"HL subtree tick: FF_Default_DynamicFlow_PickUpHL_b9_fp12_r1; DeltaTime: 0.100",26606.18
572,2026-07-01 12:21:14.070,PickUpHL,PickUpHL_b9_fp12_r1,COMPLETED,"Subtree execution completed successfully",26606.62
573,2026-07-01 12:21:14.070,PickUpHL,PickUpHL_b9_fp12_r1,STARTED,"DeltaTime: 0.100",26606.63
574,2026-07-01 12:21:14.070,PickUpHL,PickUpHL_b9_fp12_r1,COMPLETED,"Action logic completed successfully",26606.64
575,2026-07-01 12:21:14.072,PickUpHL,PickUpHL_b9_fp12_r1,COMPLETED,"Effects applied on exit",26608.72
576,2026-07-01 12:21:14.214,StackHL,StackHL_b9_lp2_r1_pr2_lay2_m2,STARTED,"HL subtree tick: FF_Default_DynamicFlow_StackHL_b9_lp2_r1_pr2_lay2_m2; DeltaTime: 0.100",26750.33
577,2026-07-01 12:21:14.578,TravelML,TravelML_r1_fp12_pr2,STARTED,"ML action execution; DeltaTime: 0.100",27114.66
578,2026-07-01 12:21:14.578,TravelML,TravelML_r1_fp12_pr2,STARTED,"DeltaTime: 0.100",27114.67
579,2026-07-01 12:21:14.578,TravelML,TravelML_r1_fp12_pr2,COMPLETED,"Action logic completed successfully",27114.68
580,2026-07-01 12:21:14.581,TravelML,TravelML_r1_fp12_pr2,COMPLETED,"Effects applied on exit",27117.04
581,2026-07-01 12:21:14.701,StackHL,StackHL_b9_lp2_r1_pr2_lay2_m2,STARTED,"HL subtree tick: FF_Default_DynamicFlow_StackHL_b9_lp2_r1_pr2_lay2_m2; DeltaTime: 0.100",27237.63
582,2026-07-01 12:21:14.702,StackML,StackML_b9_lp2_r1_vg1_pr2,STARTED,"ML action execution; DeltaTime: 0.100",27238.82
583,2026-07-01 12:21:14.702,StackML,StackML_b9_lp2_r1_vg1_pr2,STARTED,"DeltaTime: 0.100",27238.84
584,2026-07-01 12:21:14.702,StackML,StackML_b9_lp2_r1_vg1_pr2,COMPLETED,"Action logic completed successfully",27238.84
585,2026-07-01 12:21:14.706,StackML,StackML_b9_lp2_r1_vg1_pr2,COMPLETED,"Effects applied on exit",27242.16
586,2026-07-01 12:21:14.828,StackHL,StackHL_b9_lp2_r1_pr2_lay2_m2,STARTED,"HL subtree tick: FF_Default_DynamicFlow_StackHL_b9_lp2_r1_pr2_lay2_m2; DeltaTime: 0.100",27364.19
587,2026-07-01 12:21:14.828,StackHL,StackHL_b9_lp2_r1_pr2_lay2_m2,COMPLETED,"Subtree execution completed successfully",27364.74
588,2026-07-01 12:21:14.828,StackHL,StackHL_b9_lp2_r1_pr2_lay2_m2,STARTED,"DeltaTime: 0.100",27364.75
589,2026-07-01 12:21:14.828,StackHL,StackHL_b9_lp2_r1_pr2_lay2_m2,COMPLETED,"Action logic completed successfully",27364.76
590,2026-07-01 12:21:14.831,StackHL,StackHL_b9_lp2_r1_pr2_lay2_m2,COMPLETED,"Effects applied on exit",27367.29
591,2026-07-01 12:21:14.974,PickUpHL,PickUpHL_b11_fp15_r1,STARTED,"HL subtree tick: FF_Default_DynamicFlow_PickUpHL_b11_fp15_r1; DeltaTime: 0.100",27510.76
592,2026-07-01 12:21:15.339,TravelML,TravelML_r1_pr2_fp15,STARTED,"ML action execution; DeltaTime: 0.100",27875.02
593,2026-07-01 12:21:15.339,TravelML,TravelML_r1_pr2_fp15,STARTED,"DeltaTime: 0.100",27875.04
594,2026-07-01 12:21:15.339,TravelML,TravelML_r1_pr2_fp15,COMPLETED,"Action logic completed successfully",27875.04
595,2026-07-01 12:21:15.341,TravelML,TravelML_r1_pr2_fp15,COMPLETED,"Effects applied on exit",27877.76
596,2026-07-01 12:21:15.462,PickUpHL,PickUpHL_b11_fp15_r1,STARTED,"HL subtree tick: FF_Default_DynamicFlow_PickUpHL_b11_fp15_r1; DeltaTime: 0.100",27998.53
597,2026-07-01 12:21:15.464,PickUpML,PickUpML_b11_fp15_r1_vg1,STARTED,"ML action execution; DeltaTime: 0.100",28000.19
598,2026-07-01 12:21:15.464,PickUpML,PickUpML_b11_fp15_r1_vg1,STARTED,"DeltaTime: 0.100",28000.21
599,2026-07-01 12:21:15.464,PickUpML,PickUpML_b11_fp15_r1_vg1,COMPLETED,"Action logic completed successfully",28000.22
600,2026-07-01 12:21:15.467,PickUpML,PickUpML_b11_fp15_r1_vg1,COMPLETED,"Effects applied on exit",28003.29
601,2026-07-01 12:21:15.583,PickUpHL,PickUpHL_b11_fp15_r1,STARTED,"HL subtree tick: FF_Default_DynamicFlow_PickUpHL_b11_fp15_r1; DeltaTime: 0.100",28118.97
602,2026-07-01 12:21:15.583,PickUpHL,PickUpHL_b11_fp15_r1,COMPLETED,"Subtree execution completed successfully",28119.32
603,2026-07-01 12:21:15.583,PickUpHL,PickUpHL_b11_fp15_r1,STARTED,"DeltaTime: 0.100",28119.33
604,2026-07-01 12:21:15.583,PickUpHL,PickUpHL_b11_fp15_r1,COMPLETED,"Action logic completed successfully",28119.33
605,2026-07-01 12:21:15.585,PickUpHL,PickUpHL_b11_fp15_r1,COMPLETED,"Effects applied on exit",28121.56
606,2026-07-01 12:21:15.729,StackHL,StackHL_b11_lp2_r1_pr2_lay2_m2,STARTED,"HL subtree tick: FF_Default_DynamicFlow_StackHL_b11_lp2_r1_pr2_lay2_m2; DeltaTime: 0.100",28265.46
607,2026-07-01 12:21:16.068,TravelML,TravelML_r1_fp15_pr2,STARTED,"ML action execution; DeltaTime: 0.100",28604.39
608,2026-07-01 12:21:16.068,TravelML,TravelML_r1_fp15_pr2,STARTED,"DeltaTime: 0.100",28604.41
609,2026-07-01 12:21:16.068,TravelML,TravelML_r1_fp15_pr2,COMPLETED,"Action logic completed successfully",28604.42
610,2026-07-01 12:21:16.070,TravelML,TravelML_r1_fp15_pr2,COMPLETED,"Effects applied on exit",28606.42
611,2026-07-01 12:21:16.182,StackHL,StackHL_b11_lp2_r1_pr2_lay2_m2,STARTED,"HL subtree tick: FF_Default_DynamicFlow_StackHL_b11_lp2_r1_pr2_lay2_m2; DeltaTime: 0.100",28718.03
612,2026-07-01 12:21:16.183,StackML,StackML_b11_lp2_r1_vg1_pr2,STARTED,"ML action execution; DeltaTime: 0.100",28719.12
613,2026-07-01 12:21:16.183,StackML,StackML_b11_lp2_r1_vg1_pr2,STARTED,"DeltaTime: 0.100",28719.13
614,2026-07-01 12:21:16.183,StackML,StackML_b11_lp2_r1_vg1_pr2,COMPLETED,"Action logic completed successfully",28719.14
615,2026-07-01 12:21:16.186,StackML,StackML_b11_lp2_r1_vg1_pr2,COMPLETED,"Effects applied on exit",28722.81
616,2026-07-01 12:21:16.304,StackHL,StackHL_b11_lp2_r1_pr2_lay2_m2,STARTED,"HL subtree tick: FF_Default_DynamicFlow_StackHL_b11_lp2_r1_pr2_lay2_m2; DeltaTime: 0.100",28840.73
617,2026-07-01 12:21:16.305,StackHL,StackHL_b11_lp2_r1_pr2_lay2_m2,COMPLETED,"Subtree execution completed successfully",28841.19
618,2026-07-01 12:21:16.305,StackHL,StackHL_b11_lp2_r1_pr2_lay2_m2,STARTED,"DeltaTime: 0.100",28841.19
619,2026-07-01 12:21:16.305,StackHL,StackHL_b11_lp2_r1_pr2_lay2_m2,COMPLETED,"Action logic completed successfully",28841.20
620,2026-07-01 12:21:16.307,StackHL,StackHL_b11_lp2_r1_pr2_lay2_m2,COMPLETED,"Effects applied on exit",28843.30
621,2026-07-01 12:21:16.466,PickUpHL,PickUpHL_b13_fp18_r1,STARTED,"HL subtree tick: FF_Default_DynamicFlow_PickUpHL_b13_fp18_r1; DeltaTime: 0.100",29002.13
622,2026-07-01 12:21:16.830,TravelML,TravelML_r1_pr2_fp18,STARTED,"ML action execution; DeltaTime: 0.100",29366.32
623,2026-07-01 12:21:16.830,TravelML,TravelML_r1_pr2_fp18,STARTED,"DeltaTime: 0.100",29366.33
624,2026-07-01 12:21:16.830,TravelML,TravelML_r1_pr2_fp18,COMPLETED,"Action logic completed successfully",29366.34
625,2026-07-01 12:21:16.832,TravelML,TravelML_r1_pr2_fp18,COMPLETED,"Effects applied on exit",29368.43
626,2026-07-01 12:21:16.956,PickUpHL,PickUpHL_b13_fp18_r1,STARTED,"HL subtree tick: FF_Default_DynamicFlow_PickUpHL_b13_fp18_r1; DeltaTime: 0.100",29492.12
627,2026-07-01 12:21:16.958,PickUpML,PickUpML_b13_fp18_r1_vg1,STARTED,"ML action execution; DeltaTime: 0.100",29494.00
628,2026-07-01 12:21:16.958,PickUpML,PickUpML_b13_fp18_r1_vg1,STARTED,"DeltaTime: 0.100",29494.02
629,2026-07-01 12:21:16.958,PickUpML,PickUpML_b13_fp18_r1_vg1,COMPLETED,"Action logic completed successfully",29494.03
630,2026-07-01 12:21:16.962,PickUpML,PickUpML_b13_fp18_r1_vg1,COMPLETED,"Effects applied on exit",29498.03
631,2026-07-01 12:21:17.080,PickUpHL,PickUpHL_b13_fp18_r1,STARTED,"HL subtree tick: FF_Default_DynamicFlow_PickUpHL_b13_fp18_r1; DeltaTime: 0.100",29616.44
632,2026-07-01 12:21:17.081,PickUpHL,PickUpHL_b13_fp18_r1,COMPLETED,"Subtree execution completed successfully",29616.92
633,2026-07-01 12:21:17.081,PickUpHL,PickUpHL_b13_fp18_r1,STARTED,"DeltaTime: 0.100",29616.93
634,2026-07-01 12:21:17.081,PickUpHL,PickUpHL_b13_fp18_r1,COMPLETED,"Action logic completed successfully",29616.94
635,2026-07-01 12:21:17.083,PickUpHL,PickUpHL_b13_fp18_r1,COMPLETED,"Effects applied on exit",29619.56
636,2026-07-01 12:21:17.229,StackHL,StackHL_b13_lp3_r1_pr3_lay3_m3,STARTED,"HL subtree tick: FF_Default_DynamicFlow_StackHL_b13_lp3_r1_pr3_lay3_m3; DeltaTime: 0.100",29765.42
637,2026-07-01 12:21:17.585,TravelML,TravelML_r1_fp18_pr3,STARTED,"ML action execution; DeltaTime: 0.100",30120.99
638,2026-07-01 12:21:17.585,TravelML,TravelML_r1_fp18_pr3,STARTED,"DeltaTime: 0.100",30121.00
639,2026-07-01 12:21:17.585,TravelML,TravelML_r1_fp18_pr3,COMPLETED,"Action logic completed successfully",30121.01
640,2026-07-01 12:21:17.587,TravelML,TravelML_r1_fp18_pr3,COMPLETED,"Effects applied on exit",30123.23
641,2026-07-01 12:21:17.707,StackHL,StackHL_b13_lp3_r1_pr3_lay3_m3,STARTED,"HL subtree tick: FF_Default_DynamicFlow_StackHL_b13_lp3_r1_pr3_lay3_m3; DeltaTime: 0.100",30243.46
642,2026-07-01 12:21:17.709,StackML,StackML_b13_lp3_r1_vg1_pr3,STARTED,"ML action execution; DeltaTime: 0.100",30245.28
643,2026-07-01 12:21:17.709,StackML,StackML_b13_lp3_r1_vg1_pr3,STARTED,"DeltaTime: 0.100",30245.29
644,2026-07-01 12:21:17.709,StackML,StackML_b13_lp3_r1_vg1_pr3,COMPLETED,"Action logic completed successfully",30245.30
645,2026-07-01 12:21:17.712,StackML,StackML_b13_lp3_r1_vg1_pr3,COMPLETED,"Effects applied on exit",30248.31
646,2026-07-01 12:21:17.833,StackHL,StackHL_b13_lp3_r1_pr3_lay3_m3,STARTED,"HL subtree tick: FF_Default_DynamicFlow_StackHL_b13_lp3_r1_pr3_lay3_m3; DeltaTime: 0.100",30369.42
647,2026-07-01 12:21:17.833,StackHL,StackHL_b13_lp3_r1_pr3_lay3_m3,COMPLETED,"Subtree execution completed successfully",30369.77
648,2026-07-01 12:21:17.833,StackHL,StackHL_b13_lp3_r1_pr3_lay3_m3,STARTED,"DeltaTime: 0.100",30369.77
649,2026-07-01 12:21:17.833,StackHL,StackHL_b13_lp3_r1_pr3_lay3_m3,COMPLETED,"Action logic completed successfully",30369.78
650,2026-07-01 12:21:17.836,StackHL,StackHL_b13_lp3_r1_pr3_lay3_m3,COMPLETED,"Effects applied on exit",30372.31
651,2026-07-01 12:21:17.994,PickUpHL,PickUpHL_b14_fp19_r1,STARTED,"HL subtree tick: FF_Default_DynamicFlow_PickUpHL_b14_fp19_r1; DeltaTime: 0.100",30530.18
652,2026-07-01 12:21:18.344,TravelML,TravelML_r1_pr3_fp19,STARTED,"ML action execution; DeltaTime: 0.100",30879.97
653,2026-07-01 12:21:18.344,TravelML,TravelML_r1_pr3_fp19,STARTED,"DeltaTime: 0.100",30879.99
654,2026-07-01 12:21:18.344,TravelML,TravelML_r1_pr3_fp19,COMPLETED,"Action logic completed successfully",30879.99
655,2026-07-01 12:21:18.346,TravelML,TravelML_r1_pr3_fp19,COMPLETED,"Effects applied on exit",30882.57
656,2026-07-01 12:21:18.461,PickUpHL,PickUpHL_b14_fp19_r1,STARTED,"HL subtree tick: FF_Default_DynamicFlow_PickUpHL_b14_fp19_r1; DeltaTime: 0.100",30997.57
657,2026-07-01 12:21:18.462,PickUpML,PickUpML_b14_fp19_r1_vg1,STARTED,"ML action execution; DeltaTime: 0.100",30998.62
658,2026-07-01 12:21:18.462,PickUpML,PickUpML_b14_fp19_r1_vg1,STARTED,"DeltaTime: 0.100",30998.63
659,2026-07-01 12:21:18.462,PickUpML,PickUpML_b14_fp19_r1_vg1,COMPLETED,"Action logic completed successfully",30998.64
660,2026-07-01 12:21:18.466,PickUpML,PickUpML_b14_fp19_r1_vg1,COMPLETED,"Effects applied on exit",31002.13
661,2026-07-01 12:21:18.585,PickUpHL,PickUpHL_b14_fp19_r1,STARTED,"HL subtree tick: FF_Default_DynamicFlow_PickUpHL_b14_fp19_r1; DeltaTime: 0.100",31121.12
662,2026-07-01 12:21:18.585,PickUpHL,PickUpHL_b14_fp19_r1,COMPLETED,"Subtree execution completed successfully",31121.53
663,2026-07-01 12:21:18.585,PickUpHL,PickUpHL_b14_fp19_r1,STARTED,"DeltaTime: 0.100",31121.54
664,2026-07-01 12:21:18.585,PickUpHL,PickUpHL_b14_fp19_r1,COMPLETED,"Action logic completed successfully",31121.54
665,2026-07-01 12:21:18.587,PickUpHL,PickUpHL_b14_fp19_r1,COMPLETED,"Effects applied on exit",31123.46
666,2026-07-01 12:21:18.736,StackHL,StackHL_b14_lp3_r1_pr3_lay3_m3,STARTED,"HL subtree tick: FF_Default_DynamicFlow_StackHL_b14_lp3_r1_pr3_lay3_m3; DeltaTime: 0.100",31272.01
667,2026-07-01 12:21:19.110,TravelML,TravelML_r1_fp19_pr3,STARTED,"ML action execution; DeltaTime: 0.100",31646.79
668,2026-07-01 12:21:19.110,TravelML,TravelML_r1_fp19_pr3,STARTED,"DeltaTime: 0.100",31646.81
669,2026-07-01 12:21:19.110,TravelML,TravelML_r1_fp19_pr3,COMPLETED,"Action logic completed successfully",31646.82
670,2026-07-01 12:21:19.113,TravelML,TravelML_r1_fp19_pr3,COMPLETED,"Effects applied on exit",31649.60
671,2026-07-01 12:21:19.229,StackHL,StackHL_b14_lp3_r1_pr3_lay3_m3,STARTED,"HL subtree tick: FF_Default_DynamicFlow_StackHL_b14_lp3_r1_pr3_lay3_m3; DeltaTime: 0.100",31765.17
672,2026-07-01 12:21:19.230,StackML,StackML_b14_lp3_r1_vg1_pr3,STARTED,"ML action execution; DeltaTime: 0.100",31766.61
673,2026-07-01 12:21:19.230,StackML,StackML_b14_lp3_r1_vg1_pr3,STARTED,"DeltaTime: 0.100",31766.63
674,2026-07-01 12:21:19.230,StackML,StackML_b14_lp3_r1_vg1_pr3,COMPLETED,"Action logic completed successfully",31766.64
675,2026-07-01 12:21:19.234,StackML,StackML_b14_lp3_r1_vg1_pr3,COMPLETED,"Effects applied on exit",31770.13
676,2026-07-01 12:21:19.351,StackHL,StackHL_b14_lp3_r1_pr3_lay3_m3,STARTED,"HL subtree tick: FF_Default_DynamicFlow_StackHL_b14_lp3_r1_pr3_lay3_m3; DeltaTime: 0.100",31887.40
677,2026-07-01 12:21:19.351,StackHL,StackHL_b14_lp3_r1_pr3_lay3_m3,COMPLETED,"Subtree execution completed successfully",31887.83
678,2026-07-01 12:21:19.351,StackHL,StackHL_b14_lp3_r1_pr3_lay3_m3,STARTED,"DeltaTime: 0.100",31887.84
679,2026-07-01 12:21:19.351,StackHL,StackHL_b14_lp3_r1_pr3_lay3_m3,COMPLETED,"Action logic completed successfully",31887.85
680,2026-07-01 12:21:19.354,StackHL,StackHL_b14_lp3_r1_pr3_lay3_m3,COMPLETED,"Effects applied on exit",31890.34
681,2026-07-01 12:21:19.510,PickUpHL,PickUpHL_b18_fp24_r1,STARTED,"HL subtree tick: FF_Default_DynamicFlow_PickUpHL_b18_fp24_r1; DeltaTime: 0.100",32046.87
682,2026-07-01 12:21:19.862,TravelML,TravelML_r1_pr3_fp24,STARTED,"ML action execution; DeltaTime: 0.100",32398.10
683,2026-07-01 12:21:19.862,TravelML,TravelML_r1_pr3_fp24,STARTED,"DeltaTime: 0.100",32398.12
684,2026-07-01 12:21:19.862,TravelML,TravelML_r1_pr3_fp24,COMPLETED,"Action logic completed successfully",32398.13
685,2026-07-01 12:21:19.864,TravelML,TravelML_r1_pr3_fp24,COMPLETED,"Effects applied on exit",32400.60
686,2026-07-01 12:21:19.979,PickUpHL,PickUpHL_b18_fp24_r1,STARTED,"HL subtree tick: FF_Default_DynamicFlow_PickUpHL_b18_fp24_r1; DeltaTime: 0.100",32515.76
687,2026-07-01 12:21:19.981,PickUpML,PickUpML_b18_fp24_r1_vg1,STARTED,"ML action execution; DeltaTime: 0.100",32516.96
688,2026-07-01 12:21:19.981,PickUpML,PickUpML_b18_fp24_r1_vg1,STARTED,"DeltaTime: 0.100",32516.97
689,2026-07-01 12:21:19.981,PickUpML,PickUpML_b18_fp24_r1_vg1,COMPLETED,"Action logic completed successfully",32516.98
690,2026-07-01 12:21:19.983,PickUpML,PickUpML_b18_fp24_r1_vg1,COMPLETED,"Effects applied on exit",32519.75
691,2026-07-01 12:21:20.110,PickUpHL,PickUpHL_b18_fp24_r1,STARTED,"HL subtree tick: FF_Default_DynamicFlow_PickUpHL_b18_fp24_r1; DeltaTime: 0.100",32646.01
692,2026-07-01 12:21:20.110,PickUpHL,PickUpHL_b18_fp24_r1,COMPLETED,"Subtree execution completed successfully",32646.51
693,2026-07-01 12:21:20.110,PickUpHL,PickUpHL_b18_fp24_r1,STARTED,"DeltaTime: 0.100",32646.51
694,2026-07-01 12:21:20.110,PickUpHL,PickUpHL_b18_fp24_r1,COMPLETED,"Action logic completed successfully",32646.52
695,2026-07-01 12:21:20.112,PickUpHL,PickUpHL_b18_fp24_r1,COMPLETED,"Effects applied on exit",32648.83
696,2026-07-01 12:21:20.250,StackHL,StackHL_b18_lp3_r1_pr3_lay3_m3,STARTED,"HL subtree tick: FF_Default_DynamicFlow_StackHL_b18_lp3_r1_pr3_lay3_m3; DeltaTime: 0.100",32786.55
697,2026-07-01 12:21:20.633,TravelML,TravelML_r1_fp24_pr3,STARTED,"ML action execution; DeltaTime: 0.100",33169.27
698,2026-07-01 12:21:20.633,TravelML,TravelML_r1_fp24_pr3,STARTED,"DeltaTime: 0.100",33169.28
699,2026-07-01 12:21:20.633,TravelML,TravelML_r1_fp24_pr3,COMPLETED,"Action logic completed successfully",33169.29
700,2026-07-01 12:21:20.635,TravelML,TravelML_r1_fp24_pr3,COMPLETED,"Effects applied on exit",33171.46
701,2026-07-01 12:21:20.749,StackHL,StackHL_b18_lp3_r1_pr3_lay3_m3,STARTED,"HL subtree tick: FF_Default_DynamicFlow_StackHL_b18_lp3_r1_pr3_lay3_m3; DeltaTime: 0.100",33285.22
702,2026-07-01 12:21:20.750,StackML,StackML_b18_lp3_r1_vg1_pr3,STARTED,"ML action execution; DeltaTime: 0.100",33286.45
703,2026-07-01 12:21:20.750,StackML,StackML_b18_lp3_r1_vg1_pr3,STARTED,"DeltaTime: 0.100",33286.47
704,2026-07-01 12:21:20.750,StackML,StackML_b18_lp3_r1_vg1_pr3,COMPLETED,"Action logic completed successfully",33286.47
705,2026-07-01 12:21:20.754,StackML,StackML_b18_lp3_r1_vg1_pr3,COMPLETED,"Effects applied on exit",33289.96
706,2026-07-01 12:21:20.878,StackHL,StackHL_b18_lp3_r1_pr3_lay3_m3,STARTED,"HL subtree tick: FF_Default_DynamicFlow_StackHL_b18_lp3_r1_pr3_lay3_m3; DeltaTime: 0.100",33414.27
707,2026-07-01 12:21:20.878,StackHL,StackHL_b18_lp3_r1_pr3_lay3_m3,COMPLETED,"Subtree execution completed successfully",33414.61
708,2026-07-01 12:21:20.878,StackHL,StackHL_b18_lp3_r1_pr3_lay3_m3,STARTED,"DeltaTime: 0.100",33414.62
709,2026-07-01 12:21:20.878,StackHL,StackHL_b18_lp3_r1_pr3_lay3_m3,COMPLETED,"Action logic completed successfully",33414.62
710,2026-07-01 12:21:20.880,StackHL,StackHL_b18_lp3_r1_pr3_lay3_m3,COMPLETED,"Effects applied on exit",33416.69
711,2026-07-01 12:21:21.028,PickUpHL,PickUpHL_b16_fp22_r1,STARTED,"HL subtree tick: FF_Default_DynamicFlow_PickUpHL_b16_fp22_r1; DeltaTime: 0.100",33564.29
712,2026-07-01 12:21:21.360,TravelML,TravelML_r1_pr3_fp22,STARTED,"ML action execution; DeltaTime: 0.100",33896.67
713,2026-07-01 12:21:21.360,TravelML,TravelML_r1_pr3_fp22,STARTED,"DeltaTime: 0.100",33896.69
714,2026-07-01 12:21:21.360,TravelML,TravelML_r1_pr3_fp22,COMPLETED,"Action logic completed successfully",33896.69
715,2026-07-01 12:21:21.363,TravelML,TravelML_r1_pr3_fp22,COMPLETED,"Effects applied on exit",33899.04
716,2026-07-01 12:21:21.477,PickUpHL,PickUpHL_b16_fp22_r1,STARTED,"HL subtree tick: FF_Default_DynamicFlow_PickUpHL_b16_fp22_r1; DeltaTime: 0.100",34012.96
717,2026-07-01 12:21:21.478,PickUpML,PickUpML_b16_fp22_r1_vg1,STARTED,"ML action execution; DeltaTime: 0.100",34014.73
718,2026-07-01 12:21:21.478,PickUpML,PickUpML_b16_fp22_r1_vg1,STARTED,"DeltaTime: 0.100",34014.75
719,2026-07-01 12:21:21.478,PickUpML,PickUpML_b16_fp22_r1_vg1,COMPLETED,"Action logic completed successfully",34014.75
720,2026-07-01 12:21:21.481,PickUpML,PickUpML_b16_fp22_r1_vg1,COMPLETED,"Effects applied on exit",34017.61
721,2026-07-01 12:21:21.605,PickUpHL,PickUpHL_b16_fp22_r1,STARTED,"HL subtree tick: FF_Default_DynamicFlow_PickUpHL_b16_fp22_r1; DeltaTime: 0.100",34141.36
722,2026-07-01 12:21:21.606,PickUpHL,PickUpHL_b16_fp22_r1,COMPLETED,"Subtree execution completed successfully",34142.09
723,2026-07-01 12:21:21.606,PickUpHL,PickUpHL_b16_fp22_r1,STARTED,"DeltaTime: 0.100",34142.10
724,2026-07-01 12:21:21.606,PickUpHL,PickUpHL_b16_fp22_r1,COMPLETED,"Action logic completed successfully",34142.10
725,2026-07-01 12:21:21.608,PickUpHL,PickUpHL_b16_fp22_r1,COMPLETED,"Effects applied on exit",34144.12
726,2026-07-01 12:21:21.753,StackHL,StackHL_b16_lp3_r1_pr3_lay3_m3,STARTED,"HL subtree tick: FF_Default_DynamicFlow_StackHL_b16_lp3_r1_pr3_lay3_m3; DeltaTime: 0.100",34289.53
727,2026-07-01 12:21:22.079,TravelML,TravelML_r1_fp22_pr3,STARTED,"ML action execution; DeltaTime: 0.100",34615.01
728,2026-07-01 12:21:22.079,TravelML,TravelML_r1_fp22_pr3,STARTED,"DeltaTime: 0.100",34615.03
729,2026-07-01 12:21:22.079,TravelML,TravelML_r1_fp22_pr3,COMPLETED,"Action logic completed successfully",34615.03
730,2026-07-01 12:21:22.081,TravelML,TravelML_r1_fp22_pr3,COMPLETED,"Effects applied on exit",34617.15
731,2026-07-01 12:21:22.206,StackHL,StackHL_b16_lp3_r1_pr3_lay3_m3,STARTED,"HL subtree tick: FF_Default_DynamicFlow_StackHL_b16_lp3_r1_pr3_lay3_m3; DeltaTime: 0.100",34742.47
732,2026-07-01 12:21:22.208,StackML,StackML_b16_lp3_r1_vg1_pr3,STARTED,"ML action execution; DeltaTime: 0.100",34744.15
733,2026-07-01 12:21:22.208,StackML,StackML_b16_lp3_r1_vg1_pr3,STARTED,"DeltaTime: 0.100",34744.17
734,2026-07-01 12:21:22.208,StackML,StackML_b16_lp3_r1_vg1_pr3,COMPLETED,"Action logic completed successfully",34744.18
735,2026-07-01 12:21:22.211,StackML,StackML_b16_lp3_r1_vg1_pr3,COMPLETED,"Effects applied on exit",34747.32
736,2026-07-01 12:21:22.333,StackHL,StackHL_b16_lp3_r1_pr3_lay3_m3,STARTED,"HL subtree tick: FF_Default_DynamicFlow_StackHL_b16_lp3_r1_pr3_lay3_m3; DeltaTime: 0.100",34869.89
737,2026-07-01 12:21:22.334,StackHL,StackHL_b16_lp3_r1_pr3_lay3_m3,COMPLETED,"Subtree execution completed successfully",34870.28
738,2026-07-01 12:21:22.334,StackHL,StackHL_b16_lp3_r1_pr3_lay3_m3,STARTED,"DeltaTime: 0.100",34870.29
739,2026-07-01 12:21:22.334,StackHL,StackHL_b16_lp3_r1_pr3_lay3_m3,COMPLETED,"Action logic completed successfully",34870.29
740,2026-07-01 12:21:22.336,StackHL,StackHL_b16_lp3_r1_pr3_lay3_m3,COMPLETED,"Effects applied on exit",34872.38
741,2026-07-01 12:21:22.484,PickUpHL,PickUpHL_b15_fp20_r1,STARTED,"HL subtree tick: FF_Default_DynamicFlow_PickUpHL_b15_fp20_r1; DeltaTime: 0.100",35020.75
742,2026-07-01 12:21:22.802,TravelML,TravelML_r1_pr3_fp20,STARTED,"ML action execution; DeltaTime: 0.100",35338.33
743,2026-07-01 12:21:22.802,TravelML,TravelML_r1_pr3_fp20,STARTED,"DeltaTime: 0.100",35338.35
744,2026-07-01 12:21:22.802,TravelML,TravelML_r1_pr3_fp20,COMPLETED,"Action logic completed successfully",35338.36
745,2026-07-01 12:21:22.804,TravelML,TravelML_r1_pr3_fp20,COMPLETED,"Effects applied on exit",35340.65
746,2026-07-01 12:21:22.918,PickUpHL,PickUpHL_b15_fp20_r1,STARTED,"HL subtree tick: FF_Default_DynamicFlow_PickUpHL_b15_fp20_r1; DeltaTime: 0.100",35454.49
747,2026-07-01 12:21:22.920,PickUpML,PickUpML_b15_fp20_r1_vg1,STARTED,"ML action execution; DeltaTime: 0.100",35456.29
748,2026-07-01 12:21:22.920,PickUpML,PickUpML_b15_fp20_r1_vg1,STARTED,"DeltaTime: 0.100",35456.30
749,2026-07-01 12:21:22.920,PickUpML,PickUpML_b15_fp20_r1_vg1,COMPLETED,"Action logic completed successfully",35456.31
750,2026-07-01 12:21:22.923,PickUpML,PickUpML_b15_fp20_r1_vg1,COMPLETED,"Effects applied on exit",35459.79
751,2026-07-01 12:21:23.051,PickUpHL,PickUpHL_b15_fp20_r1,STARTED,"HL subtree tick: FF_Default_DynamicFlow_PickUpHL_b15_fp20_r1; DeltaTime: 0.100",35587.46
752,2026-07-01 12:21:23.052,PickUpHL,PickUpHL_b15_fp20_r1,COMPLETED,"Subtree execution completed successfully",35588.19
753,2026-07-01 12:21:23.052,PickUpHL,PickUpHL_b15_fp20_r1,STARTED,"DeltaTime: 0.100",35588.21
754,2026-07-01 12:21:23.052,PickUpHL,PickUpHL_b15_fp20_r1,COMPLETED,"Action logic completed successfully",35588.22
755,2026-07-01 12:21:23.055,PickUpHL,PickUpHL_b15_fp20_r1,COMPLETED,"Effects applied on exit",35591.51
756,2026-07-01 12:21:23.190,StackHL,StackHL_b15_lp3_r1_pr3_lay3_m3,STARTED,"HL subtree tick: FF_Default_DynamicFlow_StackHL_b15_lp3_r1_pr3_lay3_m3; DeltaTime: 0.100",35726.42
757,2026-07-01 12:21:23.547,TravelML,TravelML_r1_fp20_pr3,STARTED,"ML action execution; DeltaTime: 0.100",36083.18
758,2026-07-01 12:21:23.547,TravelML,TravelML_r1_fp20_pr3,STARTED,"DeltaTime: 0.100",36083.20
759,2026-07-01 12:21:23.547,TravelML,TravelML_r1_fp20_pr3,COMPLETED,"Action logic completed successfully",36083.21
760,2026-07-01 12:21:23.550,TravelML,TravelML_r1_fp20_pr3,COMPLETED,"Effects applied on exit",36086.23
761,2026-07-01 12:21:23.664,StackHL,StackHL_b15_lp3_r1_pr3_lay3_m3,STARTED,"HL subtree tick: FF_Default_DynamicFlow_StackHL_b15_lp3_r1_pr3_lay3_m3; DeltaTime: 0.100",36200.78
762,2026-07-01 12:21:23.667,StackML,StackML_b15_lp3_r1_vg1_pr3,STARTED,"ML action execution; DeltaTime: 0.100",36203.52
763,2026-07-01 12:21:23.667,StackML,StackML_b15_lp3_r1_vg1_pr3,STARTED,"DeltaTime: 0.100",36203.54
764,2026-07-01 12:21:23.667,StackML,StackML_b15_lp3_r1_vg1_pr3,COMPLETED,"Action logic completed successfully",36203.55
765,2026-07-01 12:21:23.673,StackML,StackML_b15_lp3_r1_vg1_pr3,COMPLETED,"Effects applied on exit",36209.17
766,2026-07-01 12:21:23.785,StackHL,StackHL_b15_lp3_r1_pr3_lay3_m3,STARTED,"HL subtree tick: FF_Default_DynamicFlow_StackHL_b15_lp3_r1_pr3_lay3_m3; DeltaTime: 0.100",36321.16
767,2026-07-01 12:21:23.785,StackHL,StackHL_b15_lp3_r1_pr3_lay3_m3,COMPLETED,"Subtree execution completed successfully",36321.57
768,2026-07-01 12:21:23.785,StackHL,StackHL_b15_lp3_r1_pr3_lay3_m3,STARTED,"DeltaTime: 0.100",36321.58
769,2026-07-01 12:21:23.785,StackHL,StackHL_b15_lp3_r1_pr3_lay3_m3,COMPLETED,"Action logic completed successfully",36321.58
770,2026-07-01 12:21:23.787,StackHL,StackHL_b15_lp3_r1_pr3_lay3_m3,COMPLETED,"Effects applied on exit",36323.69
771,2026-07-01 12:21:23.939,PickUpHL,PickUpHL_b17_fp23_r1,STARTED,"HL subtree tick: FF_Default_DynamicFlow_PickUpHL_b17_fp23_r1; DeltaTime: 0.100",36475.69
772,2026-07-01 12:21:24.283,TravelML,TravelML_r1_pr3_fp23,STARTED,"ML action execution; DeltaTime: 0.100",36819.58
773,2026-07-01 12:21:24.283,TravelML,TravelML_r1_pr3_fp23,STARTED,"DeltaTime: 0.100",36819.59
774,2026-07-01 12:21:24.283,TravelML,TravelML_r1_pr3_fp23,COMPLETED,"Action logic completed successfully",36819.60
775,2026-07-01 12:21:24.286,TravelML,TravelML_r1_pr3_fp23,COMPLETED,"Effects applied on exit",36822.04
776,2026-07-01 12:21:24.402,PickUpHL,PickUpHL_b17_fp23_r1,STARTED,"HL subtree tick: FF_Default_DynamicFlow_PickUpHL_b17_fp23_r1; DeltaTime: 0.100",36938.81
777,2026-07-01 12:21:24.404,PickUpML,PickUpML_b17_fp23_r1_vg1,STARTED,"ML action execution; DeltaTime: 0.100",36940.42
778,2026-07-01 12:21:24.404,PickUpML,PickUpML_b17_fp23_r1_vg1,STARTED,"DeltaTime: 0.100",36940.43
779,2026-07-01 12:21:24.404,PickUpML,PickUpML_b17_fp23_r1_vg1,COMPLETED,"Action logic completed successfully",36940.44
780,2026-07-01 12:21:24.407,PickUpML,PickUpML_b17_fp23_r1_vg1,COMPLETED,"Effects applied on exit",36943.42
781,2026-07-01 12:21:24.523,PickUpHL,PickUpHL_b17_fp23_r1,STARTED,"HL subtree tick: FF_Default_DynamicFlow_PickUpHL_b17_fp23_r1; DeltaTime: 0.100",37059.74
782,2026-07-01 12:21:24.524,PickUpHL,PickUpHL_b17_fp23_r1,COMPLETED,"Subtree execution completed successfully",37060.15
783,2026-07-01 12:21:24.524,PickUpHL,PickUpHL_b17_fp23_r1,STARTED,"DeltaTime: 0.100",37060.16
784,2026-07-01 12:21:24.524,PickUpHL,PickUpHL_b17_fp23_r1,COMPLETED,"Action logic completed successfully",37060.17
785,2026-07-01 12:21:24.526,PickUpHL,PickUpHL_b17_fp23_r1,COMPLETED,"Effects applied on exit",37062.38
786,2026-07-01 12:21:24.677,StackHL,StackHL_b17_lp3_r1_pr3_lay3_m3,STARTED,"HL subtree tick: FF_Default_DynamicFlow_StackHL_b17_lp3_r1_pr3_lay3_m3; DeltaTime: 0.100",37213.24
787,2026-07-01 12:21:25.013,TravelML,TravelML_r1_fp23_pr3,STARTED,"ML action execution; DeltaTime: 0.100",37549.72
788,2026-07-01 12:21:25.013,TravelML,TravelML_r1_fp23_pr3,STARTED,"DeltaTime: 0.100",37549.73
789,2026-07-01 12:21:25.013,TravelML,TravelML_r1_fp23_pr3,COMPLETED,"Action logic completed successfully",37549.74
790,2026-07-01 12:21:25.017,TravelML,TravelML_r1_fp23_pr3,COMPLETED,"Effects applied on exit",37553.07
791,2026-07-01 12:21:25.136,StackHL,StackHL_b17_lp3_r1_pr3_lay3_m3,STARTED,"HL subtree tick: FF_Default_DynamicFlow_StackHL_b17_lp3_r1_pr3_lay3_m3; DeltaTime: 0.100",37672.00
792,2026-07-01 12:21:25.137,StackML,StackML_b17_lp3_r1_vg1_pr3,STARTED,"ML action execution; DeltaTime: 0.100",37673.03
793,2026-07-01 12:21:25.137,StackML,StackML_b17_lp3_r1_vg1_pr3,STARTED,"DeltaTime: 0.100",37673.04
794,2026-07-01 12:21:25.137,StackML,StackML_b17_lp3_r1_vg1_pr3,COMPLETED,"Action logic completed successfully",37673.04
795,2026-07-01 12:21:25.140,StackML,StackML_b17_lp3_r1_vg1_pr3,COMPLETED,"Effects applied on exit",37676.49
796,2026-07-01 12:21:25.262,StackHL,StackHL_b17_lp3_r1_pr3_lay3_m3,STARTED,"HL subtree tick: FF_Default_DynamicFlow_StackHL_b17_lp3_r1_pr3_lay3_m3; DeltaTime: 0.100",37798.72
797,2026-07-01 12:21:25.263,StackHL,StackHL_b17_lp3_r1_pr3_lay3_m3,COMPLETED,"Subtree execution completed successfully",37799.07
798,2026-07-01 12:21:25.263,StackHL,StackHL_b17_lp3_r1_pr3_lay3_m3,STARTED,"DeltaTime: 0.100",37799.08
799,2026-07-01 12:21:25.263,StackHL,StackHL_b17_lp3_r1_pr3_lay3_m3,COMPLETED,"Action logic completed successfully",37799.09
800,2026-07-01 12:21:25.265,StackHL,StackHL_b17_lp3_r1_pr3_lay3_m3,COMPLETED,"Effects applied on exit",37801.40
801,2026-07-01 12:21:25.421,PickUpHL,PickUpHL_b19_fp26_r1,STARTED,"HL subtree tick: FF_Default_DynamicFlow_PickUpHL_b19_fp26_r1; DeltaTime: 0.100",37957.89
802,2026-07-01 12:21:25.745,TravelML,TravelML_r1_pr3_fp26,STARTED,"ML action execution; DeltaTime: 0.100",38281.54
803,2026-07-01 12:21:25.745,TravelML,TravelML_r1_pr3_fp26,STARTED,"DeltaTime: 0.100",38281.56
804,2026-07-01 12:21:25.745,TravelML,TravelML_r1_pr3_fp26,COMPLETED,"Action logic completed successfully",38281.57
805,2026-07-01 12:21:25.748,TravelML,TravelML_r1_pr3_fp26,COMPLETED,"Effects applied on exit",38284.64
806,2026-07-01 12:21:25.867,PickUpHL,PickUpHL_b19_fp26_r1,STARTED,"HL subtree tick: FF_Default_DynamicFlow_PickUpHL_b19_fp26_r1; DeltaTime: 0.100",38403.34
807,2026-07-01 12:21:25.869,PickUpML,PickUpML_b19_fp26_r1_vg1,STARTED,"ML action execution; DeltaTime: 0.100",38405.01
808,2026-07-01 12:21:25.869,PickUpML,PickUpML_b19_fp26_r1_vg1,STARTED,"DeltaTime: 0.100",38405.02
809,2026-07-01 12:21:25.869,PickUpML,PickUpML_b19_fp26_r1_vg1,COMPLETED,"Action logic completed successfully",38405.03
810,2026-07-01 12:21:25.872,PickUpML,PickUpML_b19_fp26_r1_vg1,COMPLETED,"Effects applied on exit",38408.51
811,2026-07-01 12:21:25.987,PickUpHL,PickUpHL_b19_fp26_r1,STARTED,"HL subtree tick: FF_Default_DynamicFlow_PickUpHL_b19_fp26_r1; DeltaTime: 0.100",38523.40
812,2026-07-01 12:21:25.987,PickUpHL,PickUpHL_b19_fp26_r1,COMPLETED,"Subtree execution completed successfully",38523.86
813,2026-07-01 12:21:25.987,PickUpHL,PickUpHL_b19_fp26_r1,STARTED,"DeltaTime: 0.100",38523.87
814,2026-07-01 12:21:25.987,PickUpHL,PickUpHL_b19_fp26_r1,COMPLETED,"Action logic completed successfully",38523.90
815,2026-07-01 12:21:25.990,PickUpHL,PickUpHL_b19_fp26_r1,COMPLETED,"Effects applied on exit",38526.04
816,2026-07-01 12:21:26.138,StackHL,StackHL_b19_lp4_r1_pr4_lay4_m4,STARTED,"HL subtree tick: FF_Default_DynamicFlow_StackHL_b19_lp4_r1_pr4_lay4_m4; DeltaTime: 0.100",38674.75
817,2026-07-01 12:21:26.470,TravelML,TravelML_r1_fp26_pr4,STARTED,"ML action execution; DeltaTime: 0.100",39006.30
818,2026-07-01 12:21:26.470,TravelML,TravelML_r1_fp26_pr4,STARTED,"DeltaTime: 0.100",39006.31
819,2026-07-01 12:21:26.470,TravelML,TravelML_r1_fp26_pr4,COMPLETED,"Action logic completed successfully",39006.32
820,2026-07-01 12:21:26.473,TravelML,TravelML_r1_fp26_pr4,COMPLETED,"Effects applied on exit",39009.04
821,2026-07-01 12:21:26.585,StackHL,StackHL_b19_lp4_r1_pr4_lay4_m4,STARTED,"HL subtree tick: FF_Default_DynamicFlow_StackHL_b19_lp4_r1_pr4_lay4_m4; DeltaTime: 0.100",39120.91
822,2026-07-01 12:21:26.586,StackML,StackML_b19_lp4_r1_vg1_pr4,STARTED,"ML action execution; DeltaTime: 0.100",39122.25
823,2026-07-01 12:21:26.586,StackML,StackML_b19_lp4_r1_vg1_pr4,STARTED,"DeltaTime: 0.100",39122.27
824,2026-07-01 12:21:26.586,StackML,StackML_b19_lp4_r1_vg1_pr4,COMPLETED,"Action logic completed successfully",39122.27
825,2026-07-01 12:21:26.590,StackML,StackML_b19_lp4_r1_vg1_pr4,COMPLETED,"Effects applied on exit",39126.06
826,2026-07-01 12:21:26.714,StackHL,StackHL_b19_lp4_r1_pr4_lay4_m4,STARTED,"HL subtree tick: FF_Default_DynamicFlow_StackHL_b19_lp4_r1_pr4_lay4_m4; DeltaTime: 0.100",39249.93
827,2026-07-01 12:21:26.714,StackHL,StackHL_b19_lp4_r1_pr4_lay4_m4,COMPLETED,"Subtree execution completed successfully",39250.31
828,2026-07-01 12:21:26.714,StackHL,StackHL_b19_lp4_r1_pr4_lay4_m4,STARTED,"DeltaTime: 0.100",39250.31
829,2026-07-01 12:21:26.714,StackHL,StackHL_b19_lp4_r1_pr4_lay4_m4,COMPLETED,"Action logic completed successfully",39250.32
830,2026-07-01 12:21:26.716,StackHL,StackHL_b19_lp4_r1_pr4_lay4_m4,COMPLETED,"Effects applied on exit",39252.78
831,2026-07-01 12:21:26.867,PickUpHL,PickUpHL_b20_fp27_r1,STARTED,"HL subtree tick: FF_Default_DynamicFlow_PickUpHL_b20_fp27_r1; DeltaTime: 0.100",39403.17
832,2026-07-01 12:21:27.208,TravelML,TravelML_r1_pr4_fp27,STARTED,"ML action execution; DeltaTime: 0.100",39744.59
833,2026-07-01 12:21:27.208,TravelML,TravelML_r1_pr4_fp27,STARTED,"DeltaTime: 0.100",39744.61
834,2026-07-01 12:21:27.208,TravelML,TravelML_r1_pr4_fp27,COMPLETED,"Action logic completed successfully",39744.64
835,2026-07-01 12:21:27.214,TravelML,TravelML_r1_pr4_fp27,COMPLETED,"Effects applied on exit",39750.39
836,2026-07-01 12:21:27.345,PickUpHL,PickUpHL_b20_fp27_r1,STARTED,"HL subtree tick: FF_Default_DynamicFlow_PickUpHL_b20_fp27_r1; DeltaTime: 0.100",39881.56
837,2026-07-01 12:21:27.347,PickUpML,PickUpML_b20_fp27_r1_vg1,STARTED,"ML action execution; DeltaTime: 0.100",39883.62
838,2026-07-01 12:21:27.347,PickUpML,PickUpML_b20_fp27_r1_vg1,STARTED,"DeltaTime: 0.100",39883.64
839,2026-07-01 12:21:27.347,PickUpML,PickUpML_b20_fp27_r1_vg1,COMPLETED,"Action logic completed successfully",39883.65
840,2026-07-01 12:21:27.351,PickUpML,PickUpML_b20_fp27_r1_vg1,COMPLETED,"Effects applied on exit",39887.19
841,2026-07-01 12:21:27.466,PickUpHL,PickUpHL_b20_fp27_r1,STARTED,"HL subtree tick: FF_Default_DynamicFlow_PickUpHL_b20_fp27_r1; DeltaTime: 0.100",40002.29
842,2026-07-01 12:21:27.467,PickUpHL,PickUpHL_b20_fp27_r1,COMPLETED,"Subtree execution completed successfully",40002.92
843,2026-07-01 12:21:27.467,PickUpHL,PickUpHL_b20_fp27_r1,STARTED,"DeltaTime: 0.100",40002.93
844,2026-07-01 12:21:27.467,PickUpHL,PickUpHL_b20_fp27_r1,COMPLETED,"Action logic completed successfully",40002.94
845,2026-07-01 12:21:27.469,PickUpHL,PickUpHL_b20_fp27_r1,COMPLETED,"Effects applied on exit",40005.15
846,2026-07-01 12:21:27.617,StackHL,StackHL_b20_lp4_r1_pr4_lay4_m4,STARTED,"HL subtree tick: FF_Default_DynamicFlow_StackHL_b20_lp4_r1_pr4_lay4_m4; DeltaTime: 0.100",40153.49
847,2026-07-01 12:21:27.968,TravelML,TravelML_r1_fp27_pr4,STARTED,"ML action execution; DeltaTime: 0.100",40504.57
848,2026-07-01 12:21:27.968,TravelML,TravelML_r1_fp27_pr4,STARTED,"DeltaTime: 0.100",40504.59
849,2026-07-01 12:21:27.968,TravelML,TravelML_r1_fp27_pr4,COMPLETED,"Action logic completed successfully",40504.59
850,2026-07-01 12:21:27.971,TravelML,TravelML_r1_fp27_pr4,COMPLETED,"Effects applied on exit",40507.72
851,2026-07-01 12:21:28.090,StackHL,StackHL_b20_lp4_r1_pr4_lay4_m4,STARTED,"HL subtree tick: FF_Default_DynamicFlow_StackHL_b20_lp4_r1_pr4_lay4_m4; DeltaTime: 0.100",40625.99
852,2026-07-01 12:21:28.091,StackML,StackML_b20_lp4_r1_vg1_pr4,STARTED,"ML action execution; DeltaTime: 0.100",40627.10
853,2026-07-01 12:21:28.091,StackML,StackML_b20_lp4_r1_vg1_pr4,STARTED,"DeltaTime: 0.100",40627.12
854,2026-07-01 12:21:28.091,StackML,StackML_b20_lp4_r1_vg1_pr4,COMPLETED,"Action logic completed successfully",40627.12
855,2026-07-01 12:21:28.094,StackML,StackML_b20_lp4_r1_vg1_pr4,COMPLETED,"Effects applied on exit",40630.62
856,2026-07-01 12:21:28.212,StackHL,StackHL_b20_lp4_r1_pr4_lay4_m4,STARTED,"HL subtree tick: FF_Default_DynamicFlow_StackHL_b20_lp4_r1_pr4_lay4_m4; DeltaTime: 0.100",40748.21
857,2026-07-01 12:21:28.212,StackHL,StackHL_b20_lp4_r1_pr4_lay4_m4,COMPLETED,"Subtree execution completed successfully",40748.61
858,2026-07-01 12:21:28.212,StackHL,StackHL_b20_lp4_r1_pr4_lay4_m4,STARTED,"DeltaTime: 0.100",40748.62
859,2026-07-01 12:21:28.212,StackHL,StackHL_b20_lp4_r1_pr4_lay4_m4,COMPLETED,"Action logic completed successfully",40748.63
860,2026-07-01 12:21:28.215,StackHL,StackHL_b20_lp4_r1_pr4_lay4_m4,COMPLETED,"Effects applied on exit",40751.23
861,2026-07-01 12:21:28.352,PickUpHL,PickUpHL_b24_fp32_r1,STARTED,"HL subtree tick: FF_Default_DynamicFlow_PickUpHL_b24_fp32_r1; DeltaTime: 0.100",40888.24
862,2026-07-01 12:21:28.688,TravelML,TravelML_r1_pr4_fp32,STARTED,"ML action execution; DeltaTime: 0.100",41224.52
863,2026-07-01 12:21:28.688,TravelML,TravelML_r1_pr4_fp32,STARTED,"DeltaTime: 0.100",41224.54
864,2026-07-01 12:21:28.688,TravelML,TravelML_r1_pr4_fp32,COMPLETED,"Action logic completed successfully",41224.55
865,2026-07-01 12:21:28.691,TravelML,TravelML_r1_pr4_fp32,COMPLETED,"Effects applied on exit",41227.06
866,2026-07-01 12:21:28.810,PickUpHL,PickUpHL_b24_fp32_r1,STARTED,"HL subtree tick: FF_Default_DynamicFlow_PickUpHL_b24_fp32_r1; DeltaTime: 0.100",41346.34
867,2026-07-01 12:21:28.811,PickUpML,PickUpML_b24_fp32_r1_vg1,STARTED,"ML action execution; DeltaTime: 0.100",41347.33
868,2026-07-01 12:21:28.811,PickUpML,PickUpML_b24_fp32_r1_vg1,STARTED,"DeltaTime: 0.100",41347.34
869,2026-07-01 12:21:28.811,PickUpML,PickUpML_b24_fp32_r1_vg1,COMPLETED,"Action logic completed successfully",41347.35
870,2026-07-01 12:21:28.814,PickUpML,PickUpML_b24_fp32_r1_vg1,COMPLETED,"Effects applied on exit",41350.50
871,2026-07-01 12:21:28.937,PickUpHL,PickUpHL_b24_fp32_r1,STARTED,"HL subtree tick: FF_Default_DynamicFlow_PickUpHL_b24_fp32_r1; DeltaTime: 0.100",41473.28
872,2026-07-01 12:21:28.937,PickUpHL,PickUpHL_b24_fp32_r1,COMPLETED,"Subtree execution completed successfully",41473.73
873,2026-07-01 12:21:28.937,PickUpHL,PickUpHL_b24_fp32_r1,STARTED,"DeltaTime: 0.100",41473.74
874,2026-07-01 12:21:28.937,PickUpHL,PickUpHL_b24_fp32_r1,COMPLETED,"Action logic completed successfully",41473.75
875,2026-07-01 12:21:28.940,PickUpHL,PickUpHL_b24_fp32_r1,COMPLETED,"Effects applied on exit",41475.96
876,2026-07-01 12:21:29.093,StackHL,StackHL_b24_lp4_r1_pr4_lay4_m4,STARTED,"HL subtree tick: FF_Default_DynamicFlow_StackHL_b24_lp4_r1_pr4_lay4_m4; DeltaTime: 0.100",41629.50
877,2026-07-01 12:21:29.501,TravelML,TravelML_r1_fp32_pr4,STARTED,"ML action execution; DeltaTime: 0.100",42037.80
878,2026-07-01 12:21:29.501,TravelML,TravelML_r1_fp32_pr4,STARTED,"DeltaTime: 0.100",42037.82
879,2026-07-01 12:21:29.501,TravelML,TravelML_r1_fp32_pr4,COMPLETED,"Action logic completed successfully",42037.83
880,2026-07-01 12:21:29.505,TravelML,TravelML_r1_fp32_pr4,COMPLETED,"Effects applied on exit",42041.26
881,2026-07-01 12:21:29.624,StackHL,StackHL_b24_lp4_r1_pr4_lay4_m4,STARTED,"HL subtree tick: FF_Default_DynamicFlow_StackHL_b24_lp4_r1_pr4_lay4_m4; DeltaTime: 0.100",42160.61
882,2026-07-01 12:21:29.625,StackML,StackML_b24_lp4_r1_vg1_pr4,STARTED,"ML action execution; DeltaTime: 0.100",42161.73
883,2026-07-01 12:21:29.625,StackML,StackML_b24_lp4_r1_vg1_pr4,STARTED,"DeltaTime: 0.100",42161.74
884,2026-07-01 12:21:29.625,StackML,StackML_b24_lp4_r1_vg1_pr4,COMPLETED,"Action logic completed successfully",42161.75
885,2026-07-01 12:21:29.629,StackML,StackML_b24_lp4_r1_vg1_pr4,COMPLETED,"Effects applied on exit",42164.97
886,2026-07-01 12:21:29.749,StackHL,StackHL_b24_lp4_r1_pr4_lay4_m4,STARTED,"HL subtree tick: FF_Default_DynamicFlow_StackHL_b24_lp4_r1_pr4_lay4_m4; DeltaTime: 0.100",42284.98
887,2026-07-01 12:21:29.749,StackHL,StackHL_b24_lp4_r1_pr4_lay4_m4,COMPLETED,"Subtree execution completed successfully",42285.46
888,2026-07-01 12:21:29.749,StackHL,StackHL_b24_lp4_r1_pr4_lay4_m4,STARTED,"DeltaTime: 0.100",42285.50
889,2026-07-01 12:21:29.749,StackHL,StackHL_b24_lp4_r1_pr4_lay4_m4,COMPLETED,"Action logic completed successfully",42285.50
890,2026-07-01 12:21:29.752,StackHL,StackHL_b24_lp4_r1_pr4_lay4_m4,COMPLETED,"Effects applied on exit",42288.84
891,2026-07-01 12:21:29.904,PickUpHL,PickUpHL_b22_fp30_r1,STARTED,"HL subtree tick: FF_Default_DynamicFlow_PickUpHL_b22_fp30_r1; DeltaTime: 0.100",42440.30
892,2026-07-01 12:21:30.231,TravelML,TravelML_r1_pr4_fp30,STARTED,"ML action execution; DeltaTime: 0.100",42767.89
893,2026-07-01 12:21:30.231,TravelML,TravelML_r1_pr4_fp30,STARTED,"DeltaTime: 0.100",42767.90
894,2026-07-01 12:21:30.232,TravelML,TravelML_r1_pr4_fp30,COMPLETED,"Action logic completed successfully",42767.91
895,2026-07-01 12:21:30.234,TravelML,TravelML_r1_pr4_fp30,COMPLETED,"Effects applied on exit",42770.72
896,2026-07-01 12:21:30.348,PickUpHL,PickUpHL_b22_fp30_r1,STARTED,"HL subtree tick: FF_Default_DynamicFlow_PickUpHL_b22_fp30_r1; DeltaTime: 0.100",42884.51
897,2026-07-01 12:21:30.351,PickUpML,PickUpML_b22_fp30_r1_vg1,STARTED,"ML action execution; DeltaTime: 0.100",42887.19
898,2026-07-01 12:21:30.351,PickUpML,PickUpML_b22_fp30_r1_vg1,STARTED,"DeltaTime: 0.100",42887.20
899,2026-07-01 12:21:30.351,PickUpML,PickUpML_b22_fp30_r1_vg1,COMPLETED,"Action logic completed successfully",42887.21
900,2026-07-01 12:21:30.354,PickUpML,PickUpML_b22_fp30_r1_vg1,COMPLETED,"Effects applied on exit",42890.41
901,2026-07-01 12:21:30.476,PickUpHL,PickUpHL_b22_fp30_r1,STARTED,"HL subtree tick: FF_Default_DynamicFlow_PickUpHL_b22_fp30_r1; DeltaTime: 0.100",43012.01
902,2026-07-01 12:21:30.476,PickUpHL,PickUpHL_b22_fp30_r1,COMPLETED,"Subtree execution completed successfully",43012.58
903,2026-07-01 12:21:30.476,PickUpHL,PickUpHL_b22_fp30_r1,STARTED,"DeltaTime: 0.100",43012.59
904,2026-07-01 12:21:30.476,PickUpHL,PickUpHL_b22_fp30_r1,COMPLETED,"Action logic completed successfully",43012.60
905,2026-07-01 12:21:30.478,PickUpHL,PickUpHL_b22_fp30_r1,COMPLETED,"Effects applied on exit",43014.69
906,2026-07-01 12:21:30.641,StackHL,StackHL_b22_lp4_r1_pr4_lay4_m4,STARTED,"HL subtree tick: FF_Default_DynamicFlow_StackHL_b22_lp4_r1_pr4_lay4_m4; DeltaTime: 0.100",43177.33
907,2026-07-01 12:21:30.978,TravelML,TravelML_r1_fp30_pr4,STARTED,"ML action execution; DeltaTime: 0.100",43514.10
908,2026-07-01 12:21:30.978,TravelML,TravelML_r1_fp30_pr4,STARTED,"DeltaTime: 0.100",43514.12
909,2026-07-01 12:21:30.978,TravelML,TravelML_r1_fp30_pr4,COMPLETED,"Action logic completed successfully",43514.13
910,2026-07-01 12:21:30.981,TravelML,TravelML_r1_fp30_pr4,COMPLETED,"Effects applied on exit",43517.34
911,2026-07-01 12:21:31.108,StackHL,StackHL_b22_lp4_r1_pr4_lay4_m4,STARTED,"HL subtree tick: FF_Default_DynamicFlow_StackHL_b22_lp4_r1_pr4_lay4_m4; DeltaTime: 0.100",43644.41
912,2026-07-01 12:21:31.110,StackML,StackML_b22_lp4_r1_vg1_pr4,STARTED,"ML action execution; DeltaTime: 0.100",43646.63
913,2026-07-01 12:21:31.110,StackML,StackML_b22_lp4_r1_vg1_pr4,STARTED,"DeltaTime: 0.100",43646.65
914,2026-07-01 12:21:31.110,StackML,StackML_b22_lp4_r1_vg1_pr4,COMPLETED,"Action logic completed successfully",43646.65
915,2026-07-01 12:21:31.114,StackML,StackML_b22_lp4_r1_vg1_pr4,COMPLETED,"Effects applied on exit",43650.75
916,2026-07-01 12:21:31.233,StackHL,StackHL_b22_lp4_r1_pr4_lay4_m4,STARTED,"HL subtree tick: FF_Default_DynamicFlow_StackHL_b22_lp4_r1_pr4_lay4_m4; DeltaTime: 0.100",43769.01
917,2026-07-01 12:21:31.233,StackHL,StackHL_b22_lp4_r1_pr4_lay4_m4,COMPLETED,"Subtree execution completed successfully",43769.42
918,2026-07-01 12:21:31.233,StackHL,StackHL_b22_lp4_r1_pr4_lay4_m4,STARTED,"DeltaTime: 0.100",43769.43
919,2026-07-01 12:21:31.233,StackHL,StackHL_b22_lp4_r1_pr4_lay4_m4,COMPLETED,"Action logic completed successfully",43769.43
920,2026-07-01 12:21:31.236,StackHL,StackHL_b22_lp4_r1_pr4_lay4_m4,COMPLETED,"Effects applied on exit",43772.43
921,2026-07-01 12:21:31.388,PickUpHL,PickUpHL_b21_fp28_r1,STARTED,"HL subtree tick: FF_Default_DynamicFlow_PickUpHL_b21_fp28_r1; DeltaTime: 0.100",43924.90
922,2026-07-01 12:21:31.739,TravelML,TravelML_r1_pr4_fp28,STARTED,"ML action execution; DeltaTime: 0.100",44275.62
923,2026-07-01 12:21:31.739,TravelML,TravelML_r1_pr4_fp28,STARTED,"DeltaTime: 0.100",44275.63
924,2026-07-01 12:21:31.739,TravelML,TravelML_r1_pr4_fp28,COMPLETED,"Action logic completed successfully",44275.64
925,2026-07-01 12:21:31.742,TravelML,TravelML_r1_pr4_fp28,COMPLETED,"Effects applied on exit",44278.29
926,2026-07-01 12:21:31.865,PickUpHL,PickUpHL_b21_fp28_r1,STARTED,"HL subtree tick: FF_Default_DynamicFlow_PickUpHL_b21_fp28_r1; DeltaTime: 0.100",44401.31
927,2026-07-01 12:21:31.866,PickUpML,PickUpML_b21_fp28_r1_vg1,STARTED,"ML action execution; DeltaTime: 0.100",44402.71
928,2026-07-01 12:21:31.866,PickUpML,PickUpML_b21_fp28_r1_vg1,STARTED,"DeltaTime: 0.100",44402.72
929,2026-07-01 12:21:31.866,PickUpML,PickUpML_b21_fp28_r1_vg1,COMPLETED,"Action logic completed successfully",44402.73
930,2026-07-01 12:21:31.870,PickUpML,PickUpML_b21_fp28_r1_vg1,COMPLETED,"Effects applied on exit",44406.47
931,2026-07-01 12:21:31.989,PickUpHL,PickUpHL_b21_fp28_r1,STARTED,"HL subtree tick: FF_Default_DynamicFlow_PickUpHL_b21_fp28_r1; DeltaTime: 0.100",44525.15
932,2026-07-01 12:21:31.989,PickUpHL,PickUpHL_b21_fp28_r1,COMPLETED,"Subtree execution completed successfully",44525.60
933,2026-07-01 12:21:31.989,PickUpHL,PickUpHL_b21_fp28_r1,STARTED,"DeltaTime: 0.100",44525.61
934,2026-07-01 12:21:31.989,PickUpHL,PickUpHL_b21_fp28_r1,COMPLETED,"Action logic completed successfully",44525.61
935,2026-07-01 12:21:31.992,PickUpHL,PickUpHL_b21_fp28_r1,COMPLETED,"Effects applied on exit",44528.45
936,2026-07-01 12:21:32.143,StackHL,StackHL_b21_lp4_r1_pr4_lay4_m4,STARTED,"HL subtree tick: FF_Default_DynamicFlow_StackHL_b21_lp4_r1_pr4_lay4_m4; DeltaTime: 0.100",44679.28
937,2026-07-01 12:21:32.507,TravelML,TravelML_r1_fp28_pr4,STARTED,"ML action execution; DeltaTime: 0.100",45043.11
938,2026-07-01 12:21:32.507,TravelML,TravelML_r1_fp28_pr4,STARTED,"DeltaTime: 0.100",45043.12
939,2026-07-01 12:21:32.507,TravelML,TravelML_r1_fp28_pr4,COMPLETED,"Action logic completed successfully",45043.13
940,2026-07-01 12:21:32.510,TravelML,TravelML_r1_fp28_pr4,COMPLETED,"Effects applied on exit",45045.96
941,2026-07-01 12:21:32.633,StackHL,StackHL_b21_lp4_r1_pr4_lay4_m4,STARTED,"HL subtree tick: FF_Default_DynamicFlow_StackHL_b21_lp4_r1_pr4_lay4_m4; DeltaTime: 0.100",45169.22
942,2026-07-01 12:21:32.634,StackML,StackML_b21_lp4_r1_vg1_pr4,STARTED,"ML action execution; DeltaTime: 0.100",45170.42
943,2026-07-01 12:21:32.634,StackML,StackML_b21_lp4_r1_vg1_pr4,STARTED,"DeltaTime: 0.100",45170.43
944,2026-07-01 12:21:32.634,StackML,StackML_b21_lp4_r1_vg1_pr4,COMPLETED,"Action logic completed successfully",45170.44
945,2026-07-01 12:21:32.638,StackML,StackML_b21_lp4_r1_vg1_pr4,COMPLETED,"Effects applied on exit",45174.11
946,2026-07-01 12:21:32.760,StackHL,StackHL_b21_lp4_r1_pr4_lay4_m4,STARTED,"HL subtree tick: FF_Default_DynamicFlow_StackHL_b21_lp4_r1_pr4_lay4_m4; DeltaTime: 0.100",45296.77
947,2026-07-01 12:21:32.761,StackHL,StackHL_b21_lp4_r1_pr4_lay4_m4,COMPLETED,"Subtree execution completed successfully",45297.12
948,2026-07-01 12:21:32.761,StackHL,StackHL_b21_lp4_r1_pr4_lay4_m4,STARTED,"DeltaTime: 0.100",45297.13
949,2026-07-01 12:21:32.761,StackHL,StackHL_b21_lp4_r1_pr4_lay4_m4,COMPLETED,"Action logic completed successfully",45297.14
950,2026-07-01 12:21:32.763,StackHL,StackHL_b21_lp4_r1_pr4_lay4_m4,COMPLETED,"Effects applied on exit",45299.43
951,2026-07-01 12:21:32.921,PickUpHL,PickUpHL_b23_fp31_r1,STARTED,"HL subtree tick: FF_Default_DynamicFlow_PickUpHL_b23_fp31_r1; DeltaTime: 0.100",45456.98
952,2026-07-01 12:21:33.243,TravelML,TravelML_r1_pr4_fp31,STARTED,"ML action execution; DeltaTime: 0.100",45779.17
953,2026-07-01 12:21:33.243,TravelML,TravelML_r1_pr4_fp31,STARTED,"DeltaTime: 0.100",45779.19
954,2026-07-01 12:21:33.243,TravelML,TravelML_r1_pr4_fp31,COMPLETED,"Action logic completed successfully",45779.20
955,2026-07-01 12:21:33.246,TravelML,TravelML_r1_pr4_fp31,COMPLETED,"Effects applied on exit",45781.95
956,2026-07-01 12:21:33.365,PickUpHL,PickUpHL_b23_fp31_r1,STARTED,"HL subtree tick: FF_Default_DynamicFlow_PickUpHL_b23_fp31_r1; DeltaTime: 0.100",45901.28
957,2026-07-01 12:21:33.366,PickUpML,PickUpML_b23_fp31_r1_vg1,STARTED,"ML action execution; DeltaTime: 0.100",45902.62
958,2026-07-01 12:21:33.366,PickUpML,PickUpML_b23_fp31_r1_vg1,STARTED,"DeltaTime: 0.100",45902.65
959,2026-07-01 12:21:33.366,PickUpML,PickUpML_b23_fp31_r1_vg1,COMPLETED,"Action logic completed successfully",45902.67
960,2026-07-01 12:21:33.373,PickUpML,PickUpML_b23_fp31_r1_vg1,COMPLETED,"Effects applied on exit",45909.05
961,2026-07-01 12:21:33.501,PickUpHL,PickUpHL_b23_fp31_r1,STARTED,"HL subtree tick: FF_Default_DynamicFlow_PickUpHL_b23_fp31_r1; DeltaTime: 0.100",46037.61
962,2026-07-01 12:21:33.502,PickUpHL,PickUpHL_b23_fp31_r1,COMPLETED,"Subtree execution completed successfully",46038.10
963,2026-07-01 12:21:33.502,PickUpHL,PickUpHL_b23_fp31_r1,STARTED,"DeltaTime: 0.100",46038.11
964,2026-07-01 12:21:33.502,PickUpHL,PickUpHL_b23_fp31_r1,COMPLETED,"Action logic completed successfully",46038.12
965,2026-07-01 12:21:33.504,PickUpHL,PickUpHL_b23_fp31_r1,COMPLETED,"Effects applied on exit",46040.55
966,2026-07-01 12:21:33.654,StackHL,StackHL_b23_lp4_r1_pr4_lay4_m4,STARTED,"HL subtree tick: FF_Default_DynamicFlow_StackHL_b23_lp4_r1_pr4_lay4_m4; DeltaTime: 0.100",46190.41
967,2026-07-01 12:21:34.028,TravelML,TravelML_r1_fp31_pr4,STARTED,"ML action execution; DeltaTime: 0.100",46564.28
968,2026-07-01 12:21:34.028,TravelML,TravelML_r1_fp31_pr4,STARTED,"DeltaTime: 0.100",46564.30
969,2026-07-01 12:21:34.028,TravelML,TravelML_r1_fp31_pr4,COMPLETED,"Action logic completed successfully",46564.30
970,2026-07-01 12:21:34.031,TravelML,TravelML_r1_fp31_pr4,COMPLETED,"Effects applied on exit",46567.22
971,2026-07-01 12:21:34.142,StackHL,StackHL_b23_lp4_r1_pr4_lay4_m4,STARTED,"HL subtree tick: FF_Default_DynamicFlow_StackHL_b23_lp4_r1_pr4_lay4_m4; DeltaTime: 0.100",46678.44
972,2026-07-01 12:21:34.143,StackML,StackML_b23_lp4_r1_vg1_pr4,STARTED,"ML action execution; DeltaTime: 0.100",46679.33
973,2026-07-01 12:21:34.143,StackML,StackML_b23_lp4_r1_vg1_pr4,STARTED,"DeltaTime: 0.100",46679.34
974,2026-07-01 12:21:34.143,StackML,StackML_b23_lp4_r1_vg1_pr4,COMPLETED,"Action logic completed successfully",46679.35
975,2026-07-01 12:21:34.147,StackML,StackML_b23_lp4_r1_vg1_pr4,COMPLETED,"Effects applied on exit",46683.68
976,2026-07-01 12:21:34.268,StackHL,StackHL_b23_lp4_r1_pr4_lay4_m4,STARTED,"HL subtree tick: FF_Default_DynamicFlow_StackHL_b23_lp4_r1_pr4_lay4_m4; DeltaTime: 0.100",46804.14
977,2026-07-01 12:21:34.268,StackHL,StackHL_b23_lp4_r1_pr4_lay4_m4,COMPLETED,"Subtree execution completed successfully",46804.60
978,2026-07-01 12:21:34.268,StackHL,StackHL_b23_lp4_r1_pr4_lay4_m4,STARTED,"DeltaTime: 0.100",46804.61
979,2026-07-01 12:21:34.268,StackHL,StackHL_b23_lp4_r1_pr4_lay4_m4,COMPLETED,"Action logic completed successfully",46804.62
980,2026-07-01 12:21:34.271,StackHL,StackHL_b23_lp4_r1_pr4_lay4_m4,COMPLETED,"Effects applied on exit",46807.00
981,2026-07-01 12:21:34.432,NailingBeamHL,NailingBeamHL_b2_r1_m1_lay1,STARTED,"HL subtree tick: FF_Default_DynamicFlow_NailingBeamHL_b2_r1_m1_lay1; DeltaTime: 0.100",46968.41
982,2026-07-01 12:21:34.843,TravelML,TravelML_r1_pr4_ep1,STARTED,"ML action execution; DeltaTime: 0.100",47379.82
983,2026-07-01 12:21:34.843,TravelML,TravelML_r1_pr4_ep1,STARTED,"DeltaTime: 0.100",47379.83
984,2026-07-01 12:21:34.843,TravelML,TravelML_r1_pr4_ep1,COMPLETED,"Action logic completed successfully",47379.83
985,2026-07-01 12:21:34.846,TravelML,TravelML_r1_pr4_ep1,COMPLETED,"Effects applied on exit",47382.47
986,2026-07-01 12:21:34.964,NailingBeamHL,NailingBeamHL_b2_r1_m1_lay1,STARTED,"HL subtree tick: FF_Default_DynamicFlow_NailingBeamHL_b2_r1_m1_lay1; DeltaTime: 0.100",47500.68
987,2026-07-01 12:21:34.966,CloseToolML,CloseToolML_r1_vg1,STARTED,"ML action execution; DeltaTime: 0.100",47502.17
988,2026-07-01 12:21:34.966,CloseToolML,CloseToolML_r1_vg1,STARTED,"DeltaTime: 0.100",47502.18
989,2026-07-01 12:21:34.966,CloseToolML,CloseToolML_r1_vg1,COMPLETED,"Action logic completed successfully",47502.19
990,2026-07-01 12:21:34.968,CloseToolML,CloseToolML_r1_vg1,COMPLETED,"Effects applied on exit",47503.92
991,2026-07-01 12:21:35.083,NailingBeamHL,NailingBeamHL_b2_r1_m1_lay1,STARTED,"HL subtree tick: FF_Default_DynamicFlow_NailingBeamHL_b2_r1_m1_lay1; DeltaTime: 0.100",47619.00
992,2026-07-01 12:21:35.084,DeequipML,DeequipML_r1_vg1_ep1,STARTED,"ML action execution; DeltaTime: 0.100",47620.42
993,2026-07-01 12:21:35.084,DeequipML,DeequipML_r1_vg1_ep1,STARTED,"DeltaTime: 0.100",47620.43
994,2026-07-01 12:21:35.084,DeequipML,DeequipML_r1_vg1_ep1,COMPLETED,"Action logic completed successfully",47620.44
995,2026-07-01 12:21:35.086,DeequipML,DeequipML_r1_vg1_ep1,COMPLETED,"Effects applied on exit",47622.79
996,2026-07-01 12:21:35.208,NailingBeamHL,NailingBeamHL_b2_r1_m1_lay1,STARTED,"HL subtree tick: FF_Default_DynamicFlow_NailingBeamHL_b2_r1_m1_lay1; DeltaTime: 0.100",47744.74
997,2026-07-01 12:21:35.211,TravelML,TravelML_r1_ep1_ep3,STARTED,"ML action execution; DeltaTime: 0.100",47747.18
998,2026-07-01 12:21:35.211,TravelML,TravelML_r1_ep1_ep3,STARTED,"DeltaTime: 0.100",47747.20
999,2026-07-01 12:21:35.211,TravelML,TravelML_r1_ep1_ep3,COMPLETED,"Action logic completed successfully",47747.21
1000,2026-07-01 12:21:35.215,TravelML,TravelML_r1_ep1_ep3,COMPLETED,"Effects applied on exit",47750.95
1001,2026-07-01 12:21:35.336,NailingBeamHL,NailingBeamHL_b2_r1_m1_lay1,STARTED,"HL subtree tick: FF_Default_DynamicFlow_NailingBeamHL_b2_r1_m1_lay1; DeltaTime: 0.100",47872.39
1002,2026-07-01 12:21:35.338,EquipeML,EquipeML_r1_ng1_ep3,STARTED,"ML action execution; DeltaTime: 0.100",47874.04
1003,2026-07-01 12:21:35.338,EquipeML,EquipeML_r1_ng1_ep3,STARTED,"DeltaTime: 0.100",47874.05
1004,2026-07-01 12:21:35.338,EquipeML,EquipeML_r1_ng1_ep3,COMPLETED,"Action logic completed successfully",47874.05
1005,2026-07-01 12:21:35.341,EquipeML,EquipeML_r1_ng1_ep3,COMPLETED,"Effects applied on exit",47877.02
1006,2026-07-01 12:21:35.460,NailingBeamHL,NailingBeamHL_b2_r1_m1_lay1,STARTED,"HL subtree tick: FF_Default_DynamicFlow_NailingBeamHL_b2_r1_m1_lay1; DeltaTime: 0.100",47996.29
1007,2026-07-01 12:21:35.462,TravelML,TravelML_r1_ep3_pr1,STARTED,"ML action execution; DeltaTime: 0.100",47998.10
1008,2026-07-01 12:21:35.462,TravelML,TravelML_r1_ep3_pr1,STARTED,"DeltaTime: 0.100",47998.12
1009,2026-07-01 12:21:35.462,TravelML,TravelML_r1_ep3_pr1,COMPLETED,"Action logic completed successfully",47998.13
1010,2026-07-01 12:21:35.464,TravelML,TravelML_r1_ep3_pr1,COMPLETED,"Effects applied on exit",48000.43
1011,2026-07-01 12:21:35.586,NailingBeamHL,NailingBeamHL_b2_r1_m1_lay1,STARTED,"HL subtree tick: FF_Default_DynamicFlow_NailingBeamHL_b2_r1_m1_lay1; DeltaTime: 0.100",48122.60
1012,2026-07-01 12:21:35.588,InitializeML,InitializeML_r1_ng1,STARTED,"ML action execution; DeltaTime: 0.100",48124.17
1013,2026-07-01 12:21:35.588,InitializeML,InitializeML_r1_ng1,STARTED,"DeltaTime: 0.100",48124.18
1014,2026-07-01 12:21:35.588,InitializeML,InitializeML_r1_ng1,COMPLETED,"Action logic completed successfully",48124.19
1015,2026-07-01 12:21:35.591,InitializeML,InitializeML_r1_ng1,COMPLETED,"Effects applied on exit",48127.37
1016,2026-07-01 12:21:35.718,NailingBeamHL,NailingBeamHL_b2_r1_m1_lay1,STARTED,"HL subtree tick: FF_Default_DynamicFlow_NailingBeamHL_b2_r1_m1_lay1; DeltaTime: 0.100",48253.90
1017,2026-07-01 12:21:35.720,NailingML,NailingML_b2_pr1_r1_ng1,STARTED,"ML action execution; DeltaTime: 0.100",48256.06
1018,2026-07-01 12:21:35.720,NailingML,NailingML_b2_pr1_r1_ng1,STARTED,"DeltaTime: 0.100",48256.07
1019,2026-07-01 12:21:35.720,NailingML,NailingML_b2_pr1_r1_ng1,COMPLETED,"Action logic completed successfully",48256.08
1020,2026-07-01 12:21:35.723,NailingML,NailingML_b2_pr1_r1_ng1,COMPLETED,"Effects applied on exit",48259.11
1021,2026-07-01 12:21:35.841,NailingBeamHL,NailingBeamHL_b2_r1_m1_lay1,STARTED,"HL subtree tick: FF_Default_DynamicFlow_NailingBeamHL_b2_r1_m1_lay1; DeltaTime: 0.100",48376.93
1022,2026-07-01 12:21:35.841,NailingBeamHL,NailingBeamHL_b2_r1_m1_lay1,COMPLETED,"Subtree execution completed successfully",48377.64
1023,2026-07-01 12:21:35.841,NailingBeamHL,NailingBeamHL_b2_r1_m1_lay1,STARTED,"DeltaTime: 0.100",48377.65
1024,2026-07-01 12:21:35.841,NailingBeamHL,NailingBeamHL_b2_r1_m1_lay1,COMPLETED,"Action logic completed successfully",48377.66
1025,2026-07-01 12:21:35.843,NailingBeamHL,NailingBeamHL_b2_r1_m1_lay1,COMPLETED,"Effects applied on exit",48379.40
1026,2026-07-01 12:21:35.993,NailingBeamHL,NailingBeamHL_b4_r1_m1_lay1,STARTED,"HL subtree tick: FF_Default_DynamicFlow_NailingBeamHL_b4_r1_m1_lay1; DeltaTime: 0.100",48529.36
1027,2026-07-01 12:21:36.336,NailingML,NailingML_b4_pr1_r1_ng1,STARTED,"ML action execution; DeltaTime: 0.100",48872.23
1028,2026-07-01 12:21:36.336,NailingML,NailingML_b4_pr1_r1_ng1,STARTED,"DeltaTime: 0.100",48872.24
1029,2026-07-01 12:21:36.336,NailingML,NailingML_b4_pr1_r1_ng1,COMPLETED,"Action logic completed successfully",48872.25
1030,2026-07-01 12:21:36.339,NailingML,NailingML_b4_pr1_r1_ng1,COMPLETED,"Effects applied on exit",48874.91
1031,2026-07-01 12:21:36.458,NailingBeamHL,NailingBeamHL_b4_r1_m1_lay1,STARTED,"HL subtree tick: FF_Default_DynamicFlow_NailingBeamHL_b4_r1_m1_lay1; DeltaTime: 0.100",48994.48
1032,2026-07-01 12:21:36.458,NailingBeamHL,NailingBeamHL_b4_r1_m1_lay1,COMPLETED,"Subtree execution completed successfully",48994.79
1033,2026-07-01 12:21:36.458,NailingBeamHL,NailingBeamHL_b4_r1_m1_lay1,STARTED,"DeltaTime: 0.100",48994.80
1034,2026-07-01 12:21:36.458,NailingBeamHL,NailingBeamHL_b4_r1_m1_lay1,COMPLETED,"Action logic completed successfully",48994.80
1035,2026-07-01 12:21:36.460,NailingBeamHL,NailingBeamHL_b4_r1_m1_lay1,COMPLETED,"Effects applied on exit",48996.56
1036,2026-07-01 12:21:36.604,NailingBeamHL,NailingBeamHL_b3_r1_m1_lay1,STARTED,"HL subtree tick: FF_Default_DynamicFlow_NailingBeamHL_b3_r1_m1_lay1; DeltaTime: 0.100",49140.88
1037,2026-07-01 12:21:36.937,NailingML,NailingML_b3_pr1_r1_ng1,STARTED,"ML action execution; DeltaTime: 0.100",49473.31
1038,2026-07-01 12:21:36.937,NailingML,NailingML_b3_pr1_r1_ng1,STARTED,"DeltaTime: 0.100",49473.33
1039,2026-07-01 12:21:36.937,NailingML,NailingML_b3_pr1_r1_ng1,COMPLETED,"Action logic completed successfully",49473.33
1040,2026-07-01 12:21:36.939,NailingML,NailingML_b3_pr1_r1_ng1,COMPLETED,"Effects applied on exit",49475.55
1041,2026-07-01 12:21:37.054,NailingBeamHL,NailingBeamHL_b3_r1_m1_lay1,STARTED,"HL subtree tick: FF_Default_DynamicFlow_NailingBeamHL_b3_r1_m1_lay1; DeltaTime: 0.100",49590.22
1042,2026-07-01 12:21:37.054,NailingBeamHL,NailingBeamHL_b3_r1_m1_lay1,COMPLETED,"Subtree execution completed successfully",49590.64
1043,2026-07-01 12:21:37.054,NailingBeamHL,NailingBeamHL_b3_r1_m1_lay1,STARTED,"DeltaTime: 0.100",49590.65
1044,2026-07-01 12:21:37.054,NailingBeamHL,NailingBeamHL_b3_r1_m1_lay1,COMPLETED,"Action logic completed successfully",49590.66
1045,2026-07-01 12:21:37.056,NailingBeamHL,NailingBeamHL_b3_r1_m1_lay1,COMPLETED,"Effects applied on exit",49592.72
1046,2026-07-01 12:21:37.207,NailingBeamHL,NailingBeamHL_b5_r1_m1_lay1,STARTED,"HL subtree tick: FF_Default_DynamicFlow_NailingBeamHL_b5_r1_m1_lay1; DeltaTime: 0.100",49743.20
1047,2026-07-01 12:21:37.509,NailingML,NailingML_b5_pr1_r1_ng1,STARTED,"ML action execution; DeltaTime: 0.100",50045.41
1048,2026-07-01 12:21:37.509,NailingML,NailingML_b5_pr1_r1_ng1,STARTED,"DeltaTime: 0.100",50045.43
1049,2026-07-01 12:21:37.509,NailingML,NailingML_b5_pr1_r1_ng1,COMPLETED,"Action logic completed successfully",50045.43
1050,2026-07-01 12:21:37.512,NailingML,NailingML_b5_pr1_r1_ng1,COMPLETED,"Effects applied on exit",50048.03
1051,2026-07-01 12:21:37.637,NailingBeamHL,NailingBeamHL_b5_r1_m1_lay1,STARTED,"HL subtree tick: FF_Default_DynamicFlow_NailingBeamHL_b5_r1_m1_lay1; DeltaTime: 0.100",50173.38
1052,2026-07-01 12:21:37.638,NailingBeamHL,NailingBeamHL_b5_r1_m1_lay1,COMPLETED,"Subtree execution completed successfully",50174.02
1053,2026-07-01 12:21:37.638,NailingBeamHL,NailingBeamHL_b5_r1_m1_lay1,STARTED,"DeltaTime: 0.100",50174.03
1054,2026-07-01 12:21:37.638,NailingBeamHL,NailingBeamHL_b5_r1_m1_lay1,COMPLETED,"Action logic completed successfully",50174.05
1055,2026-07-01 12:21:37.640,NailingBeamHL,NailingBeamHL_b5_r1_m1_lay1,COMPLETED,"Effects applied on exit",50175.97
1056,2026-07-01 12:21:37.786,NailingBeamHL,NailingBeamHL_b1_r1_m1_lay1,STARTED,"HL subtree tick: FF_Default_DynamicFlow_NailingBeamHL_b1_r1_m1_lay1; DeltaTime: 0.100",50322.36
1057,2026-07-01 12:21:38.136,NailingML,NailingML_b1_pr1_r1_ng1,STARTED,"ML action execution; DeltaTime: 0.100",50672.60
1058,2026-07-01 12:21:38.136,NailingML,NailingML_b1_pr1_r1_ng1,STARTED,"DeltaTime: 0.100",50672.61
1059,2026-07-01 12:21:38.136,NailingML,NailingML_b1_pr1_r1_ng1,COMPLETED,"Action logic completed successfully",50672.61
1060,2026-07-01 12:21:38.139,NailingML,NailingML_b1_pr1_r1_ng1,COMPLETED,"Effects applied on exit",50675.13
1061,2026-07-01 12:21:38.257,NailingBeamHL,NailingBeamHL_b1_r1_m1_lay1,STARTED,"HL subtree tick: FF_Default_DynamicFlow_NailingBeamHL_b1_r1_m1_lay1; DeltaTime: 0.100",50793.72
1062,2026-07-01 12:21:38.258,NailingBeamHL,NailingBeamHL_b1_r1_m1_lay1,COMPLETED,"Subtree execution completed successfully",50794.06
1063,2026-07-01 12:21:38.258,NailingBeamHL,NailingBeamHL_b1_r1_m1_lay1,STARTED,"DeltaTime: 0.100",50794.07
1064,2026-07-01 12:21:38.258,NailingBeamHL,NailingBeamHL_b1_r1_m1_lay1,COMPLETED,"Action logic completed successfully",50794.07
1065,2026-07-01 12:21:38.260,NailingBeamHL,NailingBeamHL_b1_r1_m1_lay1,COMPLETED,"Effects applied on exit",50796.12
1066,2026-07-01 12:21:38.418,NailingBeamHL,NailingBeamHL_b6_r1_m1_lay1,STARTED,"HL subtree tick: FF_Default_DynamicFlow_NailingBeamHL_b6_r1_m1_lay1; DeltaTime: 0.100",50953.98
1067,2026-07-01 12:21:38.767,NailingML,NailingML_b6_pr1_r1_ng1,STARTED,"ML action execution; DeltaTime: 0.100",51303.40
1068,2026-07-01 12:21:38.767,NailingML,NailingML_b6_pr1_r1_ng1,STARTED,"DeltaTime: 0.100",51303.41
1069,2026-07-01 12:21:38.767,NailingML,NailingML_b6_pr1_r1_ng1,COMPLETED,"Action logic completed successfully",51303.42
1070,2026-07-01 12:21:38.770,NailingML,NailingML_b6_pr1_r1_ng1,COMPLETED,"Effects applied on exit",51306.18
1071,2026-07-01 12:21:38.882,NailingBeamHL,NailingBeamHL_b6_r1_m1_lay1,STARTED,"HL subtree tick: FF_Default_DynamicFlow_NailingBeamHL_b6_r1_m1_lay1; DeltaTime: 0.100",51418.34
1072,2026-07-01 12:21:38.882,NailingBeamHL,NailingBeamHL_b6_r1_m1_lay1,COMPLETED,"Subtree execution completed successfully",51418.66
1073,2026-07-01 12:21:38.882,NailingBeamHL,NailingBeamHL_b6_r1_m1_lay1,STARTED,"DeltaTime: 0.100",51418.66
1074,2026-07-01 12:21:38.882,NailingBeamHL,NailingBeamHL_b6_r1_m1_lay1,COMPLETED,"Action logic completed successfully",51418.67
1075,2026-07-01 12:21:38.884,NailingBeamHL,NailingBeamHL_b6_r1_m1_lay1,COMPLETED,"Effects applied on exit",51420.55
1076,2026-07-01 12:21:39.037,NailingBeamHL,NailingBeamHL_b8_r1_m2_lay2,STARTED,"HL subtree tick: FF_Default_DynamicFlow_NailingBeamHL_b8_r1_m2_lay2; DeltaTime: 0.100",51573.67
1077,2026-07-01 12:21:39.384,TravelML,TravelML_r1_pr1_pr2,STARTED,"ML action execution; DeltaTime: 0.100",51920.66
1078,2026-07-01 12:21:39.384,TravelML,TravelML_r1_pr1_pr2,STARTED,"DeltaTime: 0.100",51920.67
1079,2026-07-01 12:21:39.384,TravelML,TravelML_r1_pr1_pr2,COMPLETED,"Action logic completed successfully",51920.68
1080,2026-07-01 12:21:39.387,TravelML,TravelML_r1_pr1_pr2,COMPLETED,"Effects applied on exit",51923.19
1081,2026-07-01 12:21:39.513,NailingBeamHL,NailingBeamHL_b8_r1_m2_lay2,STARTED,"HL subtree tick: FF_Default_DynamicFlow_NailingBeamHL_b8_r1_m2_lay2; DeltaTime: 0.100",52049.23
1082,2026-07-01 12:21:39.514,NailingML,NailingML_b8_pr2_r1_ng1,STARTED,"ML action execution; DeltaTime: 0.100",52050.55
1083,2026-07-01 12:21:39.514,NailingML,NailingML_b8_pr2_r1_ng1,STARTED,"DeltaTime: 0.100",52050.57
1084,2026-07-01 12:21:39.514,NailingML,NailingML_b8_pr2_r1_ng1,COMPLETED,"Action logic completed successfully",52050.57
1085,2026-07-01 12:21:39.517,NailingML,NailingML_b8_pr2_r1_ng1,COMPLETED,"Effects applied on exit",52053.29
1086,2026-07-01 12:21:39.638,NailingBeamHL,NailingBeamHL_b8_r1_m2_lay2,STARTED,"HL subtree tick: FF_Default_DynamicFlow_NailingBeamHL_b8_r1_m2_lay2; DeltaTime: 0.100",52174.33
1087,2026-07-01 12:21:39.638,NailingBeamHL,NailingBeamHL_b8_r1_m2_lay2,COMPLETED,"Subtree execution completed successfully",52174.75
1088,2026-07-01 12:21:39.638,NailingBeamHL,NailingBeamHL_b8_r1_m2_lay2,STARTED,"DeltaTime: 0.100",52174.76
1089,2026-07-01 12:21:39.638,NailingBeamHL,NailingBeamHL_b8_r1_m2_lay2,COMPLETED,"Action logic completed successfully",52174.77
1090,2026-07-01 12:21:39.640,NailingBeamHL,NailingBeamHL_b8_r1_m2_lay2,COMPLETED,"Effects applied on exit",52176.63
1091,2026-07-01 12:21:39.798,NailingBeamHL,NailingBeamHL_b10_r1_m2_lay2,STARTED,"HL subtree tick: FF_Default_DynamicFlow_NailingBeamHL_b10_r1_m2_lay2; DeltaTime: 0.100",52333.90
1092,2026-07-01 12:21:40.137,NailingML,NailingML_b10_pr2_r1_ng1,STARTED,"ML action execution; DeltaTime: 0.100",52673.81
1093,2026-07-01 12:21:40.137,NailingML,NailingML_b10_pr2_r1_ng1,STARTED,"DeltaTime: 0.100",52673.82
1094,2026-07-01 12:21:40.137,NailingML,NailingML_b10_pr2_r1_ng1,COMPLETED,"Action logic completed successfully",52673.83
1095,2026-07-01 12:21:40.140,NailingML,NailingML_b10_pr2_r1_ng1,COMPLETED,"Effects applied on exit",52675.98
1096,2026-07-01 12:21:40.251,NailingBeamHL,NailingBeamHL_b10_r1_m2_lay2,STARTED,"HL subtree tick: FF_Default_DynamicFlow_NailingBeamHL_b10_r1_m2_lay2; DeltaTime: 0.100",52787.20
1097,2026-07-01 12:21:40.251,NailingBeamHL,NailingBeamHL_b10_r1_m2_lay2,COMPLETED,"Subtree execution completed successfully",52787.60
1098,2026-07-01 12:21:40.251,NailingBeamHL,NailingBeamHL_b10_r1_m2_lay2,STARTED,"DeltaTime: 0.100",52787.61
1099,2026-07-01 12:21:40.251,NailingBeamHL,NailingBeamHL_b10_r1_m2_lay2,COMPLETED,"Action logic completed successfully",52787.62
1100,2026-07-01 12:21:40.253,NailingBeamHL,NailingBeamHL_b10_r1_m2_lay2,COMPLETED,"Effects applied on exit",52789.52
1101,2026-07-01 12:21:40.408,NailingBeamHL,NailingBeamHL_b9_r1_m2_lay2,STARTED,"HL subtree tick: FF_Default_DynamicFlow_NailingBeamHL_b9_r1_m2_lay2; DeltaTime: 0.100",52944.32
1102,2026-07-01 12:21:40.743,NailingML,NailingML_b9_pr2_r1_ng1,STARTED,"ML action execution; DeltaTime: 0.100",53279.75
1103,2026-07-01 12:21:40.743,NailingML,NailingML_b9_pr2_r1_ng1,STARTED,"DeltaTime: 0.100",53279.77
1104,2026-07-01 12:21:40.743,NailingML,NailingML_b9_pr2_r1_ng1,COMPLETED,"Action logic completed successfully",53279.78
1105,2026-07-01 12:21:40.745,NailingML,NailingML_b9_pr2_r1_ng1,COMPLETED,"Effects applied on exit",53281.89
1106,2026-07-01 12:21:40.870,NailingBeamHL,NailingBeamHL_b9_r1_m2_lay2,STARTED,"HL subtree tick: FF_Default_DynamicFlow_NailingBeamHL_b9_r1_m2_lay2; DeltaTime: 0.100",53406.69
1107,2026-07-01 12:21:40.871,NailingBeamHL,NailingBeamHL_b9_r1_m2_lay2,COMPLETED,"Subtree execution completed successfully",53407.35
1108,2026-07-01 12:21:40.871,NailingBeamHL,NailingBeamHL_b9_r1_m2_lay2,STARTED,"DeltaTime: 0.100",53407.37
1109,2026-07-01 12:21:40.871,NailingBeamHL,NailingBeamHL_b9_r1_m2_lay2,COMPLETED,"Action logic completed successfully",53407.39
1110,2026-07-01 12:21:40.874,NailingBeamHL,NailingBeamHL_b9_r1_m2_lay2,COMPLETED,"Effects applied on exit",53410.60
1111,2026-07-01 12:21:41.020,NailingBeamHL,NailingBeamHL_b11_r1_m2_lay2,STARTED,"HL subtree tick: FF_Default_DynamicFlow_NailingBeamHL_b11_r1_m2_lay2; DeltaTime: 0.100",53556.62
1112,2026-07-01 12:21:41.388,NailingML,NailingML_b11_pr2_r1_ng1,STARTED,"ML action execution; DeltaTime: 0.100",53924.66
1113,2026-07-01 12:21:41.388,NailingML,NailingML_b11_pr2_r1_ng1,STARTED,"DeltaTime: 0.100",53924.68
1114,2026-07-01 12:21:41.388,NailingML,NailingML_b11_pr2_r1_ng1,COMPLETED,"Action logic completed successfully",53924.69
1115,2026-07-01 12:21:41.392,NailingML,NailingML_b11_pr2_r1_ng1,COMPLETED,"Effects applied on exit",53928.09
1116,2026-07-01 12:21:41.511,NailingBeamHL,NailingBeamHL_b11_r1_m2_lay2,STARTED,"HL subtree tick: FF_Default_DynamicFlow_NailingBeamHL_b11_r1_m2_lay2; DeltaTime: 0.100",54047.19
1117,2026-07-01 12:21:41.511,NailingBeamHL,NailingBeamHL_b11_r1_m2_lay2,COMPLETED,"Subtree execution completed successfully",54047.56
1118,2026-07-01 12:21:41.511,NailingBeamHL,NailingBeamHL_b11_r1_m2_lay2,STARTED,"DeltaTime: 0.100",54047.56
1119,2026-07-01 12:21:41.511,NailingBeamHL,NailingBeamHL_b11_r1_m2_lay2,COMPLETED,"Action logic completed successfully",54047.57
1120,2026-07-01 12:21:41.513,NailingBeamHL,NailingBeamHL_b11_r1_m2_lay2,COMPLETED,"Effects applied on exit",54049.75
1121,2026-07-01 12:21:41.657,NailingBeamHL,NailingBeamHL_b7_r1_m2_lay2,STARTED,"HL subtree tick: FF_Default_DynamicFlow_NailingBeamHL_b7_r1_m2_lay2; DeltaTime: 0.100",54193.11
1122,2026-07-01 12:21:41.971,NailingML,NailingML_b7_pr2_r1_ng1,STARTED,"ML action execution; DeltaTime: 0.100",54507.86
1123,2026-07-01 12:21:41.971,NailingML,NailingML_b7_pr2_r1_ng1,STARTED,"DeltaTime: 0.100",54507.87
1124,2026-07-01 12:21:41.971,NailingML,NailingML_b7_pr2_r1_ng1,COMPLETED,"Action logic completed successfully",54507.88
1125,2026-07-01 12:21:41.974,NailingML,NailingML_b7_pr2_r1_ng1,COMPLETED,"Effects applied on exit",54510.30
1126,2026-07-01 12:21:42.098,NailingBeamHL,NailingBeamHL_b7_r1_m2_lay2,STARTED,"HL subtree tick: FF_Default_DynamicFlow_NailingBeamHL_b7_r1_m2_lay2; DeltaTime: 0.100",54634.20
1127,2026-07-01 12:21:42.098,NailingBeamHL,NailingBeamHL_b7_r1_m2_lay2,COMPLETED,"Subtree execution completed successfully",54634.75
1128,2026-07-01 12:21:42.098,NailingBeamHL,NailingBeamHL_b7_r1_m2_lay2,STARTED,"DeltaTime: 0.100",54634.76
1129,2026-07-01 12:21:42.098,NailingBeamHL,NailingBeamHL_b7_r1_m2_lay2,COMPLETED,"Action logic completed successfully",54634.76
1130,2026-07-01 12:21:42.100,NailingBeamHL,NailingBeamHL_b7_r1_m2_lay2,COMPLETED,"Effects applied on exit",54636.50
1131,2026-07-01 12:21:42.275,NailingBeamHL,NailingBeamHL_b12_r1_m2_lay2,STARTED,"HL subtree tick: FF_Default_DynamicFlow_NailingBeamHL_b12_r1_m2_lay2; DeltaTime: 0.100",54811.86
1132,2026-07-01 12:21:42.586,NailingML,NailingML_b12_pr2_r1_ng1,STARTED,"ML action execution; DeltaTime: 0.100",55122.40
1133,2026-07-01 12:21:42.586,NailingML,NailingML_b12_pr2_r1_ng1,STARTED,"DeltaTime: 0.100",55122.41
1134,2026-07-01 12:21:42.586,NailingML,NailingML_b12_pr2_r1_ng1,COMPLETED,"Action logic completed successfully",55122.42
1135,2026-07-01 12:21:42.590,NailingML,NailingML_b12_pr2_r1_ng1,COMPLETED,"Effects applied on exit",55126.50
1136,2026-07-01 12:21:42.703,NailingBeamHL,NailingBeamHL_b12_r1_m2_lay2,STARTED,"HL subtree tick: FF_Default_DynamicFlow_NailingBeamHL_b12_r1_m2_lay2; DeltaTime: 0.100",55238.96
1137,2026-07-01 12:21:42.703,NailingBeamHL,NailingBeamHL_b12_r1_m2_lay2,COMPLETED,"Subtree execution completed successfully",55239.26
1138,2026-07-01 12:21:42.703,NailingBeamHL,NailingBeamHL_b12_r1_m2_lay2,STARTED,"DeltaTime: 0.100",55239.27
1139,2026-07-01 12:21:42.703,NailingBeamHL,NailingBeamHL_b12_r1_m2_lay2,COMPLETED,"Action logic completed successfully",55239.27
1140,2026-07-01 12:21:42.705,NailingBeamHL,NailingBeamHL_b12_r1_m2_lay2,COMPLETED,"Effects applied on exit",55241.00
1141,2026-07-01 12:21:42.860,NailingBeamHL,NailingBeamHL_b14_r1_m3_lay3,STARTED,"HL subtree tick: FF_Default_DynamicFlow_NailingBeamHL_b14_r1_m3_lay3; DeltaTime: 0.100",55396.30
1142,2026-07-01 12:21:43.181,TravelML,TravelML_r1_pr2_pr3,STARTED,"ML action execution; DeltaTime: 0.100",55717.53
1143,2026-07-01 12:21:43.181,TravelML,TravelML_r1_pr2_pr3,STARTED,"DeltaTime: 0.100",55717.54
1144,2026-07-01 12:21:43.181,TravelML,TravelML_r1_pr2_pr3,COMPLETED,"Action logic completed successfully",55717.55
1145,2026-07-01 12:21:43.184,TravelML,TravelML_r1_pr2_pr3,COMPLETED,"Effects applied on exit",55720.19
1146,2026-07-01 12:21:43.302,NailingBeamHL,NailingBeamHL_b14_r1_m3_lay3,STARTED,"HL subtree tick: FF_Default_DynamicFlow_NailingBeamHL_b14_r1_m3_lay3; DeltaTime: 0.100",55838.72
1147,2026-07-01 12:21:43.304,NailingML,NailingML_b14_pr3_r1_ng1,STARTED,"ML action execution; DeltaTime: 0.100",55840.30
1148,2026-07-01 12:21:43.304,NailingML,NailingML_b14_pr3_r1_ng1,STARTED,"DeltaTime: 0.100",55840.31
1149,2026-07-01 12:21:43.304,NailingML,NailingML_b14_pr3_r1_ng1,COMPLETED,"Action logic completed successfully",55840.31
1150,2026-07-01 12:21:43.306,NailingML,NailingML_b14_pr3_r1_ng1,COMPLETED,"Effects applied on exit",55842.61
1151,2026-07-01 12:21:43.426,NailingBeamHL,NailingBeamHL_b14_r1_m3_lay3,STARTED,"HL subtree tick: FF_Default_DynamicFlow_NailingBeamHL_b14_r1_m3_lay3; DeltaTime: 0.100",55962.62
1152,2026-07-01 12:21:43.427,NailingBeamHL,NailingBeamHL_b14_r1_m3_lay3,COMPLETED,"Subtree execution completed successfully",55963.02
1153,2026-07-01 12:21:43.427,NailingBeamHL,NailingBeamHL_b14_r1_m3_lay3,STARTED,"DeltaTime: 0.100",55963.03
1154,2026-07-01 12:21:43.427,NailingBeamHL,NailingBeamHL_b14_r1_m3_lay3,COMPLETED,"Action logic completed successfully",55963.04
1155,2026-07-01 12:21:43.429,NailingBeamHL,NailingBeamHL_b14_r1_m3_lay3,COMPLETED,"Effects applied on exit",55964.96
1156,2026-07-01 12:21:43.574,NailingBeamHL,NailingBeamHL_b16_r1_m3_lay3,STARTED,"HL subtree tick: FF_Default_DynamicFlow_NailingBeamHL_b16_r1_m3_lay3; DeltaTime: 0.100",56109.96
1157,2026-07-01 12:21:43.892,NailingML,NailingML_b16_pr3_r1_ng1,STARTED,"ML action execution; DeltaTime: 0.100",56428.18
1158,2026-07-01 12:21:43.892,NailingML,NailingML_b16_pr3_r1_ng1,STARTED,"DeltaTime: 0.100",56428.19
1159,2026-07-01 12:21:43.892,NailingML,NailingML_b16_pr3_r1_ng1,COMPLETED,"Action logic completed successfully",56428.22
1160,2026-07-01 12:21:43.894,NailingML,NailingML_b16_pr3_r1_ng1,COMPLETED,"Effects applied on exit",56430.49
1161,2026-07-01 12:21:44.006,NailingBeamHL,NailingBeamHL_b16_r1_m3_lay3,STARTED,"HL subtree tick: FF_Default_DynamicFlow_NailingBeamHL_b16_r1_m3_lay3; DeltaTime: 0.100",56542.09
1162,2026-07-01 12:21:44.006,NailingBeamHL,NailingBeamHL_b16_r1_m3_lay3,COMPLETED,"Subtree execution completed successfully",56542.60
1163,2026-07-01 12:21:44.006,NailingBeamHL,NailingBeamHL_b16_r1_m3_lay3,STARTED,"DeltaTime: 0.100",56542.61
1164,2026-07-01 12:21:44.006,NailingBeamHL,NailingBeamHL_b16_r1_m3_lay3,COMPLETED,"Action logic completed successfully",56542.62
1165,2026-07-01 12:21:44.008,NailingBeamHL,NailingBeamHL_b16_r1_m3_lay3,COMPLETED,"Effects applied on exit",56544.64
1166,2026-07-01 12:21:44.161,NailingBeamHL,NailingBeamHL_b15_r1_m3_lay3,STARTED,"HL subtree tick: FF_Default_DynamicFlow_NailingBeamHL_b15_r1_m3_lay3; DeltaTime: 0.100",56696.91
1167,2026-07-01 12:21:44.469,NailingML,NailingML_b15_pr3_r1_ng1,STARTED,"ML action execution; DeltaTime: 0.100",57005.36
1168,2026-07-01 12:21:44.469,NailingML,NailingML_b15_pr3_r1_ng1,STARTED,"DeltaTime: 0.100",57005.37
1169,2026-07-01 12:21:44.469,NailingML,NailingML_b15_pr3_r1_ng1,COMPLETED,"Action logic completed successfully",57005.38
1170,2026-07-01 12:21:44.471,NailingML,NailingML_b15_pr3_r1_ng1,COMPLETED,"Effects applied on exit",57007.70
1171,2026-07-01 12:21:44.595,NailingBeamHL,NailingBeamHL_b15_r1_m3_lay3,STARTED,"HL subtree tick: FF_Default_DynamicFlow_NailingBeamHL_b15_r1_m3_lay3; DeltaTime: 0.100",57131.22
1172,2026-07-01 12:21:44.595,NailingBeamHL,NailingBeamHL_b15_r1_m3_lay3,COMPLETED,"Subtree execution completed successfully",57131.73
1173,2026-07-01 12:21:44.595,NailingBeamHL,NailingBeamHL_b15_r1_m3_lay3,STARTED,"DeltaTime: 0.100",57131.74
1174,2026-07-01 12:21:44.595,NailingBeamHL,NailingBeamHL_b15_r1_m3_lay3,COMPLETED,"Action logic completed successfully",57131.76
1175,2026-07-01 12:21:44.598,NailingBeamHL,NailingBeamHL_b15_r1_m3_lay3,COMPLETED,"Effects applied on exit",57134.63
1176,2026-07-01 12:21:44.748,NailingBeamHL,NailingBeamHL_b17_r1_m3_lay3,STARTED,"HL subtree tick: FF_Default_DynamicFlow_NailingBeamHL_b17_r1_m3_lay3; DeltaTime: 0.100",57284.27
1177,2026-07-01 12:21:45.078,NailingML,NailingML_b17_pr3_r1_ng1,STARTED,"ML action execution; DeltaTime: 0.100",57613.91
1178,2026-07-01 12:21:45.078,NailingML,NailingML_b17_pr3_r1_ng1,STARTED,"DeltaTime: 0.100",57613.92
1179,2026-07-01 12:21:45.078,NailingML,NailingML_b17_pr3_r1_ng1,COMPLETED,"Action logic completed successfully",57613.93
1180,2026-07-01 12:21:45.080,NailingML,NailingML_b17_pr3_r1_ng1,COMPLETED,"Effects applied on exit",57616.44
1181,2026-07-01 12:21:45.196,NailingBeamHL,NailingBeamHL_b17_r1_m3_lay3,STARTED,"HL subtree tick: FF_Default_DynamicFlow_NailingBeamHL_b17_r1_m3_lay3; DeltaTime: 0.100",57732.11
1182,2026-07-01 12:21:45.196,NailingBeamHL,NailingBeamHL_b17_r1_m3_lay3,COMPLETED,"Subtree execution completed successfully",57732.41
1183,2026-07-01 12:21:45.196,NailingBeamHL,NailingBeamHL_b17_r1_m3_lay3,STARTED,"DeltaTime: 0.100",57732.42
1184,2026-07-01 12:21:45.196,NailingBeamHL,NailingBeamHL_b17_r1_m3_lay3,COMPLETED,"Action logic completed successfully",57732.43
1185,2026-07-01 12:21:45.198,NailingBeamHL,NailingBeamHL_b17_r1_m3_lay3,COMPLETED,"Effects applied on exit",57734.29
1186,2026-07-01 12:21:45.367,NailingBeamHL,NailingBeamHL_b13_r1_m3_lay3,STARTED,"HL subtree tick: FF_Default_DynamicFlow_NailingBeamHL_b13_r1_m3_lay3; DeltaTime: 0.100",57903.50
1187,2026-07-01 12:21:45.710,NailingML,NailingML_b13_pr3_r1_ng1,STARTED,"ML action execution; DeltaTime: 0.100",58246.81
1188,2026-07-01 12:21:45.710,NailingML,NailingML_b13_pr3_r1_ng1,STARTED,"DeltaTime: 0.100",58246.83
1189,2026-07-01 12:21:45.710,NailingML,NailingML_b13_pr3_r1_ng1,COMPLETED,"Action logic completed successfully",58246.83
1190,2026-07-01 12:21:45.713,NailingML,NailingML_b13_pr3_r1_ng1,COMPLETED,"Effects applied on exit",58249.09
1191,2026-07-01 12:21:45.827,NailingBeamHL,NailingBeamHL_b13_r1_m3_lay3,STARTED,"HL subtree tick: FF_Default_DynamicFlow_NailingBeamHL_b13_r1_m3_lay3; DeltaTime: 0.100",58363.22
1192,2026-07-01 12:21:45.827,NailingBeamHL,NailingBeamHL_b13_r1_m3_lay3,COMPLETED,"Subtree execution completed successfully",58363.58
1193,2026-07-01 12:21:45.827,NailingBeamHL,NailingBeamHL_b13_r1_m3_lay3,STARTED,"DeltaTime: 0.100",58363.59
1194,2026-07-01 12:21:45.827,NailingBeamHL,NailingBeamHL_b13_r1_m3_lay3,COMPLETED,"Action logic completed successfully",58363.60
1195,2026-07-01 12:21:45.829,NailingBeamHL,NailingBeamHL_b13_r1_m3_lay3,COMPLETED,"Effects applied on exit",58365.73
1196,2026-07-01 12:21:45.981,NailingBeamHL,NailingBeamHL_b18_r1_m3_lay3,STARTED,"HL subtree tick: FF_Default_DynamicFlow_NailingBeamHL_b18_r1_m3_lay3; DeltaTime: 0.100",58517.82
1197,2026-07-01 12:21:46.285,NailingML,NailingML_b18_pr3_r1_ng1,STARTED,"ML action execution; DeltaTime: 0.100",58821.50
1198,2026-07-01 12:21:46.285,NailingML,NailingML_b18_pr3_r1_ng1,STARTED,"DeltaTime: 0.100",58821.52
1199,2026-07-01 12:21:46.285,NailingML,NailingML_b18_pr3_r1_ng1,COMPLETED,"Action logic completed successfully",58821.52
1200,2026-07-01 12:21:46.288,NailingML,NailingML_b18_pr3_r1_ng1,COMPLETED,"Effects applied on exit",58823.96
1201,2026-07-01 12:21:46.410,NailingBeamHL,NailingBeamHL_b18_r1_m3_lay3,STARTED,"HL subtree tick: FF_Default_DynamicFlow_NailingBeamHL_b18_r1_m3_lay3; DeltaTime: 0.100",58946.68
1202,2026-07-01 12:21:46.411,NailingBeamHL,NailingBeamHL_b18_r1_m3_lay3,COMPLETED,"Subtree execution completed successfully",58947.13
1203,2026-07-01 12:21:46.411,NailingBeamHL,NailingBeamHL_b18_r1_m3_lay3,STARTED,"DeltaTime: 0.100",58947.14
1204,2026-07-01 12:21:46.411,NailingBeamHL,NailingBeamHL_b18_r1_m3_lay3,COMPLETED,"Action logic completed successfully",58947.15
1205,2026-07-01 12:21:46.413,NailingBeamHL,NailingBeamHL_b18_r1_m3_lay3,COMPLETED,"Effects applied on exit",58949.35
1206,2026-07-01 12:21:46.568,NailingBeamHL,NailingBeamHL_b20_r1_m4_lay4,STARTED,"HL subtree tick: FF_Default_DynamicFlow_NailingBeamHL_b20_r1_m4_lay4; DeltaTime: 0.100",59104.13
1207,2026-07-01 12:21:46.872,TravelML,TravelML_r1_pr3_pr4,STARTED,"ML action execution; DeltaTime: 0.100",59408.33
1208,2026-07-01 12:21:46.872,TravelML,TravelML_r1_pr3_pr4,STARTED,"DeltaTime: 0.100",59408.34
1209,2026-07-01 12:21:46.872,TravelML,TravelML_r1_pr3_pr4,COMPLETED,"Action logic completed successfully",59408.35
1210,2026-07-01 12:21:46.874,TravelML,TravelML_r1_pr3_pr4,COMPLETED,"Effects applied on exit",59410.84
1211,2026-07-01 12:21:46.995,NailingBeamHL,NailingBeamHL_b20_r1_m4_lay4,STARTED,"HL subtree tick: FF_Default_DynamicFlow_NailingBeamHL_b20_r1_m4_lay4; DeltaTime: 0.100",59531.03
1212,2026-07-01 12:21:46.996,NailingML,NailingML_b20_pr4_r1_ng1,STARTED,"ML action execution; DeltaTime: 0.100",59532.51
1213,2026-07-01 12:21:46.996,NailingML,NailingML_b20_pr4_r1_ng1,STARTED,"DeltaTime: 0.100",59532.52
1214,2026-07-01 12:21:46.996,NailingML,NailingML_b20_pr4_r1_ng1,COMPLETED,"Action logic completed successfully",59532.53
1215,2026-07-01 12:21:46.998,NailingML,NailingML_b20_pr4_r1_ng1,COMPLETED,"Effects applied on exit",59534.79
1216,2026-07-01 12:21:47.120,NailingBeamHL,NailingBeamHL_b20_r1_m4_lay4,STARTED,"HL subtree tick: FF_Default_DynamicFlow_NailingBeamHL_b20_r1_m4_lay4; DeltaTime: 0.100",59656.41
1217,2026-07-01 12:21:47.121,NailingBeamHL,NailingBeamHL_b20_r1_m4_lay4,COMPLETED,"Subtree execution completed successfully",59657.04
1218,2026-07-01 12:21:47.121,NailingBeamHL,NailingBeamHL_b20_r1_m4_lay4,STARTED,"DeltaTime: 0.100",59657.06
1219,2026-07-01 12:21:47.121,NailingBeamHL,NailingBeamHL_b20_r1_m4_lay4,COMPLETED,"Action logic completed successfully",59657.07
1220,2026-07-01 12:21:47.123,NailingBeamHL,NailingBeamHL_b20_r1_m4_lay4,COMPLETED,"Effects applied on exit",59659.50
1221,2026-07-01 12:21:47.267,NailingBeamHL,NailingBeamHL_b22_r1_m4_lay4,STARTED,"HL subtree tick: FF_Default_DynamicFlow_NailingBeamHL_b22_r1_m4_lay4; DeltaTime: 0.100",59803.73
1222,2026-07-01 12:21:47.593,NailingML,NailingML_b22_pr4_r1_ng1,STARTED,"ML action execution; DeltaTime: 0.100",60129.56
1223,2026-07-01 12:21:47.593,NailingML,NailingML_b22_pr4_r1_ng1,STARTED,"DeltaTime: 0.100",60129.57
1224,2026-07-01 12:21:47.593,NailingML,NailingML_b22_pr4_r1_ng1,COMPLETED,"Action logic completed successfully",60129.58
1225,2026-07-01 12:21:47.595,NailingML,NailingML_b22_pr4_r1_ng1,COMPLETED,"Effects applied on exit",60131.79
1226,2026-07-01 12:21:47.717,NailingBeamHL,NailingBeamHL_b22_r1_m4_lay4,STARTED,"HL subtree tick: FF_Default_DynamicFlow_NailingBeamHL_b22_r1_m4_lay4; DeltaTime: 0.100",60253.80
1227,2026-07-01 12:21:47.718,NailingBeamHL,NailingBeamHL_b22_r1_m4_lay4,COMPLETED,"Subtree execution completed successfully",60254.21
1228,2026-07-01 12:21:47.718,NailingBeamHL,NailingBeamHL_b22_r1_m4_lay4,STARTED,"DeltaTime: 0.100",60254.22
1229,2026-07-01 12:21:47.718,NailingBeamHL,NailingBeamHL_b22_r1_m4_lay4,COMPLETED,"Action logic completed successfully",60254.23
1230,2026-07-01 12:21:47.720,NailingBeamHL,NailingBeamHL_b22_r1_m4_lay4,COMPLETED,"Effects applied on exit",60256.25
1231,2026-07-01 12:21:47.859,NailingBeamHL,NailingBeamHL_b21_r1_m4_lay4,STARTED,"HL subtree tick: FF_Default_DynamicFlow_NailingBeamHL_b21_r1_m4_lay4; DeltaTime: 0.100",60395.36
1232,2026-07-01 12:21:48.161,NailingML,NailingML_b21_pr4_r1_ng1,STARTED,"ML action execution; DeltaTime: 0.100",60697.25
1233,2026-07-01 12:21:48.161,NailingML,NailingML_b21_pr4_r1_ng1,STARTED,"DeltaTime: 0.100",60697.26
1234,2026-07-01 12:21:48.161,NailingML,NailingML_b21_pr4_r1_ng1,COMPLETED,"Action logic completed successfully",60697.27
1235,2026-07-01 12:21:48.163,NailingML,NailingML_b21_pr4_r1_ng1,COMPLETED,"Effects applied on exit",60699.77
1236,2026-07-01 12:21:48.284,NailingBeamHL,NailingBeamHL_b21_r1_m4_lay4,STARTED,"HL subtree tick: FF_Default_DynamicFlow_NailingBeamHL_b21_r1_m4_lay4; DeltaTime: 0.100",60820.36
1237,2026-07-01 12:21:48.284,NailingBeamHL,NailingBeamHL_b21_r1_m4_lay4,COMPLETED,"Subtree execution completed successfully",60820.75
1238,2026-07-01 12:21:48.284,NailingBeamHL,NailingBeamHL_b21_r1_m4_lay4,STARTED,"DeltaTime: 0.100",60820.76
1239,2026-07-01 12:21:48.284,NailingBeamHL,NailingBeamHL_b21_r1_m4_lay4,COMPLETED,"Action logic completed successfully",60820.77
1240,2026-07-01 12:21:48.287,NailingBeamHL,NailingBeamHL_b21_r1_m4_lay4,COMPLETED,"Effects applied on exit",60822.97
1241,2026-07-01 12:21:48.431,NailingBeamHL,NailingBeamHL_b23_r1_m4_lay4,STARTED,"HL subtree tick: FF_Default_DynamicFlow_NailingBeamHL_b23_r1_m4_lay4; DeltaTime: 0.100",60967.89
1242,2026-07-01 12:21:48.745,NailingML,NailingML_b23_pr4_r1_ng1,STARTED,"ML action execution; DeltaTime: 0.100",61281.11
1243,2026-07-01 12:21:48.745,NailingML,NailingML_b23_pr4_r1_ng1,STARTED,"DeltaTime: 0.100",61281.13
1244,2026-07-01 12:21:48.745,NailingML,NailingML_b23_pr4_r1_ng1,COMPLETED,"Action logic completed successfully",61281.15
1245,2026-07-01 12:21:48.749,NailingML,NailingML_b23_pr4_r1_ng1,COMPLETED,"Effects applied on exit",61285.27
1246,2026-07-01 12:21:48.884,NailingBeamHL,NailingBeamHL_b23_r1_m4_lay4,STARTED,"HL subtree tick: FF_Default_DynamicFlow_NailingBeamHL_b23_r1_m4_lay4; DeltaTime: 0.100",61420.18
1247,2026-07-01 12:21:48.884,NailingBeamHL,NailingBeamHL_b23_r1_m4_lay4,COMPLETED,"Subtree execution completed successfully",61420.62
1248,2026-07-01 12:21:48.884,NailingBeamHL,NailingBeamHL_b23_r1_m4_lay4,STARTED,"DeltaTime: 0.100",61420.62
1249,2026-07-01 12:21:48.884,NailingBeamHL,NailingBeamHL_b23_r1_m4_lay4,COMPLETED,"Action logic completed successfully",61420.63
1250,2026-07-01 12:21:48.887,NailingBeamHL,NailingBeamHL_b23_r1_m4_lay4,COMPLETED,"Effects applied on exit",61422.96
1251,2026-07-01 12:21:49.034,NailingBeamHL,NailingBeamHL_b19_r1_m4_lay4,STARTED,"HL subtree tick: FF_Default_DynamicFlow_NailingBeamHL_b19_r1_m4_lay4; DeltaTime: 0.100",61570.43
1252,2026-07-01 12:21:49.373,NailingML,NailingML_b19_pr4_r1_ng1,STARTED,"ML action execution; DeltaTime: 0.100",61909.65
1253,2026-07-01 12:21:49.373,NailingML,NailingML_b19_pr4_r1_ng1,STARTED,"DeltaTime: 0.100",61909.67
1254,2026-07-01 12:21:49.373,NailingML,NailingML_b19_pr4_r1_ng1,COMPLETED,"Action logic completed successfully",61909.68
1255,2026-07-01 12:21:49.377,NailingML,NailingML_b19_pr4_r1_ng1,COMPLETED,"Effects applied on exit",61913.43
1256,2026-07-01 12:21:49.500,NailingBeamHL,NailingBeamHL_b19_r1_m4_lay4,STARTED,"HL subtree tick: FF_Default_DynamicFlow_NailingBeamHL_b19_r1_m4_lay4; DeltaTime: 0.100",62036.07
1257,2026-07-01 12:21:49.500,NailingBeamHL,NailingBeamHL_b19_r1_m4_lay4,COMPLETED,"Subtree execution completed successfully",62036.67
1258,2026-07-01 12:21:49.500,NailingBeamHL,NailingBeamHL_b19_r1_m4_lay4,STARTED,"DeltaTime: 0.100",62036.68
1259,2026-07-01 12:21:49.500,NailingBeamHL,NailingBeamHL_b19_r1_m4_lay4,COMPLETED,"Action logic completed successfully",62036.68
1260,2026-07-01 12:21:49.502,NailingBeamHL,NailingBeamHL_b19_r1_m4_lay4,COMPLETED,"Effects applied on exit",62038.72
1261,2026-07-01 12:21:49.656,NailingBeamHL,NailingBeamHL_b24_r1_m4_lay4,STARTED,"HL subtree tick: FF_Default_DynamicFlow_NailingBeamHL_b24_r1_m4_lay4; DeltaTime: 0.100",62192.14
1262,2026-07-01 12:21:49.984,NailingML,NailingML_b24_pr4_r1_ng1,STARTED,"ML action execution; DeltaTime: 0.100",62520.37
1263,2026-07-01 12:21:49.984,NailingML,NailingML_b24_pr4_r1_ng1,STARTED,"DeltaTime: 0.100",62520.39
1264,2026-07-01 12:21:49.984,NailingML,NailingML_b24_pr4_r1_ng1,COMPLETED,"Action logic completed successfully",62520.40
1265,2026-07-01 12:21:49.987,NailingML,NailingML_b24_pr4_r1_ng1,COMPLETED,"Effects applied on exit",62523.09
1266,2026-07-01 12:21:50.101,NailingBeamHL,NailingBeamHL_b24_r1_m4_lay4,STARTED,"HL subtree tick: FF_Default_DynamicFlow_NailingBeamHL_b24_r1_m4_lay4; DeltaTime: 0.100",62637.16
1267,2026-07-01 12:21:50.102,NailingBeamHL,NailingBeamHL_b24_r1_m4_lay4,COMPLETED,"Subtree execution completed successfully",62638.01
1268,2026-07-01 12:21:50.102,NailingBeamHL,NailingBeamHL_b24_r1_m4_lay4,STARTED,"DeltaTime: 0.100",62638.02
1269,2026-07-01 12:21:50.102,NailingBeamHL,NailingBeamHL_b24_r1_m4_lay4,COMPLETED,"Action logic completed successfully",62638.03
1270,2026-07-01 12:21:50.104,NailingBeamHL,NailingBeamHL_b24_r1_m4_lay4,COMPLETED,"Effects applied on exit",62639.95
1271,2026-07-01 12:21:50.260,GluingBeamHL,GluingBeamHL_b1_r1_m1_lay1,STARTED,"HL subtree tick: FF_Default_DynamicFlow_GluingBeamHL_b1_r1_m1_lay1; DeltaTime: 0.100",62796.06
1272,2026-07-01 12:21:50.581,TravelML,TravelML_r1_pr4_ep3,STARTED,"ML action execution; DeltaTime: 0.100",63116.91
1273,2026-07-01 12:21:50.581,TravelML,TravelML_r1_pr4_ep3,STARTED,"DeltaTime: 0.100",63116.92
1274,2026-07-01 12:21:50.581,TravelML,TravelML_r1_pr4_ep3,COMPLETED,"Action logic completed successfully",63116.93
1275,2026-07-01 12:21:50.583,TravelML,TravelML_r1_pr4_ep3,COMPLETED,"Effects applied on exit",63119.32
1276,2026-07-01 12:21:50.700,GluingBeamHL,GluingBeamHL_b1_r1_m1_lay1,STARTED,"HL subtree tick: FF_Default_DynamicFlow_GluingBeamHL_b1_r1_m1_lay1; DeltaTime: 0.100",63236.63
1277,2026-07-01 12:21:50.702,CloseToolML,CloseToolML_r1_ng1,STARTED,"ML action execution; DeltaTime: 0.100",63238.37
1278,2026-07-01 12:21:50.702,CloseToolML,CloseToolML_r1_ng1,STARTED,"DeltaTime: 0.100",63238.38
1279,2026-07-01 12:21:50.702,CloseToolML,CloseToolML_r1_ng1,COMPLETED,"Action logic completed successfully",63238.39
1280,2026-07-01 12:21:50.704,CloseToolML,CloseToolML_r1_ng1,COMPLETED,"Effects applied on exit",63240.29
1281,2026-07-01 12:21:50.826,GluingBeamHL,GluingBeamHL_b1_r1_m1_lay1,STARTED,"HL subtree tick: FF_Default_DynamicFlow_GluingBeamHL_b1_r1_m1_lay1; DeltaTime: 0.100",63362.48
1282,2026-07-01 12:21:50.828,DeequipML,DeequipML_r1_ng1_ep3,STARTED,"ML action execution; DeltaTime: 0.100",63364.06
1283,2026-07-01 12:21:50.828,DeequipML,DeequipML_r1_ng1_ep3,STARTED,"DeltaTime: 0.100",63364.07
1284,2026-07-01 12:21:50.828,DeequipML,DeequipML_r1_ng1_ep3,COMPLETED,"Action logic completed successfully",63364.07
1285,2026-07-01 12:21:50.830,DeequipML,DeequipML_r1_ng1_ep3,COMPLETED,"Effects applied on exit",63366.04
1286,2026-07-01 12:21:50.952,GluingBeamHL,GluingBeamHL_b1_r1_m1_lay1,STARTED,"HL subtree tick: FF_Default_DynamicFlow_GluingBeamHL_b1_r1_m1_lay1; DeltaTime: 0.100",63488.43
1287,2026-07-01 12:21:50.954,TravelML,TravelML_r1_ep3_ep2,STARTED,"ML action execution; DeltaTime: 0.100",63489.93
1288,2026-07-01 12:21:50.954,TravelML,TravelML_r1_ep3_ep2,STARTED,"DeltaTime: 0.100",63489.94
1289,2026-07-01 12:21:50.954,TravelML,TravelML_r1_ep3_ep2,COMPLETED,"Action logic completed successfully",63489.95
1290,2026-07-01 12:21:50.956,TravelML,TravelML_r1_ep3_ep2,COMPLETED,"Effects applied on exit",63492.56
1291,2026-07-01 12:21:51.079,GluingBeamHL,GluingBeamHL_b1_r1_m1_lay1,STARTED,"HL subtree tick: FF_Default_DynamicFlow_GluingBeamHL_b1_r1_m1_lay1; DeltaTime: 0.100",63615.81
1292,2026-07-01 12:21:51.081,EquipeML,EquipeML_r1_gg1_ep2,STARTED,"ML action execution; DeltaTime: 0.100",63617.27
1293,2026-07-01 12:21:51.081,EquipeML,EquipeML_r1_gg1_ep2,STARTED,"DeltaTime: 0.100",63617.28
1294,2026-07-01 12:21:51.081,EquipeML,EquipeML_r1_gg1_ep2,COMPLETED,"Action logic completed successfully",63617.28
1295,2026-07-01 12:21:51.083,EquipeML,EquipeML_r1_gg1_ep2,COMPLETED,"Effects applied on exit",63619.37
1296,2026-07-01 12:21:51.206,GluingBeamHL,GluingBeamHL_b1_r1_m1_lay1,STARTED,"HL subtree tick: FF_Default_DynamicFlow_GluingBeamHL_b1_r1_m1_lay1; DeltaTime: 0.100",63742.07
1297,2026-07-01 12:21:51.207,TravelML,TravelML_r1_ep2_pr1,STARTED,"ML action execution; DeltaTime: 0.100",63743.44
1298,2026-07-01 12:21:51.207,TravelML,TravelML_r1_ep2_pr1,STARTED,"DeltaTime: 0.100",63743.45
1299,2026-07-01 12:21:51.207,TravelML,TravelML_r1_ep2_pr1,COMPLETED,"Action logic completed successfully",63743.45
1300,2026-07-01 12:21:51.209,TravelML,TravelML_r1_ep2_pr1,COMPLETED,"Effects applied on exit",63745.77
1301,2026-07-01 12:21:51.332,GluingBeamHL,GluingBeamHL_b1_r1_m1_lay1,STARTED,"HL subtree tick: FF_Default_DynamicFlow_GluingBeamHL_b1_r1_m1_lay1; DeltaTime: 0.100",63868.15
1302,2026-07-01 12:21:51.334,InitializeML,InitializeML_r1_gg1,STARTED,"ML action execution; DeltaTime: 0.100",63870.61
1303,2026-07-01 12:21:51.334,InitializeML,InitializeML_r1_gg1,STARTED,"DeltaTime: 0.100",63870.62
1304,2026-07-01 12:21:51.334,InitializeML,InitializeML_r1_gg1,COMPLETED,"Action logic completed successfully",63870.63
1305,2026-07-01 12:21:51.337,InitializeML,InitializeML_r1_gg1,COMPLETED,"Effects applied on exit",63873.32
1306,2026-07-01 12:21:51.458,GluingBeamHL,GluingBeamHL_b1_r1_m1_lay1,STARTED,"HL subtree tick: FF_Default_DynamicFlow_GluingBeamHL_b1_r1_m1_lay1; DeltaTime: 0.100",63994.20
1307,2026-07-01 12:21:51.459,GluingML,GluingML_b1_pr1_r1_gg1,STARTED,"ML action execution; DeltaTime: 0.100",63995.62
1308,2026-07-01 12:21:51.459,GluingML,GluingML_b1_pr1_r1_gg1,STARTED,"DeltaTime: 0.100",63995.63
1309,2026-07-01 12:21:51.459,GluingML,GluingML_b1_pr1_r1_gg1,COMPLETED,"Action logic completed successfully",63995.64
1310,2026-07-01 12:21:51.461,GluingML,GluingML_b1_pr1_r1_gg1,COMPLETED,"Effects applied on exit",63997.77
1311,2026-07-01 12:21:51.584,GluingBeamHL,GluingBeamHL_b1_r1_m1_lay1,STARTED,"HL subtree tick: FF_Default_DynamicFlow_GluingBeamHL_b1_r1_m1_lay1; DeltaTime: 0.100",64120.33
1312,2026-07-01 12:21:51.585,GluingBeamHL,GluingBeamHL_b1_r1_m1_lay1,COMPLETED,"Subtree execution completed successfully",64121.15
1313,2026-07-01 12:21:51.585,GluingBeamHL,GluingBeamHL_b1_r1_m1_lay1,STARTED,"DeltaTime: 0.100",64121.15
1314,2026-07-01 12:21:51.585,GluingBeamHL,GluingBeamHL_b1_r1_m1_lay1,COMPLETED,"Action logic completed successfully",64121.16
1315,2026-07-01 12:21:51.587,GluingBeamHL,GluingBeamHL_b1_r1_m1_lay1,COMPLETED,"Effects applied on exit",64123.29
1316,2026-07-01 12:21:51.739,GluingBeamHL,GluingBeamHL_b2_r1_m1_lay1,STARTED,"HL subtree tick: FF_Default_DynamicFlow_GluingBeamHL_b2_r1_m1_lay1; DeltaTime: 0.100",64275.46
1317,2026-07-01 12:21:52.090,GluingML,GluingML_b2_pr1_r1_gg1,STARTED,"ML action execution; DeltaTime: 0.100",64626.76
1318,2026-07-01 12:21:52.090,GluingML,GluingML_b2_pr1_r1_gg1,STARTED,"DeltaTime: 0.100",64626.77
1319,2026-07-01 12:21:52.090,GluingML,GluingML_b2_pr1_r1_gg1,COMPLETED,"Action logic completed successfully",64626.78
1320,2026-07-01 12:21:52.093,GluingML,GluingML_b2_pr1_r1_gg1,COMPLETED,"Effects applied on exit",64629.15
1321,2026-07-01 12:21:52.211,GluingBeamHL,GluingBeamHL_b2_r1_m1_lay1,STARTED,"HL subtree tick: FF_Default_DynamicFlow_GluingBeamHL_b2_r1_m1_lay1; DeltaTime: 0.100",64746.97
1322,2026-07-01 12:21:52.211,GluingBeamHL,GluingBeamHL_b2_r1_m1_lay1,COMPLETED,"Subtree execution completed successfully",64747.69
1323,2026-07-01 12:21:52.211,GluingBeamHL,GluingBeamHL_b2_r1_m1_lay1,STARTED,"DeltaTime: 0.100",64747.71
1324,2026-07-01 12:21:52.211,GluingBeamHL,GluingBeamHL_b2_r1_m1_lay1,COMPLETED,"Action logic completed successfully",64747.72
1325,2026-07-01 12:21:52.214,GluingBeamHL,GluingBeamHL_b2_r1_m1_lay1,COMPLETED,"Effects applied on exit",64750.62
1326,2026-07-01 12:21:52.382,GluingBeamHL,GluingBeamHL_b5_r1_m1_lay1,STARTED,"HL subtree tick: FF_Default_DynamicFlow_GluingBeamHL_b5_r1_m1_lay1; DeltaTime: 0.100",64918.03
1327,2026-07-01 12:21:52.709,GluingML,GluingML_b5_pr1_r1_gg1,STARTED,"ML action execution; DeltaTime: 0.100",65245.29
1328,2026-07-01 12:21:52.709,GluingML,GluingML_b5_pr1_r1_gg1,STARTED,"DeltaTime: 0.100",65245.31
1329,2026-07-01 12:21:52.709,GluingML,GluingML_b5_pr1_r1_gg1,COMPLETED,"Action logic completed successfully",65245.31
1330,2026-07-01 12:21:52.711,GluingML,GluingML_b5_pr1_r1_gg1,COMPLETED,"Effects applied on exit",65247.65
1331,2026-07-01 12:21:52.827,GluingBeamHL,GluingBeamHL_b5_r1_m1_lay1,STARTED,"HL subtree tick: FF_Default_DynamicFlow_GluingBeamHL_b5_r1_m1_lay1; DeltaTime: 0.100",65363.63
1332,2026-07-01 12:21:52.828,GluingBeamHL,GluingBeamHL_b5_r1_m1_lay1,COMPLETED,"Subtree execution completed successfully",65363.98
1333,2026-07-01 12:21:52.828,GluingBeamHL,GluingBeamHL_b5_r1_m1_lay1,STARTED,"DeltaTime: 0.100",65363.99
1334,2026-07-01 12:21:52.828,GluingBeamHL,GluingBeamHL_b5_r1_m1_lay1,COMPLETED,"Action logic completed successfully",65363.99
1335,2026-07-01 12:21:52.829,GluingBeamHL,GluingBeamHL_b5_r1_m1_lay1,COMPLETED,"Effects applied on exit",65365.84
1336,2026-07-01 12:21:52.980,GluingBeamHL,GluingBeamHL_b6_r1_m1_lay1,STARTED,"HL subtree tick: FF_Default_DynamicFlow_GluingBeamHL_b6_r1_m1_lay1; DeltaTime: 0.100",65516.83
1337,2026-07-01 12:21:53.296,GluingML,GluingML_b6_pr1_r1_gg1,STARTED,"ML action execution; DeltaTime: 0.100",65832.43
1338,2026-07-01 12:21:53.296,GluingML,GluingML_b6_pr1_r1_gg1,STARTED,"DeltaTime: 0.100",65832.45
1339,2026-07-01 12:21:53.296,GluingML,GluingML_b6_pr1_r1_gg1,COMPLETED,"Action logic completed successfully",65832.45
1340,2026-07-01 12:21:53.299,GluingML,GluingML_b6_pr1_r1_gg1,COMPLETED,"Effects applied on exit",65835.18
1341,2026-07-01 12:21:53.426,GluingBeamHL,GluingBeamHL_b6_r1_m1_lay1,STARTED,"HL subtree tick: FF_Default_DynamicFlow_GluingBeamHL_b6_r1_m1_lay1; DeltaTime: 0.100",65962.89
1342,2026-07-01 12:21:53.427,GluingBeamHL,GluingBeamHL_b6_r1_m1_lay1,COMPLETED,"Subtree execution completed successfully",65963.45
1343,2026-07-01 12:21:53.427,GluingBeamHL,GluingBeamHL_b6_r1_m1_lay1,STARTED,"DeltaTime: 0.100",65963.46
1344,2026-07-01 12:21:53.427,GluingBeamHL,GluingBeamHL_b6_r1_m1_lay1,COMPLETED,"Action logic completed successfully",65963.47
1345,2026-07-01 12:21:53.430,GluingBeamHL,GluingBeamHL_b6_r1_m1_lay1,COMPLETED,"Effects applied on exit",65966.33
1346,2026-07-01 12:21:53.570,GluingBeamHL,GluingBeamHL_b4_r1_m1_lay1,STARTED,"HL subtree tick: FF_Default_DynamicFlow_GluingBeamHL_b4_r1_m1_lay1; DeltaTime: 0.100",66106.74
1347,2026-07-01 12:21:53.921,GluingML,GluingML_b4_pr1_r1_gg1,STARTED,"ML action execution; DeltaTime: 0.100",66457.76
1348,2026-07-01 12:21:53.921,GluingML,GluingML_b4_pr1_r1_gg1,STARTED,"DeltaTime: 0.100",66457.79
1349,2026-07-01 12:21:53.921,GluingML,GluingML_b4_pr1_r1_gg1,COMPLETED,"Action logic completed successfully",66457.80
1350,2026-07-01 12:21:53.924,GluingML,GluingML_b4_pr1_r1_gg1,COMPLETED,"Effects applied on exit",66460.61
1351,2026-07-01 12:21:54.037,GluingBeamHL,GluingBeamHL_b4_r1_m1_lay1,STARTED,"HL subtree tick: FF_Default_DynamicFlow_GluingBeamHL_b4_r1_m1_lay1; DeltaTime: 0.100",66573.41
1352,2026-07-01 12:21:54.037,GluingBeamHL,GluingBeamHL_b4_r1_m1_lay1,COMPLETED,"Subtree execution completed successfully",66573.72
1353,2026-07-01 12:21:54.037,GluingBeamHL,GluingBeamHL_b4_r1_m1_lay1,STARTED,"DeltaTime: 0.100",66573.73
1354,2026-07-01 12:21:54.037,GluingBeamHL,GluingBeamHL_b4_r1_m1_lay1,COMPLETED,"Action logic completed successfully",66573.74
1355,2026-07-01 12:21:54.039,GluingBeamHL,GluingBeamHL_b4_r1_m1_lay1,COMPLETED,"Effects applied on exit",66575.69
1356,2026-07-01 12:21:54.186,GluingBeamHL,GluingBeamHL_b3_r1_m1_lay1,STARTED,"HL subtree tick: FF_Default_DynamicFlow_GluingBeamHL_b3_r1_m1_lay1; DeltaTime: 0.100",66722.74
1357,2026-07-01 12:21:54.534,GluingML,GluingML_b3_pr1_r1_gg1,STARTED,"ML action execution; DeltaTime: 0.100",67070.10
1358,2026-07-01 12:21:54.534,GluingML,GluingML_b3_pr1_r1_gg1,STARTED,"DeltaTime: 0.100",67070.12
1359,2026-07-01 12:21:54.534,GluingML,GluingML_b3_pr1_r1_gg1,COMPLETED,"Action logic completed successfully",67070.13
1360,2026-07-01 12:21:54.536,GluingML,GluingML_b3_pr1_r1_gg1,COMPLETED,"Effects applied on exit",67072.41
1361,2026-07-01 12:21:54.655,GluingBeamHL,GluingBeamHL_b3_r1_m1_lay1,STARTED,"HL subtree tick: FF_Default_DynamicFlow_GluingBeamHL_b3_r1_m1_lay1; DeltaTime: 0.100",67191.22
1362,2026-07-01 12:21:54.655,GluingBeamHL,GluingBeamHL_b3_r1_m1_lay1,COMPLETED,"Subtree execution completed successfully",67191.66
1363,2026-07-01 12:21:54.655,GluingBeamHL,GluingBeamHL_b3_r1_m1_lay1,STARTED,"DeltaTime: 0.100",67191.67
1364,2026-07-01 12:21:54.655,GluingBeamHL,GluingBeamHL_b3_r1_m1_lay1,COMPLETED,"Action logic completed successfully",67191.68
1365,2026-07-01 12:21:54.657,GluingBeamHL,GluingBeamHL_b3_r1_m1_lay1,COMPLETED,"Effects applied on exit",67193.71
1366,2026-07-01 12:21:54.806,GluingBeamHL,GluingBeamHL_b7_r1_m2_lay2,STARTED,"HL subtree tick: FF_Default_DynamicFlow_GluingBeamHL_b7_r1_m2_lay2; DeltaTime: 0.100",67341.95
1367,2026-07-01 12:21:55.155,TravelML,TravelML_r1_pr1_pr2,STARTED,"ML action execution; DeltaTime: 0.100",67691.62
1368,2026-07-01 12:21:55.155,TravelML,TravelML_r1_pr1_pr2,STARTED,"DeltaTime: 0.100",67691.64
1369,2026-07-01 12:21:55.155,TravelML,TravelML_r1_pr1_pr2,COMPLETED,"Action logic completed successfully",67691.64
1370,2026-07-01 12:21:55.158,TravelML,TravelML_r1_pr1_pr2,COMPLETED,"Effects applied on exit",67694.23
1371,2026-07-01 12:21:55.281,GluingBeamHL,GluingBeamHL_b7_r1_m2_lay2,STARTED,"HL subtree tick: FF_Default_DynamicFlow_GluingBeamHL_b7_r1_m2_lay2; DeltaTime: 0.100",67817.64
1372,2026-07-01 12:21:55.282,GluingML,GluingML_b7_pr2_r1_gg1,STARTED,"ML action execution; DeltaTime: 0.100",67818.55
1373,2026-07-01 12:21:55.282,GluingML,GluingML_b7_pr2_r1_gg1,STARTED,"DeltaTime: 0.100",67818.56
1374,2026-07-01 12:21:55.282,GluingML,GluingML_b7_pr2_r1_gg1,COMPLETED,"Action logic completed successfully",67818.57
1375,2026-07-01 12:21:55.286,GluingML,GluingML_b7_pr2_r1_gg1,COMPLETED,"Effects applied on exit",67822.04
1376,2026-07-01 12:21:55.407,GluingBeamHL,GluingBeamHL_b7_r1_m2_lay2,STARTED,"HL subtree tick: FF_Default_DynamicFlow_GluingBeamHL_b7_r1_m2_lay2; DeltaTime: 0.100",67943.13
1377,2026-07-01 12:21:55.407,GluingBeamHL,GluingBeamHL_b7_r1_m2_lay2,COMPLETED,"Subtree execution completed successfully",67943.56
1378,2026-07-01 12:21:55.407,GluingBeamHL,GluingBeamHL_b7_r1_m2_lay2,STARTED,"DeltaTime: 0.100",67943.57
1379,2026-07-01 12:21:55.407,GluingBeamHL,GluingBeamHL_b7_r1_m2_lay2,COMPLETED,"Action logic completed successfully",67943.58
1380,2026-07-01 12:21:55.409,GluingBeamHL,GluingBeamHL_b7_r1_m2_lay2,COMPLETED,"Effects applied on exit",67945.66
1381,2026-07-01 12:21:55.558,GluingBeamHL,GluingBeamHL_b8_r1_m2_lay2,STARTED,"HL subtree tick: FF_Default_DynamicFlow_GluingBeamHL_b8_r1_m2_lay2; DeltaTime: 0.100",68094.42
1382,2026-07-01 12:21:55.882,GluingML,GluingML_b8_pr2_r1_gg1,STARTED,"ML action execution; DeltaTime: 0.100",68418.60
1383,2026-07-01 12:21:55.882,GluingML,GluingML_b8_pr2_r1_gg1,STARTED,"DeltaTime: 0.100",68418.61
1384,2026-07-01 12:21:55.882,GluingML,GluingML_b8_pr2_r1_gg1,COMPLETED,"Action logic completed successfully",68418.62
1385,2026-07-01 12:21:55.884,GluingML,GluingML_b8_pr2_r1_gg1,COMPLETED,"Effects applied on exit",68420.79
1386,2026-07-01 12:21:56.004,GluingBeamHL,GluingBeamHL_b8_r1_m2_lay2,STARTED,"HL subtree tick: FF_Default_DynamicFlow_GluingBeamHL_b8_r1_m2_lay2; DeltaTime: 0.100",68540.51
1387,2026-07-01 12:21:56.004,GluingBeamHL,GluingBeamHL_b8_r1_m2_lay2,COMPLETED,"Subtree execution completed successfully",68540.88
1388,2026-07-01 12:21:56.004,GluingBeamHL,GluingBeamHL_b8_r1_m2_lay2,STARTED,"DeltaTime: 0.100",68540.89
1389,2026-07-01 12:21:56.004,GluingBeamHL,GluingBeamHL_b8_r1_m2_lay2,COMPLETED,"Action logic completed successfully",68540.89
1390,2026-07-01 12:21:56.007,GluingBeamHL,GluingBeamHL_b8_r1_m2_lay2,COMPLETED,"Effects applied on exit",68543.13
1391,2026-07-01 12:21:56.146,GluingBeamHL,GluingBeamHL_b11_r1_m2_lay2,STARTED,"HL subtree tick: FF_Default_DynamicFlow_GluingBeamHL_b11_r1_m2_lay2; DeltaTime: 0.100",68682.50
1392,2026-07-01 12:21:56.474,GluingML,GluingML_b11_pr2_r1_gg1,STARTED,"ML action execution; DeltaTime: 0.100",69009.92
1393,2026-07-01 12:21:56.474,GluingML,GluingML_b11_pr2_r1_gg1,STARTED,"DeltaTime: 0.100",69009.93
1394,2026-07-01 12:21:56.474,GluingML,GluingML_b11_pr2_r1_gg1,COMPLETED,"Action logic completed successfully",69009.94
1395,2026-07-01 12:21:56.476,GluingML,GluingML_b11_pr2_r1_gg1,COMPLETED,"Effects applied on exit",69012.46
1396,2026-07-01 12:21:56.596,GluingBeamHL,GluingBeamHL_b11_r1_m2_lay2,STARTED,"HL subtree tick: FF_Default_DynamicFlow_GluingBeamHL_b11_r1_m2_lay2; DeltaTime: 0.100",69132.41
1397,2026-07-01 12:21:56.597,GluingBeamHL,GluingBeamHL_b11_r1_m2_lay2,COMPLETED,"Subtree execution completed successfully",69133.12
1398,2026-07-01 12:21:56.597,GluingBeamHL,GluingBeamHL_b11_r1_m2_lay2,STARTED,"DeltaTime: 0.100",69133.32
1399,2026-07-01 12:21:56.597,GluingBeamHL,GluingBeamHL_b11_r1_m2_lay2,COMPLETED,"Action logic completed successfully",69133.34
1400,2026-07-01 12:21:56.601,GluingBeamHL,GluingBeamHL_b11_r1_m2_lay2,COMPLETED,"Effects applied on exit",69137.84
1401,2026-07-01 12:21:56.753,GluingBeamHL,GluingBeamHL_b12_r1_m2_lay2,STARTED,"HL subtree tick: FF_Default_DynamicFlow_GluingBeamHL_b12_r1_m2_lay2; DeltaTime: 0.100",69289.12
1402,2026-07-01 12:21:57.119,GluingML,GluingML_b12_pr2_r1_gg1,STARTED,"ML action execution; DeltaTime: 0.100",69655.19
1403,2026-07-01 12:21:57.119,GluingML,GluingML_b12_pr2_r1_gg1,STARTED,"DeltaTime: 0.100",69655.20
1404,2026-07-01 12:21:57.119,GluingML,GluingML_b12_pr2_r1_gg1,COMPLETED,"Action logic completed successfully",69655.21
1405,2026-07-01 12:21:57.121,GluingML,GluingML_b12_pr2_r1_gg1,COMPLETED,"Effects applied on exit",69657.82
1406,2026-07-01 12:21:57.255,GluingBeamHL,GluingBeamHL_b12_r1_m2_lay2,STARTED,"HL subtree tick: FF_Default_DynamicFlow_GluingBeamHL_b12_r1_m2_lay2; DeltaTime: 0.100",69791.57
1407,2026-07-01 12:21:57.255,GluingBeamHL,GluingBeamHL_b12_r1_m2_lay2,COMPLETED,"Subtree execution completed successfully",69791.87
1408,2026-07-01 12:21:57.255,GluingBeamHL,GluingBeamHL_b12_r1_m2_lay2,STARTED,"DeltaTime: 0.100",69791.88
1409,2026-07-01 12:21:57.255,GluingBeamHL,GluingBeamHL_b12_r1_m2_lay2,COMPLETED,"Action logic completed successfully",69791.88
1410,2026-07-01 12:21:57.257,GluingBeamHL,GluingBeamHL_b12_r1_m2_lay2,COMPLETED,"Effects applied on exit",69793.70
1411,2026-07-01 12:21:57.409,GluingBeamHL,GluingBeamHL_b10_r1_m2_lay2,STARTED,"HL subtree tick: FF_Default_DynamicFlow_GluingBeamHL_b10_r1_m2_lay2; DeltaTime: 0.100",69945.02
1412,2026-07-01 12:21:57.761,GluingML,GluingML_b10_pr2_r1_gg1,STARTED,"ML action execution; DeltaTime: 0.100",70297.24
1413,2026-07-01 12:21:57.761,GluingML,GluingML_b10_pr2_r1_gg1,STARTED,"DeltaTime: 0.100",70297.25
1414,2026-07-01 12:21:57.761,GluingML,GluingML_b10_pr2_r1_gg1,COMPLETED,"Action logic completed successfully",70297.26
1415,2026-07-01 12:21:57.764,GluingML,GluingML_b10_pr2_r1_gg1,COMPLETED,"Effects applied on exit",70299.95
1416,2026-07-01 12:21:57.887,GluingBeamHL,GluingBeamHL_b10_r1_m2_lay2,STARTED,"HL subtree tick: FF_Default_DynamicFlow_GluingBeamHL_b10_r1_m2_lay2; DeltaTime: 0.100",70423.66
1417,2026-07-01 12:21:57.888,GluingBeamHL,GluingBeamHL_b10_r1_m2_lay2,COMPLETED,"Subtree execution completed successfully",70423.97
1418,2026-07-01 12:21:57.888,GluingBeamHL,GluingBeamHL_b10_r1_m2_lay2,STARTED,"DeltaTime: 0.100",70423.97
1419,2026-07-01 12:21:57.888,GluingBeamHL,GluingBeamHL_b10_r1_m2_lay2,COMPLETED,"Action logic completed successfully",70423.98
1420,2026-07-01 12:21:57.889,GluingBeamHL,GluingBeamHL_b10_r1_m2_lay2,COMPLETED,"Effects applied on exit",70425.87
1421,2026-07-01 12:21:58.042,GluingBeamHL,GluingBeamHL_b9_r1_m2_lay2,STARTED,"HL subtree tick: FF_Default_DynamicFlow_GluingBeamHL_b9_r1_m2_lay2; DeltaTime: 0.100",70578.80
1422,2026-07-01 12:21:58.376,GluingML,GluingML_b9_pr2_r1_gg1,STARTED,"ML action execution; DeltaTime: 0.100",70912.47
1423,2026-07-01 12:21:58.376,GluingML,GluingML_b9_pr2_r1_gg1,STARTED,"DeltaTime: 0.100",70912.49
1424,2026-07-01 12:21:58.376,GluingML,GluingML_b9_pr2_r1_gg1,COMPLETED,"Action logic completed successfully",70912.49
1425,2026-07-01 12:21:58.379,GluingML,GluingML_b9_pr2_r1_gg1,COMPLETED,"Effects applied on exit",70914.99
1426,2026-07-01 12:21:58.502,GluingBeamHL,GluingBeamHL_b9_r1_m2_lay2,STARTED,"HL subtree tick: FF_Default_DynamicFlow_GluingBeamHL_b9_r1_m2_lay2; DeltaTime: 0.100",71038.74
1427,2026-07-01 12:21:58.503,GluingBeamHL,GluingBeamHL_b9_r1_m2_lay2,COMPLETED,"Subtree execution completed successfully",71039.10
1428,2026-07-01 12:21:58.503,GluingBeamHL,GluingBeamHL_b9_r1_m2_lay2,STARTED,"DeltaTime: 0.100",71039.11
1429,2026-07-01 12:21:58.503,GluingBeamHL,GluingBeamHL_b9_r1_m2_lay2,COMPLETED,"Action logic completed successfully",71039.12
1430,2026-07-01 12:21:58.505,GluingBeamHL,GluingBeamHL_b9_r1_m2_lay2,COMPLETED,"Effects applied on exit",71041.22
1431,2026-07-01 12:21:58.656,GluingBeamHL,GluingBeamHL_b13_r1_m3_lay3,STARTED,"HL subtree tick: FF_Default_DynamicFlow_GluingBeamHL_b13_r1_m3_lay3; DeltaTime: 0.100",71192.45
1432,2026-07-01 12:21:59.006,TravelML,TravelML_r1_pr2_pr3,STARTED,"ML action execution; DeltaTime: 0.100",71542.50
1433,2026-07-01 12:21:59.006,TravelML,TravelML_r1_pr2_pr3,STARTED,"DeltaTime: 0.100",71542.52
1434,2026-07-01 12:21:59.006,TravelML,TravelML_r1_pr2_pr3,COMPLETED,"Action logic completed successfully",71542.52
1435,2026-07-01 12:21:59.009,TravelML,TravelML_r1_pr2_pr3,COMPLETED,"Effects applied on exit",71545.19
1436,2026-07-01 12:21:59.139,GluingBeamHL,GluingBeamHL_b13_r1_m3_lay3,STARTED,"HL subtree tick: FF_Default_DynamicFlow_GluingBeamHL_b13_r1_m3_lay3; DeltaTime: 0.100",71674.99
1437,2026-07-01 12:21:59.140,GluingML,GluingML_b13_pr3_r1_gg1,STARTED,"ML action execution; DeltaTime: 0.100",71676.30
1438,2026-07-01 12:21:59.140,GluingML,GluingML_b13_pr3_r1_gg1,STARTED,"DeltaTime: 0.100",71676.31
1439,2026-07-01 12:21:59.140,GluingML,GluingML_b13_pr3_r1_gg1,COMPLETED,"Action logic completed successfully",71676.32
1440,2026-07-01 12:21:59.143,GluingML,GluingML_b13_pr3_r1_gg1,COMPLETED,"Effects applied on exit",71678.98
1441,2026-07-01 12:21:59.255,GluingBeamHL,GluingBeamHL_b13_r1_m3_lay3,STARTED,"HL subtree tick: FF_Default_DynamicFlow_GluingBeamHL_b13_r1_m3_lay3; DeltaTime: 0.100",71791.77
1442,2026-07-01 12:21:59.256,GluingBeamHL,GluingBeamHL_b13_r1_m3_lay3,COMPLETED,"Subtree execution completed successfully",71792.15
1443,2026-07-01 12:21:59.256,GluingBeamHL,GluingBeamHL_b13_r1_m3_lay3,STARTED,"DeltaTime: 0.100",71792.16
1444,2026-07-01 12:21:59.256,GluingBeamHL,GluingBeamHL_b13_r1_m3_lay3,COMPLETED,"Action logic completed successfully",71792.17
1445,2026-07-01 12:21:59.258,GluingBeamHL,GluingBeamHL_b13_r1_m3_lay3,COMPLETED,"Effects applied on exit",71794.06
1446,2026-07-01 12:21:59.398,GluingBeamHL,GluingBeamHL_b14_r1_m3_lay3,STARTED,"HL subtree tick: FF_Default_DynamicFlow_GluingBeamHL_b14_r1_m3_lay3; DeltaTime: 0.100",71934.64
1447,2026-07-01 12:21:59.728,GluingML,GluingML_b14_pr3_r1_gg1,STARTED,"ML action execution; DeltaTime: 0.100",72264.41
1448,2026-07-01 12:21:59.728,GluingML,GluingML_b14_pr3_r1_gg1,STARTED,"DeltaTime: 0.100",72264.42
1449,2026-07-01 12:21:59.728,GluingML,GluingML_b14_pr3_r1_gg1,COMPLETED,"Action logic completed successfully",72264.42
1450,2026-07-01 12:21:59.730,GluingML,GluingML_b14_pr3_r1_gg1,COMPLETED,"Effects applied on exit",72266.57
1451,2026-07-01 12:21:59.845,GluingBeamHL,GluingBeamHL_b14_r1_m3_lay3,STARTED,"HL subtree tick: FF_Default_DynamicFlow_GluingBeamHL_b14_r1_m3_lay3; DeltaTime: 0.100",72381.14
1452,2026-07-01 12:21:59.846,GluingBeamHL,GluingBeamHL_b14_r1_m3_lay3,COMPLETED,"Subtree execution completed successfully",72382.35
1453,2026-07-01 12:21:59.846,GluingBeamHL,GluingBeamHL_b14_r1_m3_lay3,STARTED,"DeltaTime: 0.100",72382.38
1454,2026-07-01 12:21:59.846,GluingBeamHL,GluingBeamHL_b14_r1_m3_lay3,COMPLETED,"Action logic completed successfully",72382.40
1455,2026-07-01 12:21:59.852,GluingBeamHL,GluingBeamHL_b14_r1_m3_lay3,COMPLETED,"Effects applied on exit",72387.96
1456,2026-07-01 12:21:59.995,GluingBeamHL,GluingBeamHL_b17_r1_m3_lay3,STARTED,"HL subtree tick: FF_Default_DynamicFlow_GluingBeamHL_b17_r1_m3_lay3; DeltaTime: 0.100",72531.60
1457,2026-07-01 12:22:00.355,GluingML,GluingML_b17_pr3_r1_gg1,STARTED,"ML action execution; DeltaTime: 0.100",72891.52
1458,2026-07-01 12:22:00.355,GluingML,GluingML_b17_pr3_r1_gg1,STARTED,"DeltaTime: 0.100",72891.53
1459,2026-07-01 12:22:00.355,GluingML,GluingML_b17_pr3_r1_gg1,COMPLETED,"Action logic completed successfully",72891.54
1460,2026-07-01 12:22:00.358,GluingML,GluingML_b17_pr3_r1_gg1,COMPLETED,"Effects applied on exit",72894.02
1461,2026-07-01 12:22:00.481,GluingBeamHL,GluingBeamHL_b17_r1_m3_lay3,STARTED,"HL subtree tick: FF_Default_DynamicFlow_GluingBeamHL_b17_r1_m3_lay3; DeltaTime: 0.100",73017.01
1462,2026-07-01 12:22:00.481,GluingBeamHL,GluingBeamHL_b17_r1_m3_lay3,COMPLETED,"Subtree execution completed successfully",73017.36
1463,2026-07-01 12:22:00.481,GluingBeamHL,GluingBeamHL_b17_r1_m3_lay3,STARTED,"DeltaTime: 0.100",73017.37
1464,2026-07-01 12:22:00.481,GluingBeamHL,GluingBeamHL_b17_r1_m3_lay3,COMPLETED,"Action logic completed successfully",73017.37
1465,2026-07-01 12:22:00.483,GluingBeamHL,GluingBeamHL_b17_r1_m3_lay3,COMPLETED,"Effects applied on exit",73019.59
1466,2026-07-01 12:22:00.630,GluingBeamHL,GluingBeamHL_b18_r1_m3_lay3,STARTED,"HL subtree tick: FF_Default_DynamicFlow_GluingBeamHL_b18_r1_m3_lay3; DeltaTime: 0.100",73166.38
1467,2026-07-01 12:22:00.979,GluingML,GluingML_b18_pr3_r1_gg1,STARTED,"ML action execution; DeltaTime: 0.100",73515.86
1468,2026-07-01 12:22:00.979,GluingML,GluingML_b18_pr3_r1_gg1,STARTED,"DeltaTime: 0.100",73515.87
1469,2026-07-01 12:22:00.979,GluingML,GluingML_b18_pr3_r1_gg1,COMPLETED,"Action logic completed successfully",73515.87
1470,2026-07-01 12:22:00.982,GluingML,GluingML_b18_pr3_r1_gg1,COMPLETED,"Effects applied on exit",73518.09
1471,2026-07-01 12:22:01.108,GluingBeamHL,GluingBeamHL_b18_r1_m3_lay3,STARTED,"HL subtree tick: FF_Default_DynamicFlow_GluingBeamHL_b18_r1_m3_lay3; DeltaTime: 0.100",73644.09
1472,2026-07-01 12:22:01.108,GluingBeamHL,GluingBeamHL_b18_r1_m3_lay3,COMPLETED,"Subtree execution completed successfully",73644.37
1473,2026-07-01 12:22:01.108,GluingBeamHL,GluingBeamHL_b18_r1_m3_lay3,STARTED,"DeltaTime: 0.100",73644.38
1474,2026-07-01 12:22:01.108,GluingBeamHL,GluingBeamHL_b18_r1_m3_lay3,COMPLETED,"Action logic completed successfully",73644.38
1475,2026-07-01 12:22:01.110,GluingBeamHL,GluingBeamHL_b18_r1_m3_lay3,COMPLETED,"Effects applied on exit",73646.29
1476,2026-07-01 12:22:01.267,GluingBeamHL,GluingBeamHL_b16_r1_m3_lay3,STARTED,"HL subtree tick: FF_Default_DynamicFlow_GluingBeamHL_b16_r1_m3_lay3; DeltaTime: 0.100",73803.50
1477,2026-07-01 12:22:01.598,GluingML,GluingML_b16_pr3_r1_gg1,STARTED,"ML action execution; DeltaTime: 0.100",74134.45
1478,2026-07-01 12:22:01.598,GluingML,GluingML_b16_pr3_r1_gg1,STARTED,"DeltaTime: 0.100",74134.47
1479,2026-07-01 12:22:01.598,GluingML,GluingML_b16_pr3_r1_gg1,COMPLETED,"Action logic completed successfully",74134.47
1480,2026-07-01 12:22:01.600,GluingML,GluingML_b16_pr3_r1_gg1,COMPLETED,"Effects applied on exit",74136.82
1481,2026-07-01 12:22:01.719,GluingBeamHL,GluingBeamHL_b16_r1_m3_lay3,STARTED,"HL subtree tick: FF_Default_DynamicFlow_GluingBeamHL_b16_r1_m3_lay3; DeltaTime: 0.100",74255.38
1482,2026-07-01 12:22:01.719,GluingBeamHL,GluingBeamHL_b16_r1_m3_lay3,COMPLETED,"Subtree execution completed successfully",74255.66
1483,2026-07-01 12:22:01.719,GluingBeamHL,GluingBeamHL_b16_r1_m3_lay3,STARTED,"DeltaTime: 0.100",74255.67
1484,2026-07-01 12:22:01.719,GluingBeamHL,GluingBeamHL_b16_r1_m3_lay3,COMPLETED,"Action logic completed successfully",74255.68
1485,2026-07-01 12:22:01.722,GluingBeamHL,GluingBeamHL_b16_r1_m3_lay3,COMPLETED,"Effects applied on exit",74258.06
1486,2026-07-01 12:22:01.870,GluingBeamHL,GluingBeamHL_b15_r1_m3_lay3,STARTED,"HL subtree tick: FF_Default_DynamicFlow_GluingBeamHL_b15_r1_m3_lay3; DeltaTime: 0.100",74406.22
1487,2026-07-01 12:22:02.177,GluingML,GluingML_b15_pr3_r1_gg1,STARTED,"ML action execution; DeltaTime: 0.100",74713.12
1488,2026-07-01 12:22:02.177,GluingML,GluingML_b15_pr3_r1_gg1,STARTED,"DeltaTime: 0.100",74713.13
1489,2026-07-01 12:22:02.177,GluingML,GluingML_b15_pr3_r1_gg1,COMPLETED,"Action logic completed successfully",74713.14
1490,2026-07-01 12:22:02.179,GluingML,GluingML_b15_pr3_r1_gg1,COMPLETED,"Effects applied on exit",74715.53
1491,2026-07-01 12:22:02.302,GluingBeamHL,GluingBeamHL_b15_r1_m3_lay3,STARTED,"HL subtree tick: FF_Default_DynamicFlow_GluingBeamHL_b15_r1_m3_lay3; DeltaTime: 0.100",74838.20
1492,2026-07-01 12:22:02.302,GluingBeamHL,GluingBeamHL_b15_r1_m3_lay3,COMPLETED,"Subtree execution completed successfully",74838.60
1493,2026-07-01 12:22:02.302,GluingBeamHL,GluingBeamHL_b15_r1_m3_lay3,STARTED,"DeltaTime: 0.100",74838.61
1494,2026-07-01 12:22:02.302,GluingBeamHL,GluingBeamHL_b15_r1_m3_lay3,COMPLETED,"Action logic completed successfully",74838.62
1495,2026-07-01 12:22:02.305,GluingBeamHL,GluingBeamHL_b15_r1_m3_lay3,COMPLETED,"Effects applied on exit",74841.36
1496,2026-07-01 12:22:02.457,GluingBeamHL,GluingBeamHL_b19_r1_m4_lay4,STARTED,"HL subtree tick: FF_Default_DynamicFlow_GluingBeamHL_b19_r1_m4_lay4; DeltaTime: 0.100",74993.16
1497,2026-07-01 12:22:02.780,TravelML,TravelML_r1_pr3_pr4,STARTED,"ML action execution; DeltaTime: 0.100",75316.53
1498,2026-07-01 12:22:02.780,TravelML,TravelML_r1_pr3_pr4,STARTED,"DeltaTime: 0.100",75316.56
1499,2026-07-01 12:22:02.780,TravelML,TravelML_r1_pr3_pr4,COMPLETED,"Action logic completed successfully",75316.57
1500,2026-07-01 12:22:02.783,TravelML,TravelML_r1_pr3_pr4,COMPLETED,"Effects applied on exit",75319.30
1501,2026-07-01 12:22:02.898,GluingBeamHL,GluingBeamHL_b19_r1_m4_lay4,STARTED,"HL subtree tick: FF_Default_DynamicFlow_GluingBeamHL_b19_r1_m4_lay4; DeltaTime: 0.100",75434.45
1502,2026-07-01 12:22:02.900,GluingML,GluingML_b19_pr4_r1_gg1,STARTED,"ML action execution; DeltaTime: 0.100",75436.01
1503,2026-07-01 12:22:02.900,GluingML,GluingML_b19_pr4_r1_gg1,STARTED,"DeltaTime: 0.100",75436.03
1504,2026-07-01 12:22:02.900,GluingML,GluingML_b19_pr4_r1_gg1,COMPLETED,"Action logic completed successfully",75436.04
1505,2026-07-01 12:22:02.903,GluingML,GluingML_b19_pr4_r1_gg1,COMPLETED,"Effects applied on exit",75439.05
1506,2026-07-01 12:22:03.022,GluingBeamHL,GluingBeamHL_b19_r1_m4_lay4,STARTED,"HL subtree tick: FF_Default_DynamicFlow_GluingBeamHL_b19_r1_m4_lay4; DeltaTime: 0.100",75557.93
1507,2026-07-01 12:22:03.022,GluingBeamHL,GluingBeamHL_b19_r1_m4_lay4,COMPLETED,"Subtree execution completed successfully",75558.34
1508,2026-07-01 12:22:03.022,GluingBeamHL,GluingBeamHL_b19_r1_m4_lay4,STARTED,"DeltaTime: 0.100",75558.35
1509,2026-07-01 12:22:03.022,GluingBeamHL,GluingBeamHL_b19_r1_m4_lay4,COMPLETED,"Action logic completed successfully",75558.36
1510,2026-07-01 12:22:03.024,GluingBeamHL,GluingBeamHL_b19_r1_m4_lay4,COMPLETED,"Effects applied on exit",75560.73
1511,2026-07-01 12:22:03.167,GluingBeamHL,GluingBeamHL_b20_r1_m4_lay4,STARTED,"HL subtree tick: FF_Default_DynamicFlow_GluingBeamHL_b20_r1_m4_lay4; DeltaTime: 0.100",75703.37
1512,2026-07-01 12:22:03.489,GluingML,GluingML_b20_pr4_r1_gg1,STARTED,"ML action execution; DeltaTime: 0.100",76025.49
1513,2026-07-01 12:22:03.489,GluingML,GluingML_b20_pr4_r1_gg1,STARTED,"DeltaTime: 0.100",76025.51
1514,2026-07-01 12:22:03.489,GluingML,GluingML_b20_pr4_r1_gg1,COMPLETED,"Action logic completed successfully",76025.52
1515,2026-07-01 12:22:03.492,GluingML,GluingML_b20_pr4_r1_gg1,COMPLETED,"Effects applied on exit",76028.27
1516,2026-07-01 12:22:03.606,GluingBeamHL,GluingBeamHL_b20_r1_m4_lay4,STARTED,"HL subtree tick: FF_Default_DynamicFlow_GluingBeamHL_b20_r1_m4_lay4; DeltaTime: 0.100",76142.79
1517,2026-07-01 12:22:03.607,GluingBeamHL,GluingBeamHL_b20_r1_m4_lay4,COMPLETED,"Subtree execution completed successfully",76143.15
1518,2026-07-01 12:22:03.607,GluingBeamHL,GluingBeamHL_b20_r1_m4_lay4,STARTED,"DeltaTime: 0.100",76143.16
1519,2026-07-01 12:22:03.607,GluingBeamHL,GluingBeamHL_b20_r1_m4_lay4,COMPLETED,"Action logic completed successfully",76143.16
1520,2026-07-01 12:22:03.609,GluingBeamHL,GluingBeamHL_b20_r1_m4_lay4,COMPLETED,"Effects applied on exit",76145.29
1521,2026-07-01 12:22:03.753,GluingBeamHL,GluingBeamHL_b23_r1_m4_lay4,STARTED,"HL subtree tick: FF_Default_DynamicFlow_GluingBeamHL_b23_r1_m4_lay4; DeltaTime: 0.100",76289.62
1522,2026-07-01 12:22:04.090,GluingML,GluingML_b23_pr4_r1_gg1,STARTED,"ML action execution; DeltaTime: 0.100",76626.20
1523,2026-07-01 12:22:04.090,GluingML,GluingML_b23_pr4_r1_gg1,STARTED,"DeltaTime: 0.100",76626.22
1524,2026-07-01 12:22:04.090,GluingML,GluingML_b23_pr4_r1_gg1,COMPLETED,"Action logic completed successfully",76626.23
1525,2026-07-01 12:22:04.092,GluingML,GluingML_b23_pr4_r1_gg1,COMPLETED,"Effects applied on exit",76628.84
1526,2026-07-01 12:22:04.221,GluingBeamHL,GluingBeamHL_b23_r1_m4_lay4,STARTED,"HL subtree tick: FF_Default_DynamicFlow_GluingBeamHL_b23_r1_m4_lay4; DeltaTime: 0.100",76757.12
1527,2026-07-01 12:22:04.221,GluingBeamHL,GluingBeamHL_b23_r1_m4_lay4,COMPLETED,"Subtree execution completed successfully",76757.48
1528,2026-07-01 12:22:04.221,GluingBeamHL,GluingBeamHL_b23_r1_m4_lay4,STARTED,"DeltaTime: 0.100",76757.49
1529,2026-07-01 12:22:04.221,GluingBeamHL,GluingBeamHL_b23_r1_m4_lay4,COMPLETED,"Action logic completed successfully",76757.50
1530,2026-07-01 12:22:04.223,GluingBeamHL,GluingBeamHL_b23_r1_m4_lay4,COMPLETED,"Effects applied on exit",76759.73
1531,2026-07-01 12:22:04.386,GluingBeamHL,GluingBeamHL_b24_r1_m4_lay4,STARTED,"HL subtree tick: FF_Default_DynamicFlow_GluingBeamHL_b24_r1_m4_lay4; DeltaTime: 0.100",76922.27
1532,2026-07-01 12:22:04.716,GluingML,GluingML_b24_pr4_r1_gg1,STARTED,"ML action execution; DeltaTime: 0.100",77252.29
1533,2026-07-01 12:22:04.716,GluingML,GluingML_b24_pr4_r1_gg1,STARTED,"DeltaTime: 0.100",77252.30
1534,2026-07-01 12:22:04.716,GluingML,GluingML_b24_pr4_r1_gg1,COMPLETED,"Action logic completed successfully",77252.31
1535,2026-07-01 12:22:04.719,GluingML,GluingML_b24_pr4_r1_gg1,COMPLETED,"Effects applied on exit",77255.73
1536,2026-07-01 12:22:04.837,GluingBeamHL,GluingBeamHL_b24_r1_m4_lay4,STARTED,"HL subtree tick: FF_Default_DynamicFlow_GluingBeamHL_b24_r1_m4_lay4; DeltaTime: 0.100",77373.82
1537,2026-07-01 12:22:04.838,GluingBeamHL,GluingBeamHL_b24_r1_m4_lay4,COMPLETED,"Subtree execution completed successfully",77374.14
1538,2026-07-01 12:22:04.838,GluingBeamHL,GluingBeamHL_b24_r1_m4_lay4,STARTED,"DeltaTime: 0.100",77374.15
1539,2026-07-01 12:22:04.838,GluingBeamHL,GluingBeamHL_b24_r1_m4_lay4,COMPLETED,"Action logic completed successfully",77374.15
1540,2026-07-01 12:22:04.840,GluingBeamHL,GluingBeamHL_b24_r1_m4_lay4,COMPLETED,"Effects applied on exit",77376.33
1541,2026-07-01 12:22:04.986,GluingBeamHL,GluingBeamHL_b22_r1_m4_lay4,STARTED,"HL subtree tick: FF_Default_DynamicFlow_GluingBeamHL_b22_r1_m4_lay4; DeltaTime: 0.100",77522.35
1542,2026-07-01 12:22:05.317,GluingML,GluingML_b22_pr4_r1_gg1,STARTED,"ML action execution; DeltaTime: 0.100",77853.13
1543,2026-07-01 12:22:05.317,GluingML,GluingML_b22_pr4_r1_gg1,STARTED,"DeltaTime: 0.100",77853.15
1544,2026-07-01 12:22:05.317,GluingML,GluingML_b22_pr4_r1_gg1,COMPLETED,"Action logic completed successfully",77853.15
1545,2026-07-01 12:22:05.320,GluingML,GluingML_b22_pr4_r1_gg1,COMPLETED,"Effects applied on exit",77856.59
1546,2026-07-01 12:22:05.450,GluingBeamHL,GluingBeamHL_b22_r1_m4_lay4,STARTED,"HL subtree tick: FF_Default_DynamicFlow_GluingBeamHL_b22_r1_m4_lay4; DeltaTime: 0.100",77986.41
1547,2026-07-01 12:22:05.450,GluingBeamHL,GluingBeamHL_b22_r1_m4_lay4,COMPLETED,"Subtree execution completed successfully",77986.76
1548,2026-07-01 12:22:05.450,GluingBeamHL,GluingBeamHL_b22_r1_m4_lay4,STARTED,"DeltaTime: 0.100",77986.77
1549,2026-07-01 12:22:05.450,GluingBeamHL,GluingBeamHL_b22_r1_m4_lay4,COMPLETED,"Action logic completed successfully",77986.77
1550,2026-07-01 12:22:05.453,GluingBeamHL,GluingBeamHL_b22_r1_m4_lay4,COMPLETED,"Effects applied on exit",77989.06
1551,2026-07-01 12:22:05.604,GluingBeamHL,GluingBeamHL_b21_r1_m4_lay4,STARTED,"HL subtree tick: FF_Default_DynamicFlow_GluingBeamHL_b21_r1_m4_lay4; DeltaTime: 0.100",78140.71
1552,2026-07-01 12:22:05.926,GluingML,GluingML_b21_pr4_r1_gg1,STARTED,"ML action execution; DeltaTime: 0.100",78462.90
1553,2026-07-01 12:22:05.927,GluingML,GluingML_b21_pr4_r1_gg1,STARTED,"DeltaTime: 0.100",78462.92
1554,2026-07-01 12:22:05.927,GluingML,GluingML_b21_pr4_r1_gg1,COMPLETED,"Action logic completed successfully",78462.92
1555,2026-07-01 12:22:05.930,GluingML,GluingML_b21_pr4_r1_gg1,COMPLETED,"Effects applied on exit",78465.95
1556,2026-07-01 12:22:06.044,GluingBeamHL,GluingBeamHL_b21_r1_m4_lay4,STARTED,"HL subtree tick: FF_Default_DynamicFlow_GluingBeamHL_b21_r1_m4_lay4; DeltaTime: 0.100",78580.21
1557,2026-07-01 12:22:06.044,GluingBeamHL,GluingBeamHL_b21_r1_m4_lay4,COMPLETED,"Subtree execution completed successfully",78580.60
1558,2026-07-01 12:22:06.044,GluingBeamHL,GluingBeamHL_b21_r1_m4_lay4,STARTED,"DeltaTime: 0.100",78580.60
1559,2026-07-01 12:22:06.044,GluingBeamHL,GluingBeamHL_b21_r1_m4_lay4,COMPLETED,"Action logic completed successfully",78580.61
1560,2026-07-01 12:22:06.046,GluingBeamHL,GluingBeamHL_b21_r1_m4_lay4,COMPLETED,"Effects applied on exit",78582.89
1561,2026-07-01 12:22:06.204,PickUpHL,PickUpHL_tp1_fp5_r1,STARTED,"HL subtree tick: FF_Default_DynamicFlow_PickUpHL_tp1_fp5_r1; DeltaTime: 0.100",78740.22
1562,2026-07-01 12:22:06.536,TravelML,TravelML_r1_pr4_ep2,STARTED,"ML action execution; DeltaTime: 0.100",79072.87
1563,2026-07-01 12:22:06.536,TravelML,TravelML_r1_pr4_ep2,STARTED,"DeltaTime: 0.100",79072.89
1564,2026-07-01 12:22:06.536,TravelML,TravelML_r1_pr4_ep2,COMPLETED,"Action logic completed successfully",79072.89
1565,2026-07-01 12:22:06.540,TravelML,TravelML_r1_pr4_ep2,COMPLETED,"Effects applied on exit",79075.96
1566,2026-07-01 12:22:06.668,PickUpHL,PickUpHL_tp1_fp5_r1,STARTED,"HL subtree tick: FF_Default_DynamicFlow_PickUpHL_tp1_fp5_r1; DeltaTime: 0.100",79203.99
1567,2026-07-01 12:22:06.670,CloseToolML,CloseToolML_r1_gg1,STARTED,"ML action execution; DeltaTime: 0.100",79206.21
1568,2026-07-01 12:22:06.670,CloseToolML,CloseToolML_r1_gg1,STARTED,"DeltaTime: 0.100",79206.23
1569,2026-07-01 12:22:06.670,CloseToolML,CloseToolML_r1_gg1,COMPLETED,"Action logic completed successfully",79206.23
1570,2026-07-01 12:22:06.672,CloseToolML,CloseToolML_r1_gg1,COMPLETED,"Effects applied on exit",79208.12
1571,2026-07-01 12:22:06.794,PickUpHL,PickUpHL_tp1_fp5_r1,STARTED,"HL subtree tick: FF_Default_DynamicFlow_PickUpHL_tp1_fp5_r1; DeltaTime: 0.100",79330.50
1572,2026-07-01 12:22:06.796,DeequipML,DeequipML_r1_gg1_ep2,STARTED,"ML action execution; DeltaTime: 0.100",79332.66
1573,2026-07-01 12:22:06.796,DeequipML,DeequipML_r1_gg1_ep2,STARTED,"DeltaTime: 0.100",79332.69
1574,2026-07-01 12:22:06.796,DeequipML,DeequipML_r1_gg1_ep2,COMPLETED,"Action logic completed successfully",79332.70
1575,2026-07-01 12:22:06.799,DeequipML,DeequipML_r1_gg1_ep2,COMPLETED,"Effects applied on exit",79335.50
1576,2026-07-01 12:22:06.918,PickUpHL,PickUpHL_tp1_fp5_r1,STARTED,"HL subtree tick: FF_Default_DynamicFlow_PickUpHL_tp1_fp5_r1; DeltaTime: 0.100",79454.23
1577,2026-07-01 12:22:06.919,TravelML,TravelML_r1_ep2_fp5,STARTED,"ML action execution; DeltaTime: 0.100",79455.87
1578,2026-07-01 12:22:06.919,TravelML,TravelML_r1_ep2_fp5,STARTED,"DeltaTime: 0.100",79455.88
1579,2026-07-01 12:22:06.919,TravelML,TravelML_r1_ep2_fp5,COMPLETED,"Action logic completed successfully",79455.89
1580,2026-07-01 12:22:06.922,TravelML,TravelML_r1_ep2_fp5,COMPLETED,"Effects applied on exit",79458.66
1581,2026-07-01 12:22:07.043,PickUpHL,PickUpHL_tp1_fp5_r1,STARTED,"HL subtree tick: FF_Default_DynamicFlow_PickUpHL_tp1_fp5_r1; DeltaTime: 0.100",79579.64
1582,2026-07-01 12:22:07.046,TravelML,TravelML_r1_fp5_ep1,STARTED,"ML action execution; DeltaTime: 0.100",79582.50
1583,2026-07-01 12:22:07.046,TravelML,TravelML_r1_fp5_ep1,STARTED,"DeltaTime: 0.100",79582.52
1584,2026-07-01 12:22:07.046,TravelML,TravelML_r1_fp5_ep1,COMPLETED,"Action logic completed successfully",79582.52
1585,2026-07-01 12:22:07.049,TravelML,TravelML_r1_fp5_ep1,COMPLETED,"Effects applied on exit",79585.20
1586,2026-07-01 12:22:07.170,PickUpHL,PickUpHL_tp1_fp5_r1,STARTED,"HL subtree tick: FF_Default_DynamicFlow_PickUpHL_tp1_fp5_r1; DeltaTime: 0.100",79706.30
1587,2026-07-01 12:22:07.172,EquipeML,EquipeML_r1_vg1_ep1,STARTED,"ML action execution; DeltaTime: 0.100",79708.43
1588,2026-07-01 12:22:07.172,EquipeML,EquipeML_r1_vg1_ep1,STARTED,"DeltaTime: 0.100",79708.45
1589,2026-07-01 12:22:07.172,EquipeML,EquipeML_r1_vg1_ep1,COMPLETED,"Action logic completed successfully",79708.45
1590,2026-07-01 12:22:07.174,EquipeML,EquipeML_r1_vg1_ep1,COMPLETED,"Effects applied on exit",79710.84
1591,2026-07-01 12:22:07.297,PickUpHL,PickUpHL_tp1_fp5_r1,STARTED,"HL subtree tick: FF_Default_DynamicFlow_PickUpHL_tp1_fp5_r1; DeltaTime: 0.100",79833.23
1592,2026-07-01 12:22:07.299,TravelML,TravelML_r1_ep1_fp5,STARTED,"ML action execution; DeltaTime: 0.100",79834.94
1593,2026-07-01 12:22:07.299,TravelML,TravelML_r1_ep1_fp5,STARTED,"DeltaTime: 0.100",79834.95
1594,2026-07-01 12:22:07.299,TravelML,TravelML_r1_ep1_fp5,COMPLETED,"Action logic completed successfully",79834.96
1595,2026-07-01 12:22:07.301,TravelML,TravelML_r1_ep1_fp5,COMPLETED,"Effects applied on exit",79837.69
1596,2026-07-01 12:22:07.425,PickUpHL,PickUpHL_tp1_fp5_r1,STARTED,"HL subtree tick: FF_Default_DynamicFlow_PickUpHL_tp1_fp5_r1; DeltaTime: 0.100",79961.84
1597,2026-07-01 12:22:07.427,InitializeML,InitializeML_r1_vg1,STARTED,"ML action execution; DeltaTime: 0.100",79963.51
1598,2026-07-01 12:22:07.427,InitializeML,InitializeML_r1_vg1,STARTED,"DeltaTime: 0.100",79963.52
1599,2026-07-01 12:22:07.427,InitializeML,InitializeML_r1_vg1,COMPLETED,"Action logic completed successfully",79963.52
1600,2026-07-01 12:22:07.429,InitializeML,InitializeML_r1_vg1,COMPLETED,"Effects applied on exit",79965.64
1601,2026-07-01 12:22:07.548,PickUpHL,PickUpHL_tp1_fp5_r1,STARTED,"HL subtree tick: FF_Default_DynamicFlow_PickUpHL_tp1_fp5_r1; DeltaTime: 0.100",80084.83
1602,2026-07-01 12:22:07.550,PickUpML,PickUpML_tp1_fp5_r1_vg1,STARTED,"ML action execution; DeltaTime: 0.100",80086.57
1603,2026-07-01 12:22:07.550,PickUpML,PickUpML_tp1_fp5_r1_vg1,STARTED,"DeltaTime: 0.100",80086.58
1604,2026-07-01 12:22:07.550,PickUpML,PickUpML_tp1_fp5_r1_vg1,COMPLETED,"Action logic completed successfully",80086.59
1605,2026-07-01 12:22:07.553,PickUpML,PickUpML_tp1_fp5_r1_vg1,COMPLETED,"Effects applied on exit",80089.73
1606,2026-07-01 12:22:07.678,PickUpHL,PickUpHL_tp1_fp5_r1,STARTED,"HL subtree tick: FF_Default_DynamicFlow_PickUpHL_tp1_fp5_r1; DeltaTime: 0.100",80214.59
1607,2026-07-01 12:22:07.679,PickUpHL,PickUpHL_tp1_fp5_r1,COMPLETED,"Subtree execution completed successfully",80215.49
1608,2026-07-01 12:22:07.679,PickUpHL,PickUpHL_tp1_fp5_r1,STARTED,"DeltaTime: 0.100",80215.50
1609,2026-07-01 12:22:07.679,PickUpHL,PickUpHL_tp1_fp5_r1,COMPLETED,"Action logic completed successfully",80215.51
1610,2026-07-01 12:22:07.682,PickUpHL,PickUpHL_tp1_fp5_r1,COMPLETED,"Effects applied on exit",80218.02
1611,2026-07-01 12:22:07.834,StackOnMultipleHL,StackOnMultipleHL_tp1_r1_pr1_m1_lay1,STARTED,"HL subtree tick: FF_Default_DynamicFlow_StackOnMultipleHL_tp1_r1_pr1_m1_lay1; DeltaTime: 0.100",80370.25
1612,2026-07-01 12:22:08.160,TravelML,TravelML_r1_fp5_pr1,STARTED,"ML action execution; DeltaTime: 0.100",80696.77
1613,2026-07-01 12:22:08.160,TravelML,TravelML_r1_fp5_pr1,STARTED,"DeltaTime: 0.100",80696.78
1614,2026-07-01 12:22:08.160,TravelML,TravelML_r1_fp5_pr1,COMPLETED,"Action logic completed successfully",80696.79
1615,2026-07-01 12:22:08.163,TravelML,TravelML_r1_fp5_pr1,COMPLETED,"Effects applied on exit",80699.32
1616,2026-07-01 12:22:08.286,StackOnMultipleHL,StackOnMultipleHL_tp1_r1_pr1_m1_lay1,STARTED,"HL subtree tick: FF_Default_DynamicFlow_StackOnMultipleHL_tp1_r1_pr1_m1_lay1; DeltaTime: 0.100",80822.39
1617,2026-07-01 12:22:08.287,StackML,StackML_tp1_b1_r1_vg1_pr1,STARTED,"ML action execution; DeltaTime: 0.100",80823.57
1618,2026-07-01 12:22:08.287,StackML,StackML_tp1_b1_r1_vg1_pr1,STARTED,"DeltaTime: 0.100",80823.58
1619,2026-07-01 12:22:08.287,StackML,StackML_tp1_b1_r1_vg1_pr1,COMPLETED,"Action logic completed successfully",80823.59
1620,2026-07-01 12:22:08.291,StackML,StackML_tp1_b1_r1_vg1_pr1,COMPLETED,"Effects applied on exit",80827.55
1621,2026-07-01 12:22:08.416,StackOnMultipleHL,StackOnMultipleHL_tp1_r1_pr1_m1_lay1,STARTED,"HL subtree tick: FF_Default_DynamicFlow_StackOnMultipleHL_tp1_r1_pr1_m1_lay1; DeltaTime: 0.100",80952.23
1622,2026-07-01 12:22:08.417,StackOnMultipleHL,StackOnMultipleHL_tp1_r1_pr1_m1_lay1,COMPLETED,"Subtree execution completed successfully",80953.14
1623,2026-07-01 12:22:08.417,StackOnMultipleHL,StackOnMultipleHL_tp1_r1_pr1_m1_lay1,STARTED,"DeltaTime: 0.100",80953.16
1624,2026-07-01 12:22:08.417,StackOnMultipleHL,StackOnMultipleHL_tp1_r1_pr1_m1_lay1,COMPLETED,"Action logic completed successfully",80953.18
1625,2026-07-01 12:22:08.423,StackOnMultipleHL,StackOnMultipleHL_tp1_r1_pr1_m1_lay1,COMPLETED,"Effects applied on exit",80959.05
1626,2026-07-01 12:22:08.566,PickUpHL,PickUpHL_tp2_fp13_r1,STARTED,"HL subtree tick: FF_Default_DynamicFlow_PickUpHL_tp2_fp13_r1; DeltaTime: 0.100",81102.45
1627,2026-07-01 12:22:08.901,TravelML,TravelML_r1_pr1_fp13,STARTED,"ML action execution; DeltaTime: 0.100",81437.88
1628,2026-07-01 12:22:08.901,TravelML,TravelML_r1_pr1_fp13,STARTED,"DeltaTime: 0.100",81437.90
1629,2026-07-01 12:22:08.901,TravelML,TravelML_r1_pr1_fp13,COMPLETED,"Action logic completed successfully",81437.90
1630,2026-07-01 12:22:08.904,TravelML,TravelML_r1_pr1_fp13,COMPLETED,"Effects applied on exit",81440.33
1631,2026-07-01 12:22:09.019,PickUpHL,PickUpHL_tp2_fp13_r1,STARTED,"HL subtree tick: FF_Default_DynamicFlow_PickUpHL_tp2_fp13_r1; DeltaTime: 0.100",81554.94
1632,2026-07-01 12:22:09.020,PickUpML,PickUpML_tp2_fp13_r1_vg1,STARTED,"ML action execution; DeltaTime: 0.100",81555.91
1633,2026-07-01 12:22:09.020,PickUpML,PickUpML_tp2_fp13_r1_vg1,STARTED,"DeltaTime: 0.100",81555.92
1634,2026-07-01 12:22:09.020,PickUpML,PickUpML_tp2_fp13_r1_vg1,COMPLETED,"Action logic completed successfully",81555.93
1635,2026-07-01 12:22:09.023,PickUpML,PickUpML_tp2_fp13_r1_vg1,COMPLETED,"Effects applied on exit",81559.45
1636,2026-07-01 12:22:09.150,PickUpHL,PickUpHL_tp2_fp13_r1,STARTED,"HL subtree tick: FF_Default_DynamicFlow_PickUpHL_tp2_fp13_r1; DeltaTime: 0.100",81685.92
1637,2026-07-01 12:22:09.150,PickUpHL,PickUpHL_tp2_fp13_r1,COMPLETED,"Subtree execution completed successfully",81686.27
1638,2026-07-01 12:22:09.150,PickUpHL,PickUpHL_tp2_fp13_r1,STARTED,"DeltaTime: 0.100",81686.27
1639,2026-07-01 12:22:09.150,PickUpHL,PickUpHL_tp2_fp13_r1,COMPLETED,"Action logic completed successfully",81686.28
1640,2026-07-01 12:22:09.152,PickUpHL,PickUpHL_tp2_fp13_r1,COMPLETED,"Effects applied on exit",81688.37
1641,2026-07-01 12:22:09.306,StackOnMultipleHL,StackOnMultipleHL_tp2_r1_pr2_m2_lay2,STARTED,"HL subtree tick: FF_Default_DynamicFlow_StackOnMultipleHL_tp2_r1_pr2_m2_lay2; DeltaTime: 0.100",81842.57
1642,2026-07-01 12:22:09.650,TravelML,TravelML_r1_fp13_pr2,STARTED,"ML action execution; DeltaTime: 0.100",82186.32
1643,2026-07-01 12:22:09.650,TravelML,TravelML_r1_fp13_pr2,STARTED,"DeltaTime: 0.100",82186.34
1644,2026-07-01 12:22:09.650,TravelML,TravelML_r1_fp13_pr2,COMPLETED,"Action logic completed successfully",82186.34
1645,2026-07-01 12:22:09.653,TravelML,TravelML_r1_fp13_pr2,COMPLETED,"Effects applied on exit",82189.04
1646,2026-07-01 12:22:09.766,StackOnMultipleHL,StackOnMultipleHL_tp2_r1_pr2_m2_lay2,STARTED,"HL subtree tick: FF_Default_DynamicFlow_StackOnMultipleHL_tp2_r1_pr2_m2_lay2; DeltaTime: 0.100",82302.76
1647,2026-07-01 12:22:09.768,StackML,StackML_tp2_b7_r1_vg1_pr2,STARTED,"ML action execution; DeltaTime: 0.100",82304.15
1648,2026-07-01 12:22:09.768,StackML,StackML_tp2_b7_r1_vg1_pr2,STARTED,"DeltaTime: 0.100",82304.16
1649,2026-07-01 12:22:09.768,StackML,StackML_tp2_b7_r1_vg1_pr2,COMPLETED,"Action logic completed successfully",82304.16
1650,2026-07-01 12:22:09.772,StackML,StackML_tp2_b7_r1_vg1_pr2,COMPLETED,"Effects applied on exit",82308.37
1651,2026-07-01 12:22:09.893,StackOnMultipleHL,StackOnMultipleHL_tp2_r1_pr2_m2_lay2,STARTED,"HL subtree tick: FF_Default_DynamicFlow_StackOnMultipleHL_tp2_r1_pr2_m2_lay2; DeltaTime: 0.100",82429.32
1652,2026-07-01 12:22:09.894,StackOnMultipleHL,StackOnMultipleHL_tp2_r1_pr2_m2_lay2,COMPLETED,"Subtree execution completed successfully",82430.10
1653,2026-07-01 12:22:09.894,StackOnMultipleHL,StackOnMultipleHL_tp2_r1_pr2_m2_lay2,STARTED,"DeltaTime: 0.100",82430.12
1654,2026-07-01 12:22:09.894,StackOnMultipleHL,StackOnMultipleHL_tp2_r1_pr2_m2_lay2,COMPLETED,"Action logic completed successfully",82430.13
1655,2026-07-01 12:22:09.896,StackOnMultipleHL,StackOnMultipleHL_tp2_r1_pr2_m2_lay2,COMPLETED,"Effects applied on exit",82432.72
1656,2026-07-01 12:22:10.050,PickUpHL,PickUpHL_tp3_fp21_r1,STARTED,"HL subtree tick: FF_Default_DynamicFlow_PickUpHL_tp3_fp21_r1; DeltaTime: 0.100",82586.56
1657,2026-07-01 12:22:10.412,TravelML,TravelML_r1_pr2_fp21,STARTED,"ML action execution; DeltaTime: 0.100",82948.19
1658,2026-07-01 12:22:10.412,TravelML,TravelML_r1_pr2_fp21,STARTED,"DeltaTime: 0.100",82948.20
1659,2026-07-01 12:22:10.412,TravelML,TravelML_r1_pr2_fp21,COMPLETED,"Action logic completed successfully",82948.21
1660,2026-07-01 12:22:10.415,TravelML,TravelML_r1_pr2_fp21,COMPLETED,"Effects applied on exit",82950.99
1661,2026-07-01 12:22:10.543,PickUpHL,PickUpHL_tp3_fp21_r1,STARTED,"HL subtree tick: FF_Default_DynamicFlow_PickUpHL_tp3_fp21_r1; DeltaTime: 0.100",83079.13
1662,2026-07-01 12:22:10.544,PickUpML,PickUpML_tp3_fp21_r1_vg1,STARTED,"ML action execution; DeltaTime: 0.100",83080.28
1663,2026-07-01 12:22:10.544,PickUpML,PickUpML_tp3_fp21_r1_vg1,STARTED,"DeltaTime: 0.100",83080.29
1664,2026-07-01 12:22:10.544,PickUpML,PickUpML_tp3_fp21_r1_vg1,COMPLETED,"Action logic completed successfully",83080.29
1665,2026-07-01 12:22:10.548,PickUpML,PickUpML_tp3_fp21_r1_vg1,COMPLETED,"Effects applied on exit",83083.93
1666,2026-07-01 12:22:10.664,PickUpHL,PickUpHL_tp3_fp21_r1,STARTED,"HL subtree tick: FF_Default_DynamicFlow_PickUpHL_tp3_fp21_r1; DeltaTime: 0.100",83200.33
1667,2026-07-01 12:22:10.664,PickUpHL,PickUpHL_tp3_fp21_r1,COMPLETED,"Subtree execution completed successfully",83200.69
1668,2026-07-01 12:22:10.664,PickUpHL,PickUpHL_tp3_fp21_r1,STARTED,"DeltaTime: 0.100",83200.70
1669,2026-07-01 12:22:10.664,PickUpHL,PickUpHL_tp3_fp21_r1,COMPLETED,"Action logic completed successfully",83200.71
1670,2026-07-01 12:22:10.667,PickUpHL,PickUpHL_tp3_fp21_r1,COMPLETED,"Effects applied on exit",83203.24
1671,2026-07-01 12:22:10.820,StackOnMultipleHL,StackOnMultipleHL_tp3_r1_pr3_m3_lay3,STARTED,"HL subtree tick: FF_Default_DynamicFlow_StackOnMultipleHL_tp3_r1_pr3_m3_lay3; DeltaTime: 0.100",83356.51
1672,2026-07-01 12:22:11.172,TravelML,TravelML_r1_fp21_pr3,STARTED,"ML action execution; DeltaTime: 0.100",83708.04
1673,2026-07-01 12:22:11.172,TravelML,TravelML_r1_fp21_pr3,STARTED,"DeltaTime: 0.100",83708.05
1674,2026-07-01 12:22:11.172,TravelML,TravelML_r1_fp21_pr3,COMPLETED,"Action logic completed successfully",83708.06
1675,2026-07-01 12:22:11.174,TravelML,TravelML_r1_fp21_pr3,COMPLETED,"Effects applied on exit",83710.71
1676,2026-07-01 12:22:11.298,StackOnMultipleHL,StackOnMultipleHL_tp3_r1_pr3_m3_lay3,STARTED,"HL subtree tick: FF_Default_DynamicFlow_StackOnMultipleHL_tp3_r1_pr3_m3_lay3; DeltaTime: 0.100",83834.05
1677,2026-07-01 12:22:11.299,StackML,StackML_tp3_b13_r1_vg1_pr3,STARTED,"ML action execution; DeltaTime: 0.100",83835.58
1678,2026-07-01 12:22:11.299,StackML,StackML_tp3_b13_r1_vg1_pr3,STARTED,"DeltaTime: 0.100",83835.59
1679,2026-07-01 12:22:11.299,StackML,StackML_tp3_b13_r1_vg1_pr3,COMPLETED,"Action logic completed successfully",83835.59
1680,2026-07-01 12:22:11.303,StackML,StackML_tp3_b13_r1_vg1_pr3,COMPLETED,"Effects applied on exit",83839.27
1681,2026-07-01 12:22:11.426,StackOnMultipleHL,StackOnMultipleHL_tp3_r1_pr3_m3_lay3,STARTED,"HL subtree tick: FF_Default_DynamicFlow_StackOnMultipleHL_tp3_r1_pr3_m3_lay3; DeltaTime: 0.100",83962.49
1682,2026-07-01 12:22:11.427,StackOnMultipleHL,StackOnMultipleHL_tp3_r1_pr3_m3_lay3,COMPLETED,"Subtree execution completed successfully",83963.02
1683,2026-07-01 12:22:11.427,StackOnMultipleHL,StackOnMultipleHL_tp3_r1_pr3_m3_lay3,STARTED,"DeltaTime: 0.100",83963.03
1684,2026-07-01 12:22:11.427,StackOnMultipleHL,StackOnMultipleHL_tp3_r1_pr3_m3_lay3,COMPLETED,"Action logic completed successfully",83963.04
1685,2026-07-01 12:22:11.429,StackOnMultipleHL,StackOnMultipleHL_tp3_r1_pr3_m3_lay3,COMPLETED,"Effects applied on exit",83965.52
1686,2026-07-01 12:22:11.579,PickUpHL,PickUpHL_tp4_fp29_r1,STARTED,"HL subtree tick: FF_Default_DynamicFlow_PickUpHL_tp4_fp29_r1; DeltaTime: 0.100",84115.75
1687,2026-07-01 12:22:11.929,TravelML,TravelML_r1_pr3_fp29,STARTED,"ML action execution; DeltaTime: 0.100",84465.63
1688,2026-07-01 12:22:11.929,TravelML,TravelML_r1_pr3_fp29,STARTED,"DeltaTime: 0.100",84465.65
1689,2026-07-01 12:22:11.929,TravelML,TravelML_r1_pr3_fp29,COMPLETED,"Action logic completed successfully",84465.65
1690,2026-07-01 12:22:11.932,TravelML,TravelML_r1_pr3_fp29,COMPLETED,"Effects applied on exit",84468.18
1691,2026-07-01 12:22:12.053,PickUpHL,PickUpHL_tp4_fp29_r1,STARTED,"HL subtree tick: FF_Default_DynamicFlow_PickUpHL_tp4_fp29_r1; DeltaTime: 0.100",84589.60
1692,2026-07-01 12:22:12.055,PickUpML,PickUpML_tp4_fp29_r1_vg1,STARTED,"ML action execution; DeltaTime: 0.100",84591.12
1693,2026-07-01 12:22:12.055,PickUpML,PickUpML_tp4_fp29_r1_vg1,STARTED,"DeltaTime: 0.100",84591.13
1694,2026-07-01 12:22:12.055,PickUpML,PickUpML_tp4_fp29_r1_vg1,COMPLETED,"Action logic completed successfully",84591.14
1695,2026-07-01 12:22:12.058,PickUpML,PickUpML_tp4_fp29_r1_vg1,COMPLETED,"Effects applied on exit",84594.48
1696,2026-07-01 12:22:12.180,PickUpHL,PickUpHL_tp4_fp29_r1,STARTED,"HL subtree tick: FF_Default_DynamicFlow_PickUpHL_tp4_fp29_r1; DeltaTime: 0.100",84716.86
1697,2026-07-01 12:22:12.181,PickUpHL,PickUpHL_tp4_fp29_r1,COMPLETED,"Subtree execution completed successfully",84717.22
1698,2026-07-01 12:22:12.181,PickUpHL,PickUpHL_tp4_fp29_r1,STARTED,"DeltaTime: 0.100",84717.22
1699,2026-07-01 12:22:12.181,PickUpHL,PickUpHL_tp4_fp29_r1,COMPLETED,"Action logic completed successfully",84717.23
1700,2026-07-01 12:22:12.183,PickUpHL,PickUpHL_tp4_fp29_r1,COMPLETED,"Effects applied on exit",84719.49
1701,2026-07-01 12:22:12.324,StackOnMultipleHL,StackOnMultipleHL_tp4_r1_pr4_m4_lay4,STARTED,"HL subtree tick: FF_Default_DynamicFlow_StackOnMultipleHL_tp4_r1_pr4_m4_lay4; DeltaTime: 0.100",84860.89
1702,2026-07-01 12:22:12.665,TravelML,TravelML_r1_fp29_pr4,STARTED,"ML action execution; DeltaTime: 0.100",85201.12
1703,2026-07-01 12:22:12.665,TravelML,TravelML_r1_fp29_pr4,STARTED,"DeltaTime: 0.100",85201.14
1704,2026-07-01 12:22:12.665,TravelML,TravelML_r1_fp29_pr4,COMPLETED,"Action logic completed successfully",85201.15
1705,2026-07-01 12:22:12.667,TravelML,TravelML_r1_fp29_pr4,COMPLETED,"Effects applied on exit",85203.88
1706,2026-07-01 12:22:12.798,StackOnMultipleHL,StackOnMultipleHL_tp4_r1_pr4_m4_lay4,STARTED,"HL subtree tick: FF_Default_DynamicFlow_StackOnMultipleHL_tp4_r1_pr4_m4_lay4; DeltaTime: 0.100",85334.38
1707,2026-07-01 12:22:12.801,StackML,StackML_tp4_b19_r1_vg1_pr4,STARTED,"ML action execution; DeltaTime: 0.100",85337.33
1708,2026-07-01 12:22:12.801,StackML,StackML_tp4_b19_r1_vg1_pr4,STARTED,"DeltaTime: 0.100",85337.34
1709,2026-07-01 12:22:12.801,StackML,StackML_tp4_b19_r1_vg1_pr4,COMPLETED,"Action logic completed successfully",85337.34
1710,2026-07-01 12:22:12.805,StackML,StackML_tp4_b19_r1_vg1_pr4,COMPLETED,"Effects applied on exit",85340.94
1711,2026-07-01 12:22:12.921,StackOnMultipleHL,StackOnMultipleHL_tp4_r1_pr4_m4_lay4,STARTED,"HL subtree tick: FF_Default_DynamicFlow_StackOnMultipleHL_tp4_r1_pr4_m4_lay4; DeltaTime: 0.100",85457.52
1712,2026-07-01 12:22:12.922,StackOnMultipleHL,StackOnMultipleHL_tp4_r1_pr4_m4_lay4,COMPLETED,"Subtree execution completed successfully",85458.23
1713,2026-07-01 12:22:12.922,StackOnMultipleHL,StackOnMultipleHL_tp4_r1_pr4_m4_lay4,STARTED,"DeltaTime: 0.100",85458.24
1714,2026-07-01 12:22:12.922,StackOnMultipleHL,StackOnMultipleHL_tp4_r1_pr4_m4_lay4,COMPLETED,"Action logic completed successfully",85458.26
1715,2026-07-01 12:22:12.926,StackOnMultipleHL,StackOnMultipleHL_tp4_r1_pr4_m4_lay4,COMPLETED,"Effects applied on exit",85462.24
1716,2026-07-01 12:22:13.084,NailingHL,NailingHL_tp1_r1,STARTED,"HL subtree tick: FF_Default_DynamicFlow_NailingHL_tp1_r1; DeltaTime: 0.100",85620.85
1717,2026-07-01 12:22:13.421,TravelML,TravelML_r1_pr4_ep1,STARTED,"ML action execution; DeltaTime: 0.100",85957.04
1718,2026-07-01 12:22:13.421,TravelML,TravelML_r1_pr4_ep1,STARTED,"DeltaTime: 0.100",85957.06
1719,2026-07-01 12:22:13.421,TravelML,TravelML_r1_pr4_ep1,COMPLETED,"Action logic completed successfully",85957.07
1720,2026-07-01 12:22:13.423,TravelML,TravelML_r1_pr4_ep1,COMPLETED,"Effects applied on exit",85959.79
1721,2026-07-01 12:22:13.551,NailingHL,NailingHL_tp1_r1,STARTED,"HL subtree tick: FF_Default_DynamicFlow_NailingHL_tp1_r1; DeltaTime: 0.100",86087.14
1722,2026-07-01 12:22:13.553,CloseToolML,CloseToolML_r1_vg1,STARTED,"ML action execution; DeltaTime: 0.100",86089.05
1723,2026-07-01 12:22:13.553,CloseToolML,CloseToolML_r1_vg1,STARTED,"DeltaTime: 0.100",86089.06
1724,2026-07-01 12:22:13.553,CloseToolML,CloseToolML_r1_vg1,COMPLETED,"Action logic completed successfully",86089.07
1725,2026-07-01 12:22:13.555,CloseToolML,CloseToolML_r1_vg1,COMPLETED,"Effects applied on exit",86090.93
1726,2026-07-01 12:22:13.676,NailingHL,NailingHL_tp1_r1,STARTED,"HL subtree tick: FF_Default_DynamicFlow_NailingHL_tp1_r1; DeltaTime: 0.100",86212.46
1727,2026-07-01 12:22:13.678,DeequipML,DeequipML_r1_vg1_ep1,STARTED,"ML action execution; DeltaTime: 0.100",86213.98
1728,2026-07-01 12:22:13.678,DeequipML,DeequipML_r1_vg1_ep1,STARTED,"DeltaTime: 0.100",86213.99
1729,2026-07-01 12:22:13.678,DeequipML,DeequipML_r1_vg1_ep1,COMPLETED,"Action logic completed successfully",86213.99
1730,2026-07-01 12:22:13.680,DeequipML,DeequipML_r1_vg1_ep1,COMPLETED,"Effects applied on exit",86216.39
1731,2026-07-01 12:22:13.805,NailingHL,NailingHL_tp1_r1,STARTED,"HL subtree tick: FF_Default_DynamicFlow_NailingHL_tp1_r1; DeltaTime: 0.100",86341.41
1732,2026-07-01 12:22:13.806,TravelML,TravelML_r1_ep1_ep3,STARTED,"ML action execution; DeltaTime: 0.100",86342.90
1733,2026-07-01 12:22:13.807,TravelML,TravelML_r1_ep1_ep3,STARTED,"DeltaTime: 0.100",86342.91
1734,2026-07-01 12:22:13.807,TravelML,TravelML_r1_ep1_ep3,COMPLETED,"Action logic completed successfully",86342.92
1735,2026-07-01 12:22:13.809,TravelML,TravelML_r1_ep1_ep3,COMPLETED,"Effects applied on exit",86345.48
1736,2026-07-01 12:22:13.932,NailingHL,NailingHL_tp1_r1,STARTED,"HL subtree tick: FF_Default_DynamicFlow_NailingHL_tp1_r1; DeltaTime: 0.100",86467.94
1737,2026-07-01 12:22:13.933,EquipeML,EquipeML_r1_ng1_ep3,STARTED,"ML action execution; DeltaTime: 0.100",86469.69
1738,2026-07-01 12:22:13.933,EquipeML,EquipeML_r1_ng1_ep3,STARTED,"DeltaTime: 0.100",86469.70
1739,2026-07-01 12:22:13.933,EquipeML,EquipeML_r1_ng1_ep3,COMPLETED,"Action logic completed successfully",86469.70
1740,2026-07-01 12:22:13.936,EquipeML,EquipeML_r1_ng1_ep3,COMPLETED,"Effects applied on exit",86472.24
1741,2026-07-01 12:22:14.061,NailingHL,NailingHL_tp1_r1,STARTED,"HL subtree tick: FF_Default_DynamicFlow_NailingHL_tp1_r1; DeltaTime: 0.100",86597.81
1742,2026-07-01 12:22:14.065,TravelML,TravelML_r1_ep3_pr1,STARTED,"ML action execution; DeltaTime: 0.100",86601.06
1743,2026-07-01 12:22:14.065,TravelML,TravelML_r1_ep3_pr1,STARTED,"DeltaTime: 0.100",86601.08
1744,2026-07-01 12:22:14.065,TravelML,TravelML_r1_ep3_pr1,COMPLETED,"Action logic completed successfully",86601.09
1745,2026-07-01 12:22:14.070,TravelML,TravelML_r1_ep3_pr1,COMPLETED,"Effects applied on exit",86606.18
1746,2026-07-01 12:22:14.205,NailingHL,NailingHL_tp1_r1,STARTED,"HL subtree tick: FF_Default_DynamicFlow_NailingHL_tp1_r1; DeltaTime: 0.100",86741.56
1747,2026-07-01 12:22:14.207,InitializeML,InitializeML_r1_ng1,STARTED,"ML action execution; DeltaTime: 0.100",86743.02
1748,2026-07-01 12:22:14.207,InitializeML,InitializeML_r1_ng1,STARTED,"DeltaTime: 0.100",86743.03
1749,2026-07-01 12:22:14.207,InitializeML,InitializeML_r1_ng1,COMPLETED,"Action logic completed successfully",86743.04
1750,2026-07-01 12:22:14.209,InitializeML,InitializeML_r1_ng1,COMPLETED,"Effects applied on exit",86745.17
1751,2026-07-01 12:22:14.328,NailingHL,NailingHL_tp1_r1,STARTED,"HL subtree tick: FF_Default_DynamicFlow_NailingHL_tp1_r1; DeltaTime: 0.100",86864.37
1752,2026-07-01 12:22:14.332,NailingML,NailingML_tp1_pr1_r1_ng1,STARTED,"ML action execution; DeltaTime: 0.100",86868.51
1753,2026-07-01 12:22:14.332,NailingML,NailingML_tp1_pr1_r1_ng1,STARTED,"DeltaTime: 0.100",86868.52
1754,2026-07-01 12:22:14.332,NailingML,NailingML_tp1_pr1_r1_ng1,COMPLETED,"Action logic completed successfully",86868.53
1755,2026-07-01 12:22:14.337,NailingML,NailingML_tp1_pr1_r1_ng1,COMPLETED,"Effects applied on exit",86873.12
1756,2026-07-01 12:22:14.452,NailingHL,NailingHL_tp1_r1,STARTED,"HL subtree tick: FF_Default_DynamicFlow_NailingHL_tp1_r1; DeltaTime: 0.100",86988.43
1757,2026-07-01 12:22:14.453,NailingHL,NailingHL_tp1_r1,COMPLETED,"Subtree execution completed successfully",86989.25
1758,2026-07-01 12:22:14.453,NailingHL,NailingHL_tp1_r1,STARTED,"DeltaTime: 0.100",86989.25
1759,2026-07-01 12:22:14.453,NailingHL,NailingHL_tp1_r1,COMPLETED,"Action logic completed successfully",86989.26
1760,2026-07-01 12:22:14.455,NailingHL,NailingHL_tp1_r1,COMPLETED,"Effects applied on exit",86991.51
1761,2026-07-01 12:22:14.608,NailingHL,NailingHL_tp2_r1,STARTED,"HL subtree tick: FF_Default_DynamicFlow_NailingHL_tp2_r1; DeltaTime: 0.100",87144.72
1762,2026-07-01 12:22:14.960,TravelML,TravelML_r1_pr1_pr2,STARTED,"ML action execution; DeltaTime: 0.100",87496.07
1763,2026-07-01 12:22:14.960,TravelML,TravelML_r1_pr1_pr2,STARTED,"DeltaTime: 0.100",87496.08
1764,2026-07-01 12:22:14.960,TravelML,TravelML_r1_pr1_pr2,COMPLETED,"Action logic completed successfully",87496.09
1765,2026-07-01 12:22:14.963,TravelML,TravelML_r1_pr1_pr2,COMPLETED,"Effects applied on exit",87499.76
1766,2026-07-01 12:22:15.086,NailingHL,NailingHL_tp2_r1,STARTED,"HL subtree tick: FF_Default_DynamicFlow_NailingHL_tp2_r1; DeltaTime: 0.100",87622.82
1767,2026-07-01 12:22:15.088,NailingML,NailingML_tp2_pr2_r1_ng1,STARTED,"ML action execution; DeltaTime: 0.100",87623.92
1768,2026-07-01 12:22:15.088,NailingML,NailingML_tp2_pr2_r1_ng1,STARTED,"DeltaTime: 0.100",87623.93
1769,2026-07-01 12:22:15.088,NailingML,NailingML_tp2_pr2_r1_ng1,COMPLETED,"Action logic completed successfully",87623.93
1770,2026-07-01 12:22:15.091,NailingML,NailingML_tp2_pr2_r1_ng1,COMPLETED,"Effects applied on exit",87627.32
1771,2026-07-01 12:22:15.211,NailingHL,NailingHL_tp2_r1,STARTED,"HL subtree tick: FF_Default_DynamicFlow_NailingHL_tp2_r1; DeltaTime: 0.100",87747.85
1772,2026-07-01 12:22:15.212,NailingHL,NailingHL_tp2_r1,COMPLETED,"Subtree execution completed successfully",87748.24
1773,2026-07-01 12:22:15.212,NailingHL,NailingHL_tp2_r1,STARTED,"DeltaTime: 0.100",87748.25
1774,2026-07-01 12:22:15.212,NailingHL,NailingHL_tp2_r1,COMPLETED,"Action logic completed successfully",87748.25
1775,2026-07-01 12:22:15.214,NailingHL,NailingHL_tp2_r1,COMPLETED,"Effects applied on exit",87750.17
1776,2026-07-01 12:22:15.367,NailingHL,NailingHL_tp3_r1,STARTED,"HL subtree tick: FF_Default_DynamicFlow_NailingHL_tp3_r1; DeltaTime: 0.100",87903.28
1777,2026-07-01 12:22:15.695,TravelML,TravelML_r1_pr2_pr3,STARTED,"ML action execution; DeltaTime: 0.100",88231.30
1778,2026-07-01 12:22:15.695,TravelML,TravelML_r1_pr2_pr3,STARTED,"DeltaTime: 0.100",88231.31
1779,2026-07-01 12:22:15.695,TravelML,TravelML_r1_pr2_pr3,COMPLETED,"Action logic completed successfully",88231.32
1780,2026-07-01 12:22:15.698,TravelML,TravelML_r1_pr2_pr3,COMPLETED,"Effects applied on exit",88234.39
1781,2026-07-01 12:22:15.820,NailingHL,NailingHL_tp3_r1,STARTED,"HL subtree tick: FF_Default_DynamicFlow_NailingHL_tp3_r1; DeltaTime: 0.100",88356.55
1782,2026-07-01 12:22:15.821,NailingML,NailingML_tp3_pr3_r1_ng1,STARTED,"ML action execution; DeltaTime: 0.100",88357.71
1783,2026-07-01 12:22:15.821,NailingML,NailingML_tp3_pr3_r1_ng1,STARTED,"DeltaTime: 0.100",88357.72
1784,2026-07-01 12:22:15.821,NailingML,NailingML_tp3_pr3_r1_ng1,COMPLETED,"Action logic completed successfully",88357.73
1785,2026-07-01 12:22:15.824,NailingML,NailingML_tp3_pr3_r1_ng1,COMPLETED,"Effects applied on exit",88360.61
1786,2026-07-01 12:22:15.947,NailingHL,NailingHL_tp3_r1,STARTED,"HL subtree tick: FF_Default_DynamicFlow_NailingHL_tp3_r1; DeltaTime: 0.100",88483.60
1787,2026-07-01 12:22:15.948,NailingHL,NailingHL_tp3_r1,COMPLETED,"Subtree execution completed successfully",88484.04
1788,2026-07-01 12:22:15.948,NailingHL,NailingHL_tp3_r1,STARTED,"DeltaTime: 0.100",88484.05
1789,2026-07-01 12:22:15.948,NailingHL,NailingHL_tp3_r1,COMPLETED,"Action logic completed successfully",88484.06
1790,2026-07-01 12:22:15.950,NailingHL,NailingHL_tp3_r1,COMPLETED,"Effects applied on exit",88486.16
1791,2026-07-01 12:22:16.104,NailingHL,NailingHL_tp4_r1,STARTED,"HL subtree tick: FF_Default_DynamicFlow_NailingHL_tp4_r1; DeltaTime: 0.100",88640.60
1792,2026-07-01 12:22:16.431,TravelML,TravelML_r1_pr3_pr4,STARTED,"ML action execution; DeltaTime: 0.100",88967.79
1793,2026-07-01 12:22:16.431,TravelML,TravelML_r1_pr3_pr4,STARTED,"DeltaTime: 0.100",88967.84
1794,2026-07-01 12:22:16.431,TravelML,TravelML_r1_pr3_pr4,COMPLETED,"Action logic completed successfully",88967.85
1795,2026-07-01 12:22:16.434,TravelML,TravelML_r1_pr3_pr4,COMPLETED,"Effects applied on exit",88970.53
1796,2026-07-01 12:22:16.560,NailingHL,NailingHL_tp4_r1,STARTED,"HL subtree tick: FF_Default_DynamicFlow_NailingHL_tp4_r1; DeltaTime: 0.100",89096.58
1797,2026-07-01 12:22:16.561,NailingML,NailingML_tp4_pr4_r1_ng1,STARTED,"ML action execution; DeltaTime: 0.100",89097.68
1798,2026-07-01 12:22:16.561,NailingML,NailingML_tp4_pr4_r1_ng1,STARTED,"DeltaTime: 0.100",89097.69
1799,2026-07-01 12:22:16.561,NailingML,NailingML_tp4_pr4_r1_ng1,COMPLETED,"Action logic completed successfully",89097.70
1800,2026-07-01 12:22:16.564,NailingML,NailingML_tp4_pr4_r1_ng1,COMPLETED,"Effects applied on exit",89100.66
1801,2026-07-01 12:22:16.686,NailingHL,NailingHL_tp4_r1,STARTED,"HL subtree tick: FF_Default_DynamicFlow_NailingHL_tp4_r1; DeltaTime: 0.100",89222.51
1802,2026-07-01 12:22:16.687,NailingHL,NailingHL_tp4_r1,COMPLETED,"Subtree execution completed successfully",89222.93
1803,2026-07-01 12:22:16.687,NailingHL,NailingHL_tp4_r1,STARTED,"DeltaTime: 0.100",89222.94
1804,2026-07-01 12:22:16.687,NailingHL,NailingHL_tp4_r1,COMPLETED,"Action logic completed successfully",89222.95
1805,2026-07-01 12:22:16.689,NailingHL,NailingHL_tp4_r1,COMPLETED,"Effects applied on exit",89225.31
1806,2026-07-01 12:22:16.854,MoveCassetteToStackHL,MoveCassetteToStackHL_tp1_lp1_pr1_sp1_r1_m1_lay1,STARTED,"HL subtree tick: FF_Default_DynamicFlow_MoveCassetteToStackHL_tp1_lp1_pr1_sp1_r1_m1_lay1; DeltaTime: 0.100",89390.40
1807,2026-07-01 12:22:17.207,TravelML,TravelML_r1_pr4_ep3,STARTED,"ML action execution; DeltaTime: 0.100",89743.22
1808,2026-07-01 12:22:17.207,TravelML,TravelML_r1_pr4_ep3,STARTED,"DeltaTime: 0.100",89743.23
1809,2026-07-01 12:22:17.207,TravelML,TravelML_r1_pr4_ep3,COMPLETED,"Action logic completed successfully",89743.24
1810,2026-07-01 12:22:17.210,TravelML,TravelML_r1_pr4_ep3,COMPLETED,"Effects applied on exit",89745.96
1811,2026-07-01 12:22:17.333,MoveCassetteToStackHL,MoveCassetteToStackHL_tp1_lp1_pr1_sp1_r1_m1_lay1,STARTED,"HL subtree tick: FF_Default_DynamicFlow_MoveCassetteToStackHL_tp1_lp1_pr1_sp1_r1_m1_lay1; DeltaTime: 0.100",89869.03
1812,2026-07-01 12:22:17.335,CloseToolML,CloseToolML_r1_ng1,STARTED,"ML action execution; DeltaTime: 0.100",89871.15
1813,2026-07-01 12:22:17.335,CloseToolML,CloseToolML_r1_ng1,STARTED,"DeltaTime: 0.100",89871.18
1814,2026-07-01 12:22:17.335,CloseToolML,CloseToolML_r1_ng1,COMPLETED,"Action logic completed successfully",89871.19
1815,2026-07-01 12:22:17.337,CloseToolML,CloseToolML_r1_ng1,COMPLETED,"Effects applied on exit",89873.15
1816,2026-07-01 12:22:17.457,MoveCassetteToStackHL,MoveCassetteToStackHL_tp1_lp1_pr1_sp1_r1_m1_lay1,STARTED,"HL subtree tick: FF_Default_DynamicFlow_MoveCassetteToStackHL_tp1_lp1_pr1_sp1_r1_m1_lay1; DeltaTime: 0.100",89993.58
1817,2026-07-01 12:22:17.460,DeequipML,DeequipML_r1_ng1_ep3,STARTED,"ML action execution; DeltaTime: 0.100",89996.33
1818,2026-07-01 12:22:17.460,DeequipML,DeequipML_r1_ng1_ep3,STARTED,"DeltaTime: 0.100",89996.35
1819,2026-07-01 12:22:17.460,DeequipML,DeequipML_r1_ng1_ep3,COMPLETED,"Action logic completed successfully",89996.36
1820,2026-07-01 12:22:17.462,DeequipML,DeequipML_r1_ng1_ep3,COMPLETED,"Effects applied on exit",89998.62
1821,2026-07-01 12:22:17.582,MoveCassetteToStackHL,MoveCassetteToStackHL_tp1_lp1_pr1_sp1_r1_m1_lay1,STARTED,"HL subtree tick: FF_Default_DynamicFlow_MoveCassetteToStackHL_tp1_lp1_pr1_sp1_r1_m1_lay1; DeltaTime: 0.100",90118.23
1822,2026-07-01 12:22:17.584,TravelML,TravelML_r1_ep3_ep1,STARTED,"ML action execution; DeltaTime: 0.100",90119.97
1823,2026-07-01 12:22:17.584,TravelML,TravelML_r1_ep3_ep1,STARTED,"DeltaTime: 0.100",90119.98
1824,2026-07-01 12:22:17.584,TravelML,TravelML_r1_ep3_ep1,COMPLETED,"Action logic completed successfully",90119.98
1825,2026-07-01 12:22:17.586,TravelML,TravelML_r1_ep3_ep1,COMPLETED,"Effects applied on exit",90122.62
1826,2026-07-01 12:22:17.708,MoveCassetteToStackHL,MoveCassetteToStackHL_tp1_lp1_pr1_sp1_r1_m1_lay1,STARTED,"HL subtree tick: FF_Default_DynamicFlow_MoveCassetteToStackHL_tp1_lp1_pr1_sp1_r1_m1_lay1; DeltaTime: 0.100",90244.51
1827,2026-07-01 12:22:17.710,EquipeML,EquipeML_r1_vg1_ep1,STARTED,"ML action execution; DeltaTime: 0.100",90246.37
1828,2026-07-01 12:22:17.710,EquipeML,EquipeML_r1_vg1_ep1,STARTED,"DeltaTime: 0.100",90246.38
1829,2026-07-01 12:22:17.710,EquipeML,EquipeML_r1_vg1_ep1,COMPLETED,"Action logic completed successfully",90246.39
1830,2026-07-01 12:22:17.713,EquipeML,EquipeML_r1_vg1_ep1,COMPLETED,"Effects applied on exit",90248.96
1831,2026-07-01 12:22:17.835,MoveCassetteToStackHL,MoveCassetteToStackHL_tp1_lp1_pr1_sp1_r1_m1_lay1,STARTED,"HL subtree tick: FF_Default_DynamicFlow_MoveCassetteToStackHL_tp1_lp1_pr1_sp1_r1_m1_lay1; DeltaTime: 0.100",90371.02
1832,2026-07-01 12:22:17.836,TravelML,TravelML_r1_ep1_pr1,STARTED,"ML action execution; DeltaTime: 0.100",90372.53
1833,2026-07-01 12:22:17.836,TravelML,TravelML_r1_ep1_pr1,STARTED,"DeltaTime: 0.100",90372.54
1834,2026-07-01 12:22:17.836,TravelML,TravelML_r1_ep1_pr1,COMPLETED,"Action logic completed successfully",90372.55
1835,2026-07-01 12:22:17.840,TravelML,TravelML_r1_ep1_pr1,COMPLETED,"Effects applied on exit",90376.02
1836,2026-07-01 12:22:17.964,MoveCassetteToStackHL,MoveCassetteToStackHL_tp1_lp1_pr1_sp1_r1_m1_lay1,STARTED,"HL subtree tick: FF_Default_DynamicFlow_MoveCassetteToStackHL_tp1_lp1_pr1_sp1_r1_m1_lay1; DeltaTime: 0.100",90500.67
1837,2026-07-01 12:22:17.967,InitializeML,InitializeML_r1_vg1,STARTED,"ML action execution; DeltaTime: 0.100",90503.32
1838,2026-07-01 12:22:17.967,InitializeML,InitializeML_r1_vg1,STARTED,"DeltaTime: 0.100",90503.33
1839,2026-07-01 12:22:17.967,InitializeML,InitializeML_r1_vg1,COMPLETED,"Action logic completed successfully",90503.34
1840,2026-07-01 12:22:17.969,InitializeML,InitializeML_r1_vg1,COMPLETED,"Effects applied on exit",90505.68
1841,2026-07-01 12:22:18.090,MoveCassetteToStackHL,MoveCassetteToStackHL_tp1_lp1_pr1_sp1_r1_m1_lay1,STARTED,"HL subtree tick: FF_Default_DynamicFlow_MoveCassetteToStackHL_tp1_lp1_pr1_sp1_r1_m1_lay1; DeltaTime: 0.100",90626.13
1842,2026-07-01 12:22:18.092,PickUpCassetteML,PickUpCassetteML_lp1_m1_lay1_pr1_r1_vg1,STARTED,"ML action execution; DeltaTime: 0.100",90628.38
1843,2026-07-01 12:22:18.092,PickUpCassetteML,PickUpCassetteML_lp1_m1_lay1_pr1_r1_vg1,STARTED,"DeltaTime: 0.100",90628.40
1844,2026-07-01 12:22:18.092,PickUpCassetteML,PickUpCassetteML_lp1_m1_lay1_pr1_r1_vg1,COMPLETED,"Action logic completed successfully",90628.41
1845,2026-07-01 12:22:18.095,PickUpCassetteML,PickUpCassetteML_lp1_m1_lay1_pr1_r1_vg1,COMPLETED,"Effects applied on exit",90631.05
1846,2026-07-01 12:22:18.215,MoveCassetteToStackHL,MoveCassetteToStackHL_tp1_lp1_pr1_sp1_r1_m1_lay1,STARTED,"HL subtree tick: FF_Default_DynamicFlow_MoveCassetteToStackHL_tp1_lp1_pr1_sp1_r1_m1_lay1; DeltaTime: 0.100",90751.20
1847,2026-07-01 12:22:18.216,TravelML,TravelML_r1_pr1_sp1,STARTED,"ML action execution; DeltaTime: 0.100",90752.80
1848,2026-07-01 12:22:18.216,TravelML,TravelML_r1_pr1_sp1,STARTED,"DeltaTime: 0.100",90752.81
1849,2026-07-01 12:22:18.216,TravelML,TravelML_r1_pr1_sp1,COMPLETED,"Action logic completed successfully",90752.82
1850,2026-07-01 12:22:18.219,TravelML,TravelML_r1_pr1_sp1,COMPLETED,"Effects applied on exit",90755.83
1851,2026-07-01 12:22:18.344,MoveCassetteToStackHL,MoveCassetteToStackHL_tp1_lp1_pr1_sp1_r1_m1_lay1,STARTED,"HL subtree tick: FF_Default_DynamicFlow_MoveCassetteToStackHL_tp1_lp1_pr1_sp1_r1_m1_lay1; DeltaTime: 0.100",90879.97
1852,2026-07-01 12:22:18.346,PlaceCassetteML,PlaceCassetteML_lp1_m1_sp1_r1_vg1,STARTED,"ML action execution; DeltaTime: 0.100",90882.11
1853,2026-07-01 12:22:18.346,PlaceCassetteML,PlaceCassetteML_lp1_m1_sp1_r1_vg1,STARTED,"DeltaTime: 0.100",90882.13
1854,2026-07-01 12:22:18.346,PlaceCassetteML,PlaceCassetteML_lp1_m1_sp1_r1_vg1,COMPLETED,"Action logic completed successfully",90882.14
1855,2026-07-01 12:22:18.350,PlaceCassetteML,PlaceCassetteML_lp1_m1_sp1_r1_vg1,COMPLETED,"Effects applied on exit",90886.44
1856,2026-07-01 12:22:18.467,MoveCassetteToStackHL,MoveCassetteToStackHL_tp1_lp1_pr1_sp1_r1_m1_lay1,STARTED,"HL subtree tick: FF_Default_DynamicFlow_MoveCassetteToStackHL_tp1_lp1_pr1_sp1_r1_m1_lay1; DeltaTime: 0.100",91003.65
1857,2026-07-01 12:22:18.468,MoveCassetteToStackHL,MoveCassetteToStackHL_tp1_lp1_pr1_sp1_r1_m1_lay1,COMPLETED,"Subtree execution completed successfully",91004.64
1858,2026-07-01 12:22:18.468,MoveCassetteToStackHL,MoveCassetteToStackHL_tp1_lp1_pr1_sp1_r1_m1_lay1,STARTED,"DeltaTime: 0.100",91004.65
1859,2026-07-01 12:22:18.468,MoveCassetteToStackHL,MoveCassetteToStackHL_tp1_lp1_pr1_sp1_r1_m1_lay1,COMPLETED,"Action logic completed successfully",91004.66
1860,2026-07-01 12:22:18.471,MoveCassetteToStackHL,MoveCassetteToStackHL_tp1_lp1_pr1_sp1_r1_m1_lay1,COMPLETED,"Effects applied on exit",91007.56
1861,2026-07-01 12:22:18.626,MoveCassetteToStackHL,MoveCassetteToStackHL_tp2_lp2_pr2_sp2_r1_m2_lay2,STARTED,"HL subtree tick: FF_Default_DynamicFlow_MoveCassetteToStackHL_tp2_lp2_pr2_sp2_r1_m2_lay2; DeltaTime: 0.100",91162.81
1862,2026-07-01 12:22:18.985,TravelML,TravelML_r1_sp1_pr2,STARTED,"ML action execution; DeltaTime: 0.100",91521.22
1863,2026-07-01 12:22:18.985,TravelML,TravelML_r1_sp1_pr2,STARTED,"DeltaTime: 0.100",91521.25
1864,2026-07-01 12:22:18.985,TravelML,TravelML_r1_sp1_pr2,COMPLETED,"Action logic completed successfully",91521.26
1865,2026-07-01 12:22:18.988,TravelML,TravelML_r1_sp1_pr2,COMPLETED,"Effects applied on exit",91524.72
1866,2026-07-01 12:22:19.112,MoveCassetteToStackHL,MoveCassetteToStackHL_tp2_lp2_pr2_sp2_r1_m2_lay2,STARTED,"HL subtree tick: FF_Default_DynamicFlow_MoveCassetteToStackHL_tp2_lp2_pr2_sp2_r1_m2_lay2; DeltaTime: 0.100",91648.36
1867,2026-07-01 12:22:19.114,PickUpCassetteML,PickUpCassetteML_lp2_m2_lay2_pr2_r1_vg1,STARTED,"ML action execution; DeltaTime: 0.100",91650.09
1868,2026-07-01 12:22:19.114,PickUpCassetteML,PickUpCassetteML_lp2_m2_lay2_pr2_r1_vg1,STARTED,"DeltaTime: 0.100",91650.11
1869,2026-07-01 12:22:19.114,PickUpCassetteML,PickUpCassetteML_lp2_m2_lay2_pr2_r1_vg1,COMPLETED,"Action logic completed successfully",91650.12
1870,2026-07-01 12:22:19.116,PickUpCassetteML,PickUpCassetteML_lp2_m2_lay2_pr2_r1_vg1,COMPLETED,"Effects applied on exit",91652.68
1871,2026-07-01 12:22:19.239,MoveCassetteToStackHL,MoveCassetteToStackHL_tp2_lp2_pr2_sp2_r1_m2_lay2,STARTED,"HL subtree tick: FF_Default_DynamicFlow_MoveCassetteToStackHL_tp2_lp2_pr2_sp2_r1_m2_lay2; DeltaTime: 0.100",91775.14
1872,2026-07-01 12:22:19.240,TravelML,TravelML_r1_pr2_sp2,STARTED,"ML action execution; DeltaTime: 0.100",91776.88
1873,2026-07-01 12:22:19.240,TravelML,TravelML_r1_pr2_sp2,STARTED,"DeltaTime: 0.100",91776.89
1874,2026-07-01 12:22:19.240,TravelML,TravelML_r1_pr2_sp2,COMPLETED,"Action logic completed successfully",91776.90
1875,2026-07-01 12:22:19.243,TravelML,TravelML_r1_pr2_sp2,COMPLETED,"Effects applied on exit",91779.69
1876,2026-07-01 12:22:19.368,MoveCassetteToStackHL,MoveCassetteToStackHL_tp2_lp2_pr2_sp2_r1_m2_lay2,STARTED,"HL subtree tick: FF_Default_DynamicFlow_MoveCassetteToStackHL_tp2_lp2_pr2_sp2_r1_m2_lay2; DeltaTime: 0.100",91903.96
1877,2026-07-01 12:22:19.369,PlaceCassetteML,PlaceCassetteML_lp2_m2_sp2_r1_vg1,STARTED,"ML action execution; DeltaTime: 0.100",91905.80
1878,2026-07-01 12:22:19.369,PlaceCassetteML,PlaceCassetteML_lp2_m2_sp2_r1_vg1,STARTED,"DeltaTime: 0.100",91905.81
1879,2026-07-01 12:22:19.369,PlaceCassetteML,PlaceCassetteML_lp2_m2_sp2_r1_vg1,COMPLETED,"Action logic completed successfully",91905.82
1880,2026-07-01 12:22:19.377,PlaceCassetteML,PlaceCassetteML_lp2_m2_sp2_r1_vg1,COMPLETED,"Effects applied on exit",91913.45
1881,2026-07-01 12:22:19.506,MoveCassetteToStackHL,MoveCassetteToStackHL_tp2_lp2_pr2_sp2_r1_m2_lay2,STARTED,"HL subtree tick: FF_Default_DynamicFlow_MoveCassetteToStackHL_tp2_lp2_pr2_sp2_r1_m2_lay2; DeltaTime: 0.100",92042.86
1882,2026-07-01 12:22:19.507,MoveCassetteToStackHL,MoveCassetteToStackHL_tp2_lp2_pr2_sp2_r1_m2_lay2,COMPLETED,"Subtree execution completed successfully",92043.43
1883,2026-07-01 12:22:19.507,MoveCassetteToStackHL,MoveCassetteToStackHL_tp2_lp2_pr2_sp2_r1_m2_lay2,STARTED,"DeltaTime: 0.100",92043.44
1884,2026-07-01 12:22:19.507,MoveCassetteToStackHL,MoveCassetteToStackHL_tp2_lp2_pr2_sp2_r1_m2_lay2,COMPLETED,"Action logic completed successfully",92043.44
1885,2026-07-01 12:22:19.509,MoveCassetteToStackHL,MoveCassetteToStackHL_tp2_lp2_pr2_sp2_r1_m2_lay2,COMPLETED,"Effects applied on exit",92045.74
1886,2026-07-01 12:22:19.667,MoveCassetteToStackHL,MoveCassetteToStackHL_tp3_lp3_pr3_sp3_r1_m3_lay3,STARTED,"HL subtree tick: FF_Default_DynamicFlow_MoveCassetteToStackHL_tp3_lp3_pr3_sp3_r1_m3_lay3; DeltaTime: 0.100",92203.80
1887,2026-07-01 12:22:20.005,TravelML,TravelML_r1_sp2_pr3,STARTED,"ML action execution; DeltaTime: 0.100",92541.14
1888,2026-07-01 12:22:20.005,TravelML,TravelML_r1_sp2_pr3,STARTED,"DeltaTime: 0.100",92541.15
1889,2026-07-01 12:22:20.005,TravelML,TravelML_r1_sp2_pr3,COMPLETED,"Action logic completed successfully",92541.16
1890,2026-07-01 12:22:20.008,TravelML,TravelML_r1_sp2_pr3,COMPLETED,"Effects applied on exit",92544.42
1891,2026-07-01 12:22:20.137,MoveCassetteToStackHL,MoveCassetteToStackHL_tp3_lp3_pr3_sp3_r1_m3_lay3,STARTED,"HL subtree tick: FF_Default_DynamicFlow_MoveCassetteToStackHL_tp3_lp3_pr3_sp3_r1_m3_lay3; DeltaTime: 0.100",92673.65
1892,2026-07-01 12:22:20.139,PickUpCassetteML,PickUpCassetteML_lp3_m3_lay3_pr3_r1_vg1,STARTED,"ML action execution; DeltaTime: 0.100",92675.72
1893,2026-07-01 12:22:20.139,PickUpCassetteML,PickUpCassetteML_lp3_m3_lay3_pr3_r1_vg1,STARTED,"DeltaTime: 0.100",92675.74
1894,2026-07-01 12:22:20.139,PickUpCassetteML,PickUpCassetteML_lp3_m3_lay3_pr3_r1_vg1,COMPLETED,"Action logic completed successfully",92675.74
1895,2026-07-01 12:22:20.142,PickUpCassetteML,PickUpCassetteML_lp3_m3_lay3_pr3_r1_vg1,COMPLETED,"Effects applied on exit",92678.39
1896,2026-07-01 12:22:20.263,MoveCassetteToStackHL,MoveCassetteToStackHL_tp3_lp3_pr3_sp3_r1_m3_lay3,STARTED,"HL subtree tick: FF_Default_DynamicFlow_MoveCassetteToStackHL_tp3_lp3_pr3_sp3_r1_m3_lay3; DeltaTime: 0.100",92799.34
1897,2026-07-01 12:22:20.264,TravelML,TravelML_r1_pr3_sp3,STARTED,"ML action execution; DeltaTime: 0.100",92800.74
1898,2026-07-01 12:22:20.264,TravelML,TravelML_r1_pr3_sp3,STARTED,"DeltaTime: 0.100",92800.75
1899,2026-07-01 12:22:20.264,TravelML,TravelML_r1_pr3_sp3,COMPLETED,"Action logic completed successfully",92800.76
1900,2026-07-01 12:22:20.267,TravelML,TravelML_r1_pr3_sp3,COMPLETED,"Effects applied on exit",92803.43
1901,2026-07-01 12:22:20.395,MoveCassetteToStackHL,MoveCassetteToStackHL_tp3_lp3_pr3_sp3_r1_m3_lay3,STARTED,"HL subtree tick: FF_Default_DynamicFlow_MoveCassetteToStackHL_tp3_lp3_pr3_sp3_r1_m3_lay3; DeltaTime: 0.100",92931.00
1902,2026-07-01 12:22:20.400,PlaceCassetteML,PlaceCassetteML_lp3_m3_sp3_r1_vg1,STARTED,"ML action execution; DeltaTime: 0.100",92936.55
1903,2026-07-01 12:22:20.400,PlaceCassetteML,PlaceCassetteML_lp3_m3_sp3_r1_vg1,STARTED,"DeltaTime: 0.100",92936.58
1904,2026-07-01 12:22:20.400,PlaceCassetteML,PlaceCassetteML_lp3_m3_sp3_r1_vg1,COMPLETED,"Action logic completed successfully",92936.59
1905,2026-07-01 12:22:20.407,PlaceCassetteML,PlaceCassetteML_lp3_m3_sp3_r1_vg1,COMPLETED,"Effects applied on exit",92943.46
1906,2026-07-01 12:22:20.529,MoveCassetteToStackHL,MoveCassetteToStackHL_tp3_lp3_pr3_sp3_r1_m3_lay3,STARTED,"HL subtree tick: FF_Default_DynamicFlow_MoveCassetteToStackHL_tp3_lp3_pr3_sp3_r1_m3_lay3; DeltaTime: 0.100",93065.28
1907,2026-07-01 12:22:20.529,MoveCassetteToStackHL,MoveCassetteToStackHL_tp3_lp3_pr3_sp3_r1_m3_lay3,COMPLETED,"Subtree execution completed successfully",93065.81
1908,2026-07-01 12:22:20.529,MoveCassetteToStackHL,MoveCassetteToStackHL_tp3_lp3_pr3_sp3_r1_m3_lay3,STARTED,"DeltaTime: 0.100",93065.82
1909,2026-07-01 12:22:20.529,MoveCassetteToStackHL,MoveCassetteToStackHL_tp3_lp3_pr3_sp3_r1_m3_lay3,COMPLETED,"Action logic completed successfully",93065.83
1910,2026-07-01 12:22:20.532,MoveCassetteToStackHL,MoveCassetteToStackHL_tp3_lp3_pr3_sp3_r1_m3_lay3,COMPLETED,"Effects applied on exit",93068.34
1911,2026-07-01 12:22:20.678,MoveCassetteToStackHL,MoveCassetteToStackHL_tp4_lp4_pr4_sp4_r1_m4_lay4,STARTED,"HL subtree tick: FF_Default_DynamicFlow_MoveCassetteToStackHL_tp4_lp4_pr4_sp4_r1_m4_lay4; DeltaTime: 0.100",93214.51
1912,2026-07-01 12:22:21.066,TravelML,TravelML_r1_sp3_pr4,STARTED,"ML action execution; DeltaTime: 0.100",93602.37
1913,2026-07-01 12:22:21.066,TravelML,TravelML_r1_sp3_pr4,STARTED,"DeltaTime: 0.100",93602.42
1914,2026-07-01 12:22:21.066,TravelML,TravelML_r1_sp3_pr4,COMPLETED,"Action logic completed successfully",93602.43
1915,2026-07-01 12:22:21.071,TravelML,TravelML_r1_sp3_pr4,COMPLETED,"Effects applied on exit",93607.88
1916,2026-07-01 12:22:21.205,MoveCassetteToStackHL,MoveCassetteToStackHL_tp4_lp4_pr4_sp4_r1_m4_lay4,STARTED,"HL subtree tick: FF_Default_DynamicFlow_MoveCassetteToStackHL_tp4_lp4_pr4_sp4_r1_m4_lay4; DeltaTime: 0.100",93741.26
1917,2026-07-01 12:22:21.206,PickUpCassetteML,PickUpCassetteML_lp4_m4_lay4_pr4_r1_vg1,STARTED,"ML action execution; DeltaTime: 0.100",93742.76
1918,2026-07-01 12:22:21.206,PickUpCassetteML,PickUpCassetteML_lp4_m4_lay4_pr4_r1_vg1,STARTED,"DeltaTime: 0.100",93742.77
1919,2026-07-01 12:22:21.206,PickUpCassetteML,PickUpCassetteML_lp4_m4_lay4_pr4_r1_vg1,COMPLETED,"Action logic completed successfully",93742.78
1920,2026-07-01 12:22:21.209,PickUpCassetteML,PickUpCassetteML_lp4_m4_lay4_pr4_r1_vg1,COMPLETED,"Effects applied on exit",93745.56
1921,2026-07-01 12:22:21.330,MoveCassetteToStackHL,MoveCassetteToStackHL_tp4_lp4_pr4_sp4_r1_m4_lay4,STARTED,"HL subtree tick: FF_Default_DynamicFlow_MoveCassetteToStackHL_tp4_lp4_pr4_sp4_r1_m4_lay4; DeltaTime: 0.100",93866.75
1922,2026-07-01 12:22:21.332,TravelML,TravelML_r1_pr4_sp4,STARTED,"ML action execution; DeltaTime: 0.100",93867.94
1923,2026-07-01 12:22:21.332,TravelML,TravelML_r1_pr4_sp4,STARTED,"DeltaTime: 0.100",93867.95
1924,2026-07-01 12:22:21.332,TravelML,TravelML_r1_pr4_sp4,COMPLETED,"Action logic completed successfully",93867.96
1925,2026-07-01 12:22:21.334,TravelML,TravelML_r1_pr4_sp4,COMPLETED,"Effects applied on exit",93870.47
1926,2026-07-01 12:22:21.457,MoveCassetteToStackHL,MoveCassetteToStackHL_tp4_lp4_pr4_sp4_r1_m4_lay4,STARTED,"HL subtree tick: FF_Default_DynamicFlow_MoveCassetteToStackHL_tp4_lp4_pr4_sp4_r1_m4_lay4; DeltaTime: 0.100",93993.77
1927,2026-07-01 12:22:21.459,PlaceCassetteML,PlaceCassetteML_lp4_m4_sp4_r1_vg1,STARTED,"ML action execution; DeltaTime: 0.100",93994.96
1928,2026-07-01 12:22:21.459,PlaceCassetteML,PlaceCassetteML_lp4_m4_sp4_r1_vg1,STARTED,"DeltaTime: 0.100",93994.97
1929,2026-07-01 12:22:21.459,PlaceCassetteML,PlaceCassetteML_lp4_m4_sp4_r1_vg1,COMPLETED,"Action logic completed successfully",93994.98
1930,2026-07-01 12:22:21.462,PlaceCassetteML,PlaceCassetteML_lp4_m4_sp4_r1_vg1,COMPLETED,"Effects applied on exit",93998.30
1931,2026-07-01 12:22:21.572,MoveCassetteToStackHL,MoveCassetteToStackHL_tp4_lp4_pr4_sp4_r1_m4_lay4,STARTED,"HL subtree tick: FF_Default_DynamicFlow_MoveCassetteToStackHL_tp4_lp4_pr4_sp4_r1_m4_lay4; DeltaTime: 0.100",94108.14
1932,2026-07-01 12:22:21.572,MoveCassetteToStackHL,MoveCassetteToStackHL_tp4_lp4_pr4_sp4_r1_m4_lay4,COMPLETED,"Subtree execution completed successfully",94108.80
1933,2026-07-01 12:22:21.572,MoveCassetteToStackHL,MoveCassetteToStackHL_tp4_lp4_pr4_sp4_r1_m4_lay4,STARTED,"DeltaTime: 0.100",94108.81
1934,2026-07-01 12:22:21.572,MoveCassetteToStackHL,MoveCassetteToStackHL_tp4_lp4_pr4_sp4_r1_m4_lay4,COMPLETED,"Action logic completed successfully",94108.82
1935,2026-07-01 12:22:21.575,MoveCassetteToStackHL,MoveCassetteToStackHL_tp4_lp4_pr4_sp4_r1_m4_lay4,COMPLETED,"Effects applied on exit",94111.02
1936,2026-07-01 12:22:27.368,PickUpHL,PickUpHL_lp5_fp33_r1,STARTED,"HL subtree tick: FF_Default_DynamicFlow_PickUpHL_lp5_fp33_r1; DeltaTime: 0.100",99904.57
1937,2026-07-01 12:22:27.704,TravelML,TravelML_r1_sp4_fp33,STARTED,"ML action execution; DeltaTime: 0.100",100240.85
1938,2026-07-01 12:22:27.704,TravelML,TravelML_r1_sp4_fp33,STARTED,"DeltaTime: 0.100",100240.87
1939,2026-07-01 12:22:27.704,TravelML,TravelML_r1_sp4_fp33,COMPLETED,"Action logic completed successfully",100240.88
1940,2026-07-01 12:22:27.707,TravelML,TravelML_r1_sp4_fp33,COMPLETED,"Effects applied on exit",100243.62
1941,2026-07-01 12:22:27.834,PickUpHL,PickUpHL_lp5_fp33_r1,STARTED,"HL subtree tick: FF_Default_DynamicFlow_PickUpHL_lp5_fp33_r1; DeltaTime: 0.100",100370.71
1942,2026-07-01 12:22:27.835,PickUpML,PickUpML_lp5_fp33_r1_vg1,STARTED,"ML action execution; DeltaTime: 0.100",100371.72
1943,2026-07-01 12:22:27.835,PickUpML,PickUpML_lp5_fp33_r1_vg1,STARTED,"DeltaTime: 0.100",100371.73
1944,2026-07-01 12:22:27.835,PickUpML,PickUpML_lp5_fp33_r1_vg1,COMPLETED,"Action logic completed successfully",100371.74
1945,2026-07-01 12:22:27.839,PickUpML,PickUpML_lp5_fp33_r1_vg1,COMPLETED,"Effects applied on exit",100375.57
1946,2026-07-01 12:22:27.959,PickUpHL,PickUpHL_lp5_fp33_r1,STARTED,"HL subtree tick: FF_Default_DynamicFlow_PickUpHL_lp5_fp33_r1; DeltaTime: 0.100",100495.13
1947,2026-07-01 12:22:27.959,PickUpHL,PickUpHL_lp5_fp33_r1,COMPLETED,"Subtree execution completed successfully",100495.52
1948,2026-07-01 12:22:27.959,PickUpHL,PickUpHL_lp5_fp33_r1,STARTED,"DeltaTime: 0.100",100495.52
1949,2026-07-01 12:22:27.959,PickUpHL,PickUpHL_lp5_fp33_r1,COMPLETED,"Action logic completed successfully",100495.53
1950,2026-07-01 12:22:27.961,PickUpHL,PickUpHL_lp5_fp33_r1,COMPLETED,"Effects applied on exit",100497.84
1951,2026-07-01 12:22:28.097,PlaceHL,PlaceHL_lp5_pr1_r1,STARTED,"HL subtree tick: FF_Default_DynamicFlow_PlaceHL_lp5_pr1_r1; DeltaTime: 0.100",100633.18
1952,2026-07-01 12:22:28.422,TravelML,TravelML_r1_fp33_pr1,STARTED,"ML action execution; DeltaTime: 0.100",100958.73
1953,2026-07-01 12:22:28.422,TravelML,TravelML_r1_fp33_pr1,STARTED,"DeltaTime: 0.100",100958.74
1954,2026-07-01 12:22:28.422,TravelML,TravelML_r1_fp33_pr1,COMPLETED,"Action logic completed successfully",100958.75
1955,2026-07-01 12:22:28.425,TravelML,TravelML_r1_fp33_pr1,COMPLETED,"Effects applied on exit",100961.57
1956,2026-07-01 12:22:28.550,PlaceHL,PlaceHL_lp5_pr1_r1,STARTED,"HL subtree tick: FF_Default_DynamicFlow_PlaceHL_lp5_pr1_r1; DeltaTime: 0.100",101086.53
1957,2026-07-01 12:22:28.551,PlaceML,PlaceML_lp5_pr1_r1_vg1,STARTED,"ML action execution; DeltaTime: 0.100",101087.74
1958,2026-07-01 12:22:28.551,PlaceML,PlaceML_lp5_pr1_r1_vg1,STARTED,"DeltaTime: 0.100",101087.75
1959,2026-07-01 12:22:28.551,PlaceML,PlaceML_lp5_pr1_r1_vg1,COMPLETED,"Action logic completed successfully",101087.76
1960,2026-07-01 12:22:28.554,PlaceML,PlaceML_lp5_pr1_r1_vg1,COMPLETED,"Effects applied on exit",101090.60
1961,2026-07-01 12:22:28.676,PlaceHL,PlaceHL_lp5_pr1_r1,STARTED,"HL subtree tick: FF_Default_DynamicFlow_PlaceHL_lp5_pr1_r1; DeltaTime: 0.100",101212.32
1962,2026-07-01 12:22:28.676,PlaceHL,PlaceHL_lp5_pr1_r1,COMPLETED,"Subtree execution completed successfully",101212.77
1963,2026-07-01 12:22:28.676,PlaceHL,PlaceHL_lp5_pr1_r1,STARTED,"DeltaTime: 0.100",101212.78
1964,2026-07-01 12:22:28.676,PlaceHL,PlaceHL_lp5_pr1_r1,COMPLETED,"Action logic completed successfully",101212.79
1965,2026-07-01 12:22:28.679,PlaceHL,PlaceHL_lp5_pr1_r1,COMPLETED,"Effects applied on exit",101215.29
1966,2026-07-01 12:22:28.820,PickUpHL,PickUpHL_lp6_fp41_r1,STARTED,"HL subtree tick: FF_Default_DynamicFlow_PickUpHL_lp6_fp41_r1; DeltaTime: 0.100",101356.61
1967,2026-07-01 12:22:29.147,TravelML,TravelML_r1_pr1_fp41,STARTED,"ML action execution; DeltaTime: 0.100",101683.84
1968,2026-07-01 12:22:29.147,TravelML,TravelML_r1_pr1_fp41,STARTED,"DeltaTime: 0.100",101683.85
1969,2026-07-01 12:22:29.147,TravelML,TravelML_r1_pr1_fp41,COMPLETED,"Action logic completed successfully",101683.86
1970,2026-07-01 12:22:29.150,TravelML,TravelML_r1_pr1_fp41,COMPLETED,"Effects applied on exit",101686.58
1971,2026-07-01 12:22:29.274,PickUpHL,PickUpHL_lp6_fp41_r1,STARTED,"HL subtree tick: FF_Default_DynamicFlow_PickUpHL_lp6_fp41_r1; DeltaTime: 0.100",101810.51
1972,2026-07-01 12:22:29.275,PickUpML,PickUpML_lp6_fp41_r1_vg1,STARTED,"ML action execution; DeltaTime: 0.100",101811.70
1973,2026-07-01 12:22:29.275,PickUpML,PickUpML_lp6_fp41_r1_vg1,STARTED,"DeltaTime: 0.100",101811.71
1974,2026-07-01 12:22:29.275,PickUpML,PickUpML_lp6_fp41_r1_vg1,COMPLETED,"Action logic completed successfully",101811.72
1975,2026-07-01 12:22:29.278,PickUpML,PickUpML_lp6_fp41_r1_vg1,COMPLETED,"Effects applied on exit",101814.89
1976,2026-07-01 12:22:29.405,PickUpHL,PickUpHL_lp6_fp41_r1,STARTED,"HL subtree tick: FF_Default_DynamicFlow_PickUpHL_lp6_fp41_r1; DeltaTime: 0.100",101941.40
1977,2026-07-01 12:22:29.406,PickUpHL,PickUpHL_lp6_fp41_r1,COMPLETED,"Subtree execution completed successfully",101941.97
1978,2026-07-01 12:22:29.406,PickUpHL,PickUpHL_lp6_fp41_r1,STARTED,"DeltaTime: 0.100",101941.98
1979,2026-07-01 12:22:29.406,PickUpHL,PickUpHL_lp6_fp41_r1,COMPLETED,"Action logic completed successfully",101941.98
1980,2026-07-01 12:22:29.408,PickUpHL,PickUpHL_lp6_fp41_r1,COMPLETED,"Effects applied on exit",101944.63
1981,2026-07-01 12:22:29.536,PlaceHL,PlaceHL_lp6_pr2_r1,STARTED,"HL subtree tick: FF_Default_DynamicFlow_PlaceHL_lp6_pr2_r1; DeltaTime: 0.100",102072.07
1982,2026-07-01 12:22:29.874,TravelML,TravelML_r1_fp41_pr2,STARTED,"ML action execution; DeltaTime: 0.100",102410.56
1983,2026-07-01 12:22:29.874,TravelML,TravelML_r1_fp41_pr2,STARTED,"DeltaTime: 0.100",102410.58
1984,2026-07-01 12:22:29.874,TravelML,TravelML_r1_fp41_pr2,COMPLETED,"Action logic completed successfully",102410.59
1985,2026-07-01 12:22:29.877,TravelML,TravelML_r1_fp41_pr2,COMPLETED,"Effects applied on exit",102413.40
1986,2026-07-01 12:22:30.003,PlaceHL,PlaceHL_lp6_pr2_r1,STARTED,"HL subtree tick: FF_Default_DynamicFlow_PlaceHL_lp6_pr2_r1; DeltaTime: 0.100",102539.84
1987,2026-07-01 12:22:30.006,PlaceML,PlaceML_lp6_pr2_r1_vg1,STARTED,"ML action execution; DeltaTime: 0.100",102542.54
1988,2026-07-01 12:22:30.006,PlaceML,PlaceML_lp6_pr2_r1_vg1,STARTED,"DeltaTime: 0.100",102542.56
1989,2026-07-01 12:22:30.006,PlaceML,PlaceML_lp6_pr2_r1_vg1,COMPLETED,"Action logic completed successfully",102542.57
1990,2026-07-01 12:22:30.011,PlaceML,PlaceML_lp6_pr2_r1_vg1,COMPLETED,"Effects applied on exit",102546.92
1991,2026-07-01 12:22:30.139,PlaceHL,PlaceHL_lp6_pr2_r1,STARTED,"HL subtree tick: FF_Default_DynamicFlow_PlaceHL_lp6_pr2_r1; DeltaTime: 0.100",102675.79
1992,2026-07-01 12:22:30.140,PlaceHL,PlaceHL_lp6_pr2_r1,COMPLETED,"Subtree execution completed successfully",102676.17
1993,2026-07-01 12:22:30.140,PlaceHL,PlaceHL_lp6_pr2_r1,STARTED,"DeltaTime: 0.100",102676.18
1994,2026-07-01 12:22:30.140,PlaceHL,PlaceHL_lp6_pr2_r1,COMPLETED,"Action logic completed successfully",102676.18
1995,2026-07-01 12:22:30.142,PlaceHL,PlaceHL_lp6_pr2_r1,COMPLETED,"Effects applied on exit",102678.46
1996,2026-07-01 12:22:30.277,PickUpHL,PickUpHL_lp7_fp49_r1,STARTED,"HL subtree tick: FF_Default_DynamicFlow_PickUpHL_lp7_fp49_r1; DeltaTime: 0.100",102813.75
1997,2026-07-01 12:22:30.614,TravelML,TravelML_r1_pr2_fp49,STARTED,"ML action execution; DeltaTime: 0.100",103150.70
1998,2026-07-01 12:22:30.614,TravelML,TravelML_r1_pr2_fp49,STARTED,"DeltaTime: 0.100",103150.72
1999,2026-07-01 12:22:30.614,TravelML,TravelML_r1_pr2_fp49,COMPLETED,"Action logic completed successfully",103150.73
2000,2026-07-01 12:22:30.619,TravelML,TravelML_r1_pr2_fp49,COMPLETED,"Effects applied on exit",103155.08
2001,2026-07-01 12:22:30.758,PickUpHL,PickUpHL_lp7_fp49_r1,STARTED,"HL subtree tick: FF_Default_DynamicFlow_PickUpHL_lp7_fp49_r1; DeltaTime: 0.100",103293.97
2002,2026-07-01 12:22:30.759,PickUpML,PickUpML_lp7_fp49_r1_vg1,STARTED,"ML action execution; DeltaTime: 0.100",103295.27
2003,2026-07-01 12:22:30.759,PickUpML,PickUpML_lp7_fp49_r1_vg1,STARTED,"DeltaTime: 0.100",103295.28
2004,2026-07-01 12:22:30.759,PickUpML,PickUpML_lp7_fp49_r1_vg1,COMPLETED,"Action logic completed successfully",103295.28
2005,2026-07-01 12:22:30.763,PickUpML,PickUpML_lp7_fp49_r1_vg1,COMPLETED,"Effects applied on exit",103299.52
2006,2026-07-01 12:22:30.895,PickUpHL,PickUpHL_lp7_fp49_r1,STARTED,"HL subtree tick: FF_Default_DynamicFlow_PickUpHL_lp7_fp49_r1; DeltaTime: 0.100",103431.30
2007,2026-07-01 12:22:30.895,PickUpHL,PickUpHL_lp7_fp49_r1,COMPLETED,"Subtree execution completed successfully",103431.90
2008,2026-07-01 12:22:30.896,PickUpHL,PickUpHL_lp7_fp49_r1,STARTED,"DeltaTime: 0.100",103431.91
2009,2026-07-01 12:22:30.896,PickUpHL,PickUpHL_lp7_fp49_r1,COMPLETED,"Action logic completed successfully",103431.92
2010,2026-07-01 12:22:30.898,PickUpHL,PickUpHL_lp7_fp49_r1,COMPLETED,"Effects applied on exit",103434.59
2011,2026-07-01 12:22:31.032,PlaceHL,PlaceHL_lp7_pr3_r1,STARTED,"HL subtree tick: FF_Default_DynamicFlow_PlaceHL_lp7_pr3_r1; DeltaTime: 0.100",103568.12
2012,2026-07-01 12:22:31.373,TravelML,TravelML_r1_fp49_pr3,STARTED,"ML action execution; DeltaTime: 0.100",103909.45
2013,2026-07-01 12:22:31.373,TravelML,TravelML_r1_fp49_pr3,STARTED,"DeltaTime: 0.100",103909.46
2014,2026-07-01 12:22:31.373,TravelML,TravelML_r1_fp49_pr3,COMPLETED,"Action logic completed successfully",103909.47
2015,2026-07-01 12:22:31.377,TravelML,TravelML_r1_fp49_pr3,COMPLETED,"Effects applied on exit",103913.38
2016,2026-07-01 12:22:31.496,PlaceHL,PlaceHL_lp7_pr3_r1,STARTED,"HL subtree tick: FF_Default_DynamicFlow_PlaceHL_lp7_pr3_r1; DeltaTime: 0.100",104032.76
2017,2026-07-01 12:22:31.498,PlaceML,PlaceML_lp7_pr3_r1_vg1,STARTED,"ML action execution; DeltaTime: 0.100",104033.93
2018,2026-07-01 12:22:31.498,PlaceML,PlaceML_lp7_pr3_r1_vg1,STARTED,"DeltaTime: 0.100",104033.94
2019,2026-07-01 12:22:31.498,PlaceML,PlaceML_lp7_pr3_r1_vg1,COMPLETED,"Action logic completed successfully",104033.94
2020,2026-07-01 12:22:31.500,PlaceML,PlaceML_lp7_pr3_r1_vg1,COMPLETED,"Effects applied on exit",104036.83
2021,2026-07-01 12:22:31.623,PlaceHL,PlaceHL_lp7_pr3_r1,STARTED,"HL subtree tick: FF_Default_DynamicFlow_PlaceHL_lp7_pr3_r1; DeltaTime: 0.100",104158.92
2022,2026-07-01 12:22:31.623,PlaceHL,PlaceHL_lp7_pr3_r1,COMPLETED,"Subtree execution completed successfully",104159.47
2023,2026-07-01 12:22:31.623,PlaceHL,PlaceHL_lp7_pr3_r1,STARTED,"DeltaTime: 0.100",104159.49
2024,2026-07-01 12:22:31.623,PlaceHL,PlaceHL_lp7_pr3_r1,COMPLETED,"Action logic completed successfully",104159.50
2025,2026-07-01 12:22:31.626,PlaceHL,PlaceHL_lp7_pr3_r1,COMPLETED,"Effects applied on exit",104162.13
2026,2026-07-01 12:22:31.763,PickUpHL,PickUpHL_lp8_fp57_r1,STARTED,"HL subtree tick: FF_Default_DynamicFlow_PickUpHL_lp8_fp57_r1; DeltaTime: 0.100",104299.58
2027,2026-07-01 12:22:32.120,TravelML,TravelML_r1_pr3_fp57,STARTED,"ML action execution; DeltaTime: 0.100",104656.19
2028,2026-07-01 12:22:32.120,TravelML,TravelML_r1_pr3_fp57,STARTED,"DeltaTime: 0.100",104656.20
2029,2026-07-01 12:22:32.120,TravelML,TravelML_r1_pr3_fp57,COMPLETED,"Action logic completed successfully",104656.21
2030,2026-07-01 12:22:32.123,TravelML,TravelML_r1_pr3_fp57,COMPLETED,"Effects applied on exit",104659.29
2031,2026-07-01 12:22:32.266,PickUpHL,PickUpHL_lp8_fp57_r1,STARTED,"HL subtree tick: FF_Default_DynamicFlow_PickUpHL_lp8_fp57_r1; DeltaTime: 0.100",104802.11
2032,2026-07-01 12:22:32.267,PickUpML,PickUpML_lp8_fp57_r1_vg1,STARTED,"ML action execution; DeltaTime: 0.100",104803.57
2033,2026-07-01 12:22:32.267,PickUpML,PickUpML_lp8_fp57_r1_vg1,STARTED,"DeltaTime: 0.100",104803.58
2034,2026-07-01 12:22:32.267,PickUpML,PickUpML_lp8_fp57_r1_vg1,COMPLETED,"Action logic completed successfully",104803.59
2035,2026-07-01 12:22:32.272,PickUpML,PickUpML_lp8_fp57_r1_vg1,COMPLETED,"Effects applied on exit",104808.29
2036,2026-07-01 12:22:32.407,PickUpHL,PickUpHL_lp8_fp57_r1,STARTED,"HL subtree tick: FF_Default_DynamicFlow_PickUpHL_lp8_fp57_r1; DeltaTime: 0.100",104943.26
2037,2026-07-01 12:22:32.407,PickUpHL,PickUpHL_lp8_fp57_r1,COMPLETED,"Subtree execution completed successfully",104943.71
2038,2026-07-01 12:22:32.407,PickUpHL,PickUpHL_lp8_fp57_r1,STARTED,"DeltaTime: 0.100",104943.72
2039,2026-07-01 12:22:32.407,PickUpHL,PickUpHL_lp8_fp57_r1,COMPLETED,"Action logic completed successfully",104943.73
2040,2026-07-01 12:22:32.410,PickUpHL,PickUpHL_lp8_fp57_r1,COMPLETED,"Effects applied on exit",104946.49
2041,2026-07-01 12:22:32.547,PlaceHL,PlaceHL_lp8_pr4_r1,STARTED,"HL subtree tick: FF_Default_DynamicFlow_PlaceHL_lp8_pr4_r1; DeltaTime: 0.100",105083.60
2042,2026-07-01 12:22:32.918,TravelML,TravelML_r1_fp57_pr4,STARTED,"ML action execution; DeltaTime: 0.100",105454.18
2043,2026-07-01 12:22:32.918,TravelML,TravelML_r1_fp57_pr4,STARTED,"DeltaTime: 0.100",105454.19
2044,2026-07-01 12:22:32.918,TravelML,TravelML_r1_fp57_pr4,COMPLETED,"Action logic completed successfully",105454.20
2045,2026-07-01 12:22:32.921,TravelML,TravelML_r1_fp57_pr4,COMPLETED,"Effects applied on exit",105456.90
2046,2026-07-01 12:22:33.054,PlaceHL,PlaceHL_lp8_pr4_r1,STARTED,"HL subtree tick: FF_Default_DynamicFlow_PlaceHL_lp8_pr4_r1; DeltaTime: 0.100",105590.68
2047,2026-07-01 12:22:33.056,PlaceML,PlaceML_lp8_pr4_r1_vg1,STARTED,"ML action execution; DeltaTime: 0.100",105592.02
2048,2026-07-01 12:22:33.056,PlaceML,PlaceML_lp8_pr4_r1_vg1,STARTED,"DeltaTime: 0.100",105592.03
2049,2026-07-01 12:22:33.056,PlaceML,PlaceML_lp8_pr4_r1_vg1,COMPLETED,"Action logic completed successfully",105592.04
2050,2026-07-01 12:22:33.059,PlaceML,PlaceML_lp8_pr4_r1_vg1,COMPLETED,"Effects applied on exit",105595.46
2051,2026-07-01 12:22:33.179,PlaceHL,PlaceHL_lp8_pr4_r1,STARTED,"HL subtree tick: FF_Default_DynamicFlow_PlaceHL_lp8_pr4_r1; DeltaTime: 0.100",105715.83
2052,2026-07-01 12:22:33.180,PlaceHL,PlaceHL_lp8_pr4_r1,COMPLETED,"Subtree execution completed successfully",105716.41
2053,2026-07-01 12:22:33.180,PlaceHL,PlaceHL_lp8_pr4_r1,STARTED,"DeltaTime: 0.100",105716.42
2054,2026-07-01 12:22:33.180,PlaceHL,PlaceHL_lp8_pr4_r1,COMPLETED,"Action logic completed successfully",105716.43
2055,2026-07-01 12:22:33.183,PlaceHL,PlaceHL_lp8_pr4_r1,COMPLETED,"Effects applied on exit",105719.20
2056,2026-07-01 12:22:33.324,GluingPlateHL,GluingPlateHL_lp5_pr1_r1,STARTED,"HL subtree tick: FF_Default_DynamicFlow_GluingPlateHL_lp5_pr1_r1; DeltaTime: 0.100",105860.43
2057,2026-07-01 12:22:33.694,TravelML,TravelML_r1_pr4_ep1,STARTED,"ML action execution; DeltaTime: 0.100",106230.41
2058,2026-07-01 12:22:33.694,TravelML,TravelML_r1_pr4_ep1,STARTED,"DeltaTime: 0.100",106230.42
2059,2026-07-01 12:22:33.694,TravelML,TravelML_r1_pr4_ep1,COMPLETED,"Action logic completed successfully",106230.43
2060,2026-07-01 12:22:33.697,TravelML,TravelML_r1_pr4_ep1,COMPLETED,"Effects applied on exit",106233.10
2061,2026-07-01 12:22:33.821,GluingPlateHL,GluingPlateHL_lp5_pr1_r1,STARTED,"HL subtree tick: FF_Default_DynamicFlow_GluingPlateHL_lp5_pr1_r1; DeltaTime: 0.100",106357.77
2062,2026-07-01 12:22:33.823,CloseToolML,CloseToolML_r1_vg1,STARTED,"ML action execution; DeltaTime: 0.100",106359.23
2063,2026-07-01 12:22:33.823,CloseToolML,CloseToolML_r1_vg1,STARTED,"DeltaTime: 0.100",106359.24
2064,2026-07-01 12:22:33.823,CloseToolML,CloseToolML_r1_vg1,COMPLETED,"Action logic completed successfully",106359.24
2065,2026-07-01 12:22:33.825,CloseToolML,CloseToolML_r1_vg1,COMPLETED,"Effects applied on exit",106361.21
2066,2026-07-01 12:22:33.945,GluingPlateHL,GluingPlateHL_lp5_pr1_r1,STARTED,"HL subtree tick: FF_Default_DynamicFlow_GluingPlateHL_lp5_pr1_r1; DeltaTime: 0.100",106481.08
2067,2026-07-01 12:22:33.947,DeequipML,DeequipML_r1_vg1_ep1,STARTED,"ML action execution; DeltaTime: 0.100",106483.12
2068,2026-07-01 12:22:33.947,DeequipML,DeequipML_r1_vg1_ep1,STARTED,"DeltaTime: 0.100",106483.13
2069,2026-07-01 12:22:33.947,DeequipML,DeequipML_r1_vg1_ep1,COMPLETED,"Action logic completed successfully",106483.13
2070,2026-07-01 12:22:33.949,DeequipML,DeequipML_r1_vg1_ep1,COMPLETED,"Effects applied on exit",106485.54
2071,2026-07-01 12:22:34.070,GluingPlateHL,GluingPlateHL_lp5_pr1_r1,STARTED,"HL subtree tick: FF_Default_DynamicFlow_GluingPlateHL_lp5_pr1_r1; DeltaTime: 0.100",106606.21
2072,2026-07-01 12:22:34.072,TravelML,TravelML_r1_ep1_ep2,STARTED,"ML action execution; DeltaTime: 0.100",106608.54
2073,2026-07-01 12:22:34.072,TravelML,TravelML_r1_ep1_ep2,STARTED,"DeltaTime: 0.100",106608.56
2074,2026-07-01 12:22:34.072,TravelML,TravelML_r1_ep1_ep2,COMPLETED,"Action logic completed successfully",106608.56
2075,2026-07-01 12:22:34.075,TravelML,TravelML_r1_ep1_ep2,COMPLETED,"Effects applied on exit",106611.53
2076,2026-07-01 12:22:34.199,GluingPlateHL,GluingPlateHL_lp5_pr1_r1,STARTED,"HL subtree tick: FF_Default_DynamicFlow_GluingPlateHL_lp5_pr1_r1; DeltaTime: 0.100",106735.22
2077,2026-07-01 12:22:34.202,EquipeML,EquipeML_r1_gg1_ep2,STARTED,"ML action execution; DeltaTime: 0.100",106738.08
2078,2026-07-01 12:22:34.202,EquipeML,EquipeML_r1_gg1_ep2,STARTED,"DeltaTime: 0.100",106738.11
2079,2026-07-01 12:22:34.202,EquipeML,EquipeML_r1_gg1_ep2,COMPLETED,"Action logic completed successfully",106738.12
2080,2026-07-01 12:22:34.204,EquipeML,EquipeML_r1_gg1_ep2,COMPLETED,"Effects applied on exit",106740.83
2081,2026-07-01 12:22:34.325,GluingPlateHL,GluingPlateHL_lp5_pr1_r1,STARTED,"HL subtree tick: FF_Default_DynamicFlow_GluingPlateHL_lp5_pr1_r1; DeltaTime: 0.100",106861.02
2082,2026-07-01 12:22:34.326,TravelML,TravelML_r1_ep2_pr1,STARTED,"ML action execution; DeltaTime: 0.100",106862.33
2083,2026-07-01 12:22:34.326,TravelML,TravelML_r1_ep2_pr1,STARTED,"DeltaTime: 0.100",106862.34
2084,2026-07-01 12:22:34.326,TravelML,TravelML_r1_ep2_pr1,COMPLETED,"Action logic completed successfully",106862.35
2085,2026-07-01 12:22:34.329,TravelML,TravelML_r1_ep2_pr1,COMPLETED,"Effects applied on exit",106865.02
2086,2026-07-01 12:22:34.449,GluingPlateHL,GluingPlateHL_lp5_pr1_r1,STARTED,"HL subtree tick: FF_Default_DynamicFlow_GluingPlateHL_lp5_pr1_r1; DeltaTime: 0.100",106985.72
2087,2026-07-01 12:22:34.452,InitializeML,InitializeML_r1_gg1,STARTED,"ML action execution; DeltaTime: 0.100",106988.11
2088,2026-07-01 12:22:34.452,InitializeML,InitializeML_r1_gg1,STARTED,"DeltaTime: 0.100",106988.12
2089,2026-07-01 12:22:34.452,InitializeML,InitializeML_r1_gg1,COMPLETED,"Action logic completed successfully",106988.13
2090,2026-07-01 12:22:34.454,InitializeML,InitializeML_r1_gg1,COMPLETED,"Effects applied on exit",106990.09
2091,2026-07-01 12:22:34.575,GluingPlateHL,GluingPlateHL_lp5_pr1_r1,STARTED,"HL subtree tick: FF_Default_DynamicFlow_GluingPlateHL_lp5_pr1_r1; DeltaTime: 0.100",107111.87
2092,2026-07-01 12:22:34.580,GluingML,GluingML_lp5_pr1_r1_gg1,STARTED,"ML action execution; DeltaTime: 0.100",107116.42
2093,2026-07-01 12:22:34.580,GluingML,GluingML_lp5_pr1_r1_gg1,STARTED,"DeltaTime: 0.100",107116.44
2094,2026-07-01 12:22:34.580,GluingML,GluingML_lp5_pr1_r1_gg1,COMPLETED,"Action logic completed successfully",107116.45
2095,2026-07-01 12:22:34.583,GluingML,GluingML_lp5_pr1_r1_gg1,COMPLETED,"Effects applied on exit",107119.86
2096,2026-07-01 12:22:34.703,GluingPlateHL,GluingPlateHL_lp5_pr1_r1,STARTED,"HL subtree tick: FF_Default_DynamicFlow_GluingPlateHL_lp5_pr1_r1; DeltaTime: 0.100",107239.09
2097,2026-07-01 12:22:34.704,GluingPlateHL,GluingPlateHL_lp5_pr1_r1,COMPLETED,"Subtree execution completed successfully",107239.93
2098,2026-07-01 12:22:34.704,GluingPlateHL,GluingPlateHL_lp5_pr1_r1,STARTED,"DeltaTime: 0.100",107239.94
2099,2026-07-01 12:22:34.704,GluingPlateHL,GluingPlateHL_lp5_pr1_r1,COMPLETED,"Action logic completed successfully",107239.94
2100,2026-07-01 12:22:34.706,GluingPlateHL,GluingPlateHL_lp5_pr1_r1,COMPLETED,"Effects applied on exit",107242.07
2101,2026-07-01 12:22:34.838,GluingPlateHL,GluingPlateHL_lp6_pr2_r1,STARTED,"HL subtree tick: FF_Default_DynamicFlow_GluingPlateHL_lp6_pr2_r1; DeltaTime: 0.100",107374.62
2102,2026-07-01 12:22:35.164,TravelML,TravelML_r1_pr1_pr2,STARTED,"ML action execution; DeltaTime: 0.100",107700.61
2103,2026-07-01 12:22:35.164,TravelML,TravelML_r1_pr1_pr2,STARTED,"DeltaTime: 0.100",107700.63
2104,2026-07-01 12:22:35.164,TravelML,TravelML_r1_pr1_pr2,COMPLETED,"Action logic completed successfully",107700.64
2105,2026-07-01 12:22:35.167,TravelML,TravelML_r1_pr1_pr2,COMPLETED,"Effects applied on exit",107703.40
2106,2026-07-01 12:22:35.292,GluingPlateHL,GluingPlateHL_lp6_pr2_r1,STARTED,"HL subtree tick: FF_Default_DynamicFlow_GluingPlateHL_lp6_pr2_r1; DeltaTime: 0.100",107828.75
2107,2026-07-01 12:22:35.294,GluingML,GluingML_lp6_pr2_r1_gg1,STARTED,"ML action execution; DeltaTime: 0.100",107829.91
2108,2026-07-01 12:22:35.294,GluingML,GluingML_lp6_pr2_r1_gg1,STARTED,"DeltaTime: 0.100",107829.92
2109,2026-07-01 12:22:35.294,GluingML,GluingML_lp6_pr2_r1_gg1,COMPLETED,"Action logic completed successfully",107829.93
2110,2026-07-01 12:22:35.296,GluingML,GluingML_lp6_pr2_r1_gg1,COMPLETED,"Effects applied on exit",107832.36
2111,2026-07-01 12:22:35.420,GluingPlateHL,GluingPlateHL_lp6_pr2_r1,STARTED,"HL subtree tick: FF_Default_DynamicFlow_GluingPlateHL_lp6_pr2_r1; DeltaTime: 0.100",107956.47
2112,2026-07-01 12:22:35.421,GluingPlateHL,GluingPlateHL_lp6_pr2_r1,COMPLETED,"Subtree execution completed successfully",107957.35
2113,2026-07-01 12:22:35.421,GluingPlateHL,GluingPlateHL_lp6_pr2_r1,STARTED,"DeltaTime: 0.100",107957.37
2114,2026-07-01 12:22:35.421,GluingPlateHL,GluingPlateHL_lp6_pr2_r1,COMPLETED,"Action logic completed successfully",107957.38
2115,2026-07-01 12:22:35.427,GluingPlateHL,GluingPlateHL_lp6_pr2_r1,COMPLETED,"Effects applied on exit",107962.99
2116,2026-07-01 12:22:35.574,GluingPlateHL,GluingPlateHL_lp7_pr3_r1,STARTED,"HL subtree tick: FF_Default_DynamicFlow_GluingPlateHL_lp7_pr3_r1; DeltaTime: 0.100",108109.95
2117,2026-07-01 12:22:35.927,TravelML,TravelML_r1_pr2_pr3,STARTED,"ML action execution; DeltaTime: 0.100",108463.05
2118,2026-07-01 12:22:35.927,TravelML,TravelML_r1_pr2_pr3,STARTED,"DeltaTime: 0.100",108463.06
2119,2026-07-01 12:22:35.927,TravelML,TravelML_r1_pr2_pr3,COMPLETED,"Action logic completed successfully",108463.06
2120,2026-07-01 12:22:35.930,TravelML,TravelML_r1_pr2_pr3,COMPLETED,"Effects applied on exit",108466.03
2121,2026-07-01 12:22:36.063,GluingPlateHL,GluingPlateHL_lp7_pr3_r1,STARTED,"HL subtree tick: FF_Default_DynamicFlow_GluingPlateHL_lp7_pr3_r1; DeltaTime: 0.100",108598.96
2122,2026-07-01 12:22:36.064,GluingML,GluingML_lp7_pr3_r1_gg1,STARTED,"ML action execution; DeltaTime: 0.100",108600.04
2123,2026-07-01 12:22:36.064,GluingML,GluingML_lp7_pr3_r1_gg1,STARTED,"DeltaTime: 0.100",108600.05
2124,2026-07-01 12:22:36.064,GluingML,GluingML_lp7_pr3_r1_gg1,COMPLETED,"Action logic completed successfully",108600.06
2125,2026-07-01 12:22:36.066,GluingML,GluingML_lp7_pr3_r1_gg1,COMPLETED,"Effects applied on exit",108602.43
2126,2026-07-01 12:22:36.192,GluingPlateHL,GluingPlateHL_lp7_pr3_r1,STARTED,"HL subtree tick: FF_Default_DynamicFlow_GluingPlateHL_lp7_pr3_r1; DeltaTime: 0.100",108727.96
2127,2026-07-01 12:22:36.192,GluingPlateHL,GluingPlateHL_lp7_pr3_r1,COMPLETED,"Subtree execution completed successfully",108728.40
2128,2026-07-01 12:22:36.192,GluingPlateHL,GluingPlateHL_lp7_pr3_r1,STARTED,"DeltaTime: 0.100",108728.41
2129,2026-07-01 12:22:36.192,GluingPlateHL,GluingPlateHL_lp7_pr3_r1,COMPLETED,"Action logic completed successfully",108728.41
2130,2026-07-01 12:22:36.194,GluingPlateHL,GluingPlateHL_lp7_pr3_r1,COMPLETED,"Effects applied on exit",108730.40
2131,2026-07-01 12:22:36.326,GluingPlateHL,GluingPlateHL_lp8_pr4_r1,STARTED,"HL subtree tick: FF_Default_DynamicFlow_GluingPlateHL_lp8_pr4_r1; DeltaTime: 0.100",108862.21
2132,2026-07-01 12:22:36.654,TravelML,TravelML_r1_pr3_pr4,STARTED,"ML action execution; DeltaTime: 0.100",109190.62
2133,2026-07-01 12:22:36.654,TravelML,TravelML_r1_pr3_pr4,STARTED,"DeltaTime: 0.100",109190.64
2134,2026-07-01 12:22:36.654,TravelML,TravelML_r1_pr3_pr4,COMPLETED,"Action logic completed successfully",109190.65
2135,2026-07-01 12:22:36.659,TravelML,TravelML_r1_pr3_pr4,COMPLETED,"Effects applied on exit",109195.04
2136,2026-07-01 12:22:36.786,GluingPlateHL,GluingPlateHL_lp8_pr4_r1,STARTED,"HL subtree tick: FF_Default_DynamicFlow_GluingPlateHL_lp8_pr4_r1; DeltaTime: 0.100",109322.20
2137,2026-07-01 12:22:36.787,GluingML,GluingML_lp8_pr4_r1_gg1,STARTED,"ML action execution; DeltaTime: 0.100",109323.50
2138,2026-07-01 12:22:36.787,GluingML,GluingML_lp8_pr4_r1_gg1,STARTED,"DeltaTime: 0.100",109323.51
2139,2026-07-01 12:22:36.787,GluingML,GluingML_lp8_pr4_r1_gg1,COMPLETED,"Action logic completed successfully",109323.51
2140,2026-07-01 12:22:36.790,GluingML,GluingML_lp8_pr4_r1_gg1,COMPLETED,"Effects applied on exit",109326.36
2141,2026-07-01 12:22:36.913,GluingPlateHL,GluingPlateHL_lp8_pr4_r1,STARTED,"HL subtree tick: FF_Default_DynamicFlow_GluingPlateHL_lp8_pr4_r1; DeltaTime: 0.100",109449.25
2142,2026-07-01 12:22:36.913,GluingPlateHL,GluingPlateHL_lp8_pr4_r1,COMPLETED,"Subtree execution completed successfully",109449.79
2143,2026-07-01 12:22:36.913,GluingPlateHL,GluingPlateHL_lp8_pr4_r1,STARTED,"DeltaTime: 0.100",109449.80
2144,2026-07-01 12:22:36.913,GluingPlateHL,GluingPlateHL_lp8_pr4_r1,COMPLETED,"Action logic completed successfully",109449.80
2145,2026-07-01 12:22:36.915,GluingPlateHL,GluingPlateHL_lp8_pr4_r1,COMPLETED,"Effects applied on exit",109451.88
2146,2026-07-01 12:22:37.059,PickUpHL,PickUpHL_b25_fp34_r1,STARTED,"HL subtree tick: FF_Default_DynamicFlow_PickUpHL_b25_fp34_r1; DeltaTime: 0.100",109594.96
2147,2026-07-01 12:22:37.415,TravelML,TravelML_r1_pr4_ep2,STARTED,"ML action execution; DeltaTime: 0.100",109951.43
2148,2026-07-01 12:22:37.415,TravelML,TravelML_r1_pr4_ep2,STARTED,"DeltaTime: 0.100",109951.45
2149,2026-07-01 12:22:37.415,TravelML,TravelML_r1_pr4_ep2,COMPLETED,"Action logic completed successfully",109951.45
2150,2026-07-01 12:22:37.418,TravelML,TravelML_r1_pr4_ep2,COMPLETED,"Effects applied on exit",109953.97
2151,2026-07-01 12:22:37.550,PickUpHL,PickUpHL_b25_fp34_r1,STARTED,"HL subtree tick: FF_Default_DynamicFlow_PickUpHL_b25_fp34_r1; DeltaTime: 0.100",110085.99
2152,2026-07-01 12:22:37.551,CloseToolML,CloseToolML_r1_gg1,STARTED,"ML action execution; DeltaTime: 0.100",110087.77
2153,2026-07-01 12:22:37.551,CloseToolML,CloseToolML_r1_gg1,STARTED,"DeltaTime: 0.100",110087.78
2154,2026-07-01 12:22:37.551,CloseToolML,CloseToolML_r1_gg1,COMPLETED,"Action logic completed successfully",110087.78
2155,2026-07-01 12:22:37.553,CloseToolML,CloseToolML_r1_gg1,COMPLETED,"Effects applied on exit",110089.86
2156,2026-07-01 12:22:37.674,PickUpHL,PickUpHL_b25_fp34_r1,STARTED,"HL subtree tick: FF_Default_DynamicFlow_PickUpHL_b25_fp34_r1; DeltaTime: 0.100",110210.28
2157,2026-07-01 12:22:37.676,DeequipML,DeequipML_r1_gg1_ep2,STARTED,"ML action execution; DeltaTime: 0.100",110211.94
2158,2026-07-01 12:22:37.676,DeequipML,DeequipML_r1_gg1_ep2,STARTED,"DeltaTime: 0.100",110211.95
2159,2026-07-01 12:22:37.676,DeequipML,DeequipML_r1_gg1_ep2,COMPLETED,"Action logic completed successfully",110211.96
2160,2026-07-01 12:22:37.678,DeequipML,DeequipML_r1_gg1_ep2,COMPLETED,"Effects applied on exit",110214.16
2161,2026-07-01 12:22:37.798,PickUpHL,PickUpHL_b25_fp34_r1,STARTED,"HL subtree tick: FF_Default_DynamicFlow_PickUpHL_b25_fp34_r1; DeltaTime: 0.100",110334.50
2162,2026-07-01 12:22:37.800,TravelML,TravelML_r1_ep2_fp34,STARTED,"ML action execution; DeltaTime: 0.100",110336.00
2163,2026-07-01 12:22:37.800,TravelML,TravelML_r1_ep2_fp34,STARTED,"DeltaTime: 0.100",110336.01
2164,2026-07-01 12:22:37.800,TravelML,TravelML_r1_ep2_fp34,COMPLETED,"Action logic completed successfully",110336.02
2165,2026-07-01 12:22:37.803,TravelML,TravelML_r1_ep2_fp34,COMPLETED,"Effects applied on exit",110339.21
2166,2026-07-01 12:22:37.929,PickUpHL,PickUpHL_b25_fp34_r1,STARTED,"HL subtree tick: FF_Default_DynamicFlow_PickUpHL_b25_fp34_r1; DeltaTime: 0.100",110465.19
2167,2026-07-01 12:22:37.931,TravelML,TravelML_r1_fp34_ep1,STARTED,"ML action execution; DeltaTime: 0.100",110467.34
2168,2026-07-01 12:22:37.931,TravelML,TravelML_r1_fp34_ep1,STARTED,"DeltaTime: 0.100",110467.35
2169,2026-07-01 12:22:37.931,TravelML,TravelML_r1_fp34_ep1,COMPLETED,"Action logic completed successfully",110467.36
2170,2026-07-01 12:22:37.934,TravelML,TravelML_r1_fp34_ep1,COMPLETED,"Effects applied on exit",110470.70
2171,2026-07-01 12:22:38.068,PickUpHL,PickUpHL_b25_fp34_r1,STARTED,"HL subtree tick: FF_Default_DynamicFlow_PickUpHL_b25_fp34_r1; DeltaTime: 0.100",110604.42
2172,2026-07-01 12:22:38.070,EquipeML,EquipeML_r1_vg1_ep1,STARTED,"ML action execution; DeltaTime: 0.100",110606.62
2173,2026-07-01 12:22:38.070,EquipeML,EquipeML_r1_vg1_ep1,STARTED,"DeltaTime: 0.100",110606.63
2174,2026-07-01 12:22:38.070,EquipeML,EquipeML_r1_vg1_ep1,COMPLETED,"Action logic completed successfully",110606.64
2175,2026-07-01 12:22:38.073,EquipeML,EquipeML_r1_vg1_ep1,COMPLETED,"Effects applied on exit",110608.98
2176,2026-07-01 12:22:38.195,PickUpHL,PickUpHL_b25_fp34_r1,STARTED,"HL subtree tick: FF_Default_DynamicFlow_PickUpHL_b25_fp34_r1; DeltaTime: 0.100",110731.73
2177,2026-07-01 12:22:38.199,TravelML,TravelML_r1_ep1_fp34,STARTED,"ML action execution; DeltaTime: 0.100",110735.36
2178,2026-07-01 12:22:38.199,TravelML,TravelML_r1_ep1_fp34,STARTED,"DeltaTime: 0.100",110735.37
2179,2026-07-01 12:22:38.199,TravelML,TravelML_r1_ep1_fp34,COMPLETED,"Action logic completed successfully",110735.39
2180,2026-07-01 12:22:38.203,TravelML,TravelML_r1_ep1_fp34,COMPLETED,"Effects applied on exit",110739.25
2181,2026-07-01 12:22:38.336,PickUpHL,PickUpHL_b25_fp34_r1,STARTED,"HL subtree tick: FF_Default_DynamicFlow_PickUpHL_b25_fp34_r1; DeltaTime: 0.100",110872.17
2182,2026-07-01 12:22:38.337,InitializeML,InitializeML_r1_vg1,STARTED,"ML action execution; DeltaTime: 0.100",110873.85
2183,2026-07-01 12:22:38.337,InitializeML,InitializeML_r1_vg1,STARTED,"DeltaTime: 0.100",110873.87
2184,2026-07-01 12:22:38.337,InitializeML,InitializeML_r1_vg1,COMPLETED,"Action logic completed successfully",110873.88
2185,2026-07-01 12:22:38.340,InitializeML,InitializeML_r1_vg1,COMPLETED,"Effects applied on exit",110876.08
2186,2026-07-01 12:22:38.462,PickUpHL,PickUpHL_b25_fp34_r1,STARTED,"HL subtree tick: FF_Default_DynamicFlow_PickUpHL_b25_fp34_r1; DeltaTime: 0.100",110998.39
2187,2026-07-01 12:22:38.464,PickUpML,PickUpML_b25_fp34_r1_vg1,STARTED,"ML action execution; DeltaTime: 0.100",110999.91
2188,2026-07-01 12:22:38.464,PickUpML,PickUpML_b25_fp34_r1_vg1,STARTED,"DeltaTime: 0.100",110999.92
2189,2026-07-01 12:22:38.464,PickUpML,PickUpML_b25_fp34_r1_vg1,COMPLETED,"Action logic completed successfully",110999.93
2190,2026-07-01 12:22:38.467,PickUpML,PickUpML_b25_fp34_r1_vg1,COMPLETED,"Effects applied on exit",111003.34
2191,2026-07-01 12:22:38.592,PickUpHL,PickUpHL_b25_fp34_r1,STARTED,"HL subtree tick: FF_Default_DynamicFlow_PickUpHL_b25_fp34_r1; DeltaTime: 0.100",111128.32
2192,2026-07-01 12:22:38.594,PickUpHL,PickUpHL_b25_fp34_r1,COMPLETED,"Subtree execution completed successfully",111130.25
2193,2026-07-01 12:22:38.594,PickUpHL,PickUpHL_b25_fp34_r1,STARTED,"DeltaTime: 0.100",111130.26
2194,2026-07-01 12:22:38.594,PickUpHL,PickUpHL_b25_fp34_r1,COMPLETED,"Action logic completed successfully",111130.28
2195,2026-07-01 12:22:38.598,PickUpHL,PickUpHL_b25_fp34_r1,COMPLETED,"Effects applied on exit",111134.55
2196,2026-07-01 12:22:38.741,StackHL,StackHL_b25_lp5_r1_pr1_lay5_m5,STARTED,"HL subtree tick: FF_Default_DynamicFlow_StackHL_b25_lp5_r1_pr1_lay5_m5; DeltaTime: 0.100",111277.61
2197,2026-07-01 12:22:39.085,TravelML,TravelML_r1_fp34_pr1,STARTED,"ML action execution; DeltaTime: 0.100",111621.00
2198,2026-07-01 12:22:39.085,TravelML,TravelML_r1_fp34_pr1,STARTED,"DeltaTime: 0.100",111621.02
2199,2026-07-01 12:22:39.085,TravelML,TravelML_r1_fp34_pr1,COMPLETED,"Action logic completed successfully",111621.02
2200,2026-07-01 12:22:39.087,TravelML,TravelML_r1_fp34_pr1,COMPLETED,"Effects applied on exit",111623.73
2201,2026-07-01 12:22:39.221,StackHL,StackHL_b25_lp5_r1_pr1_lay5_m5,STARTED,"HL subtree tick: FF_Default_DynamicFlow_StackHL_b25_lp5_r1_pr1_lay5_m5; DeltaTime: 0.100",111757.80
2202,2026-07-01 12:22:39.222,StackML,StackML_b25_lp5_r1_vg1_pr1,STARTED,"ML action execution; DeltaTime: 0.100",111758.74
2203,2026-07-01 12:22:39.222,StackML,StackML_b25_lp5_r1_vg1_pr1,STARTED,"DeltaTime: 0.100",111758.75
2204,2026-07-01 12:22:39.222,StackML,StackML_b25_lp5_r1_vg1_pr1,COMPLETED,"Action logic completed successfully",111758.76
2205,2026-07-01 12:22:39.228,StackML,StackML_b25_lp5_r1_vg1_pr1,COMPLETED,"Effects applied on exit",111764.50
2206,2026-07-01 12:22:39.361,StackHL,StackHL_b25_lp5_r1_pr1_lay5_m5,STARTED,"HL subtree tick: FF_Default_DynamicFlow_StackHL_b25_lp5_r1_pr1_lay5_m5; DeltaTime: 0.100",111897.07
2207,2026-07-01 12:22:39.361,StackHL,StackHL_b25_lp5_r1_pr1_lay5_m5,COMPLETED,"Subtree execution completed successfully",111897.76
2208,2026-07-01 12:22:39.361,StackHL,StackHL_b25_lp5_r1_pr1_lay5_m5,STARTED,"DeltaTime: 0.100",111897.77
2209,2026-07-01 12:22:39.361,StackHL,StackHL_b25_lp5_r1_pr1_lay5_m5,COMPLETED,"Action logic completed successfully",111897.77
2210,2026-07-01 12:22:39.364,StackHL,StackHL_b25_lp5_r1_pr1_lay5_m5,COMPLETED,"Effects applied on exit",111900.63
2211,2026-07-01 12:22:39.493,PickUpHL,PickUpHL_b26_fp35_r1,STARTED,"HL subtree tick: FF_Default_DynamicFlow_PickUpHL_b26_fp35_r1; DeltaTime: 0.100",112029.57
2212,2026-07-01 12:22:39.846,TravelML,TravelML_r1_pr1_fp35,STARTED,"ML action execution; DeltaTime: 0.100",112382.90
2213,2026-07-01 12:22:39.847,TravelML,TravelML_r1_pr1_fp35,STARTED,"DeltaTime: 0.100",112382.91
2214,2026-07-01 12:22:39.847,TravelML,TravelML_r1_pr1_fp35,COMPLETED,"Action logic completed successfully",112382.92
2215,2026-07-01 12:22:39.849,TravelML,TravelML_r1_pr1_fp35,COMPLETED,"Effects applied on exit",112385.83
2216,2026-07-01 12:22:39.971,PickUpHL,PickUpHL_b26_fp35_r1,STARTED,"HL subtree tick: FF_Default_DynamicFlow_PickUpHL_b26_fp35_r1; DeltaTime: 0.100",112507.48
2217,2026-07-01 12:22:39.972,PickUpML,PickUpML_b26_fp35_r1_vg1,STARTED,"ML action execution; DeltaTime: 0.100",112508.43
2218,2026-07-01 12:22:39.972,PickUpML,PickUpML_b26_fp35_r1_vg1,STARTED,"DeltaTime: 0.100",112508.44
2219,2026-07-01 12:22:39.972,PickUpML,PickUpML_b26_fp35_r1_vg1,COMPLETED,"Action logic completed successfully",112508.45
2220,2026-07-01 12:22:39.975,PickUpML,PickUpML_b26_fp35_r1_vg1,COMPLETED,"Effects applied on exit",112511.87
2221,2026-07-01 12:22:40.099,PickUpHL,PickUpHL_b26_fp35_r1,STARTED,"HL subtree tick: FF_Default_DynamicFlow_PickUpHL_b26_fp35_r1; DeltaTime: 0.100",112635.58
2222,2026-07-01 12:22:40.100,PickUpHL,PickUpHL_b26_fp35_r1,COMPLETED,"Subtree execution completed successfully",112636.51
2223,2026-07-01 12:22:40.100,PickUpHL,PickUpHL_b26_fp35_r1,STARTED,"DeltaTime: 0.100",112636.53
2224,2026-07-01 12:22:40.100,PickUpHL,PickUpHL_b26_fp35_r1,COMPLETED,"Action logic completed successfully",112636.55
2225,2026-07-01 12:22:40.107,PickUpHL,PickUpHL_b26_fp35_r1,COMPLETED,"Effects applied on exit",112643.11
2226,2026-07-01 12:22:40.249,StackHL,StackHL_b26_lp5_r1_pr1_lay5_m5,STARTED,"HL subtree tick: FF_Default_DynamicFlow_StackHL_b26_lp5_r1_pr1_lay5_m5; DeltaTime: 0.100",112785.37
2227,2026-07-01 12:22:40.600,TravelML,TravelML_r1_fp35_pr1,STARTED,"ML action execution; DeltaTime: 0.100",113136.64
2228,2026-07-01 12:22:40.600,TravelML,TravelML_r1_fp35_pr1,STARTED,"DeltaTime: 0.100",113136.65
2229,2026-07-01 12:22:40.600,TravelML,TravelML_r1_fp35_pr1,COMPLETED,"Action logic completed successfully",113136.66
2230,2026-07-01 12:22:40.603,TravelML,TravelML_r1_fp35_pr1,COMPLETED,"Effects applied on exit",113139.47
2231,2026-07-01 12:22:40.729,StackHL,StackHL_b26_lp5_r1_pr1_lay5_m5,STARTED,"HL subtree tick: FF_Default_DynamicFlow_StackHL_b26_lp5_r1_pr1_lay5_m5; DeltaTime: 0.100",113265.68
2232,2026-07-01 12:22:40.730,StackML,StackML_b26_lp5_r1_vg1_pr1,STARTED,"ML action execution; DeltaTime: 0.100",113266.81
2233,2026-07-01 12:22:40.730,StackML,StackML_b26_lp5_r1_vg1_pr1,STARTED,"DeltaTime: 0.100",113266.82
2234,2026-07-01 12:22:40.730,StackML,StackML_b26_lp5_r1_vg1_pr1,COMPLETED,"Action logic completed successfully",113266.82
2235,2026-07-01 12:22:40.735,StackML,StackML_b26_lp5_r1_vg1_pr1,COMPLETED,"Effects applied on exit",113271.02
2236,2026-07-01 12:22:40.858,StackHL,StackHL_b26_lp5_r1_pr1_lay5_m5,STARTED,"HL subtree tick: FF_Default_DynamicFlow_StackHL_b26_lp5_r1_pr1_lay5_m5; DeltaTime: 0.100",113394.32
2237,2026-07-01 12:22:40.858,StackHL,StackHL_b26_lp5_r1_pr1_lay5_m5,COMPLETED,"Subtree execution completed successfully",113394.77
2238,2026-07-01 12:22:40.858,StackHL,StackHL_b26_lp5_r1_pr1_lay5_m5,STARTED,"DeltaTime: 0.100",113394.78
2239,2026-07-01 12:22:40.858,StackHL,StackHL_b26_lp5_r1_pr1_lay5_m5,COMPLETED,"Action logic completed successfully",113394.79
2240,2026-07-01 12:22:40.861,StackHL,StackHL_b26_lp5_r1_pr1_lay5_m5,COMPLETED,"Effects applied on exit",113397.55
2241,2026-07-01 12:22:40.989,PickUpHL,PickUpHL_b30_fp40_r1,STARTED,"HL subtree tick: FF_Default_DynamicFlow_PickUpHL_b30_fp40_r1; DeltaTime: 0.100",113525.19
2242,2026-07-01 12:22:41.357,TravelML,TravelML_r1_pr1_fp40,STARTED,"ML action execution; DeltaTime: 0.100",113892.99
2243,2026-07-01 12:22:41.357,TravelML,TravelML_r1_pr1_fp40,STARTED,"DeltaTime: 0.100",113893.01
2244,2026-07-01 12:22:41.357,TravelML,TravelML_r1_pr1_fp40,COMPLETED,"Action logic completed successfully",113893.02
2245,2026-07-01 12:22:41.360,TravelML,TravelML_r1_pr1_fp40,COMPLETED,"Effects applied on exit",113896.09
2246,2026-07-01 12:22:41.489,PickUpHL,PickUpHL_b30_fp40_r1,STARTED,"HL subtree tick: FF_Default_DynamicFlow_PickUpHL_b30_fp40_r1; DeltaTime: 0.100",114025.81
2247,2026-07-01 12:22:41.491,PickUpML,PickUpML_b30_fp40_r1_vg1,STARTED,"ML action execution; DeltaTime: 0.100",114027.30
2248,2026-07-01 12:22:41.491,PickUpML,PickUpML_b30_fp40_r1_vg1,STARTED,"DeltaTime: 0.100",114027.32
2249,2026-07-01 12:22:41.491,PickUpML,PickUpML_b30_fp40_r1_vg1,COMPLETED,"Action logic completed successfully",114027.33
2250,2026-07-01 12:22:41.497,PickUpML,PickUpML_b30_fp40_r1_vg1,COMPLETED,"Effects applied on exit",114033.43
2251,2026-07-01 12:22:41.626,PickUpHL,PickUpHL_b30_fp40_r1,STARTED,"HL subtree tick: FF_Default_DynamicFlow_PickUpHL_b30_fp40_r1; DeltaTime: 0.100",114162.09
2252,2026-07-01 12:22:41.626,PickUpHL,PickUpHL_b30_fp40_r1,COMPLETED,"Subtree execution completed successfully",114162.75
2253,2026-07-01 12:22:41.626,PickUpHL,PickUpHL_b30_fp40_r1,STARTED,"DeltaTime: 0.100",114162.76
2254,2026-07-01 12:22:41.626,PickUpHL,PickUpHL_b30_fp40_r1,COMPLETED,"Action logic completed successfully",114162.77
2255,2026-07-01 12:22:41.629,PickUpHL,PickUpHL_b30_fp40_r1,COMPLETED,"Effects applied on exit",114165.60
2256,2026-07-01 12:22:41.757,StackHL,StackHL_b30_lp5_r1_pr1_lay5_m5,STARTED,"HL subtree tick: FF_Default_DynamicFlow_StackHL_b30_lp5_r1_pr1_lay5_m5; DeltaTime: 0.100",114293.06
2257,2026-07-01 12:22:42.089,TravelML,TravelML_r1_fp40_pr1,STARTED,"ML action execution; DeltaTime: 0.100",114625.41
2258,2026-07-01 12:22:42.089,TravelML,TravelML_r1_fp40_pr1,STARTED,"DeltaTime: 0.100",114625.42
2259,2026-07-01 12:22:42.089,TravelML,TravelML_r1_fp40_pr1,COMPLETED,"Action logic completed successfully",114625.43
2260,2026-07-01 12:22:42.092,TravelML,TravelML_r1_fp40_pr1,COMPLETED,"Effects applied on exit",114628.45
2261,2026-07-01 12:22:42.221,StackHL,StackHL_b30_lp5_r1_pr1_lay5_m5,STARTED,"HL subtree tick: FF_Default_DynamicFlow_StackHL_b30_lp5_r1_pr1_lay5_m5; DeltaTime: 0.100",114756.95
2262,2026-07-01 12:22:42.222,StackML,StackML_b30_lp5_r1_vg1_pr1,STARTED,"ML action execution; DeltaTime: 0.100",114758.27
2263,2026-07-01 12:22:42.222,StackML,StackML_b30_lp5_r1_vg1_pr1,STARTED,"DeltaTime: 0.100",114758.28
2264,2026-07-01 12:22:42.222,StackML,StackML_b30_lp5_r1_vg1_pr1,COMPLETED,"Action logic completed successfully",114758.29
2265,2026-07-01 12:22:42.227,StackML,StackML_b30_lp5_r1_vg1_pr1,COMPLETED,"Effects applied on exit",114763.33
2266,2026-07-01 12:22:42.360,StackHL,StackHL_b30_lp5_r1_pr1_lay5_m5,STARTED,"HL subtree tick: FF_Default_DynamicFlow_StackHL_b30_lp5_r1_pr1_lay5_m5; DeltaTime: 0.100",114896.82
2267,2026-07-01 12:22:42.361,StackHL,StackHL_b30_lp5_r1_pr1_lay5_m5,COMPLETED,"Subtree execution completed successfully",114897.71
2268,2026-07-01 12:22:42.361,StackHL,StackHL_b30_lp5_r1_pr1_lay5_m5,STARTED,"DeltaTime: 0.100",114897.73
2269,2026-07-01 12:22:42.361,StackHL,StackHL_b30_lp5_r1_pr1_lay5_m5,COMPLETED,"Action logic completed successfully",114897.74
2270,2026-07-01 12:22:42.365,StackHL,StackHL_b30_lp5_r1_pr1_lay5_m5,COMPLETED,"Effects applied on exit",114901.16
2271,2026-07-01 12:22:42.499,PickUpHL,PickUpHL_b28_fp38_r1,STARTED,"HL subtree tick: FF_Default_DynamicFlow_PickUpHL_b28_fp38_r1; DeltaTime: 0.100",115035.16
2272,2026-07-01 12:22:42.852,TravelML,TravelML_r1_pr1_fp38,STARTED,"ML action execution; DeltaTime: 0.100",115388.33
2273,2026-07-01 12:22:42.852,TravelML,TravelML_r1_pr1_fp38,STARTED,"DeltaTime: 0.100",115388.34
2274,2026-07-01 12:22:42.852,TravelML,TravelML_r1_pr1_fp38,COMPLETED,"Action logic completed successfully",115388.35
2275,2026-07-01 12:22:42.855,TravelML,TravelML_r1_pr1_fp38,COMPLETED,"Effects applied on exit",115391.39
2276,2026-07-01 12:22:42.987,PickUpHL,PickUpHL_b28_fp38_r1,STARTED,"HL subtree tick: FF_Default_DynamicFlow_PickUpHL_b28_fp38_r1; DeltaTime: 0.100",115523.88
2277,2026-07-01 12:22:42.989,PickUpML,PickUpML_b28_fp38_r1_vg1,STARTED,"ML action execution; DeltaTime: 0.100",115524.94
2278,2026-07-01 12:22:42.989,PickUpML,PickUpML_b28_fp38_r1_vg1,STARTED,"DeltaTime: 0.100",115524.95
2279,2026-07-01 12:22:42.989,PickUpML,PickUpML_b28_fp38_r1_vg1,COMPLETED,"Action logic completed successfully",115524.96
2280,2026-07-01 12:22:42.992,PickUpML,PickUpML_b28_fp38_r1_vg1,COMPLETED,"Effects applied on exit",115528.87
2281,2026-07-01 12:22:43.121,PickUpHL,PickUpHL_b28_fp38_r1,STARTED,"HL subtree tick: FF_Default_DynamicFlow_PickUpHL_b28_fp38_r1; DeltaTime: 0.100",115657.34
2282,2026-07-01 12:22:43.121,PickUpHL,PickUpHL_b28_fp38_r1,COMPLETED,"Subtree execution completed successfully",115657.82
2283,2026-07-01 12:22:43.121,PickUpHL,PickUpHL_b28_fp38_r1,STARTED,"DeltaTime: 0.100",115657.82
2284,2026-07-01 12:22:43.121,PickUpHL,PickUpHL_b28_fp38_r1,COMPLETED,"Action logic completed successfully",115657.83
2285,2026-07-01 12:22:43.124,PickUpHL,PickUpHL_b28_fp38_r1,COMPLETED,"Effects applied on exit",115660.20
2286,2026-07-01 12:22:43.262,StackHL,StackHL_b28_lp5_r1_pr1_lay5_m5,STARTED,"HL subtree tick: FF_Default_DynamicFlow_StackHL_b28_lp5_r1_pr1_lay5_m5; DeltaTime: 0.100",115798.58
2287,2026-07-01 12:22:43.614,TravelML,TravelML_r1_fp38_pr1,STARTED,"ML action execution; DeltaTime: 0.100",116149.93
2288,2026-07-01 12:22:43.614,TravelML,TravelML_r1_fp38_pr1,STARTED,"DeltaTime: 0.100",116149.95
2289,2026-07-01 12:22:43.614,TravelML,TravelML_r1_fp38_pr1,COMPLETED,"Action logic completed successfully",116149.95
2290,2026-07-01 12:22:43.617,TravelML,TravelML_r1_fp38_pr1,COMPLETED,"Effects applied on exit",116153.00
2291,2026-07-01 12:22:43.750,StackHL,StackHL_b28_lp5_r1_pr1_lay5_m5,STARTED,"HL subtree tick: FF_Default_DynamicFlow_StackHL_b28_lp5_r1_pr1_lay5_m5; DeltaTime: 0.100",116286.71
2292,2026-07-01 12:22:43.752,StackML,StackML_b28_lp5_r1_vg1_pr1,STARTED,"ML action execution; DeltaTime: 0.100",116288.41
2293,2026-07-01 12:22:43.752,StackML,StackML_b28_lp5_r1_vg1_pr1,STARTED,"DeltaTime: 0.100",116288.42
2294,2026-07-01 12:22:43.752,StackML,StackML_b28_lp5_r1_vg1_pr1,COMPLETED,"Action logic completed successfully",116288.43
2295,2026-07-01 12:22:43.757,StackML,StackML_b28_lp5_r1_vg1_pr1,COMPLETED,"Effects applied on exit",116293.35
2296,2026-07-01 12:22:43.889,StackHL,StackHL_b28_lp5_r1_pr1_lay5_m5,STARTED,"HL subtree tick: FF_Default_DynamicFlow_StackHL_b28_lp5_r1_pr1_lay5_m5; DeltaTime: 0.100",116424.94
2297,2026-07-01 12:22:43.889,StackHL,StackHL_b28_lp5_r1_pr1_lay5_m5,COMPLETED,"Subtree execution completed successfully",116425.35
2298,2026-07-01 12:22:43.889,StackHL,StackHL_b28_lp5_r1_pr1_lay5_m5,STARTED,"DeltaTime: 0.100",116425.35
2299,2026-07-01 12:22:43.889,StackHL,StackHL_b28_lp5_r1_pr1_lay5_m5,COMPLETED,"Action logic completed successfully",116425.36
2300,2026-07-01 12:22:43.892,StackHL,StackHL_b28_lp5_r1_pr1_lay5_m5,COMPLETED,"Effects applied on exit",116428.53
2301,2026-07-01 12:22:44.023,PickUpHL,PickUpHL_b27_fp36_r1,STARTED,"HL subtree tick: FF_Default_DynamicFlow_PickUpHL_b27_fp36_r1; DeltaTime: 0.100",116559.56
2302,2026-07-01 12:22:44.395,TravelML,TravelML_r1_pr1_fp36,STARTED,"ML action execution; DeltaTime: 0.100",116931.83
2303,2026-07-01 12:22:44.395,TravelML,TravelML_r1_pr1_fp36,STARTED,"DeltaTime: 0.100",116931.85
2304,2026-07-01 12:22:44.395,TravelML,TravelML_r1_pr1_fp36,COMPLETED,"Action logic completed successfully",116931.86
2305,2026-07-01 12:22:44.399,TravelML,TravelML_r1_pr1_fp36,COMPLETED,"Effects applied on exit",116935.75
2306,2026-07-01 12:22:44.521,PickUpHL,PickUpHL_b27_fp36_r1,STARTED,"HL subtree tick: FF_Default_DynamicFlow_PickUpHL_b27_fp36_r1; DeltaTime: 0.100",117056.98
2307,2026-07-01 12:22:44.523,PickUpML,PickUpML_b27_fp36_r1_vg1,STARTED,"ML action execution; DeltaTime: 0.100",117059.28
2308,2026-07-01 12:22:44.523,PickUpML,PickUpML_b27_fp36_r1_vg1,STARTED,"DeltaTime: 0.100",117059.31
2309,2026-07-01 12:22:44.523,PickUpML,PickUpML_b27_fp36_r1_vg1,COMPLETED,"Action logic completed successfully",117059.32
2310,2026-07-01 12:22:44.528,PickUpML,PickUpML_b27_fp36_r1_vg1,COMPLETED,"Effects applied on exit",117064.49
2311,2026-07-01 12:22:44.664,PickUpHL,PickUpHL_b27_fp36_r1,STARTED,"HL subtree tick: FF_Default_DynamicFlow_PickUpHL_b27_fp36_r1; DeltaTime: 0.100",117200.32
2312,2026-07-01 12:22:44.664,PickUpHL,PickUpHL_b27_fp36_r1,COMPLETED,"Subtree execution completed successfully",117200.77
2313,2026-07-01 12:22:44.664,PickUpHL,PickUpHL_b27_fp36_r1,STARTED,"DeltaTime: 0.100",117200.78
2314,2026-07-01 12:22:44.664,PickUpHL,PickUpHL_b27_fp36_r1,COMPLETED,"Action logic completed successfully",117200.78
2315,2026-07-01 12:22:44.667,PickUpHL,PickUpHL_b27_fp36_r1,COMPLETED,"Effects applied on exit",117203.28
2316,2026-07-01 12:22:44.795,StackHL,StackHL_b27_lp5_r1_pr1_lay5_m5,STARTED,"HL subtree tick: FF_Default_DynamicFlow_StackHL_b27_lp5_r1_pr1_lay5_m5; DeltaTime: 0.100",117331.66
2317,2026-07-01 12:22:45.161,TravelML,TravelML_r1_fp36_pr1,STARTED,"ML action execution; DeltaTime: 0.100",117697.37
2318,2026-07-01 12:22:45.161,TravelML,TravelML_r1_fp36_pr1,STARTED,"DeltaTime: 0.100",117697.39
2319,2026-07-01 12:22:45.161,TravelML,TravelML_r1_fp36_pr1,COMPLETED,"Action logic completed successfully",117697.40
2320,2026-07-01 12:22:45.164,TravelML,TravelML_r1_fp36_pr1,COMPLETED,"Effects applied on exit",117700.18
2321,2026-07-01 12:22:45.300,StackHL,StackHL_b27_lp5_r1_pr1_lay5_m5,STARTED,"HL subtree tick: FF_Default_DynamicFlow_StackHL_b27_lp5_r1_pr1_lay5_m5; DeltaTime: 0.100",117836.68
2322,2026-07-01 12:22:45.303,StackML,StackML_b27_lp5_r1_vg1_pr1,STARTED,"ML action execution; DeltaTime: 0.100",117839.78
2323,2026-07-01 12:22:45.303,StackML,StackML_b27_lp5_r1_vg1_pr1,STARTED,"DeltaTime: 0.100",117839.81
2324,2026-07-01 12:22:45.303,StackML,StackML_b27_lp5_r1_vg1_pr1,COMPLETED,"Action logic completed successfully",117839.83
2325,2026-07-01 12:22:45.312,StackML,StackML_b27_lp5_r1_vg1_pr1,COMPLETED,"Effects applied on exit",117848.79
2326,2026-07-01 12:22:45.439,StackHL,StackHL_b27_lp5_r1_pr1_lay5_m5,STARTED,"HL subtree tick: FF_Default_DynamicFlow_StackHL_b27_lp5_r1_pr1_lay5_m5; DeltaTime: 0.100",117975.47
2327,2026-07-01 12:22:45.439,StackHL,StackHL_b27_lp5_r1_pr1_lay5_m5,COMPLETED,"Subtree execution completed successfully",117975.86
2328,2026-07-01 12:22:45.439,StackHL,StackHL_b27_lp5_r1_pr1_lay5_m5,STARTED,"DeltaTime: 0.100",117975.87
2329,2026-07-01 12:22:45.439,StackHL,StackHL_b27_lp5_r1_pr1_lay5_m5,COMPLETED,"Action logic completed successfully",117975.87
2330,2026-07-01 12:22:45.442,StackHL,StackHL_b27_lp5_r1_pr1_lay5_m5,COMPLETED,"Effects applied on exit",117978.68
2331,2026-07-01 12:22:45.579,PickUpHL,PickUpHL_b29_fp39_r1,STARTED,"HL subtree tick: FF_Default_DynamicFlow_PickUpHL_b29_fp39_r1; DeltaTime: 0.100",118114.96
2332,2026-07-01 12:22:45.943,TravelML,TravelML_r1_pr1_fp39,STARTED,"ML action execution; DeltaTime: 0.100",118479.46
2333,2026-07-01 12:22:45.943,TravelML,TravelML_r1_pr1_fp39,STARTED,"DeltaTime: 0.100",118479.48
2334,2026-07-01 12:22:45.943,TravelML,TravelML_r1_pr1_fp39,COMPLETED,"Action logic completed successfully",118479.48
2335,2026-07-01 12:22:45.946,TravelML,TravelML_r1_pr1_fp39,COMPLETED,"Effects applied on exit",118482.71
2336,2026-07-01 12:22:46.071,PickUpHL,PickUpHL_b29_fp39_r1,STARTED,"HL subtree tick: FF_Default_DynamicFlow_PickUpHL_b29_fp39_r1; DeltaTime: 0.100",118606.91
2337,2026-07-01 12:22:46.072,PickUpML,PickUpML_b29_fp39_r1_vg1,STARTED,"ML action execution; DeltaTime: 0.100",118608.53
2338,2026-07-01 12:22:46.072,PickUpML,PickUpML_b29_fp39_r1_vg1,STARTED,"DeltaTime: 0.100",118608.54
2339,2026-07-01 12:22:46.072,PickUpML,PickUpML_b29_fp39_r1_vg1,COMPLETED,"Action logic completed successfully",118608.55
2340,2026-07-01 12:22:46.076,PickUpML,PickUpML_b29_fp39_r1_vg1,COMPLETED,"Effects applied on exit",118612.00
2341,2026-07-01 12:22:46.196,PickUpHL,PickUpHL_b29_fp39_r1,STARTED,"HL subtree tick: FF_Default_DynamicFlow_PickUpHL_b29_fp39_r1; DeltaTime: 0.100",118732.26
2342,2026-07-01 12:22:46.196,PickUpHL,PickUpHL_b29_fp39_r1,COMPLETED,"Subtree execution completed successfully",118732.67
2343,2026-07-01 12:22:46.196,PickUpHL,PickUpHL_b29_fp39_r1,STARTED,"DeltaTime: 0.100",118732.68
2344,2026-07-01 12:22:46.196,PickUpHL,PickUpHL_b29_fp39_r1,COMPLETED,"Action logic completed successfully",118732.68
2345,2026-07-01 12:22:46.199,PickUpHL,PickUpHL_b29_fp39_r1,COMPLETED,"Effects applied on exit",118735.22
2346,2026-07-01 12:22:46.334,StackHL,StackHL_b29_lp5_r1_pr1_lay5_m5,STARTED,"HL subtree tick: FF_Default_DynamicFlow_StackHL_b29_lp5_r1_pr1_lay5_m5; DeltaTime: 0.100",118870.66
2347,2026-07-01 12:22:46.687,TravelML,TravelML_r1_fp39_pr1,STARTED,"ML action execution; DeltaTime: 0.100",119223.35
2348,2026-07-01 12:22:46.687,TravelML,TravelML_r1_fp39_pr1,STARTED,"DeltaTime: 0.100",119223.36
2349,2026-07-01 12:22:46.687,TravelML,TravelML_r1_fp39_pr1,COMPLETED,"Action logic completed successfully",119223.37
2350,2026-07-01 12:22:46.690,TravelML,TravelML_r1_fp39_pr1,COMPLETED,"Effects applied on exit",119226.15
2351,2026-07-01 12:22:46.815,StackHL,StackHL_b29_lp5_r1_pr1_lay5_m5,STARTED,"HL subtree tick: FF_Default_DynamicFlow_StackHL_b29_lp5_r1_pr1_lay5_m5; DeltaTime: 0.100",119351.67
2352,2026-07-01 12:22:46.816,StackML,StackML_b29_lp5_r1_vg1_pr1,STARTED,"ML action execution; DeltaTime: 0.100",119352.75
2353,2026-07-01 12:22:46.816,StackML,StackML_b29_lp5_r1_vg1_pr1,STARTED,"DeltaTime: 0.100",119352.76
2354,2026-07-01 12:22:46.816,StackML,StackML_b29_lp5_r1_vg1_pr1,COMPLETED,"Action logic completed successfully",119352.77
2355,2026-07-01 12:22:46.820,StackML,StackML_b29_lp5_r1_vg1_pr1,COMPLETED,"Effects applied on exit",119356.85
2356,2026-07-01 12:22:46.953,StackHL,StackHL_b29_lp5_r1_pr1_lay5_m5,STARTED,"HL subtree tick: FF_Default_DynamicFlow_StackHL_b29_lp5_r1_pr1_lay5_m5; DeltaTime: 0.100",119489.84
2357,2026-07-01 12:22:46.954,StackHL,StackHL_b29_lp5_r1_pr1_lay5_m5,COMPLETED,"Subtree execution completed successfully",119490.69
2358,2026-07-01 12:22:46.954,StackHL,StackHL_b29_lp5_r1_pr1_lay5_m5,STARTED,"DeltaTime: 0.100",119490.70
2359,2026-07-01 12:22:46.954,StackHL,StackHL_b29_lp5_r1_pr1_lay5_m5,COMPLETED,"Action logic completed successfully",119490.72
2360,2026-07-01 12:22:46.960,StackHL,StackHL_b29_lp5_r1_pr1_lay5_m5,COMPLETED,"Effects applied on exit",119495.94
2361,2026-07-01 12:22:47.107,PickUpHL,PickUpHL_b31_fp42_r1,STARTED,"HL subtree tick: FF_Default_DynamicFlow_PickUpHL_b31_fp42_r1; DeltaTime: 0.100",119643.06
2362,2026-07-01 12:22:47.482,TravelML,TravelML_r1_pr1_fp42,STARTED,"ML action execution; DeltaTime: 0.100",120018.53
2363,2026-07-01 12:22:47.482,TravelML,TravelML_r1_pr1_fp42,STARTED,"DeltaTime: 0.100",120018.55
2364,2026-07-01 12:22:47.482,TravelML,TravelML_r1_pr1_fp42,COMPLETED,"Action logic completed successfully",120018.56
2365,2026-07-01 12:22:47.486,TravelML,TravelML_r1_pr1_fp42,COMPLETED,"Effects applied on exit",120022.24
2366,2026-07-01 12:22:47.624,PickUpHL,PickUpHL_b31_fp42_r1,STARTED,"HL subtree tick: FF_Default_DynamicFlow_PickUpHL_b31_fp42_r1; DeltaTime: 0.100",120160.04
2367,2026-07-01 12:22:47.625,PickUpML,PickUpML_b31_fp42_r1_vg1,STARTED,"ML action execution; DeltaTime: 0.100",120161.28
2368,2026-07-01 12:22:47.625,PickUpML,PickUpML_b31_fp42_r1_vg1,STARTED,"DeltaTime: 0.100",120161.28
2369,2026-07-01 12:22:47.625,PickUpML,PickUpML_b31_fp42_r1_vg1,COMPLETED,"Action logic completed successfully",120161.29
2370,2026-07-01 12:22:47.628,PickUpML,PickUpML_b31_fp42_r1_vg1,COMPLETED,"Effects applied on exit",120164.90
2371,2026-07-01 12:22:47.745,PickUpHL,PickUpHL_b31_fp42_r1,STARTED,"HL subtree tick: FF_Default_DynamicFlow_PickUpHL_b31_fp42_r1; DeltaTime: 0.100",120281.76
2372,2026-07-01 12:22:47.746,PickUpHL,PickUpHL_b31_fp42_r1,COMPLETED,"Subtree execution completed successfully",120282.11
2373,2026-07-01 12:22:47.746,PickUpHL,PickUpHL_b31_fp42_r1,STARTED,"DeltaTime: 0.100",120282.12
2374,2026-07-01 12:22:47.746,PickUpHL,PickUpHL_b31_fp42_r1,COMPLETED,"Action logic completed successfully",120282.13
2375,2026-07-01 12:22:47.748,PickUpHL,PickUpHL_b31_fp42_r1,COMPLETED,"Effects applied on exit",120284.51
2376,2026-07-01 12:22:47.882,StackHL,StackHL_b31_lp6_r1_pr2_lay6_m6,STARTED,"HL subtree tick: FF_Default_DynamicFlow_StackHL_b31_lp6_r1_pr2_lay6_m6; DeltaTime: 0.100",120418.86
2377,2026-07-01 12:22:48.215,TravelML,TravelML_r1_fp42_pr2,STARTED,"ML action execution; DeltaTime: 0.100",120751.73
2378,2026-07-01 12:22:48.215,TravelML,TravelML_r1_fp42_pr2,STARTED,"DeltaTime: 0.100",120751.74
2379,2026-07-01 12:22:48.215,TravelML,TravelML_r1_fp42_pr2,COMPLETED,"Action logic completed successfully",120751.75
2380,2026-07-01 12:22:48.218,TravelML,TravelML_r1_fp42_pr2,COMPLETED,"Effects applied on exit",120754.75
2381,2026-07-01 12:22:48.343,StackHL,StackHL_b31_lp6_r1_pr2_lay6_m6,STARTED,"HL subtree tick: FF_Default_DynamicFlow_StackHL_b31_lp6_r1_pr2_lay6_m6; DeltaTime: 0.100",120879.70
2382,2026-07-01 12:22:48.344,StackML,StackML_b31_lp6_r1_vg1_pr2,STARTED,"ML action execution; DeltaTime: 0.100",120880.86
2383,2026-07-01 12:22:48.344,StackML,StackML_b31_lp6_r1_vg1_pr2,STARTED,"DeltaTime: 0.100",120880.87
2384,2026-07-01 12:22:48.344,StackML,StackML_b31_lp6_r1_vg1_pr2,COMPLETED,"Action logic completed successfully",120880.88
2385,2026-07-01 12:22:48.349,StackML,StackML_b31_lp6_r1_vg1_pr2,COMPLETED,"Effects applied on exit",120885.69
2386,2026-07-01 12:22:48.476,StackHL,StackHL_b31_lp6_r1_pr2_lay6_m6,STARTED,"HL subtree tick: FF_Default_DynamicFlow_StackHL_b31_lp6_r1_pr2_lay6_m6; DeltaTime: 0.100",121012.76
2387,2026-07-01 12:22:48.477,StackHL,StackHL_b31_lp6_r1_pr2_lay6_m6,COMPLETED,"Subtree execution completed successfully",121013.13
2388,2026-07-01 12:22:48.477,StackHL,StackHL_b31_lp6_r1_pr2_lay6_m6,STARTED,"DeltaTime: 0.100",121013.14
2389,2026-07-01 12:22:48.477,StackHL,StackHL_b31_lp6_r1_pr2_lay6_m6,COMPLETED,"Action logic completed successfully",121013.14
2390,2026-07-01 12:22:48.479,StackHL,StackHL_b31_lp6_r1_pr2_lay6_m6,COMPLETED,"Effects applied on exit",121015.86
2391,2026-07-01 12:22:48.619,PickUpHL,PickUpHL_b32_fp43_r1,STARTED,"HL subtree tick: FF_Default_DynamicFlow_PickUpHL_b32_fp43_r1; DeltaTime: 0.100",121155.34
2392,2026-07-01 12:22:48.965,TravelML,TravelML_r1_pr2_fp43,STARTED,"ML action execution; DeltaTime: 0.100",121501.45
2393,2026-07-01 12:22:48.965,TravelML,TravelML_r1_pr2_fp43,STARTED,"DeltaTime: 0.100",121501.47
2394,2026-07-01 12:22:48.965,TravelML,TravelML_r1_pr2_fp43,COMPLETED,"Action logic completed successfully",121501.47
2395,2026-07-01 12:22:48.968,TravelML,TravelML_r1_pr2_fp43,COMPLETED,"Effects applied on exit",121504.74
2396,2026-07-01 12:22:49.095,PickUpHL,PickUpHL_b32_fp43_r1,STARTED,"HL subtree tick: FF_Default_DynamicFlow_PickUpHL_b32_fp43_r1; DeltaTime: 0.100",121631.15
2397,2026-07-01 12:22:49.096,PickUpML,PickUpML_b32_fp43_r1_vg1,STARTED,"ML action execution; DeltaTime: 0.100",121632.54
2398,2026-07-01 12:22:49.096,PickUpML,PickUpML_b32_fp43_r1_vg1,STARTED,"DeltaTime: 0.100",121632.55
2399,2026-07-01 12:22:49.096,PickUpML,PickUpML_b32_fp43_r1_vg1,COMPLETED,"Action logic completed successfully",121632.56
2400,2026-07-01 12:22:49.100,PickUpML,PickUpML_b32_fp43_r1_vg1,COMPLETED,"Effects applied on exit",121636.50
2401,2026-07-01 12:22:49.231,PickUpHL,PickUpHL_b32_fp43_r1,STARTED,"HL subtree tick: FF_Default_DynamicFlow_PickUpHL_b32_fp43_r1; DeltaTime: 0.100",121767.42
2402,2026-07-01 12:22:49.231,PickUpHL,PickUpHL_b32_fp43_r1,COMPLETED,"Subtree execution completed successfully",121767.82
2403,2026-07-01 12:22:49.231,PickUpHL,PickUpHL_b32_fp43_r1,STARTED,"DeltaTime: 0.100",121767.82
2404,2026-07-01 12:22:49.231,PickUpHL,PickUpHL_b32_fp43_r1,COMPLETED,"Action logic completed successfully",121767.83
2405,2026-07-01 12:22:49.234,PickUpHL,PickUpHL_b32_fp43_r1,COMPLETED,"Effects applied on exit",121770.41
2406,2026-07-01 12:22:49.362,StackHL,StackHL_b32_lp6_r1_pr2_lay6_m6,STARTED,"HL subtree tick: FF_Default_DynamicFlow_StackHL_b32_lp6_r1_pr2_lay6_m6; DeltaTime: 0.100",121898.02
2407,2026-07-01 12:22:49.720,TravelML,TravelML_r1_fp43_pr2,STARTED,"ML action execution; DeltaTime: 0.100",122256.63
2408,2026-07-01 12:22:49.720,TravelML,TravelML_r1_fp43_pr2,STARTED,"DeltaTime: 0.100",122256.65
2409,2026-07-01 12:22:49.720,TravelML,TravelML_r1_fp43_pr2,COMPLETED,"Action logic completed successfully",122256.65
2410,2026-07-01 12:22:49.723,TravelML,TravelML_r1_fp43_pr2,COMPLETED,"Effects applied on exit",122259.65
2411,2026-07-01 12:22:49.856,StackHL,StackHL_b32_lp6_r1_pr2_lay6_m6,STARTED,"HL subtree tick: FF_Default_DynamicFlow_StackHL_b32_lp6_r1_pr2_lay6_m6; DeltaTime: 0.100",122392.21
2412,2026-07-01 12:22:49.857,StackML,StackML_b32_lp6_r1_vg1_pr2,STARTED,"ML action execution; DeltaTime: 0.100",122393.61
2413,2026-07-01 12:22:49.857,StackML,StackML_b32_lp6_r1_vg1_pr2,STARTED,"DeltaTime: 0.100",122393.62
2414,2026-07-01 12:22:49.857,StackML,StackML_b32_lp6_r1_vg1_pr2,COMPLETED,"Action logic completed successfully",122393.62
2415,2026-07-01 12:22:49.861,StackML,StackML_b32_lp6_r1_vg1_pr2,COMPLETED,"Effects applied on exit",122397.81
2416,2026-07-01 12:22:49.983,StackHL,StackHL_b32_lp6_r1_pr2_lay6_m6,STARTED,"HL subtree tick: FF_Default_DynamicFlow_StackHL_b32_lp6_r1_pr2_lay6_m6; DeltaTime: 0.100",122518.90
2417,2026-07-01 12:22:49.983,StackHL,StackHL_b32_lp6_r1_pr2_lay6_m6,COMPLETED,"Subtree execution completed successfully",122519.25
2418,2026-07-01 12:22:49.983,StackHL,StackHL_b32_lp6_r1_pr2_lay6_m6,STARTED,"DeltaTime: 0.100",122519.26
2419,2026-07-01 12:22:49.983,StackHL,StackHL_b32_lp6_r1_pr2_lay6_m6,COMPLETED,"Action logic completed successfully",122519.26
2420,2026-07-01 12:22:49.986,StackHL,StackHL_b32_lp6_r1_pr2_lay6_m6,COMPLETED,"Effects applied on exit",122522.13
2421,2026-07-01 12:22:50.123,PickUpHL,PickUpHL_b36_fp48_r1,STARTED,"HL subtree tick: FF_Default_DynamicFlow_PickUpHL_b36_fp48_r1; DeltaTime: 0.100",122659.54
2422,2026-07-01 12:22:50.505,TravelML,TravelML_r1_pr2_fp48,STARTED,"ML action execution; DeltaTime: 0.100",123041.57
2423,2026-07-01 12:22:50.505,TravelML,TravelML_r1_pr2_fp48,STARTED,"DeltaTime: 0.100",123041.58
2424,2026-07-01 12:22:50.505,TravelML,TravelML_r1_pr2_fp48,COMPLETED,"Action logic completed successfully",123041.59
2425,2026-07-01 12:22:50.508,TravelML,TravelML_r1_pr2_fp48,COMPLETED,"Effects applied on exit",123044.59
2426,2026-07-01 12:22:50.627,PickUpHL,PickUpHL_b36_fp48_r1,STARTED,"HL subtree tick: FF_Default_DynamicFlow_PickUpHL_b36_fp48_r1; DeltaTime: 0.100",123163.89
2427,2026-07-01 12:22:50.629,PickUpML,PickUpML_b36_fp48_r1_vg1,STARTED,"ML action execution; DeltaTime: 0.100",123165.57
2428,2026-07-01 12:22:50.629,PickUpML,PickUpML_b36_fp48_r1_vg1,STARTED,"DeltaTime: 0.100",123165.58
2429,2026-07-01 12:22:50.629,PickUpML,PickUpML_b36_fp48_r1_vg1,COMPLETED,"Action logic completed successfully",123165.59
2430,2026-07-01 12:22:50.634,PickUpML,PickUpML_b36_fp48_r1_vg1,COMPLETED,"Effects applied on exit",123170.20
2431,2026-07-01 12:22:50.754,PickUpHL,PickUpHL_b36_fp48_r1,STARTED,"HL subtree tick: FF_Default_DynamicFlow_PickUpHL_b36_fp48_r1; DeltaTime: 0.100",123290.73
2432,2026-07-01 12:22:50.755,PickUpHL,PickUpHL_b36_fp48_r1,COMPLETED,"Subtree execution completed successfully",123291.09
2433,2026-07-01 12:22:50.755,PickUpHL,PickUpHL_b36_fp48_r1,STARTED,"DeltaTime: 0.100",123291.10
2434,2026-07-01 12:22:50.755,PickUpHL,PickUpHL_b36_fp48_r1,COMPLETED,"Action logic completed successfully",123291.11
2435,2026-07-01 12:22:50.757,PickUpHL,PickUpHL_b36_fp48_r1,COMPLETED,"Effects applied on exit",123293.79
2436,2026-07-01 12:22:50.888,StackHL,StackHL_b36_lp6_r1_pr2_lay6_m6,STARTED,"HL subtree tick: FF_Default_DynamicFlow_StackHL_b36_lp6_r1_pr2_lay6_m6; DeltaTime: 0.100",123424.54
2437,2026-07-01 12:22:51.259,TravelML,TravelML_r1_fp48_pr2,STARTED,"ML action execution; DeltaTime: 0.100",123795.73
2438,2026-07-01 12:22:51.259,TravelML,TravelML_r1_fp48_pr2,STARTED,"DeltaTime: 0.100",123795.75
2439,2026-07-01 12:22:51.259,TravelML,TravelML_r1_fp48_pr2,COMPLETED,"Action logic completed successfully",123795.75
2440,2026-07-01 12:22:51.262,TravelML,TravelML_r1_fp48_pr2,COMPLETED,"Effects applied on exit",123798.59
2441,2026-07-01 12:22:51.385,StackHL,StackHL_b36_lp6_r1_pr2_lay6_m6,STARTED,"HL subtree tick: FF_Default_DynamicFlow_StackHL_b36_lp6_r1_pr2_lay6_m6; DeltaTime: 0.100",123921.04
2442,2026-07-01 12:22:51.386,StackML,StackML_b36_lp6_r1_vg1_pr2,STARTED,"ML action execution; DeltaTime: 0.100",123922.24
2443,2026-07-01 12:22:51.386,StackML,StackML_b36_lp6_r1_vg1_pr2,STARTED,"DeltaTime: 0.100",123922.26
2444,2026-07-01 12:22:51.386,StackML,StackML_b36_lp6_r1_vg1_pr2,COMPLETED,"Action logic completed successfully",123922.27
2445,2026-07-01 12:22:51.391,StackML,StackML_b36_lp6_r1_vg1_pr2,COMPLETED,"Effects applied on exit",123927.39
2446,2026-07-01 12:22:51.526,StackHL,StackHL_b36_lp6_r1_pr2_lay6_m6,STARTED,"HL subtree tick: FF_Default_DynamicFlow_StackHL_b36_lp6_r1_pr2_lay6_m6; DeltaTime: 0.100",124062.77
2447,2026-07-01 12:22:51.527,StackHL,StackHL_b36_lp6_r1_pr2_lay6_m6,COMPLETED,"Subtree execution completed successfully",124063.13
2448,2026-07-01 12:22:51.527,StackHL,StackHL_b36_lp6_r1_pr2_lay6_m6,STARTED,"DeltaTime: 0.100",124063.14
2449,2026-07-01 12:22:51.527,StackHL,StackHL_b36_lp6_r1_pr2_lay6_m6,COMPLETED,"Action logic completed successfully",124063.14
2450,2026-07-01 12:22:51.530,StackHL,StackHL_b36_lp6_r1_pr2_lay6_m6,COMPLETED,"Effects applied on exit",124066.00
2451,2026-07-01 12:22:51.658,PickUpHL,PickUpHL_b34_fp46_r1,STARTED,"HL subtree tick: FF_Default_DynamicFlow_PickUpHL_b34_fp46_r1; DeltaTime: 0.100",124194.13
2452,2026-07-01 12:22:52.019,TravelML,TravelML_r1_pr2_fp46,STARTED,"ML action execution; DeltaTime: 0.100",124555.60
2453,2026-07-01 12:22:52.019,TravelML,TravelML_r1_pr2_fp46,STARTED,"DeltaTime: 0.100",124555.62
2454,2026-07-01 12:22:52.019,TravelML,TravelML_r1_pr2_fp46,COMPLETED,"Action logic completed successfully",124555.65
2455,2026-07-01 12:22:52.022,TravelML,TravelML_r1_pr2_fp46,COMPLETED,"Effects applied on exit",124558.82
2456,2026-07-01 12:22:52.144,PickUpHL,PickUpHL_b34_fp46_r1,STARTED,"HL subtree tick: FF_Default_DynamicFlow_PickUpHL_b34_fp46_r1; DeltaTime: 0.100",124680.89
2457,2026-07-01 12:22:52.145,PickUpML,PickUpML_b34_fp46_r1_vg1,STARTED,"ML action execution; DeltaTime: 0.100",124681.81
2458,2026-07-01 12:22:52.145,PickUpML,PickUpML_b34_fp46_r1_vg1,STARTED,"DeltaTime: 0.100",124681.82
2459,2026-07-01 12:22:52.145,PickUpML,PickUpML_b34_fp46_r1_vg1,COMPLETED,"Action logic completed successfully",124681.82
2460,2026-07-01 12:22:52.151,PickUpML,PickUpML_b34_fp46_r1_vg1,COMPLETED,"Effects applied on exit",124687.26
2461,2026-07-01 12:22:52.284,PickUpHL,PickUpHL_b34_fp46_r1,STARTED,"HL subtree tick: FF_Default_DynamicFlow_PickUpHL_b34_fp46_r1; DeltaTime: 0.100",124820.40
2462,2026-07-01 12:22:52.284,PickUpHL,PickUpHL_b34_fp46_r1,COMPLETED,"Subtree execution completed successfully",124820.90
2463,2026-07-01 12:22:52.285,PickUpHL,PickUpHL_b34_fp46_r1,STARTED,"DeltaTime: 0.100",124820.91
2464,2026-07-01 12:22:52.285,PickUpHL,PickUpHL_b34_fp46_r1,COMPLETED,"Action logic completed successfully",124820.91
2465,2026-07-01 12:22:52.288,PickUpHL,PickUpHL_b34_fp46_r1,COMPLETED,"Effects applied on exit",124823.96
2466,2026-07-01 12:22:52.421,StackHL,StackHL_b34_lp6_r1_pr2_lay6_m6,STARTED,"HL subtree tick: FF_Default_DynamicFlow_StackHL_b34_lp6_r1_pr2_lay6_m6; DeltaTime: 0.100",124957.63
2467,2026-07-01 12:22:52.775,TravelML,TravelML_r1_fp46_pr2,STARTED,"ML action execution; DeltaTime: 0.100",125310.96
2468,2026-07-01 12:22:52.775,TravelML,TravelML_r1_fp46_pr2,STARTED,"DeltaTime: 0.100",125310.98
2469,2026-07-01 12:22:52.775,TravelML,TravelML_r1_fp46_pr2,COMPLETED,"Action logic completed successfully",125310.98
2470,2026-07-01 12:22:52.778,TravelML,TravelML_r1_fp46_pr2,COMPLETED,"Effects applied on exit",125314.19
2471,2026-07-01 12:22:52.902,StackHL,StackHL_b34_lp6_r1_pr2_lay6_m6,STARTED,"HL subtree tick: FF_Default_DynamicFlow_StackHL_b34_lp6_r1_pr2_lay6_m6; DeltaTime: 0.100",125438.45
2472,2026-07-01 12:22:52.903,StackML,StackML_b34_lp6_r1_vg1_pr2,STARTED,"ML action execution; DeltaTime: 0.100",125439.60
2473,2026-07-01 12:22:52.903,StackML,StackML_b34_lp6_r1_vg1_pr2,STARTED,"DeltaTime: 0.100",125439.61
2474,2026-07-01 12:22:52.903,StackML,StackML_b34_lp6_r1_vg1_pr2,COMPLETED,"Action logic completed successfully",125439.62
2475,2026-07-01 12:22:52.908,StackML,StackML_b34_lp6_r1_vg1_pr2,COMPLETED,"Effects applied on exit",125444.00
2476,2026-07-01 12:22:53.030,StackHL,StackHL_b34_lp6_r1_pr2_lay6_m6,STARTED,"HL subtree tick: FF_Default_DynamicFlow_StackHL_b34_lp6_r1_pr2_lay6_m6; DeltaTime: 0.100",125565.96
2477,2026-07-01 12:22:53.030,StackHL,StackHL_b34_lp6_r1_pr2_lay6_m6,COMPLETED,"Subtree execution completed successfully",125566.42
2478,2026-07-01 12:22:53.030,StackHL,StackHL_b34_lp6_r1_pr2_lay6_m6,STARTED,"DeltaTime: 0.100",125566.43
2479,2026-07-01 12:22:53.030,StackHL,StackHL_b34_lp6_r1_pr2_lay6_m6,COMPLETED,"Action logic completed successfully",125566.43
2480,2026-07-01 12:22:53.033,StackHL,StackHL_b34_lp6_r1_pr2_lay6_m6,COMPLETED,"Effects applied on exit",125569.76
2481,2026-07-01 12:22:53.163,PickUpHL,PickUpHL_b33_fp44_r1,STARTED,"HL subtree tick: FF_Default_DynamicFlow_PickUpHL_b33_fp44_r1; DeltaTime: 0.100",125699.58
2482,2026-07-01 12:22:53.515,TravelML,TravelML_r1_pr2_fp44,STARTED,"ML action execution; DeltaTime: 0.100",126051.13
2483,2026-07-01 12:22:53.515,TravelML,TravelML_r1_pr2_fp44,STARTED,"DeltaTime: 0.100",126051.14
2484,2026-07-01 12:22:53.515,TravelML,TravelML_r1_pr2_fp44,COMPLETED,"Action logic completed successfully",126051.15
2485,2026-07-01 12:22:53.519,TravelML,TravelML_r1_pr2_fp44,COMPLETED,"Effects applied on exit",126055.00
2486,2026-07-01 12:22:53.645,PickUpHL,PickUpHL_b33_fp44_r1,STARTED,"HL subtree tick: FF_Default_DynamicFlow_PickUpHL_b33_fp44_r1; DeltaTime: 0.100",126181.63
2487,2026-07-01 12:22:53.647,PickUpML,PickUpML_b33_fp44_r1_vg1,STARTED,"ML action execution; DeltaTime: 0.100",126183.04
2488,2026-07-01 12:22:53.647,PickUpML,PickUpML_b33_fp44_r1_vg1,STARTED,"DeltaTime: 0.100",126183.05
2489,2026-07-01 12:22:53.647,PickUpML,PickUpML_b33_fp44_r1_vg1,COMPLETED,"Action logic completed successfully",126183.06
2490,2026-07-01 12:22:53.652,PickUpML,PickUpML_b33_fp44_r1_vg1,COMPLETED,"Effects applied on exit",126188.04
2491,2026-07-01 12:22:53.771,PickUpHL,PickUpHL_b33_fp44_r1,STARTED,"HL subtree tick: FF_Default_DynamicFlow_PickUpHL_b33_fp44_r1; DeltaTime: 0.100",126307.18
2492,2026-07-01 12:22:53.771,PickUpHL,PickUpHL_b33_fp44_r1,COMPLETED,"Subtree execution completed successfully",126307.58
2493,2026-07-01 12:22:53.771,PickUpHL,PickUpHL_b33_fp44_r1,STARTED,"DeltaTime: 0.100",126307.59
2494,2026-07-01 12:22:53.771,PickUpHL,PickUpHL_b33_fp44_r1,COMPLETED,"Action logic completed successfully",126307.60
2495,2026-07-01 12:22:53.774,PickUpHL,PickUpHL_b33_fp44_r1,COMPLETED,"Effects applied on exit",126310.40
2496,2026-07-01 12:22:53.907,StackHL,StackHL_b33_lp6_r1_pr2_lay6_m6,STARTED,"HL subtree tick: FF_Default_DynamicFlow_StackHL_b33_lp6_r1_pr2_lay6_m6; DeltaTime: 0.100",126443.40
2497,2026-07-01 12:22:54.248,TravelML,TravelML_r1_fp44_pr2,STARTED,"ML action execution; DeltaTime: 0.100",126784.37
2498,2026-07-01 12:22:54.248,TravelML,TravelML_r1_fp44_pr2,STARTED,"DeltaTime: 0.100",126784.38
2499,2026-07-01 12:22:54.248,TravelML,TravelML_r1_fp44_pr2,COMPLETED,"Action logic completed successfully",126784.39
2500,2026-07-01 12:22:54.251,TravelML,TravelML_r1_fp44_pr2,COMPLETED,"Effects applied on exit",126787.49
2501,2026-07-01 12:22:54.390,StackHL,StackHL_b33_lp6_r1_pr2_lay6_m6,STARTED,"HL subtree tick: FF_Default_DynamicFlow_StackHL_b33_lp6_r1_pr2_lay6_m6; DeltaTime: 0.100",126926.28
2502,2026-07-01 12:22:54.392,StackML,StackML_b33_lp6_r1_vg1_pr2,STARTED,"ML action execution; DeltaTime: 0.100",126928.21
2503,2026-07-01 12:22:54.392,StackML,StackML_b33_lp6_r1_vg1_pr2,STARTED,"DeltaTime: 0.100",126928.24
2504,2026-07-01 12:22:54.392,StackML,StackML_b33_lp6_r1_vg1_pr2,COMPLETED,"Action logic completed successfully",126928.25
2505,2026-07-01 12:22:54.398,StackML,StackML_b33_lp6_r1_vg1_pr2,COMPLETED,"Effects applied on exit",126934.02
2506,2026-07-01 12:22:54.532,StackHL,StackHL_b33_lp6_r1_pr2_lay6_m6,STARTED,"HL subtree tick: FF_Default_DynamicFlow_StackHL_b33_lp6_r1_pr2_lay6_m6; DeltaTime: 0.100",127068.87
2507,2026-07-01 12:22:54.533,StackHL,StackHL_b33_lp6_r1_pr2_lay6_m6,COMPLETED,"Subtree execution completed successfully",127069.55
2508,2026-07-01 12:22:54.533,StackHL,StackHL_b33_lp6_r1_pr2_lay6_m6,STARTED,"DeltaTime: 0.100",127069.56
2509,2026-07-01 12:22:54.533,StackHL,StackHL_b33_lp6_r1_pr2_lay6_m6,COMPLETED,"Action logic completed successfully",127069.57
2510,2026-07-01 12:22:54.538,StackHL,StackHL_b33_lp6_r1_pr2_lay6_m6,COMPLETED,"Effects applied on exit",127074.01
2511,2026-07-01 12:22:54.668,PickUpHL,PickUpHL_b35_fp47_r1,STARTED,"HL subtree tick: FF_Default_DynamicFlow_PickUpHL_b35_fp47_r1; DeltaTime: 0.100",127204.37
2512,2026-07-01 12:22:55.046,TravelML,TravelML_r1_pr2_fp47,STARTED,"ML action execution; DeltaTime: 0.100",127582.20
2513,2026-07-01 12:22:55.046,TravelML,TravelML_r1_pr2_fp47,STARTED,"DeltaTime: 0.100",127582.21
2514,2026-07-01 12:22:55.046,TravelML,TravelML_r1_pr2_fp47,COMPLETED,"Action logic completed successfully",127582.22
2515,2026-07-01 12:22:55.049,TravelML,TravelML_r1_pr2_fp47,COMPLETED,"Effects applied on exit",127585.21
2516,2026-07-01 12:22:55.180,PickUpHL,PickUpHL_b35_fp47_r1,STARTED,"HL subtree tick: FF_Default_DynamicFlow_PickUpHL_b35_fp47_r1; DeltaTime: 0.100",127716.86
2517,2026-07-01 12:22:55.183,PickUpML,PickUpML_b35_fp47_r1_vg1,STARTED,"ML action execution; DeltaTime: 0.100",127718.91
2518,2026-07-01 12:22:55.183,PickUpML,PickUpML_b35_fp47_r1_vg1,STARTED,"DeltaTime: 0.100",127718.93
2519,2026-07-01 12:22:55.183,PickUpML,PickUpML_b35_fp47_r1_vg1,COMPLETED,"Action logic completed successfully",127718.94
2520,2026-07-01 12:22:55.187,PickUpML,PickUpML_b35_fp47_r1_vg1,COMPLETED,"Effects applied on exit",127722.92
2521,2026-07-01 12:22:55.311,PickUpHL,PickUpHL_b35_fp47_r1,STARTED,"HL subtree tick: FF_Default_DynamicFlow_PickUpHL_b35_fp47_r1; DeltaTime: 0.100",127847.52
2522,2026-07-01 12:22:55.312,PickUpHL,PickUpHL_b35_fp47_r1,COMPLETED,"Subtree execution completed successfully",127848.43
2523,2026-07-01 12:22:55.312,PickUpHL,PickUpHL_b35_fp47_r1,STARTED,"DeltaTime: 0.100",127848.45
2524,2026-07-01 12:22:55.312,PickUpHL,PickUpHL_b35_fp47_r1,COMPLETED,"Action logic completed successfully",127848.47
2525,2026-07-01 12:22:55.315,PickUpHL,PickUpHL_b35_fp47_r1,COMPLETED,"Effects applied on exit",127851.29
2526,2026-07-01 12:22:55.457,StackHL,StackHL_b35_lp6_r1_pr2_lay6_m6,STARTED,"HL subtree tick: FF_Default_DynamicFlow_StackHL_b35_lp6_r1_pr2_lay6_m6; DeltaTime: 0.100",127993.65
2527,2026-07-01 12:22:55.861,TravelML,TravelML_r1_fp47_pr2,STARTED,"ML action execution; DeltaTime: 0.100",128397.19
2528,2026-07-01 12:22:55.861,TravelML,TravelML_r1_fp47_pr2,STARTED,"DeltaTime: 0.100",128397.21
2529,2026-07-01 12:22:55.861,TravelML,TravelML_r1_fp47_pr2,COMPLETED,"Action logic completed successfully",128397.21
2530,2026-07-01 12:22:55.864,TravelML,TravelML_r1_fp47_pr2,COMPLETED,"Effects applied on exit",128400.11
2531,2026-07-01 12:22:56.012,StackHL,StackHL_b35_lp6_r1_pr2_lay6_m6,STARTED,"HL subtree tick: FF_Default_DynamicFlow_StackHL_b35_lp6_r1_pr2_lay6_m6; DeltaTime: 0.100",128548.19
2532,2026-07-01 12:22:56.014,StackML,StackML_b35_lp6_r1_vg1_pr2,STARTED,"ML action execution; DeltaTime: 0.100",128550.34
2533,2026-07-01 12:22:56.014,StackML,StackML_b35_lp6_r1_vg1_pr2,STARTED,"DeltaTime: 0.100",128550.35
2534,2026-07-01 12:22:56.014,StackML,StackML_b35_lp6_r1_vg1_pr2,COMPLETED,"Action logic completed successfully",128550.36
2535,2026-07-01 12:22:56.018,StackML,StackML_b35_lp6_r1_vg1_pr2,COMPLETED,"Effects applied on exit",128554.61
2536,2026-07-01 12:22:56.141,StackHL,StackHL_b35_lp6_r1_pr2_lay6_m6,STARTED,"HL subtree tick: FF_Default_DynamicFlow_StackHL_b35_lp6_r1_pr2_lay6_m6; DeltaTime: 0.100",128676.98
2537,2026-07-01 12:22:56.141,StackHL,StackHL_b35_lp6_r1_pr2_lay6_m6,COMPLETED,"Subtree execution completed successfully",128677.42
2538,2026-07-01 12:22:56.141,StackHL,StackHL_b35_lp6_r1_pr2_lay6_m6,STARTED,"DeltaTime: 0.100",128677.43
2539,2026-07-01 12:22:56.141,StackHL,StackHL_b35_lp6_r1_pr2_lay6_m6,COMPLETED,"Action logic completed successfully",128677.43
2540,2026-07-01 12:22:56.144,StackHL,StackHL_b35_lp6_r1_pr2_lay6_m6,COMPLETED,"Effects applied on exit",128680.44
2541,2026-07-01 12:22:56.283,PickUpHL,PickUpHL_b37_fp50_r1,STARTED,"HL subtree tick: FF_Default_DynamicFlow_PickUpHL_b37_fp50_r1; DeltaTime: 0.100",128819.50
2542,2026-07-01 12:22:56.658,TravelML,TravelML_r1_pr2_fp50,STARTED,"ML action execution; DeltaTime: 0.100",129194.74
2543,2026-07-01 12:22:56.658,TravelML,TravelML_r1_pr2_fp50,STARTED,"DeltaTime: 0.100",129194.75
2544,2026-07-01 12:22:56.658,TravelML,TravelML_r1_pr2_fp50,COMPLETED,"Action logic completed successfully",129194.76
2545,2026-07-01 12:22:56.661,TravelML,TravelML_r1_pr2_fp50,COMPLETED,"Effects applied on exit",129197.75
2546,2026-07-01 12:22:56.789,PickUpHL,PickUpHL_b37_fp50_r1,STARTED,"HL subtree tick: FF_Default_DynamicFlow_PickUpHL_b37_fp50_r1; DeltaTime: 0.100",129325.19
2547,2026-07-01 12:22:56.790,PickUpML,PickUpML_b37_fp50_r1_vg1,STARTED,"ML action execution; DeltaTime: 0.100",129326.13
2548,2026-07-01 12:22:56.790,PickUpML,PickUpML_b37_fp50_r1_vg1,STARTED,"DeltaTime: 0.100",129326.14
2549,2026-07-01 12:22:56.790,PickUpML,PickUpML_b37_fp50_r1_vg1,COMPLETED,"Action logic completed successfully",129326.15
2550,2026-07-01 12:22:56.793,PickUpML,PickUpML_b37_fp50_r1_vg1,COMPLETED,"Effects applied on exit",129329.76
2551,2026-07-01 12:22:56.915,PickUpHL,PickUpHL_b37_fp50_r1,STARTED,"HL subtree tick: FF_Default_DynamicFlow_PickUpHL_b37_fp50_r1; DeltaTime: 0.100",129451.01
2552,2026-07-01 12:22:56.915,PickUpHL,PickUpHL_b37_fp50_r1,COMPLETED,"Subtree execution completed successfully",129451.58
2553,2026-07-01 12:22:56.915,PickUpHL,PickUpHL_b37_fp50_r1,STARTED,"DeltaTime: 0.100",129451.59
2554,2026-07-01 12:22:56.915,PickUpHL,PickUpHL_b37_fp50_r1,COMPLETED,"Action logic completed successfully",129451.59
2555,2026-07-01 12:22:56.918,PickUpHL,PickUpHL_b37_fp50_r1,COMPLETED,"Effects applied on exit",129454.24
2556,2026-07-01 12:22:57.048,StackHL,StackHL_b37_lp7_r1_pr3_lay7_m7,STARTED,"HL subtree tick: FF_Default_DynamicFlow_StackHL_b37_lp7_r1_pr3_lay7_m7; DeltaTime: 0.100",129584.71
2557,2026-07-01 12:22:57.432,TravelML,TravelML_r1_fp50_pr3,STARTED,"ML action execution; DeltaTime: 0.100",129968.48
2558,2026-07-01 12:22:57.432,TravelML,TravelML_r1_fp50_pr3,STARTED,"DeltaTime: 0.100",129968.49
2559,2026-07-01 12:22:57.432,TravelML,TravelML_r1_fp50_pr3,COMPLETED,"Action logic completed successfully",129968.50
2560,2026-07-01 12:22:57.436,TravelML,TravelML_r1_fp50_pr3,COMPLETED,"Effects applied on exit",129971.91
2561,2026-07-01 12:22:57.567,StackHL,StackHL_b37_lp7_r1_pr3_lay7_m7,STARTED,"HL subtree tick: FF_Default_DynamicFlow_StackHL_b37_lp7_r1_pr3_lay7_m7; DeltaTime: 0.100",130103.59
2562,2026-07-01 12:22:57.568,StackML,StackML_b37_lp7_r1_vg1_pr3,STARTED,"ML action execution; DeltaTime: 0.100",130104.80
2563,2026-07-01 12:22:57.568,StackML,StackML_b37_lp7_r1_vg1_pr3,STARTED,"DeltaTime: 0.100",130104.81
2564,2026-07-01 12:22:57.568,StackML,StackML_b37_lp7_r1_vg1_pr3,COMPLETED,"Action logic completed successfully",130104.81
2565,2026-07-01 12:22:57.573,StackML,StackML_b37_lp7_r1_vg1_pr3,COMPLETED,"Effects applied on exit",130109.20
2566,2026-07-01 12:22:57.695,StackHL,StackHL_b37_lp7_r1_pr3_lay7_m7,STARTED,"HL subtree tick: FF_Default_DynamicFlow_StackHL_b37_lp7_r1_pr3_lay7_m7; DeltaTime: 0.100",130230.91
2567,2026-07-01 12:22:57.695,StackHL,StackHL_b37_lp7_r1_pr3_lay7_m7,COMPLETED,"Subtree execution completed successfully",130231.25
2568,2026-07-01 12:22:57.695,StackHL,StackHL_b37_lp7_r1_pr3_lay7_m7,STARTED,"DeltaTime: 0.100",130231.26
2569,2026-07-01 12:22:57.695,StackHL,StackHL_b37_lp7_r1_pr3_lay7_m7,COMPLETED,"Action logic completed successfully",130231.26
2570,2026-07-01 12:22:57.698,StackHL,StackHL_b37_lp7_r1_pr3_lay7_m7,COMPLETED,"Effects applied on exit",130233.90
2571,2026-07-01 12:22:57.828,PickUpHL,PickUpHL_b38_fp51_r1,STARTED,"HL subtree tick: FF_Default_DynamicFlow_PickUpHL_b38_fp51_r1; DeltaTime: 0.100",130364.35
2572,2026-07-01 12:22:58.191,TravelML,TravelML_r1_pr3_fp51,STARTED,"ML action execution; DeltaTime: 0.100",130726.95
2573,2026-07-01 12:22:58.191,TravelML,TravelML_r1_pr3_fp51,STARTED,"DeltaTime: 0.100",130726.96
2574,2026-07-01 12:22:58.191,TravelML,TravelML_r1_pr3_fp51,COMPLETED,"Action logic completed successfully",130726.97
2575,2026-07-01 12:22:58.194,TravelML,TravelML_r1_pr3_fp51,COMPLETED,"Effects applied on exit",130729.98
2576,2026-07-01 12:22:58.322,PickUpHL,PickUpHL_b38_fp51_r1,STARTED,"HL subtree tick: FF_Default_DynamicFlow_PickUpHL_b38_fp51_r1; DeltaTime: 0.100",130858.70
2577,2026-07-01 12:22:58.325,PickUpML,PickUpML_b38_fp51_r1_vg1,STARTED,"ML action execution; DeltaTime: 0.100",130861.41
2578,2026-07-01 12:22:58.325,PickUpML,PickUpML_b38_fp51_r1_vg1,STARTED,"DeltaTime: 0.100",130861.43
2579,2026-07-01 12:22:58.325,PickUpML,PickUpML_b38_fp51_r1_vg1,COMPLETED,"Action logic completed successfully",130861.44
2580,2026-07-01 12:22:58.329,PickUpML,PickUpML_b38_fp51_r1_vg1,COMPLETED,"Effects applied on exit",130865.08
2581,2026-07-01 12:22:58.450,PickUpHL,PickUpHL_b38_fp51_r1,STARTED,"HL subtree tick: FF_Default_DynamicFlow_PickUpHL_b38_fp51_r1; DeltaTime: 0.100",130986.59
2582,2026-07-01 12:22:58.451,PickUpHL,PickUpHL_b38_fp51_r1,COMPLETED,"Subtree execution completed successfully",130986.97
2583,2026-07-01 12:22:58.451,PickUpHL,PickUpHL_b38_fp51_r1,STARTED,"DeltaTime: 0.100",130986.97
2584,2026-07-01 12:22:58.451,PickUpHL,PickUpHL_b38_fp51_r1,COMPLETED,"Action logic completed successfully",130986.98
2585,2026-07-01 12:22:58.454,PickUpHL,PickUpHL_b38_fp51_r1,COMPLETED,"Effects applied on exit",130990.53
2586,2026-07-01 12:22:58.584,StackHL,StackHL_b38_lp7_r1_pr3_lay7_m7,STARTED,"HL subtree tick: FF_Default_DynamicFlow_StackHL_b38_lp7_r1_pr3_lay7_m7; DeltaTime: 0.100",131120.64
2587,2026-07-01 12:22:58.960,TravelML,TravelML_r1_fp51_pr3,STARTED,"ML action execution; DeltaTime: 0.100",131496.52
2588,2026-07-01 12:22:58.960,TravelML,TravelML_r1_fp51_pr3,STARTED,"DeltaTime: 0.100",131496.53
2589,2026-07-01 12:22:58.960,TravelML,TravelML_r1_fp51_pr3,COMPLETED,"Action logic completed successfully",131496.54
2590,2026-07-01 12:22:58.963,TravelML,TravelML_r1_fp51_pr3,COMPLETED,"Effects applied on exit",131499.61
2591,2026-07-01 12:22:59.082,StackHL,StackHL_b38_lp7_r1_pr3_lay7_m7,STARTED,"HL subtree tick: FF_Default_DynamicFlow_StackHL_b38_lp7_r1_pr3_lay7_m7; DeltaTime: 0.100",131618.57
2592,2026-07-01 12:22:59.084,StackML,StackML_b38_lp7_r1_vg1_pr3,STARTED,"ML action execution; DeltaTime: 0.100",131620.02
2593,2026-07-01 12:22:59.084,StackML,StackML_b38_lp7_r1_vg1_pr3,STARTED,"DeltaTime: 0.100",131620.03
2594,2026-07-01 12:22:59.084,StackML,StackML_b38_lp7_r1_vg1_pr3,COMPLETED,"Action logic completed successfully",131620.04
2595,2026-07-01 12:22:59.090,StackML,StackML_b38_lp7_r1_vg1_pr3,COMPLETED,"Effects applied on exit",131626.37
2596,2026-07-01 12:22:59.223,StackHL,StackHL_b38_lp7_r1_pr3_lay7_m7,STARTED,"HL subtree tick: FF_Default_DynamicFlow_StackHL_b38_lp7_r1_pr3_lay7_m7; DeltaTime: 0.100",131759.59
2597,2026-07-01 12:22:59.224,StackHL,StackHL_b38_lp7_r1_pr3_lay7_m7,COMPLETED,"Subtree execution completed successfully",131759.98
2598,2026-07-01 12:22:59.224,StackHL,StackHL_b38_lp7_r1_pr3_lay7_m7,STARTED,"DeltaTime: 0.100",131759.99
2599,2026-07-01 12:22:59.224,StackHL,StackHL_b38_lp7_r1_pr3_lay7_m7,COMPLETED,"Action logic completed successfully",131759.99
2600,2026-07-01 12:22:59.227,StackHL,StackHL_b38_lp7_r1_pr3_lay7_m7,COMPLETED,"Effects applied on exit",131763.12
2601,2026-07-01 12:22:59.362,PickUpHL,PickUpHL_b42_fp56_r1,STARTED,"HL subtree tick: FF_Default_DynamicFlow_PickUpHL_b42_fp56_r1; DeltaTime: 0.100",131898.13
2602,2026-07-01 12:22:59.725,TravelML,TravelML_r1_pr3_fp56,STARTED,"ML action execution; DeltaTime: 0.100",132261.87
2603,2026-07-01 12:22:59.725,TravelML,TravelML_r1_pr3_fp56,STARTED,"DeltaTime: 0.100",132261.89
2604,2026-07-01 12:22:59.725,TravelML,TravelML_r1_pr3_fp56,COMPLETED,"Action logic completed successfully",132261.89
2605,2026-07-01 12:22:59.728,TravelML,TravelML_r1_pr3_fp56,COMPLETED,"Effects applied on exit",132264.68
2606,2026-07-01 12:22:59.851,PickUpHL,PickUpHL_b42_fp56_r1,STARTED,"HL subtree tick: FF_Default_DynamicFlow_PickUpHL_b42_fp56_r1; DeltaTime: 0.100",132386.98
2607,2026-07-01 12:22:59.852,PickUpML,PickUpML_b42_fp56_r1_vg1,STARTED,"ML action execution; DeltaTime: 0.100",132388.23
2608,2026-07-01 12:22:59.852,PickUpML,PickUpML_b42_fp56_r1_vg1,STARTED,"DeltaTime: 0.100",132388.26
2609,2026-07-01 12:22:59.852,PickUpML,PickUpML_b42_fp56_r1_vg1,COMPLETED,"Action logic completed successfully",132388.29
2610,2026-07-01 12:22:59.856,PickUpML,PickUpML_b42_fp56_r1_vg1,COMPLETED,"Effects applied on exit",132392.09
2611,2026-07-01 12:22:59.986,PickUpHL,PickUpHL_b42_fp56_r1,STARTED,"HL subtree tick: FF_Default_DynamicFlow_PickUpHL_b42_fp56_r1; DeltaTime: 0.100",132522.23
2612,2026-07-01 12:22:59.986,PickUpHL,PickUpHL_b42_fp56_r1,COMPLETED,"Subtree execution completed successfully",132522.64
2613,2026-07-01 12:22:59.986,PickUpHL,PickUpHL_b42_fp56_r1,STARTED,"DeltaTime: 0.100",132522.64
2614,2026-07-01 12:22:59.986,PickUpHL,PickUpHL_b42_fp56_r1,COMPLETED,"Action logic completed successfully",132522.65
2615,2026-07-01 12:22:59.989,PickUpHL,PickUpHL_b42_fp56_r1,COMPLETED,"Effects applied on exit",132525.40
2616,2026-07-01 12:23:00.129,StackHL,StackHL_b42_lp7_r1_pr3_lay7_m7,STARTED,"HL subtree tick: FF_Default_DynamicFlow_StackHL_b42_lp7_r1_pr3_lay7_m7; DeltaTime: 0.100",132664.95
2617,2026-07-01 12:23:00.487,TravelML,TravelML_r1_fp56_pr3,STARTED,"ML action execution; DeltaTime: 0.100",133023.01
2618,2026-07-01 12:23:00.487,TravelML,TravelML_r1_fp56_pr3,STARTED,"DeltaTime: 0.100",133023.03
2619,2026-07-01 12:23:00.487,TravelML,TravelML_r1_fp56_pr3,COMPLETED,"Action logic completed successfully",133023.03
2620,2026-07-01 12:23:00.489,TravelML,TravelML_r1_fp56_pr3,COMPLETED,"Effects applied on exit",133025.84
2621,2026-07-01 12:23:00.617,StackHL,StackHL_b42_lp7_r1_pr3_lay7_m7,STARTED,"HL subtree tick: FF_Default_DynamicFlow_StackHL_b42_lp7_r1_pr3_lay7_m7; DeltaTime: 0.100",133153.77
2622,2026-07-01 12:23:00.618,StackML,StackML_b42_lp7_r1_vg1_pr3,STARTED,"ML action execution; DeltaTime: 0.100",133154.90
2623,2026-07-01 12:23:00.619,StackML,StackML_b42_lp7_r1_vg1_pr3,STARTED,"DeltaTime: 0.100",133154.91
2624,2026-07-01 12:23:00.619,StackML,StackML_b42_lp7_r1_vg1_pr3,COMPLETED,"Action logic completed successfully",133154.92
2625,2026-07-01 12:23:00.623,StackML,StackML_b42_lp7_r1_vg1_pr3,COMPLETED,"Effects applied on exit",133159.31
2626,2026-07-01 12:23:00.748,StackHL,StackHL_b42_lp7_r1_pr3_lay7_m7,STARTED,"HL subtree tick: FF_Default_DynamicFlow_StackHL_b42_lp7_r1_pr3_lay7_m7; DeltaTime: 0.100",133283.96
2627,2026-07-01 12:23:00.748,StackHL,StackHL_b42_lp7_r1_pr3_lay7_m7,COMPLETED,"Subtree execution completed successfully",133284.33
2628,2026-07-01 12:23:00.748,StackHL,StackHL_b42_lp7_r1_pr3_lay7_m7,STARTED,"DeltaTime: 0.100",133284.34
2629,2026-07-01 12:23:00.748,StackHL,StackHL_b42_lp7_r1_pr3_lay7_m7,COMPLETED,"Action logic completed successfully",133284.34
2630,2026-07-01 12:23:00.751,StackHL,StackHL_b42_lp7_r1_pr3_lay7_m7,COMPLETED,"Effects applied on exit",133287.80
2631,2026-07-01 12:23:00.894,PickUpHL,PickUpHL_b40_fp54_r1,STARTED,"HL subtree tick: FF_Default_DynamicFlow_PickUpHL_b40_fp54_r1; DeltaTime: 0.100",133430.14
2632,2026-07-01 12:23:01.273,TravelML,TravelML_r1_pr3_fp54,STARTED,"ML action execution; DeltaTime: 0.100",133808.92
2633,2026-07-01 12:23:01.273,TravelML,TravelML_r1_pr3_fp54,STARTED,"DeltaTime: 0.100",133808.93
2634,2026-07-01 12:23:01.273,TravelML,TravelML_r1_pr3_fp54,COMPLETED,"Action logic completed successfully",133808.94
2635,2026-07-01 12:23:01.275,TravelML,TravelML_r1_pr3_fp54,COMPLETED,"Effects applied on exit",133811.77
2636,2026-07-01 12:23:01.405,PickUpHL,PickUpHL_b40_fp54_r1,STARTED,"HL subtree tick: FF_Default_DynamicFlow_PickUpHL_b40_fp54_r1; DeltaTime: 0.100",133941.77
2637,2026-07-01 12:23:01.407,PickUpML,PickUpML_b40_fp54_r1_vg1,STARTED,"ML action execution; DeltaTime: 0.100",133943.08
2638,2026-07-01 12:23:01.407,PickUpML,PickUpML_b40_fp54_r1_vg1,STARTED,"DeltaTime: 0.100",133943.08
2639,2026-07-01 12:23:01.407,PickUpML,PickUpML_b40_fp54_r1_vg1,COMPLETED,"Action logic completed successfully",133943.10
2640,2026-07-01 12:23:01.410,PickUpML,PickUpML_b40_fp54_r1_vg1,COMPLETED,"Effects applied on exit",133946.89
2641,2026-07-01 12:23:01.533,PickUpHL,PickUpHL_b40_fp54_r1,STARTED,"HL subtree tick: FF_Default_DynamicFlow_PickUpHL_b40_fp54_r1; DeltaTime: 0.100",134069.25
2642,2026-07-01 12:23:01.534,PickUpHL,PickUpHL_b40_fp54_r1,COMPLETED,"Subtree execution completed successfully",134070.01
2643,2026-07-01 12:23:01.534,PickUpHL,PickUpHL_b40_fp54_r1,STARTED,"DeltaTime: 0.100",134070.02
2644,2026-07-01 12:23:01.534,PickUpHL,PickUpHL_b40_fp54_r1,COMPLETED,"Action logic completed successfully",134070.03
2645,2026-07-01 12:23:01.536,PickUpHL,PickUpHL_b40_fp54_r1,COMPLETED,"Effects applied on exit",134072.67
2646,2026-07-01 12:23:01.668,StackHL,StackHL_b40_lp7_r1_pr3_lay7_m7,STARTED,"HL subtree tick: FF_Default_DynamicFlow_StackHL_b40_lp7_r1_pr3_lay7_m7; DeltaTime: 0.100",134204.55
2647,2026-07-01 12:23:02.033,TravelML,TravelML_r1_fp54_pr3,STARTED,"ML action execution; DeltaTime: 0.100",134569.48
2648,2026-07-01 12:23:02.033,TravelML,TravelML_r1_fp54_pr3,STARTED,"DeltaTime: 0.100",134569.50
2649,2026-07-01 12:23:02.033,TravelML,TravelML_r1_fp54_pr3,COMPLETED,"Action logic completed successfully",134569.51
2650,2026-07-01 12:23:02.036,TravelML,TravelML_r1_fp54_pr3,COMPLETED,"Effects applied on exit",134572.73
2651,2026-07-01 12:23:02.167,StackHL,StackHL_b40_lp7_r1_pr3_lay7_m7,STARTED,"HL subtree tick: FF_Default_DynamicFlow_StackHL_b40_lp7_r1_pr3_lay7_m7; DeltaTime: 0.100",134703.03
2652,2026-07-01 12:23:02.168,StackML,StackML_b40_lp7_r1_vg1_pr3,STARTED,"ML action execution; DeltaTime: 0.100",134704.27
2653,2026-07-01 12:23:02.168,StackML,StackML_b40_lp7_r1_vg1_pr3,STARTED,"DeltaTime: 0.100",134704.28
2654,2026-07-01 12:23:02.168,StackML,StackML_b40_lp7_r1_vg1_pr3,COMPLETED,"Action logic completed successfully",134704.29
2655,2026-07-01 12:23:02.175,StackML,StackML_b40_lp7_r1_vg1_pr3,COMPLETED,"Effects applied on exit",134711.29
2656,2026-07-01 12:23:02.307,StackHL,StackHL_b40_lp7_r1_pr3_lay7_m7,STARTED,"HL subtree tick: FF_Default_DynamicFlow_StackHL_b40_lp7_r1_pr3_lay7_m7; DeltaTime: 0.100",134843.68
2657,2026-07-01 12:23:02.308,StackHL,StackHL_b40_lp7_r1_pr3_lay7_m7,COMPLETED,"Subtree execution completed successfully",134844.02
2658,2026-07-01 12:23:02.308,StackHL,StackHL_b40_lp7_r1_pr3_lay7_m7,STARTED,"DeltaTime: 0.100",134844.02
2659,2026-07-01 12:23:02.308,StackHL,StackHL_b40_lp7_r1_pr3_lay7_m7,COMPLETED,"Action logic completed successfully",134844.03
2660,2026-07-01 12:23:02.311,StackHL,StackHL_b40_lp7_r1_pr3_lay7_m7,COMPLETED,"Effects applied on exit",134847.37
2661,2026-07-01 12:23:02.442,PickUpHL,PickUpHL_b39_fp52_r1,STARTED,"HL subtree tick: FF_Default_DynamicFlow_PickUpHL_b39_fp52_r1; DeltaTime: 0.100",134978.60
2662,2026-07-01 12:23:02.799,TravelML,TravelML_r1_pr3_fp52,STARTED,"ML action execution; DeltaTime: 0.100",135335.60
2663,2026-07-01 12:23:02.799,TravelML,TravelML_r1_pr3_fp52,STARTED,"DeltaTime: 0.100",135335.61
2664,2026-07-01 12:23:02.799,TravelML,TravelML_r1_pr3_fp52,COMPLETED,"Action logic completed successfully",135335.62
2665,2026-07-01 12:23:02.802,TravelML,TravelML_r1_pr3_fp52,COMPLETED,"Effects applied on exit",135338.51
2666,2026-07-01 12:23:02.927,PickUpHL,PickUpHL_b39_fp52_r1,STARTED,"HL subtree tick: FF_Default_DynamicFlow_PickUpHL_b39_fp52_r1; DeltaTime: 0.100",135463.69
2667,2026-07-01 12:23:02.929,PickUpML,PickUpML_b39_fp52_r1_vg1,STARTED,"ML action execution; DeltaTime: 0.100",135465.22
2668,2026-07-01 12:23:02.929,PickUpML,PickUpML_b39_fp52_r1_vg1,STARTED,"DeltaTime: 0.100",135465.23
2669,2026-07-01 12:23:02.929,PickUpML,PickUpML_b39_fp52_r1_vg1,COMPLETED,"Action logic completed successfully",135465.24
2670,2026-07-01 12:23:02.933,PickUpML,PickUpML_b39_fp52_r1_vg1,COMPLETED,"Effects applied on exit",135469.88
2671,2026-07-01 12:23:03.067,PickUpHL,PickUpHL_b39_fp52_r1,STARTED,"HL subtree tick: FF_Default_DynamicFlow_PickUpHL_b39_fp52_r1; DeltaTime: 0.100",135603.40
2672,2026-07-01 12:23:03.067,PickUpHL,PickUpHL_b39_fp52_r1,COMPLETED,"Subtree execution completed successfully",135603.76
2673,2026-07-01 12:23:03.067,PickUpHL,PickUpHL_b39_fp52_r1,STARTED,"DeltaTime: 0.100",135603.76
2674,2026-07-01 12:23:03.067,PickUpHL,PickUpHL_b39_fp52_r1,COMPLETED,"Action logic completed successfully",135603.77
2675,2026-07-01 12:23:03.071,PickUpHL,PickUpHL_b39_fp52_r1,COMPLETED,"Effects applied on exit",135607.39
2676,2026-07-01 12:23:03.205,StackHL,StackHL_b39_lp7_r1_pr3_lay7_m7,STARTED,"HL subtree tick: FF_Default_DynamicFlow_StackHL_b39_lp7_r1_pr3_lay7_m7; DeltaTime: 0.100",135741.53
2677,2026-07-01 12:23:03.550,TravelML,TravelML_r1_fp52_pr3,STARTED,"ML action execution; DeltaTime: 0.100",136086.80
2678,2026-07-01 12:23:03.550,TravelML,TravelML_r1_fp52_pr3,STARTED,"DeltaTime: 0.100",136086.81
2679,2026-07-01 12:23:03.550,TravelML,TravelML_r1_fp52_pr3,COMPLETED,"Action logic completed successfully",136086.82
2680,2026-07-01 12:23:03.554,TravelML,TravelML_r1_fp52_pr3,COMPLETED,"Effects applied on exit",136090.32
2681,2026-07-01 12:23:03.677,StackHL,StackHL_b39_lp7_r1_pr3_lay7_m7,STARTED,"HL subtree tick: FF_Default_DynamicFlow_StackHL_b39_lp7_r1_pr3_lay7_m7; DeltaTime: 0.100",136213.02
2682,2026-07-01 12:23:03.678,StackML,StackML_b39_lp7_r1_vg1_pr3,STARTED,"ML action execution; DeltaTime: 0.100",136213.98
2683,2026-07-01 12:23:03.678,StackML,StackML_b39_lp7_r1_vg1_pr3,STARTED,"DeltaTime: 0.100",136213.99
2684,2026-07-01 12:23:03.678,StackML,StackML_b39_lp7_r1_vg1_pr3,COMPLETED,"Action logic completed successfully",136213.99
2685,2026-07-01 12:23:03.682,StackML,StackML_b39_lp7_r1_vg1_pr3,COMPLETED,"Effects applied on exit",136218.41
2686,2026-07-01 12:23:03.804,StackHL,StackHL_b39_lp7_r1_pr3_lay7_m7,STARTED,"HL subtree tick: FF_Default_DynamicFlow_StackHL_b39_lp7_r1_pr3_lay7_m7; DeltaTime: 0.100",136339.90
2687,2026-07-01 12:23:03.804,StackHL,StackHL_b39_lp7_r1_pr3_lay7_m7,COMPLETED,"Subtree execution completed successfully",136340.25
2688,2026-07-01 12:23:03.804,StackHL,StackHL_b39_lp7_r1_pr3_lay7_m7,STARTED,"DeltaTime: 0.100",136340.26
2689,2026-07-01 12:23:03.804,StackHL,StackHL_b39_lp7_r1_pr3_lay7_m7,COMPLETED,"Action logic completed successfully",136340.27
2690,2026-07-01 12:23:03.807,StackHL,StackHL_b39_lp7_r1_pr3_lay7_m7,COMPLETED,"Effects applied on exit",136342.95
2691,2026-07-01 12:23:03.943,PickUpHL,PickUpHL_b41_fp55_r1,STARTED,"HL subtree tick: FF_Default_DynamicFlow_PickUpHL_b41_fp55_r1; DeltaTime: 0.100",136478.92
2692,2026-07-01 12:23:04.302,TravelML,TravelML_r1_pr3_fp55,STARTED,"ML action execution; DeltaTime: 0.100",136838.21
2693,2026-07-01 12:23:04.302,TravelML,TravelML_r1_pr3_fp55,STARTED,"DeltaTime: 0.100",136838.22
2694,2026-07-01 12:23:04.302,TravelML,TravelML_r1_pr3_fp55,COMPLETED,"Action logic completed successfully",136838.23
2695,2026-07-01 12:23:04.306,TravelML,TravelML_r1_pr3_fp55,COMPLETED,"Effects applied on exit",136842.13
2696,2026-07-01 12:23:04.434,PickUpHL,PickUpHL_b41_fp55_r1,STARTED,"HL subtree tick: FF_Default_DynamicFlow_PickUpHL_b41_fp55_r1; DeltaTime: 0.100",136970.54
2697,2026-07-01 12:23:04.436,PickUpML,PickUpML_b41_fp55_r1_vg1,STARTED,"ML action execution; DeltaTime: 0.100",136971.98
2698,2026-07-01 12:23:04.436,PickUpML,PickUpML_b41_fp55_r1_vg1,STARTED,"DeltaTime: 0.100",136971.99
2699,2026-07-01 12:23:04.436,PickUpML,PickUpML_b41_fp55_r1_vg1,COMPLETED,"Action logic completed successfully",136972.00
2700,2026-07-01 12:23:04.440,PickUpML,PickUpML_b41_fp55_r1_vg1,COMPLETED,"Effects applied on exit",136976.43
2701,2026-07-01 12:23:04.574,PickUpHL,PickUpHL_b41_fp55_r1,STARTED,"HL subtree tick: FF_Default_DynamicFlow_PickUpHL_b41_fp55_r1; DeltaTime: 0.100",137109.99
2702,2026-07-01 12:23:04.574,PickUpHL,PickUpHL_b41_fp55_r1,COMPLETED,"Subtree execution completed successfully",137110.33
2703,2026-07-01 12:23:04.574,PickUpHL,PickUpHL_b41_fp55_r1,STARTED,"DeltaTime: 0.100",137110.34
2704,2026-07-01 12:23:04.574,PickUpHL,PickUpHL_b41_fp55_r1,COMPLETED,"Action logic completed successfully",137110.35
2705,2026-07-01 12:23:04.576,PickUpHL,PickUpHL_b41_fp55_r1,COMPLETED,"Effects applied on exit",137112.79
2706,2026-07-01 12:23:04.702,StackHL,StackHL_b41_lp7_r1_pr3_lay7_m7,STARTED,"HL subtree tick: FF_Default_DynamicFlow_StackHL_b41_lp7_r1_pr3_lay7_m7; DeltaTime: 0.100",137238.19
2707,2026-07-01 12:23:05.051,TravelML,TravelML_r1_fp55_pr3,STARTED,"ML action execution; DeltaTime: 0.100",137587.24
2708,2026-07-01 12:23:05.051,TravelML,TravelML_r1_fp55_pr3,STARTED,"DeltaTime: 0.100",137587.25
2709,2026-07-01 12:23:05.051,TravelML,TravelML_r1_fp55_pr3,COMPLETED,"Action logic completed successfully",137587.26
2710,2026-07-01 12:23:05.054,TravelML,TravelML_r1_fp55_pr3,COMPLETED,"Effects applied on exit",137590.53
2711,2026-07-01 12:23:05.188,StackHL,StackHL_b41_lp7_r1_pr3_lay7_m7,STARTED,"HL subtree tick: FF_Default_DynamicFlow_StackHL_b41_lp7_r1_pr3_lay7_m7; DeltaTime: 0.100",137724.29
2712,2026-07-01 12:23:05.190,StackML,StackML_b41_lp7_r1_vg1_pr3,STARTED,"ML action execution; DeltaTime: 0.100",137726.53
2713,2026-07-01 12:23:05.190,StackML,StackML_b41_lp7_r1_vg1_pr3,STARTED,"DeltaTime: 0.100",137726.54
2714,2026-07-01 12:23:05.190,StackML,StackML_b41_lp7_r1_vg1_pr3,COMPLETED,"Action logic completed successfully",137726.54
2715,2026-07-01 12:23:05.194,StackML,StackML_b41_lp7_r1_vg1_pr3,COMPLETED,"Effects applied on exit",137730.68
2716,2026-07-01 12:23:05.327,StackHL,StackHL_b41_lp7_r1_pr3_lay7_m7,STARTED,"HL subtree tick: FF_Default_DynamicFlow_StackHL_b41_lp7_r1_pr3_lay7_m7; DeltaTime: 0.100",137863.02
2717,2026-07-01 12:23:05.327,StackHL,StackHL_b41_lp7_r1_pr3_lay7_m7,COMPLETED,"Subtree execution completed successfully",137863.44
2718,2026-07-01 12:23:05.327,StackHL,StackHL_b41_lp7_r1_pr3_lay7_m7,STARTED,"DeltaTime: 0.100",137863.45
2719,2026-07-01 12:23:05.327,StackHL,StackHL_b41_lp7_r1_pr3_lay7_m7,COMPLETED,"Action logic completed successfully",137863.46
2720,2026-07-01 12:23:05.330,StackHL,StackHL_b41_lp7_r1_pr3_lay7_m7,COMPLETED,"Effects applied on exit",137866.41
2721,2026-07-01 12:23:05.469,PickUpHL,PickUpHL_b43_fp58_r1,STARTED,"HL subtree tick: FF_Default_DynamicFlow_PickUpHL_b43_fp58_r1; DeltaTime: 0.100",138004.99
2722,2026-07-01 12:23:05.811,TravelML,TravelML_r1_pr3_fp58,STARTED,"ML action execution; DeltaTime: 0.100",138347.75
2723,2026-07-01 12:23:05.811,TravelML,TravelML_r1_pr3_fp58,STARTED,"DeltaTime: 0.100",138347.77
2724,2026-07-01 12:23:05.811,TravelML,TravelML_r1_pr3_fp58,COMPLETED,"Action logic completed successfully",138347.77
2725,2026-07-01 12:23:05.815,TravelML,TravelML_r1_pr3_fp58,COMPLETED,"Effects applied on exit",138351.13
2726,2026-07-01 12:23:05.949,PickUpHL,PickUpHL_b43_fp58_r1,STARTED,"HL subtree tick: FF_Default_DynamicFlow_PickUpHL_b43_fp58_r1; DeltaTime: 0.100",138485.31
2727,2026-07-01 12:23:05.950,PickUpML,PickUpML_b43_fp58_r1_vg1,STARTED,"ML action execution; DeltaTime: 0.100",138486.76
2728,2026-07-01 12:23:05.950,PickUpML,PickUpML_b43_fp58_r1_vg1,STARTED,"DeltaTime: 0.100",138486.78
2729,2026-07-01 12:23:05.950,PickUpML,PickUpML_b43_fp58_r1_vg1,COMPLETED,"Action logic completed successfully",138486.78
2730,2026-07-01 12:23:05.954,PickUpML,PickUpML_b43_fp58_r1_vg1,COMPLETED,"Effects applied on exit",138490.78
2731,2026-07-01 12:23:06.073,PickUpHL,PickUpHL_b43_fp58_r1,STARTED,"HL subtree tick: FF_Default_DynamicFlow_PickUpHL_b43_fp58_r1; DeltaTime: 0.100",138609.84
2732,2026-07-01 12:23:06.074,PickUpHL,PickUpHL_b43_fp58_r1,COMPLETED,"Subtree execution completed successfully",138610.87
2733,2026-07-01 12:23:06.074,PickUpHL,PickUpHL_b43_fp58_r1,STARTED,"DeltaTime: 0.100",138610.89
2734,2026-07-01 12:23:06.075,PickUpHL,PickUpHL_b43_fp58_r1,COMPLETED,"Action logic completed successfully",138610.91
2735,2026-07-01 12:23:06.083,PickUpHL,PickUpHL_b43_fp58_r1,COMPLETED,"Effects applied on exit",138619.49
2736,2026-07-01 12:23:06.211,StackHL,StackHL_b43_lp8_r1_pr4_lay8_m8,STARTED,"HL subtree tick: FF_Default_DynamicFlow_StackHL_b43_lp8_r1_pr4_lay8_m8; DeltaTime: 0.100",138747.59
2737,2026-07-01 12:23:06.572,TravelML,TravelML_r1_fp58_pr4,STARTED,"ML action execution; DeltaTime: 0.100",139108.65
2738,2026-07-01 12:23:06.572,TravelML,TravelML_r1_fp58_pr4,STARTED,"DeltaTime: 0.100",139108.67
2739,2026-07-01 12:23:06.572,TravelML,TravelML_r1_fp58_pr4,COMPLETED,"Action logic completed successfully",139108.68
2740,2026-07-01 12:23:06.586,TravelML,TravelML_r1_fp58_pr4,COMPLETED,"Effects applied on exit",139122.27
2741,2026-07-01 12:23:06.718,StackHL,StackHL_b43_lp8_r1_pr4_lay8_m8,STARTED,"HL subtree tick: FF_Default_DynamicFlow_StackHL_b43_lp8_r1_pr4_lay8_m8; DeltaTime: 0.100",139254.12
2742,2026-07-01 12:23:06.720,StackML,StackML_b43_lp8_r1_vg1_pr4,STARTED,"ML action execution; DeltaTime: 0.100",139256.11
2743,2026-07-01 12:23:06.720,StackML,StackML_b43_lp8_r1_vg1_pr4,STARTED,"DeltaTime: 0.100",139256.12
2744,2026-07-01 12:23:06.720,StackML,StackML_b43_lp8_r1_vg1_pr4,COMPLETED,"Action logic completed successfully",139256.13
2745,2026-07-01 12:23:06.726,StackML,StackML_b43_lp8_r1_vg1_pr4,COMPLETED,"Effects applied on exit",139261.92
2746,2026-07-01 12:23:06.860,StackHL,StackHL_b43_lp8_r1_pr4_lay8_m8,STARTED,"HL subtree tick: FF_Default_DynamicFlow_StackHL_b43_lp8_r1_pr4_lay8_m8; DeltaTime: 0.100",139396.59
2747,2026-07-01 12:23:06.861,StackHL,StackHL_b43_lp8_r1_pr4_lay8_m8,COMPLETED,"Subtree execution completed successfully",139396.98
2748,2026-07-01 12:23:06.861,StackHL,StackHL_b43_lp8_r1_pr4_lay8_m8,STARTED,"DeltaTime: 0.100",139396.99
2749,2026-07-01 12:23:06.861,StackHL,StackHL_b43_lp8_r1_pr4_lay8_m8,COMPLETED,"Action logic completed successfully",139397.00
2750,2026-07-01 12:23:06.864,StackHL,StackHL_b43_lp8_r1_pr4_lay8_m8,COMPLETED,"Effects applied on exit",139400.17
2751,2026-07-01 12:23:06.999,PickUpHL,PickUpHL_b44_fp59_r1,STARTED,"HL subtree tick: FF_Default_DynamicFlow_PickUpHL_b44_fp59_r1; DeltaTime: 0.100",139535.37
2752,2026-07-01 12:23:07.334,TravelML,TravelML_r1_pr4_fp59,STARTED,"ML action execution; DeltaTime: 0.100",139870.68
2753,2026-07-01 12:23:07.334,TravelML,TravelML_r1_pr4_fp59,STARTED,"DeltaTime: 0.100",139870.69
2754,2026-07-01 12:23:07.334,TravelML,TravelML_r1_pr4_fp59,COMPLETED,"Action logic completed successfully",139870.70
2755,2026-07-01 12:23:07.338,TravelML,TravelML_r1_pr4_fp59,COMPLETED,"Effects applied on exit",139874.21
2756,2026-07-01 12:23:07.465,PickUpHL,PickUpHL_b44_fp59_r1,STARTED,"HL subtree tick: FF_Default_DynamicFlow_PickUpHL_b44_fp59_r1; DeltaTime: 0.100",140001.18
2757,2026-07-01 12:23:07.466,PickUpML,PickUpML_b44_fp59_r1_vg1,STARTED,"ML action execution; DeltaTime: 0.100",140002.75
2758,2026-07-01 12:23:07.466,PickUpML,PickUpML_b44_fp59_r1_vg1,STARTED,"DeltaTime: 0.100",140002.76
2759,2026-07-01 12:23:07.466,PickUpML,PickUpML_b44_fp59_r1_vg1,COMPLETED,"Action logic completed successfully",140002.77
2760,2026-07-01 12:23:07.470,PickUpML,PickUpML_b44_fp59_r1_vg1,COMPLETED,"Effects applied on exit",140006.62
2761,2026-07-01 12:23:07.591,PickUpHL,PickUpHL_b44_fp59_r1,STARTED,"HL subtree tick: FF_Default_DynamicFlow_PickUpHL_b44_fp59_r1; DeltaTime: 0.100",140127.86
2762,2026-07-01 12:23:07.592,PickUpHL,PickUpHL_b44_fp59_r1,COMPLETED,"Subtree execution completed successfully",140128.66
2763,2026-07-01 12:23:07.592,PickUpHL,PickUpHL_b44_fp59_r1,STARTED,"DeltaTime: 0.100",140128.68
2764,2026-07-01 12:23:07.592,PickUpHL,PickUpHL_b44_fp59_r1,COMPLETED,"Action logic completed successfully",140128.70
2765,2026-07-01 12:23:07.599,PickUpHL,PickUpHL_b44_fp59_r1,COMPLETED,"Effects applied on exit",140135.24
2766,2026-07-01 12:23:07.749,StackHL,StackHL_b44_lp8_r1_pr4_lay8_m8,STARTED,"HL subtree tick: FF_Default_DynamicFlow_StackHL_b44_lp8_r1_pr4_lay8_m8; DeltaTime: 0.100",140285.83
2767,2026-07-01 12:23:08.126,TravelML,TravelML_r1_fp59_pr4,STARTED,"ML action execution; DeltaTime: 0.100",140662.11
2768,2026-07-01 12:23:08.126,TravelML,TravelML_r1_fp59_pr4,STARTED,"DeltaTime: 0.100",140662.13
2769,2026-07-01 12:23:08.126,TravelML,TravelML_r1_fp59_pr4,COMPLETED,"Action logic completed successfully",140662.14
2770,2026-07-01 12:23:08.131,TravelML,TravelML_r1_fp59_pr4,COMPLETED,"Effects applied on exit",140667.10
2771,2026-07-01 12:23:08.251,StackHL,StackHL_b44_lp8_r1_pr4_lay8_m8,STARTED,"HL subtree tick: FF_Default_DynamicFlow_StackHL_b44_lp8_r1_pr4_lay8_m8; DeltaTime: 0.100",140787.47
2772,2026-07-01 12:23:08.252,StackML,StackML_b44_lp8_r1_vg1_pr4,STARTED,"ML action execution; DeltaTime: 0.100",140788.57
2773,2026-07-01 12:23:08.252,StackML,StackML_b44_lp8_r1_vg1_pr4,STARTED,"DeltaTime: 0.100",140788.58
2774,2026-07-01 12:23:08.252,StackML,StackML_b44_lp8_r1_vg1_pr4,COMPLETED,"Action logic completed successfully",140788.59
2775,2026-07-01 12:23:08.257,StackML,StackML_b44_lp8_r1_vg1_pr4,COMPLETED,"Effects applied on exit",140793.84
2776,2026-07-01 12:23:08.391,StackHL,StackHL_b44_lp8_r1_pr4_lay8_m8,STARTED,"HL subtree tick: FF_Default_DynamicFlow_StackHL_b44_lp8_r1_pr4_lay8_m8; DeltaTime: 0.100",140927.06
2777,2026-07-01 12:23:08.391,StackHL,StackHL_b44_lp8_r1_pr4_lay8_m8,COMPLETED,"Subtree execution completed successfully",140927.42
2778,2026-07-01 12:23:08.391,StackHL,StackHL_b44_lp8_r1_pr4_lay8_m8,STARTED,"DeltaTime: 0.100",140927.42
2779,2026-07-01 12:23:08.391,StackHL,StackHL_b44_lp8_r1_pr4_lay8_m8,COMPLETED,"Action logic completed successfully",140927.43
2780,2026-07-01 12:23:08.394,StackHL,StackHL_b44_lp8_r1_pr4_lay8_m8,COMPLETED,"Effects applied on exit",140930.49
2781,2026-07-01 12:23:08.538,PickUpHL,PickUpHL_b48_fp64_r1,STARTED,"HL subtree tick: FF_Default_DynamicFlow_PickUpHL_b48_fp64_r1; DeltaTime: 0.100",141074.18
2782,2026-07-01 12:23:08.902,TravelML,TravelML_r1_pr4_fp64,STARTED,"ML action execution; DeltaTime: 0.100",141438.74
2783,2026-07-01 12:23:08.902,TravelML,TravelML_r1_pr4_fp64,STARTED,"DeltaTime: 0.100",141438.77
2784,2026-07-01 12:23:08.902,TravelML,TravelML_r1_pr4_fp64,COMPLETED,"Action logic completed successfully",141438.77
2785,2026-07-01 12:23:08.906,TravelML,TravelML_r1_pr4_fp64,COMPLETED,"Effects applied on exit",141442.08
2786,2026-07-01 12:23:09.038,PickUpHL,PickUpHL_b48_fp64_r1,STARTED,"HL subtree tick: FF_Default_DynamicFlow_PickUpHL_b48_fp64_r1; DeltaTime: 0.100",141574.62
2787,2026-07-01 12:23:09.039,PickUpML,PickUpML_b48_fp64_r1_vg1,STARTED,"ML action execution; DeltaTime: 0.100",141575.75
2788,2026-07-01 12:23:09.039,PickUpML,PickUpML_b48_fp64_r1_vg1,STARTED,"DeltaTime: 0.100",141575.76
2789,2026-07-01 12:23:09.039,PickUpML,PickUpML_b48_fp64_r1_vg1,COMPLETED,"Action logic completed successfully",141575.76
2790,2026-07-01 12:23:09.043,PickUpML,PickUpML_b48_fp64_r1_vg1,COMPLETED,"Effects applied on exit",141579.86
2791,2026-07-01 12:23:09.166,PickUpHL,PickUpHL_b48_fp64_r1,STARTED,"HL subtree tick: FF_Default_DynamicFlow_PickUpHL_b48_fp64_r1; DeltaTime: 0.100",141702.67
2792,2026-07-01 12:23:09.167,PickUpHL,PickUpHL_b48_fp64_r1,COMPLETED,"Subtree execution completed successfully",141703.03
2793,2026-07-01 12:23:09.167,PickUpHL,PickUpHL_b48_fp64_r1,STARTED,"DeltaTime: 0.100",141703.04
2794,2026-07-01 12:23:09.167,PickUpHL,PickUpHL_b48_fp64_r1,COMPLETED,"Action logic completed successfully",141703.04
2795,2026-07-01 12:23:09.170,PickUpHL,PickUpHL_b48_fp64_r1,COMPLETED,"Effects applied on exit",141706.36
2796,2026-07-01 12:23:09.317,StackHL,StackHL_b48_lp8_r1_pr4_lay8_m8,STARTED,"HL subtree tick: FF_Default_DynamicFlow_StackHL_b48_lp8_r1_pr4_lay8_m8; DeltaTime: 0.100",141853.89
2797,2026-07-01 12:23:09.695,TravelML,TravelML_r1_fp64_pr4,STARTED,"ML action execution; DeltaTime: 0.100",142231.16
2798,2026-07-01 12:23:09.695,TravelML,TravelML_r1_fp64_pr4,STARTED,"DeltaTime: 0.100",142231.17
2799,2026-07-01 12:23:09.695,TravelML,TravelML_r1_fp64_pr4,COMPLETED,"Action logic completed successfully",142231.18
2800,2026-07-01 12:23:09.698,TravelML,TravelML_r1_fp64_pr4,COMPLETED,"Effects applied on exit",142234.57
2801,2026-07-01 12:23:09.827,StackHL,StackHL_b48_lp8_r1_pr4_lay8_m8,STARTED,"HL subtree tick: FF_Default_DynamicFlow_StackHL_b48_lp8_r1_pr4_lay8_m8; DeltaTime: 0.100",142363.18
2802,2026-07-01 12:23:09.828,StackML,StackML_b48_lp8_r1_vg1_pr4,STARTED,"ML action execution; DeltaTime: 0.100",142364.48
2803,2026-07-01 12:23:09.828,StackML,StackML_b48_lp8_r1_vg1_pr4,STARTED,"DeltaTime: 0.100",142364.49
2804,2026-07-01 12:23:09.828,StackML,StackML_b48_lp8_r1_vg1_pr4,COMPLETED,"Action logic completed successfully",142364.50
2805,2026-07-01 12:23:09.835,StackML,StackML_b48_lp8_r1_vg1_pr4,COMPLETED,"Effects applied on exit",142371.84
2806,2026-07-01 12:23:09.964,StackHL,StackHL_b48_lp8_r1_pr4_lay8_m8,STARTED,"HL subtree tick: FF_Default_DynamicFlow_StackHL_b48_lp8_r1_pr4_lay8_m8; DeltaTime: 0.100",142500.67
2807,2026-07-01 12:23:09.965,StackHL,StackHL_b48_lp8_r1_pr4_lay8_m8,COMPLETED,"Subtree execution completed successfully",142501.03
2808,2026-07-01 12:23:09.965,StackHL,StackHL_b48_lp8_r1_pr4_lay8_m8,STARTED,"DeltaTime: 0.100",142501.04
2809,2026-07-01 12:23:09.965,StackHL,StackHL_b48_lp8_r1_pr4_lay8_m8,COMPLETED,"Action logic completed successfully",142501.04
2810,2026-07-01 12:23:09.968,StackHL,StackHL_b48_lp8_r1_pr4_lay8_m8,COMPLETED,"Effects applied on exit",142504.17
2811,2026-07-01 12:23:10.097,PickUpHL,PickUpHL_b46_fp62_r1,STARTED,"HL subtree tick: FF_Default_DynamicFlow_PickUpHL_b46_fp62_r1; DeltaTime: 0.100",142633.38
2812,2026-07-01 12:23:10.463,TravelML,TravelML_r1_pr4_fp62,STARTED,"ML action execution; DeltaTime: 0.100",142998.91
2813,2026-07-01 12:23:10.463,TravelML,TravelML_r1_pr4_fp62,STARTED,"DeltaTime: 0.100",142998.92
2814,2026-07-01 12:23:10.463,TravelML,TravelML_r1_pr4_fp62,COMPLETED,"Action logic completed successfully",142998.93
2815,2026-07-01 12:23:10.466,TravelML,TravelML_r1_pr4_fp62,COMPLETED,"Effects applied on exit",143002.04
2816,2026-07-01 12:23:10.600,PickUpHL,PickUpHL_b46_fp62_r1,STARTED,"HL subtree tick: FF_Default_DynamicFlow_PickUpHL_b46_fp62_r1; DeltaTime: 0.100",143136.03
2817,2026-07-01 12:23:10.601,PickUpML,PickUpML_b46_fp62_r1_vg1,STARTED,"ML action execution; DeltaTime: 0.100",143137.14
2818,2026-07-01 12:23:10.601,PickUpML,PickUpML_b46_fp62_r1_vg1,STARTED,"DeltaTime: 0.100",143137.15
2819,2026-07-01 12:23:10.601,PickUpML,PickUpML_b46_fp62_r1_vg1,COMPLETED,"Action logic completed successfully",143137.16
2820,2026-07-01 12:23:10.605,PickUpML,PickUpML_b46_fp62_r1_vg1,COMPLETED,"Effects applied on exit",143141.38
2821,2026-07-01 12:23:10.728,PickUpHL,PickUpHL_b46_fp62_r1,STARTED,"HL subtree tick: FF_Default_DynamicFlow_PickUpHL_b46_fp62_r1; DeltaTime: 0.100",143264.18
2822,2026-07-01 12:23:10.728,PickUpHL,PickUpHL_b46_fp62_r1,COMPLETED,"Subtree execution completed successfully",143264.69
2823,2026-07-01 12:23:10.728,PickUpHL,PickUpHL_b46_fp62_r1,STARTED,"DeltaTime: 0.100",143264.70
2824,2026-07-01 12:23:10.728,PickUpHL,PickUpHL_b46_fp62_r1,COMPLETED,"Action logic completed successfully",143264.70
2825,2026-07-01 12:23:10.731,PickUpHL,PickUpHL_b46_fp62_r1,COMPLETED,"Effects applied on exit",143267.41
2826,2026-07-01 12:23:10.872,StackHL,StackHL_b46_lp8_r1_pr4_lay8_m8,STARTED,"HL subtree tick: FF_Default_DynamicFlow_StackHL_b46_lp8_r1_pr4_lay8_m8; DeltaTime: 0.100",143408.42
2827,2026-07-01 12:23:11.227,TravelML,TravelML_r1_fp62_pr4,STARTED,"ML action execution; DeltaTime: 0.100",143763.36
2828,2026-07-01 12:23:11.227,TravelML,TravelML_r1_fp62_pr4,STARTED,"DeltaTime: 0.100",143763.37
2829,2026-07-01 12:23:11.227,TravelML,TravelML_r1_fp62_pr4,COMPLETED,"Action logic completed successfully",143763.38
2830,2026-07-01 12:23:11.231,TravelML,TravelML_r1_fp62_pr4,COMPLETED,"Effects applied on exit",143767.01
2831,2026-07-01 12:23:11.352,StackHL,StackHL_b46_lp8_r1_pr4_lay8_m8,STARTED,"HL subtree tick: FF_Default_DynamicFlow_StackHL_b46_lp8_r1_pr4_lay8_m8; DeltaTime: 0.100",143888.74
2832,2026-07-01 12:23:11.354,StackML,StackML_b46_lp8_r1_vg1_pr4,STARTED,"ML action execution; DeltaTime: 0.100",143889.98
2833,2026-07-01 12:23:11.354,StackML,StackML_b46_lp8_r1_vg1_pr4,STARTED,"DeltaTime: 0.100",143889.99
2834,2026-07-01 12:23:11.354,StackML,StackML_b46_lp8_r1_vg1_pr4,COMPLETED,"Action logic completed successfully",143889.99
2835,2026-07-01 12:23:11.363,StackML,StackML_b46_lp8_r1_vg1_pr4,COMPLETED,"Effects applied on exit",143899.39
2836,2026-07-01 12:23:11.493,StackHL,StackHL_b46_lp8_r1_pr4_lay8_m8,STARTED,"HL subtree tick: FF_Default_DynamicFlow_StackHL_b46_lp8_r1_pr4_lay8_m8; DeltaTime: 0.100",144029.36
2837,2026-07-01 12:23:11.493,StackHL,StackHL_b46_lp8_r1_pr4_lay8_m8,COMPLETED,"Subtree execution completed successfully",144029.79
2838,2026-07-01 12:23:11.493,StackHL,StackHL_b46_lp8_r1_pr4_lay8_m8,STARTED,"DeltaTime: 0.100",144029.80
2839,2026-07-01 12:23:11.493,StackHL,StackHL_b46_lp8_r1_pr4_lay8_m8,COMPLETED,"Action logic completed successfully",144029.80
2840,2026-07-01 12:23:11.497,StackHL,StackHL_b46_lp8_r1_pr4_lay8_m8,COMPLETED,"Effects applied on exit",144032.99
2841,2026-07-01 12:23:11.625,PickUpHL,PickUpHL_b45_fp60_r1,STARTED,"HL subtree tick: FF_Default_DynamicFlow_PickUpHL_b45_fp60_r1; DeltaTime: 0.100",144161.75
2842,2026-07-01 12:23:12.021,TravelML,TravelML_r1_pr4_fp60,STARTED,"ML action execution; DeltaTime: 0.100",144557.84
2843,2026-07-01 12:23:12.021,TravelML,TravelML_r1_pr4_fp60,STARTED,"DeltaTime: 0.100",144557.85
2844,2026-07-01 12:23:12.021,TravelML,TravelML_r1_pr4_fp60,COMPLETED,"Action logic completed successfully",144557.86
2845,2026-07-01 12:23:12.024,TravelML,TravelML_r1_pr4_fp60,COMPLETED,"Effects applied on exit",144560.87
2846,2026-07-01 12:23:12.151,PickUpHL,PickUpHL_b45_fp60_r1,STARTED,"HL subtree tick: FF_Default_DynamicFlow_PickUpHL_b45_fp60_r1; DeltaTime: 0.100",144686.93
2847,2026-07-01 12:23:12.152,PickUpML,PickUpML_b45_fp60_r1_vg1,STARTED,"ML action execution; DeltaTime: 0.100",144688.25
2848,2026-07-01 12:23:12.152,PickUpML,PickUpML_b45_fp60_r1_vg1,STARTED,"DeltaTime: 0.100",144688.26
2849,2026-07-01 12:23:12.152,PickUpML,PickUpML_b45_fp60_r1_vg1,COMPLETED,"Action logic completed successfully",144688.27
2850,2026-07-01 12:23:12.157,PickUpML,PickUpML_b45_fp60_r1_vg1,COMPLETED,"Effects applied on exit",144693.22
2851,2026-07-01 12:23:12.291,PickUpHL,PickUpHL_b45_fp60_r1,STARTED,"HL subtree tick: FF_Default_DynamicFlow_PickUpHL_b45_fp60_r1; DeltaTime: 0.100",144827.71
2852,2026-07-01 12:23:12.292,PickUpHL,PickUpHL_b45_fp60_r1,COMPLETED,"Subtree execution completed successfully",144828.10
2853,2026-07-01 12:23:12.292,PickUpHL,PickUpHL_b45_fp60_r1,STARTED,"DeltaTime: 0.100",144828.11
2854,2026-07-01 12:23:12.292,PickUpHL,PickUpHL_b45_fp60_r1,COMPLETED,"Action logic completed successfully",144828.11
2855,2026-07-01 12:23:12.294,PickUpHL,PickUpHL_b45_fp60_r1,COMPLETED,"Effects applied on exit",144830.86
2856,2026-07-01 12:23:12.428,StackHL,StackHL_b45_lp8_r1_pr4_lay8_m8,STARTED,"HL subtree tick: FF_Default_DynamicFlow_StackHL_b45_lp8_r1_pr4_lay8_m8; DeltaTime: 0.100",144964.53
2857,2026-07-01 12:23:12.800,TravelML,TravelML_r1_fp60_pr4,STARTED,"ML action execution; DeltaTime: 0.100",145336.63
2858,2026-07-01 12:23:12.800,TravelML,TravelML_r1_fp60_pr4,STARTED,"DeltaTime: 0.100",145336.64
2859,2026-07-01 12:23:12.800,TravelML,TravelML_r1_fp60_pr4,COMPLETED,"Action logic completed successfully",145336.65
2860,2026-07-01 12:23:12.804,TravelML,TravelML_r1_fp60_pr4,COMPLETED,"Effects applied on exit",145340.28
2861,2026-07-01 12:23:12.939,StackHL,StackHL_b45_lp8_r1_pr4_lay8_m8,STARTED,"HL subtree tick: FF_Default_DynamicFlow_StackHL_b45_lp8_r1_pr4_lay8_m8; DeltaTime: 0.100",145475.74
2862,2026-07-01 12:23:12.942,StackML,StackML_b45_lp8_r1_vg1_pr4,STARTED,"ML action execution; DeltaTime: 0.100",145478.20
2863,2026-07-01 12:23:12.942,StackML,StackML_b45_lp8_r1_vg1_pr4,STARTED,"DeltaTime: 0.100",145478.22
2864,2026-07-01 12:23:12.942,StackML,StackML_b45_lp8_r1_vg1_pr4,COMPLETED,"Action logic completed successfully",145478.23
2865,2026-07-01 12:23:12.948,StackML,StackML_b45_lp8_r1_vg1_pr4,COMPLETED,"Effects applied on exit",145484.63
2866,2026-07-01 12:23:13.082,StackHL,StackHL_b45_lp8_r1_pr4_lay8_m8,STARTED,"HL subtree tick: FF_Default_DynamicFlow_StackHL_b45_lp8_r1_pr4_lay8_m8; DeltaTime: 0.100",145618.37
2867,2026-07-01 12:23:13.082,StackHL,StackHL_b45_lp8_r1_pr4_lay8_m8,COMPLETED,"Subtree execution completed successfully",145618.73
2868,2026-07-01 12:23:13.082,StackHL,StackHL_b45_lp8_r1_pr4_lay8_m8,STARTED,"DeltaTime: 0.100",145618.74
2869,2026-07-01 12:23:13.082,StackHL,StackHL_b45_lp8_r1_pr4_lay8_m8,COMPLETED,"Action logic completed successfully",145618.75
2870,2026-07-01 12:23:13.085,StackHL,StackHL_b45_lp8_r1_pr4_lay8_m8,COMPLETED,"Effects applied on exit",145621.74
2871,2026-07-01 12:23:13.235,PickUpHL,PickUpHL_b47_fp63_r1,STARTED,"HL subtree tick: FF_Default_DynamicFlow_PickUpHL_b47_fp63_r1; DeltaTime: 0.100",145771.24
2872,2026-07-01 12:23:13.650,TravelML,TravelML_r1_pr4_fp63,STARTED,"ML action execution; DeltaTime: 0.100",146186.43
2873,2026-07-01 12:23:13.650,TravelML,TravelML_r1_pr4_fp63,STARTED,"DeltaTime: 0.100",146186.45
2874,2026-07-01 12:23:13.650,TravelML,TravelML_r1_pr4_fp63,COMPLETED,"Action logic completed successfully",146186.45
2875,2026-07-01 12:23:13.654,TravelML,TravelML_r1_pr4_fp63,COMPLETED,"Effects applied on exit",146190.16
2876,2026-07-01 12:23:13.788,PickUpHL,PickUpHL_b47_fp63_r1,STARTED,"HL subtree tick: FF_Default_DynamicFlow_PickUpHL_b47_fp63_r1; DeltaTime: 0.100",146324.63
2877,2026-07-01 12:23:13.789,PickUpML,PickUpML_b47_fp63_r1_vg1,STARTED,"ML action execution; DeltaTime: 0.100",146325.67
2878,2026-07-01 12:23:13.789,PickUpML,PickUpML_b47_fp63_r1_vg1,STARTED,"DeltaTime: 0.100",146325.68
2879,2026-07-01 12:23:13.789,PickUpML,PickUpML_b47_fp63_r1_vg1,COMPLETED,"Action logic completed successfully",146325.68
2880,2026-07-01 12:23:13.794,PickUpML,PickUpML_b47_fp63_r1_vg1,COMPLETED,"Effects applied on exit",146329.96
2881,2026-07-01 12:23:13.921,PickUpHL,PickUpHL_b47_fp63_r1,STARTED,"HL subtree tick: FF_Default_DynamicFlow_PickUpHL_b47_fp63_r1; DeltaTime: 0.100",146457.26
2882,2026-07-01 12:23:13.922,PickUpHL,PickUpHL_b47_fp63_r1,COMPLETED,"Subtree execution completed successfully",146458.06
2883,2026-07-01 12:23:13.922,PickUpHL,PickUpHL_b47_fp63_r1,STARTED,"DeltaTime: 0.100",146458.08
2884,2026-07-01 12:23:13.922,PickUpHL,PickUpHL_b47_fp63_r1,COMPLETED,"Action logic completed successfully",146458.09
2885,2026-07-01 12:23:13.927,PickUpHL,PickUpHL_b47_fp63_r1,COMPLETED,"Effects applied on exit",146463.68
2886,2026-07-01 12:23:14.066,StackHL,StackHL_b47_lp8_r1_pr4_lay8_m8,STARTED,"HL subtree tick: FF_Default_DynamicFlow_StackHL_b47_lp8_r1_pr4_lay8_m8; DeltaTime: 0.100",146602.90
2887,2026-07-01 12:23:14.447,TravelML,TravelML_r1_fp63_pr4,STARTED,"ML action execution; DeltaTime: 0.100",146983.48
2888,2026-07-01 12:23:14.447,TravelML,TravelML_r1_fp63_pr4,STARTED,"DeltaTime: 0.100",146983.49
2889,2026-07-01 12:23:14.447,TravelML,TravelML_r1_fp63_pr4,COMPLETED,"Action logic completed successfully",146983.49
2890,2026-07-01 12:23:14.451,TravelML,TravelML_r1_fp63_pr4,COMPLETED,"Effects applied on exit",146987.18
2891,2026-07-01 12:23:14.583,StackHL,StackHL_b47_lp8_r1_pr4_lay8_m8,STARTED,"HL subtree tick: FF_Default_DynamicFlow_StackHL_b47_lp8_r1_pr4_lay8_m8; DeltaTime: 0.100",147119.06
2892,2026-07-01 12:23:14.584,StackML,StackML_b47_lp8_r1_vg1_pr4,STARTED,"ML action execution; DeltaTime: 0.100",147120.03
2893,2026-07-01 12:23:14.584,StackML,StackML_b47_lp8_r1_vg1_pr4,STARTED,"DeltaTime: 0.100",147120.04
2894,2026-07-01 12:23:14.584,StackML,StackML_b47_lp8_r1_vg1_pr4,COMPLETED,"Action logic completed successfully",147120.05
2895,2026-07-01 12:23:14.590,StackML,StackML_b47_lp8_r1_vg1_pr4,COMPLETED,"Effects applied on exit",147125.94
2896,2026-07-01 12:23:14.722,StackHL,StackHL_b47_lp8_r1_pr4_lay8_m8,STARTED,"HL subtree tick: FF_Default_DynamicFlow_StackHL_b47_lp8_r1_pr4_lay8_m8; DeltaTime: 0.100",147258.83
2897,2026-07-01 12:23:14.723,StackHL,StackHL_b47_lp8_r1_pr4_lay8_m8,COMPLETED,"Subtree execution completed successfully",147259.20
2898,2026-07-01 12:23:14.723,StackHL,StackHL_b47_lp8_r1_pr4_lay8_m8,STARTED,"DeltaTime: 0.100",147259.21
2899,2026-07-01 12:23:14.723,StackHL,StackHL_b47_lp8_r1_pr4_lay8_m8,COMPLETED,"Action logic completed successfully",147259.22
2900,2026-07-01 12:23:14.726,StackHL,StackHL_b47_lp8_r1_pr4_lay8_m8,COMPLETED,"Effects applied on exit",147262.03
2901,2026-07-01 12:23:14.881,NailingBeamHL,NailingBeamHL_b26_r1_m5_lay5,STARTED,"HL subtree tick: FF_Default_DynamicFlow_NailingBeamHL_b26_r1_m5_lay5; DeltaTime: 0.100",147417.40
2902,2026-07-01 12:23:15.257,TravelML,TravelML_r1_pr4_ep1,STARTED,"ML action execution; DeltaTime: 0.100",147793.35
2903,2026-07-01 12:23:15.257,TravelML,TravelML_r1_pr4_ep1,STARTED,"DeltaTime: 0.100",147793.37
2904,2026-07-01 12:23:15.257,TravelML,TravelML_r1_pr4_ep1,COMPLETED,"Action logic completed successfully",147793.37
2905,2026-07-01 12:23:15.260,TravelML,TravelML_r1_pr4_ep1,COMPLETED,"Effects applied on exit",147796.66
2906,2026-07-01 12:23:15.382,NailingBeamHL,NailingBeamHL_b26_r1_m5_lay5,STARTED,"HL subtree tick: FF_Default_DynamicFlow_NailingBeamHL_b26_r1_m5_lay5; DeltaTime: 0.100",147918.80
2907,2026-07-01 12:23:15.384,CloseToolML,CloseToolML_r1_vg1,STARTED,"ML action execution; DeltaTime: 0.100",147920.44
2908,2026-07-01 12:23:15.384,CloseToolML,CloseToolML_r1_vg1,STARTED,"DeltaTime: 0.100",147920.45
2909,2026-07-01 12:23:15.384,CloseToolML,CloseToolML_r1_vg1,COMPLETED,"Action logic completed successfully",147920.46
2910,2026-07-01 12:23:15.387,CloseToolML,CloseToolML_r1_vg1,COMPLETED,"Effects applied on exit",147923.17
2911,2026-07-01 12:23:15.513,NailingBeamHL,NailingBeamHL_b26_r1_m5_lay5,STARTED,"HL subtree tick: FF_Default_DynamicFlow_NailingBeamHL_b26_r1_m5_lay5; DeltaTime: 0.100",148049.78
2912,2026-07-01 12:23:15.515,DeequipML,DeequipML_r1_vg1_ep1,STARTED,"ML action execution; DeltaTime: 0.100",148051.44
2913,2026-07-01 12:23:15.515,DeequipML,DeequipML_r1_vg1_ep1,STARTED,"DeltaTime: 0.100",148051.45
2914,2026-07-01 12:23:15.515,DeequipML,DeequipML_r1_vg1_ep1,COMPLETED,"Action logic completed successfully",148051.46
2915,2026-07-01 12:23:15.518,DeequipML,DeequipML_r1_vg1_ep1,COMPLETED,"Effects applied on exit",148054.11
2916,2026-07-01 12:23:15.651,NailingBeamHL,NailingBeamHL_b26_r1_m5_lay5,STARTED,"HL subtree tick: FF_Default_DynamicFlow_NailingBeamHL_b26_r1_m5_lay5; DeltaTime: 0.100",148187.84
2917,2026-07-01 12:23:15.653,TravelML,TravelML_r1_ep1_ep3,STARTED,"ML action execution; DeltaTime: 0.100",148189.34
2918,2026-07-01 12:23:15.653,TravelML,TravelML_r1_ep1_ep3,STARTED,"DeltaTime: 0.100",148189.35
2919,2026-07-01 12:23:15.653,TravelML,TravelML_r1_ep1_ep3,COMPLETED,"Action logic completed successfully",148189.36
2920,2026-07-01 12:23:15.656,TravelML,TravelML_r1_ep1_ep3,COMPLETED,"Effects applied on exit",148192.71
2921,2026-07-01 12:23:15.778,NailingBeamHL,NailingBeamHL_b26_r1_m5_lay5,STARTED,"HL subtree tick: FF_Default_DynamicFlow_NailingBeamHL_b26_r1_m5_lay5; DeltaTime: 0.100",148314.22
2922,2026-07-01 12:23:15.780,EquipeML,EquipeML_r1_ng1_ep3,STARTED,"ML action execution; DeltaTime: 0.100",148316.30
2923,2026-07-01 12:23:15.780,EquipeML,EquipeML_r1_ng1_ep3,STARTED,"DeltaTime: 0.100",148316.31
2924,2026-07-01 12:23:15.780,EquipeML,EquipeML_r1_ng1_ep3,COMPLETED,"Action logic completed successfully",148316.32
2925,2026-07-01 12:23:15.785,EquipeML,EquipeML_r1_ng1_ep3,COMPLETED,"Effects applied on exit",148321.34
2926,2026-07-01 12:23:15.920,NailingBeamHL,NailingBeamHL_b26_r1_m5_lay5,STARTED,"HL subtree tick: FF_Default_DynamicFlow_NailingBeamHL_b26_r1_m5_lay5; DeltaTime: 0.100",148456.45
2927,2026-07-01 12:23:15.923,TravelML,TravelML_r1_ep3_pr1,STARTED,"ML action execution; DeltaTime: 0.100",148459.11
2928,2026-07-01 12:23:15.923,TravelML,TravelML_r1_ep3_pr1,STARTED,"DeltaTime: 0.100",148459.12
2929,2026-07-01 12:23:15.923,TravelML,TravelML_r1_ep3_pr1,COMPLETED,"Action logic completed successfully",148459.14
2930,2026-07-01 12:23:15.927,TravelML,TravelML_r1_ep3_pr1,COMPLETED,"Effects applied on exit",148463.78
2931,2026-07-01 12:23:16.062,NailingBeamHL,NailingBeamHL_b26_r1_m5_lay5,STARTED,"HL subtree tick: FF_Default_DynamicFlow_NailingBeamHL_b26_r1_m5_lay5; DeltaTime: 0.100",148598.77
2932,2026-07-01 12:23:16.064,InitializeML,InitializeML_r1_ng1,STARTED,"ML action execution; DeltaTime: 0.100",148600.12
2933,2026-07-01 12:23:16.064,InitializeML,InitializeML_r1_ng1,STARTED,"DeltaTime: 0.100",148600.13
2934,2026-07-01 12:23:16.064,InitializeML,InitializeML_r1_ng1,COMPLETED,"Action logic completed successfully",148600.14
2935,2026-07-01 12:23:16.066,InitializeML,InitializeML_r1_ng1,COMPLETED,"Effects applied on exit",148602.70
2936,2026-07-01 12:23:16.203,NailingBeamHL,NailingBeamHL_b26_r1_m5_lay5,STARTED,"HL subtree tick: FF_Default_DynamicFlow_NailingBeamHL_b26_r1_m5_lay5; DeltaTime: 0.100",148739.71
2937,2026-07-01 12:23:16.205,NailingML,NailingML_b26_pr1_r1_ng1,STARTED,"ML action execution; DeltaTime: 0.100",148741.10
2938,2026-07-01 12:23:16.205,NailingML,NailingML_b26_pr1_r1_ng1,STARTED,"DeltaTime: 0.100",148741.11
2939,2026-07-01 12:23:16.205,NailingML,NailingML_b26_pr1_r1_ng1,COMPLETED,"Action logic completed successfully",148741.11
2940,2026-07-01 12:23:16.208,NailingML,NailingML_b26_pr1_r1_ng1,COMPLETED,"Effects applied on exit",148744.45
2941,2026-07-01 12:23:16.330,NailingBeamHL,NailingBeamHL_b26_r1_m5_lay5,STARTED,"HL subtree tick: FF_Default_DynamicFlow_NailingBeamHL_b26_r1_m5_lay5; DeltaTime: 0.100",148866.64
2942,2026-07-01 12:23:16.331,NailingBeamHL,NailingBeamHL_b26_r1_m5_lay5,COMPLETED,"Subtree execution completed successfully",148867.49
2943,2026-07-01 12:23:16.331,NailingBeamHL,NailingBeamHL_b26_r1_m5_lay5,STARTED,"DeltaTime: 0.100",148867.69
2944,2026-07-01 12:23:16.331,NailingBeamHL,NailingBeamHL_b26_r1_m5_lay5,COMPLETED,"Action logic completed successfully",148867.70
2945,2026-07-01 12:23:16.335,NailingBeamHL,NailingBeamHL_b26_r1_m5_lay5,COMPLETED,"Effects applied on exit",148871.21
2946,2026-07-01 12:23:16.486,NailingBeamHL,NailingBeamHL_b28_r1_m5_lay5,STARTED,"HL subtree tick: FF_Default_DynamicFlow_NailingBeamHL_b28_r1_m5_lay5; DeltaTime: 0.100",149022.20
2947,2026-07-01 12:23:16.873,NailingML,NailingML_b28_pr1_r1_ng1,STARTED,"ML action execution; DeltaTime: 0.100",149409.09
2948,2026-07-01 12:23:16.873,NailingML,NailingML_b28_pr1_r1_ng1,STARTED,"DeltaTime: 0.100",149409.12
2949,2026-07-01 12:23:16.873,NailingML,NailingML_b28_pr1_r1_ng1,COMPLETED,"Action logic completed successfully",149409.14
2950,2026-07-01 12:23:16.880,NailingML,NailingML_b28_pr1_r1_ng1,COMPLETED,"Effects applied on exit",149416.70
2951,2026-07-01 12:23:17.009,NailingBeamHL,NailingBeamHL_b28_r1_m5_lay5,STARTED,"HL subtree tick: FF_Default_DynamicFlow_NailingBeamHL_b28_r1_m5_lay5; DeltaTime: 0.100",149545.06
2952,2026-07-01 12:23:17.009,NailingBeamHL,NailingBeamHL_b28_r1_m5_lay5,COMPLETED,"Subtree execution completed successfully",149545.35
2953,2026-07-01 12:23:17.009,NailingBeamHL,NailingBeamHL_b28_r1_m5_lay5,STARTED,"DeltaTime: 0.100",149545.35
2954,2026-07-01 12:23:17.009,NailingBeamHL,NailingBeamHL_b28_r1_m5_lay5,COMPLETED,"Action logic completed successfully",149545.36
2955,2026-07-01 12:23:17.011,NailingBeamHL,NailingBeamHL_b28_r1_m5_lay5,COMPLETED,"Effects applied on exit",149547.88
2956,2026-07-01 12:23:17.143,NailingBeamHL,NailingBeamHL_b27_r1_m5_lay5,STARTED,"HL subtree tick: FF_Default_DynamicFlow_NailingBeamHL_b27_r1_m5_lay5; DeltaTime: 0.100",149679.25
2957,2026-07-01 12:23:17.496,NailingML,NailingML_b27_pr1_r1_ng1,STARTED,"ML action execution; DeltaTime: 0.100",150032.77
2958,2026-07-01 12:23:17.496,NailingML,NailingML_b27_pr1_r1_ng1,STARTED,"DeltaTime: 0.100",150032.78
2959,2026-07-01 12:23:17.496,NailingML,NailingML_b27_pr1_r1_ng1,COMPLETED,"Action logic completed successfully",150032.79
2960,2026-07-01 12:23:17.500,NailingML,NailingML_b27_pr1_r1_ng1,COMPLETED,"Effects applied on exit",150036.29
2961,2026-07-01 12:23:17.629,NailingBeamHL,NailingBeamHL_b27_r1_m5_lay5,STARTED,"HL subtree tick: FF_Default_DynamicFlow_NailingBeamHL_b27_r1_m5_lay5; DeltaTime: 0.100",150165.46
2962,2026-07-01 12:23:17.630,NailingBeamHL,NailingBeamHL_b27_r1_m5_lay5,COMPLETED,"Subtree execution completed successfully",150166.02
2963,2026-07-01 12:23:17.630,NailingBeamHL,NailingBeamHL_b27_r1_m5_lay5,STARTED,"DeltaTime: 0.100",150166.03
2964,2026-07-01 12:23:17.630,NailingBeamHL,NailingBeamHL_b27_r1_m5_lay5,COMPLETED,"Action logic completed successfully",150166.04
2965,2026-07-01 12:23:17.632,NailingBeamHL,NailingBeamHL_b27_r1_m5_lay5,COMPLETED,"Effects applied on exit",150168.50
2966,2026-07-01 12:23:17.759,NailingBeamHL,NailingBeamHL_b29_r1_m5_lay5,STARTED,"HL subtree tick: FF_Default_DynamicFlow_NailingBeamHL_b29_r1_m5_lay5; DeltaTime: 0.100",150294.99
2967,2026-07-01 12:23:18.105,NailingML,NailingML_b29_pr1_r1_ng1,STARTED,"ML action execution; DeltaTime: 0.100",150641.28
2968,2026-07-01 12:23:18.105,NailingML,NailingML_b29_pr1_r1_ng1,STARTED,"DeltaTime: 0.100",150641.30
2969,2026-07-01 12:23:18.105,NailingML,NailingML_b29_pr1_r1_ng1,COMPLETED,"Action logic completed successfully",150641.30
2970,2026-07-01 12:23:18.108,NailingML,NailingML_b29_pr1_r1_ng1,COMPLETED,"Effects applied on exit",150644.38
2971,2026-07-01 12:23:18.229,NailingBeamHL,NailingBeamHL_b29_r1_m5_lay5,STARTED,"HL subtree tick: FF_Default_DynamicFlow_NailingBeamHL_b29_r1_m5_lay5; DeltaTime: 0.100",150765.12
2972,2026-07-01 12:23:18.229,NailingBeamHL,NailingBeamHL_b29_r1_m5_lay5,COMPLETED,"Subtree execution completed successfully",150765.59
2973,2026-07-01 12:23:18.229,NailingBeamHL,NailingBeamHL_b29_r1_m5_lay5,STARTED,"DeltaTime: 0.100",150765.60
2974,2026-07-01 12:23:18.229,NailingBeamHL,NailingBeamHL_b29_r1_m5_lay5,COMPLETED,"Action logic completed successfully",150765.61
2975,2026-07-01 12:23:18.232,NailingBeamHL,NailingBeamHL_b29_r1_m5_lay5,COMPLETED,"Effects applied on exit",150768.01
2976,2026-07-01 12:23:18.376,NailingBeamHL,NailingBeamHL_b25_r1_m5_lay5,STARTED,"HL subtree tick: FF_Default_DynamicFlow_NailingBeamHL_b25_r1_m5_lay5; DeltaTime: 0.100",150912.68
2977,2026-07-01 12:23:18.756,NailingML,NailingML_b25_pr1_r1_ng1,STARTED,"ML action execution; DeltaTime: 0.100",151291.92
2978,2026-07-01 12:23:18.756,NailingML,NailingML_b25_pr1_r1_ng1,STARTED,"DeltaTime: 0.100",151291.95
2979,2026-07-01 12:23:18.756,NailingML,NailingML_b25_pr1_r1_ng1,COMPLETED,"Action logic completed successfully",151291.96
2980,2026-07-01 12:23:18.760,NailingML,NailingML_b25_pr1_r1_ng1,COMPLETED,"Effects applied on exit",151296.56
2981,2026-07-01 12:23:18.887,NailingBeamHL,NailingBeamHL_b25_r1_m5_lay5,STARTED,"HL subtree tick: FF_Default_DynamicFlow_NailingBeamHL_b25_r1_m5_lay5; DeltaTime: 0.100",151422.91
2982,2026-07-01 12:23:18.887,NailingBeamHL,NailingBeamHL_b25_r1_m5_lay5,COMPLETED,"Subtree execution completed successfully",151423.21
2983,2026-07-01 12:23:18.887,NailingBeamHL,NailingBeamHL_b25_r1_m5_lay5,STARTED,"DeltaTime: 0.100",151423.22
2984,2026-07-01 12:23:18.887,NailingBeamHL,NailingBeamHL_b25_r1_m5_lay5,COMPLETED,"Action logic completed successfully",151423.23
2985,2026-07-01 12:23:18.889,NailingBeamHL,NailingBeamHL_b25_r1_m5_lay5,COMPLETED,"Effects applied on exit",151425.79
2986,2026-07-01 12:23:19.031,NailingBeamHL,NailingBeamHL_b30_r1_m5_lay5,STARTED,"HL subtree tick: FF_Default_DynamicFlow_NailingBeamHL_b30_r1_m5_lay5; DeltaTime: 0.100",151566.94
2987,2026-07-01 12:23:19.366,NailingML,NailingML_b30_pr1_r1_ng1,STARTED,"ML action execution; DeltaTime: 0.100",151902.74
2988,2026-07-01 12:23:19.366,NailingML,NailingML_b30_pr1_r1_ng1,STARTED,"DeltaTime: 0.100",151902.75
2989,2026-07-01 12:23:19.366,NailingML,NailingML_b30_pr1_r1_ng1,COMPLETED,"Action logic completed successfully",151902.76
2990,2026-07-01 12:23:19.369,NailingML,NailingML_b30_pr1_r1_ng1,COMPLETED,"Effects applied on exit",151905.69
2991,2026-07-01 12:23:19.502,NailingBeamHL,NailingBeamHL_b30_r1_m5_lay5,STARTED,"HL subtree tick: FF_Default_DynamicFlow_NailingBeamHL_b30_r1_m5_lay5; DeltaTime: 0.100",152038.77
2992,2026-07-01 12:23:19.503,NailingBeamHL,NailingBeamHL_b30_r1_m5_lay5,COMPLETED,"Subtree execution completed successfully",152039.16
2993,2026-07-01 12:23:19.503,NailingBeamHL,NailingBeamHL_b30_r1_m5_lay5,STARTED,"DeltaTime: 0.100",152039.17
2994,2026-07-01 12:23:19.503,NailingBeamHL,NailingBeamHL_b30_r1_m5_lay5,COMPLETED,"Action logic completed successfully",152039.18
2995,2026-07-01 12:23:19.505,NailingBeamHL,NailingBeamHL_b30_r1_m5_lay5,COMPLETED,"Effects applied on exit",152041.73
2996,2026-07-01 12:23:19.643,NailingBeamHL,NailingBeamHL_b32_r1_m6_lay6,STARTED,"HL subtree tick: FF_Default_DynamicFlow_NailingBeamHL_b32_r1_m6_lay6; DeltaTime: 0.100",152179.04
2997,2026-07-01 12:23:19.989,TravelML,TravelML_r1_pr1_pr2,STARTED,"ML action execution; DeltaTime: 0.100",152525.39
2998,2026-07-01 12:23:19.989,TravelML,TravelML_r1_pr1_pr2,STARTED,"DeltaTime: 0.100",152525.41
2999,2026-07-01 12:23:19.989,TravelML,TravelML_r1_pr1_pr2,COMPLETED,"Action logic completed successfully",152525.41
3000,2026-07-01 12:23:19.992,TravelML,TravelML_r1_pr1_pr2,COMPLETED,"Effects applied on exit",152528.60
3001,2026-07-01 12:23:20.118,NailingBeamHL,NailingBeamHL_b32_r1_m6_lay6,STARTED,"HL subtree tick: FF_Default_DynamicFlow_NailingBeamHL_b32_r1_m6_lay6; DeltaTime: 0.100",152654.17
3002,2026-07-01 12:23:20.119,NailingML,NailingML_b32_pr2_r1_ng1,STARTED,"ML action execution; DeltaTime: 0.100",152655.37
3003,2026-07-01 12:23:20.119,NailingML,NailingML_b32_pr2_r1_ng1,STARTED,"DeltaTime: 0.100",152655.38
3004,2026-07-01 12:23:20.119,NailingML,NailingML_b32_pr2_r1_ng1,COMPLETED,"Action logic completed successfully",152655.39
3005,2026-07-01 12:23:20.124,NailingML,NailingML_b32_pr2_r1_ng1,COMPLETED,"Effects applied on exit",152659.95
3006,2026-07-01 12:23:20.263,NailingBeamHL,NailingBeamHL_b32_r1_m6_lay6,STARTED,"HL subtree tick: FF_Default_DynamicFlow_NailingBeamHL_b32_r1_m6_lay6; DeltaTime: 0.100",152799.01
3007,2026-07-01 12:23:20.263,NailingBeamHL,NailingBeamHL_b32_r1_m6_lay6,COMPLETED,"Subtree execution completed successfully",152799.49
3008,2026-07-01 12:23:20.263,NailingBeamHL,NailingBeamHL_b32_r1_m6_lay6,STARTED,"DeltaTime: 0.100",152799.50
3009,2026-07-01 12:23:20.263,NailingBeamHL,NailingBeamHL_b32_r1_m6_lay6,COMPLETED,"Action logic completed successfully",152799.51
3010,2026-07-01 12:23:20.266,NailingBeamHL,NailingBeamHL_b32_r1_m6_lay6,COMPLETED,"Effects applied on exit",152802.22
3011,2026-07-01 12:23:20.411,NailingBeamHL,NailingBeamHL_b34_r1_m6_lay6,STARTED,"HL subtree tick: FF_Default_DynamicFlow_NailingBeamHL_b34_r1_m6_lay6; DeltaTime: 0.100",152947.02
3012,2026-07-01 12:23:20.746,NailingML,NailingML_b34_pr2_r1_ng1,STARTED,"ML action execution; DeltaTime: 0.100",153282.84
3013,2026-07-01 12:23:20.746,NailingML,NailingML_b34_pr2_r1_ng1,STARTED,"DeltaTime: 0.100",153282.85
3014,2026-07-01 12:23:20.746,NailingML,NailingML_b34_pr2_r1_ng1,COMPLETED,"Action logic completed successfully",153282.86
3015,2026-07-01 12:23:20.750,NailingML,NailingML_b34_pr2_r1_ng1,COMPLETED,"Effects applied on exit",153286.05
3016,2026-07-01 12:23:20.884,NailingBeamHL,NailingBeamHL_b34_r1_m6_lay6,STARTED,"HL subtree tick: FF_Default_DynamicFlow_NailingBeamHL_b34_r1_m6_lay6; DeltaTime: 0.100",153420.14
3017,2026-07-01 12:23:20.884,NailingBeamHL,NailingBeamHL_b34_r1_m6_lay6,COMPLETED,"Subtree execution completed successfully",153420.79
3018,2026-07-01 12:23:20.884,NailingBeamHL,NailingBeamHL_b34_r1_m6_lay6,STARTED,"DeltaTime: 0.100",153420.81
3019,2026-07-01 12:23:20.884,NailingBeamHL,NailingBeamHL_b34_r1_m6_lay6,COMPLETED,"Action logic completed successfully",153420.82
3020,2026-07-01 12:23:20.887,NailingBeamHL,NailingBeamHL_b34_r1_m6_lay6,COMPLETED,"Effects applied on exit",153423.74
3021,2026-07-01 12:23:21.033,NailingBeamHL,NailingBeamHL_b33_r1_m6_lay6,STARTED,"HL subtree tick: FF_Default_DynamicFlow_NailingBeamHL_b33_r1_m6_lay6; DeltaTime: 0.100",153569.79
3022,2026-07-01 12:23:21.407,NailingML,NailingML_b33_pr2_r1_ng1,STARTED,"ML action execution; DeltaTime: 0.100",153943.20
3023,2026-07-01 12:23:21.407,NailingML,NailingML_b33_pr2_r1_ng1,STARTED,"DeltaTime: 0.100",153943.21
3024,2026-07-01 12:23:21.407,NailingML,NailingML_b33_pr2_r1_ng1,COMPLETED,"Action logic completed successfully",153943.21
3025,2026-07-01 12:23:21.410,NailingML,NailingML_b33_pr2_r1_ng1,COMPLETED,"Effects applied on exit",153946.37
3026,2026-07-01 12:23:21.546,NailingBeamHL,NailingBeamHL_b33_r1_m6_lay6,STARTED,"HL subtree tick: FF_Default_DynamicFlow_NailingBeamHL_b33_r1_m6_lay6; DeltaTime: 0.100",154082.33
3027,2026-07-01 12:23:21.546,NailingBeamHL,NailingBeamHL_b33_r1_m6_lay6,COMPLETED,"Subtree execution completed successfully",154082.70
3028,2026-07-01 12:23:21.546,NailingBeamHL,NailingBeamHL_b33_r1_m6_lay6,STARTED,"DeltaTime: 0.100",154082.70
3029,2026-07-01 12:23:21.546,NailingBeamHL,NailingBeamHL_b33_r1_m6_lay6,COMPLETED,"Action logic completed successfully",154082.71
3030,2026-07-01 12:23:21.549,NailingBeamHL,NailingBeamHL_b33_r1_m6_lay6,COMPLETED,"Effects applied on exit",154085.25
3031,2026-07-01 12:23:21.691,NailingBeamHL,NailingBeamHL_b35_r1_m6_lay6,STARTED,"HL subtree tick: FF_Default_DynamicFlow_NailingBeamHL_b35_r1_m6_lay6; DeltaTime: 0.100",154227.63
3032,2026-07-01 12:23:22.042,NailingML,NailingML_b35_pr2_r1_ng1,STARTED,"ML action execution; DeltaTime: 0.100",154578.86
3033,2026-07-01 12:23:22.042,NailingML,NailingML_b35_pr2_r1_ng1,STARTED,"DeltaTime: 0.100",154578.88
3034,2026-07-01 12:23:22.042,NailingML,NailingML_b35_pr2_r1_ng1,COMPLETED,"Action logic completed successfully",154578.88
3035,2026-07-01 12:23:22.046,NailingML,NailingML_b35_pr2_r1_ng1,COMPLETED,"Effects applied on exit",154582.84
3036,2026-07-01 12:23:22.171,NailingBeamHL,NailingBeamHL_b35_r1_m6_lay6,STARTED,"HL subtree tick: FF_Default_DynamicFlow_NailingBeamHL_b35_r1_m6_lay6; DeltaTime: 0.100",154707.42
3037,2026-07-01 12:23:22.171,NailingBeamHL,NailingBeamHL_b35_r1_m6_lay6,COMPLETED,"Subtree execution completed successfully",154707.87
3038,2026-07-01 12:23:22.171,NailingBeamHL,NailingBeamHL_b35_r1_m6_lay6,STARTED,"DeltaTime: 0.100",154707.88
3039,2026-07-01 12:23:22.171,NailingBeamHL,NailingBeamHL_b35_r1_m6_lay6,COMPLETED,"Action logic completed successfully",154707.89
3040,2026-07-01 12:23:22.174,NailingBeamHL,NailingBeamHL_b35_r1_m6_lay6,COMPLETED,"Effects applied on exit",154710.74
3041,2026-07-01 12:23:22.306,NailingBeamHL,NailingBeamHL_b31_r1_m6_lay6,STARTED,"HL subtree tick: FF_Default_DynamicFlow_NailingBeamHL_b31_r1_m6_lay6; DeltaTime: 0.100",154842.84
3042,2026-07-01 12:23:22.660,NailingML,NailingML_b31_pr2_r1_ng1,STARTED,"ML action execution; DeltaTime: 0.100",155196.47
3043,2026-07-01 12:23:22.660,NailingML,NailingML_b31_pr2_r1_ng1,STARTED,"DeltaTime: 0.100",155196.48
3044,2026-07-01 12:23:22.660,NailingML,NailingML_b31_pr2_r1_ng1,COMPLETED,"Action logic completed successfully",155196.49
3045,2026-07-01 12:23:22.664,NailingML,NailingML_b31_pr2_r1_ng1,COMPLETED,"Effects applied on exit",155200.00
3046,2026-07-01 12:23:22.787,NailingBeamHL,NailingBeamHL_b31_r1_m6_lay6,STARTED,"HL subtree tick: FF_Default_DynamicFlow_NailingBeamHL_b31_r1_m6_lay6; DeltaTime: 0.100",155323.38
3047,2026-07-01 12:23:22.787,NailingBeamHL,NailingBeamHL_b31_r1_m6_lay6,COMPLETED,"Subtree execution completed successfully",155323.67
3048,2026-07-01 12:23:22.787,NailingBeamHL,NailingBeamHL_b31_r1_m6_lay6,STARTED,"DeltaTime: 0.100",155323.68
3049,2026-07-01 12:23:22.787,NailingBeamHL,NailingBeamHL_b31_r1_m6_lay6,COMPLETED,"Action logic completed successfully",155323.69
3050,2026-07-01 12:23:22.790,NailingBeamHL,NailingBeamHL_b31_r1_m6_lay6,COMPLETED,"Effects applied on exit",155326.15
3051,2026-07-01 12:23:22.932,NailingBeamHL,NailingBeamHL_b36_r1_m6_lay6,STARTED,"HL subtree tick: FF_Default_DynamicFlow_NailingBeamHL_b36_r1_m6_lay6; DeltaTime: 0.100",155468.44
3052,2026-07-01 12:23:23.261,NailingML,NailingML_b36_pr2_r1_ng1,STARTED,"ML action execution; DeltaTime: 0.100",155797.12
3053,2026-07-01 12:23:23.261,NailingML,NailingML_b36_pr2_r1_ng1,STARTED,"DeltaTime: 0.100",155797.14
3054,2026-07-01 12:23:23.261,NailingML,NailingML_b36_pr2_r1_ng1,COMPLETED,"Action logic completed successfully",155797.15
3055,2026-07-01 12:23:23.264,NailingML,NailingML_b36_pr2_r1_ng1,COMPLETED,"Effects applied on exit",155800.34
3056,2026-07-01 12:23:23.383,NailingBeamHL,NailingBeamHL_b36_r1_m6_lay6,STARTED,"HL subtree tick: FF_Default_DynamicFlow_NailingBeamHL_b36_r1_m6_lay6; DeltaTime: 0.100",155919.36
3057,2026-07-01 12:23:23.383,NailingBeamHL,NailingBeamHL_b36_r1_m6_lay6,COMPLETED,"Subtree execution completed successfully",155919.66
3058,2026-07-01 12:23:23.383,NailingBeamHL,NailingBeamHL_b36_r1_m6_lay6,STARTED,"DeltaTime: 0.100",155919.67
3059,2026-07-01 12:23:23.383,NailingBeamHL,NailingBeamHL_b36_r1_m6_lay6,COMPLETED,"Action logic completed successfully",155919.68
3060,2026-07-01 12:23:23.386,NailingBeamHL,NailingBeamHL_b36_r1_m6_lay6,COMPLETED,"Effects applied on exit",155922.48
3061,2026-07-01 12:23:23.525,NailingBeamHL,NailingBeamHL_b38_r1_m7_lay7,STARTED,"HL subtree tick: FF_Default_DynamicFlow_NailingBeamHL_b38_r1_m7_lay7; DeltaTime: 0.100",156060.95
3062,2026-07-01 12:23:23.853,TravelML,TravelML_r1_pr2_pr3,STARTED,"ML action execution; DeltaTime: 0.100",156389.44
3063,2026-07-01 12:23:23.853,TravelML,TravelML_r1_pr2_pr3,STARTED,"DeltaTime: 0.100",156389.45
3064,2026-07-01 12:23:23.853,TravelML,TravelML_r1_pr2_pr3,COMPLETED,"Action logic completed successfully",156389.46
3065,2026-07-01 12:23:23.856,TravelML,TravelML_r1_pr2_pr3,COMPLETED,"Effects applied on exit",156392.75
3066,2026-07-01 12:23:23.988,NailingBeamHL,NailingBeamHL_b38_r1_m7_lay7,STARTED,"HL subtree tick: FF_Default_DynamicFlow_NailingBeamHL_b38_r1_m7_lay7; DeltaTime: 0.100",156524.51
3067,2026-07-01 12:23:23.989,NailingML,NailingML_b38_pr3_r1_ng1,STARTED,"ML action execution; DeltaTime: 0.100",156525.65
3068,2026-07-01 12:23:23.989,NailingML,NailingML_b38_pr3_r1_ng1,STARTED,"DeltaTime: 0.100",156525.66
3069,2026-07-01 12:23:23.989,NailingML,NailingML_b38_pr3_r1_ng1,COMPLETED,"Action logic completed successfully",156525.67
3070,2026-07-01 12:23:23.992,NailingML,NailingML_b38_pr3_r1_ng1,COMPLETED,"Effects applied on exit",156528.72
3071,2026-07-01 12:23:24.114,NailingBeamHL,NailingBeamHL_b38_r1_m7_lay7,STARTED,"HL subtree tick: FF_Default_DynamicFlow_NailingBeamHL_b38_r1_m7_lay7; DeltaTime: 0.100",156650.32
3072,2026-07-01 12:23:24.114,NailingBeamHL,NailingBeamHL_b38_r1_m7_lay7,COMPLETED,"Subtree execution completed successfully",156650.72
3073,2026-07-01 12:23:24.114,NailingBeamHL,NailingBeamHL_b38_r1_m7_lay7,STARTED,"DeltaTime: 0.100",156650.72
3074,2026-07-01 12:23:24.114,NailingBeamHL,NailingBeamHL_b38_r1_m7_lay7,COMPLETED,"Action logic completed successfully",156650.73
3075,2026-07-01 12:23:24.117,NailingBeamHL,NailingBeamHL_b38_r1_m7_lay7,COMPLETED,"Effects applied on exit",156653.21
3076,2026-07-01 12:23:24.258,NailingBeamHL,NailingBeamHL_b40_r1_m7_lay7,STARTED,"HL subtree tick: FF_Default_DynamicFlow_NailingBeamHL_b40_r1_m7_lay7; DeltaTime: 0.100",156794.02
3077,2026-07-01 12:23:24.563,NailingML,NailingML_b40_pr3_r1_ng1,STARTED,"ML action execution; DeltaTime: 0.100",157099.21
3078,2026-07-01 12:23:24.563,NailingML,NailingML_b40_pr3_r1_ng1,STARTED,"DeltaTime: 0.100",157099.23
3079,2026-07-01 12:23:24.563,NailingML,NailingML_b40_pr3_r1_ng1,COMPLETED,"Action logic completed successfully",157099.24
3080,2026-07-01 12:23:24.567,NailingML,NailingML_b40_pr3_r1_ng1,COMPLETED,"Effects applied on exit",157103.39
3081,2026-07-01 12:23:24.694,NailingBeamHL,NailingBeamHL_b40_r1_m7_lay7,STARTED,"HL subtree tick: FF_Default_DynamicFlow_NailingBeamHL_b40_r1_m7_lay7; DeltaTime: 0.100",157230.57
3082,2026-07-01 12:23:24.694,NailingBeamHL,NailingBeamHL_b40_r1_m7_lay7,COMPLETED,"Subtree execution completed successfully",157230.86
3083,2026-07-01 12:23:24.694,NailingBeamHL,NailingBeamHL_b40_r1_m7_lay7,STARTED,"DeltaTime: 0.100",157230.87
3084,2026-07-01 12:23:24.694,NailingBeamHL,NailingBeamHL_b40_r1_m7_lay7,COMPLETED,"Action logic completed successfully",157230.88
3085,2026-07-01 12:23:24.697,NailingBeamHL,NailingBeamHL_b40_r1_m7_lay7,COMPLETED,"Effects applied on exit",157233.59
3086,2026-07-01 12:23:24.835,NailingBeamHL,NailingBeamHL_b39_r1_m7_lay7,STARTED,"HL subtree tick: FF_Default_DynamicFlow_NailingBeamHL_b39_r1_m7_lay7; DeltaTime: 0.100",157371.77
3087,2026-07-01 12:23:25.167,NailingML,NailingML_b39_pr3_r1_ng1,STARTED,"ML action execution; DeltaTime: 0.100",157703.43
3088,2026-07-01 12:23:25.167,NailingML,NailingML_b39_pr3_r1_ng1,STARTED,"DeltaTime: 0.100",157703.44
3089,2026-07-01 12:23:25.167,NailingML,NailingML_b39_pr3_r1_ng1,COMPLETED,"Action logic completed successfully",157703.45
3090,2026-07-01 12:23:25.170,NailingML,NailingML_b39_pr3_r1_ng1,COMPLETED,"Effects applied on exit",157706.35
3091,2026-07-01 12:23:25.291,NailingBeamHL,NailingBeamHL_b39_r1_m7_lay7,STARTED,"HL subtree tick: FF_Default_DynamicFlow_NailingBeamHL_b39_r1_m7_lay7; DeltaTime: 0.100",157827.66
3092,2026-07-01 12:23:25.292,NailingBeamHL,NailingBeamHL_b39_r1_m7_lay7,COMPLETED,"Subtree execution completed successfully",157828.03
3093,2026-07-01 12:23:25.292,NailingBeamHL,NailingBeamHL_b39_r1_m7_lay7,STARTED,"DeltaTime: 0.100",157828.03
3094,2026-07-01 12:23:25.292,NailingBeamHL,NailingBeamHL_b39_r1_m7_lay7,COMPLETED,"Action logic completed successfully",157828.04
3095,2026-07-01 12:23:25.294,NailingBeamHL,NailingBeamHL_b39_r1_m7_lay7,COMPLETED,"Effects applied on exit",157830.63
3096,2026-07-01 12:23:25.437,NailingBeamHL,NailingBeamHL_b41_r1_m7_lay7,STARTED,"HL subtree tick: FF_Default_DynamicFlow_NailingBeamHL_b41_r1_m7_lay7; DeltaTime: 0.100",157972.95
3097,2026-07-01 12:23:25.734,NailingML,NailingML_b41_pr3_r1_ng1,STARTED,"ML action execution; DeltaTime: 0.100",158270.44
3098,2026-07-01 12:23:25.734,NailingML,NailingML_b41_pr3_r1_ng1,STARTED,"DeltaTime: 0.100",158270.46
3099,2026-07-01 12:23:25.734,NailingML,NailingML_b41_pr3_r1_ng1,COMPLETED,"Action logic completed successfully",158270.46
3100,2026-07-01 12:23:25.737,NailingML,NailingML_b41_pr3_r1_ng1,COMPLETED,"Effects applied on exit",158273.58
3101,2026-07-01 12:23:25.870,NailingBeamHL,NailingBeamHL_b41_r1_m7_lay7,STARTED,"HL subtree tick: FF_Default_DynamicFlow_NailingBeamHL_b41_r1_m7_lay7; DeltaTime: 0.100",158406.03
3102,2026-07-01 12:23:25.870,NailingBeamHL,NailingBeamHL_b41_r1_m7_lay7,COMPLETED,"Subtree execution completed successfully",158406.65
3103,2026-07-01 12:23:25.870,NailingBeamHL,NailingBeamHL_b41_r1_m7_lay7,STARTED,"DeltaTime: 0.100",158406.67
3104,2026-07-01 12:23:25.870,NailingBeamHL,NailingBeamHL_b41_r1_m7_lay7,COMPLETED,"Action logic completed successfully",158406.69
3105,2026-07-01 12:23:25.873,NailingBeamHL,NailingBeamHL_b41_r1_m7_lay7,COMPLETED,"Effects applied on exit",158409.47
3106,2026-07-01 12:23:26.006,NailingBeamHL,NailingBeamHL_b37_r1_m7_lay7,STARTED,"HL subtree tick: FF_Default_DynamicFlow_NailingBeamHL_b37_r1_m7_lay7; DeltaTime: 0.100",158542.79
3107,2026-07-01 12:23:26.318,NailingML,NailingML_b37_pr3_r1_ng1,STARTED,"ML action execution; DeltaTime: 0.100",158854.32
3108,2026-07-01 12:23:26.318,NailingML,NailingML_b37_pr3_r1_ng1,STARTED,"DeltaTime: 0.100",158854.33
3109,2026-07-01 12:23:26.318,NailingML,NailingML_b37_pr3_r1_ng1,COMPLETED,"Action logic completed successfully",158854.34
3110,2026-07-01 12:23:26.321,NailingML,NailingML_b37_pr3_r1_ng1,COMPLETED,"Effects applied on exit",158857.86
3111,2026-07-01 12:23:26.455,NailingBeamHL,NailingBeamHL_b37_r1_m7_lay7,STARTED,"HL subtree tick: FF_Default_DynamicFlow_NailingBeamHL_b37_r1_m7_lay7; DeltaTime: 0.100",158991.13
3112,2026-07-01 12:23:26.455,NailingBeamHL,NailingBeamHL_b37_r1_m7_lay7,COMPLETED,"Subtree execution completed successfully",158991.44
3113,2026-07-01 12:23:26.455,NailingBeamHL,NailingBeamHL_b37_r1_m7_lay7,STARTED,"DeltaTime: 0.100",158991.44
3114,2026-07-01 12:23:26.455,NailingBeamHL,NailingBeamHL_b37_r1_m7_lay7,COMPLETED,"Action logic completed successfully",158991.45
3115,2026-07-01 12:23:26.458,NailingBeamHL,NailingBeamHL_b37_r1_m7_lay7,COMPLETED,"Effects applied on exit",158994.46
3116,2026-07-01 12:23:26.591,NailingBeamHL,NailingBeamHL_b42_r1_m7_lay7,STARTED,"HL subtree tick: FF_Default_DynamicFlow_NailingBeamHL_b42_r1_m7_lay7; DeltaTime: 0.100",159127.36
3117,2026-07-01 12:23:26.890,NailingML,NailingML_b42_pr3_r1_ng1,STARTED,"ML action execution; DeltaTime: 0.100",159426.47
3118,2026-07-01 12:23:26.890,NailingML,NailingML_b42_pr3_r1_ng1,STARTED,"DeltaTime: 0.100",159426.48
3119,2026-07-01 12:23:26.890,NailingML,NailingML_b42_pr3_r1_ng1,COMPLETED,"Action logic completed successfully",159426.49
3120,2026-07-01 12:23:26.893,NailingML,NailingML_b42_pr3_r1_ng1,COMPLETED,"Effects applied on exit",159429.54
3121,2026-07-01 12:23:27.026,NailingBeamHL,NailingBeamHL_b42_r1_m7_lay7,STARTED,"HL subtree tick: FF_Default_DynamicFlow_NailingBeamHL_b42_r1_m7_lay7; DeltaTime: 0.100",159562.16
3122,2026-07-01 12:23:27.026,NailingBeamHL,NailingBeamHL_b42_r1_m7_lay7,COMPLETED,"Subtree execution completed successfully",159562.47
3123,2026-07-01 12:23:27.026,NailingBeamHL,NailingBeamHL_b42_r1_m7_lay7,STARTED,"DeltaTime: 0.100",159562.47
3124,2026-07-01 12:23:27.026,NailingBeamHL,NailingBeamHL_b42_r1_m7_lay7,COMPLETED,"Action logic completed successfully",159562.48
3125,2026-07-01 12:23:27.029,NailingBeamHL,NailingBeamHL_b42_r1_m7_lay7,COMPLETED,"Effects applied on exit",159564.91
3126,2026-07-01 12:23:27.160,NailingBeamHL,NailingBeamHL_b44_r1_m8_lay8,STARTED,"HL subtree tick: FF_Default_DynamicFlow_NailingBeamHL_b44_r1_m8_lay8; DeltaTime: 0.100",159696.69
3127,2026-07-01 12:23:27.502,TravelML,TravelML_r1_pr3_pr4,STARTED,"ML action execution; DeltaTime: 0.100",160038.40
3128,2026-07-01 12:23:27.502,TravelML,TravelML_r1_pr3_pr4,STARTED,"DeltaTime: 0.100",160038.42
3129,2026-07-01 12:23:27.502,TravelML,TravelML_r1_pr3_pr4,COMPLETED,"Action logic completed successfully",160038.44
3130,2026-07-01 12:23:27.507,TravelML,TravelML_r1_pr3_pr4,COMPLETED,"Effects applied on exit",160043.04
3131,2026-07-01 12:23:27.642,NailingBeamHL,NailingBeamHL_b44_r1_m8_lay8,STARTED,"HL subtree tick: FF_Default_DynamicFlow_NailingBeamHL_b44_r1_m8_lay8; DeltaTime: 0.100",160178.79
3132,2026-07-01 12:23:27.644,NailingML,NailingML_b44_pr4_r1_ng1,STARTED,"ML action execution; DeltaTime: 0.100",160180.05
3133,2026-07-01 12:23:27.644,NailingML,NailingML_b44_pr4_r1_ng1,STARTED,"DeltaTime: 0.100",160180.06
3134,2026-07-01 12:23:27.644,NailingML,NailingML_b44_pr4_r1_ng1,COMPLETED,"Action logic completed successfully",160180.07
3135,2026-07-01 12:23:27.647,NailingML,NailingML_b44_pr4_r1_ng1,COMPLETED,"Effects applied on exit",160183.06
3136,2026-07-01 12:23:27.775,NailingBeamHL,NailingBeamHL_b44_r1_m8_lay8,STARTED,"HL subtree tick: FF_Default_DynamicFlow_NailingBeamHL_b44_r1_m8_lay8; DeltaTime: 0.100",160310.96
3137,2026-07-01 12:23:27.775,NailingBeamHL,NailingBeamHL_b44_r1_m8_lay8,COMPLETED,"Subtree execution completed successfully",160311.49
3138,2026-07-01 12:23:27.775,NailingBeamHL,NailingBeamHL_b44_r1_m8_lay8,STARTED,"DeltaTime: 0.100",160311.50
3139,2026-07-01 12:23:27.775,NailingBeamHL,NailingBeamHL_b44_r1_m8_lay8,COMPLETED,"Action logic completed successfully",160311.51
3140,2026-07-01 12:23:27.779,NailingBeamHL,NailingBeamHL_b44_r1_m8_lay8,COMPLETED,"Effects applied on exit",160314.94
3141,2026-07-01 12:23:27.936,NailingBeamHL,NailingBeamHL_b46_r1_m8_lay8,STARTED,"HL subtree tick: FF_Default_DynamicFlow_NailingBeamHL_b46_r1_m8_lay8; DeltaTime: 0.100",160472.15
3142,2026-07-01 12:23:28.256,NailingML,NailingML_b46_pr4_r1_ng1,STARTED,"ML action execution; DeltaTime: 0.100",160791.95
3143,2026-07-01 12:23:28.256,NailingML,NailingML_b46_pr4_r1_ng1,STARTED,"DeltaTime: 0.100",160791.96
3144,2026-07-01 12:23:28.256,NailingML,NailingML_b46_pr4_r1_ng1,COMPLETED,"Action logic completed successfully",160791.97
3145,2026-07-01 12:23:28.259,NailingML,NailingML_b46_pr4_r1_ng1,COMPLETED,"Effects applied on exit",160795.01
3146,2026-07-01 12:23:28.384,NailingBeamHL,NailingBeamHL_b46_r1_m8_lay8,STARTED,"HL subtree tick: FF_Default_DynamicFlow_NailingBeamHL_b46_r1_m8_lay8; DeltaTime: 0.100",160920.79
3147,2026-07-01 12:23:28.385,NailingBeamHL,NailingBeamHL_b46_r1_m8_lay8,COMPLETED,"Subtree execution completed successfully",160921.09
3148,2026-07-01 12:23:28.385,NailingBeamHL,NailingBeamHL_b46_r1_m8_lay8,STARTED,"DeltaTime: 0.100",160921.10
3149,2026-07-01 12:23:28.385,NailingBeamHL,NailingBeamHL_b46_r1_m8_lay8,COMPLETED,"Action logic completed successfully",160921.11
3150,2026-07-01 12:23:28.387,NailingBeamHL,NailingBeamHL_b46_r1_m8_lay8,COMPLETED,"Effects applied on exit",160923.78
3151,2026-07-01 12:23:28.533,NailingBeamHL,NailingBeamHL_b45_r1_m8_lay8,STARTED,"HL subtree tick: FF_Default_DynamicFlow_NailingBeamHL_b45_r1_m8_lay8; DeltaTime: 0.100",161069.45
3152,2026-07-01 12:23:28.855,NailingML,NailingML_b45_pr4_r1_ng1,STARTED,"ML action execution; DeltaTime: 0.100",161391.20
3153,2026-07-01 12:23:28.855,NailingML,NailingML_b45_pr4_r1_ng1,STARTED,"DeltaTime: 0.100",161391.21
3154,2026-07-01 12:23:28.855,NailingML,NailingML_b45_pr4_r1_ng1,COMPLETED,"Action logic completed successfully",161391.22
3155,2026-07-01 12:23:28.858,NailingML,NailingML_b45_pr4_r1_ng1,COMPLETED,"Effects applied on exit",161394.17
3156,2026-07-01 12:23:28.986,NailingBeamHL,NailingBeamHL_b45_r1_m8_lay8,STARTED,"HL subtree tick: FF_Default_DynamicFlow_NailingBeamHL_b45_r1_m8_lay8; DeltaTime: 0.100",161522.07
3157,2026-07-01 12:23:28.986,NailingBeamHL,NailingBeamHL_b45_r1_m8_lay8,COMPLETED,"Subtree execution completed successfully",161522.38
3158,2026-07-01 12:23:28.986,NailingBeamHL,NailingBeamHL_b45_r1_m8_lay8,STARTED,"DeltaTime: 0.100",161522.38
3159,2026-07-01 12:23:28.986,NailingBeamHL,NailingBeamHL_b45_r1_m8_lay8,COMPLETED,"Action logic completed successfully",161522.39
3160,2026-07-01 12:23:28.990,NailingBeamHL,NailingBeamHL_b45_r1_m8_lay8,COMPLETED,"Effects applied on exit",161526.00
3161,2026-07-01 12:23:29.135,NailingBeamHL,NailingBeamHL_b47_r1_m8_lay8,STARTED,"HL subtree tick: FF_Default_DynamicFlow_NailingBeamHL_b47_r1_m8_lay8; DeltaTime: 0.100",161671.57
3162,2026-07-01 12:23:29.463,NailingML,NailingML_b47_pr4_r1_ng1,STARTED,"ML action execution; DeltaTime: 0.100",161998.96
3163,2026-07-01 12:23:29.463,NailingML,NailingML_b47_pr4_r1_ng1,STARTED,"DeltaTime: 0.100",161998.98
3164,2026-07-01 12:23:29.463,NailingML,NailingML_b47_pr4_r1_ng1,COMPLETED,"Action logic completed successfully",161998.98
3165,2026-07-01 12:23:29.466,NailingML,NailingML_b47_pr4_r1_ng1,COMPLETED,"Effects applied on exit",162002.14
3166,2026-07-01 12:23:29.601,NailingBeamHL,NailingBeamHL_b47_r1_m8_lay8,STARTED,"HL subtree tick: FF_Default_DynamicFlow_NailingBeamHL_b47_r1_m8_lay8; DeltaTime: 0.100",162137.28
3167,2026-07-01 12:23:29.601,NailingBeamHL,NailingBeamHL_b47_r1_m8_lay8,COMPLETED,"Subtree execution completed successfully",162137.57
3168,2026-07-01 12:23:29.601,NailingBeamHL,NailingBeamHL_b47_r1_m8_lay8,STARTED,"DeltaTime: 0.100",162137.58
3169,2026-07-01 12:23:29.601,NailingBeamHL,NailingBeamHL_b47_r1_m8_lay8,COMPLETED,"Action logic completed successfully",162137.59
3170,2026-07-01 12:23:29.604,NailingBeamHL,NailingBeamHL_b47_r1_m8_lay8,COMPLETED,"Effects applied on exit",162140.42
3171,2026-07-01 12:23:29.733,NailingBeamHL,NailingBeamHL_b43_r1_m8_lay8,STARTED,"HL subtree tick: FF_Default_DynamicFlow_NailingBeamHL_b43_r1_m8_lay8; DeltaTime: 0.100",162269.25
3172,2026-07-01 12:23:30.078,NailingML,NailingML_b43_pr4_r1_ng1,STARTED,"ML action execution; DeltaTime: 0.100",162614.50
3173,2026-07-01 12:23:30.078,NailingML,NailingML_b43_pr4_r1_ng1,STARTED,"DeltaTime: 0.100",162614.51
3174,2026-07-01 12:23:30.078,NailingML,NailingML_b43_pr4_r1_ng1,COMPLETED,"Action logic completed successfully",162614.55
3175,2026-07-01 12:23:30.081,NailingML,NailingML_b43_pr4_r1_ng1,COMPLETED,"Effects applied on exit",162617.87
3176,2026-07-01 12:23:30.214,NailingBeamHL,NailingBeamHL_b43_r1_m8_lay8,STARTED,"HL subtree tick: FF_Default_DynamicFlow_NailingBeamHL_b43_r1_m8_lay8; DeltaTime: 0.100",162750.15
3177,2026-07-01 12:23:30.214,NailingBeamHL,NailingBeamHL_b43_r1_m8_lay8,COMPLETED,"Subtree execution completed successfully",162750.54
3178,2026-07-01 12:23:30.214,NailingBeamHL,NailingBeamHL_b43_r1_m8_lay8,STARTED,"DeltaTime: 0.100",162750.55
3179,2026-07-01 12:23:30.214,NailingBeamHL,NailingBeamHL_b43_r1_m8_lay8,COMPLETED,"Action logic completed successfully",162750.55
3180,2026-07-01 12:23:30.217,NailingBeamHL,NailingBeamHL_b43_r1_m8_lay8,COMPLETED,"Effects applied on exit",162753.15
3181,2026-07-01 12:23:30.355,NailingBeamHL,NailingBeamHL_b48_r1_m8_lay8,STARTED,"HL subtree tick: FF_Default_DynamicFlow_NailingBeamHL_b48_r1_m8_lay8; DeltaTime: 0.100",162891.51
3182,2026-07-01 12:23:30.670,NailingML,NailingML_b48_pr4_r1_ng1,STARTED,"ML action execution; DeltaTime: 0.100",163206.01
3183,2026-07-01 12:23:30.670,NailingML,NailingML_b48_pr4_r1_ng1,STARTED,"DeltaTime: 0.100",163206.02
3184,2026-07-01 12:23:30.670,NailingML,NailingML_b48_pr4_r1_ng1,COMPLETED,"Action logic completed successfully",163206.03
3185,2026-07-01 12:23:30.673,NailingML,NailingML_b48_pr4_r1_ng1,COMPLETED,"Effects applied on exit",163209.17
3186,2026-07-01 12:23:30.809,NailingBeamHL,NailingBeamHL_b48_r1_m8_lay8,STARTED,"HL subtree tick: FF_Default_DynamicFlow_NailingBeamHL_b48_r1_m8_lay8; DeltaTime: 0.100",163344.98
3187,2026-07-01 12:23:30.809,NailingBeamHL,NailingBeamHL_b48_r1_m8_lay8,COMPLETED,"Subtree execution completed successfully",163345.31
3188,2026-07-01 12:23:30.809,NailingBeamHL,NailingBeamHL_b48_r1_m8_lay8,STARTED,"DeltaTime: 0.100",163345.32
3189,2026-07-01 12:23:30.809,NailingBeamHL,NailingBeamHL_b48_r1_m8_lay8,COMPLETED,"Action logic completed successfully",163345.32
3190,2026-07-01 12:23:30.812,NailingBeamHL,NailingBeamHL_b48_r1_m8_lay8,COMPLETED,"Effects applied on exit",163348.23
3191,2026-07-01 12:23:30.958,GluingBeamHL,GluingBeamHL_b25_r1_m5_lay5,STARTED,"HL subtree tick: FF_Default_DynamicFlow_GluingBeamHL_b25_r1_m5_lay5; DeltaTime: 0.100",163494.14
3192,2026-07-01 12:23:31.304,TravelML,TravelML_r1_pr4_ep3,STARTED,"ML action execution; DeltaTime: 0.100",163840.82
3193,2026-07-01 12:23:31.304,TravelML,TravelML_r1_pr4_ep3,STARTED,"DeltaTime: 0.100",163840.83
3194,2026-07-01 12:23:31.304,TravelML,TravelML_r1_pr4_ep3,COMPLETED,"Action logic completed successfully",163840.84
3195,2026-07-01 12:23:31.308,TravelML,TravelML_r1_pr4_ep3,COMPLETED,"Effects applied on exit",163843.96
3196,2026-07-01 12:23:31.442,GluingBeamHL,GluingBeamHL_b25_r1_m5_lay5,STARTED,"HL subtree tick: FF_Default_DynamicFlow_GluingBeamHL_b25_r1_m5_lay5; DeltaTime: 0.100",163978.19
3197,2026-07-01 12:23:31.444,CloseToolML,CloseToolML_r1_ng1,STARTED,"ML action execution; DeltaTime: 0.100",163980.45
3198,2026-07-01 12:23:31.444,CloseToolML,CloseToolML_r1_ng1,STARTED,"DeltaTime: 0.100",163980.46
3199,2026-07-01 12:23:31.444,CloseToolML,CloseToolML_r1_ng1,COMPLETED,"Action logic completed successfully",163980.47
3200,2026-07-01 12:23:31.447,CloseToolML,CloseToolML_r1_ng1,COMPLETED,"Effects applied on exit",163983.15
3201,2026-07-01 12:23:31.573,GluingBeamHL,GluingBeamHL_b25_r1_m5_lay5,STARTED,"HL subtree tick: FF_Default_DynamicFlow_GluingBeamHL_b25_r1_m5_lay5; DeltaTime: 0.100",164109.79
3202,2026-07-01 12:23:31.575,DeequipML,DeequipML_r1_ng1_ep3,STARTED,"ML action execution; DeltaTime: 0.100",164111.46
3203,2026-07-01 12:23:31.575,DeequipML,DeequipML_r1_ng1_ep3,STARTED,"DeltaTime: 0.100",164111.47
3204,2026-07-01 12:23:31.575,DeequipML,DeequipML_r1_ng1_ep3,COMPLETED,"Action logic completed successfully",164111.48
3205,2026-07-01 12:23:31.578,DeequipML,DeequipML_r1_ng1_ep3,COMPLETED,"Effects applied on exit",164114.47
3206,2026-07-01 12:23:31.703,GluingBeamHL,GluingBeamHL_b25_r1_m5_lay5,STARTED,"HL subtree tick: FF_Default_DynamicFlow_GluingBeamHL_b25_r1_m5_lay5; DeltaTime: 0.100",164239.25
3207,2026-07-01 12:23:31.704,TravelML,TravelML_r1_ep3_ep2,STARTED,"ML action execution; DeltaTime: 0.100",164240.58
3208,2026-07-01 12:23:31.704,TravelML,TravelML_r1_ep3_ep2,STARTED,"DeltaTime: 0.100",164240.60
3209,2026-07-01 12:23:31.704,TravelML,TravelML_r1_ep3_ep2,COMPLETED,"Action logic completed successfully",164240.60
3210,2026-07-01 12:23:31.707,TravelML,TravelML_r1_ep3_ep2,COMPLETED,"Effects applied on exit",164243.68
3211,2026-07-01 12:23:31.830,GluingBeamHL,GluingBeamHL_b25_r1_m5_lay5,STARTED,"HL subtree tick: FF_Default_DynamicFlow_GluingBeamHL_b25_r1_m5_lay5; DeltaTime: 0.100",164366.57
3212,2026-07-01 12:23:31.832,EquipeML,EquipeML_r1_gg1_ep2,STARTED,"ML action execution; DeltaTime: 0.100",164368.09
3213,2026-07-01 12:23:31.832,EquipeML,EquipeML_r1_gg1_ep2,STARTED,"DeltaTime: 0.100",164368.11
3214,2026-07-01 12:23:31.832,EquipeML,EquipeML_r1_gg1_ep2,COMPLETED,"Action logic completed successfully",164368.11
3215,2026-07-01 12:23:31.835,EquipeML,EquipeML_r1_gg1_ep2,COMPLETED,"Effects applied on exit",164370.94
3216,2026-07-01 12:23:31.968,GluingBeamHL,GluingBeamHL_b25_r1_m5_lay5,STARTED,"HL subtree tick: FF_Default_DynamicFlow_GluingBeamHL_b25_r1_m5_lay5; DeltaTime: 0.100",164504.78
3217,2026-07-01 12:23:31.970,TravelML,TravelML_r1_ep2_pr1,STARTED,"ML action execution; DeltaTime: 0.100",164506.37
3218,2026-07-01 12:23:31.970,TravelML,TravelML_r1_ep2_pr1,STARTED,"DeltaTime: 0.100",164506.38
3219,2026-07-01 12:23:31.970,TravelML,TravelML_r1_ep2_pr1,COMPLETED,"Action logic completed successfully",164506.39
3220,2026-07-01 12:23:31.973,TravelML,TravelML_r1_ep2_pr1,COMPLETED,"Effects applied on exit",164509.55
3221,2026-07-01 12:23:32.100,GluingBeamHL,GluingBeamHL_b25_r1_m5_lay5,STARTED,"HL subtree tick: FF_Default_DynamicFlow_GluingBeamHL_b25_r1_m5_lay5; DeltaTime: 0.100",164636.75
3222,2026-07-01 12:23:32.102,InitializeML,InitializeML_r1_gg1,STARTED,"ML action execution; DeltaTime: 0.100",164638.19
3223,2026-07-01 12:23:32.102,InitializeML,InitializeML_r1_gg1,STARTED,"DeltaTime: 0.100",164638.20
3224,2026-07-01 12:23:32.102,InitializeML,InitializeML_r1_gg1,COMPLETED,"Action logic completed successfully",164638.21
3225,2026-07-01 12:23:32.105,InitializeML,InitializeML_r1_gg1,COMPLETED,"Effects applied on exit",164641.07
3226,2026-07-01 12:23:32.239,GluingBeamHL,GluingBeamHL_b25_r1_m5_lay5,STARTED,"HL subtree tick: FF_Default_DynamicFlow_GluingBeamHL_b25_r1_m5_lay5; DeltaTime: 0.100",164775.18
3227,2026-07-01 12:23:32.240,GluingML,GluingML_b25_pr1_r1_gg1,STARTED,"ML action execution; DeltaTime: 0.100",164776.80
3228,2026-07-01 12:23:32.240,GluingML,GluingML_b25_pr1_r1_gg1,STARTED,"DeltaTime: 0.100",164776.82
3229,2026-07-01 12:23:32.240,GluingML,GluingML_b25_pr1_r1_gg1,COMPLETED,"Action logic completed successfully",164776.82
3230,2026-07-01 12:23:32.244,GluingML,GluingML_b25_pr1_r1_gg1,COMPLETED,"Effects applied on exit",164780.17
3231,2026-07-01 12:23:32.381,GluingBeamHL,GluingBeamHL_b25_r1_m5_lay5,STARTED,"HL subtree tick: FF_Default_DynamicFlow_GluingBeamHL_b25_r1_m5_lay5; DeltaTime: 0.100",164917.31
3232,2026-07-01 12:23:32.382,GluingBeamHL,GluingBeamHL_b25_r1_m5_lay5,COMPLETED,"Subtree execution completed successfully",164918.14
3233,2026-07-01 12:23:32.382,GluingBeamHL,GluingBeamHL_b25_r1_m5_lay5,STARTED,"DeltaTime: 0.100",164918.14
3234,2026-07-01 12:23:32.382,GluingBeamHL,GluingBeamHL_b25_r1_m5_lay5,COMPLETED,"Action logic completed successfully",164918.15
3235,2026-07-01 12:23:32.385,GluingBeamHL,GluingBeamHL_b25_r1_m5_lay5,COMPLETED,"Effects applied on exit",164921.61
3236,2026-07-01 12:23:32.515,GluingBeamHL,GluingBeamHL_b26_r1_m5_lay5,STARTED,"HL subtree tick: FF_Default_DynamicFlow_GluingBeamHL_b26_r1_m5_lay5; DeltaTime: 0.100",165051.50
3237,2026-07-01 12:23:32.835,GluingML,GluingML_b26_pr1_r1_gg1,STARTED,"ML action execution; DeltaTime: 0.100",165371.90
3238,2026-07-01 12:23:32.836,GluingML,GluingML_b26_pr1_r1_gg1,STARTED,"DeltaTime: 0.100",165371.91
3239,2026-07-01 12:23:32.836,GluingML,GluingML_b26_pr1_r1_gg1,COMPLETED,"Action logic completed successfully",165371.92
3240,2026-07-01 12:23:32.839,GluingML,GluingML_b26_pr1_r1_gg1,COMPLETED,"Effects applied on exit",165374.97
3241,2026-07-01 12:23:32.971,GluingBeamHL,GluingBeamHL_b26_r1_m5_lay5,STARTED,"HL subtree tick: FF_Default_DynamicFlow_GluingBeamHL_b26_r1_m5_lay5; DeltaTime: 0.100",165506.92
3242,2026-07-01 12:23:32.971,GluingBeamHL,GluingBeamHL_b26_r1_m5_lay5,COMPLETED,"Subtree execution completed successfully",165507.25
3243,2026-07-01 12:23:32.971,GluingBeamHL,GluingBeamHL_b26_r1_m5_lay5,STARTED,"DeltaTime: 0.100",165507.25
3244,2026-07-01 12:23:32.971,GluingBeamHL,GluingBeamHL_b26_r1_m5_lay5,COMPLETED,"Action logic completed successfully",165507.26
3245,2026-07-01 12:23:32.974,GluingBeamHL,GluingBeamHL_b26_r1_m5_lay5,COMPLETED,"Effects applied on exit",165509.92
3246,2026-07-01 12:23:33.116,GluingBeamHL,GluingBeamHL_b29_r1_m5_lay5,STARTED,"HL subtree tick: FF_Default_DynamicFlow_GluingBeamHL_b29_r1_m5_lay5; DeltaTime: 0.100",165652.63
3247,2026-07-01 12:23:33.468,GluingML,GluingML_b29_pr1_r1_gg1,STARTED,"ML action execution; DeltaTime: 0.100",166004.40
3248,2026-07-01 12:23:33.468,GluingML,GluingML_b29_pr1_r1_gg1,STARTED,"DeltaTime: 0.100",166004.42
3249,2026-07-01 12:23:33.468,GluingML,GluingML_b29_pr1_r1_gg1,COMPLETED,"Action logic completed successfully",166004.43
3250,2026-07-01 12:23:33.471,GluingML,GluingML_b29_pr1_r1_gg1,COMPLETED,"Effects applied on exit",166007.80
3251,2026-07-01 12:23:33.597,GluingBeamHL,GluingBeamHL_b29_r1_m5_lay5,STARTED,"HL subtree tick: FF_Default_DynamicFlow_GluingBeamHL_b29_r1_m5_lay5; DeltaTime: 0.100",166133.19
3252,2026-07-01 12:23:33.597,GluingBeamHL,GluingBeamHL_b29_r1_m5_lay5,COMPLETED,"Subtree execution completed successfully",166133.57
3253,2026-07-01 12:23:33.597,GluingBeamHL,GluingBeamHL_b29_r1_m5_lay5,STARTED,"DeltaTime: 0.100",166133.58
3254,2026-07-01 12:23:33.597,GluingBeamHL,GluingBeamHL_b29_r1_m5_lay5,COMPLETED,"Action logic completed successfully",166133.59
3255,2026-07-01 12:23:33.600,GluingBeamHL,GluingBeamHL_b29_r1_m5_lay5,COMPLETED,"Effects applied on exit",166136.07
3256,2026-07-01 12:23:33.736,GluingBeamHL,GluingBeamHL_b30_r1_m5_lay5,STARTED,"HL subtree tick: FF_Default_DynamicFlow_GluingBeamHL_b30_r1_m5_lay5; DeltaTime: 0.100",166271.93
3257,2026-07-01 12:23:34.064,GluingML,GluingML_b30_pr1_r1_gg1,STARTED,"ML action execution; DeltaTime: 0.100",166600.55
3258,2026-07-01 12:23:34.064,GluingML,GluingML_b30_pr1_r1_gg1,STARTED,"DeltaTime: 0.100",166600.56
3259,2026-07-01 12:23:34.064,GluingML,GluingML_b30_pr1_r1_gg1,COMPLETED,"Action logic completed successfully",166600.57
3260,2026-07-01 12:23:34.067,GluingML,GluingML_b30_pr1_r1_gg1,COMPLETED,"Effects applied on exit",166603.87
3261,2026-07-01 12:23:34.199,GluingBeamHL,GluingBeamHL_b30_r1_m5_lay5,STARTED,"HL subtree tick: FF_Default_DynamicFlow_GluingBeamHL_b30_r1_m5_lay5; DeltaTime: 0.100",166735.38
3262,2026-07-01 12:23:34.199,GluingBeamHL,GluingBeamHL_b30_r1_m5_lay5,COMPLETED,"Subtree execution completed successfully",166735.71
3263,2026-07-01 12:23:34.199,GluingBeamHL,GluingBeamHL_b30_r1_m5_lay5,STARTED,"DeltaTime: 0.100",166735.72
3264,2026-07-01 12:23:34.199,GluingBeamHL,GluingBeamHL_b30_r1_m5_lay5,COMPLETED,"Action logic completed successfully",166735.73
3265,2026-07-01 12:23:34.202,GluingBeamHL,GluingBeamHL_b30_r1_m5_lay5,COMPLETED,"Effects applied on exit",166738.22
3266,2026-07-01 12:23:34.334,GluingBeamHL,GluingBeamHL_b28_r1_m5_lay5,STARTED,"HL subtree tick: FF_Default_DynamicFlow_GluingBeamHL_b28_r1_m5_lay5; DeltaTime: 0.100",166870.46
3267,2026-07-01 12:23:34.669,GluingML,GluingML_b28_pr1_r1_gg1,STARTED,"ML action execution; DeltaTime: 0.100",167205.79
3268,2026-07-01 12:23:34.669,GluingML,GluingML_b28_pr1_r1_gg1,STARTED,"DeltaTime: 0.100",167205.81
3269,2026-07-01 12:23:34.669,GluingML,GluingML_b28_pr1_r1_gg1,COMPLETED,"Action logic completed successfully",167205.82
3270,2026-07-01 12:23:34.673,GluingML,GluingML_b28_pr1_r1_gg1,COMPLETED,"Effects applied on exit",167209.68
3271,2026-07-01 12:23:34.801,GluingBeamHL,GluingBeamHL_b28_r1_m5_lay5,STARTED,"HL subtree tick: FF_Default_DynamicFlow_GluingBeamHL_b28_r1_m5_lay5; DeltaTime: 0.100",167337.14
3272,2026-07-01 12:23:34.801,GluingBeamHL,GluingBeamHL_b28_r1_m5_lay5,COMPLETED,"Subtree execution completed successfully",167337.88
3273,2026-07-01 12:23:34.802,GluingBeamHL,GluingBeamHL_b28_r1_m5_lay5,STARTED,"DeltaTime: 0.100",167337.90
3274,2026-07-01 12:23:34.802,GluingBeamHL,GluingBeamHL_b28_r1_m5_lay5,COMPLETED,"Action logic completed successfully",167337.92
3275,2026-07-01 12:23:34.808,GluingBeamHL,GluingBeamHL_b28_r1_m5_lay5,COMPLETED,"Effects applied on exit",167343.91
3276,2026-07-01 12:23:34.951,GluingBeamHL,GluingBeamHL_b27_r1_m5_lay5,STARTED,"HL subtree tick: FF_Default_DynamicFlow_GluingBeamHL_b27_r1_m5_lay5; DeltaTime: 0.100",167487.10
3277,2026-07-01 12:23:35.277,GluingML,GluingML_b27_pr1_r1_gg1,STARTED,"ML action execution; DeltaTime: 0.100",167813.45
3278,2026-07-01 12:23:35.277,GluingML,GluingML_b27_pr1_r1_gg1,STARTED,"DeltaTime: 0.100",167813.49
3279,2026-07-01 12:23:35.277,GluingML,GluingML_b27_pr1_r1_gg1,COMPLETED,"Action logic completed successfully",167813.50
3280,2026-07-01 12:23:35.281,GluingML,GluingML_b27_pr1_r1_gg1,COMPLETED,"Effects applied on exit",167817.14
3281,2026-07-01 12:23:35.414,GluingBeamHL,GluingBeamHL_b27_r1_m5_lay5,STARTED,"HL subtree tick: FF_Default_DynamicFlow_GluingBeamHL_b27_r1_m5_lay5; DeltaTime: 0.100",167950.61
3282,2026-07-01 12:23:35.415,GluingBeamHL,GluingBeamHL_b27_r1_m5_lay5,COMPLETED,"Subtree execution completed successfully",167951.02
3283,2026-07-01 12:23:35.415,GluingBeamHL,GluingBeamHL_b27_r1_m5_lay5,STARTED,"DeltaTime: 0.100",167951.03
3284,2026-07-01 12:23:35.415,GluingBeamHL,GluingBeamHL_b27_r1_m5_lay5,COMPLETED,"Action logic completed successfully",167951.04
3285,2026-07-01 12:23:35.418,GluingBeamHL,GluingBeamHL_b27_r1_m5_lay5,COMPLETED,"Effects applied on exit",167953.94
3286,2026-07-01 12:23:35.551,GluingBeamHL,GluingBeamHL_b31_r1_m6_lay6,STARTED,"HL subtree tick: FF_Default_DynamicFlow_GluingBeamHL_b31_r1_m6_lay6; DeltaTime: 0.100",168087.12
3287,2026-07-01 12:23:35.877,TravelML,TravelML_r1_pr1_pr2,STARTED,"ML action execution; DeltaTime: 0.100",168413.05
3288,2026-07-01 12:23:35.877,TravelML,TravelML_r1_pr1_pr2,STARTED,"DeltaTime: 0.100",168413.08
3289,2026-07-01 12:23:35.877,TravelML,TravelML_r1_pr1_pr2,COMPLETED,"Action logic completed successfully",168413.21
3290,2026-07-01 12:23:35.880,TravelML,TravelML_r1_pr1_pr2,COMPLETED,"Effects applied on exit",168416.37
3291,2026-07-01 12:23:36.014,GluingBeamHL,GluingBeamHL_b31_r1_m6_lay6,STARTED,"HL subtree tick: FF_Default_DynamicFlow_GluingBeamHL_b31_r1_m6_lay6; DeltaTime: 0.100",168550.87
3292,2026-07-01 12:23:36.016,GluingML,GluingML_b31_pr2_r1_gg1,STARTED,"ML action execution; DeltaTime: 0.100",168552.44
3293,2026-07-01 12:23:36.016,GluingML,GluingML_b31_pr2_r1_gg1,STARTED,"DeltaTime: 0.100",168552.45
3294,2026-07-01 12:23:36.016,GluingML,GluingML_b31_pr2_r1_gg1,COMPLETED,"Action logic completed successfully",168552.46
3295,2026-07-01 12:23:36.020,GluingML,GluingML_b31_pr2_r1_gg1,COMPLETED,"Effects applied on exit",168556.12
3296,2026-07-01 12:23:36.156,GluingBeamHL,GluingBeamHL_b31_r1_m6_lay6,STARTED,"HL subtree tick: FF_Default_DynamicFlow_GluingBeamHL_b31_r1_m6_lay6; DeltaTime: 0.100",168692.18
3297,2026-07-01 12:23:36.156,GluingBeamHL,GluingBeamHL_b31_r1_m6_lay6,COMPLETED,"Subtree execution completed successfully",168692.64
3298,2026-07-01 12:23:36.156,GluingBeamHL,GluingBeamHL_b31_r1_m6_lay6,STARTED,"DeltaTime: 0.100",168692.65
3299,2026-07-01 12:23:36.156,GluingBeamHL,GluingBeamHL_b31_r1_m6_lay6,COMPLETED,"Action logic completed successfully",168692.65
3300,2026-07-01 12:23:36.159,GluingBeamHL,GluingBeamHL_b31_r1_m6_lay6,COMPLETED,"Effects applied on exit",168695.45
3301,2026-07-01 12:23:36.304,GluingBeamHL,GluingBeamHL_b32_r1_m6_lay6,STARTED,"HL subtree tick: FF_Default_DynamicFlow_GluingBeamHL_b32_r1_m6_lay6; DeltaTime: 0.100",168840.71
3302,2026-07-01 12:23:36.645,GluingML,GluingML_b32_pr2_r1_gg1,STARTED,"ML action execution; DeltaTime: 0.100",169181.41
3303,2026-07-01 12:23:36.645,GluingML,GluingML_b32_pr2_r1_gg1,STARTED,"DeltaTime: 0.100",169181.43
3304,2026-07-01 12:23:36.645,GluingML,GluingML_b32_pr2_r1_gg1,COMPLETED,"Action logic completed successfully",169181.44
3305,2026-07-01 12:23:36.649,GluingML,GluingML_b32_pr2_r1_gg1,COMPLETED,"Effects applied on exit",169185.83
3306,2026-07-01 12:23:36.782,GluingBeamHL,GluingBeamHL_b32_r1_m6_lay6,STARTED,"HL subtree tick: FF_Default_DynamicFlow_GluingBeamHL_b32_r1_m6_lay6; DeltaTime: 0.100",169318.75
3307,2026-07-01 12:23:36.783,GluingBeamHL,GluingBeamHL_b32_r1_m6_lay6,COMPLETED,"Subtree execution completed successfully",169319.05
3308,2026-07-01 12:23:36.783,GluingBeamHL,GluingBeamHL_b32_r1_m6_lay6,STARTED,"DeltaTime: 0.100",169319.06
3309,2026-07-01 12:23:36.783,GluingBeamHL,GluingBeamHL_b32_r1_m6_lay6,COMPLETED,"Action logic completed successfully",169319.07
3310,2026-07-01 12:23:36.785,GluingBeamHL,GluingBeamHL_b32_r1_m6_lay6,COMPLETED,"Effects applied on exit",169321.84
3311,2026-07-01 12:23:36.918,GluingBeamHL,GluingBeamHL_b35_r1_m6_lay6,STARTED,"HL subtree tick: FF_Default_DynamicFlow_GluingBeamHL_b35_r1_m6_lay6; DeltaTime: 0.100",169454.54
3312,2026-07-01 12:23:37.260,GluingML,GluingML_b35_pr2_r1_gg1,STARTED,"ML action execution; DeltaTime: 0.100",169796.69
3313,2026-07-01 12:23:37.260,GluingML,GluingML_b35_pr2_r1_gg1,STARTED,"DeltaTime: 0.100",169796.71
3314,2026-07-01 12:23:37.260,GluingML,GluingML_b35_pr2_r1_gg1,COMPLETED,"Action logic completed successfully",169796.71
3315,2026-07-01 12:23:37.263,GluingML,GluingML_b35_pr2_r1_gg1,COMPLETED,"Effects applied on exit",169799.65
3316,2026-07-01 12:23:37.395,GluingBeamHL,GluingBeamHL_b35_r1_m6_lay6,STARTED,"HL subtree tick: FF_Default_DynamicFlow_GluingBeamHL_b35_r1_m6_lay6; DeltaTime: 0.100",169931.20
3317,2026-07-01 12:23:37.395,GluingBeamHL,GluingBeamHL_b35_r1_m6_lay6,COMPLETED,"Subtree execution completed successfully",169931.49
3318,2026-07-01 12:23:37.395,GluingBeamHL,GluingBeamHL_b35_r1_m6_lay6,STARTED,"DeltaTime: 0.100",169931.50
3319,2026-07-01 12:23:37.395,GluingBeamHL,GluingBeamHL_b35_r1_m6_lay6,COMPLETED,"Action logic completed successfully",169931.51
3320,2026-07-01 12:23:37.398,GluingBeamHL,GluingBeamHL_b35_r1_m6_lay6,COMPLETED,"Effects applied on exit",169934.87
3321,2026-07-01 12:23:37.529,GluingBeamHL,GluingBeamHL_b36_r1_m6_lay6,STARTED,"HL subtree tick: FF_Default_DynamicFlow_GluingBeamHL_b36_r1_m6_lay6; DeltaTime: 0.100",170065.13
3322,2026-07-01 12:23:37.911,GluingML,GluingML_b36_pr2_r1_gg1,STARTED,"ML action execution; DeltaTime: 0.100",170447.02
3323,2026-07-01 12:23:37.911,GluingML,GluingML_b36_pr2_r1_gg1,STARTED,"DeltaTime: 0.100",170447.04
3324,2026-07-01 12:23:37.911,GluingML,GluingML_b36_pr2_r1_gg1,COMPLETED,"Action logic completed successfully",170447.04
3325,2026-07-01 12:23:37.915,GluingML,GluingML_b36_pr2_r1_gg1,COMPLETED,"Effects applied on exit",170450.94
3326,2026-07-01 12:23:38.040,GluingBeamHL,GluingBeamHL_b36_r1_m6_lay6,STARTED,"HL subtree tick: FF_Default_DynamicFlow_GluingBeamHL_b36_r1_m6_lay6; DeltaTime: 0.100",170576.55
3327,2026-07-01 12:23:38.041,GluingBeamHL,GluingBeamHL_b36_r1_m6_lay6,COMPLETED,"Subtree execution completed successfully",170577.58
3328,2026-07-01 12:23:38.041,GluingBeamHL,GluingBeamHL_b36_r1_m6_lay6,STARTED,"DeltaTime: 0.100",170577.62
3329,2026-07-01 12:23:38.041,GluingBeamHL,GluingBeamHL_b36_r1_m6_lay6,COMPLETED,"Action logic completed successfully",170577.64
3330,2026-07-01 12:23:38.049,GluingBeamHL,GluingBeamHL_b36_r1_m6_lay6,COMPLETED,"Effects applied on exit",170585.18
3331,2026-07-01 12:23:38.189,GluingBeamHL,GluingBeamHL_b34_r1_m6_lay6,STARTED,"HL subtree tick: FF_Default_DynamicFlow_GluingBeamHL_b34_r1_m6_lay6; DeltaTime: 0.100",170725.32
3332,2026-07-01 12:23:38.513,GluingML,GluingML_b34_pr2_r1_gg1,STARTED,"ML action execution; DeltaTime: 0.100",171049.32
3333,2026-07-01 12:23:38.513,GluingML,GluingML_b34_pr2_r1_gg1,STARTED,"DeltaTime: 0.100",171049.34
3334,2026-07-01 12:23:38.513,GluingML,GluingML_b34_pr2_r1_gg1,COMPLETED,"Action logic completed successfully",171049.34
3335,2026-07-01 12:23:38.516,GluingML,GluingML_b34_pr2_r1_gg1,COMPLETED,"Effects applied on exit",171052.61
3336,2026-07-01 12:23:38.641,GluingBeamHL,GluingBeamHL_b34_r1_m6_lay6,STARTED,"HL subtree tick: FF_Default_DynamicFlow_GluingBeamHL_b34_r1_m6_lay6; DeltaTime: 0.100",171177.61
3337,2026-07-01 12:23:38.642,GluingBeamHL,GluingBeamHL_b34_r1_m6_lay6,COMPLETED,"Subtree execution completed successfully",171177.91
3338,2026-07-01 12:23:38.642,GluingBeamHL,GluingBeamHL_b34_r1_m6_lay6,STARTED,"DeltaTime: 0.100",171177.92
3339,2026-07-01 12:23:38.642,GluingBeamHL,GluingBeamHL_b34_r1_m6_lay6,COMPLETED,"Action logic completed successfully",171177.93
3340,2026-07-01 12:23:38.644,GluingBeamHL,GluingBeamHL_b34_r1_m6_lay6,COMPLETED,"Effects applied on exit",171180.38
3341,2026-07-01 12:23:38.776,GluingBeamHL,GluingBeamHL_b33_r1_m6_lay6,STARTED,"HL subtree tick: FF_Default_DynamicFlow_GluingBeamHL_b33_r1_m6_lay6; DeltaTime: 0.100",171312.72
3342,2026-07-01 12:23:39.102,GluingML,GluingML_b33_pr2_r1_gg1,STARTED,"ML action execution; DeltaTime: 0.100",171638.61
3343,2026-07-01 12:23:39.102,GluingML,GluingML_b33_pr2_r1_gg1,STARTED,"DeltaTime: 0.100",171638.62
3344,2026-07-01 12:23:39.102,GluingML,GluingML_b33_pr2_r1_gg1,COMPLETED,"Action logic completed successfully",171638.63
3345,2026-07-01 12:23:39.105,GluingML,GluingML_b33_pr2_r1_gg1,COMPLETED,"Effects applied on exit",171641.73
3346,2026-07-01 12:23:39.242,GluingBeamHL,GluingBeamHL_b33_r1_m6_lay6,STARTED,"HL subtree tick: FF_Default_DynamicFlow_GluingBeamHL_b33_r1_m6_lay6; DeltaTime: 0.100",171778.46
3347,2026-07-01 12:23:39.243,GluingBeamHL,GluingBeamHL_b33_r1_m6_lay6,COMPLETED,"Subtree execution completed successfully",171779.02
3348,2026-07-01 12:23:39.243,GluingBeamHL,GluingBeamHL_b33_r1_m6_lay6,STARTED,"DeltaTime: 0.100",171779.04
3349,2026-07-01 12:23:39.243,GluingBeamHL,GluingBeamHL_b33_r1_m6_lay6,COMPLETED,"Action logic completed successfully",171779.04
3350,2026-07-01 12:23:39.245,GluingBeamHL,GluingBeamHL_b33_r1_m6_lay6,COMPLETED,"Effects applied on exit",171781.79
3351,2026-07-01 12:23:39.383,GluingBeamHL,GluingBeamHL_b37_r1_m7_lay7,STARTED,"HL subtree tick: FF_Default_DynamicFlow_GluingBeamHL_b37_r1_m7_lay7; DeltaTime: 0.100",171918.95
3352,2026-07-01 12:23:39.707,TravelML,TravelML_r1_pr2_pr3,STARTED,"ML action execution; DeltaTime: 0.100",172243.05
3353,2026-07-01 12:23:39.707,TravelML,TravelML_r1_pr2_pr3,STARTED,"DeltaTime: 0.100",172243.06
3354,2026-07-01 12:23:39.707,TravelML,TravelML_r1_pr2_pr3,COMPLETED,"Action logic completed successfully",172243.07
3355,2026-07-01 12:23:39.710,TravelML,TravelML_r1_pr2_pr3,COMPLETED,"Effects applied on exit",172246.48
3356,2026-07-01 12:23:39.835,GluingBeamHL,GluingBeamHL_b37_r1_m7_lay7,STARTED,"HL subtree tick: FF_Default_DynamicFlow_GluingBeamHL_b37_r1_m7_lay7; DeltaTime: 0.100",172371.42
3357,2026-07-01 12:23:39.836,GluingML,GluingML_b37_pr3_r1_gg1,STARTED,"ML action execution; DeltaTime: 0.100",172372.50
3358,2026-07-01 12:23:39.836,GluingML,GluingML_b37_pr3_r1_gg1,STARTED,"DeltaTime: 0.100",172372.51
3359,2026-07-01 12:23:39.836,GluingML,GluingML_b37_pr3_r1_gg1,COMPLETED,"Action logic completed successfully",172372.51
3360,2026-07-01 12:23:39.840,GluingML,GluingML_b37_pr3_r1_gg1,COMPLETED,"Effects applied on exit",172376.26
3361,2026-07-01 12:23:39.977,GluingBeamHL,GluingBeamHL_b37_r1_m7_lay7,STARTED,"HL subtree tick: FF_Default_DynamicFlow_GluingBeamHL_b37_r1_m7_lay7; DeltaTime: 0.100",172513.21
3362,2026-07-01 12:23:39.977,GluingBeamHL,GluingBeamHL_b37_r1_m7_lay7,COMPLETED,"Subtree execution completed successfully",172513.58
3363,2026-07-01 12:23:39.977,GluingBeamHL,GluingBeamHL_b37_r1_m7_lay7,STARTED,"DeltaTime: 0.100",172513.59
3364,2026-07-01 12:23:39.977,GluingBeamHL,GluingBeamHL_b37_r1_m7_lay7,COMPLETED,"Action logic completed successfully",172513.60
3365,2026-07-01 12:23:39.980,GluingBeamHL,GluingBeamHL_b37_r1_m7_lay7,COMPLETED,"Effects applied on exit",172516.17
3366,2026-07-01 12:23:40.122,GluingBeamHL,GluingBeamHL_b38_r1_m7_lay7,STARTED,"HL subtree tick: FF_Default_DynamicFlow_GluingBeamHL_b38_r1_m7_lay7; DeltaTime: 0.100",172658.22
3367,2026-07-01 12:23:40.474,GluingML,GluingML_b38_pr3_r1_gg1,STARTED,"ML action execution; DeltaTime: 0.100",173010.20
3368,2026-07-01 12:23:40.474,GluingML,GluingML_b38_pr3_r1_gg1,STARTED,"DeltaTime: 0.100",173010.22
3369,2026-07-01 12:23:40.474,GluingML,GluingML_b38_pr3_r1_gg1,COMPLETED,"Action logic completed successfully",173010.22
3370,2026-07-01 12:23:40.478,GluingML,GluingML_b38_pr3_r1_gg1,COMPLETED,"Effects applied on exit",173014.14
3371,2026-07-01 12:23:40.608,GluingBeamHL,GluingBeamHL_b38_r1_m7_lay7,STARTED,"HL subtree tick: FF_Default_DynamicFlow_GluingBeamHL_b38_r1_m7_lay7; DeltaTime: 0.100",173144.90
3372,2026-07-01 12:23:40.609,GluingBeamHL,GluingBeamHL_b38_r1_m7_lay7,COMPLETED,"Subtree execution completed successfully",173145.23
3373,2026-07-01 12:23:40.609,GluingBeamHL,GluingBeamHL_b38_r1_m7_lay7,STARTED,"DeltaTime: 0.100",173145.24
3374,2026-07-01 12:23:40.609,GluingBeamHL,GluingBeamHL_b38_r1_m7_lay7,COMPLETED,"Action logic completed successfully",173145.25
3375,2026-07-01 12:23:40.612,GluingBeamHL,GluingBeamHL_b38_r1_m7_lay7,COMPLETED,"Effects applied on exit",173148.59
3376,2026-07-01 12:23:40.755,GluingBeamHL,GluingBeamHL_b41_r1_m7_lay7,STARTED,"HL subtree tick: FF_Default_DynamicFlow_GluingBeamHL_b41_r1_m7_lay7; DeltaTime: 0.100",173291.10
3377,2026-07-01 12:23:41.116,GluingML,GluingML_b41_pr3_r1_gg1,STARTED,"ML action execution; DeltaTime: 0.100",173652.77
3378,2026-07-01 12:23:41.116,GluingML,GluingML_b41_pr3_r1_gg1,STARTED,"DeltaTime: 0.100",173652.78
3379,2026-07-01 12:23:41.116,GluingML,GluingML_b41_pr3_r1_gg1,COMPLETED,"Action logic completed successfully",173652.79
3380,2026-07-01 12:23:41.120,GluingML,GluingML_b41_pr3_r1_gg1,COMPLETED,"Effects applied on exit",173656.58
3381,2026-07-01 12:23:41.253,GluingBeamHL,GluingBeamHL_b41_r1_m7_lay7,STARTED,"HL subtree tick: FF_Default_DynamicFlow_GluingBeamHL_b41_r1_m7_lay7; DeltaTime: 0.100",173789.78
3382,2026-07-01 12:23:41.254,GluingBeamHL,GluingBeamHL_b41_r1_m7_lay7,COMPLETED,"Subtree execution completed successfully",173790.10
3383,2026-07-01 12:23:41.254,GluingBeamHL,GluingBeamHL_b41_r1_m7_lay7,STARTED,"DeltaTime: 0.100",173790.10
3384,2026-07-01 12:23:41.254,GluingBeamHL,GluingBeamHL_b41_r1_m7_lay7,COMPLETED,"Action logic completed successfully",173790.11
3385,2026-07-01 12:23:41.256,GluingBeamHL,GluingBeamHL_b41_r1_m7_lay7,COMPLETED,"Effects applied on exit",173792.85
3386,2026-07-01 12:23:41.406,GluingBeamHL,GluingBeamHL_b42_r1_m7_lay7,STARTED,"HL subtree tick: FF_Default_DynamicFlow_GluingBeamHL_b42_r1_m7_lay7; DeltaTime: 0.100",173942.79
3387,2026-07-01 12:23:41.729,GluingML,GluingML_b42_pr3_r1_gg1,STARTED,"ML action execution; DeltaTime: 0.100",174265.25
3388,2026-07-01 12:23:41.729,GluingML,GluingML_b42_pr3_r1_gg1,STARTED,"DeltaTime: 0.100",174265.26
3389,2026-07-01 12:23:41.729,GluingML,GluingML_b42_pr3_r1_gg1,COMPLETED,"Action logic completed successfully",174265.27
3390,2026-07-01 12:23:41.732,GluingML,GluingML_b42_pr3_r1_gg1,COMPLETED,"Effects applied on exit",174268.45
3391,2026-07-01 12:23:41.865,GluingBeamHL,GluingBeamHL_b42_r1_m7_lay7,STARTED,"HL subtree tick: FF_Default_DynamicFlow_GluingBeamHL_b42_r1_m7_lay7; DeltaTime: 0.100",174401.64
3392,2026-07-01 12:23:41.866,GluingBeamHL,GluingBeamHL_b42_r1_m7_lay7,COMPLETED,"Subtree execution completed successfully",174402.06
3393,2026-07-01 12:23:41.866,GluingBeamHL,GluingBeamHL_b42_r1_m7_lay7,STARTED,"DeltaTime: 0.100",174402.07
3394,2026-07-01 12:23:41.866,GluingBeamHL,GluingBeamHL_b42_r1_m7_lay7,COMPLETED,"Action logic completed successfully",174402.07
3395,2026-07-01 12:23:41.868,GluingBeamHL,GluingBeamHL_b42_r1_m7_lay7,COMPLETED,"Effects applied on exit",174404.87
3396,2026-07-01 12:23:42.010,GluingBeamHL,GluingBeamHL_b40_r1_m7_lay7,STARTED,"HL subtree tick: FF_Default_DynamicFlow_GluingBeamHL_b40_r1_m7_lay7; DeltaTime: 0.100",174546.86
3397,2026-07-01 12:23:42.357,GluingML,GluingML_b40_pr3_r1_gg1,STARTED,"ML action execution; DeltaTime: 0.100",174893.59
3398,2026-07-01 12:23:42.357,GluingML,GluingML_b40_pr3_r1_gg1,STARTED,"DeltaTime: 0.100",174893.68
3399,2026-07-01 12:23:42.357,GluingML,GluingML_b40_pr3_r1_gg1,COMPLETED,"Action logic completed successfully",174893.69
3400,2026-07-01 12:23:42.362,GluingML,GluingML_b40_pr3_r1_gg1,COMPLETED,"Effects applied on exit",174897.94
3401,2026-07-01 12:23:42.491,GluingBeamHL,GluingBeamHL_b40_r1_m7_lay7,STARTED,"HL subtree tick: FF_Default_DynamicFlow_GluingBeamHL_b40_r1_m7_lay7; DeltaTime: 0.100",175027.20
3402,2026-07-01 12:23:42.491,GluingBeamHL,GluingBeamHL_b40_r1_m7_lay7,COMPLETED,"Subtree execution completed successfully",175027.56
3403,2026-07-01 12:23:42.491,GluingBeamHL,GluingBeamHL_b40_r1_m7_lay7,STARTED,"DeltaTime: 0.100",175027.57
3404,2026-07-01 12:23:42.491,GluingBeamHL,GluingBeamHL_b40_r1_m7_lay7,COMPLETED,"Action logic completed successfully",175027.57
3405,2026-07-01 12:23:42.494,GluingBeamHL,GluingBeamHL_b40_r1_m7_lay7,COMPLETED,"Effects applied on exit",175030.30
3406,2026-07-01 12:23:42.628,GluingBeamHL,GluingBeamHL_b39_r1_m7_lay7,STARTED,"HL subtree tick: FF_Default_DynamicFlow_GluingBeamHL_b39_r1_m7_lay7; DeltaTime: 0.100",175164.58
3407,2026-07-01 12:23:42.951,GluingML,GluingML_b39_pr3_r1_gg1,STARTED,"ML action execution; DeltaTime: 0.100",175487.65
3408,2026-07-01 12:23:42.951,GluingML,GluingML_b39_pr3_r1_gg1,STARTED,"DeltaTime: 0.100",175487.68
3409,2026-07-01 12:23:42.951,GluingML,GluingML_b39_pr3_r1_gg1,COMPLETED,"Action logic completed successfully",175487.69
3410,2026-07-01 12:23:42.955,GluingML,GluingML_b39_pr3_r1_gg1,COMPLETED,"Effects applied on exit",175491.25
3411,2026-07-01 12:23:43.080,GluingBeamHL,GluingBeamHL_b39_r1_m7_lay7,STARTED,"HL subtree tick: FF_Default_DynamicFlow_GluingBeamHL_b39_r1_m7_lay7; DeltaTime: 0.100",175616.46
3412,2026-07-01 12:23:43.080,GluingBeamHL,GluingBeamHL_b39_r1_m7_lay7,COMPLETED,"Subtree execution completed successfully",175616.82
3413,2026-07-01 12:23:43.080,GluingBeamHL,GluingBeamHL_b39_r1_m7_lay7,STARTED,"DeltaTime: 0.100",175616.82
3414,2026-07-01 12:23:43.080,GluingBeamHL,GluingBeamHL_b39_r1_m7_lay7,COMPLETED,"Action logic completed successfully",175616.83
3415,2026-07-01 12:23:43.083,GluingBeamHL,GluingBeamHL_b39_r1_m7_lay7,COMPLETED,"Effects applied on exit",175619.32
3416,2026-07-01 12:23:43.222,GluingBeamHL,GluingBeamHL_b43_r1_m8_lay8,STARTED,"HL subtree tick: FF_Default_DynamicFlow_GluingBeamHL_b43_r1_m8_lay8; DeltaTime: 0.100",175758.66
3417,2026-07-01 12:23:43.554,TravelML,TravelML_r1_pr3_pr4,STARTED,"ML action execution; DeltaTime: 0.100",176090.74
3418,2026-07-01 12:23:43.554,TravelML,TravelML_r1_pr3_pr4,STARTED,"DeltaTime: 0.100",176090.76
3419,2026-07-01 12:23:43.554,TravelML,TravelML_r1_pr3_pr4,COMPLETED,"Action logic completed successfully",176090.76
3420,2026-07-01 12:23:43.558,TravelML,TravelML_r1_pr3_pr4,COMPLETED,"Effects applied on exit",176094.34
3421,2026-07-01 12:23:43.683,GluingBeamHL,GluingBeamHL_b43_r1_m8_lay8,STARTED,"HL subtree tick: FF_Default_DynamicFlow_GluingBeamHL_b43_r1_m8_lay8; DeltaTime: 0.100",176219.79
3422,2026-07-01 12:23:43.685,GluingML,GluingML_b43_pr4_r1_gg1,STARTED,"ML action execution; DeltaTime: 0.100",176220.91
3423,2026-07-01 12:23:43.685,GluingML,GluingML_b43_pr4_r1_gg1,STARTED,"DeltaTime: 0.100",176220.92
3424,2026-07-01 12:23:43.685,GluingML,GluingML_b43_pr4_r1_gg1,COMPLETED,"Action logic completed successfully",176220.92
3425,2026-07-01 12:23:43.688,GluingML,GluingML_b43_pr4_r1_gg1,COMPLETED,"Effects applied on exit",176224.07
3426,2026-07-01 12:23:43.810,GluingBeamHL,GluingBeamHL_b43_r1_m8_lay8,STARTED,"HL subtree tick: FF_Default_DynamicFlow_GluingBeamHL_b43_r1_m8_lay8; DeltaTime: 0.100",176346.43
3427,2026-07-01 12:23:43.810,GluingBeamHL,GluingBeamHL_b43_r1_m8_lay8,COMPLETED,"Subtree execution completed successfully",176346.79
3428,2026-07-01 12:23:43.810,GluingBeamHL,GluingBeamHL_b43_r1_m8_lay8,STARTED,"DeltaTime: 0.100",176346.79
3429,2026-07-01 12:23:43.810,GluingBeamHL,GluingBeamHL_b43_r1_m8_lay8,COMPLETED,"Action logic completed successfully",176346.80
3430,2026-07-01 12:23:43.814,GluingBeamHL,GluingBeamHL_b43_r1_m8_lay8,COMPLETED,"Effects applied on exit",176350.42
3431,2026-07-01 12:23:43.959,GluingBeamHL,GluingBeamHL_b44_r1_m8_lay8,STARTED,"HL subtree tick: FF_Default_DynamicFlow_GluingBeamHL_b44_r1_m8_lay8; DeltaTime: 0.100",176495.38
3432,2026-07-01 12:23:44.266,GluingML,GluingML_b44_pr4_r1_gg1,STARTED,"ML action execution; DeltaTime: 0.100",176802.55
3433,2026-07-01 12:23:44.266,GluingML,GluingML_b44_pr4_r1_gg1,STARTED,"DeltaTime: 0.100",176802.56
3434,2026-07-01 12:23:44.266,GluingML,GluingML_b44_pr4_r1_gg1,COMPLETED,"Action logic completed successfully",176802.57
3435,2026-07-01 12:23:44.270,GluingML,GluingML_b44_pr4_r1_gg1,COMPLETED,"Effects applied on exit",176806.08
3436,2026-07-01 12:23:44.397,GluingBeamHL,GluingBeamHL_b44_r1_m8_lay8,STARTED,"HL subtree tick: FF_Default_DynamicFlow_GluingBeamHL_b44_r1_m8_lay8; DeltaTime: 0.100",176932.91
3437,2026-07-01 12:23:44.397,GluingBeamHL,GluingBeamHL_b44_r1_m8_lay8,COMPLETED,"Subtree execution completed successfully",176933.20
3438,2026-07-01 12:23:44.397,GluingBeamHL,GluingBeamHL_b44_r1_m8_lay8,STARTED,"DeltaTime: 0.100",176933.21
3439,2026-07-01 12:23:44.397,GluingBeamHL,GluingBeamHL_b44_r1_m8_lay8,COMPLETED,"Action logic completed successfully",176933.21
3440,2026-07-01 12:23:44.399,GluingBeamHL,GluingBeamHL_b44_r1_m8_lay8,COMPLETED,"Effects applied on exit",176935.79
3441,2026-07-01 12:23:44.547,GluingBeamHL,GluingBeamHL_b47_r1_m8_lay8,STARTED,"HL subtree tick: FF_Default_DynamicFlow_GluingBeamHL_b47_r1_m8_lay8; DeltaTime: 0.100",177083.14
3442,2026-07-01 12:23:44.837,GluingML,GluingML_b47_pr4_r1_gg1,STARTED,"ML action execution; DeltaTime: 0.100",177372.91
3443,2026-07-01 12:23:44.837,GluingML,GluingML_b47_pr4_r1_gg1,STARTED,"DeltaTime: 0.100",177372.92
3444,2026-07-01 12:23:44.837,GluingML,GluingML_b47_pr4_r1_gg1,COMPLETED,"Action logic completed successfully",177372.92
3445,2026-07-01 12:23:44.840,GluingML,GluingML_b47_pr4_r1_gg1,COMPLETED,"Effects applied on exit",177376.52
3446,2026-07-01 12:23:44.978,GluingBeamHL,GluingBeamHL_b47_r1_m8_lay8,STARTED,"HL subtree tick: FF_Default_DynamicFlow_GluingBeamHL_b47_r1_m8_lay8; DeltaTime: 0.100",177514.09
3447,2026-07-01 12:23:44.978,GluingBeamHL,GluingBeamHL_b47_r1_m8_lay8,COMPLETED,"Subtree execution completed successfully",177514.40
3448,2026-07-01 12:23:44.978,GluingBeamHL,GluingBeamHL_b47_r1_m8_lay8,STARTED,"DeltaTime: 0.100",177514.41
3449,2026-07-01 12:23:44.978,GluingBeamHL,GluingBeamHL_b47_r1_m8_lay8,COMPLETED,"Action logic completed successfully",177514.42
3450,2026-07-01 12:23:44.982,GluingBeamHL,GluingBeamHL_b47_r1_m8_lay8,COMPLETED,"Effects applied on exit",177517.94
3451,2026-07-01 12:23:45.129,GluingBeamHL,GluingBeamHL_b48_r1_m8_lay8,STARTED,"HL subtree tick: FF_Default_DynamicFlow_GluingBeamHL_b48_r1_m8_lay8; DeltaTime: 0.100",177665.21
3452,2026-07-01 12:23:45.432,GluingML,GluingML_b48_pr4_r1_gg1,STARTED,"ML action execution; DeltaTime: 0.100",177968.23
3453,2026-07-01 12:23:45.432,GluingML,GluingML_b48_pr4_r1_gg1,STARTED,"DeltaTime: 0.100",177968.24
3454,2026-07-01 12:23:45.432,GluingML,GluingML_b48_pr4_r1_gg1,COMPLETED,"Action logic completed successfully",177968.25
3455,2026-07-01 12:23:45.435,GluingML,GluingML_b48_pr4_r1_gg1,COMPLETED,"Effects applied on exit",177971.69
3456,2026-07-01 12:23:45.561,GluingBeamHL,GluingBeamHL_b48_r1_m8_lay8,STARTED,"HL subtree tick: FF_Default_DynamicFlow_GluingBeamHL_b48_r1_m8_lay8; DeltaTime: 0.100",178097.51
3457,2026-07-01 12:23:45.561,GluingBeamHL,GluingBeamHL_b48_r1_m8_lay8,COMPLETED,"Subtree execution completed successfully",178097.86
3458,2026-07-01 12:23:45.561,GluingBeamHL,GluingBeamHL_b48_r1_m8_lay8,STARTED,"DeltaTime: 0.100",178097.87
3459,2026-07-01 12:23:45.561,GluingBeamHL,GluingBeamHL_b48_r1_m8_lay8,COMPLETED,"Action logic completed successfully",178097.88
3460,2026-07-01 12:23:45.564,GluingBeamHL,GluingBeamHL_b48_r1_m8_lay8,COMPLETED,"Effects applied on exit",178100.71
3461,2026-07-01 12:23:45.694,GluingBeamHL,GluingBeamHL_b46_r1_m8_lay8,STARTED,"HL subtree tick: FF_Default_DynamicFlow_GluingBeamHL_b46_r1_m8_lay8; DeltaTime: 0.100",178230.05
3462,2026-07-01 12:23:45.983,GluingML,GluingML_b46_pr4_r1_gg1,STARTED,"ML action execution; DeltaTime: 0.100",178519.41
3463,2026-07-01 12:23:45.983,GluingML,GluingML_b46_pr4_r1_gg1,STARTED,"DeltaTime: 0.100",178519.43
3464,2026-07-01 12:23:45.983,GluingML,GluingML_b46_pr4_r1_gg1,COMPLETED,"Action logic completed successfully",178519.43
3465,2026-07-01 12:23:45.986,GluingML,GluingML_b46_pr4_r1_gg1,COMPLETED,"Effects applied on exit",178522.90
3466,2026-07-01 12:23:46.108,GluingBeamHL,GluingBeamHL_b46_r1_m8_lay8,STARTED,"HL subtree tick: FF_Default_DynamicFlow_GluingBeamHL_b46_r1_m8_lay8; DeltaTime: 0.100",178644.90
3467,2026-07-01 12:23:46.109,GluingBeamHL,GluingBeamHL_b46_r1_m8_lay8,COMPLETED,"Subtree execution completed successfully",178645.20
3468,2026-07-01 12:23:46.109,GluingBeamHL,GluingBeamHL_b46_r1_m8_lay8,STARTED,"DeltaTime: 0.100",178645.20
3469,2026-07-01 12:23:46.109,GluingBeamHL,GluingBeamHL_b46_r1_m8_lay8,COMPLETED,"Action logic completed successfully",178645.21
3470,2026-07-01 12:23:46.112,GluingBeamHL,GluingBeamHL_b46_r1_m8_lay8,COMPLETED,"Effects applied on exit",178648.47
3471,2026-07-01 12:23:46.256,GluingBeamHL,GluingBeamHL_b45_r1_m8_lay8,STARTED,"HL subtree tick: FF_Default_DynamicFlow_GluingBeamHL_b45_r1_m8_lay8; DeltaTime: 0.100",178792.27
3472,2026-07-01 12:23:46.555,GluingML,GluingML_b45_pr4_r1_gg1,STARTED,"ML action execution; DeltaTime: 0.100",179091.51
3473,2026-07-01 12:23:46.555,GluingML,GluingML_b45_pr4_r1_gg1,STARTED,"DeltaTime: 0.100",179091.52
3474,2026-07-01 12:23:46.555,GluingML,GluingML_b45_pr4_r1_gg1,COMPLETED,"Action logic completed successfully",179091.52
3475,2026-07-01 12:23:46.559,GluingML,GluingML_b45_pr4_r1_gg1,COMPLETED,"Effects applied on exit",179094.97
3476,2026-07-01 12:23:46.691,GluingBeamHL,GluingBeamHL_b45_r1_m8_lay8,STARTED,"HL subtree tick: FF_Default_DynamicFlow_GluingBeamHL_b45_r1_m8_lay8; DeltaTime: 0.100",179227.05
3477,2026-07-01 12:23:46.691,GluingBeamHL,GluingBeamHL_b45_r1_m8_lay8,COMPLETED,"Subtree execution completed successfully",179227.42
3478,2026-07-01 12:23:46.691,GluingBeamHL,GluingBeamHL_b45_r1_m8_lay8,STARTED,"DeltaTime: 0.100",179227.43
3479,2026-07-01 12:23:46.691,GluingBeamHL,GluingBeamHL_b45_r1_m8_lay8,COMPLETED,"Action logic completed successfully",179227.43
3480,2026-07-01 12:23:46.694,GluingBeamHL,GluingBeamHL_b45_r1_m8_lay8,COMPLETED,"Effects applied on exit",179230.25
3481,2026-07-01 12:23:46.846,PickUpHL,PickUpHL_tp5_fp37_r1,STARTED,"HL subtree tick: FF_Default_DynamicFlow_PickUpHL_tp5_fp37_r1; DeltaTime: 0.100",179381.99
3482,2026-07-01 12:23:47.158,TravelML,TravelML_r1_pr4_ep2,STARTED,"ML action execution; DeltaTime: 0.100",179694.48
3483,2026-07-01 12:23:47.158,TravelML,TravelML_r1_pr4_ep2,STARTED,"DeltaTime: 0.100",179694.49
3484,2026-07-01 12:23:47.158,TravelML,TravelML_r1_pr4_ep2,COMPLETED,"Action logic completed successfully",179694.50
3485,2026-07-01 12:23:47.165,TravelML,TravelML_r1_pr4_ep2,COMPLETED,"Effects applied on exit",179701.16
3486,2026-07-01 12:23:47.300,PickUpHL,PickUpHL_tp5_fp37_r1,STARTED,"HL subtree tick: FF_Default_DynamicFlow_PickUpHL_tp5_fp37_r1; DeltaTime: 0.100",179836.30
3487,2026-07-01 12:23:47.302,CloseToolML,CloseToolML_r1_gg1,STARTED,"ML action execution; DeltaTime: 0.100",179837.93
3488,2026-07-01 12:23:47.302,CloseToolML,CloseToolML_r1_gg1,STARTED,"DeltaTime: 0.100",179837.94
3489,2026-07-01 12:23:47.302,CloseToolML,CloseToolML_r1_gg1,COMPLETED,"Action logic completed successfully",179837.95
3490,2026-07-01 12:23:47.304,CloseToolML,CloseToolML_r1_gg1,COMPLETED,"Effects applied on exit",179840.52
3491,2026-07-01 12:23:47.428,PickUpHL,PickUpHL_tp5_fp37_r1,STARTED,"HL subtree tick: FF_Default_DynamicFlow_PickUpHL_tp5_fp37_r1; DeltaTime: 0.100",179963.99
3492,2026-07-01 12:23:47.431,DeequipML,DeequipML_r1_gg1_ep2,STARTED,"ML action execution; DeltaTime: 0.100",179967.87
3493,2026-07-01 12:23:47.431,DeequipML,DeequipML_r1_gg1_ep2,STARTED,"DeltaTime: 0.100",179967.88
3494,2026-07-01 12:23:47.431,DeequipML,DeequipML_r1_gg1_ep2,COMPLETED,"Action logic completed successfully",179967.89
3495,2026-07-01 12:23:47.436,DeequipML,DeequipML_r1_gg1_ep2,COMPLETED,"Effects applied on exit",179972.33
3496,2026-07-01 12:23:47.567,PickUpHL,PickUpHL_tp5_fp37_r1,STARTED,"HL subtree tick: FF_Default_DynamicFlow_PickUpHL_tp5_fp37_r1; DeltaTime: 0.100",180103.62
3497,2026-07-01 12:23:47.569,TravelML,TravelML_r1_ep2_fp37,STARTED,"ML action execution; DeltaTime: 0.100",180105.27
3498,2026-07-01 12:23:47.569,TravelML,TravelML_r1_ep2_fp37,STARTED,"DeltaTime: 0.100",180105.28
3499,2026-07-01 12:23:47.569,TravelML,TravelML_r1_ep2_fp37,COMPLETED,"Action logic completed successfully",180105.28
3500,2026-07-01 12:23:47.573,TravelML,TravelML_r1_ep2_fp37,COMPLETED,"Effects applied on exit",180109.05
3501,2026-07-01 12:23:47.713,PickUpHL,PickUpHL_tp5_fp37_r1,STARTED,"HL subtree tick: FF_Default_DynamicFlow_PickUpHL_tp5_fp37_r1; DeltaTime: 0.100",180249.02
3502,2026-07-01 12:23:47.715,TravelML,TravelML_r1_fp37_ep1,STARTED,"ML action execution; DeltaTime: 0.100",180251.13
3503,2026-07-01 12:23:47.715,TravelML,TravelML_r1_fp37_ep1,STARTED,"DeltaTime: 0.100",180251.14
3504,2026-07-01 12:23:47.715,TravelML,TravelML_r1_fp37_ep1,COMPLETED,"Action logic completed successfully",180251.14
3505,2026-07-01 12:23:47.719,TravelML,TravelML_r1_fp37_ep1,COMPLETED,"Effects applied on exit",180255.62
3506,2026-07-01 12:23:47.853,PickUpHL,PickUpHL_tp5_fp37_r1,STARTED,"HL subtree tick: FF_Default_DynamicFlow_PickUpHL_tp5_fp37_r1; DeltaTime: 0.100",180389.35
3507,2026-07-01 12:23:47.854,EquipeML,EquipeML_r1_vg1_ep1,STARTED,"ML action execution; DeltaTime: 0.100",180390.79
3508,2026-07-01 12:23:47.854,EquipeML,EquipeML_r1_vg1_ep1,STARTED,"DeltaTime: 0.100",180390.80
3509,2026-07-01 12:23:47.854,EquipeML,EquipeML_r1_vg1_ep1,COMPLETED,"Action logic completed successfully",180390.80
3510,2026-07-01 12:23:47.858,EquipeML,EquipeML_r1_vg1_ep1,COMPLETED,"Effects applied on exit",180394.64
3511,2026-07-01 12:23:47.994,PickUpHL,PickUpHL_tp5_fp37_r1,STARTED,"HL subtree tick: FF_Default_DynamicFlow_PickUpHL_tp5_fp37_r1; DeltaTime: 0.100",180530.21
3512,2026-07-01 12:23:47.995,TravelML,TravelML_r1_ep1_fp37,STARTED,"ML action execution; DeltaTime: 0.100",180531.86
3513,2026-07-01 12:23:47.995,TravelML,TravelML_r1_ep1_fp37,STARTED,"DeltaTime: 0.100",180531.87
3514,2026-07-01 12:23:47.995,TravelML,TravelML_r1_ep1_fp37,COMPLETED,"Action logic completed successfully",180531.87
3515,2026-07-01 12:23:47.999,TravelML,TravelML_r1_ep1_fp37,COMPLETED,"Effects applied on exit",180535.61
3516,2026-07-01 12:23:48.150,PickUpHL,PickUpHL_tp5_fp37_r1,STARTED,"HL subtree tick: FF_Default_DynamicFlow_PickUpHL_tp5_fp37_r1; DeltaTime: 0.100",180686.15
3517,2026-07-01 12:23:48.151,InitializeML,InitializeML_r1_vg1,STARTED,"ML action execution; DeltaTime: 0.100",180687.76
3518,2026-07-01 12:23:48.151,InitializeML,InitializeML_r1_vg1,STARTED,"DeltaTime: 0.100",180687.77
3519,2026-07-01 12:23:48.151,InitializeML,InitializeML_r1_vg1,COMPLETED,"Action logic completed successfully",180687.78
3520,2026-07-01 12:23:48.154,InitializeML,InitializeML_r1_vg1,COMPLETED,"Effects applied on exit",180690.32
3521,2026-07-01 12:23:48.280,PickUpHL,PickUpHL_tp5_fp37_r1,STARTED,"HL subtree tick: FF_Default_DynamicFlow_PickUpHL_tp5_fp37_r1; DeltaTime: 0.100",180816.85
3522,2026-07-01 12:23:48.282,PickUpML,PickUpML_tp5_fp37_r1_vg1,STARTED,"ML action execution; DeltaTime: 0.100",180818.51
3523,2026-07-01 12:23:48.282,PickUpML,PickUpML_tp5_fp37_r1_vg1,STARTED,"DeltaTime: 0.100",180818.52
3524,2026-07-01 12:23:48.282,PickUpML,PickUpML_tp5_fp37_r1_vg1,COMPLETED,"Action logic completed successfully",180818.53
3525,2026-07-01 12:23:48.286,PickUpML,PickUpML_tp5_fp37_r1_vg1,COMPLETED,"Effects applied on exit",180822.89
3526,2026-07-01 12:23:48.412,PickUpHL,PickUpHL_tp5_fp37_r1,STARTED,"HL subtree tick: FF_Default_DynamicFlow_PickUpHL_tp5_fp37_r1; DeltaTime: 0.100",180948.78
3527,2026-07-01 12:23:48.413,PickUpHL,PickUpHL_tp5_fp37_r1,COMPLETED,"Subtree execution completed successfully",180949.78
3528,2026-07-01 12:23:48.413,PickUpHL,PickUpHL_tp5_fp37_r1,STARTED,"DeltaTime: 0.100",180949.79
3529,2026-07-01 12:23:48.413,PickUpHL,PickUpHL_tp5_fp37_r1,COMPLETED,"Action logic completed successfully",180949.79
3530,2026-07-01 12:23:48.417,PickUpHL,PickUpHL_tp5_fp37_r1,COMPLETED,"Effects applied on exit",180953.22
3531,2026-07-01 12:23:48.546,StackOnMultipleHL,StackOnMultipleHL_tp5_r1_pr1_m5_lay5,STARTED,"HL subtree tick: FF_Default_DynamicFlow_StackOnMultipleHL_tp5_r1_pr1_m5_lay5; DeltaTime: 0.100",181082.07
3532,2026-07-01 12:23:48.921,TravelML,TravelML_r1_fp37_pr1,STARTED,"ML action execution; DeltaTime: 0.100",181457.58
3533,2026-07-01 12:23:48.921,TravelML,TravelML_r1_fp37_pr1,STARTED,"DeltaTime: 0.100",181457.59
3534,2026-07-01 12:23:48.921,TravelML,TravelML_r1_fp37_pr1,COMPLETED,"Action logic completed successfully",181457.60
3535,2026-07-01 12:23:48.924,TravelML,TravelML_r1_fp37_pr1,COMPLETED,"Effects applied on exit",181460.83
3536,2026-07-01 12:23:49.061,StackOnMultipleHL,StackOnMultipleHL_tp5_r1_pr1_m5_lay5,STARTED,"HL subtree tick: FF_Default_DynamicFlow_StackOnMultipleHL_tp5_r1_pr1_m5_lay5; DeltaTime: 0.100",181596.95
3537,2026-07-01 12:23:49.062,StackML,StackML_tp5_b25_r1_vg1_pr1,STARTED,"ML action execution; DeltaTime: 0.100",181598.09
3538,2026-07-01 12:23:49.062,StackML,StackML_tp5_b25_r1_vg1_pr1,STARTED,"DeltaTime: 0.100",181598.10
3539,2026-07-01 12:23:49.062,StackML,StackML_tp5_b25_r1_vg1_pr1,COMPLETED,"Action logic completed successfully",181598.11
3540,2026-07-01 12:23:49.066,StackML,StackML_tp5_b25_r1_vg1_pr1,COMPLETED,"Effects applied on exit",181602.82
3541,2026-07-01 12:23:49.188,StackOnMultipleHL,StackOnMultipleHL_tp5_r1_pr1_m5_lay5,STARTED,"HL subtree tick: FF_Default_DynamicFlow_StackOnMultipleHL_tp5_r1_pr1_m5_lay5; DeltaTime: 0.100",181724.25
3542,2026-07-01 12:23:49.188,StackOnMultipleHL,StackOnMultipleHL_tp5_r1_pr1_m5_lay5,COMPLETED,"Subtree execution completed successfully",181724.60
3543,2026-07-01 12:23:49.188,StackOnMultipleHL,StackOnMultipleHL_tp5_r1_pr1_m5_lay5,STARTED,"DeltaTime: 0.100",181724.61
3544,2026-07-01 12:23:49.188,StackOnMultipleHL,StackOnMultipleHL_tp5_r1_pr1_m5_lay5,COMPLETED,"Action logic completed successfully",181724.61
3545,2026-07-01 12:23:49.191,StackOnMultipleHL,StackOnMultipleHL_tp5_r1_pr1_m5_lay5,COMPLETED,"Effects applied on exit",181727.72
3546,2026-07-01 12:23:49.338,PickUpHL,PickUpHL_tp6_fp45_r1,STARTED,"HL subtree tick: FF_Default_DynamicFlow_PickUpHL_tp6_fp45_r1; DeltaTime: 0.100",181874.40
3547,2026-07-01 12:23:49.648,TravelML,TravelML_r1_pr1_fp45,STARTED,"ML action execution; DeltaTime: 0.100",182184.44
3548,2026-07-01 12:23:49.648,TravelML,TravelML_r1_pr1_fp45,STARTED,"DeltaTime: 0.100",182184.46
3549,2026-07-01 12:23:49.648,TravelML,TravelML_r1_pr1_fp45,COMPLETED,"Action logic completed successfully",182184.46
3550,2026-07-01 12:23:49.651,TravelML,TravelML_r1_pr1_fp45,COMPLETED,"Effects applied on exit",182187.72
3551,2026-07-01 12:23:49.789,PickUpHL,PickUpHL_tp6_fp45_r1,STARTED,"HL subtree tick: FF_Default_DynamicFlow_PickUpHL_tp6_fp45_r1; DeltaTime: 0.100",182325.21
3552,2026-07-01 12:23:49.791,PickUpML,PickUpML_tp6_fp45_r1_vg1,STARTED,"ML action execution; DeltaTime: 0.100",182327.51
3553,2026-07-01 12:23:49.791,PickUpML,PickUpML_tp6_fp45_r1_vg1,STARTED,"DeltaTime: 0.100",182327.52
3554,2026-07-01 12:23:49.791,PickUpML,PickUpML_tp6_fp45_r1_vg1,COMPLETED,"Action logic completed successfully",182327.53
3555,2026-07-01 12:23:49.798,PickUpML,PickUpML_tp6_fp45_r1_vg1,COMPLETED,"Effects applied on exit",182334.16
3556,2026-07-01 12:23:49.929,PickUpHL,PickUpHL_tp6_fp45_r1,STARTED,"HL subtree tick: FF_Default_DynamicFlow_PickUpHL_tp6_fp45_r1; DeltaTime: 0.100",182465.39
3557,2026-07-01 12:23:49.929,PickUpHL,PickUpHL_tp6_fp45_r1,COMPLETED,"Subtree execution completed successfully",182465.75
3558,2026-07-01 12:23:49.929,PickUpHL,PickUpHL_tp6_fp45_r1,STARTED,"DeltaTime: 0.100",182465.75
3559,2026-07-01 12:23:49.929,PickUpHL,PickUpHL_tp6_fp45_r1,COMPLETED,"Action logic completed successfully",182465.76
3560,2026-07-01 12:23:49.932,PickUpHL,PickUpHL_tp6_fp45_r1,COMPLETED,"Effects applied on exit",182468.89
3561,2026-07-01 12:23:50.077,StackOnMultipleHL,StackOnMultipleHL_tp6_r1_pr2_m6_lay6,STARTED,"HL subtree tick: FF_Default_DynamicFlow_StackOnMultipleHL_tp6_r1_pr2_m6_lay6; DeltaTime: 0.100",182613.29
3562,2026-07-01 12:23:50.419,TravelML,TravelML_r1_fp45_pr2,STARTED,"ML action execution; DeltaTime: 0.100",182955.81
3563,2026-07-01 12:23:50.419,TravelML,TravelML_r1_fp45_pr2,STARTED,"DeltaTime: 0.100",182955.83
3564,2026-07-01 12:23:50.419,TravelML,TravelML_r1_fp45_pr2,COMPLETED,"Action logic completed successfully",182955.84
3565,2026-07-01 12:23:50.423,TravelML,TravelML_r1_fp45_pr2,COMPLETED,"Effects applied on exit",182959.81
3566,2026-07-01 12:23:50.553,StackOnMultipleHL,StackOnMultipleHL_tp6_r1_pr2_m6_lay6,STARTED,"HL subtree tick: FF_Default_DynamicFlow_StackOnMultipleHL_tp6_r1_pr2_m6_lay6; DeltaTime: 0.100",183089.70
3567,2026-07-01 12:23:50.556,StackML,StackML_tp6_b31_r1_vg1_pr2,STARTED,"ML action execution; DeltaTime: 0.100",183092.22
3568,2026-07-01 12:23:50.556,StackML,StackML_tp6_b31_r1_vg1_pr2,STARTED,"DeltaTime: 0.100",183092.23
3569,2026-07-01 12:23:50.556,StackML,StackML_tp6_b31_r1_vg1_pr2,COMPLETED,"Action logic completed successfully",183092.24
3570,2026-07-01 12:23:50.561,StackML,StackML_tp6_b31_r1_vg1_pr2,COMPLETED,"Effects applied on exit",183097.54
3571,2026-07-01 12:23:50.697,StackOnMultipleHL,StackOnMultipleHL_tp6_r1_pr2_m6_lay6,STARTED,"HL subtree tick: FF_Default_DynamicFlow_StackOnMultipleHL_tp6_r1_pr2_m6_lay6; DeltaTime: 0.100",183233.11
3572,2026-07-01 12:23:50.697,StackOnMultipleHL,StackOnMultipleHL_tp6_r1_pr2_m6_lay6,COMPLETED,"Subtree execution completed successfully",183233.57
3573,2026-07-01 12:23:50.697,StackOnMultipleHL,StackOnMultipleHL_tp6_r1_pr2_m6_lay6,STARTED,"DeltaTime: 0.100",183233.58
3574,2026-07-01 12:23:50.697,StackOnMultipleHL,StackOnMultipleHL_tp6_r1_pr2_m6_lay6,COMPLETED,"Action logic completed successfully",183233.59
3575,2026-07-01 12:23:50.700,StackOnMultipleHL,StackOnMultipleHL_tp6_r1_pr2_m6_lay6,COMPLETED,"Effects applied on exit",183236.48
3576,2026-07-01 12:23:50.847,PickUpHL,PickUpHL_tp7_fp53_r1,STARTED,"HL subtree tick: FF_Default_DynamicFlow_PickUpHL_tp7_fp53_r1; DeltaTime: 0.100",183383.35
3577,2026-07-01 12:23:51.207,TravelML,TravelML_r1_pr2_fp53,STARTED,"ML action execution; DeltaTime: 0.100",183743.02
3578,2026-07-01 12:23:51.207,TravelML,TravelML_r1_pr2_fp53,STARTED,"DeltaTime: 0.100",183743.04
3579,2026-07-01 12:23:51.207,TravelML,TravelML_r1_pr2_fp53,COMPLETED,"Action logic completed successfully",183743.05
3580,2026-07-01 12:23:51.210,TravelML,TravelML_r1_pr2_fp53,COMPLETED,"Effects applied on exit",183746.62
3581,2026-07-01 12:23:51.339,PickUpHL,PickUpHL_tp7_fp53_r1,STARTED,"HL subtree tick: FF_Default_DynamicFlow_PickUpHL_tp7_fp53_r1; DeltaTime: 0.100",183875.25
3582,2026-07-01 12:23:51.340,PickUpML,PickUpML_tp7_fp53_r1_vg1,STARTED,"ML action execution; DeltaTime: 0.100",183876.25
3583,2026-07-01 12:23:51.340,PickUpML,PickUpML_tp7_fp53_r1_vg1,STARTED,"DeltaTime: 0.100",183876.27
3584,2026-07-01 12:23:51.340,PickUpML,PickUpML_tp7_fp53_r1_vg1,COMPLETED,"Action logic completed successfully",183876.27
3585,2026-07-01 12:23:51.344,PickUpML,PickUpML_tp7_fp53_r1_vg1,COMPLETED,"Effects applied on exit",183880.41
3586,2026-07-01 12:23:51.482,PickUpHL,PickUpHL_tp7_fp53_r1,STARTED,"HL subtree tick: FF_Default_DynamicFlow_PickUpHL_tp7_fp53_r1; DeltaTime: 0.100",184018.17
3587,2026-07-01 12:23:51.482,PickUpHL,PickUpHL_tp7_fp53_r1,COMPLETED,"Subtree execution completed successfully",184018.53
3588,2026-07-01 12:23:51.482,PickUpHL,PickUpHL_tp7_fp53_r1,STARTED,"DeltaTime: 0.100",184018.53
3589,2026-07-01 12:23:51.482,PickUpHL,PickUpHL_tp7_fp53_r1,COMPLETED,"Action logic completed successfully",184018.54
3590,2026-07-01 12:23:51.485,PickUpHL,PickUpHL_tp7_fp53_r1,COMPLETED,"Effects applied on exit",184021.41
3591,2026-07-01 12:23:51.618,StackOnMultipleHL,StackOnMultipleHL_tp7_r1_pr3_m7_lay7,STARTED,"HL subtree tick: FF_Default_DynamicFlow_StackOnMultipleHL_tp7_r1_pr3_m7_lay7; DeltaTime: 0.100",184154.37
3592,2026-07-01 12:23:51.939,TravelML,TravelML_r1_fp53_pr3,STARTED,"ML action execution; DeltaTime: 0.100",184475.86
3593,2026-07-01 12:23:51.939,TravelML,TravelML_r1_fp53_pr3,STARTED,"DeltaTime: 0.100",184475.87
3594,2026-07-01 12:23:51.939,TravelML,TravelML_r1_fp53_pr3,COMPLETED,"Action logic completed successfully",184475.88
3595,2026-07-01 12:23:51.943,TravelML,TravelML_r1_fp53_pr3,COMPLETED,"Effects applied on exit",184479.15
3596,2026-07-01 12:23:52.073,StackOnMultipleHL,StackOnMultipleHL_tp7_r1_pr3_m7_lay7,STARTED,"HL subtree tick: FF_Default_DynamicFlow_StackOnMultipleHL_tp7_r1_pr3_m7_lay7; DeltaTime: 0.100",184609.42
3597,2026-07-01 12:23:52.074,StackML,StackML_tp7_b37_r1_vg1_pr3,STARTED,"ML action execution; DeltaTime: 0.100",184610.60
3598,2026-07-01 12:23:52.074,StackML,StackML_tp7_b37_r1_vg1_pr3,STARTED,"DeltaTime: 0.100",184610.61
3599,2026-07-01 12:23:52.074,StackML,StackML_tp7_b37_r1_vg1_pr3,COMPLETED,"Action logic completed successfully",184610.62
3600,2026-07-01 12:23:52.084,StackML,StackML_tp7_b37_r1_vg1_pr3,COMPLETED,"Effects applied on exit",184620.05
3601,2026-07-01 12:23:52.218,StackOnMultipleHL,StackOnMultipleHL_tp7_r1_pr3_m7_lay7,STARTED,"HL subtree tick: FF_Default_DynamicFlow_StackOnMultipleHL_tp7_r1_pr3_m7_lay7; DeltaTime: 0.100",184754.62
3602,2026-07-01 12:23:52.219,StackOnMultipleHL,StackOnMultipleHL_tp7_r1_pr3_m7_lay7,COMPLETED,"Subtree execution completed successfully",184755.04
3603,2026-07-01 12:23:52.219,StackOnMultipleHL,StackOnMultipleHL_tp7_r1_pr3_m7_lay7,STARTED,"DeltaTime: 0.100",184755.04
3604,2026-07-01 12:23:52.219,StackOnMultipleHL,StackOnMultipleHL_tp7_r1_pr3_m7_lay7,COMPLETED,"Action logic completed successfully",184755.05
3605,2026-07-01 12:23:52.223,StackOnMultipleHL,StackOnMultipleHL_tp7_r1_pr3_m7_lay7,COMPLETED,"Effects applied on exit",184759.19
3606,2026-07-01 12:23:52.368,PickUpHL,PickUpHL_tp8_fp61_r1,STARTED,"HL subtree tick: FF_Default_DynamicFlow_PickUpHL_tp8_fp61_r1; DeltaTime: 0.100",184904.79
3607,2026-07-01 12:23:52.694,TravelML,TravelML_r1_pr3_fp61,STARTED,"ML action execution; DeltaTime: 0.100",185230.48
3608,2026-07-01 12:23:52.694,TravelML,TravelML_r1_pr3_fp61,STARTED,"DeltaTime: 0.100",185230.50
3609,2026-07-01 12:23:52.694,TravelML,TravelML_r1_pr3_fp61,COMPLETED,"Action logic completed successfully",185230.51
3610,2026-07-01 12:23:52.698,TravelML,TravelML_r1_pr3_fp61,COMPLETED,"Effects applied on exit",185234.12
3611,2026-07-01 12:23:52.833,PickUpHL,PickUpHL_tp8_fp61_r1,STARTED,"HL subtree tick: FF_Default_DynamicFlow_PickUpHL_tp8_fp61_r1; DeltaTime: 0.100",185369.55
3612,2026-07-01 12:23:52.834,PickUpML,PickUpML_tp8_fp61_r1_vg1,STARTED,"ML action execution; DeltaTime: 0.100",185370.65
3613,2026-07-01 12:23:52.834,PickUpML,PickUpML_tp8_fp61_r1_vg1,STARTED,"DeltaTime: 0.100",185370.66
3614,2026-07-01 12:23:52.834,PickUpML,PickUpML_tp8_fp61_r1_vg1,COMPLETED,"Action logic completed successfully",185370.66
3615,2026-07-01 12:23:52.839,PickUpML,PickUpML_tp8_fp61_r1_vg1,COMPLETED,"Effects applied on exit",185375.16
3616,2026-07-01 12:23:52.975,PickUpHL,PickUpHL_tp8_fp61_r1,STARTED,"HL subtree tick: FF_Default_DynamicFlow_PickUpHL_tp8_fp61_r1; DeltaTime: 0.100",185511.22
3617,2026-07-01 12:23:52.975,PickUpHL,PickUpHL_tp8_fp61_r1,COMPLETED,"Subtree execution completed successfully",185511.58
3618,2026-07-01 12:23:52.975,PickUpHL,PickUpHL_tp8_fp61_r1,STARTED,"DeltaTime: 0.100",185511.59
3619,2026-07-01 12:23:52.975,PickUpHL,PickUpHL_tp8_fp61_r1,COMPLETED,"Action logic completed successfully",185511.60
3620,2026-07-01 12:23:52.979,PickUpHL,PickUpHL_tp8_fp61_r1,COMPLETED,"Effects applied on exit",185515.08
3621,2026-07-01 12:23:53.126,StackOnMultipleHL,StackOnMultipleHL_tp8_r1_pr4_m8_lay8,STARTED,"HL subtree tick: FF_Default_DynamicFlow_StackOnMultipleHL_tp8_r1_pr4_m8_lay8; DeltaTime: 0.100",185662.19
3622,2026-07-01 12:23:53.471,TravelML,TravelML_r1_fp61_pr4,STARTED,"ML action execution; DeltaTime: 0.100",186007.43
3623,2026-07-01 12:23:53.471,TravelML,TravelML_r1_fp61_pr4,STARTED,"DeltaTime: 0.100",186007.44
3624,2026-07-01 12:23:53.471,TravelML,TravelML_r1_fp61_pr4,COMPLETED,"Action logic completed successfully",186007.45
3625,2026-07-01 12:23:53.475,TravelML,TravelML_r1_fp61_pr4,COMPLETED,"Effects applied on exit",186011.40
3626,2026-07-01 12:23:53.607,StackOnMultipleHL,StackOnMultipleHL_tp8_r1_pr4_m8_lay8,STARTED,"HL subtree tick: FF_Default_DynamicFlow_StackOnMultipleHL_tp8_r1_pr4_m8_lay8; DeltaTime: 0.100",186143.12
3627,2026-07-01 12:23:53.608,StackML,StackML_tp8_b43_r1_vg1_pr4,STARTED,"ML action execution; DeltaTime: 0.100",186144.77
3628,2026-07-01 12:23:53.608,StackML,StackML_tp8_b43_r1_vg1_pr4,STARTED,"DeltaTime: 0.100",186144.78
3629,2026-07-01 12:23:53.608,StackML,StackML_tp8_b43_r1_vg1_pr4,COMPLETED,"Action logic completed successfully",186144.79
3630,2026-07-01 12:23:53.615,StackML,StackML_tp8_b43_r1_vg1_pr4,COMPLETED,"Effects applied on exit",186151.19
3631,2026-07-01 12:23:53.748,StackOnMultipleHL,StackOnMultipleHL_tp8_r1_pr4_m8_lay8,STARTED,"HL subtree tick: FF_Default_DynamicFlow_StackOnMultipleHL_tp8_r1_pr4_m8_lay8; DeltaTime: 0.100",186284.42
3632,2026-07-01 12:23:53.748,StackOnMultipleHL,StackOnMultipleHL_tp8_r1_pr4_m8_lay8,COMPLETED,"Subtree execution completed successfully",186284.84
3633,2026-07-01 12:23:53.748,StackOnMultipleHL,StackOnMultipleHL_tp8_r1_pr4_m8_lay8,STARTED,"DeltaTime: 0.100",186284.85
3634,2026-07-01 12:23:53.748,StackOnMultipleHL,StackOnMultipleHL_tp8_r1_pr4_m8_lay8,COMPLETED,"Action logic completed successfully",186284.86
3635,2026-07-01 12:23:53.752,StackOnMultipleHL,StackOnMultipleHL_tp8_r1_pr4_m8_lay8,COMPLETED,"Effects applied on exit",186287.94
3636,2026-07-01 12:23:53.910,NailingHL,NailingHL_tp5_r1,STARTED,"HL subtree tick: FF_Default_DynamicFlow_NailingHL_tp5_r1; DeltaTime: 0.100",186446.72
3637,2026-07-01 12:23:54.241,TravelML,TravelML_r1_pr4_ep1,STARTED,"ML action execution; DeltaTime: 0.100",186777.87
3638,2026-07-01 12:23:54.241,TravelML,TravelML_r1_pr4_ep1,STARTED,"DeltaTime: 0.100",186777.88
3639,2026-07-01 12:23:54.241,TravelML,TravelML_r1_pr4_ep1,COMPLETED,"Action logic completed successfully",186777.89
3640,2026-07-01 12:23:54.245,TravelML,TravelML_r1_pr4_ep1,COMPLETED,"Effects applied on exit",186781.89
3641,2026-07-01 12:23:54.378,NailingHL,NailingHL_tp5_r1,STARTED,"HL subtree tick: FF_Default_DynamicFlow_NailingHL_tp5_r1; DeltaTime: 0.100",186914.11
3642,2026-07-01 12:23:54.379,CloseToolML,CloseToolML_r1_vg1,STARTED,"ML action execution; DeltaTime: 0.100",186915.89
3643,2026-07-01 12:23:54.379,CloseToolML,CloseToolML_r1_vg1,STARTED,"DeltaTime: 0.100",186915.90
3644,2026-07-01 12:23:54.380,CloseToolML,CloseToolML_r1_vg1,COMPLETED,"Action logic completed successfully",186915.90
3645,2026-07-01 12:23:54.382,CloseToolML,CloseToolML_r1_vg1,COMPLETED,"Effects applied on exit",186918.44
3646,2026-07-01 12:23:54.519,NailingHL,NailingHL_tp5_r1,STARTED,"HL subtree tick: FF_Default_DynamicFlow_NailingHL_tp5_r1; DeltaTime: 0.100",187055.44
3647,2026-07-01 12:23:54.521,DeequipML,DeequipML_r1_vg1_ep1,STARTED,"ML action execution; DeltaTime: 0.100",187057.10
3648,2026-07-01 12:23:54.521,DeequipML,DeequipML_r1_vg1_ep1,STARTED,"DeltaTime: 0.100",187057.11
3649,2026-07-01 12:23:54.521,DeequipML,DeequipML_r1_vg1_ep1,COMPLETED,"Action logic completed successfully",187057.12
3650,2026-07-01 12:23:54.525,DeequipML,DeequipML_r1_vg1_ep1,COMPLETED,"Effects applied on exit",187061.07
3651,2026-07-01 12:23:54.661,NailingHL,NailingHL_tp5_r1,STARTED,"HL subtree tick: FF_Default_DynamicFlow_NailingHL_tp5_r1; DeltaTime: 0.100",187197.45
3652,2026-07-01 12:23:54.663,TravelML,TravelML_r1_ep1_ep3,STARTED,"ML action execution; DeltaTime: 0.100",187199.33
3653,2026-07-01 12:23:54.663,TravelML,TravelML_r1_ep1_ep3,STARTED,"DeltaTime: 0.100",187199.35
3654,2026-07-01 12:23:54.663,TravelML,TravelML_r1_ep1_ep3,COMPLETED,"Action logic completed successfully",187199.35
3655,2026-07-01 12:23:54.667,TravelML,TravelML_r1_ep1_ep3,COMPLETED,"Effects applied on exit",187202.95
3656,2026-07-01 12:23:54.804,NailingHL,NailingHL_tp5_r1,STARTED,"HL subtree tick: FF_Default_DynamicFlow_NailingHL_tp5_r1; DeltaTime: 0.100",187340.47
3657,2026-07-01 12:23:54.806,EquipeML,EquipeML_r1_ng1_ep3,STARTED,"ML action execution; DeltaTime: 0.100",187342.05
3658,2026-07-01 12:23:54.806,EquipeML,EquipeML_r1_ng1_ep3,STARTED,"DeltaTime: 0.100",187342.06
3659,2026-07-01 12:23:54.806,EquipeML,EquipeML_r1_ng1_ep3,COMPLETED,"Action logic completed successfully",187342.07
3660,2026-07-01 12:23:54.809,EquipeML,EquipeML_r1_ng1_ep3,COMPLETED,"Effects applied on exit",187345.23
3661,2026-07-01 12:23:54.946,NailingHL,NailingHL_tp5_r1,STARTED,"HL subtree tick: FF_Default_DynamicFlow_NailingHL_tp5_r1; DeltaTime: 0.100",187482.79
3662,2026-07-01 12:23:54.948,TravelML,TravelML_r1_ep3_pr1,STARTED,"ML action execution; DeltaTime: 0.100",187484.88
3663,2026-07-01 12:23:54.948,TravelML,TravelML_r1_ep3_pr1,STARTED,"DeltaTime: 0.100",187484.89
3664,2026-07-01 12:23:54.948,TravelML,TravelML_r1_ep3_pr1,COMPLETED,"Action logic completed successfully",187484.90
3665,2026-07-01 12:23:54.953,TravelML,TravelML_r1_ep3_pr1,COMPLETED,"Effects applied on exit",187488.96
3666,2026-07-01 12:23:55.082,NailingHL,NailingHL_tp5_r1,STARTED,"HL subtree tick: FF_Default_DynamicFlow_NailingHL_tp5_r1; DeltaTime: 0.100",187618.13
3667,2026-07-01 12:23:55.083,InitializeML,InitializeML_r1_ng1,STARTED,"ML action execution; DeltaTime: 0.100",187619.62
3668,2026-07-01 12:23:55.083,InitializeML,InitializeML_r1_ng1,STARTED,"DeltaTime: 0.100",187619.63
3669,2026-07-01 12:23:55.083,InitializeML,InitializeML_r1_ng1,COMPLETED,"Action logic completed successfully",187619.63
3670,2026-07-01 12:23:55.086,InitializeML,InitializeML_r1_ng1,COMPLETED,"Effects applied on exit",187622.49
3671,2026-07-01 12:23:55.211,NailingHL,NailingHL_tp5_r1,STARTED,"HL subtree tick: FF_Default_DynamicFlow_NailingHL_tp5_r1; DeltaTime: 0.100",187747.56
3672,2026-07-01 12:23:55.213,NailingML,NailingML_tp5_pr1_r1_ng1,STARTED,"ML action execution; DeltaTime: 0.100",187749.33
3673,2026-07-01 12:23:55.213,NailingML,NailingML_tp5_pr1_r1_ng1,STARTED,"DeltaTime: 0.100",187749.34
3674,2026-07-01 12:23:55.213,NailingML,NailingML_tp5_pr1_r1_ng1,COMPLETED,"Action logic completed successfully",187749.35
3675,2026-07-01 12:23:55.217,NailingML,NailingML_tp5_pr1_r1_ng1,COMPLETED,"Effects applied on exit",187753.84
3676,2026-07-01 12:23:55.350,NailingHL,NailingHL_tp5_r1,STARTED,"HL subtree tick: FF_Default_DynamicFlow_NailingHL_tp5_r1; DeltaTime: 0.100",187886.08
3677,2026-07-01 12:23:55.350,NailingHL,NailingHL_tp5_r1,COMPLETED,"Subtree execution completed successfully",187886.78
3678,2026-07-01 12:23:55.350,NailingHL,NailingHL_tp5_r1,STARTED,"DeltaTime: 0.100",187886.79
3679,2026-07-01 12:23:55.350,NailingHL,NailingHL_tp5_r1,COMPLETED,"Action logic completed successfully",187886.80
3680,2026-07-01 12:23:55.354,NailingHL,NailingHL_tp5_r1,COMPLETED,"Effects applied on exit",187890.31
3681,2026-07-01 12:23:55.501,NailingHL,NailingHL_tp6_r1,STARTED,"HL subtree tick: FF_Default_DynamicFlow_NailingHL_tp6_r1; DeltaTime: 0.100",188037.39
3682,2026-07-01 12:23:55.828,TravelML,TravelML_r1_pr1_pr2,STARTED,"ML action execution; DeltaTime: 0.100",188364.61
3683,2026-07-01 12:23:55.828,TravelML,TravelML_r1_pr1_pr2,STARTED,"DeltaTime: 0.100",188364.63
3684,2026-07-01 12:23:55.828,TravelML,TravelML_r1_pr1_pr2,COMPLETED,"Action logic completed successfully",188364.63
3685,2026-07-01 12:23:55.832,TravelML,TravelML_r1_pr1_pr2,COMPLETED,"Effects applied on exit",188367.94
3686,2026-07-01 12:23:55.984,NailingHL,NailingHL_tp6_r1,STARTED,"HL subtree tick: FF_Default_DynamicFlow_NailingHL_tp6_r1; DeltaTime: 0.100",188520.18
3687,2026-07-01 12:23:55.986,NailingML,NailingML_tp6_pr2_r1_ng1,STARTED,"ML action execution; DeltaTime: 0.100",188522.56
3688,2026-07-01 12:23:55.986,NailingML,NailingML_tp6_pr2_r1_ng1,STARTED,"DeltaTime: 0.100",188522.58
3689,2026-07-01 12:23:55.986,NailingML,NailingML_tp6_pr2_r1_ng1,COMPLETED,"Action logic completed successfully",188522.59
3690,2026-07-01 12:23:55.992,NailingML,NailingML_tp6_pr2_r1_ng1,COMPLETED,"Effects applied on exit",188527.98
3691,2026-07-01 12:23:56.121,NailingHL,NailingHL_tp6_r1,STARTED,"HL subtree tick: FF_Default_DynamicFlow_NailingHL_tp6_r1; DeltaTime: 0.100",188657.58
3692,2026-07-01 12:23:56.122,NailingHL,NailingHL_tp6_r1,COMPLETED,"Subtree execution completed successfully",188657.93
3693,2026-07-01 12:23:56.122,NailingHL,NailingHL_tp6_r1,STARTED,"DeltaTime: 0.100",188657.93
3694,2026-07-01 12:23:56.122,NailingHL,NailingHL_tp6_r1,COMPLETED,"Action logic completed successfully",188657.94
3695,2026-07-01 12:23:56.124,NailingHL,NailingHL_tp6_r1,COMPLETED,"Effects applied on exit",188660.47
3696,2026-07-01 12:23:56.272,NailingHL,NailingHL_tp7_r1,STARTED,"HL subtree tick: FF_Default_DynamicFlow_NailingHL_tp7_r1; DeltaTime: 0.100",188808.33
3697,2026-07-01 12:23:56.630,TravelML,TravelML_r1_pr2_pr3,STARTED,"ML action execution; DeltaTime: 0.100",189165.96
3698,2026-07-01 12:23:56.630,TravelML,TravelML_r1_pr2_pr3,STARTED,"DeltaTime: 0.100",189165.98
3699,2026-07-01 12:23:56.630,TravelML,TravelML_r1_pr2_pr3,COMPLETED,"Action logic completed successfully",189165.99
3700,2026-07-01 12:23:56.633,TravelML,TravelML_r1_pr2_pr3,COMPLETED,"Effects applied on exit",189169.70
3701,2026-07-01 12:23:56.768,NailingHL,NailingHL_tp7_r1,STARTED,"HL subtree tick: FF_Default_DynamicFlow_NailingHL_tp7_r1; DeltaTime: 0.100",189304.16
3702,2026-07-01 12:23:56.769,NailingML,NailingML_tp7_pr3_r1_ng1,STARTED,"ML action execution; DeltaTime: 0.100",189305.33
3703,2026-07-01 12:23:56.769,NailingML,NailingML_tp7_pr3_r1_ng1,STARTED,"DeltaTime: 0.100",189305.34
3704,2026-07-01 12:23:56.769,NailingML,NailingML_tp7_pr3_r1_ng1,COMPLETED,"Action logic completed successfully",189305.35
3705,2026-07-01 12:23:56.774,NailingML,NailingML_tp7_pr3_r1_ng1,COMPLETED,"Effects applied on exit",189310.19
3706,2026-07-01 12:23:56.911,NailingHL,NailingHL_tp7_r1,STARTED,"HL subtree tick: FF_Default_DynamicFlow_NailingHL_tp7_r1; DeltaTime: 0.100",189447.13
3707,2026-07-01 12:23:56.911,NailingHL,NailingHL_tp7_r1,COMPLETED,"Subtree execution completed successfully",189447.48
3708,2026-07-01 12:23:56.911,NailingHL,NailingHL_tp7_r1,STARTED,"DeltaTime: 0.100",189447.49
3709,2026-07-01 12:23:56.911,NailingHL,NailingHL_tp7_r1,COMPLETED,"Action logic completed successfully",189447.49
3710,2026-07-01 12:23:56.914,NailingHL,NailingHL_tp7_r1,COMPLETED,"Effects applied on exit",189450.24
3711,2026-07-01 12:23:57.060,NailingHL,NailingHL_tp8_r1,STARTED,"HL subtree tick: FF_Default_DynamicFlow_NailingHL_tp8_r1; DeltaTime: 0.100",189595.92
3712,2026-07-01 12:23:57.382,TravelML,TravelML_r1_pr3_pr4,STARTED,"ML action execution; DeltaTime: 0.100",189918.05
3713,2026-07-01 12:23:57.382,TravelML,TravelML_r1_pr3_pr4,STARTED,"DeltaTime: 0.100",189918.06
3714,2026-07-01 12:23:57.382,TravelML,TravelML_r1_pr3_pr4,COMPLETED,"Action logic completed successfully",189918.07
3715,2026-07-01 12:23:57.385,TravelML,TravelML_r1_pr3_pr4,COMPLETED,"Effects applied on exit",189921.90
3716,2026-07-01 12:23:57.519,NailingHL,NailingHL_tp8_r1,STARTED,"HL subtree tick: FF_Default_DynamicFlow_NailingHL_tp8_r1; DeltaTime: 0.100",190055.17
3717,2026-07-01 12:23:57.520,NailingML,NailingML_tp8_pr4_r1_ng1,STARTED,"ML action execution; DeltaTime: 0.100",190056.40
3718,2026-07-01 12:23:57.520,NailingML,NailingML_tp8_pr4_r1_ng1,STARTED,"DeltaTime: 0.100",190056.41
3719,2026-07-01 12:23:57.520,NailingML,NailingML_tp8_pr4_r1_ng1,COMPLETED,"Action logic completed successfully",190056.42
3720,2026-07-01 12:23:57.524,NailingML,NailingML_tp8_pr4_r1_ng1,COMPLETED,"Effects applied on exit",190060.71
3721,2026-07-01 12:23:57.647,NailingHL,NailingHL_tp8_r1,STARTED,"HL subtree tick: FF_Default_DynamicFlow_NailingHL_tp8_r1; DeltaTime: 0.100",190182.96
3722,2026-07-01 12:23:57.647,NailingHL,NailingHL_tp8_r1,COMPLETED,"Subtree execution completed successfully",190183.53
3723,2026-07-01 12:23:57.647,NailingHL,NailingHL_tp8_r1,STARTED,"DeltaTime: 0.100",190183.54
3724,2026-07-01 12:23:57.647,NailingHL,NailingHL_tp8_r1,COMPLETED,"Action logic completed successfully",190183.55
3725,2026-07-01 12:23:57.650,NailingHL,NailingHL_tp8_r1,COMPLETED,"Effects applied on exit",190186.70
3726,2026-07-01 12:23:57.804,MoveCassetteToStackHL,MoveCassetteToStackHL_tp5_lp5_pr1_sp5_r1_m5_lay5,STARTED,"HL subtree tick: FF_Default_DynamicFlow_MoveCassetteToStackHL_tp5_lp5_pr1_sp5_r1_m5_lay5; DeltaTime: 0.100",190340.47
3727,2026-07-01 12:23:58.132,TravelML,TravelML_r1_pr4_ep3,STARTED,"ML action execution; DeltaTime: 0.100",190668.29
3728,2026-07-01 12:23:58.132,TravelML,TravelML_r1_pr4_ep3,STARTED,"DeltaTime: 0.100",190668.30
3729,2026-07-01 12:23:58.132,TravelML,TravelML_r1_pr4_ep3,COMPLETED,"Action logic completed successfully",190668.31
3730,2026-07-01 12:23:58.136,TravelML,TravelML_r1_pr4_ep3,COMPLETED,"Effects applied on exit",190672.23
3731,2026-07-01 12:23:58.265,MoveCassetteToStackHL,MoveCassetteToStackHL_tp5_lp5_pr1_sp5_r1_m5_lay5,STARTED,"HL subtree tick: FF_Default_DynamicFlow_MoveCassetteToStackHL_tp5_lp5_pr1_sp5_r1_m5_lay5; DeltaTime: 0.100",190801.11
3732,2026-07-01 12:23:58.267,CloseToolML,CloseToolML_r1_ng1,STARTED,"ML action execution; DeltaTime: 0.100",190802.95
3733,2026-07-01 12:23:58.267,CloseToolML,CloseToolML_r1_ng1,STARTED,"DeltaTime: 0.100",190802.96
3734,2026-07-01 12:23:58.267,CloseToolML,CloseToolML_r1_ng1,COMPLETED,"Action logic completed successfully",190802.96
3735,2026-07-01 12:23:58.270,CloseToolML,CloseToolML_r1_ng1,COMPLETED,"Effects applied on exit",190805.93
3736,2026-07-01 12:23:58.403,MoveCassetteToStackHL,MoveCassetteToStackHL_tp5_lp5_pr1_sp5_r1_m5_lay5,STARTED,"HL subtree tick: FF_Default_DynamicFlow_MoveCassetteToStackHL_tp5_lp5_pr1_sp5_r1_m5_lay5; DeltaTime: 0.100",190939.41
3737,2026-07-01 12:23:58.405,DeequipML,DeequipML_r1_ng1_ep3,STARTED,"ML action execution; DeltaTime: 0.100",190941.07
3738,2026-07-01 12:23:58.405,DeequipML,DeequipML_r1_ng1_ep3,STARTED,"DeltaTime: 0.100",190941.08
3739,2026-07-01 12:23:58.405,DeequipML,DeequipML_r1_ng1_ep3,COMPLETED,"Action logic completed successfully",190941.09
3740,2026-07-01 12:23:58.408,DeequipML,DeequipML_r1_ng1_ep3,COMPLETED,"Effects applied on exit",190944.16
3741,2026-07-01 12:23:58.541,MoveCassetteToStackHL,MoveCassetteToStackHL_tp5_lp5_pr1_sp5_r1_m5_lay5,STARTED,"HL subtree tick: FF_Default_DynamicFlow_MoveCassetteToStackHL_tp5_lp5_pr1_sp5_r1_m5_lay5; DeltaTime: 0.100",191077.80
3742,2026-07-01 12:23:58.544,TravelML,TravelML_r1_ep3_ep1,STARTED,"ML action execution; DeltaTime: 0.100",191080.14
3743,2026-07-01 12:23:58.544,TravelML,TravelML_r1_ep3_ep1,STARTED,"DeltaTime: 0.100",191080.15
3744,2026-07-01 12:23:58.544,TravelML,TravelML_r1_ep3_ep1,COMPLETED,"Action logic completed successfully",191080.15
3745,2026-07-01 12:23:58.548,TravelML,TravelML_r1_ep3_ep1,COMPLETED,"Effects applied on exit",191084.20
3746,2026-07-01 12:23:58.685,MoveCassetteToStackHL,MoveCassetteToStackHL_tp5_lp5_pr1_sp5_r1_m5_lay5,STARTED,"HL subtree tick: FF_Default_DynamicFlow_MoveCassetteToStackHL_tp5_lp5_pr1_sp5_r1_m5_lay5; DeltaTime: 0.100",191221.24
3747,2026-07-01 12:23:58.687,EquipeML,EquipeML_r1_vg1_ep1,STARTED,"ML action execution; DeltaTime: 0.100",191223.04
3748,2026-07-01 12:23:58.687,EquipeML,EquipeML_r1_vg1_ep1,STARTED,"DeltaTime: 0.100",191223.06
3749,2026-07-01 12:23:58.687,EquipeML,EquipeML_r1_vg1_ep1,COMPLETED,"Action logic completed successfully",191223.06
3750,2026-07-01 12:23:58.691,EquipeML,EquipeML_r1_vg1_ep1,COMPLETED,"Effects applied on exit",191226.98
3751,2026-07-01 12:23:58.830,MoveCassetteToStackHL,MoveCassetteToStackHL_tp5_lp5_pr1_sp5_r1_m5_lay5,STARTED,"HL subtree tick: FF_Default_DynamicFlow_MoveCassetteToStackHL_tp5_lp5_pr1_sp5_r1_m5_lay5; DeltaTime: 0.100",191366.51
3752,2026-07-01 12:23:58.836,TravelML,TravelML_r1_ep1_pr1,STARTED,"ML action execution; DeltaTime: 0.100",191372.22
3753,2026-07-01 12:23:58.836,TravelML,TravelML_r1_ep1_pr1,STARTED,"DeltaTime: 0.100",191372.23
3754,2026-07-01 12:23:58.836,TravelML,TravelML_r1_ep1_pr1,COMPLETED,"Action logic completed successfully",191372.25
3755,2026-07-01 12:23:58.840,TravelML,TravelML_r1_ep1_pr1,COMPLETED,"Effects applied on exit",191376.26
3756,2026-07-01 12:23:58.970,MoveCassetteToStackHL,MoveCassetteToStackHL_tp5_lp5_pr1_sp5_r1_m5_lay5,STARTED,"HL subtree tick: FF_Default_DynamicFlow_MoveCassetteToStackHL_tp5_lp5_pr1_sp5_r1_m5_lay5; DeltaTime: 0.100",191506.87
3757,2026-07-01 12:23:58.974,InitializeML,InitializeML_r1_vg1,STARTED,"ML action execution; DeltaTime: 0.100",191510.62
3758,2026-07-01 12:23:58.974,InitializeML,InitializeML_r1_vg1,STARTED,"DeltaTime: 0.100",191510.64
3759,2026-07-01 12:23:58.974,InitializeML,InitializeML_r1_vg1,COMPLETED,"Action logic completed successfully",191510.65
3760,2026-07-01 12:23:58.978,InitializeML,InitializeML_r1_vg1,COMPLETED,"Effects applied on exit",191514.45
3761,2026-07-01 12:23:59.116,MoveCassetteToStackHL,MoveCassetteToStackHL_tp5_lp5_pr1_sp5_r1_m5_lay5,STARTED,"HL subtree tick: FF_Default_DynamicFlow_MoveCassetteToStackHL_tp5_lp5_pr1_sp5_r1_m5_lay5; DeltaTime: 0.100",191652.02
3762,2026-07-01 12:23:59.119,PickUpCassetteML,PickUpCassetteML_lp5_m5_lay5_pr1_r1_vg1,STARTED,"ML action execution; DeltaTime: 0.100",191655.75
3763,2026-07-01 12:23:59.119,PickUpCassetteML,PickUpCassetteML_lp5_m5_lay5_pr1_r1_vg1,STARTED,"DeltaTime: 0.100",191655.76
3764,2026-07-01 12:23:59.119,PickUpCassetteML,PickUpCassetteML_lp5_m5_lay5_pr1_r1_vg1,COMPLETED,"Action logic completed successfully",191655.77
3765,2026-07-01 12:23:59.122,PickUpCassetteML,PickUpCassetteML_lp5_m5_lay5_pr1_r1_vg1,COMPLETED,"Effects applied on exit",191658.84
3766,2026-07-01 12:23:59.251,MoveCassetteToStackHL,MoveCassetteToStackHL_tp5_lp5_pr1_sp5_r1_m5_lay5,STARTED,"HL subtree tick: FF_Default_DynamicFlow_MoveCassetteToStackHL_tp5_lp5_pr1_sp5_r1_m5_lay5; DeltaTime: 0.100",191787.56
3767,2026-07-01 12:23:59.253,TravelML,TravelML_r1_pr1_sp5,STARTED,"ML action execution; DeltaTime: 0.100",191789.38
3768,2026-07-01 12:23:59.253,TravelML,TravelML_r1_pr1_sp5,STARTED,"DeltaTime: 0.100",191789.39
3769,2026-07-01 12:23:59.253,TravelML,TravelML_r1_pr1_sp5,COMPLETED,"Action logic completed successfully",191789.39
3770,2026-07-01 12:23:59.257,TravelML,TravelML_r1_pr1_sp5,COMPLETED,"Effects applied on exit",191793.18
3771,2026-07-01 12:23:59.395,MoveCassetteToStackHL,MoveCassetteToStackHL_tp5_lp5_pr1_sp5_r1_m5_lay5,STARTED,"HL subtree tick: FF_Default_DynamicFlow_MoveCassetteToStackHL_tp5_lp5_pr1_sp5_r1_m5_lay5; DeltaTime: 0.100",191931.00
3772,2026-07-01 12:23:59.396,PlaceCassetteML,PlaceCassetteML_lp5_m5_sp5_r1_vg1,STARTED,"ML action execution; DeltaTime: 0.100",191932.85
3773,2026-07-01 12:23:59.396,PlaceCassetteML,PlaceCassetteML_lp5_m5_sp5_r1_vg1,STARTED,"DeltaTime: 0.100",191932.86
3774,2026-07-01 12:23:59.396,PlaceCassetteML,PlaceCassetteML_lp5_m5_sp5_r1_vg1,COMPLETED,"Action logic completed successfully",191932.87
3775,2026-07-01 12:23:59.402,PlaceCassetteML,PlaceCassetteML_lp5_m5_sp5_r1_vg1,COMPLETED,"Effects applied on exit",191938.53
3776,2026-07-01 12:23:59.537,MoveCassetteToStackHL,MoveCassetteToStackHL_tp5_lp5_pr1_sp5_r1_m5_lay5,STARTED,"HL subtree tick: FF_Default_DynamicFlow_MoveCassetteToStackHL_tp5_lp5_pr1_sp5_r1_m5_lay5; DeltaTime: 0.100",192073.89
3777,2026-07-01 12:23:59.539,MoveCassetteToStackHL,MoveCassetteToStackHL_tp5_lp5_pr1_sp5_r1_m5_lay5,COMPLETED,"Subtree execution completed successfully",192075.02
3778,2026-07-01 12:23:59.539,MoveCassetteToStackHL,MoveCassetteToStackHL_tp5_lp5_pr1_sp5_r1_m5_lay5,STARTED,"DeltaTime: 0.100",192075.03
3779,2026-07-01 12:23:59.539,MoveCassetteToStackHL,MoveCassetteToStackHL_tp5_lp5_pr1_sp5_r1_m5_lay5,COMPLETED,"Action logic completed successfully",192075.04
3780,2026-07-01 12:23:59.543,MoveCassetteToStackHL,MoveCassetteToStackHL_tp5_lp5_pr1_sp5_r1_m5_lay5,COMPLETED,"Effects applied on exit",192079.41
3781,2026-07-01 12:23:59.691,MoveCassetteToStackHL,MoveCassetteToStackHL_tp6_lp6_pr2_sp6_r1_m6_lay6,STARTED,"HL subtree tick: FF_Default_DynamicFlow_MoveCassetteToStackHL_tp6_lp6_pr2_sp6_r1_m6_lay6; DeltaTime: 0.100",192227.25
3782,2026-07-01 12:24:00.076,TravelML,TravelML_r1_sp5_pr2,STARTED,"ML action execution; DeltaTime: 0.100",192612.20
3783,2026-07-01 12:24:00.076,TravelML,TravelML_r1_sp5_pr2,STARTED,"DeltaTime: 0.100",192612.22
3784,2026-07-01 12:24:00.076,TravelML,TravelML_r1_sp5_pr2,COMPLETED,"Action logic completed successfully",192612.23
3785,2026-07-01 12:24:00.081,TravelML,TravelML_r1_sp5_pr2,COMPLETED,"Effects applied on exit",192617.23
3786,2026-07-01 12:24:00.210,MoveCassetteToStackHL,MoveCassetteToStackHL_tp6_lp6_pr2_sp6_r1_m6_lay6,STARTED,"HL subtree tick: FF_Default_DynamicFlow_MoveCassetteToStackHL_tp6_lp6_pr2_sp6_r1_m6_lay6; DeltaTime: 0.100",192745.94
3787,2026-07-01 12:24:00.211,PickUpCassetteML,PickUpCassetteML_lp6_m6_lay6_pr2_r1_vg1,STARTED,"ML action execution; DeltaTime: 0.100",192747.42
3788,2026-07-01 12:24:00.211,PickUpCassetteML,PickUpCassetteML_lp6_m6_lay6_pr2_r1_vg1,STARTED,"DeltaTime: 0.100",192747.43
3789,2026-07-01 12:24:00.211,PickUpCassetteML,PickUpCassetteML_lp6_m6_lay6_pr2_r1_vg1,COMPLETED,"Action logic completed successfully",192747.44
3790,2026-07-01 12:24:00.214,PickUpCassetteML,PickUpCassetteML_lp6_m6_lay6_pr2_r1_vg1,COMPLETED,"Effects applied on exit",192750.39
3791,2026-07-01 12:24:00.351,MoveCassetteToStackHL,MoveCassetteToStackHL_tp6_lp6_pr2_sp6_r1_m6_lay6,STARTED,"HL subtree tick: FF_Default_DynamicFlow_MoveCassetteToStackHL_tp6_lp6_pr2_sp6_r1_m6_lay6; DeltaTime: 0.100",192887.12
3792,2026-07-01 12:24:00.352,TravelML,TravelML_r1_pr2_sp6,STARTED,"ML action execution; DeltaTime: 0.100",192888.39
3793,2026-07-01 12:24:00.352,TravelML,TravelML_r1_pr2_sp6,STARTED,"DeltaTime: 0.100",192888.40
3794,2026-07-01 12:24:00.352,TravelML,TravelML_r1_pr2_sp6,COMPLETED,"Action logic completed successfully",192888.40
3795,2026-07-01 12:24:00.357,TravelML,TravelML_r1_pr2_sp6,COMPLETED,"Effects applied on exit",192892.91
3796,2026-07-01 12:24:00.497,MoveCassetteToStackHL,MoveCassetteToStackHL_tp6_lp6_pr2_sp6_r1_m6_lay6,STARTED,"HL subtree tick: FF_Default_DynamicFlow_MoveCassetteToStackHL_tp6_lp6_pr2_sp6_r1_m6_lay6; DeltaTime: 0.100",193033.55
3797,2026-07-01 12:24:00.499,PlaceCassetteML,PlaceCassetteML_lp6_m6_sp6_r1_vg1,STARTED,"ML action execution; DeltaTime: 0.100",193035.44
3798,2026-07-01 12:24:00.499,PlaceCassetteML,PlaceCassetteML_lp6_m6_sp6_r1_vg1,STARTED,"DeltaTime: 0.100",193035.46
3799,2026-07-01 12:24:00.499,PlaceCassetteML,PlaceCassetteML_lp6_m6_sp6_r1_vg1,COMPLETED,"Action logic completed successfully",193035.47
3800,2026-07-01 12:24:00.504,PlaceCassetteML,PlaceCassetteML_lp6_m6_sp6_r1_vg1,COMPLETED,"Effects applied on exit",193040.43
3801,2026-07-01 12:24:00.635,MoveCassetteToStackHL,MoveCassetteToStackHL_tp6_lp6_pr2_sp6_r1_m6_lay6,STARTED,"HL subtree tick: FF_Default_DynamicFlow_MoveCassetteToStackHL_tp6_lp6_pr2_sp6_r1_m6_lay6; DeltaTime: 0.100",193171.59
3802,2026-07-01 12:24:00.636,MoveCassetteToStackHL,MoveCassetteToStackHL_tp6_lp6_pr2_sp6_r1_m6_lay6,COMPLETED,"Subtree execution completed successfully",193172.11
3803,2026-07-01 12:24:00.636,MoveCassetteToStackHL,MoveCassetteToStackHL_tp6_lp6_pr2_sp6_r1_m6_lay6,STARTED,"DeltaTime: 0.100",193172.12
3804,2026-07-01 12:24:00.636,MoveCassetteToStackHL,MoveCassetteToStackHL_tp6_lp6_pr2_sp6_r1_m6_lay6,COMPLETED,"Action logic completed successfully",193172.13
3805,2026-07-01 12:24:00.639,MoveCassetteToStackHL,MoveCassetteToStackHL_tp6_lp6_pr2_sp6_r1_m6_lay6,COMPLETED,"Effects applied on exit",193175.40
3806,2026-07-01 12:24:00.773,MoveCassetteToStackHL,MoveCassetteToStackHL_tp7_lp7_pr3_sp7_r1_m7_lay7,STARTED,"HL subtree tick: FF_Default_DynamicFlow_MoveCassetteToStackHL_tp7_lp7_pr3_sp7_r1_m7_lay7; DeltaTime: 0.100",193309.25
3807,2026-07-01 12:24:01.088,TravelML,TravelML_r1_sp6_pr3,STARTED,"ML action execution; DeltaTime: 0.100",193624.11
3808,2026-07-01 12:24:01.088,TravelML,TravelML_r1_sp6_pr3,STARTED,"DeltaTime: 0.100",193624.12
3809,2026-07-01 12:24:01.088,TravelML,TravelML_r1_sp6_pr3,COMPLETED,"Action logic completed successfully",193624.12
3810,2026-07-01 12:24:01.092,TravelML,TravelML_r1_sp6_pr3,COMPLETED,"Effects applied on exit",193628.27
3811,2026-07-01 12:24:01.229,MoveCassetteToStackHL,MoveCassetteToStackHL_tp7_lp7_pr3_sp7_r1_m7_lay7,STARTED,"HL subtree tick: FF_Default_DynamicFlow_MoveCassetteToStackHL_tp7_lp7_pr3_sp7_r1_m7_lay7; DeltaTime: 0.100",193765.40
3812,2026-07-01 12:24:01.231,PickUpCassetteML,PickUpCassetteML_lp7_m7_lay7_pr3_r1_vg1,STARTED,"ML action execution; DeltaTime: 0.100",193767.68
3813,2026-07-01 12:24:01.231,PickUpCassetteML,PickUpCassetteML_lp7_m7_lay7_pr3_r1_vg1,STARTED,"DeltaTime: 0.100",193767.69
3814,2026-07-01 12:24:01.231,PickUpCassetteML,PickUpCassetteML_lp7_m7_lay7_pr3_r1_vg1,COMPLETED,"Action logic completed successfully",193767.70
3815,2026-07-01 12:24:01.235,PickUpCassetteML,PickUpCassetteML_lp7_m7_lay7_pr3_r1_vg1,COMPLETED,"Effects applied on exit",193771.23
3816,2026-07-01 12:24:01.369,MoveCassetteToStackHL,MoveCassetteToStackHL_tp7_lp7_pr3_sp7_r1_m7_lay7,STARTED,"HL subtree tick: FF_Default_DynamicFlow_MoveCassetteToStackHL_tp7_lp7_pr3_sp7_r1_m7_lay7; DeltaTime: 0.100",193904.91
3817,2026-07-01 12:24:01.370,TravelML,TravelML_r1_pr3_sp7,STARTED,"ML action execution; DeltaTime: 0.100",193906.36
3818,2026-07-01 12:24:01.370,TravelML,TravelML_r1_pr3_sp7,STARTED,"DeltaTime: 0.100",193906.37
3819,2026-07-01 12:24:01.370,TravelML,TravelML_r1_pr3_sp7,COMPLETED,"Action logic completed successfully",193906.37
3820,2026-07-01 12:24:01.374,TravelML,TravelML_r1_pr3_sp7,COMPLETED,"Effects applied on exit",193909.91
3821,2026-07-01 12:24:01.534,MoveCassetteToStackHL,MoveCassetteToStackHL_tp7_lp7_pr3_sp7_r1_m7_lay7,STARTED,"HL subtree tick: FF_Default_DynamicFlow_MoveCassetteToStackHL_tp7_lp7_pr3_sp7_r1_m7_lay7; DeltaTime: 0.100",194070.07
3822,2026-07-01 12:24:01.537,PlaceCassetteML,PlaceCassetteML_lp7_m7_sp7_r1_vg1,STARTED,"ML action execution; DeltaTime: 0.100",194073.40
3823,2026-07-01 12:24:01.537,PlaceCassetteML,PlaceCassetteML_lp7_m7_sp7_r1_vg1,STARTED,"DeltaTime: 0.100",194073.42
3824,2026-07-01 12:24:01.537,PlaceCassetteML,PlaceCassetteML_lp7_m7_sp7_r1_vg1,COMPLETED,"Action logic completed successfully",194073.44
3825,2026-07-01 12:24:01.544,PlaceCassetteML,PlaceCassetteML_lp7_m7_sp7_r1_vg1,COMPLETED,"Effects applied on exit",194080.39
3826,2026-07-01 12:24:01.683,MoveCassetteToStackHL,MoveCassetteToStackHL_tp7_lp7_pr3_sp7_r1_m7_lay7,STARTED,"HL subtree tick: FF_Default_DynamicFlow_MoveCassetteToStackHL_tp7_lp7_pr3_sp7_r1_m7_lay7; DeltaTime: 0.100",194219.07
3827,2026-07-01 12:24:01.683,MoveCassetteToStackHL,MoveCassetteToStackHL_tp7_lp7_pr3_sp7_r1_m7_lay7,COMPLETED,"Subtree execution completed successfully",194219.89
3828,2026-07-01 12:24:01.683,MoveCassetteToStackHL,MoveCassetteToStackHL_tp7_lp7_pr3_sp7_r1_m7_lay7,STARTED,"DeltaTime: 0.100",194219.90
3829,2026-07-01 12:24:01.684,MoveCassetteToStackHL,MoveCassetteToStackHL_tp7_lp7_pr3_sp7_r1_m7_lay7,COMPLETED,"Action logic completed successfully",194219.91
3830,2026-07-01 12:24:01.689,MoveCassetteToStackHL,MoveCassetteToStackHL_tp7_lp7_pr3_sp7_r1_m7_lay7,COMPLETED,"Effects applied on exit",194225.06
3831,2026-07-01 12:24:01.834,MoveCassetteToStackHL,MoveCassetteToStackHL_tp8_lp8_pr4_sp8_r1_m8_lay8,STARTED,"HL subtree tick: FF_Default_DynamicFlow_MoveCassetteToStackHL_tp8_lp8_pr4_sp8_r1_m8_lay8; DeltaTime: 0.100",194370.83
3832,2026-07-01 12:24:02.160,TravelML,TravelML_r1_sp7_pr4,STARTED,"ML action execution; DeltaTime: 0.100",194696.44
3833,2026-07-01 12:24:02.160,TravelML,TravelML_r1_sp7_pr4,STARTED,"DeltaTime: 0.100",194696.45
3834,2026-07-01 12:24:02.160,TravelML,TravelML_r1_sp7_pr4,COMPLETED,"Action logic completed successfully",194696.45
3835,2026-07-01 12:24:02.164,TravelML,TravelML_r1_sp7_pr4,COMPLETED,"Effects applied on exit",194700.41
3836,2026-07-01 12:24:02.299,MoveCassetteToStackHL,MoveCassetteToStackHL_tp8_lp8_pr4_sp8_r1_m8_lay8,STARTED,"HL subtree tick: FF_Default_DynamicFlow_MoveCassetteToStackHL_tp8_lp8_pr4_sp8_r1_m8_lay8; DeltaTime: 0.100",194835.70
3837,2026-07-01 12:24:02.302,PickUpCassetteML,PickUpCassetteML_lp8_m8_lay8_pr4_r1_vg1,STARTED,"ML action execution; DeltaTime: 0.100",194838.83
3838,2026-07-01 12:24:02.302,PickUpCassetteML,PickUpCassetteML_lp8_m8_lay8_pr4_r1_vg1,STARTED,"DeltaTime: 0.100",194838.85
3839,2026-07-01 12:24:02.302,PickUpCassetteML,PickUpCassetteML_lp8_m8_lay8_pr4_r1_vg1,COMPLETED,"Action logic completed successfully",194838.87
3840,2026-07-01 12:24:02.308,PickUpCassetteML,PickUpCassetteML_lp8_m8_lay8_pr4_r1_vg1,COMPLETED,"Effects applied on exit",194844.17
3841,2026-07-01 12:24:02.437,MoveCassetteToStackHL,MoveCassetteToStackHL_tp8_lp8_pr4_sp8_r1_m8_lay8,STARTED,"HL subtree tick: FF_Default_DynamicFlow_MoveCassetteToStackHL_tp8_lp8_pr4_sp8_r1_m8_lay8; DeltaTime: 0.100",194973.36
3842,2026-07-01 12:24:02.438,TravelML,TravelML_r1_pr4_sp8,STARTED,"ML action execution; DeltaTime: 0.100",194974.79
3843,2026-07-01 12:24:02.438,TravelML,TravelML_r1_pr4_sp8,STARTED,"DeltaTime: 0.100",194974.80
3844,2026-07-01 12:24:02.438,TravelML,TravelML_r1_pr4_sp8,COMPLETED,"Action logic completed successfully",194974.81
3845,2026-07-01 12:24:02.442,TravelML,TravelML_r1_pr4_sp8,COMPLETED,"Effects applied on exit",194978.62
3846,2026-07-01 12:24:02.580,MoveCassetteToStackHL,MoveCassetteToStackHL_tp8_lp8_pr4_sp8_r1_m8_lay8,STARTED,"HL subtree tick: FF_Default_DynamicFlow_MoveCassetteToStackHL_tp8_lp8_pr4_sp8_r1_m8_lay8; DeltaTime: 0.100",195116.42
3847,2026-07-01 12:24:02.582,PlaceCassetteML,PlaceCassetteML_lp8_m8_sp8_r1_vg1,STARTED,"ML action execution; DeltaTime: 0.100",195118.25
3848,2026-07-01 12:24:02.582,PlaceCassetteML,PlaceCassetteML_lp8_m8_sp8_r1_vg1,STARTED,"DeltaTime: 0.100",195118.26
3849,2026-07-01 12:24:02.582,PlaceCassetteML,PlaceCassetteML_lp8_m8_sp8_r1_vg1,COMPLETED,"Action logic completed successfully",195118.27
3850,2026-07-01 12:24:02.588,PlaceCassetteML,PlaceCassetteML_lp8_m8_sp8_r1_vg1,COMPLETED,"Effects applied on exit",195124.56
3851,2026-07-01 12:24:02.720,MoveCassetteToStackHL,MoveCassetteToStackHL_tp8_lp8_pr4_sp8_r1_m8_lay8,STARTED,"HL subtree tick: FF_Default_DynamicFlow_MoveCassetteToStackHL_tp8_lp8_pr4_sp8_r1_m8_lay8; DeltaTime: 0.100",195256.78
3852,2026-07-01 12:24:02.721,MoveCassetteToStackHL,MoveCassetteToStackHL_tp8_lp8_pr4_sp8_r1_m8_lay8,COMPLETED,"Subtree execution completed successfully",195257.27
3853,2026-07-01 12:24:02.721,MoveCassetteToStackHL,MoveCassetteToStackHL_tp8_lp8_pr4_sp8_r1_m8_lay8,STARTED,"DeltaTime: 0.100",195257.28
3854,2026-07-01 12:24:02.721,MoveCassetteToStackHL,MoveCassetteToStackHL_tp8_lp8_pr4_sp8_r1_m8_lay8,COMPLETED,"Action logic completed successfully",195257.28
3855,2026-07-01 12:24:02.725,MoveCassetteToStackHL,MoveCassetteToStackHL_tp8_lp8_pr4_sp8_r1_m8_lay8,COMPLETED,"Effects applied on exit",195261.20
3856,2026-07-01 12:24:08.655,PickUpHL,PickUpHL_lp9_fp65_r1,STARTED,"HL subtree tick: FF_Default_DynamicFlow_PickUpHL_lp9_fp65_r1; DeltaTime: 0.100",201191.09
3857,2026-07-01 12:24:08.996,TravelML,TravelML_r1_sp8_fp65,STARTED,"ML action execution; DeltaTime: 0.100",201532.18
3858,2026-07-01 12:24:08.996,TravelML,TravelML_r1_sp8_fp65,STARTED,"DeltaTime: 0.100",201532.21
3859,2026-07-01 12:24:08.996,TravelML,TravelML_r1_sp8_fp65,COMPLETED,"Action logic completed successfully",201532.23
3860,2026-07-01 12:24:09.005,TravelML,TravelML_r1_sp8_fp65,COMPLETED,"Effects applied on exit",201541.26
3861,2026-07-01 12:24:09.188,PickUpHL,PickUpHL_lp9_fp65_r1,STARTED,"HL subtree tick: FF_Default_DynamicFlow_PickUpHL_lp9_fp65_r1; DeltaTime: 0.100",201724.38
3862,2026-07-01 12:24:09.192,PickUpML,PickUpML_lp9_fp65_r1_vg1,STARTED,"ML action execution; DeltaTime: 0.100",201728.48
3863,2026-07-01 12:24:09.192,PickUpML,PickUpML_lp9_fp65_r1_vg1,STARTED,"DeltaTime: 0.100",201728.50
3864,2026-07-01 12:24:09.192,PickUpML,PickUpML_lp9_fp65_r1_vg1,COMPLETED,"Action logic completed successfully",201728.51
3865,2026-07-01 12:24:09.202,PickUpML,PickUpML_lp9_fp65_r1_vg1,COMPLETED,"Effects applied on exit",201738.42
3866,2026-07-01 12:24:09.382,PickUpHL,PickUpHL_lp9_fp65_r1,STARTED,"HL subtree tick: FF_Default_DynamicFlow_PickUpHL_lp9_fp65_r1; DeltaTime: 0.100",201917.93
3867,2026-07-01 12:24:09.382,PickUpHL,PickUpHL_lp9_fp65_r1,COMPLETED,"Subtree execution completed successfully",201918.73
3868,2026-07-01 12:24:09.382,PickUpHL,PickUpHL_lp9_fp65_r1,STARTED,"DeltaTime: 0.100",201918.74
3869,2026-07-01 12:24:09.382,PickUpHL,PickUpHL_lp9_fp65_r1,COMPLETED,"Action logic completed successfully",201918.76
3870,2026-07-01 12:24:09.390,PickUpHL,PickUpHL_lp9_fp65_r1,COMPLETED,"Effects applied on exit",201926.48
3871,2026-07-01 12:24:09.576,PlaceHL,PlaceHL_lp9_pr1_r1,STARTED,"HL subtree tick: FF_Default_DynamicFlow_PlaceHL_lp9_pr1_r1; DeltaTime: 0.100",202112.06
3872,2026-07-01 12:24:09.962,TravelML,TravelML_r1_fp65_pr1,STARTED,"ML action execution; DeltaTime: 0.100",202498.86
3873,2026-07-01 12:24:09.962,TravelML,TravelML_r1_fp65_pr1,STARTED,"DeltaTime: 0.100",202498.89
3874,2026-07-01 12:24:09.963,TravelML,TravelML_r1_fp65_pr1,COMPLETED,"Action logic completed successfully",202498.91
3875,2026-07-01 12:24:09.972,TravelML,TravelML_r1_fp65_pr1,COMPLETED,"Effects applied on exit",202508.37
3876,2026-07-01 12:24:10.142,PlaceHL,PlaceHL_lp9_pr1_r1,STARTED,"HL subtree tick: FF_Default_DynamicFlow_PlaceHL_lp9_pr1_r1; DeltaTime: 0.100",202678.84
3877,2026-07-01 12:24:10.146,PlaceML,PlaceML_lp9_pr1_r1_vg1,STARTED,"ML action execution; DeltaTime: 0.100",202682.58
3878,2026-07-01 12:24:10.146,PlaceML,PlaceML_lp9_pr1_r1_vg1,STARTED,"DeltaTime: 0.100",202682.62
3879,2026-07-01 12:24:10.146,PlaceML,PlaceML_lp9_pr1_r1_vg1,COMPLETED,"Action logic completed successfully",202682.65
3880,2026-07-01 12:24:10.167,PlaceML,PlaceML_lp9_pr1_r1_vg1,COMPLETED,"Effects applied on exit",202703.28
3881,2026-07-01 12:24:10.365,PlaceHL,PlaceHL_lp9_pr1_r1,STARTED,"HL subtree tick: FF_Default_DynamicFlow_PlaceHL_lp9_pr1_r1; DeltaTime: 0.100",202901.65
3882,2026-07-01 12:24:10.366,PlaceHL,PlaceHL_lp9_pr1_r1,COMPLETED,"Subtree execution completed successfully",202902.62
3883,2026-07-01 12:24:10.366,PlaceHL,PlaceHL_lp9_pr1_r1,STARTED,"DeltaTime: 0.100",202902.65
3884,2026-07-01 12:24:10.366,PlaceHL,PlaceHL_lp9_pr1_r1,COMPLETED,"Action logic completed successfully",202902.66
3885,2026-07-01 12:24:10.376,PlaceHL,PlaceHL_lp9_pr1_r1,COMPLETED,"Effects applied on exit",202912.55
3886,2026-07-01 12:24:10.606,PickUpHL,PickUpHL_lp10_fp73_r1,STARTED,"HL subtree tick: FF_Default_DynamicFlow_PickUpHL_lp10_fp73_r1; DeltaTime: 0.100",203142.20
3887,2026-07-01 12:24:10.953,TravelML,TravelML_r1_pr1_fp73,STARTED,"ML action execution; DeltaTime: 0.100",203489.60
3888,2026-07-01 12:24:10.953,TravelML,TravelML_r1_pr1_fp73,STARTED,"DeltaTime: 0.100",203489.63
3889,2026-07-01 12:24:10.953,TravelML,TravelML_r1_pr1_fp73,COMPLETED,"Action logic completed successfully",203489.64
3890,2026-07-01 12:24:10.966,TravelML,TravelML_r1_pr1_fp73,COMPLETED,"Effects applied on exit",203502.09
3891,2026-07-01 12:24:11.128,PickUpHL,PickUpHL_lp10_fp73_r1,STARTED,"HL subtree tick: FF_Default_DynamicFlow_PickUpHL_lp10_fp73_r1; DeltaTime: 0.100",203664.57
3892,2026-07-01 12:24:11.133,PickUpML,PickUpML_lp10_fp73_r1_vg1,STARTED,"ML action execution; DeltaTime: 0.100",203668.98
3893,2026-07-01 12:24:11.133,PickUpML,PickUpML_lp10_fp73_r1_vg1,STARTED,"DeltaTime: 0.100",203669.01
3894,2026-07-01 12:24:11.133,PickUpML,PickUpML_lp10_fp73_r1_vg1,COMPLETED,"Action logic completed successfully",203669.03
3895,2026-07-01 12:24:11.144,PickUpML,PickUpML_lp10_fp73_r1_vg1,COMPLETED,"Effects applied on exit",203680.87
3896,2026-07-01 12:24:11.281,PickUpHL,PickUpHL_lp10_fp73_r1,STARTED,"HL subtree tick: FF_Default_DynamicFlow_PickUpHL_lp10_fp73_r1; DeltaTime: 0.100",203817.02
3897,2026-07-01 12:24:11.282,PickUpHL,PickUpHL_lp10_fp73_r1,COMPLETED,"Subtree execution completed successfully",203817.96
3898,2026-07-01 12:24:11.282,PickUpHL,PickUpHL_lp10_fp73_r1,STARTED,"DeltaTime: 0.100",203817.98
3899,2026-07-01 12:24:11.282,PickUpHL,PickUpHL_lp10_fp73_r1,COMPLETED,"Action logic completed successfully",203817.99
3900,2026-07-01 12:24:11.286,PickUpHL,PickUpHL_lp10_fp73_r1,COMPLETED,"Effects applied on exit",203822.09
3901,2026-07-01 12:24:11.428,PlaceHL,PlaceHL_lp10_pr2_r1,STARTED,"HL subtree tick: FF_Default_DynamicFlow_PlaceHL_lp10_pr2_r1; DeltaTime: 0.100",203964.50
3902,2026-07-01 12:24:11.770,TravelML,TravelML_r1_fp73_pr2,STARTED,"ML action execution; DeltaTime: 0.100",204306.85
3903,2026-07-01 12:24:11.770,TravelML,TravelML_r1_fp73_pr2,STARTED,"DeltaTime: 0.100",204306.87
3904,2026-07-01 12:24:11.770,TravelML,TravelML_r1_fp73_pr2,COMPLETED,"Action logic completed successfully",204306.87
3905,2026-07-01 12:24:11.774,TravelML,TravelML_r1_fp73_pr2,COMPLETED,"Effects applied on exit",204310.64
3906,2026-07-01 12:24:11.906,PlaceHL,PlaceHL_lp10_pr2_r1,STARTED,"HL subtree tick: FF_Default_DynamicFlow_PlaceHL_lp10_pr2_r1; DeltaTime: 0.100",204442.72
3907,2026-07-01 12:24:11.907,PlaceML,PlaceML_lp10_pr2_r1_vg1,STARTED,"ML action execution; DeltaTime: 0.100",204443.74
3908,2026-07-01 12:24:11.907,PlaceML,PlaceML_lp10_pr2_r1_vg1,STARTED,"DeltaTime: 0.100",204443.75
3909,2026-07-01 12:24:11.907,PlaceML,PlaceML_lp10_pr2_r1_vg1,COMPLETED,"Action logic completed successfully",204443.76
3910,2026-07-01 12:24:11.911,PlaceML,PlaceML_lp10_pr2_r1_vg1,COMPLETED,"Effects applied on exit",204447.43
3911,2026-07-01 12:24:12.047,PlaceHL,PlaceHL_lp10_pr2_r1,STARTED,"HL subtree tick: FF_Default_DynamicFlow_PlaceHL_lp10_pr2_r1; DeltaTime: 0.100",204583.82
3912,2026-07-01 12:24:12.048,PlaceHL,PlaceHL_lp10_pr2_r1,COMPLETED,"Subtree execution completed successfully",204584.49
3913,2026-07-01 12:24:12.048,PlaceHL,PlaceHL_lp10_pr2_r1,STARTED,"DeltaTime: 0.100",204584.50
3914,2026-07-01 12:24:12.048,PlaceHL,PlaceHL_lp10_pr2_r1,COMPLETED,"Action logic completed successfully",204584.51
3915,2026-07-01 12:24:12.054,PlaceHL,PlaceHL_lp10_pr2_r1,COMPLETED,"Effects applied on exit",204590.35
3916,2026-07-01 12:24:12.198,PickUpHL,PickUpHL_lp11_fp81_r1,STARTED,"HL subtree tick: FF_Default_DynamicFlow_PickUpHL_lp11_fp81_r1; DeltaTime: 0.100",204734.14
3917,2026-07-01 12:24:12.549,TravelML,TravelML_r1_pr2_fp81,STARTED,"ML action execution; DeltaTime: 0.100",205085.36
3918,2026-07-01 12:24:12.549,TravelML,TravelML_r1_pr2_fp81,STARTED,"DeltaTime: 0.100",205085.37
3919,2026-07-01 12:24:12.549,TravelML,TravelML_r1_pr2_fp81,COMPLETED,"Action logic completed successfully",205085.38
3920,2026-07-01 12:24:12.554,TravelML,TravelML_r1_pr2_fp81,COMPLETED,"Effects applied on exit",205090.02
3921,2026-07-01 12:24:12.682,PickUpHL,PickUpHL_lp11_fp81_r1,STARTED,"HL subtree tick: FF_Default_DynamicFlow_PickUpHL_lp11_fp81_r1; DeltaTime: 0.100",205218.10
3922,2026-07-01 12:24:12.683,PickUpML,PickUpML_lp11_fp81_r1_vg1,STARTED,"ML action execution; DeltaTime: 0.100",205219.49
3923,2026-07-01 12:24:12.683,PickUpML,PickUpML_lp11_fp81_r1_vg1,STARTED,"DeltaTime: 0.100",205219.50
3924,2026-07-01 12:24:12.683,PickUpML,PickUpML_lp11_fp81_r1_vg1,COMPLETED,"Action logic completed successfully",205219.50
3925,2026-07-01 12:24:12.688,PickUpML,PickUpML_lp11_fp81_r1_vg1,COMPLETED,"Effects applied on exit",205224.09
3926,2026-07-01 12:24:12.823,PickUpHL,PickUpHL_lp11_fp81_r1,STARTED,"HL subtree tick: FF_Default_DynamicFlow_PickUpHL_lp11_fp81_r1; DeltaTime: 0.100",205359.82
3927,2026-07-01 12:24:12.824,PickUpHL,PickUpHL_lp11_fp81_r1,COMPLETED,"Subtree execution completed successfully",205360.30
3928,2026-07-01 12:24:12.824,PickUpHL,PickUpHL_lp11_fp81_r1,STARTED,"DeltaTime: 0.100",205360.31
3929,2026-07-01 12:24:12.824,PickUpHL,PickUpHL_lp11_fp81_r1,COMPLETED,"Action logic completed successfully",205360.32
3930,2026-07-01 12:24:12.828,PickUpHL,PickUpHL_lp11_fp81_r1,COMPLETED,"Effects applied on exit",205364.28
3931,2026-07-01 12:24:12.965,PlaceHL,PlaceHL_lp11_pr3_r1,STARTED,"HL subtree tick: FF_Default_DynamicFlow_PlaceHL_lp11_pr3_r1; DeltaTime: 0.100",205501.00
3932,2026-07-01 12:24:13.323,TravelML,TravelML_r1_fp81_pr3,STARTED,"ML action execution; DeltaTime: 0.100",205859.47
3933,2026-07-01 12:24:13.323,TravelML,TravelML_r1_fp81_pr3,STARTED,"DeltaTime: 0.100",205859.48
3934,2026-07-01 12:24:13.323,TravelML,TravelML_r1_fp81_pr3,COMPLETED,"Action logic completed successfully",205859.49
3935,2026-07-01 12:24:13.327,TravelML,TravelML_r1_fp81_pr3,COMPLETED,"Effects applied on exit",205863.28
3936,2026-07-01 12:24:13.460,PlaceHL,PlaceHL_lp11_pr3_r1,STARTED,"HL subtree tick: FF_Default_DynamicFlow_PlaceHL_lp11_pr3_r1; DeltaTime: 0.100",205996.21
3937,2026-07-01 12:24:13.461,PlaceML,PlaceML_lp11_pr3_r1_vg1,STARTED,"ML action execution; DeltaTime: 0.100",205997.36
3938,2026-07-01 12:24:13.461,PlaceML,PlaceML_lp11_pr3_r1_vg1,STARTED,"DeltaTime: 0.100",205997.37
3939,2026-07-01 12:24:13.461,PlaceML,PlaceML_lp11_pr3_r1_vg1,COMPLETED,"Action logic completed successfully",205997.38
3940,2026-07-01 12:24:13.465,PlaceML,PlaceML_lp11_pr3_r1_vg1,COMPLETED,"Effects applied on exit",206001.28
3941,2026-07-01 12:24:13.600,PlaceHL,PlaceHL_lp11_pr3_r1,STARTED,"HL subtree tick: FF_Default_DynamicFlow_PlaceHL_lp11_pr3_r1; DeltaTime: 0.100",206136.55
3942,2026-07-01 12:24:13.601,PlaceHL,PlaceHL_lp11_pr3_r1,COMPLETED,"Subtree execution completed successfully",206136.90
3943,2026-07-01 12:24:13.601,PlaceHL,PlaceHL_lp11_pr3_r1,STARTED,"DeltaTime: 0.100",206136.91
3944,2026-07-01 12:24:13.601,PlaceHL,PlaceHL_lp11_pr3_r1,COMPLETED,"Action logic completed successfully",206136.92
3945,2026-07-01 12:24:13.604,PlaceHL,PlaceHL_lp11_pr3_r1,COMPLETED,"Effects applied on exit",206140.13
3946,2026-07-01 12:24:13.740,PickUpHL,PickUpHL_lp12_fp89_r1,STARTED,"HL subtree tick: FF_Default_DynamicFlow_PickUpHL_lp12_fp89_r1; DeltaTime: 0.100",206276.30
3947,2026-07-01 12:24:14.100,TravelML,TravelML_r1_pr3_fp89,STARTED,"ML action execution; DeltaTime: 0.100",206636.87
3948,2026-07-01 12:24:14.101,TravelML,TravelML_r1_pr3_fp89,STARTED,"DeltaTime: 0.100",206636.91
3949,2026-07-01 12:24:14.101,TravelML,TravelML_r1_pr3_fp89,COMPLETED,"Action logic completed successfully",206636.91
3950,2026-07-01 12:24:14.105,TravelML,TravelML_r1_pr3_fp89,COMPLETED,"Effects applied on exit",206641.51
3951,2026-07-01 12:24:14.247,PickUpHL,PickUpHL_lp12_fp89_r1,STARTED,"HL subtree tick: FF_Default_DynamicFlow_PickUpHL_lp12_fp89_r1; DeltaTime: 0.100",206783.23
3952,2026-07-01 12:24:14.248,PickUpML,PickUpML_lp12_fp89_r1_vg1,STARTED,"ML action execution; DeltaTime: 0.100",206784.80
3953,2026-07-01 12:24:14.248,PickUpML,PickUpML_lp12_fp89_r1_vg1,STARTED,"DeltaTime: 0.100",206784.81
3954,2026-07-01 12:24:14.248,PickUpML,PickUpML_lp12_fp89_r1_vg1,COMPLETED,"Action logic completed successfully",206784.82
3955,2026-07-01 12:24:14.254,PickUpML,PickUpML_lp12_fp89_r1_vg1,COMPLETED,"Effects applied on exit",206789.92
3956,2026-07-01 12:24:14.388,PickUpHL,PickUpHL_lp12_fp89_r1,STARTED,"HL subtree tick: FF_Default_DynamicFlow_PickUpHL_lp12_fp89_r1; DeltaTime: 0.100",206924.90
3957,2026-07-01 12:24:14.389,PickUpHL,PickUpHL_lp12_fp89_r1,COMPLETED,"Subtree execution completed successfully",206925.36
3958,2026-07-01 12:24:14.389,PickUpHL,PickUpHL_lp12_fp89_r1,STARTED,"DeltaTime: 0.100",206925.37
3959,2026-07-01 12:24:14.389,PickUpHL,PickUpHL_lp12_fp89_r1,COMPLETED,"Action logic completed successfully",206925.38
3960,2026-07-01 12:24:14.393,PickUpHL,PickUpHL_lp12_fp89_r1,COMPLETED,"Effects applied on exit",206929.38
3961,2026-07-01 12:24:14.536,PlaceHL,PlaceHL_lp12_pr4_r1,STARTED,"HL subtree tick: FF_Default_DynamicFlow_PlaceHL_lp12_pr4_r1; DeltaTime: 0.100",207072.57
3962,2026-07-01 12:24:14.944,TravelML,TravelML_r1_fp89_pr4,STARTED,"ML action execution; DeltaTime: 0.100",207480.40
3963,2026-07-01 12:24:14.944,TravelML,TravelML_r1_fp89_pr4,STARTED,"DeltaTime: 0.100",207480.41
3964,2026-07-01 12:24:14.944,TravelML,TravelML_r1_fp89_pr4,COMPLETED,"Action logic completed successfully",207480.42
3965,2026-07-01 12:24:14.948,TravelML,TravelML_r1_fp89_pr4,COMPLETED,"Effects applied on exit",207484.20
3966,2026-07-01 12:24:15.087,PlaceHL,PlaceHL_lp12_pr4_r1,STARTED,"HL subtree tick: FF_Default_DynamicFlow_PlaceHL_lp12_pr4_r1; DeltaTime: 0.100",207623.59
3967,2026-07-01 12:24:15.088,PlaceML,PlaceML_lp12_pr4_r1_vg1,STARTED,"ML action execution; DeltaTime: 0.100",207624.68
3968,2026-07-01 12:24:15.088,PlaceML,PlaceML_lp12_pr4_r1_vg1,STARTED,"DeltaTime: 0.100",207624.69
3969,2026-07-01 12:24:15.088,PlaceML,PlaceML_lp12_pr4_r1_vg1,COMPLETED,"Action logic completed successfully",207624.70
3970,2026-07-01 12:24:15.093,PlaceML,PlaceML_lp12_pr4_r1_vg1,COMPLETED,"Effects applied on exit",207629.03
3971,2026-07-01 12:24:15.227,PlaceHL,PlaceHL_lp12_pr4_r1,STARTED,"HL subtree tick: FF_Default_DynamicFlow_PlaceHL_lp12_pr4_r1; DeltaTime: 0.100",207763.63
3972,2026-07-01 12:24:15.228,PlaceHL,PlaceHL_lp12_pr4_r1,COMPLETED,"Subtree execution completed successfully",207763.99
3973,2026-07-01 12:24:15.228,PlaceHL,PlaceHL_lp12_pr4_r1,STARTED,"DeltaTime: 0.100",207764.00
3974,2026-07-01 12:24:15.228,PlaceHL,PlaceHL_lp12_pr4_r1,COMPLETED,"Action logic completed successfully",207764.01
3975,2026-07-01 12:24:15.231,PlaceHL,PlaceHL_lp12_pr4_r1,COMPLETED,"Effects applied on exit",207767.04
3976,2026-07-01 12:24:15.387,GluingPlateHL,GluingPlateHL_lp9_pr1_r1,STARTED,"HL subtree tick: FF_Default_DynamicFlow_GluingPlateHL_lp9_pr1_r1; DeltaTime: 0.100",207923.61
3977,2026-07-01 12:24:15.821,TravelML,TravelML_r1_pr4_ep1,STARTED,"ML action execution; DeltaTime: 0.100",208357.29
3978,2026-07-01 12:24:15.821,TravelML,TravelML_r1_pr4_ep1,STARTED,"DeltaTime: 0.100",208357.30
3979,2026-07-01 12:24:15.821,TravelML,TravelML_r1_pr4_ep1,COMPLETED,"Action logic completed successfully",208357.31
3980,2026-07-01 12:24:15.825,TravelML,TravelML_r1_pr4_ep1,COMPLETED,"Effects applied on exit",208361.54
3981,2026-07-01 12:24:15.964,GluingPlateHL,GluingPlateHL_lp9_pr1_r1,STARTED,"HL subtree tick: FF_Default_DynamicFlow_GluingPlateHL_lp9_pr1_r1; DeltaTime: 0.100",208500.67
3982,2026-07-01 12:24:15.966,CloseToolML,CloseToolML_r1_vg1,STARTED,"ML action execution; DeltaTime: 0.100",208502.29
3983,2026-07-01 12:24:15.966,CloseToolML,CloseToolML_r1_vg1,STARTED,"DeltaTime: 0.100",208502.30
3984,2026-07-01 12:24:15.966,CloseToolML,CloseToolML_r1_vg1,COMPLETED,"Action logic completed successfully",208502.31
3985,2026-07-01 12:24:15.969,CloseToolML,CloseToolML_r1_vg1,COMPLETED,"Effects applied on exit",208505.14
3986,2026-07-01 12:24:16.106,GluingPlateHL,GluingPlateHL_lp9_pr1_r1,STARTED,"HL subtree tick: FF_Default_DynamicFlow_GluingPlateHL_lp9_pr1_r1; DeltaTime: 0.100",208642.47
3987,2026-07-01 12:24:16.108,DeequipML,DeequipML_r1_vg1_ep1,STARTED,"ML action execution; DeltaTime: 0.100",208644.49
3988,2026-07-01 12:24:16.108,DeequipML,DeequipML_r1_vg1_ep1,STARTED,"DeltaTime: 0.100",208644.51
3989,2026-07-01 12:24:16.108,DeequipML,DeequipML_r1_vg1_ep1,COMPLETED,"Action logic completed successfully",208644.51
3990,2026-07-01 12:24:16.112,DeequipML,DeequipML_r1_vg1_ep1,COMPLETED,"Effects applied on exit",208648.66
3991,2026-07-01 12:24:16.248,GluingPlateHL,GluingPlateHL_lp9_pr1_r1,STARTED,"HL subtree tick: FF_Default_DynamicFlow_GluingPlateHL_lp9_pr1_r1; DeltaTime: 0.100",208784.86
3992,2026-07-01 12:24:16.251,TravelML,TravelML_r1_ep1_ep2,STARTED,"ML action execution; DeltaTime: 0.100",208787.47
3993,2026-07-01 12:24:16.251,TravelML,TravelML_r1_ep1_ep2,STARTED,"DeltaTime: 0.100",208787.49
3994,2026-07-01 12:24:16.251,TravelML,TravelML_r1_ep1_ep2,COMPLETED,"Action logic completed successfully",208787.50
3995,2026-07-01 12:24:16.255,TravelML,TravelML_r1_ep1_ep2,COMPLETED,"Effects applied on exit",208791.35
3996,2026-07-01 12:24:16.392,GluingPlateHL,GluingPlateHL_lp9_pr1_r1,STARTED,"HL subtree tick: FF_Default_DynamicFlow_GluingPlateHL_lp9_pr1_r1; DeltaTime: 0.100",208928.26
3997,2026-07-01 12:24:16.394,EquipeML,EquipeML_r1_gg1_ep2,STARTED,"ML action execution; DeltaTime: 0.100",208930.34
3998,2026-07-01 12:24:16.394,EquipeML,EquipeML_r1_gg1_ep2,STARTED,"DeltaTime: 0.100",208930.35
3999,2026-07-01 12:24:16.394,EquipeML,EquipeML_r1_gg1_ep2,COMPLETED,"Action logic completed successfully",208930.36
4000,2026-07-01 12:24:16.397,EquipeML,EquipeML_r1_gg1_ep2,COMPLETED,"Effects applied on exit",208933.30
4001,2026-07-01 12:24:16.531,GluingPlateHL,GluingPlateHL_lp9_pr1_r1,STARTED,"HL subtree tick: FF_Default_DynamicFlow_GluingPlateHL_lp9_pr1_r1; DeltaTime: 0.100",209067.71
4002,2026-07-01 12:24:16.533,TravelML,TravelML_r1_ep2_pr1,STARTED,"ML action execution; DeltaTime: 0.100",209069.25
4003,2026-07-01 12:24:16.533,TravelML,TravelML_r1_ep2_pr1,STARTED,"DeltaTime: 0.100",209069.26
4004,2026-07-01 12:24:16.533,TravelML,TravelML_r1_ep2_pr1,COMPLETED,"Action logic completed successfully",209069.27
4005,2026-07-01 12:24:16.537,TravelML,TravelML_r1_ep2_pr1,COMPLETED,"Effects applied on exit",209073.04
4006,2026-07-01 12:24:16.676,GluingPlateHL,GluingPlateHL_lp9_pr1_r1,STARTED,"HL subtree tick: FF_Default_DynamicFlow_GluingPlateHL_lp9_pr1_r1; DeltaTime: 0.100",209212.76
4007,2026-07-01 12:24:16.678,InitializeML,InitializeML_r1_gg1,STARTED,"ML action execution; DeltaTime: 0.100",209214.67
4008,2026-07-01 12:24:16.678,InitializeML,InitializeML_r1_gg1,STARTED,"DeltaTime: 0.100",209214.68
4009,2026-07-01 12:24:16.678,InitializeML,InitializeML_r1_gg1,COMPLETED,"Action logic completed successfully",209214.69
4010,2026-07-01 12:24:16.682,InitializeML,InitializeML_r1_gg1,COMPLETED,"Effects applied on exit",209218.65
4011,2026-07-01 12:24:16.814,GluingPlateHL,GluingPlateHL_lp9_pr1_r1,STARTED,"HL subtree tick: FF_Default_DynamicFlow_GluingPlateHL_lp9_pr1_r1; DeltaTime: 0.100",209350.82
4012,2026-07-01 12:24:16.816,GluingML,GluingML_lp9_pr1_r1_gg1,STARTED,"ML action execution; DeltaTime: 0.100",209352.20
4013,2026-07-01 12:24:16.816,GluingML,GluingML_lp9_pr1_r1_gg1,STARTED,"DeltaTime: 0.100",209352.21
4014,2026-07-01 12:24:16.816,GluingML,GluingML_lp9_pr1_r1_gg1,COMPLETED,"Action logic completed successfully",209352.22
4015,2026-07-01 12:24:16.819,GluingML,GluingML_lp9_pr1_r1_gg1,COMPLETED,"Effects applied on exit",209355.73
4016,2026-07-01 12:24:16.958,GluingPlateHL,GluingPlateHL_lp9_pr1_r1,STARTED,"HL subtree tick: FF_Default_DynamicFlow_GluingPlateHL_lp9_pr1_r1; DeltaTime: 0.100",209494.46
4017,2026-07-01 12:24:16.959,GluingPlateHL,GluingPlateHL_lp9_pr1_r1,COMPLETED,"Subtree execution completed successfully",209495.21
4018,2026-07-01 12:24:16.959,GluingPlateHL,GluingPlateHL_lp9_pr1_r1,STARTED,"DeltaTime: 0.100",209495.21
4019,2026-07-01 12:24:16.959,GluingPlateHL,GluingPlateHL_lp9_pr1_r1,COMPLETED,"Action logic completed successfully",209495.22
4020,2026-07-01 12:24:16.962,GluingPlateHL,GluingPlateHL_lp9_pr1_r1,COMPLETED,"Effects applied on exit",209498.07
4021,2026-07-01 12:24:17.111,GluingPlateHL,GluingPlateHL_lp10_pr2_r1,STARTED,"HL subtree tick: FF_Default_DynamicFlow_GluingPlateHL_lp10_pr2_r1; DeltaTime: 0.100",209647.75
4022,2026-07-01 12:24:17.480,TravelML,TravelML_r1_pr1_pr2,STARTED,"ML action execution; DeltaTime: 0.100",210016.05
4023,2026-07-01 12:24:17.480,TravelML,TravelML_r1_pr1_pr2,STARTED,"DeltaTime: 0.100",210016.07
4024,2026-07-01 12:24:17.480,TravelML,TravelML_r1_pr1_pr2,COMPLETED,"Action logic completed successfully",210016.08
4025,2026-07-01 12:24:17.483,TravelML,TravelML_r1_pr1_pr2,COMPLETED,"Effects applied on exit",210019.90
4026,2026-07-01 12:24:17.612,GluingPlateHL,GluingPlateHL_lp10_pr2_r1,STARTED,"HL subtree tick: FF_Default_DynamicFlow_GluingPlateHL_lp10_pr2_r1; DeltaTime: 0.100",210147.91
4027,2026-07-01 12:24:17.613,GluingML,GluingML_lp10_pr2_r1_gg1,STARTED,"ML action execution; DeltaTime: 0.100",210149.46
4028,2026-07-01 12:24:17.613,GluingML,GluingML_lp10_pr2_r1_gg1,STARTED,"DeltaTime: 0.100",210149.47
4029,2026-07-01 12:24:17.613,GluingML,GluingML_lp10_pr2_r1_gg1,COMPLETED,"Action logic completed successfully",210149.48
4030,2026-07-01 12:24:17.617,GluingML,GluingML_lp10_pr2_r1_gg1,COMPLETED,"Effects applied on exit",210153.06
4031,2026-07-01 12:24:17.752,GluingPlateHL,GluingPlateHL_lp10_pr2_r1,STARTED,"HL subtree tick: FF_Default_DynamicFlow_GluingPlateHL_lp10_pr2_r1; DeltaTime: 0.100",210288.35
4032,2026-07-01 12:24:17.753,GluingPlateHL,GluingPlateHL_lp10_pr2_r1,COMPLETED,"Subtree execution completed successfully",210288.97
4033,2026-07-01 12:24:17.753,GluingPlateHL,GluingPlateHL_lp10_pr2_r1,STARTED,"DeltaTime: 0.100",210288.98
4034,2026-07-01 12:24:17.753,GluingPlateHL,GluingPlateHL_lp10_pr2_r1,COMPLETED,"Action logic completed successfully",210288.99
4035,2026-07-01 12:24:17.755,GluingPlateHL,GluingPlateHL_lp10_pr2_r1,COMPLETED,"Effects applied on exit",210291.64
4036,2026-07-01 12:24:17.904,GluingPlateHL,GluingPlateHL_lp11_pr3_r1,STARTED,"HL subtree tick: FF_Default_DynamicFlow_GluingPlateHL_lp11_pr3_r1; DeltaTime: 0.100",210440.72
4037,2026-07-01 12:24:18.284,TravelML,TravelML_r1_pr2_pr3,STARTED,"ML action execution; DeltaTime: 0.100",210820.65
4038,2026-07-01 12:24:18.284,TravelML,TravelML_r1_pr2_pr3,STARTED,"DeltaTime: 0.100",210820.67
4039,2026-07-01 12:24:18.284,TravelML,TravelML_r1_pr2_pr3,COMPLETED,"Action logic completed successfully",210820.67
4040,2026-07-01 12:24:18.289,TravelML,TravelML_r1_pr2_pr3,COMPLETED,"Effects applied on exit",210825.28
4041,2026-07-01 12:24:18.424,GluingPlateHL,GluingPlateHL_lp11_pr3_r1,STARTED,"HL subtree tick: FF_Default_DynamicFlow_GluingPlateHL_lp11_pr3_r1; DeltaTime: 0.100",210960.49
4042,2026-07-01 12:24:18.425,GluingML,GluingML_lp11_pr3_r1_gg1,STARTED,"ML action execution; DeltaTime: 0.100",210961.74
4043,2026-07-01 12:24:18.425,GluingML,GluingML_lp11_pr3_r1_gg1,STARTED,"DeltaTime: 0.100",210961.75
4044,2026-07-01 12:24:18.425,GluingML,GluingML_lp11_pr3_r1_gg1,COMPLETED,"Action logic completed successfully",210961.76
4045,2026-07-01 12:24:18.429,GluingML,GluingML_lp11_pr3_r1_gg1,COMPLETED,"Effects applied on exit",210965.69
4046,2026-07-01 12:24:18.572,GluingPlateHL,GluingPlateHL_lp11_pr3_r1,STARTED,"HL subtree tick: FF_Default_DynamicFlow_GluingPlateHL_lp11_pr3_r1; DeltaTime: 0.100",211108.62
4047,2026-07-01 12:24:18.573,GluingPlateHL,GluingPlateHL_lp11_pr3_r1,COMPLETED,"Subtree execution completed successfully",211109.54
4048,2026-07-01 12:24:18.573,GluingPlateHL,GluingPlateHL_lp11_pr3_r1,STARTED,"DeltaTime: 0.100",211109.56
4049,2026-07-01 12:24:18.573,GluingPlateHL,GluingPlateHL_lp11_pr3_r1,COMPLETED,"Action logic completed successfully",211109.58
4050,2026-07-01 12:24:18.576,GluingPlateHL,GluingPlateHL_lp11_pr3_r1,COMPLETED,"Effects applied on exit",211112.44
4051,2026-07-01 12:24:18.710,GluingPlateHL,GluingPlateHL_lp12_pr4_r1,STARTED,"HL subtree tick: FF_Default_DynamicFlow_GluingPlateHL_lp12_pr4_r1; DeltaTime: 0.100",211246.46
4052,2026-07-01 12:24:19.056,TravelML,TravelML_r1_pr3_pr4,STARTED,"ML action execution; DeltaTime: 0.100",211592.03
4053,2026-07-01 12:24:19.056,TravelML,TravelML_r1_pr3_pr4,STARTED,"DeltaTime: 0.100",211592.04
4054,2026-07-01 12:24:19.056,TravelML,TravelML_r1_pr3_pr4,COMPLETED,"Action logic completed successfully",211592.05
4055,2026-07-01 12:24:19.060,TravelML,TravelML_r1_pr3_pr4,COMPLETED,"Effects applied on exit",211596.30
4056,2026-07-01 12:24:19.202,GluingPlateHL,GluingPlateHL_lp12_pr4_r1,STARTED,"HL subtree tick: FF_Default_DynamicFlow_GluingPlateHL_lp12_pr4_r1; DeltaTime: 0.100",211738.52
4057,2026-07-01 12:24:19.204,GluingML,GluingML_lp12_pr4_r1_gg1,STARTED,"ML action execution; DeltaTime: 0.100",211739.93
4058,2026-07-01 12:24:19.204,GluingML,GluingML_lp12_pr4_r1_gg1,STARTED,"DeltaTime: 0.100",211739.94
4059,2026-07-01 12:24:19.204,GluingML,GluingML_lp12_pr4_r1_gg1,COMPLETED,"Action logic completed successfully",211739.95
4060,2026-07-01 12:24:19.207,GluingML,GluingML_lp12_pr4_r1_gg1,COMPLETED,"Effects applied on exit",211743.39
4061,2026-07-01 12:24:19.349,GluingPlateHL,GluingPlateHL_lp12_pr4_r1,STARTED,"HL subtree tick: FF_Default_DynamicFlow_GluingPlateHL_lp12_pr4_r1; DeltaTime: 0.100",211885.26
4062,2026-07-01 12:24:19.349,GluingPlateHL,GluingPlateHL_lp12_pr4_r1,COMPLETED,"Subtree execution completed successfully",211885.61
4063,2026-07-01 12:24:19.349,GluingPlateHL,GluingPlateHL_lp12_pr4_r1,STARTED,"DeltaTime: 0.100",211885.76
4064,2026-07-01 12:24:19.349,GluingPlateHL,GluingPlateHL_lp12_pr4_r1,COMPLETED,"Action logic completed successfully",211885.77
4065,2026-07-01 12:24:19.353,GluingPlateHL,GluingPlateHL_lp12_pr4_r1,COMPLETED,"Effects applied on exit",211889.51
4066,2026-07-01 12:24:19.502,PickUpHL,PickUpHL_b49_fp66_r1,STARTED,"HL subtree tick: FF_Default_DynamicFlow_PickUpHL_b49_fp66_r1; DeltaTime: 0.100",212038.30
4067,2026-07-01 12:24:19.873,TravelML,TravelML_r1_pr4_ep2,STARTED,"ML action execution; DeltaTime: 0.100",212409.23
4068,2026-07-01 12:24:19.873,TravelML,TravelML_r1_pr4_ep2,STARTED,"DeltaTime: 0.100",212409.25
4069,2026-07-01 12:24:19.873,TravelML,TravelML_r1_pr4_ep2,COMPLETED,"Action logic completed successfully",212409.25
4070,2026-07-01 12:24:19.877,TravelML,TravelML_r1_pr4_ep2,COMPLETED,"Effects applied on exit",212413.13
4071,2026-07-01 12:24:20.018,PickUpHL,PickUpHL_b49_fp66_r1,STARTED,"HL subtree tick: FF_Default_DynamicFlow_PickUpHL_b49_fp66_r1; DeltaTime: 0.100",212554.68
4072,2026-07-01 12:24:20.020,CloseToolML,CloseToolML_r1_gg1,STARTED,"ML action execution; DeltaTime: 0.100",212556.34
4073,2026-07-01 12:24:20.020,CloseToolML,CloseToolML_r1_gg1,STARTED,"DeltaTime: 0.100",212556.36
4074,2026-07-01 12:24:20.020,CloseToolML,CloseToolML_r1_gg1,COMPLETED,"Action logic completed successfully",212556.37
4075,2026-07-01 12:24:20.023,CloseToolML,CloseToolML_r1_gg1,COMPLETED,"Effects applied on exit",212559.39
4076,2026-07-01 12:24:20.149,PickUpHL,PickUpHL_b49_fp66_r1,STARTED,"HL subtree tick: FF_Default_DynamicFlow_PickUpHL_b49_fp66_r1; DeltaTime: 0.100",212685.47
4077,2026-07-01 12:24:20.151,DeequipML,DeequipML_r1_gg1_ep2,STARTED,"ML action execution; DeltaTime: 0.100",212687.26
4078,2026-07-01 12:24:20.151,DeequipML,DeequipML_r1_gg1_ep2,STARTED,"DeltaTime: 0.100",212687.27
4079,2026-07-01 12:24:20.151,DeequipML,DeequipML_r1_gg1_ep2,COMPLETED,"Action logic completed successfully",212687.28
4080,2026-07-01 12:24:20.154,DeequipML,DeequipML_r1_gg1_ep2,COMPLETED,"Effects applied on exit",212690.89
4081,2026-07-01 12:24:20.292,PickUpHL,PickUpHL_b49_fp66_r1,STARTED,"HL subtree tick: FF_Default_DynamicFlow_PickUpHL_b49_fp66_r1; DeltaTime: 0.100",212828.18
4082,2026-07-01 12:24:20.293,TravelML,TravelML_r1_ep2_fp66,STARTED,"ML action execution; DeltaTime: 0.100",212829.84
4083,2026-07-01 12:24:20.293,TravelML,TravelML_r1_ep2_fp66,STARTED,"DeltaTime: 0.100",212829.85
4084,2026-07-01 12:24:20.293,TravelML,TravelML_r1_ep2_fp66,COMPLETED,"Action logic completed successfully",212829.85
4085,2026-07-01 12:24:20.297,TravelML,TravelML_r1_ep2_fp66,COMPLETED,"Effects applied on exit",212833.38
4086,2026-07-01 12:24:20.434,PickUpHL,PickUpHL_b49_fp66_r1,STARTED,"HL subtree tick: FF_Default_DynamicFlow_PickUpHL_b49_fp66_r1; DeltaTime: 0.100",212969.97
4087,2026-07-01 12:24:20.436,TravelML,TravelML_r1_fp66_ep1,STARTED,"ML action execution; DeltaTime: 0.100",212972.61
4088,2026-07-01 12:24:20.436,TravelML,TravelML_r1_fp66_ep1,STARTED,"DeltaTime: 0.100",212972.61
4089,2026-07-01 12:24:20.436,TravelML,TravelML_r1_fp66_ep1,COMPLETED,"Action logic completed successfully",212972.62
4090,2026-07-01 12:24:20.440,TravelML,TravelML_r1_fp66_ep1,COMPLETED,"Effects applied on exit",212976.46
4091,2026-07-01 12:24:20.592,PickUpHL,PickUpHL_b49_fp66_r1,STARTED,"HL subtree tick: FF_Default_DynamicFlow_PickUpHL_b49_fp66_r1; DeltaTime: 0.100",213128.03
4092,2026-07-01 12:24:20.593,EquipeML,EquipeML_r1_vg1_ep1,STARTED,"ML action execution; DeltaTime: 0.100",213129.68
4093,2026-07-01 12:24:20.593,EquipeML,EquipeML_r1_vg1_ep1,STARTED,"DeltaTime: 0.100",213129.69
4094,2026-07-01 12:24:20.593,EquipeML,EquipeML_r1_vg1_ep1,COMPLETED,"Action logic completed successfully",213129.70
4095,2026-07-01 12:24:20.597,EquipeML,EquipeML_r1_vg1_ep1,COMPLETED,"Effects applied on exit",213133.33
4096,2026-07-01 12:24:20.734,PickUpHL,PickUpHL_b49_fp66_r1,STARTED,"HL subtree tick: FF_Default_DynamicFlow_PickUpHL_b49_fp66_r1; DeltaTime: 0.100",213270.25
4097,2026-07-01 12:24:20.735,TravelML,TravelML_r1_ep1_fp66,STARTED,"ML action execution; DeltaTime: 0.100",213271.73
4098,2026-07-01 12:24:20.735,TravelML,TravelML_r1_ep1_fp66,STARTED,"DeltaTime: 0.100",213271.76
4099,2026-07-01 12:24:20.735,TravelML,TravelML_r1_ep1_fp66,COMPLETED,"Action logic completed successfully",213271.77
4100,2026-07-01 12:24:20.740,TravelML,TravelML_r1_ep1_fp66,COMPLETED,"Effects applied on exit",213276.65
4101,2026-07-01 12:24:20.878,PickUpHL,PickUpHL_b49_fp66_r1,STARTED,"HL subtree tick: FF_Default_DynamicFlow_PickUpHL_b49_fp66_r1; DeltaTime: 0.100",213414.76
4102,2026-07-01 12:24:20.880,InitializeML,InitializeML_r1_vg1,STARTED,"ML action execution; DeltaTime: 0.100",213416.24
4103,2026-07-01 12:24:20.880,InitializeML,InitializeML_r1_vg1,STARTED,"DeltaTime: 0.100",213416.25
4104,2026-07-01 12:24:20.880,InitializeML,InitializeML_r1_vg1,COMPLETED,"Action logic completed successfully",213416.26
4105,2026-07-01 12:24:20.883,InitializeML,InitializeML_r1_vg1,COMPLETED,"Effects applied on exit",213419.05
4106,2026-07-01 12:24:21.018,PickUpHL,PickUpHL_b49_fp66_r1,STARTED,"HL subtree tick: FF_Default_DynamicFlow_PickUpHL_b49_fp66_r1; DeltaTime: 0.100",213554.57
4107,2026-07-01 12:24:21.020,PickUpML,PickUpML_b49_fp66_r1_vg1,STARTED,"ML action execution; DeltaTime: 0.100",213556.30
4108,2026-07-01 12:24:21.020,PickUpML,PickUpML_b49_fp66_r1_vg1,STARTED,"DeltaTime: 0.100",213556.31
4109,2026-07-01 12:24:21.020,PickUpML,PickUpML_b49_fp66_r1_vg1,COMPLETED,"Action logic completed successfully",213556.32
4110,2026-07-01 12:24:21.026,PickUpML,PickUpML_b49_fp66_r1_vg1,COMPLETED,"Effects applied on exit",213562.50
4111,2026-07-01 12:24:21.159,PickUpHL,PickUpHL_b49_fp66_r1,STARTED,"HL subtree tick: FF_Default_DynamicFlow_PickUpHL_b49_fp66_r1; DeltaTime: 0.100",213695.84
4112,2026-07-01 12:24:21.161,PickUpHL,PickUpHL_b49_fp66_r1,COMPLETED,"Subtree execution completed successfully",213697.17
4113,2026-07-01 12:24:21.161,PickUpHL,PickUpHL_b49_fp66_r1,STARTED,"DeltaTime: 0.100",213697.18
4114,2026-07-01 12:24:21.161,PickUpHL,PickUpHL_b49_fp66_r1,COMPLETED,"Action logic completed successfully",213697.18
4115,2026-07-01 12:24:21.166,PickUpHL,PickUpHL_b49_fp66_r1,COMPLETED,"Effects applied on exit",213701.99
4116,2026-07-01 12:24:21.338,StackHL,StackHL_b49_lp9_r1_pr1_lay9_m9,STARTED,"HL subtree tick: FF_Default_DynamicFlow_StackHL_b49_lp9_r1_pr1_lay9_m9; DeltaTime: 0.100",213874.71
4117,2026-07-01 12:24:21.658,TravelML,TravelML_r1_fp66_pr1,STARTED,"ML action execution; DeltaTime: 0.100",214194.45
4118,2026-07-01 12:24:21.658,TravelML,TravelML_r1_fp66_pr1,STARTED,"DeltaTime: 0.100",214194.48
4119,2026-07-01 12:24:21.658,TravelML,TravelML_r1_fp66_pr1,COMPLETED,"Action logic completed successfully",214194.50
4120,2026-07-01 12:24:21.669,TravelML,TravelML_r1_fp66_pr1,COMPLETED,"Effects applied on exit",214204.95
4121,2026-07-01 12:24:21.831,StackHL,StackHL_b49_lp9_r1_pr1_lay9_m9,STARTED,"HL subtree tick: FF_Default_DynamicFlow_StackHL_b49_lp9_r1_pr1_lay9_m9; DeltaTime: 0.100",214367.82
4122,2026-07-01 12:24:21.833,StackML,StackML_b49_lp9_r1_vg1_pr1,STARTED,"ML action execution; DeltaTime: 0.100",214368.96
4123,2026-07-01 12:24:21.833,StackML,StackML_b49_lp9_r1_vg1_pr1,STARTED,"DeltaTime: 0.100",214368.97
4124,2026-07-01 12:24:21.833,StackML,StackML_b49_lp9_r1_vg1_pr1,COMPLETED,"Action logic completed successfully",214368.98
4125,2026-07-01 12:24:21.838,StackML,StackML_b49_lp9_r1_vg1_pr1,COMPLETED,"Effects applied on exit",214374.70
4126,2026-07-01 12:24:21.973,StackHL,StackHL_b49_lp9_r1_pr1_lay9_m9,STARTED,"HL subtree tick: FF_Default_DynamicFlow_StackHL_b49_lp9_r1_pr1_lay9_m9; DeltaTime: 0.100",214509.40
4127,2026-07-01 12:24:21.973,StackHL,StackHL_b49_lp9_r1_pr1_lay9_m9,COMPLETED,"Subtree execution completed successfully",214509.78
4128,2026-07-01 12:24:21.973,StackHL,StackHL_b49_lp9_r1_pr1_lay9_m9,STARTED,"DeltaTime: 0.100",214509.78
4129,2026-07-01 12:24:21.973,StackHL,StackHL_b49_lp9_r1_pr1_lay9_m9,COMPLETED,"Action logic completed successfully",214509.79
4130,2026-07-01 12:24:21.977,StackHL,StackHL_b49_lp9_r1_pr1_lay9_m9,COMPLETED,"Effects applied on exit",214513.35
4131,2026-07-01 12:24:22.119,PickUpHL,PickUpHL_b50_fp67_r1,STARTED,"HL subtree tick: FF_Default_DynamicFlow_PickUpHL_b50_fp67_r1; DeltaTime: 0.100",214655.87
4132,2026-07-01 12:24:22.439,TravelML,TravelML_r1_pr1_fp67,STARTED,"ML action execution; DeltaTime: 0.100",214974.92
4133,2026-07-01 12:24:22.439,TravelML,TravelML_r1_pr1_fp67,STARTED,"DeltaTime: 0.100",214974.94
4134,2026-07-01 12:24:22.439,TravelML,TravelML_r1_pr1_fp67,COMPLETED,"Action logic completed successfully",214974.94
4135,2026-07-01 12:24:22.442,TravelML,TravelML_r1_pr1_fp67,COMPLETED,"Effects applied on exit",214978.65
4136,2026-07-01 12:24:22.573,PickUpHL,PickUpHL_b50_fp67_r1,STARTED,"HL subtree tick: FF_Default_DynamicFlow_PickUpHL_b50_fp67_r1; DeltaTime: 0.100",215109.12
4137,2026-07-01 12:24:22.575,PickUpML,PickUpML_b50_fp67_r1_vg1,STARTED,"ML action execution; DeltaTime: 0.100",215111.69
4138,2026-07-01 12:24:22.575,PickUpML,PickUpML_b50_fp67_r1_vg1,STARTED,"DeltaTime: 0.100",215111.70
4139,2026-07-01 12:24:22.575,PickUpML,PickUpML_b50_fp67_r1_vg1,COMPLETED,"Action logic completed successfully",215111.71
4140,2026-07-01 12:24:22.580,PickUpML,PickUpML_b50_fp67_r1_vg1,COMPLETED,"Effects applied on exit",215116.20
4141,2026-07-01 12:24:22.713,PickUpHL,PickUpHL_b50_fp67_r1,STARTED,"HL subtree tick: FF_Default_DynamicFlow_PickUpHL_b50_fp67_r1; DeltaTime: 0.100",215249.20
4142,2026-07-01 12:24:22.713,PickUpHL,PickUpHL_b50_fp67_r1,COMPLETED,"Subtree execution completed successfully",215249.84
4143,2026-07-01 12:24:22.713,PickUpHL,PickUpHL_b50_fp67_r1,STARTED,"DeltaTime: 0.100",215249.85
4144,2026-07-01 12:24:22.713,PickUpHL,PickUpHL_b50_fp67_r1,COMPLETED,"Action logic completed successfully",215249.86
4145,2026-07-01 12:24:22.717,PickUpHL,PickUpHL_b50_fp67_r1,COMPLETED,"Effects applied on exit",215253.65
4146,2026-07-01 12:24:22.864,StackHL,StackHL_b50_lp9_r1_pr1_lay9_m9,STARTED,"HL subtree tick: FF_Default_DynamicFlow_StackHL_b50_lp9_r1_pr1_lay9_m9; DeltaTime: 0.100",215400.35
4147,2026-07-01 12:24:23.206,TravelML,TravelML_r1_fp67_pr1,STARTED,"ML action execution; DeltaTime: 0.100",215742.66
4148,2026-07-01 12:24:23.206,TravelML,TravelML_r1_fp67_pr1,STARTED,"DeltaTime: 0.100",215742.69
4149,2026-07-01 12:24:23.206,TravelML,TravelML_r1_fp67_pr1,COMPLETED,"Action logic completed successfully",215742.71
4150,2026-07-01 12:24:23.211,TravelML,TravelML_r1_fp67_pr1,COMPLETED,"Effects applied on exit",215747.49
4151,2026-07-01 12:24:23.358,StackHL,StackHL_b50_lp9_r1_pr1_lay9_m9,STARTED,"HL subtree tick: FF_Default_DynamicFlow_StackHL_b50_lp9_r1_pr1_lay9_m9; DeltaTime: 0.100",215893.92
4152,2026-07-01 12:24:23.359,StackML,StackML_b50_lp9_r1_vg1_pr1,STARTED,"ML action execution; DeltaTime: 0.100",215895.33
4153,2026-07-01 12:24:23.359,StackML,StackML_b50_lp9_r1_vg1_pr1,STARTED,"DeltaTime: 0.100",215895.34
4154,2026-07-01 12:24:23.359,StackML,StackML_b50_lp9_r1_vg1_pr1,COMPLETED,"Action logic completed successfully",215895.35
4155,2026-07-01 12:24:23.364,StackML,StackML_b50_lp9_r1_vg1_pr1,COMPLETED,"Effects applied on exit",215900.56
4156,2026-07-01 12:24:23.498,StackHL,StackHL_b50_lp9_r1_pr1_lay9_m9,STARTED,"HL subtree tick: FF_Default_DynamicFlow_StackHL_b50_lp9_r1_pr1_lay9_m9; DeltaTime: 0.100",216034.83
4157,2026-07-01 12:24:23.499,StackHL,StackHL_b50_lp9_r1_pr1_lay9_m9,COMPLETED,"Subtree execution completed successfully",216035.21
4158,2026-07-01 12:24:23.499,StackHL,StackHL_b50_lp9_r1_pr1_lay9_m9,STARTED,"DeltaTime: 0.100",216035.21
4159,2026-07-01 12:24:23.499,StackHL,StackHL_b50_lp9_r1_pr1_lay9_m9,COMPLETED,"Action logic completed successfully",216035.22
4160,2026-07-01 12:24:23.502,StackHL,StackHL_b50_lp9_r1_pr1_lay9_m9,COMPLETED,"Effects applied on exit",216038.84
4161,2026-07-01 12:24:23.646,PickUpHL,PickUpHL_b54_fp72_r1,STARTED,"HL subtree tick: FF_Default_DynamicFlow_PickUpHL_b54_fp72_r1; DeltaTime: 0.100",216182.66
4162,2026-07-01 12:24:23.973,TravelML,TravelML_r1_pr1_fp72,STARTED,"ML action execution; DeltaTime: 0.100",216509.75
4163,2026-07-01 12:24:23.973,TravelML,TravelML_r1_pr1_fp72,STARTED,"DeltaTime: 0.100",216509.77
4164,2026-07-01 12:24:23.973,TravelML,TravelML_r1_pr1_fp72,COMPLETED,"Action logic completed successfully",216509.77
4165,2026-07-01 12:24:23.977,TravelML,TravelML_r1_pr1_fp72,COMPLETED,"Effects applied on exit",216513.40
4166,2026-07-01 12:24:24.105,PickUpHL,PickUpHL_b54_fp72_r1,STARTED,"HL subtree tick: FF_Default_DynamicFlow_PickUpHL_b54_fp72_r1; DeltaTime: 0.100",216641.52
4167,2026-07-01 12:24:24.106,PickUpML,PickUpML_b54_fp72_r1_vg1,STARTED,"ML action execution; DeltaTime: 0.100",216642.86
4168,2026-07-01 12:24:24.106,PickUpML,PickUpML_b54_fp72_r1_vg1,STARTED,"DeltaTime: 0.100",216642.87
4169,2026-07-01 12:24:24.106,PickUpML,PickUpML_b54_fp72_r1_vg1,COMPLETED,"Action logic completed successfully",216642.88
4170,2026-07-01 12:24:24.112,PickUpML,PickUpML_b54_fp72_r1_vg1,COMPLETED,"Effects applied on exit",216648.30
4171,2026-07-01 12:24:24.247,PickUpHL,PickUpHL_b54_fp72_r1,STARTED,"HL subtree tick: FF_Default_DynamicFlow_PickUpHL_b54_fp72_r1; DeltaTime: 0.100",216782.97
4172,2026-07-01 12:24:24.247,PickUpHL,PickUpHL_b54_fp72_r1,COMPLETED,"Subtree execution completed successfully",216783.35
4173,2026-07-01 12:24:24.247,PickUpHL,PickUpHL_b54_fp72_r1,STARTED,"DeltaTime: 0.100",216783.38
4174,2026-07-01 12:24:24.247,PickUpHL,PickUpHL_b54_fp72_r1,COMPLETED,"Action logic completed successfully",216783.38
4175,2026-07-01 12:24:24.250,PickUpHL,PickUpHL_b54_fp72_r1,COMPLETED,"Effects applied on exit",216786.63
4176,2026-07-01 12:24:24.396,StackHL,StackHL_b54_lp9_r1_pr1_lay9_m9,STARTED,"HL subtree tick: FF_Default_DynamicFlow_StackHL_b54_lp9_r1_pr1_lay9_m9; DeltaTime: 0.100",216932.89
4177,2026-07-01 12:24:24.718,TravelML,TravelML_r1_fp72_pr1,STARTED,"ML action execution; DeltaTime: 0.100",217253.93
4178,2026-07-01 12:24:24.718,TravelML,TravelML_r1_fp72_pr1,STARTED,"DeltaTime: 0.100",217253.94
4179,2026-07-01 12:24:24.718,TravelML,TravelML_r1_fp72_pr1,COMPLETED,"Action logic completed successfully",217253.95
4180,2026-07-01 12:24:24.721,TravelML,TravelML_r1_fp72_pr1,COMPLETED,"Effects applied on exit",217257.85
4181,2026-07-01 12:24:24.859,StackHL,StackHL_b54_lp9_r1_pr1_lay9_m9,STARTED,"HL subtree tick: FF_Default_DynamicFlow_StackHL_b54_lp9_r1_pr1_lay9_m9; DeltaTime: 0.100",217395.70
4182,2026-07-01 12:24:24.860,StackML,StackML_b54_lp9_r1_vg1_pr1,STARTED,"ML action execution; DeltaTime: 0.100",217396.90
4183,2026-07-01 12:24:24.861,StackML,StackML_b54_lp9_r1_vg1_pr1,STARTED,"DeltaTime: 0.100",217396.91
4184,2026-07-01 12:24:24.861,StackML,StackML_b54_lp9_r1_vg1_pr1,COMPLETED,"Action logic completed successfully",217396.92
4185,2026-07-01 12:24:24.866,StackML,StackML_b54_lp9_r1_vg1_pr1,COMPLETED,"Effects applied on exit",217402.57
4186,2026-07-01 12:24:24.999,StackHL,StackHL_b54_lp9_r1_pr1_lay9_m9,STARTED,"HL subtree tick: FF_Default_DynamicFlow_StackHL_b54_lp9_r1_pr1_lay9_m9; DeltaTime: 0.100",217535.74
4187,2026-07-01 12:24:25.000,StackHL,StackHL_b54_lp9_r1_pr1_lay9_m9,COMPLETED,"Subtree execution completed successfully",217536.13
4188,2026-07-01 12:24:25.000,StackHL,StackHL_b54_lp9_r1_pr1_lay9_m9,STARTED,"DeltaTime: 0.100",217536.14
4189,2026-07-01 12:24:25.000,StackHL,StackHL_b54_lp9_r1_pr1_lay9_m9,COMPLETED,"Action logic completed successfully",217536.15
4190,2026-07-01 12:24:25.003,StackHL,StackHL_b54_lp9_r1_pr1_lay9_m9,COMPLETED,"Effects applied on exit",217539.82
4191,2026-07-01 12:24:25.151,PickUpHL,PickUpHL_b52_fp70_r1,STARTED,"HL subtree tick: FF_Default_DynamicFlow_PickUpHL_b52_fp70_r1; DeltaTime: 0.100",217687.49
4192,2026-07-01 12:24:25.476,TravelML,TravelML_r1_pr1_fp70,STARTED,"ML action execution; DeltaTime: 0.100",218012.25
4193,2026-07-01 12:24:25.476,TravelML,TravelML_r1_pr1_fp70,STARTED,"DeltaTime: 0.100",218012.26
4194,2026-07-01 12:24:25.476,TravelML,TravelML_r1_pr1_fp70,COMPLETED,"Action logic completed successfully",218012.27
4195,2026-07-01 12:24:25.480,TravelML,TravelML_r1_pr1_fp70,COMPLETED,"Effects applied on exit",218016.10
4196,2026-07-01 12:24:25.615,PickUpHL,PickUpHL_b52_fp70_r1,STARTED,"HL subtree tick: FF_Default_DynamicFlow_PickUpHL_b52_fp70_r1; DeltaTime: 0.100",218151.23
4197,2026-07-01 12:24:25.617,PickUpML,PickUpML_b52_fp70_r1_vg1,STARTED,"ML action execution; DeltaTime: 0.100",218153.03
4198,2026-07-01 12:24:25.617,PickUpML,PickUpML_b52_fp70_r1_vg1,STARTED,"DeltaTime: 0.100",218153.04
4199,2026-07-01 12:24:25.617,PickUpML,PickUpML_b52_fp70_r1_vg1,COMPLETED,"Action logic completed successfully",218153.05
4200,2026-07-01 12:24:25.621,PickUpML,PickUpML_b52_fp70_r1_vg1,COMPLETED,"Effects applied on exit",218157.63
4201,2026-07-01 12:24:25.759,PickUpHL,PickUpHL_b52_fp70_r1,STARTED,"HL subtree tick: FF_Default_DynamicFlow_PickUpHL_b52_fp70_r1; DeltaTime: 0.100",218295.02
4202,2026-07-01 12:24:25.759,PickUpHL,PickUpHL_b52_fp70_r1,COMPLETED,"Subtree execution completed successfully",218295.39
4203,2026-07-01 12:24:25.759,PickUpHL,PickUpHL_b52_fp70_r1,STARTED,"DeltaTime: 0.100",218295.40
4204,2026-07-01 12:24:25.759,PickUpHL,PickUpHL_b52_fp70_r1,COMPLETED,"Action logic completed successfully",218295.41
4205,2026-07-01 12:24:25.762,PickUpHL,PickUpHL_b52_fp70_r1,COMPLETED,"Effects applied on exit",218298.48
4206,2026-07-01 12:24:25.905,StackHL,StackHL_b52_lp9_r1_pr1_lay9_m9,STARTED,"HL subtree tick: FF_Default_DynamicFlow_StackHL_b52_lp9_r1_pr1_lay9_m9; DeltaTime: 0.100",218441.89
4207,2026-07-01 12:24:26.230,TravelML,TravelML_r1_fp70_pr1,STARTED,"ML action execution; DeltaTime: 0.100",218766.22
4208,2026-07-01 12:24:26.230,TravelML,TravelML_r1_fp70_pr1,STARTED,"DeltaTime: 0.100",218766.23
4209,2026-07-01 12:24:26.230,TravelML,TravelML_r1_fp70_pr1,COMPLETED,"Action logic completed successfully",218766.24
4210,2026-07-01 12:24:26.234,TravelML,TravelML_r1_fp70_pr1,COMPLETED,"Effects applied on exit",218770.71
4211,2026-07-01 12:24:26.369,StackHL,StackHL_b52_lp9_r1_pr1_lay9_m9,STARTED,"HL subtree tick: FF_Default_DynamicFlow_StackHL_b52_lp9_r1_pr1_lay9_m9; DeltaTime: 0.100",218905.64
4212,2026-07-01 12:24:26.371,StackML,StackML_b52_lp9_r1_vg1_pr1,STARTED,"ML action execution; DeltaTime: 0.100",218907.16
4213,2026-07-01 12:24:26.371,StackML,StackML_b52_lp9_r1_vg1_pr1,STARTED,"DeltaTime: 0.100",218907.17
4214,2026-07-01 12:24:26.371,StackML,StackML_b52_lp9_r1_vg1_pr1,COMPLETED,"Action logic completed successfully",218907.18
4215,2026-07-01 12:24:26.376,StackML,StackML_b52_lp9_r1_vg1_pr1,COMPLETED,"Effects applied on exit",218912.88
4216,2026-07-01 12:24:26.508,StackHL,StackHL_b52_lp9_r1_pr1_lay9_m9,STARTED,"HL subtree tick: FF_Default_DynamicFlow_StackHL_b52_lp9_r1_pr1_lay9_m9; DeltaTime: 0.100",219044.10
4217,2026-07-01 12:24:26.508,StackHL,StackHL_b52_lp9_r1_pr1_lay9_m9,COMPLETED,"Subtree execution completed successfully",219044.51
4218,2026-07-01 12:24:26.508,StackHL,StackHL_b52_lp9_r1_pr1_lay9_m9,STARTED,"DeltaTime: 0.100",219044.51
4219,2026-07-01 12:24:26.508,StackHL,StackHL_b52_lp9_r1_pr1_lay9_m9,COMPLETED,"Action logic completed successfully",219044.52
4220,2026-07-01 12:24:26.511,StackHL,StackHL_b52_lp9_r1_pr1_lay9_m9,COMPLETED,"Effects applied on exit",219047.70
4221,2026-07-01 12:24:26.646,PickUpHL,PickUpHL_b51_fp68_r1,STARTED,"HL subtree tick: FF_Default_DynamicFlow_PickUpHL_b51_fp68_r1; DeltaTime: 0.100",219182.14
4222,2026-07-01 12:24:26.961,TravelML,TravelML_r1_pr1_fp68,STARTED,"ML action execution; DeltaTime: 0.100",219497.12
4223,2026-07-01 12:24:26.961,TravelML,TravelML_r1_pr1_fp68,STARTED,"DeltaTime: 0.100",219497.13
4224,2026-07-01 12:24:26.961,TravelML,TravelML_r1_pr1_fp68,COMPLETED,"Action logic completed successfully",219497.14
4225,2026-07-01 12:24:26.965,TravelML,TravelML_r1_pr1_fp68,COMPLETED,"Effects applied on exit",219501.36
4226,2026-07-01 12:24:27.096,PickUpHL,PickUpHL_b51_fp68_r1,STARTED,"HL subtree tick: FF_Default_DynamicFlow_PickUpHL_b51_fp68_r1; DeltaTime: 0.100",219632.15
4227,2026-07-01 12:24:27.097,PickUpML,PickUpML_b51_fp68_r1_vg1,STARTED,"ML action execution; DeltaTime: 0.100",219633.50
4228,2026-07-01 12:24:27.097,PickUpML,PickUpML_b51_fp68_r1_vg1,STARTED,"DeltaTime: 0.100",219633.51
4229,2026-07-01 12:24:27.097,PickUpML,PickUpML_b51_fp68_r1_vg1,COMPLETED,"Action logic completed successfully",219633.52
4230,2026-07-01 12:24:27.103,PickUpML,PickUpML_b51_fp68_r1_vg1,COMPLETED,"Effects applied on exit",219638.91
4231,2026-07-01 12:24:27.236,PickUpHL,PickUpHL_b51_fp68_r1,STARTED,"HL subtree tick: FF_Default_DynamicFlow_PickUpHL_b51_fp68_r1; DeltaTime: 0.100",219772.83
4232,2026-07-01 12:24:27.237,PickUpHL,PickUpHL_b51_fp68_r1,COMPLETED,"Subtree execution completed successfully",219773.23
4233,2026-07-01 12:24:27.237,PickUpHL,PickUpHL_b51_fp68_r1,STARTED,"DeltaTime: 0.100",219773.24
4234,2026-07-01 12:24:27.237,PickUpHL,PickUpHL_b51_fp68_r1,COMPLETED,"Action logic completed successfully",219773.25
4235,2026-07-01 12:24:27.241,PickUpHL,PickUpHL_b51_fp68_r1,COMPLETED,"Effects applied on exit",219777.28
4236,2026-07-01 12:24:27.392,StackHL,StackHL_b51_lp9_r1_pr1_lay9_m9,STARTED,"HL subtree tick: FF_Default_DynamicFlow_StackHL_b51_lp9_r1_pr1_lay9_m9; DeltaTime: 0.100",219928.27
4237,2026-07-01 12:24:27.709,TravelML,TravelML_r1_fp68_pr1,STARTED,"ML action execution; DeltaTime: 0.100",220245.06
4238,2026-07-01 12:24:27.709,TravelML,TravelML_r1_fp68_pr1,STARTED,"DeltaTime: 0.100",220245.09
4239,2026-07-01 12:24:27.709,TravelML,TravelML_r1_fp68_pr1,COMPLETED,"Action logic completed successfully",220245.10
4240,2026-07-01 12:24:27.712,TravelML,TravelML_r1_fp68_pr1,COMPLETED,"Effects applied on exit",220248.83
4241,2026-07-01 12:24:27.840,StackHL,StackHL_b51_lp9_r1_pr1_lay9_m9,STARTED,"HL subtree tick: FF_Default_DynamicFlow_StackHL_b51_lp9_r1_pr1_lay9_m9; DeltaTime: 0.100",220376.07
4242,2026-07-01 12:24:27.842,StackML,StackML_b51_lp9_r1_vg1_pr1,STARTED,"ML action execution; DeltaTime: 0.100",220378.00
4243,2026-07-01 12:24:27.842,StackML,StackML_b51_lp9_r1_vg1_pr1,STARTED,"DeltaTime: 0.100",220378.01
4244,2026-07-01 12:24:27.842,StackML,StackML_b51_lp9_r1_vg1_pr1,COMPLETED,"Action logic completed successfully",220378.02
4245,2026-07-01 12:24:27.848,StackML,StackML_b51_lp9_r1_vg1_pr1,COMPLETED,"Effects applied on exit",220384.86
4246,2026-07-01 12:24:27.980,StackHL,StackHL_b51_lp9_r1_pr1_lay9_m9,STARTED,"HL subtree tick: FF_Default_DynamicFlow_StackHL_b51_lp9_r1_pr1_lay9_m9; DeltaTime: 0.100",220516.54
4247,2026-07-01 12:24:27.981,StackHL,StackHL_b51_lp9_r1_pr1_lay9_m9,COMPLETED,"Subtree execution completed successfully",220516.92
4248,2026-07-01 12:24:27.981,StackHL,StackHL_b51_lp9_r1_pr1_lay9_m9,STARTED,"DeltaTime: 0.100",220516.93
4249,2026-07-01 12:24:27.981,StackHL,StackHL_b51_lp9_r1_pr1_lay9_m9,COMPLETED,"Action logic completed successfully",220516.93
4250,2026-07-01 12:24:27.984,StackHL,StackHL_b51_lp9_r1_pr1_lay9_m9,COMPLETED,"Effects applied on exit",220520.39
4251,2026-07-01 12:24:28.128,PickUpHL,PickUpHL_b53_fp71_r1,STARTED,"HL subtree tick: FF_Default_DynamicFlow_PickUpHL_b53_fp71_r1; DeltaTime: 0.100",220664.06
4252,2026-07-01 12:24:28.449,TravelML,TravelML_r1_pr1_fp71,STARTED,"ML action execution; DeltaTime: 0.100",220985.57
4253,2026-07-01 12:24:28.449,TravelML,TravelML_r1_pr1_fp71,STARTED,"DeltaTime: 0.100",220985.59
4254,2026-07-01 12:24:28.449,TravelML,TravelML_r1_pr1_fp71,COMPLETED,"Action logic completed successfully",220985.59
4255,2026-07-01 12:24:28.453,TravelML,TravelML_r1_pr1_fp71,COMPLETED,"Effects applied on exit",220989.75
4256,2026-07-01 12:24:28.586,PickUpHL,PickUpHL_b53_fp71_r1,STARTED,"HL subtree tick: FF_Default_DynamicFlow_PickUpHL_b53_fp71_r1; DeltaTime: 0.100",221122.71
4257,2026-07-01 12:24:28.588,PickUpML,PickUpML_b53_fp71_r1_vg1,STARTED,"ML action execution; DeltaTime: 0.100",221124.17
4258,2026-07-01 12:24:28.588,PickUpML,PickUpML_b53_fp71_r1_vg1,STARTED,"DeltaTime: 0.100",221124.18
4259,2026-07-01 12:24:28.588,PickUpML,PickUpML_b53_fp71_r1_vg1,COMPLETED,"Action logic completed successfully",221124.18
4260,2026-07-01 12:24:28.593,PickUpML,PickUpML_b53_fp71_r1_vg1,COMPLETED,"Effects applied on exit",221128.92
4261,2026-07-01 12:24:28.728,PickUpHL,PickUpHL_b53_fp71_r1,STARTED,"HL subtree tick: FF_Default_DynamicFlow_PickUpHL_b53_fp71_r1; DeltaTime: 0.100",221264.89
4262,2026-07-01 12:24:28.730,PickUpHL,PickUpHL_b53_fp71_r1,COMPLETED,"Subtree execution completed successfully",221265.95
4263,2026-07-01 12:24:28.730,PickUpHL,PickUpHL_b53_fp71_r1,STARTED,"DeltaTime: 0.100",221265.97
4264,2026-07-01 12:24:28.730,PickUpHL,PickUpHL_b53_fp71_r1,COMPLETED,"Action logic completed successfully",221265.99
4265,2026-07-01 12:24:28.738,PickUpHL,PickUpHL_b53_fp71_r1,COMPLETED,"Effects applied on exit",221274.14
4266,2026-07-01 12:24:28.882,StackHL,StackHL_b53_lp9_r1_pr1_lay9_m9,STARTED,"HL subtree tick: FF_Default_DynamicFlow_StackHL_b53_lp9_r1_pr1_lay9_m9; DeltaTime: 0.100",221418.31
4267,2026-07-01 12:24:29.236,TravelML,TravelML_r1_fp71_pr1,STARTED,"ML action execution; DeltaTime: 0.100",221772.89
4268,2026-07-01 12:24:29.237,TravelML,TravelML_r1_fp71_pr1,STARTED,"DeltaTime: 0.100",221772.91
4269,2026-07-01 12:24:29.237,TravelML,TravelML_r1_fp71_pr1,COMPLETED,"Action logic completed successfully",221772.91
4270,2026-07-01 12:24:29.240,TravelML,TravelML_r1_fp71_pr1,COMPLETED,"Effects applied on exit",221776.77
4271,2026-07-01 12:24:29.372,StackHL,StackHL_b53_lp9_r1_pr1_lay9_m9,STARTED,"HL subtree tick: FF_Default_DynamicFlow_StackHL_b53_lp9_r1_pr1_lay9_m9; DeltaTime: 0.100",221908.20
4272,2026-07-01 12:24:29.373,StackML,StackML_b53_lp9_r1_vg1_pr1,STARTED,"ML action execution; DeltaTime: 0.100",221909.44
4273,2026-07-01 12:24:29.373,StackML,StackML_b53_lp9_r1_vg1_pr1,STARTED,"DeltaTime: 0.100",221909.45
4274,2026-07-01 12:24:29.373,StackML,StackML_b53_lp9_r1_vg1_pr1,COMPLETED,"Action logic completed successfully",221909.46
4275,2026-07-01 12:24:29.378,StackML,StackML_b53_lp9_r1_vg1_pr1,COMPLETED,"Effects applied on exit",221914.40
4276,2026-07-01 12:24:29.510,StackHL,StackHL_b53_lp9_r1_pr1_lay9_m9,STARTED,"HL subtree tick: FF_Default_DynamicFlow_StackHL_b53_lp9_r1_pr1_lay9_m9; DeltaTime: 0.100",222046.49
4277,2026-07-01 12:24:29.511,StackHL,StackHL_b53_lp9_r1_pr1_lay9_m9,COMPLETED,"Subtree execution completed successfully",222046.91
4278,2026-07-01 12:24:29.511,StackHL,StackHL_b53_lp9_r1_pr1_lay9_m9,STARTED,"DeltaTime: 0.100",222046.91
4279,2026-07-01 12:24:29.511,StackHL,StackHL_b53_lp9_r1_pr1_lay9_m9,COMPLETED,"Action logic completed successfully",222046.92
4280,2026-07-01 12:24:29.514,StackHL,StackHL_b53_lp9_r1_pr1_lay9_m9,COMPLETED,"Effects applied on exit",222050.35
4281,2026-07-01 12:24:29.661,PickUpHL,PickUpHL_b55_fp74_r1,STARTED,"HL subtree tick: FF_Default_DynamicFlow_PickUpHL_b55_fp74_r1; DeltaTime: 0.100",222197.39
4282,2026-07-01 12:24:30.014,TravelML,TravelML_r1_pr1_fp74,STARTED,"ML action execution; DeltaTime: 0.100",222550.88
4283,2026-07-01 12:24:30.014,TravelML,TravelML_r1_pr1_fp74,STARTED,"DeltaTime: 0.100",222550.89
4284,2026-07-01 12:24:30.015,TravelML,TravelML_r1_pr1_fp74,COMPLETED,"Action logic completed successfully",222550.90
4285,2026-07-01 12:24:30.018,TravelML,TravelML_r1_pr1_fp74,COMPLETED,"Effects applied on exit",222554.64
4286,2026-07-01 12:24:30.159,PickUpHL,PickUpHL_b55_fp74_r1,STARTED,"HL subtree tick: FF_Default_DynamicFlow_PickUpHL_b55_fp74_r1; DeltaTime: 0.100",222695.11
4287,2026-07-01 12:24:30.161,PickUpML,PickUpML_b55_fp74_r1_vg1,STARTED,"ML action execution; DeltaTime: 0.100",222697.33
4288,2026-07-01 12:24:30.161,PickUpML,PickUpML_b55_fp74_r1_vg1,STARTED,"DeltaTime: 0.100",222697.34
4289,2026-07-01 12:24:30.161,PickUpML,PickUpML_b55_fp74_r1_vg1,COMPLETED,"Action logic completed successfully",222697.35
4290,2026-07-01 12:24:30.165,PickUpML,PickUpML_b55_fp74_r1_vg1,COMPLETED,"Effects applied on exit",222701.69
4291,2026-07-01 12:24:30.299,PickUpHL,PickUpHL_b55_fp74_r1,STARTED,"HL subtree tick: FF_Default_DynamicFlow_PickUpHL_b55_fp74_r1; DeltaTime: 0.100",222835.73
4292,2026-07-01 12:24:30.300,PickUpHL,PickUpHL_b55_fp74_r1,COMPLETED,"Subtree execution completed successfully",222836.19
4293,2026-07-01 12:24:30.300,PickUpHL,PickUpHL_b55_fp74_r1,STARTED,"DeltaTime: 0.100",222836.20
4294,2026-07-01 12:24:30.300,PickUpHL,PickUpHL_b55_fp74_r1,COMPLETED,"Action logic completed successfully",222836.21
4295,2026-07-01 12:24:30.305,PickUpHL,PickUpHL_b55_fp74_r1,COMPLETED,"Effects applied on exit",222841.51
4296,2026-07-01 12:24:30.451,StackHL,StackHL_b55_lp10_r1_pr2_lay10_m10,STARTED,"HL subtree tick: FF_Default_DynamicFlow_StackHL_b55_lp10_r1_pr2_lay10_m10; DeltaTime: 0.100",222987.34
4297,2026-07-01 12:24:30.801,TravelML,TravelML_r1_fp74_pr2,STARTED,"ML action execution; DeltaTime: 0.100",223337.52
4298,2026-07-01 12:24:30.801,TravelML,TravelML_r1_fp74_pr2,STARTED,"DeltaTime: 0.100",223337.54
4299,2026-07-01 12:24:30.801,TravelML,TravelML_r1_fp74_pr2,COMPLETED,"Action logic completed successfully",223337.55
4300,2026-07-01 12:24:30.805,TravelML,TravelML_r1_fp74_pr2,COMPLETED,"Effects applied on exit",223341.30
4301,2026-07-01 12:24:30.945,StackHL,StackHL_b55_lp10_r1_pr2_lay10_m10,STARTED,"HL subtree tick: FF_Default_DynamicFlow_StackHL_b55_lp10_r1_pr2_lay10_m10; DeltaTime: 0.100",223480.93
4302,2026-07-01 12:24:30.946,StackML,StackML_b55_lp10_r1_vg1_pr2,STARTED,"ML action execution; DeltaTime: 0.100",223482.04
4303,2026-07-01 12:24:30.946,StackML,StackML_b55_lp10_r1_vg1_pr2,STARTED,"DeltaTime: 0.100",223482.05
4304,2026-07-01 12:24:30.946,StackML,StackML_b55_lp10_r1_vg1_pr2,COMPLETED,"Action logic completed successfully",223482.05
4305,2026-07-01 12:24:30.956,StackML,StackML_b55_lp10_r1_vg1_pr2,COMPLETED,"Effects applied on exit",223492.66
4306,2026-07-01 12:24:31.104,StackHL,StackHL_b55_lp10_r1_pr2_lay10_m10,STARTED,"HL subtree tick: FF_Default_DynamicFlow_StackHL_b55_lp10_r1_pr2_lay10_m10; DeltaTime: 0.100",223640.67
4307,2026-07-01 12:24:31.105,StackHL,StackHL_b55_lp10_r1_pr2_lay10_m10,COMPLETED,"Subtree execution completed successfully",223641.04
4308,2026-07-01 12:24:31.105,StackHL,StackHL_b55_lp10_r1_pr2_lay10_m10,STARTED,"DeltaTime: 0.100",223641.05
4309,2026-07-01 12:24:31.105,StackHL,StackHL_b55_lp10_r1_pr2_lay10_m10,COMPLETED,"Action logic completed successfully",223641.05
4310,2026-07-01 12:24:31.110,StackHL,StackHL_b55_lp10_r1_pr2_lay10_m10,COMPLETED,"Effects applied on exit",223646.90
4311,2026-07-01 12:24:31.252,PickUpHL,PickUpHL_b56_fp75_r1,STARTED,"HL subtree tick: FF_Default_DynamicFlow_PickUpHL_b56_fp75_r1; DeltaTime: 0.100",223788.10
4312,2026-07-01 12:24:31.632,TravelML,TravelML_r1_pr2_fp75,STARTED,"ML action execution; DeltaTime: 0.100",224168.03
4313,2026-07-01 12:24:31.632,TravelML,TravelML_r1_pr2_fp75,STARTED,"DeltaTime: 0.100",224168.05
4314,2026-07-01 12:24:31.632,TravelML,TravelML_r1_pr2_fp75,COMPLETED,"Action logic completed successfully",224168.07
4315,2026-07-01 12:24:31.638,TravelML,TravelML_r1_pr2_fp75,COMPLETED,"Effects applied on exit",224173.98
4316,2026-07-01 12:24:31.774,PickUpHL,PickUpHL_b56_fp75_r1,STARTED,"HL subtree tick: FF_Default_DynamicFlow_PickUpHL_b56_fp75_r1; DeltaTime: 0.100",224309.99
4317,2026-07-01 12:24:31.775,PickUpML,PickUpML_b56_fp75_r1_vg1,STARTED,"ML action execution; DeltaTime: 0.100",224311.39
4318,2026-07-01 12:24:31.775,PickUpML,PickUpML_b56_fp75_r1_vg1,STARTED,"DeltaTime: 0.100",224311.40
4319,2026-07-01 12:24:31.775,PickUpML,PickUpML_b56_fp75_r1_vg1,COMPLETED,"Action logic completed successfully",224311.41
4320,2026-07-01 12:24:31.782,PickUpML,PickUpML_b56_fp75_r1_vg1,COMPLETED,"Effects applied on exit",224318.57
4321,2026-07-01 12:24:31.917,PickUpHL,PickUpHL_b56_fp75_r1,STARTED,"HL subtree tick: FF_Default_DynamicFlow_PickUpHL_b56_fp75_r1; DeltaTime: 0.100",224452.90
4322,2026-07-01 12:24:31.917,PickUpHL,PickUpHL_b56_fp75_r1,COMPLETED,"Subtree execution completed successfully",224453.63
4323,2026-07-01 12:24:31.917,PickUpHL,PickUpHL_b56_fp75_r1,STARTED,"DeltaTime: 0.100",224453.63
4324,2026-07-01 12:24:31.917,PickUpHL,PickUpHL_b56_fp75_r1,COMPLETED,"Action logic completed successfully",224453.64
4325,2026-07-01 12:24:31.921,PickUpHL,PickUpHL_b56_fp75_r1,COMPLETED,"Effects applied on exit",224457.04
4326,2026-07-01 12:24:32.056,StackHL,StackHL_b56_lp10_r1_pr2_lay10_m10,STARTED,"HL subtree tick: FF_Default_DynamicFlow_StackHL_b56_lp10_r1_pr2_lay10_m10; DeltaTime: 0.100",224592.66
4327,2026-07-01 12:24:32.431,TravelML,TravelML_r1_fp75_pr2,STARTED,"ML action execution; DeltaTime: 0.100",224967.63
4328,2026-07-01 12:24:32.431,TravelML,TravelML_r1_fp75_pr2,STARTED,"DeltaTime: 0.100",224967.64
4329,2026-07-01 12:24:32.431,TravelML,TravelML_r1_fp75_pr2,COMPLETED,"Action logic completed successfully",224967.65
4330,2026-07-01 12:24:32.436,TravelML,TravelML_r1_fp75_pr2,COMPLETED,"Effects applied on exit",224972.18
4331,2026-07-01 12:24:32.562,StackHL,StackHL_b56_lp10_r1_pr2_lay10_m10,STARTED,"HL subtree tick: FF_Default_DynamicFlow_StackHL_b56_lp10_r1_pr2_lay10_m10; DeltaTime: 0.100",225098.76
4332,2026-07-01 12:24:32.564,StackML,StackML_b56_lp10_r1_vg1_pr2,STARTED,"ML action execution; DeltaTime: 0.100",225100.48
4333,2026-07-01 12:24:32.564,StackML,StackML_b56_lp10_r1_vg1_pr2,STARTED,"DeltaTime: 0.100",225100.49
4334,2026-07-01 12:24:32.564,StackML,StackML_b56_lp10_r1_vg1_pr2,COMPLETED,"Action logic completed successfully",225100.50
4335,2026-07-01 12:24:32.570,StackML,StackML_b56_lp10_r1_vg1_pr2,COMPLETED,"Effects applied on exit",225106.48
4336,2026-07-01 12:24:32.703,StackHL,StackHL_b56_lp10_r1_pr2_lay10_m10,STARTED,"HL subtree tick: FF_Default_DynamicFlow_StackHL_b56_lp10_r1_pr2_lay10_m10; DeltaTime: 0.100",225239.35
4337,2026-07-01 12:24:32.703,StackHL,StackHL_b56_lp10_r1_pr2_lay10_m10,COMPLETED,"Subtree execution completed successfully",225239.72
4338,2026-07-01 12:24:32.703,StackHL,StackHL_b56_lp10_r1_pr2_lay10_m10,STARTED,"DeltaTime: 0.100",225239.73
4339,2026-07-01 12:24:32.703,StackHL,StackHL_b56_lp10_r1_pr2_lay10_m10,COMPLETED,"Action logic completed successfully",225239.74
4340,2026-07-01 12:24:32.707,StackHL,StackHL_b56_lp10_r1_pr2_lay10_m10,COMPLETED,"Effects applied on exit",225243.50
4341,2026-07-01 12:24:32.855,PickUpHL,PickUpHL_b60_fp80_r1,STARTED,"HL subtree tick: FF_Default_DynamicFlow_PickUpHL_b60_fp80_r1; DeltaTime: 0.100",225391.36
4342,2026-07-01 12:24:33.300,TravelML,TravelML_r1_pr2_fp80,STARTED,"ML action execution; DeltaTime: 0.100",225836.01
4343,2026-07-01 12:24:33.300,TravelML,TravelML_r1_pr2_fp80,STARTED,"DeltaTime: 0.100",225836.02
4344,2026-07-01 12:24:33.300,TravelML,TravelML_r1_pr2_fp80,COMPLETED,"Action logic completed successfully",225836.02
4345,2026-07-01 12:24:33.304,TravelML,TravelML_r1_pr2_fp80,COMPLETED,"Effects applied on exit",225840.07
4346,2026-07-01 12:24:33.431,PickUpHL,PickUpHL_b60_fp80_r1,STARTED,"HL subtree tick: FF_Default_DynamicFlow_PickUpHL_b60_fp80_r1; DeltaTime: 0.100",225966.95
4347,2026-07-01 12:24:33.432,PickUpML,PickUpML_b60_fp80_r1_vg1,STARTED,"ML action execution; DeltaTime: 0.100",225968.05
4348,2026-07-01 12:24:33.432,PickUpML,PickUpML_b60_fp80_r1_vg1,STARTED,"DeltaTime: 0.100",225968.06
4349,2026-07-01 12:24:33.432,PickUpML,PickUpML_b60_fp80_r1_vg1,COMPLETED,"Action logic completed successfully",225968.07
4350,2026-07-01 12:24:33.436,PickUpML,PickUpML_b60_fp80_r1_vg1,COMPLETED,"Effects applied on exit",225972.61
4351,2026-07-01 12:24:33.572,PickUpHL,PickUpHL_b60_fp80_r1,STARTED,"HL subtree tick: FF_Default_DynamicFlow_PickUpHL_b60_fp80_r1; DeltaTime: 0.100",226108.52
4352,2026-07-01 12:24:33.573,PickUpHL,PickUpHL_b60_fp80_r1,COMPLETED,"Subtree execution completed successfully",226108.92
4353,2026-07-01 12:24:33.573,PickUpHL,PickUpHL_b60_fp80_r1,STARTED,"DeltaTime: 0.100",226108.93
4354,2026-07-01 12:24:33.573,PickUpHL,PickUpHL_b60_fp80_r1,COMPLETED,"Action logic completed successfully",226108.94
4355,2026-07-01 12:24:33.576,PickUpHL,PickUpHL_b60_fp80_r1,COMPLETED,"Effects applied on exit",226112.41
4356,2026-07-01 12:24:33.728,StackHL,StackHL_b60_lp10_r1_pr2_lay10_m10,STARTED,"HL subtree tick: FF_Default_DynamicFlow_StackHL_b60_lp10_r1_pr2_lay10_m10; DeltaTime: 0.100",226264.17
4357,2026-07-01 12:24:34.096,TravelML,TravelML_r1_fp80_pr2,STARTED,"ML action execution; DeltaTime: 0.100",226632.40
4358,2026-07-01 12:24:34.096,TravelML,TravelML_r1_fp80_pr2,STARTED,"DeltaTime: 0.100",226632.41
4359,2026-07-01 12:24:34.096,TravelML,TravelML_r1_fp80_pr2,COMPLETED,"Action logic completed successfully",226632.42
4360,2026-07-01 12:24:34.100,TravelML,TravelML_r1_fp80_pr2,COMPLETED,"Effects applied on exit",226636.61
4361,2026-07-01 12:24:34.239,StackHL,StackHL_b60_lp10_r1_pr2_lay10_m10,STARTED,"HL subtree tick: FF_Default_DynamicFlow_StackHL_b60_lp10_r1_pr2_lay10_m10; DeltaTime: 0.100",226775.45
4362,2026-07-01 12:24:34.241,StackML,StackML_b60_lp10_r1_vg1_pr2,STARTED,"ML action execution; DeltaTime: 0.100",226777.27
4363,2026-07-01 12:24:34.241,StackML,StackML_b60_lp10_r1_vg1_pr2,STARTED,"DeltaTime: 0.100",226777.28
4364,2026-07-01 12:24:34.241,StackML,StackML_b60_lp10_r1_vg1_pr2,COMPLETED,"Action logic completed successfully",226777.29
4365,2026-07-01 12:24:34.249,StackML,StackML_b60_lp10_r1_vg1_pr2,COMPLETED,"Effects applied on exit",226785.47
4366,2026-07-01 12:24:34.382,StackHL,StackHL_b60_lp10_r1_pr2_lay10_m10,STARTED,"HL subtree tick: FF_Default_DynamicFlow_StackHL_b60_lp10_r1_pr2_lay10_m10; DeltaTime: 0.100",226918.40
4367,2026-07-01 12:24:34.382,StackHL,StackHL_b60_lp10_r1_pr2_lay10_m10,COMPLETED,"Subtree execution completed successfully",226918.75
4368,2026-07-01 12:24:34.382,StackHL,StackHL_b60_lp10_r1_pr2_lay10_m10,STARTED,"DeltaTime: 0.100",226918.76
4369,2026-07-01 12:24:34.382,StackHL,StackHL_b60_lp10_r1_pr2_lay10_m10,COMPLETED,"Action logic completed successfully",226918.77
4370,2026-07-01 12:24:34.386,StackHL,StackHL_b60_lp10_r1_pr2_lay10_m10,COMPLETED,"Effects applied on exit",226922.15
4371,2026-07-01 12:24:34.536,PickUpHL,PickUpHL_b58_fp78_r1,STARTED,"HL subtree tick: FF_Default_DynamicFlow_PickUpHL_b58_fp78_r1; DeltaTime: 0.100",227072.76
4372,2026-07-01 12:24:34.874,TravelML,TravelML_r1_pr2_fp78,STARTED,"ML action execution; DeltaTime: 0.100",227409.99
4373,2026-07-01 12:24:34.874,TravelML,TravelML_r1_pr2_fp78,STARTED,"DeltaTime: 0.100",227410.00
4374,2026-07-01 12:24:34.874,TravelML,TravelML_r1_pr2_fp78,COMPLETED,"Action logic completed successfully",227410.01
4375,2026-07-01 12:24:34.877,TravelML,TravelML_r1_pr2_fp78,COMPLETED,"Effects applied on exit",227413.54
4376,2026-07-01 12:24:35.018,PickUpHL,PickUpHL_b58_fp78_r1,STARTED,"HL subtree tick: FF_Default_DynamicFlow_PickUpHL_b58_fp78_r1; DeltaTime: 0.100",227554.59
4377,2026-07-01 12:24:35.019,PickUpML,PickUpML_b58_fp78_r1_vg1,STARTED,"ML action execution; DeltaTime: 0.100",227555.77
4378,2026-07-01 12:24:35.019,PickUpML,PickUpML_b58_fp78_r1_vg1,STARTED,"DeltaTime: 0.100",227555.78
4379,2026-07-01 12:24:35.019,PickUpML,PickUpML_b58_fp78_r1_vg1,COMPLETED,"Action logic completed successfully",227555.79
4380,2026-07-01 12:24:35.024,PickUpML,PickUpML_b58_fp78_r1_vg1,COMPLETED,"Effects applied on exit",227560.89
4381,2026-07-01 12:24:35.158,PickUpHL,PickUpHL_b58_fp78_r1,STARTED,"HL subtree tick: FF_Default_DynamicFlow_PickUpHL_b58_fp78_r1; DeltaTime: 0.100",227694.29
4382,2026-07-01 12:24:35.158,PickUpHL,PickUpHL_b58_fp78_r1,COMPLETED,"Subtree execution completed successfully",227694.68
4383,2026-07-01 12:24:35.158,PickUpHL,PickUpHL_b58_fp78_r1,STARTED,"DeltaTime: 0.100",227694.69
4384,2026-07-01 12:24:35.158,PickUpHL,PickUpHL_b58_fp78_r1,COMPLETED,"Action logic completed successfully",227694.69
4385,2026-07-01 12:24:35.162,PickUpHL,PickUpHL_b58_fp78_r1,COMPLETED,"Effects applied on exit",227697.93
4386,2026-07-01 12:24:35.309,StackHL,StackHL_b58_lp10_r1_pr2_lay10_m10,STARTED,"HL subtree tick: FF_Default_DynamicFlow_StackHL_b58_lp10_r1_pr2_lay10_m10; DeltaTime: 0.100",227845.75
4387,2026-07-01 12:24:35.653,TravelML,TravelML_r1_fp78_pr2,STARTED,"ML action execution; DeltaTime: 0.100",228189.58
4388,2026-07-01 12:24:35.653,TravelML,TravelML_r1_fp78_pr2,STARTED,"DeltaTime: 0.100",228189.59
4389,2026-07-01 12:24:35.653,TravelML,TravelML_r1_fp78_pr2,COMPLETED,"Action logic completed successfully",228189.60
4390,2026-07-01 12:24:35.657,TravelML,TravelML_r1_fp78_pr2,COMPLETED,"Effects applied on exit",228193.13
4391,2026-07-01 12:24:35.789,StackHL,StackHL_b58_lp10_r1_pr2_lay10_m10,STARTED,"HL subtree tick: FF_Default_DynamicFlow_StackHL_b58_lp10_r1_pr2_lay10_m10; DeltaTime: 0.100",228325.78
4392,2026-07-01 12:24:35.791,StackML,StackML_b58_lp10_r1_vg1_pr2,STARTED,"ML action execution; DeltaTime: 0.100",228327.32
4393,2026-07-01 12:24:35.791,StackML,StackML_b58_lp10_r1_vg1_pr2,STARTED,"DeltaTime: 0.100",228327.34
4394,2026-07-01 12:24:35.791,StackML,StackML_b58_lp10_r1_vg1_pr2,COMPLETED,"Action logic completed successfully",228327.34
4395,2026-07-01 12:24:35.797,StackML,StackML_b58_lp10_r1_vg1_pr2,COMPLETED,"Effects applied on exit",228333.44
4396,2026-07-01 12:24:35.934,StackHL,StackHL_b58_lp10_r1_pr2_lay10_m10,STARTED,"HL subtree tick: FF_Default_DynamicFlow_StackHL_b58_lp10_r1_pr2_lay10_m10; DeltaTime: 0.100",228470.73
4397,2026-07-01 12:24:35.935,StackHL,StackHL_b58_lp10_r1_pr2_lay10_m10,COMPLETED,"Subtree execution completed successfully",228471.09
4398,2026-07-01 12:24:35.935,StackHL,StackHL_b58_lp10_r1_pr2_lay10_m10,STARTED,"DeltaTime: 0.100",228471.10
4399,2026-07-01 12:24:35.935,StackHL,StackHL_b58_lp10_r1_pr2_lay10_m10,COMPLETED,"Action logic completed successfully",228471.10
4400,2026-07-01 12:24:35.938,StackHL,StackHL_b58_lp10_r1_pr2_lay10_m10,COMPLETED,"Effects applied on exit",228474.36
4401,2026-07-01 12:24:36.068,PickUpHL,PickUpHL_b57_fp76_r1,STARTED,"HL subtree tick: FF_Default_DynamicFlow_PickUpHL_b57_fp76_r1; DeltaTime: 0.100",228604.55
4402,2026-07-01 12:24:36.399,TravelML,TravelML_r1_pr2_fp76,STARTED,"ML action execution; DeltaTime: 0.100",228935.31
4403,2026-07-01 12:24:36.399,TravelML,TravelML_r1_pr2_fp76,STARTED,"DeltaTime: 0.100",228935.33
4404,2026-07-01 12:24:36.399,TravelML,TravelML_r1_pr2_fp76,COMPLETED,"Action logic completed successfully",228935.33
4405,2026-07-01 12:24:36.403,TravelML,TravelML_r1_pr2_fp76,COMPLETED,"Effects applied on exit",228939.10
4406,2026-07-01 12:24:36.538,PickUpHL,PickUpHL_b57_fp76_r1,STARTED,"HL subtree tick: FF_Default_DynamicFlow_PickUpHL_b57_fp76_r1; DeltaTime: 0.100",229074.57
4407,2026-07-01 12:24:36.540,PickUpML,PickUpML_b57_fp76_r1_vg1,STARTED,"ML action execution; DeltaTime: 0.100",229076.72
4408,2026-07-01 12:24:36.540,PickUpML,PickUpML_b57_fp76_r1_vg1,STARTED,"DeltaTime: 0.100",229076.74
4409,2026-07-01 12:24:36.540,PickUpML,PickUpML_b57_fp76_r1_vg1,COMPLETED,"Action logic completed successfully",229076.75
4410,2026-07-01 12:24:36.546,PickUpML,PickUpML_b57_fp76_r1_vg1,COMPLETED,"Effects applied on exit",229082.69
4411,2026-07-01 12:24:36.676,PickUpHL,PickUpHL_b57_fp76_r1,STARTED,"HL subtree tick: FF_Default_DynamicFlow_PickUpHL_b57_fp76_r1; DeltaTime: 0.100",229212.44
4412,2026-07-01 12:24:36.676,PickUpHL,PickUpHL_b57_fp76_r1,COMPLETED,"Subtree execution completed successfully",229212.81
4413,2026-07-01 12:24:36.676,PickUpHL,PickUpHL_b57_fp76_r1,STARTED,"DeltaTime: 0.100",229212.82
4414,2026-07-01 12:24:36.676,PickUpHL,PickUpHL_b57_fp76_r1,COMPLETED,"Action logic completed successfully",229212.83
4415,2026-07-01 12:24:36.680,PickUpHL,PickUpHL_b57_fp76_r1,COMPLETED,"Effects applied on exit",229216.16
4416,2026-07-01 12:24:36.825,StackHL,StackHL_b57_lp10_r1_pr2_lay10_m10,STARTED,"HL subtree tick: FF_Default_DynamicFlow_StackHL_b57_lp10_r1_pr2_lay10_m10; DeltaTime: 0.100",229361.06
4417,2026-07-01 12:24:37.179,TravelML,TravelML_r1_fp76_pr2,STARTED,"ML action execution; DeltaTime: 0.100",229715.55
4418,2026-07-01 12:24:37.179,TravelML,TravelML_r1_fp76_pr2,STARTED,"DeltaTime: 0.100",229715.57
4419,2026-07-01 12:24:37.179,TravelML,TravelML_r1_fp76_pr2,COMPLETED,"Action logic completed successfully",229715.57
4420,2026-07-01 12:24:37.184,TravelML,TravelML_r1_fp76_pr2,COMPLETED,"Effects applied on exit",229720.03
4421,2026-07-01 12:24:37.323,StackHL,StackHL_b57_lp10_r1_pr2_lay10_m10,STARTED,"HL subtree tick: FF_Default_DynamicFlow_StackHL_b57_lp10_r1_pr2_lay10_m10; DeltaTime: 0.100",229859.84
4422,2026-07-01 12:24:37.325,StackML,StackML_b57_lp10_r1_vg1_pr2,STARTED,"ML action execution; DeltaTime: 0.100",229861.22
4423,2026-07-01 12:24:37.325,StackML,StackML_b57_lp10_r1_vg1_pr2,STARTED,"DeltaTime: 0.100",229861.23
4424,2026-07-01 12:24:37.325,StackML,StackML_b57_lp10_r1_vg1_pr2,COMPLETED,"Action logic completed successfully",229861.24
4425,2026-07-01 12:24:37.331,StackML,StackML_b57_lp10_r1_vg1_pr2,COMPLETED,"Effects applied on exit",229867.03
4426,2026-07-01 12:24:37.467,StackHL,StackHL_b57_lp10_r1_pr2_lay10_m10,STARTED,"HL subtree tick: FF_Default_DynamicFlow_StackHL_b57_lp10_r1_pr2_lay10_m10; DeltaTime: 0.100",230003.67
4427,2026-07-01 12:24:37.468,StackHL,StackHL_b57_lp10_r1_pr2_lay10_m10,COMPLETED,"Subtree execution completed successfully",230004.44
4428,2026-07-01 12:24:37.468,StackHL,StackHL_b57_lp10_r1_pr2_lay10_m10,STARTED,"DeltaTime: 0.100",230004.45
4429,2026-07-01 12:24:37.468,StackHL,StackHL_b57_lp10_r1_pr2_lay10_m10,COMPLETED,"Action logic completed successfully",230004.45
4430,2026-07-01 12:24:37.472,StackHL,StackHL_b57_lp10_r1_pr2_lay10_m10,COMPLETED,"Effects applied on exit",230007.91
4431,2026-07-01 12:24:37.620,PickUpHL,PickUpHL_b59_fp79_r1,STARTED,"HL subtree tick: FF_Default_DynamicFlow_PickUpHL_b59_fp79_r1; DeltaTime: 0.100",230156.35
4432,2026-07-01 12:24:37.953,TravelML,TravelML_r1_pr2_fp79,STARTED,"ML action execution; DeltaTime: 0.100",230489.43
4433,2026-07-01 12:24:37.953,TravelML,TravelML_r1_pr2_fp79,STARTED,"DeltaTime: 0.100",230489.45
4434,2026-07-01 12:24:37.953,TravelML,TravelML_r1_pr2_fp79,COMPLETED,"Action logic completed successfully",230489.45
4435,2026-07-01 12:24:37.957,TravelML,TravelML_r1_pr2_fp79,COMPLETED,"Effects applied on exit",230493.68
4436,2026-07-01 12:24:38.087,PickUpHL,PickUpHL_b59_fp79_r1,STARTED,"HL subtree tick: FF_Default_DynamicFlow_PickUpHL_b59_fp79_r1; DeltaTime: 0.100",230623.33
4437,2026-07-01 12:24:38.088,PickUpML,PickUpML_b59_fp79_r1_vg1,STARTED,"ML action execution; DeltaTime: 0.100",230624.48
4438,2026-07-01 12:24:38.088,PickUpML,PickUpML_b59_fp79_r1_vg1,STARTED,"DeltaTime: 0.100",230624.50
4439,2026-07-01 12:24:38.088,PickUpML,PickUpML_b59_fp79_r1_vg1,COMPLETED,"Action logic completed successfully",230624.51
4440,2026-07-01 12:24:38.093,PickUpML,PickUpML_b59_fp79_r1_vg1,COMPLETED,"Effects applied on exit",230629.42
4441,2026-07-01 12:24:38.231,PickUpHL,PickUpHL_b59_fp79_r1,STARTED,"HL subtree tick: FF_Default_DynamicFlow_PickUpHL_b59_fp79_r1; DeltaTime: 0.100",230767.87
4442,2026-07-01 12:24:38.232,PickUpHL,PickUpHL_b59_fp79_r1,COMPLETED,"Subtree execution completed successfully",230768.28
4443,2026-07-01 12:24:38.232,PickUpHL,PickUpHL_b59_fp79_r1,STARTED,"DeltaTime: 0.100",230768.29
4444,2026-07-01 12:24:38.232,PickUpHL,PickUpHL_b59_fp79_r1,COMPLETED,"Action logic completed successfully",230768.29
4445,2026-07-01 12:24:38.235,PickUpHL,PickUpHL_b59_fp79_r1,COMPLETED,"Effects applied on exit",230771.73
4446,2026-07-01 12:24:38.378,StackHL,StackHL_b59_lp10_r1_pr2_lay10_m10,STARTED,"HL subtree tick: FF_Default_DynamicFlow_StackHL_b59_lp10_r1_pr2_lay10_m10; DeltaTime: 0.100",230914.54
4447,2026-07-01 12:24:38.695,TravelML,TravelML_r1_fp79_pr2,STARTED,"ML action execution; DeltaTime: 0.100",231231.81
4448,2026-07-01 12:24:38.695,TravelML,TravelML_r1_fp79_pr2,STARTED,"DeltaTime: 0.100",231231.82
4449,2026-07-01 12:24:38.695,TravelML,TravelML_r1_fp79_pr2,COMPLETED,"Action logic completed successfully",231231.83
4450,2026-07-01 12:24:38.699,TravelML,TravelML_r1_fp79_pr2,COMPLETED,"Effects applied on exit",231235.81
4451,2026-07-01 12:24:38.839,StackHL,StackHL_b59_lp10_r1_pr2_lay10_m10,STARTED,"HL subtree tick: FF_Default_DynamicFlow_StackHL_b59_lp10_r1_pr2_lay10_m10; DeltaTime: 0.100",231375.43
4452,2026-07-01 12:24:38.840,StackML,StackML_b59_lp10_r1_vg1_pr2,STARTED,"ML action execution; DeltaTime: 0.100",231376.90
4453,2026-07-01 12:24:38.841,StackML,StackML_b59_lp10_r1_vg1_pr2,STARTED,"DeltaTime: 0.100",231376.91
4454,2026-07-01 12:24:38.841,StackML,StackML_b59_lp10_r1_vg1_pr2,COMPLETED,"Action logic completed successfully",231376.95
4455,2026-07-01 12:24:38.846,StackML,StackML_b59_lp10_r1_vg1_pr2,COMPLETED,"Effects applied on exit",231382.70
4456,2026-07-01 12:24:38.974,StackHL,StackHL_b59_lp10_r1_pr2_lay10_m10,STARTED,"HL subtree tick: FF_Default_DynamicFlow_StackHL_b59_lp10_r1_pr2_lay10_m10; DeltaTime: 0.100",231510.08
4457,2026-07-01 12:24:38.974,StackHL,StackHL_b59_lp10_r1_pr2_lay10_m10,COMPLETED,"Subtree execution completed successfully",231510.49
4458,2026-07-01 12:24:38.974,StackHL,StackHL_b59_lp10_r1_pr2_lay10_m10,STARTED,"DeltaTime: 0.100",231510.50
4459,2026-07-01 12:24:38.974,StackHL,StackHL_b59_lp10_r1_pr2_lay10_m10,COMPLETED,"Action logic completed successfully",231510.50
4460,2026-07-01 12:24:38.978,StackHL,StackHL_b59_lp10_r1_pr2_lay10_m10,COMPLETED,"Effects applied on exit",231514.44
4461,2026-07-01 12:24:39.120,PickUpHL,PickUpHL_b61_fp82_r1,STARTED,"HL subtree tick: FF_Default_DynamicFlow_PickUpHL_b61_fp82_r1; DeltaTime: 0.100",231656.53
4462,2026-07-01 12:24:39.463,TravelML,TravelML_r1_pr2_fp82,STARTED,"ML action execution; DeltaTime: 0.100",231999.05
4463,2026-07-01 12:24:39.463,TravelML,TravelML_r1_pr2_fp82,STARTED,"DeltaTime: 0.100",231999.07
4464,2026-07-01 12:24:39.463,TravelML,TravelML_r1_pr2_fp82,COMPLETED,"Action logic completed successfully",231999.08
4465,2026-07-01 12:24:39.467,TravelML,TravelML_r1_pr2_fp82,COMPLETED,"Effects applied on exit",232002.98
4466,2026-07-01 12:24:39.604,PickUpHL,PickUpHL_b61_fp82_r1,STARTED,"HL subtree tick: FF_Default_DynamicFlow_PickUpHL_b61_fp82_r1; DeltaTime: 0.100",232140.74
4467,2026-07-01 12:24:39.609,PickUpML,PickUpML_b61_fp82_r1_vg1,STARTED,"ML action execution; DeltaTime: 0.100",232145.07
4468,2026-07-01 12:24:39.609,PickUpML,PickUpML_b61_fp82_r1_vg1,STARTED,"DeltaTime: 0.100",232145.11
4469,2026-07-01 12:24:39.609,PickUpML,PickUpML_b61_fp82_r1_vg1,COMPLETED,"Action logic completed successfully",232145.13
4470,2026-07-01 12:24:39.615,PickUpML,PickUpML_b61_fp82_r1_vg1,COMPLETED,"Effects applied on exit",232151.55
4471,2026-07-01 12:24:39.753,PickUpHL,PickUpHL_b61_fp82_r1,STARTED,"HL subtree tick: FF_Default_DynamicFlow_PickUpHL_b61_fp82_r1; DeltaTime: 0.100",232289.69
4472,2026-07-01 12:24:39.754,PickUpHL,PickUpHL_b61_fp82_r1,COMPLETED,"Subtree execution completed successfully",232290.14
4473,2026-07-01 12:24:39.754,PickUpHL,PickUpHL_b61_fp82_r1,STARTED,"DeltaTime: 0.100",232290.14
4474,2026-07-01 12:24:39.754,PickUpHL,PickUpHL_b61_fp82_r1,COMPLETED,"Action logic completed successfully",232290.15
4475,2026-07-01 12:24:39.757,PickUpHL,PickUpHL_b61_fp82_r1,COMPLETED,"Effects applied on exit",232293.77
4476,2026-07-01 12:24:39.908,StackHL,StackHL_b61_lp11_r1_pr3_lay11_m11,STARTED,"HL subtree tick: FF_Default_DynamicFlow_StackHL_b61_lp11_r1_pr3_lay11_m11; DeltaTime: 0.100",232443.91
4477,2026-07-01 12:24:40.266,TravelML,TravelML_r1_fp82_pr3,STARTED,"ML action execution; DeltaTime: 0.100",232802.73
4478,2026-07-01 12:24:40.266,TravelML,TravelML_r1_fp82_pr3,STARTED,"DeltaTime: 0.100",232802.75
4479,2026-07-01 12:24:40.266,TravelML,TravelML_r1_fp82_pr3,COMPLETED,"Action logic completed successfully",232802.75
4480,2026-07-01 12:24:40.270,TravelML,TravelML_r1_fp82_pr3,COMPLETED,"Effects applied on exit",232806.88
4481,2026-07-01 12:24:40.404,StackHL,StackHL_b61_lp11_r1_pr3_lay11_m11,STARTED,"HL subtree tick: FF_Default_DynamicFlow_StackHL_b61_lp11_r1_pr3_lay11_m11; DeltaTime: 0.100",232940.74
4482,2026-07-01 12:24:40.406,StackML,StackML_b61_lp11_r1_vg1_pr3,STARTED,"ML action execution; DeltaTime: 0.100",232942.65
4483,2026-07-01 12:24:40.406,StackML,StackML_b61_lp11_r1_vg1_pr3,STARTED,"DeltaTime: 0.100",232942.66
4484,2026-07-01 12:24:40.406,StackML,StackML_b61_lp11_r1_vg1_pr3,COMPLETED,"Action logic completed successfully",232942.67
4485,2026-07-01 12:24:40.413,StackML,StackML_b61_lp11_r1_vg1_pr3,COMPLETED,"Effects applied on exit",232948.94
4486,2026-07-01 12:24:40.542,StackHL,StackHL_b61_lp11_r1_pr3_lay11_m11,STARTED,"HL subtree tick: FF_Default_DynamicFlow_StackHL_b61_lp11_r1_pr3_lay11_m11; DeltaTime: 0.100",233078.27
4487,2026-07-01 12:24:40.542,StackHL,StackHL_b61_lp11_r1_pr3_lay11_m11,COMPLETED,"Subtree execution completed successfully",233078.65
4488,2026-07-01 12:24:40.542,StackHL,StackHL_b61_lp11_r1_pr3_lay11_m11,STARTED,"DeltaTime: 0.100",233078.66
4489,2026-07-01 12:24:40.542,StackHL,StackHL_b61_lp11_r1_pr3_lay11_m11,COMPLETED,"Action logic completed successfully",233078.66
4490,2026-07-01 12:24:40.546,StackHL,StackHL_b61_lp11_r1_pr3_lay11_m11,COMPLETED,"Effects applied on exit",233082.21
4491,2026-07-01 12:24:40.691,PickUpHL,PickUpHL_b62_fp83_r1,STARTED,"HL subtree tick: FF_Default_DynamicFlow_PickUpHL_b62_fp83_r1; DeltaTime: 0.100",233227.84
4492,2026-07-01 12:24:41.051,TravelML,TravelML_r1_pr3_fp83,STARTED,"ML action execution; DeltaTime: 0.100",233587.81
4493,2026-07-01 12:24:41.051,TravelML,TravelML_r1_pr3_fp83,STARTED,"DeltaTime: 0.100",233587.83
4494,2026-07-01 12:24:41.051,TravelML,TravelML_r1_pr3_fp83,COMPLETED,"Action logic completed successfully",233587.84
4495,2026-07-01 12:24:41.056,TravelML,TravelML_r1_pr3_fp83,COMPLETED,"Effects applied on exit",233592.06
4496,2026-07-01 12:24:41.192,PickUpHL,PickUpHL_b62_fp83_r1,STARTED,"HL subtree tick: FF_Default_DynamicFlow_PickUpHL_b62_fp83_r1; DeltaTime: 0.100",233728.22
4497,2026-07-01 12:24:41.194,PickUpML,PickUpML_b62_fp83_r1_vg1,STARTED,"ML action execution; DeltaTime: 0.100",233729.92
4498,2026-07-01 12:24:41.194,PickUpML,PickUpML_b62_fp83_r1_vg1,STARTED,"DeltaTime: 0.100",233729.94
4499,2026-07-01 12:24:41.194,PickUpML,PickUpML_b62_fp83_r1_vg1,COMPLETED,"Action logic completed successfully",233729.94
4500,2026-07-01 12:24:41.198,PickUpML,PickUpML_b62_fp83_r1_vg1,COMPLETED,"Effects applied on exit",233734.48
4501,2026-07-01 12:24:41.336,PickUpHL,PickUpHL_b62_fp83_r1,STARTED,"HL subtree tick: FF_Default_DynamicFlow_PickUpHL_b62_fp83_r1; DeltaTime: 0.100",233872.16
4502,2026-07-01 12:24:41.337,PickUpHL,PickUpHL_b62_fp83_r1,COMPLETED,"Subtree execution completed successfully",233873.40
4503,2026-07-01 12:24:41.337,PickUpHL,PickUpHL_b62_fp83_r1,STARTED,"DeltaTime: 0.100",233873.43
4504,2026-07-01 12:24:41.337,PickUpHL,PickUpHL_b62_fp83_r1,COMPLETED,"Action logic completed successfully",233873.45
4505,2026-07-01 12:24:41.345,PickUpHL,PickUpHL_b62_fp83_r1,COMPLETED,"Effects applied on exit",233881.22
4506,2026-07-01 12:24:41.494,StackHL,StackHL_b62_lp11_r1_pr3_lay11_m11,STARTED,"HL subtree tick: FF_Default_DynamicFlow_StackHL_b62_lp11_r1_pr3_lay11_m11; DeltaTime: 0.100",234030.81
4507,2026-07-01 12:24:41.836,TravelML,TravelML_r1_fp83_pr3,STARTED,"ML action execution; DeltaTime: 0.100",234372.71
4508,2026-07-01 12:24:41.836,TravelML,TravelML_r1_fp83_pr3,STARTED,"DeltaTime: 0.100",234372.73
4509,2026-07-01 12:24:41.836,TravelML,TravelML_r1_fp83_pr3,COMPLETED,"Action logic completed successfully",234372.73
4510,2026-07-01 12:24:41.840,TravelML,TravelML_r1_fp83_pr3,COMPLETED,"Effects applied on exit",234376.75
4511,2026-07-01 12:24:41.976,StackHL,StackHL_b62_lp11_r1_pr3_lay11_m11,STARTED,"HL subtree tick: FF_Default_DynamicFlow_StackHL_b62_lp11_r1_pr3_lay11_m11; DeltaTime: 0.100",234512.29
4512,2026-07-01 12:24:41.977,StackML,StackML_b62_lp11_r1_vg1_pr3,STARTED,"ML action execution; DeltaTime: 0.100",234513.69
4513,2026-07-01 12:24:41.977,StackML,StackML_b62_lp11_r1_vg1_pr3,STARTED,"DeltaTime: 0.100",234513.70
4514,2026-07-01 12:24:41.977,StackML,StackML_b62_lp11_r1_vg1_pr3,COMPLETED,"Action logic completed successfully",234513.71
4515,2026-07-01 12:24:41.985,StackML,StackML_b62_lp11_r1_vg1_pr3,COMPLETED,"Effects applied on exit",234521.18
4516,2026-07-01 12:24:42.115,StackHL,StackHL_b62_lp11_r1_pr3_lay11_m11,STARTED,"HL subtree tick: FF_Default_DynamicFlow_StackHL_b62_lp11_r1_pr3_lay11_m11; DeltaTime: 0.100",234651.27
4517,2026-07-01 12:24:42.115,StackHL,StackHL_b62_lp11_r1_pr3_lay11_m11,COMPLETED,"Subtree execution completed successfully",234651.68
4518,2026-07-01 12:24:42.115,StackHL,StackHL_b62_lp11_r1_pr3_lay11_m11,STARTED,"DeltaTime: 0.100",234651.68
4519,2026-07-01 12:24:42.115,StackHL,StackHL_b62_lp11_r1_pr3_lay11_m11,COMPLETED,"Action logic completed successfully",234651.70
4520,2026-07-01 12:24:42.119,StackHL,StackHL_b62_lp11_r1_pr3_lay11_m11,COMPLETED,"Effects applied on exit",234655.54
4521,2026-07-01 12:24:42.266,PickUpHL,PickUpHL_b66_fp88_r1,STARTED,"HL subtree tick: FF_Default_DynamicFlow_PickUpHL_b66_fp88_r1; DeltaTime: 0.100",234802.40
4522,2026-07-01 12:24:42.648,TravelML,TravelML_r1_pr3_fp88,STARTED,"ML action execution; DeltaTime: 0.100",235184.86
4523,2026-07-01 12:24:42.648,TravelML,TravelML_r1_pr3_fp88,STARTED,"DeltaTime: 0.100",235184.87
4524,2026-07-01 12:24:42.648,TravelML,TravelML_r1_pr3_fp88,COMPLETED,"Action logic completed successfully",235184.88
4525,2026-07-01 12:24:42.653,TravelML,TravelML_r1_pr3_fp88,COMPLETED,"Effects applied on exit",235189.44
4526,2026-07-01 12:24:42.793,PickUpHL,PickUpHL_b66_fp88_r1,STARTED,"HL subtree tick: FF_Default_DynamicFlow_PickUpHL_b66_fp88_r1; DeltaTime: 0.100",235329.06
4527,2026-07-01 12:24:42.794,PickUpML,PickUpML_b66_fp88_r1_vg1,STARTED,"ML action execution; DeltaTime: 0.100",235330.15
4528,2026-07-01 12:24:42.794,PickUpML,PickUpML_b66_fp88_r1_vg1,STARTED,"DeltaTime: 0.100",235330.16
4529,2026-07-01 12:24:42.794,PickUpML,PickUpML_b66_fp88_r1_vg1,COMPLETED,"Action logic completed successfully",235330.17
4530,2026-07-01 12:24:42.798,PickUpML,PickUpML_b66_fp88_r1_vg1,COMPLETED,"Effects applied on exit",235334.61
4531,2026-07-01 12:24:42.934,PickUpHL,PickUpHL_b66_fp88_r1,STARTED,"HL subtree tick: FF_Default_DynamicFlow_PickUpHL_b66_fp88_r1; DeltaTime: 0.100",235470.21
4532,2026-07-01 12:24:42.934,PickUpHL,PickUpHL_b66_fp88_r1,COMPLETED,"Subtree execution completed successfully",235470.78
4533,2026-07-01 12:24:42.934,PickUpHL,PickUpHL_b66_fp88_r1,STARTED,"DeltaTime: 0.100",235470.79
4534,2026-07-01 12:24:42.934,PickUpHL,PickUpHL_b66_fp88_r1,COMPLETED,"Action logic completed successfully",235470.79
4535,2026-07-01 12:24:42.940,PickUpHL,PickUpHL_b66_fp88_r1,COMPLETED,"Effects applied on exit",235476.23
4536,2026-07-01 12:24:43.082,StackHL,StackHL_b66_lp11_r1_pr3_lay11_m11,STARTED,"HL subtree tick: FF_Default_DynamicFlow_StackHL_b66_lp11_r1_pr3_lay11_m11; DeltaTime: 0.100",235618.54
4537,2026-07-01 12:24:43.422,TravelML,TravelML_r1_fp88_pr3,STARTED,"ML action execution; DeltaTime: 0.100",235958.52
4538,2026-07-01 12:24:43.422,TravelML,TravelML_r1_fp88_pr3,STARTED,"DeltaTime: 0.100",235958.54
4539,2026-07-01 12:24:43.422,TravelML,TravelML_r1_fp88_pr3,COMPLETED,"Action logic completed successfully",235958.54
4540,2026-07-01 12:24:43.426,TravelML,TravelML_r1_fp88_pr3,COMPLETED,"Effects applied on exit",235962.81
4541,2026-07-01 12:24:43.560,StackHL,StackHL_b66_lp11_r1_pr3_lay11_m11,STARTED,"HL subtree tick: FF_Default_DynamicFlow_StackHL_b66_lp11_r1_pr3_lay11_m11; DeltaTime: 0.100",236096.09
4542,2026-07-01 12:24:43.562,StackML,StackML_b66_lp11_r1_vg1_pr3,STARTED,"ML action execution; DeltaTime: 0.100",236098.13
4543,2026-07-01 12:24:43.562,StackML,StackML_b66_lp11_r1_vg1_pr3,STARTED,"DeltaTime: 0.100",236098.14
4544,2026-07-01 12:24:43.562,StackML,StackML_b66_lp11_r1_vg1_pr3,COMPLETED,"Action logic completed successfully",236098.15
4545,2026-07-01 12:24:43.568,StackML,StackML_b66_lp11_r1_vg1_pr3,COMPLETED,"Effects applied on exit",236104.28
4546,2026-07-01 12:24:43.702,StackHL,StackHL_b66_lp11_r1_pr3_lay11_m11,STARTED,"HL subtree tick: FF_Default_DynamicFlow_StackHL_b66_lp11_r1_pr3_lay11_m11; DeltaTime: 0.100",236238.43
4547,2026-07-01 12:24:43.702,StackHL,StackHL_b66_lp11_r1_pr3_lay11_m11,COMPLETED,"Subtree execution completed successfully",236238.80
4548,2026-07-01 12:24:43.702,StackHL,StackHL_b66_lp11_r1_pr3_lay11_m11,STARTED,"DeltaTime: 0.100",236238.81
4549,2026-07-01 12:24:43.702,StackHL,StackHL_b66_lp11_r1_pr3_lay11_m11,COMPLETED,"Action logic completed successfully",236238.82
4550,2026-07-01 12:24:43.706,StackHL,StackHL_b66_lp11_r1_pr3_lay11_m11,COMPLETED,"Effects applied on exit",236242.41
4551,2026-07-01 12:24:43.850,PickUpHL,PickUpHL_b64_fp86_r1,STARTED,"HL subtree tick: FF_Default_DynamicFlow_PickUpHL_b64_fp86_r1; DeltaTime: 0.100",236386.43
4552,2026-07-01 12:24:44.208,TravelML,TravelML_r1_pr3_fp86,STARTED,"ML action execution; DeltaTime: 0.100",236744.57
4553,2026-07-01 12:24:44.208,TravelML,TravelML_r1_pr3_fp86,STARTED,"DeltaTime: 0.100",236744.59
4554,2026-07-01 12:24:44.208,TravelML,TravelML_r1_pr3_fp86,COMPLETED,"Action logic completed successfully",236744.60
4555,2026-07-01 12:24:44.213,TravelML,TravelML_r1_pr3_fp86,COMPLETED,"Effects applied on exit",236749.15
4556,2026-07-01 12:24:44.363,PickUpHL,PickUpHL_b64_fp86_r1,STARTED,"HL subtree tick: FF_Default_DynamicFlow_PickUpHL_b64_fp86_r1; DeltaTime: 0.100",236899.54
4557,2026-07-01 12:24:44.366,PickUpML,PickUpML_b64_fp86_r1_vg1,STARTED,"ML action execution; DeltaTime: 0.100",236902.83
4558,2026-07-01 12:24:44.366,PickUpML,PickUpML_b64_fp86_r1_vg1,STARTED,"DeltaTime: 0.100",236902.86
4559,2026-07-01 12:24:44.366,PickUpML,PickUpML_b64_fp86_r1_vg1,COMPLETED,"Action logic completed successfully",236902.89
4560,2026-07-01 12:24:44.376,PickUpML,PickUpML_b64_fp86_r1_vg1,COMPLETED,"Effects applied on exit",236912.48
4561,2026-07-01 12:24:44.507,PickUpHL,PickUpHL_b64_fp86_r1,STARTED,"HL subtree tick: FF_Default_DynamicFlow_PickUpHL_b64_fp86_r1; DeltaTime: 0.100",237043.48
4562,2026-07-01 12:24:44.507,PickUpHL,PickUpHL_b64_fp86_r1,COMPLETED,"Subtree execution completed successfully",237043.89
4563,2026-07-01 12:24:44.507,PickUpHL,PickUpHL_b64_fp86_r1,STARTED,"DeltaTime: 0.100",237043.90
4564,2026-07-01 12:24:44.508,PickUpHL,PickUpHL_b64_fp86_r1,COMPLETED,"Action logic completed successfully",237043.90
4565,2026-07-01 12:24:44.511,PickUpHL,PickUpHL_b64_fp86_r1,COMPLETED,"Effects applied on exit",237047.63
4566,2026-07-01 12:24:44.656,StackHL,StackHL_b64_lp11_r1_pr3_lay11_m11,STARTED,"HL subtree tick: FF_Default_DynamicFlow_StackHL_b64_lp11_r1_pr3_lay11_m11; DeltaTime: 0.100",237192.80
4567,2026-07-01 12:24:45.019,TravelML,TravelML_r1_fp86_pr3,STARTED,"ML action execution; DeltaTime: 0.100",237555.89
4568,2026-07-01 12:24:45.020,TravelML,TravelML_r1_fp86_pr3,STARTED,"DeltaTime: 0.100",237555.90
4569,2026-07-01 12:24:45.020,TravelML,TravelML_r1_fp86_pr3,COMPLETED,"Action logic completed successfully",237555.91
4570,2026-07-01 12:24:45.025,TravelML,TravelML_r1_fp86_pr3,COMPLETED,"Effects applied on exit",237560.90
4571,2026-07-01 12:24:45.167,StackHL,StackHL_b64_lp11_r1_pr3_lay11_m11,STARTED,"HL subtree tick: FF_Default_DynamicFlow_StackHL_b64_lp11_r1_pr3_lay11_m11; DeltaTime: 0.100",237703.12
4572,2026-07-01 12:24:45.168,StackML,StackML_b64_lp11_r1_vg1_pr3,STARTED,"ML action execution; DeltaTime: 0.100",237704.15
4573,2026-07-01 12:24:45.168,StackML,StackML_b64_lp11_r1_vg1_pr3,STARTED,"DeltaTime: 0.100",237704.16
4574,2026-07-01 12:24:45.168,StackML,StackML_b64_lp11_r1_vg1_pr3,COMPLETED,"Action logic completed successfully",237704.16
4575,2026-07-01 12:24:45.173,StackML,StackML_b64_lp11_r1_vg1_pr3,COMPLETED,"Effects applied on exit",237709.52
4576,2026-07-01 12:24:45.309,StackHL,StackHL_b64_lp11_r1_pr3_lay11_m11,STARTED,"HL subtree tick: FF_Default_DynamicFlow_StackHL_b64_lp11_r1_pr3_lay11_m11; DeltaTime: 0.100",237845.79
4577,2026-07-01 12:24:45.310,StackHL,StackHL_b64_lp11_r1_pr3_lay11_m11,COMPLETED,"Subtree execution completed successfully",237846.17
4578,2026-07-01 12:24:45.310,StackHL,StackHL_b64_lp11_r1_pr3_lay11_m11,STARTED,"DeltaTime: 0.100",237846.17
4579,2026-07-01 12:24:45.310,StackHL,StackHL_b64_lp11_r1_pr3_lay11_m11,COMPLETED,"Action logic completed successfully",237846.18
4580,2026-07-01 12:24:45.313,StackHL,StackHL_b64_lp11_r1_pr3_lay11_m11,COMPLETED,"Effects applied on exit",237849.82
4581,2026-07-01 12:24:45.464,PickUpHL,PickUpHL_b63_fp84_r1,STARTED,"HL subtree tick: FF_Default_DynamicFlow_PickUpHL_b63_fp84_r1; DeltaTime: 0.100",238000.82
4582,2026-07-01 12:24:45.813,TravelML,TravelML_r1_pr3_fp84,STARTED,"ML action execution; DeltaTime: 0.100",238349.16
4583,2026-07-01 12:24:45.813,TravelML,TravelML_r1_pr3_fp84,STARTED,"DeltaTime: 0.100",238349.18
4584,2026-07-01 12:24:45.813,TravelML,TravelML_r1_pr3_fp84,COMPLETED,"Action logic completed successfully",238349.19
4585,2026-07-01 12:24:45.818,TravelML,TravelML_r1_pr3_fp84,COMPLETED,"Effects applied on exit",238354.43
4586,2026-07-01 12:24:45.954,PickUpHL,PickUpHL_b63_fp84_r1,STARTED,"HL subtree tick: FF_Default_DynamicFlow_PickUpHL_b63_fp84_r1; DeltaTime: 0.100",238490.12
4587,2026-07-01 12:24:45.955,PickUpML,PickUpML_b63_fp84_r1_vg1,STARTED,"ML action execution; DeltaTime: 0.100",238491.62
4588,2026-07-01 12:24:45.955,PickUpML,PickUpML_b63_fp84_r1_vg1,STARTED,"DeltaTime: 0.100",238491.63
4589,2026-07-01 12:24:45.955,PickUpML,PickUpML_b63_fp84_r1_vg1,COMPLETED,"Action logic completed successfully",238491.64
4590,2026-07-01 12:24:45.961,PickUpML,PickUpML_b63_fp84_r1_vg1,COMPLETED,"Effects applied on exit",238497.03
4591,2026-07-01 12:24:46.096,PickUpHL,PickUpHL_b63_fp84_r1,STARTED,"HL subtree tick: FF_Default_DynamicFlow_PickUpHL_b63_fp84_r1; DeltaTime: 0.100",238632.48
4592,2026-07-01 12:24:46.096,PickUpHL,PickUpHL_b63_fp84_r1,COMPLETED,"Subtree execution completed successfully",238632.84
4593,2026-07-01 12:24:46.096,PickUpHL,PickUpHL_b63_fp84_r1,STARTED,"DeltaTime: 0.100",238632.85
4594,2026-07-01 12:24:46.096,PickUpHL,PickUpHL_b63_fp84_r1,COMPLETED,"Action logic completed successfully",238632.86
4595,2026-07-01 12:24:46.100,PickUpHL,PickUpHL_b63_fp84_r1,COMPLETED,"Effects applied on exit",238636.37
4596,2026-07-01 12:24:46.245,StackHL,StackHL_b63_lp11_r1_pr3_lay11_m11,STARTED,"HL subtree tick: FF_Default_DynamicFlow_StackHL_b63_lp11_r1_pr3_lay11_m11; DeltaTime: 0.100",238781.34
4597,2026-07-01 12:24:46.595,TravelML,TravelML_r1_fp84_pr3,STARTED,"ML action execution; DeltaTime: 0.100",239131.14
4598,2026-07-01 12:24:46.595,TravelML,TravelML_r1_fp84_pr3,STARTED,"DeltaTime: 0.100",239131.15
4599,2026-07-01 12:24:46.595,TravelML,TravelML_r1_fp84_pr3,COMPLETED,"Action logic completed successfully",239131.16
4600,2026-07-01 12:24:46.599,TravelML,TravelML_r1_fp84_pr3,COMPLETED,"Effects applied on exit",239135.50
4601,2026-07-01 12:24:46.743,StackHL,StackHL_b63_lp11_r1_pr3_lay11_m11,STARTED,"HL subtree tick: FF_Default_DynamicFlow_StackHL_b63_lp11_r1_pr3_lay11_m11; DeltaTime: 0.100",239278.95
4602,2026-07-01 12:24:46.744,StackML,StackML_b63_lp11_r1_vg1_pr3,STARTED,"ML action execution; DeltaTime: 0.100",239280.14
4603,2026-07-01 12:24:46.744,StackML,StackML_b63_lp11_r1_vg1_pr3,STARTED,"DeltaTime: 0.100",239280.15
4604,2026-07-01 12:24:46.744,StackML,StackML_b63_lp11_r1_vg1_pr3,COMPLETED,"Action logic completed successfully",239280.16
4605,2026-07-01 12:24:46.750,StackML,StackML_b63_lp11_r1_vg1_pr3,COMPLETED,"Effects applied on exit",239286.32
4606,2026-07-01 12:24:46.888,StackHL,StackHL_b63_lp11_r1_pr3_lay11_m11,STARTED,"HL subtree tick: FF_Default_DynamicFlow_StackHL_b63_lp11_r1_pr3_lay11_m11; DeltaTime: 0.100",239424.22
4607,2026-07-01 12:24:46.889,StackHL,StackHL_b63_lp11_r1_pr3_lay11_m11,COMPLETED,"Subtree execution completed successfully",239425.00
4608,2026-07-01 12:24:46.889,StackHL,StackHL_b63_lp11_r1_pr3_lay11_m11,STARTED,"DeltaTime: 0.100",239425.01
4609,2026-07-01 12:24:46.889,StackHL,StackHL_b63_lp11_r1_pr3_lay11_m11,COMPLETED,"Action logic completed successfully",239425.01
4610,2026-07-01 12:24:46.894,StackHL,StackHL_b63_lp11_r1_pr3_lay11_m11,COMPLETED,"Effects applied on exit",239430.34
4611,2026-07-01 12:24:47.035,PickUpHL,PickUpHL_b65_fp87_r1,STARTED,"HL subtree tick: FF_Default_DynamicFlow_PickUpHL_b65_fp87_r1; DeltaTime: 0.100",239571.64
4612,2026-07-01 12:24:47.392,TravelML,TravelML_r1_pr3_fp87,STARTED,"ML action execution; DeltaTime: 0.100",239927.94
4613,2026-07-01 12:24:47.392,TravelML,TravelML_r1_pr3_fp87,STARTED,"DeltaTime: 0.100",239927.95
4614,2026-07-01 12:24:47.392,TravelML,TravelML_r1_pr3_fp87,COMPLETED,"Action logic completed successfully",239927.95
4615,2026-07-01 12:24:47.396,TravelML,TravelML_r1_pr3_fp87,COMPLETED,"Effects applied on exit",239932.13
4616,2026-07-01 12:24:47.538,PickUpHL,PickUpHL_b65_fp87_r1,STARTED,"HL subtree tick: FF_Default_DynamicFlow_PickUpHL_b65_fp87_r1; DeltaTime: 0.100",240074.67
4617,2026-07-01 12:24:47.540,PickUpML,PickUpML_b65_fp87_r1_vg1,STARTED,"ML action execution; DeltaTime: 0.100",240075.99
4618,2026-07-01 12:24:47.540,PickUpML,PickUpML_b65_fp87_r1_vg1,STARTED,"DeltaTime: 0.100",240076.01
4619,2026-07-01 12:24:47.540,PickUpML,PickUpML_b65_fp87_r1_vg1,COMPLETED,"Action logic completed successfully",240076.02
4620,2026-07-01 12:24:47.545,PickUpML,PickUpML_b65_fp87_r1_vg1,COMPLETED,"Effects applied on exit",240081.13
4621,2026-07-01 12:24:47.676,PickUpHL,PickUpHL_b65_fp87_r1,STARTED,"HL subtree tick: FF_Default_DynamicFlow_PickUpHL_b65_fp87_r1; DeltaTime: 0.100",240212.65
4622,2026-07-01 12:24:47.677,PickUpHL,PickUpHL_b65_fp87_r1,COMPLETED,"Subtree execution completed successfully",240213.00
4623,2026-07-01 12:24:47.677,PickUpHL,PickUpHL_b65_fp87_r1,STARTED,"DeltaTime: 0.100",240213.01
4624,2026-07-01 12:24:47.677,PickUpHL,PickUpHL_b65_fp87_r1,COMPLETED,"Action logic completed successfully",240213.01
4625,2026-07-01 12:24:47.680,PickUpHL,PickUpHL_b65_fp87_r1,COMPLETED,"Effects applied on exit",240216.34
4626,2026-07-01 12:24:47.830,StackHL,StackHL_b65_lp11_r1_pr3_lay11_m11,STARTED,"HL subtree tick: FF_Default_DynamicFlow_StackHL_b65_lp11_r1_pr3_lay11_m11; DeltaTime: 0.100",240365.99
4627,2026-07-01 12:24:48.219,TravelML,TravelML_r1_fp87_pr3,STARTED,"ML action execution; DeltaTime: 0.100",240755.50
4628,2026-07-01 12:24:48.219,TravelML,TravelML_r1_fp87_pr3,STARTED,"DeltaTime: 0.100",240755.52
4629,2026-07-01 12:24:48.219,TravelML,TravelML_r1_fp87_pr3,COMPLETED,"Action logic completed successfully",240755.53
4630,2026-07-01 12:24:48.224,TravelML,TravelML_r1_fp87_pr3,COMPLETED,"Effects applied on exit",240760.10
4631,2026-07-01 12:24:48.355,StackHL,StackHL_b65_lp11_r1_pr3_lay11_m11,STARTED,"HL subtree tick: FF_Default_DynamicFlow_StackHL_b65_lp11_r1_pr3_lay11_m11; DeltaTime: 0.100",240890.98
4632,2026-07-01 12:24:48.356,StackML,StackML_b65_lp11_r1_vg1_pr3,STARTED,"ML action execution; DeltaTime: 0.100",240892.28
4633,2026-07-01 12:24:48.356,StackML,StackML_b65_lp11_r1_vg1_pr3,STARTED,"DeltaTime: 0.100",240892.29
4634,2026-07-01 12:24:48.356,StackML,StackML_b65_lp11_r1_vg1_pr3,COMPLETED,"Action logic completed successfully",240892.30
4635,2026-07-01 12:24:48.362,StackML,StackML_b65_lp11_r1_vg1_pr3,COMPLETED,"Effects applied on exit",240898.26
4636,2026-07-01 12:24:48.495,StackHL,StackHL_b65_lp11_r1_pr3_lay11_m11,STARTED,"HL subtree tick: FF_Default_DynamicFlow_StackHL_b65_lp11_r1_pr3_lay11_m11; DeltaTime: 0.100",241031.20
4637,2026-07-01 12:24:48.495,StackHL,StackHL_b65_lp11_r1_pr3_lay11_m11,COMPLETED,"Subtree execution completed successfully",241031.70
4638,2026-07-01 12:24:48.495,StackHL,StackHL_b65_lp11_r1_pr3_lay11_m11,STARTED,"DeltaTime: 0.100",241031.70
4639,2026-07-01 12:24:48.495,StackHL,StackHL_b65_lp11_r1_pr3_lay11_m11,COMPLETED,"Action logic completed successfully",241031.71
4640,2026-07-01 12:24:48.499,StackHL,StackHL_b65_lp11_r1_pr3_lay11_m11,COMPLETED,"Effects applied on exit",241035.85
4641,2026-07-01 12:24:48.647,PickUpHL,PickUpHL_b67_fp90_r1,STARTED,"HL subtree tick: FF_Default_DynamicFlow_PickUpHL_b67_fp90_r1; DeltaTime: 0.100",241183.81
4642,2026-07-01 12:24:49.031,TravelML,TravelML_r1_pr3_fp90,STARTED,"ML action execution; DeltaTime: 0.100",241567.77
4643,2026-07-01 12:24:49.031,TravelML,TravelML_r1_pr3_fp90,STARTED,"DeltaTime: 0.100",241567.79
4644,2026-07-01 12:24:49.031,TravelML,TravelML_r1_pr3_fp90,COMPLETED,"Action logic completed successfully",241567.79
4645,2026-07-01 12:24:49.036,TravelML,TravelML_r1_pr3_fp90,COMPLETED,"Effects applied on exit",241571.99
4646,2026-07-01 12:24:49.174,PickUpHL,PickUpHL_b67_fp90_r1,STARTED,"HL subtree tick: FF_Default_DynamicFlow_PickUpHL_b67_fp90_r1; DeltaTime: 0.100",241710.77
4647,2026-07-01 12:24:49.177,PickUpML,PickUpML_b67_fp90_r1_vg1,STARTED,"ML action execution; DeltaTime: 0.100",241713.11
4648,2026-07-01 12:24:49.177,PickUpML,PickUpML_b67_fp90_r1_vg1,STARTED,"DeltaTime: 0.100",241713.12
4649,2026-07-01 12:24:49.177,PickUpML,PickUpML_b67_fp90_r1_vg1,COMPLETED,"Action logic completed successfully",241713.12
4650,2026-07-01 12:24:49.184,PickUpML,PickUpML_b67_fp90_r1_vg1,COMPLETED,"Effects applied on exit",241720.23
4651,2026-07-01 12:24:49.315,PickUpHL,PickUpHL_b67_fp90_r1,STARTED,"HL subtree tick: FF_Default_DynamicFlow_PickUpHL_b67_fp90_r1; DeltaTime: 0.100",241851.84
4652,2026-07-01 12:24:49.316,PickUpHL,PickUpHL_b67_fp90_r1,COMPLETED,"Subtree execution completed successfully",241852.27
4653,2026-07-01 12:24:49.316,PickUpHL,PickUpHL_b67_fp90_r1,STARTED,"DeltaTime: 0.100",241852.28
4654,2026-07-01 12:24:49.316,PickUpHL,PickUpHL_b67_fp90_r1,COMPLETED,"Action logic completed successfully",241852.28
4655,2026-07-01 12:24:49.320,PickUpHL,PickUpHL_b67_fp90_r1,COMPLETED,"Effects applied on exit",241856.16
4656,2026-07-01 12:24:49.465,StackHL,StackHL_b67_lp12_r1_pr4_lay12_m12,STARTED,"HL subtree tick: FF_Default_DynamicFlow_StackHL_b67_lp12_r1_pr4_lay12_m12; DeltaTime: 0.100",242001.79
4657,2026-07-01 12:24:49.814,TravelML,TravelML_r1_fp90_pr4,STARTED,"ML action execution; DeltaTime: 0.100",242350.39
4658,2026-07-01 12:24:49.814,TravelML,TravelML_r1_fp90_pr4,STARTED,"DeltaTime: 0.100",242350.40
4659,2026-07-01 12:24:49.814,TravelML,TravelML_r1_fp90_pr4,COMPLETED,"Action logic completed successfully",242350.41
4660,2026-07-01 12:24:49.818,TravelML,TravelML_r1_fp90_pr4,COMPLETED,"Effects applied on exit",242354.59
4661,2026-07-01 12:24:49.959,StackHL,StackHL_b67_lp12_r1_pr4_lay12_m12,STARTED,"HL subtree tick: FF_Default_DynamicFlow_StackHL_b67_lp12_r1_pr4_lay12_m12; DeltaTime: 0.100",242495.43
4662,2026-07-01 12:24:49.960,StackML,StackML_b67_lp12_r1_vg1_pr4,STARTED,"ML action execution; DeltaTime: 0.100",242496.44
4663,2026-07-01 12:24:49.960,StackML,StackML_b67_lp12_r1_vg1_pr4,STARTED,"DeltaTime: 0.100",242496.45
4664,2026-07-01 12:24:49.960,StackML,StackML_b67_lp12_r1_vg1_pr4,COMPLETED,"Action logic completed successfully",242496.46
4665,2026-07-01 12:24:49.966,StackML,StackML_b67_lp12_r1_vg1_pr4,COMPLETED,"Effects applied on exit",242502.71
4666,2026-07-01 12:24:50.103,StackHL,StackHL_b67_lp12_r1_pr4_lay12_m12,STARTED,"HL subtree tick: FF_Default_DynamicFlow_StackHL_b67_lp12_r1_pr4_lay12_m12; DeltaTime: 0.100",242639.35
4667,2026-07-01 12:24:50.103,StackHL,StackHL_b67_lp12_r1_pr4_lay12_m12,COMPLETED,"Subtree execution completed successfully",242639.79
4668,2026-07-01 12:24:50.103,StackHL,StackHL_b67_lp12_r1_pr4_lay12_m12,STARTED,"DeltaTime: 0.100",242639.80
4669,2026-07-01 12:24:50.103,StackHL,StackHL_b67_lp12_r1_pr4_lay12_m12,COMPLETED,"Action logic completed successfully",242639.81
4670,2026-07-01 12:24:50.107,StackHL,StackHL_b67_lp12_r1_pr4_lay12_m12,COMPLETED,"Effects applied on exit",242643.27
4671,2026-07-01 12:24:50.250,PickUpHL,PickUpHL_b68_fp91_r1,STARTED,"HL subtree tick: FF_Default_DynamicFlow_PickUpHL_b68_fp91_r1; DeltaTime: 0.100",242786.72
4672,2026-07-01 12:24:50.607,TravelML,TravelML_r1_pr4_fp91,STARTED,"ML action execution; DeltaTime: 0.100",243143.56
4673,2026-07-01 12:24:50.607,TravelML,TravelML_r1_pr4_fp91,STARTED,"DeltaTime: 0.100",243143.57
4674,2026-07-01 12:24:50.607,TravelML,TravelML_r1_pr4_fp91,COMPLETED,"Action logic completed successfully",243143.58
4675,2026-07-01 12:24:50.611,TravelML,TravelML_r1_pr4_fp91,COMPLETED,"Effects applied on exit",243147.81
4676,2026-07-01 12:24:50.752,PickUpHL,PickUpHL_b68_fp91_r1,STARTED,"HL subtree tick: FF_Default_DynamicFlow_PickUpHL_b68_fp91_r1; DeltaTime: 0.100",243288.66
4677,2026-07-01 12:24:50.753,PickUpML,PickUpML_b68_fp91_r1_vg1,STARTED,"ML action execution; DeltaTime: 0.100",243289.85
4678,2026-07-01 12:24:50.753,PickUpML,PickUpML_b68_fp91_r1_vg1,STARTED,"DeltaTime: 0.100",243289.86
4679,2026-07-01 12:24:50.753,PickUpML,PickUpML_b68_fp91_r1_vg1,COMPLETED,"Action logic completed successfully",243289.87
4680,2026-07-01 12:24:50.760,PickUpML,PickUpML_b68_fp91_r1_vg1,COMPLETED,"Effects applied on exit",243296.05
4681,2026-07-01 12:24:50.889,PickUpHL,PickUpHL_b68_fp91_r1,STARTED,"HL subtree tick: FF_Default_DynamicFlow_PickUpHL_b68_fp91_r1; DeltaTime: 0.100",243425.17
4682,2026-07-01 12:24:50.889,PickUpHL,PickUpHL_b68_fp91_r1,COMPLETED,"Subtree execution completed successfully",243425.85
4683,2026-07-01 12:24:50.889,PickUpHL,PickUpHL_b68_fp91_r1,STARTED,"DeltaTime: 0.100",243425.86
4684,2026-07-01 12:24:50.889,PickUpHL,PickUpHL_b68_fp91_r1,COMPLETED,"Action logic completed successfully",243425.88
4685,2026-07-01 12:24:50.895,PickUpHL,PickUpHL_b68_fp91_r1,COMPLETED,"Effects applied on exit",243431.11
4686,2026-07-01 12:24:51.053,StackHL,StackHL_b68_lp12_r1_pr4_lay12_m12,STARTED,"HL subtree tick: FF_Default_DynamicFlow_StackHL_b68_lp12_r1_pr4_lay12_m12; DeltaTime: 0.100",243589.18
4687,2026-07-01 12:24:51.369,TravelML,TravelML_r1_fp91_pr4,STARTED,"ML action execution; DeltaTime: 0.100",243905.04
4688,2026-07-01 12:24:51.369,TravelML,TravelML_r1_fp91_pr4,STARTED,"DeltaTime: 0.100",243905.06
4689,2026-07-01 12:24:51.369,TravelML,TravelML_r1_fp91_pr4,COMPLETED,"Action logic completed successfully",243905.06
4690,2026-07-01 12:24:51.373,TravelML,TravelML_r1_fp91_pr4,COMPLETED,"Effects applied on exit",243909.31
4691,2026-07-01 12:24:51.513,StackHL,StackHL_b68_lp12_r1_pr4_lay12_m12,STARTED,"HL subtree tick: FF_Default_DynamicFlow_StackHL_b68_lp12_r1_pr4_lay12_m12; DeltaTime: 0.100",244049.36
4692,2026-07-01 12:24:51.515,StackML,StackML_b68_lp12_r1_vg1_pr4,STARTED,"ML action execution; DeltaTime: 0.100",244051.80
4693,2026-07-01 12:24:51.515,StackML,StackML_b68_lp12_r1_vg1_pr4,STARTED,"DeltaTime: 0.100",244051.82
4694,2026-07-01 12:24:51.515,StackML,StackML_b68_lp12_r1_vg1_pr4,COMPLETED,"Action logic completed successfully",244051.83
4695,2026-07-01 12:24:51.522,StackML,StackML_b68_lp12_r1_vg1_pr4,COMPLETED,"Effects applied on exit",244058.02
4696,2026-07-01 12:24:51.654,StackHL,StackHL_b68_lp12_r1_pr4_lay12_m12,STARTED,"HL subtree tick: FF_Default_DynamicFlow_StackHL_b68_lp12_r1_pr4_lay12_m12; DeltaTime: 0.100",244190.14
4697,2026-07-01 12:24:51.654,StackHL,StackHL_b68_lp12_r1_pr4_lay12_m12,COMPLETED,"Subtree execution completed successfully",244190.60
4698,2026-07-01 12:24:51.654,StackHL,StackHL_b68_lp12_r1_pr4_lay12_m12,STARTED,"DeltaTime: 0.100",244190.61
4699,2026-07-01 12:24:51.654,StackHL,StackHL_b68_lp12_r1_pr4_lay12_m12,COMPLETED,"Action logic completed successfully",244190.62
4700,2026-07-01 12:24:51.658,StackHL,StackHL_b68_lp12_r1_pr4_lay12_m12,COMPLETED,"Effects applied on exit",244194.12
4701,2026-07-01 12:24:51.804,PickUpHL,PickUpHL_b72_fp96_r1,STARTED,"HL subtree tick: FF_Default_DynamicFlow_PickUpHL_b72_fp96_r1; DeltaTime: 0.100",244340.07
4702,2026-07-01 12:24:52.131,TravelML,TravelML_r1_pr4_fp96,STARTED,"ML action execution; DeltaTime: 0.100",244667.73
4703,2026-07-01 12:24:52.131,TravelML,TravelML_r1_pr4_fp96,STARTED,"DeltaTime: 0.100",244667.74
4704,2026-07-01 12:24:52.131,TravelML,TravelML_r1_pr4_fp96,COMPLETED,"Action logic completed successfully",244667.75
4705,2026-07-01 12:24:52.135,TravelML,TravelML_r1_pr4_fp96,COMPLETED,"Effects applied on exit",244671.60
4706,2026-07-01 12:24:52.269,PickUpHL,PickUpHL_b72_fp96_r1,STARTED,"HL subtree tick: FF_Default_DynamicFlow_PickUpHL_b72_fp96_r1; DeltaTime: 0.100",244805.54
4707,2026-07-01 12:24:52.270,PickUpML,PickUpML_b72_fp96_r1_vg1,STARTED,"ML action execution; DeltaTime: 0.100",244806.87
4708,2026-07-01 12:24:52.270,PickUpML,PickUpML_b72_fp96_r1_vg1,STARTED,"DeltaTime: 0.100",244806.88
4709,2026-07-01 12:24:52.270,PickUpML,PickUpML_b72_fp96_r1_vg1,COMPLETED,"Action logic completed successfully",244806.89
4710,2026-07-01 12:24:52.276,PickUpML,PickUpML_b72_fp96_r1_vg1,COMPLETED,"Effects applied on exit",244811.92
4711,2026-07-01 12:24:52.409,PickUpHL,PickUpHL_b72_fp96_r1,STARTED,"HL subtree tick: FF_Default_DynamicFlow_PickUpHL_b72_fp96_r1; DeltaTime: 0.100",244945.36
4712,2026-07-01 12:24:52.410,PickUpHL,PickUpHL_b72_fp96_r1,COMPLETED,"Subtree execution completed successfully",244945.92
4713,2026-07-01 12:24:52.410,PickUpHL,PickUpHL_b72_fp96_r1,STARTED,"DeltaTime: 0.100",244945.93
4714,2026-07-01 12:24:52.410,PickUpHL,PickUpHL_b72_fp96_r1,COMPLETED,"Action logic completed successfully",244945.94
4715,2026-07-01 12:24:52.414,PickUpHL,PickUpHL_b72_fp96_r1,COMPLETED,"Effects applied on exit",244950.27
4716,2026-07-01 12:24:52.555,StackHL,StackHL_b72_lp12_r1_pr4_lay12_m12,STARTED,"HL subtree tick: FF_Default_DynamicFlow_StackHL_b72_lp12_r1_pr4_lay12_m12; DeltaTime: 0.100",245091.26
4717,2026-07-01 12:24:52.884,TravelML,TravelML_r1_fp96_pr4,STARTED,"ML action execution; DeltaTime: 0.100",245420.62
4718,2026-07-01 12:24:52.884,TravelML,TravelML_r1_fp96_pr4,STARTED,"DeltaTime: 0.100",245420.63
4719,2026-07-01 12:24:52.884,TravelML,TravelML_r1_fp96_pr4,COMPLETED,"Action logic completed successfully",245420.64
4720,2026-07-01 12:24:52.888,TravelML,TravelML_r1_fp96_pr4,COMPLETED,"Effects applied on exit",245424.61
4721,2026-07-01 12:24:53.020,StackHL,StackHL_b72_lp12_r1_pr4_lay12_m12,STARTED,"HL subtree tick: FF_Default_DynamicFlow_StackHL_b72_lp12_r1_pr4_lay12_m12; DeltaTime: 0.100",245556.71
4722,2026-07-01 12:24:53.021,StackML,StackML_b72_lp12_r1_vg1_pr4,STARTED,"ML action execution; DeltaTime: 0.100",245557.77
4723,2026-07-01 12:24:53.021,StackML,StackML_b72_lp12_r1_vg1_pr4,STARTED,"DeltaTime: 0.100",245557.78
4724,2026-07-01 12:24:53.021,StackML,StackML_b72_lp12_r1_vg1_pr4,COMPLETED,"Action logic completed successfully",245557.79
4725,2026-07-01 12:24:53.027,StackML,StackML_b72_lp12_r1_vg1_pr4,COMPLETED,"Effects applied on exit",245563.65
4726,2026-07-01 12:24:53.162,StackHL,StackHL_b72_lp12_r1_pr4_lay12_m12,STARTED,"HL subtree tick: FF_Default_DynamicFlow_StackHL_b72_lp12_r1_pr4_lay12_m12; DeltaTime: 0.100",245698.24
4727,2026-07-01 12:24:53.162,StackHL,StackHL_b72_lp12_r1_pr4_lay12_m12,COMPLETED,"Subtree execution completed successfully",245698.81
4728,2026-07-01 12:24:53.162,StackHL,StackHL_b72_lp12_r1_pr4_lay12_m12,STARTED,"DeltaTime: 0.100",245698.82
4729,2026-07-01 12:24:53.162,StackHL,StackHL_b72_lp12_r1_pr4_lay12_m12,COMPLETED,"Action logic completed successfully",245698.83
4730,2026-07-01 12:24:53.166,StackHL,StackHL_b72_lp12_r1_pr4_lay12_m12,COMPLETED,"Effects applied on exit",245702.70
4731,2026-07-01 12:24:53.316,PickUpHL,PickUpHL_b70_fp94_r1,STARTED,"HL subtree tick: FF_Default_DynamicFlow_PickUpHL_b70_fp94_r1; DeltaTime: 0.100",245852.89
4732,2026-07-01 12:24:53.669,TravelML,TravelML_r1_pr4_fp94,STARTED,"ML action execution; DeltaTime: 0.100",246205.53
4733,2026-07-01 12:24:53.669,TravelML,TravelML_r1_pr4_fp94,STARTED,"DeltaTime: 0.100",246205.54
4734,2026-07-01 12:24:53.669,TravelML,TravelML_r1_pr4_fp94,COMPLETED,"Action logic completed successfully",246205.55
4735,2026-07-01 12:24:53.673,TravelML,TravelML_r1_pr4_fp94,COMPLETED,"Effects applied on exit",246209.58
4736,2026-07-01 12:24:53.813,PickUpHL,PickUpHL_b70_fp94_r1,STARTED,"HL subtree tick: FF_Default_DynamicFlow_PickUpHL_b70_fp94_r1; DeltaTime: 0.100",246349.14
4737,2026-07-01 12:24:53.814,PickUpML,PickUpML_b70_fp94_r1_vg1,STARTED,"ML action execution; DeltaTime: 0.100",246350.34
4738,2026-07-01 12:24:53.814,PickUpML,PickUpML_b70_fp94_r1_vg1,STARTED,"DeltaTime: 0.100",246350.35
4739,2026-07-01 12:24:53.814,PickUpML,PickUpML_b70_fp94_r1_vg1,COMPLETED,"Action logic completed successfully",246350.35
4740,2026-07-01 12:24:53.820,PickUpML,PickUpML_b70_fp94_r1_vg1,COMPLETED,"Effects applied on exit",246356.68
4741,2026-07-01 12:24:53.954,PickUpHL,PickUpHL_b70_fp94_r1,STARTED,"HL subtree tick: FF_Default_DynamicFlow_PickUpHL_b70_fp94_r1; DeltaTime: 0.100",246490.89
4742,2026-07-01 12:24:53.955,PickUpHL,PickUpHL_b70_fp94_r1,COMPLETED,"Subtree execution completed successfully",246491.24
4743,2026-07-01 12:24:53.955,PickUpHL,PickUpHL_b70_fp94_r1,STARTED,"DeltaTime: 0.100",246491.25
4744,2026-07-01 12:24:53.955,PickUpHL,PickUpHL_b70_fp94_r1,COMPLETED,"Action logic completed successfully",246491.25
4745,2026-07-01 12:24:53.958,PickUpHL,PickUpHL_b70_fp94_r1,COMPLETED,"Effects applied on exit",246494.58
4746,2026-07-01 12:24:54.105,StackHL,StackHL_b70_lp12_r1_pr4_lay12_m12,STARTED,"HL subtree tick: FF_Default_DynamicFlow_StackHL_b70_lp12_r1_pr4_lay12_m12; DeltaTime: 0.100",246641.61
4747,2026-07-01 12:24:54.420,TravelML,TravelML_r1_fp94_pr4,STARTED,"ML action execution; DeltaTime: 0.100",246956.68
4748,2026-07-01 12:24:54.420,TravelML,TravelML_r1_fp94_pr4,STARTED,"DeltaTime: 0.100",246956.69
4749,2026-07-01 12:24:54.420,TravelML,TravelML_r1_fp94_pr4,COMPLETED,"Action logic completed successfully",246956.70
4750,2026-07-01 12:24:54.424,TravelML,TravelML_r1_fp94_pr4,COMPLETED,"Effects applied on exit",246960.50
4751,2026-07-01 12:24:54.560,StackHL,StackHL_b70_lp12_r1_pr4_lay12_m12,STARTED,"HL subtree tick: FF_Default_DynamicFlow_StackHL_b70_lp12_r1_pr4_lay12_m12; DeltaTime: 0.100",247096.02
4752,2026-07-01 12:24:54.561,StackML,StackML_b70_lp12_r1_vg1_pr4,STARTED,"ML action execution; DeltaTime: 0.100",247097.00
4753,2026-07-01 12:24:54.561,StackML,StackML_b70_lp12_r1_vg1_pr4,STARTED,"DeltaTime: 0.100",247097.01
4754,2026-07-01 12:24:54.561,StackML,StackML_b70_lp12_r1_vg1_pr4,COMPLETED,"Action logic completed successfully",247097.02
4755,2026-07-01 12:24:54.566,StackML,StackML_b70_lp12_r1_vg1_pr4,COMPLETED,"Effects applied on exit",247102.71
4756,2026-07-01 12:24:54.700,StackHL,StackHL_b70_lp12_r1_pr4_lay12_m12,STARTED,"HL subtree tick: FF_Default_DynamicFlow_StackHL_b70_lp12_r1_pr4_lay12_m12; DeltaTime: 0.100",247236.48
4757,2026-07-01 12:24:54.700,StackHL,StackHL_b70_lp12_r1_pr4_lay12_m12,COMPLETED,"Subtree execution completed successfully",247236.86
4758,2026-07-01 12:24:54.700,StackHL,StackHL_b70_lp12_r1_pr4_lay12_m12,STARTED,"DeltaTime: 0.100",247236.87
4759,2026-07-01 12:24:54.700,StackHL,StackHL_b70_lp12_r1_pr4_lay12_m12,COMPLETED,"Action logic completed successfully",247236.88
4760,2026-07-01 12:24:54.704,StackHL,StackHL_b70_lp12_r1_pr4_lay12_m12,COMPLETED,"Effects applied on exit",247240.70
4761,2026-07-01 12:24:54.850,PickUpHL,PickUpHL_b69_fp92_r1,STARTED,"HL subtree tick: FF_Default_DynamicFlow_PickUpHL_b69_fp92_r1; DeltaTime: 0.100",247386.14
4762,2026-07-01 12:24:55.169,TravelML,TravelML_r1_pr4_fp92,STARTED,"ML action execution; DeltaTime: 0.100",247705.72
4763,2026-07-01 12:24:55.169,TravelML,TravelML_r1_pr4_fp92,STARTED,"DeltaTime: 0.100",247705.73
4764,2026-07-01 12:24:55.169,TravelML,TravelML_r1_pr4_fp92,COMPLETED,"Action logic completed successfully",247705.74
4765,2026-07-01 12:24:55.174,TravelML,TravelML_r1_pr4_fp92,COMPLETED,"Effects applied on exit",247710.25
4766,2026-07-01 12:24:55.318,PickUpHL,PickUpHL_b69_fp92_r1,STARTED,"HL subtree tick: FF_Default_DynamicFlow_PickUpHL_b69_fp92_r1; DeltaTime: 0.100",247853.93
4767,2026-07-01 12:24:55.319,PickUpML,PickUpML_b69_fp92_r1_vg1,STARTED,"ML action execution; DeltaTime: 0.100",247855.56
4768,2026-07-01 12:24:55.319,PickUpML,PickUpML_b69_fp92_r1_vg1,STARTED,"DeltaTime: 0.100",247855.57
4769,2026-07-01 12:24:55.319,PickUpML,PickUpML_b69_fp92_r1_vg1,COMPLETED,"Action logic completed successfully",247855.57
4770,2026-07-01 12:24:55.324,PickUpML,PickUpML_b69_fp92_r1_vg1,COMPLETED,"Effects applied on exit",247860.13
4771,2026-07-01 12:24:55.460,PickUpHL,PickUpHL_b69_fp92_r1,STARTED,"HL subtree tick: FF_Default_DynamicFlow_PickUpHL_b69_fp92_r1; DeltaTime: 0.100",247996.44
4772,2026-07-01 12:24:55.460,PickUpHL,PickUpHL_b69_fp92_r1,COMPLETED,"Subtree execution completed successfully",247996.83
4773,2026-07-01 12:24:55.460,PickUpHL,PickUpHL_b69_fp92_r1,STARTED,"DeltaTime: 0.100",247996.84
4774,2026-07-01 12:24:55.460,PickUpHL,PickUpHL_b69_fp92_r1,COMPLETED,"Action logic completed successfully",247996.85
4775,2026-07-01 12:24:55.464,PickUpHL,PickUpHL_b69_fp92_r1,COMPLETED,"Effects applied on exit",248000.86
4776,2026-07-01 12:24:55.609,StackHL,StackHL_b69_lp12_r1_pr4_lay12_m12,STARTED,"HL subtree tick: FF_Default_DynamicFlow_StackHL_b69_lp12_r1_pr4_lay12_m12; DeltaTime: 0.100",248145.81
4777,2026-07-01 12:24:55.930,TravelML,TravelML_r1_fp92_pr4,STARTED,"ML action execution; DeltaTime: 0.100",248466.68
4778,2026-07-01 12:24:55.930,TravelML,TravelML_r1_fp92_pr4,STARTED,"DeltaTime: 0.100",248466.69
4779,2026-07-01 12:24:55.930,TravelML,TravelML_r1_fp92_pr4,COMPLETED,"Action logic completed successfully",248466.70
4780,2026-07-01 12:24:55.934,TravelML,TravelML_r1_fp92_pr4,COMPLETED,"Effects applied on exit",248470.62
4781,2026-07-01 12:24:56.074,StackHL,StackHL_b69_lp12_r1_pr4_lay12_m12,STARTED,"HL subtree tick: FF_Default_DynamicFlow_StackHL_b69_lp12_r1_pr4_lay12_m12; DeltaTime: 0.100",248610.29
4782,2026-07-01 12:24:56.076,StackML,StackML_b69_lp12_r1_vg1_pr4,STARTED,"ML action execution; DeltaTime: 0.100",248611.99
4783,2026-07-01 12:24:56.076,StackML,StackML_b69_lp12_r1_vg1_pr4,STARTED,"DeltaTime: 0.100",248612.00
4784,2026-07-01 12:24:56.076,StackML,StackML_b69_lp12_r1_vg1_pr4,COMPLETED,"Action logic completed successfully",248612.01
4785,2026-07-01 12:24:56.083,StackML,StackML_b69_lp12_r1_vg1_pr4,COMPLETED,"Effects applied on exit",248619.66
4786,2026-07-01 12:24:56.214,StackHL,StackHL_b69_lp12_r1_pr4_lay12_m12,STARTED,"HL subtree tick: FF_Default_DynamicFlow_StackHL_b69_lp12_r1_pr4_lay12_m12; DeltaTime: 0.100",248750.89
4787,2026-07-01 12:24:56.215,StackHL,StackHL_b69_lp12_r1_pr4_lay12_m12,COMPLETED,"Subtree execution completed successfully",248751.25
4788,2026-07-01 12:24:56.215,StackHL,StackHL_b69_lp12_r1_pr4_lay12_m12,STARTED,"DeltaTime: 0.100",248751.25
4789,2026-07-01 12:24:56.215,StackHL,StackHL_b69_lp12_r1_pr4_lay12_m12,COMPLETED,"Action logic completed successfully",248751.26
4790,2026-07-01 12:24:56.218,StackHL,StackHL_b69_lp12_r1_pr4_lay12_m12,COMPLETED,"Effects applied on exit",248754.77
4791,2026-07-01 12:24:56.366,PickUpHL,PickUpHL_b71_fp95_r1,STARTED,"HL subtree tick: FF_Default_DynamicFlow_PickUpHL_b71_fp95_r1; DeltaTime: 0.100",248902.19
4792,2026-07-01 12:24:56.733,TravelML,TravelML_r1_pr4_fp95,STARTED,"ML action execution; DeltaTime: 0.100",249269.55
4793,2026-07-01 12:24:56.733,TravelML,TravelML_r1_pr4_fp95,STARTED,"DeltaTime: 0.100",249269.57
4794,2026-07-01 12:24:56.733,TravelML,TravelML_r1_pr4_fp95,COMPLETED,"Action logic completed successfully",249269.59
4795,2026-07-01 12:24:56.739,TravelML,TravelML_r1_pr4_fp95,COMPLETED,"Effects applied on exit",249275.67
4796,2026-07-01 12:24:56.874,PickUpHL,PickUpHL_b71_fp95_r1,STARTED,"HL subtree tick: FF_Default_DynamicFlow_PickUpHL_b71_fp95_r1; DeltaTime: 0.100",249410.04
4797,2026-07-01 12:24:56.875,PickUpML,PickUpML_b71_fp95_r1_vg1,STARTED,"ML action execution; DeltaTime: 0.100",249411.37
4798,2026-07-01 12:24:56.875,PickUpML,PickUpML_b71_fp95_r1_vg1,STARTED,"DeltaTime: 0.100",249411.38
4799,2026-07-01 12:24:56.875,PickUpML,PickUpML_b71_fp95_r1_vg1,COMPLETED,"Action logic completed successfully",249411.39
4800,2026-07-01 12:24:56.880,PickUpML,PickUpML_b71_fp95_r1_vg1,COMPLETED,"Effects applied on exit",249416.66
4801,2026-07-01 12:24:57.017,PickUpHL,PickUpHL_b71_fp95_r1,STARTED,"HL subtree tick: FF_Default_DynamicFlow_PickUpHL_b71_fp95_r1; DeltaTime: 0.100",249553.15
4802,2026-07-01 12:24:57.017,PickUpHL,PickUpHL_b71_fp95_r1,COMPLETED,"Subtree execution completed successfully",249553.74
4803,2026-07-01 12:24:57.017,PickUpHL,PickUpHL_b71_fp95_r1,STARTED,"DeltaTime: 0.100",249553.75
4804,2026-07-01 12:24:57.017,PickUpHL,PickUpHL_b71_fp95_r1,COMPLETED,"Action logic completed successfully",249553.76
4805,2026-07-01 12:24:57.021,PickUpHL,PickUpHL_b71_fp95_r1,COMPLETED,"Effects applied on exit",249557.63
4806,2026-07-01 12:24:57.173,StackHL,StackHL_b71_lp12_r1_pr4_lay12_m12,STARTED,"HL subtree tick: FF_Default_DynamicFlow_StackHL_b71_lp12_r1_pr4_lay12_m12; DeltaTime: 0.100",249709.77
4807,2026-07-01 12:24:57.554,TravelML,TravelML_r1_fp95_pr4,STARTED,"ML action execution; DeltaTime: 0.100",250090.53
4808,2026-07-01 12:24:57.554,TravelML,TravelML_r1_fp95_pr4,STARTED,"DeltaTime: 0.100",250090.54
4809,2026-07-01 12:24:57.554,TravelML,TravelML_r1_fp95_pr4,COMPLETED,"Action logic completed successfully",250090.55
4810,2026-07-01 12:24:57.559,TravelML,TravelML_r1_fp95_pr4,COMPLETED,"Effects applied on exit",250095.30
4811,2026-07-01 12:24:57.696,StackHL,StackHL_b71_lp12_r1_pr4_lay12_m12,STARTED,"HL subtree tick: FF_Default_DynamicFlow_StackHL_b71_lp12_r1_pr4_lay12_m12; DeltaTime: 0.100",250232.25
4812,2026-07-01 12:24:57.697,StackML,StackML_b71_lp12_r1_vg1_pr4,STARTED,"ML action execution; DeltaTime: 0.100",250233.62
4813,2026-07-01 12:24:57.697,StackML,StackML_b71_lp12_r1_vg1_pr4,STARTED,"DeltaTime: 0.100",250233.63
4814,2026-07-01 12:24:57.697,StackML,StackML_b71_lp12_r1_vg1_pr4,COMPLETED,"Action logic completed successfully",250233.64
4815,2026-07-01 12:24:57.703,StackML,StackML_b71_lp12_r1_vg1_pr4,COMPLETED,"Effects applied on exit",250239.42
4816,2026-07-01 12:24:57.846,StackHL,StackHL_b71_lp12_r1_pr4_lay12_m12,STARTED,"HL subtree tick: FF_Default_DynamicFlow_StackHL_b71_lp12_r1_pr4_lay12_m12; DeltaTime: 0.100",250382.45
4817,2026-07-01 12:24:57.847,StackHL,StackHL_b71_lp12_r1_pr4_lay12_m12,COMPLETED,"Subtree execution completed successfully",250383.05
4818,2026-07-01 12:24:57.847,StackHL,StackHL_b71_lp12_r1_pr4_lay12_m12,STARTED,"DeltaTime: 0.100",250383.08
4819,2026-07-01 12:24:57.847,StackHL,StackHL_b71_lp12_r1_pr4_lay12_m12,COMPLETED,"Action logic completed successfully",250383.09
4820,2026-07-01 12:24:57.851,StackHL,StackHL_b71_lp12_r1_pr4_lay12_m12,COMPLETED,"Effects applied on exit",250387.74
4821,2026-07-01 12:24:57.997,NailingBeamHL,NailingBeamHL_b50_r1_m9_lay9,STARTED,"HL subtree tick: FF_Default_DynamicFlow_NailingBeamHL_b50_r1_m9_lay9; DeltaTime: 0.100",250533.61
4822,2026-07-01 12:24:58.368,TravelML,TravelML_r1_pr4_ep1,STARTED,"ML action execution; DeltaTime: 0.100",250904.18
4823,2026-07-01 12:24:58.368,TravelML,TravelML_r1_pr4_ep1,STARTED,"DeltaTime: 0.100",250904.20
4824,2026-07-01 12:24:58.368,TravelML,TravelML_r1_pr4_ep1,COMPLETED,"Action logic completed successfully",250904.21
4825,2026-07-01 12:24:58.372,TravelML,TravelML_r1_pr4_ep1,COMPLETED,"Effects applied on exit",250908.43
4826,2026-07-01 12:24:58.514,NailingBeamHL,NailingBeamHL_b50_r1_m9_lay9,STARTED,"HL subtree tick: FF_Default_DynamicFlow_NailingBeamHL_b50_r1_m9_lay9; DeltaTime: 0.100",251050.53
4827,2026-07-01 12:24:58.516,CloseToolML,CloseToolML_r1_vg1,STARTED,"ML action execution; DeltaTime: 0.100",251052.52
4828,2026-07-01 12:24:58.516,CloseToolML,CloseToolML_r1_vg1,STARTED,"DeltaTime: 0.100",251052.53
4829,2026-07-01 12:24:58.516,CloseToolML,CloseToolML_r1_vg1,COMPLETED,"Action logic completed successfully",251052.54
4830,2026-07-01 12:24:58.520,CloseToolML,CloseToolML_r1_vg1,COMPLETED,"Effects applied on exit",251056.46
4831,2026-07-01 12:24:58.659,NailingBeamHL,NailingBeamHL_b50_r1_m9_lay9,STARTED,"HL subtree tick: FF_Default_DynamicFlow_NailingBeamHL_b50_r1_m9_lay9; DeltaTime: 0.100",251195.19
4832,2026-07-01 12:24:58.662,DeequipML,DeequipML_r1_vg1_ep1,STARTED,"ML action execution; DeltaTime: 0.100",251198.88
4833,2026-07-01 12:24:58.662,DeequipML,DeequipML_r1_vg1_ep1,STARTED,"DeltaTime: 0.100",251198.90
4834,2026-07-01 12:24:58.663,DeequipML,DeequipML_r1_vg1_ep1,COMPLETED,"Action logic completed successfully",251198.92
4835,2026-07-01 12:24:58.671,DeequipML,DeequipML_r1_vg1_ep1,COMPLETED,"Effects applied on exit",251207.57
4836,2026-07-01 12:24:58.830,NailingBeamHL,NailingBeamHL_b50_r1_m9_lay9,STARTED,"HL subtree tick: FF_Default_DynamicFlow_NailingBeamHL_b50_r1_m9_lay9; DeltaTime: 0.100",251366.74
4837,2026-07-01 12:24:58.832,TravelML,TravelML_r1_ep1_ep3,STARTED,"ML action execution; DeltaTime: 0.100",251368.21
4838,2026-07-01 12:24:58.832,TravelML,TravelML_r1_ep1_ep3,STARTED,"DeltaTime: 0.100",251368.23
4839,2026-07-01 12:24:58.832,TravelML,TravelML_r1_ep1_ep3,COMPLETED,"Action logic completed successfully",251368.23
4840,2026-07-01 12:24:58.837,TravelML,TravelML_r1_ep1_ep3,COMPLETED,"Effects applied on exit",251373.22
4841,2026-07-01 12:24:58.971,NailingBeamHL,NailingBeamHL_b50_r1_m9_lay9,STARTED,"HL subtree tick: FF_Default_DynamicFlow_NailingBeamHL_b50_r1_m9_lay9; DeltaTime: 0.100",251507.29
4842,2026-07-01 12:24:58.973,EquipeML,EquipeML_r1_ng1_ep3,STARTED,"ML action execution; DeltaTime: 0.100",251509.61
4843,2026-07-01 12:24:58.973,EquipeML,EquipeML_r1_ng1_ep3,STARTED,"DeltaTime: 0.100",251509.64
4844,2026-07-01 12:24:58.973,EquipeML,EquipeML_r1_ng1_ep3,COMPLETED,"Action logic completed successfully",251509.66
4845,2026-07-01 12:24:58.979,EquipeML,EquipeML_r1_ng1_ep3,COMPLETED,"Effects applied on exit",251515.11
4846,2026-07-01 12:24:59.112,NailingBeamHL,NailingBeamHL_b50_r1_m9_lay9,STARTED,"HL subtree tick: FF_Default_DynamicFlow_NailingBeamHL_b50_r1_m9_lay9; DeltaTime: 0.100",251648.67
4847,2026-07-01 12:24:59.116,TravelML,TravelML_r1_ep3_pr1,STARTED,"ML action execution; DeltaTime: 0.100",251651.94
4848,2026-07-01 12:24:59.116,TravelML,TravelML_r1_ep3_pr1,STARTED,"DeltaTime: 0.100",251651.95
4849,2026-07-01 12:24:59.116,TravelML,TravelML_r1_ep3_pr1,COMPLETED,"Action logic completed successfully",251651.96
4850,2026-07-01 12:24:59.122,TravelML,TravelML_r1_ep3_pr1,COMPLETED,"Effects applied on exit",251658.26
4851,2026-07-01 12:24:59.254,NailingBeamHL,NailingBeamHL_b50_r1_m9_lay9,STARTED,"HL subtree tick: FF_Default_DynamicFlow_NailingBeamHL_b50_r1_m9_lay9; DeltaTime: 0.100",251790.12
4852,2026-07-01 12:24:59.255,InitializeML,InitializeML_r1_ng1,STARTED,"ML action execution; DeltaTime: 0.100",251791.81
4853,2026-07-01 12:24:59.255,InitializeML,InitializeML_r1_ng1,STARTED,"DeltaTime: 0.100",251791.82
4854,2026-07-01 12:24:59.255,InitializeML,InitializeML_r1_ng1,COMPLETED,"Action logic completed successfully",251791.83
4855,2026-07-01 12:24:59.259,InitializeML,InitializeML_r1_ng1,COMPLETED,"Effects applied on exit",251795.39
4856,2026-07-01 12:24:59.395,NailingBeamHL,NailingBeamHL_b50_r1_m9_lay9,STARTED,"HL subtree tick: FF_Default_DynamicFlow_NailingBeamHL_b50_r1_m9_lay9; DeltaTime: 0.100",251931.32
4857,2026-07-01 12:24:59.397,NailingML,NailingML_b50_pr1_r1_ng1,STARTED,"ML action execution; DeltaTime: 0.100",251933.32
4858,2026-07-01 12:24:59.397,NailingML,NailingML_b50_pr1_r1_ng1,STARTED,"DeltaTime: 0.100",251933.33
4859,2026-07-01 12:24:59.397,NailingML,NailingML_b50_pr1_r1_ng1,COMPLETED,"Action logic completed successfully",251933.37
4860,2026-07-01 12:24:59.401,NailingML,NailingML_b50_pr1_r1_ng1,COMPLETED,"Effects applied on exit",251937.62
4861,2026-07-01 12:24:59.536,NailingBeamHL,NailingBeamHL_b50_r1_m9_lay9,STARTED,"HL subtree tick: FF_Default_DynamicFlow_NailingBeamHL_b50_r1_m9_lay9; DeltaTime: 0.100",252072.00
4862,2026-07-01 12:24:59.536,NailingBeamHL,NailingBeamHL_b50_r1_m9_lay9,COMPLETED,"Subtree execution completed successfully",252072.87
4863,2026-07-01 12:24:59.536,NailingBeamHL,NailingBeamHL_b50_r1_m9_lay9,STARTED,"DeltaTime: 0.100",252072.88
4864,2026-07-01 12:24:59.536,NailingBeamHL,NailingBeamHL_b50_r1_m9_lay9,COMPLETED,"Action logic completed successfully",252072.89
4865,2026-07-01 12:24:59.540,NailingBeamHL,NailingBeamHL_b50_r1_m9_lay9,COMPLETED,"Effects applied on exit",252076.04
4866,2026-07-01 12:24:59.696,NailingBeamHL,NailingBeamHL_b52_r1_m9_lay9,STARTED,"HL subtree tick: FF_Default_DynamicFlow_NailingBeamHL_b52_r1_m9_lay9; DeltaTime: 0.100",252231.97
4867,2026-07-01 12:25:00.044,NailingML,NailingML_b52_pr1_r1_ng1,STARTED,"ML action execution; DeltaTime: 0.100",252579.99
4868,2026-07-01 12:25:00.044,NailingML,NailingML_b52_pr1_r1_ng1,STARTED,"DeltaTime: 0.100",252580.01
4869,2026-07-01 12:25:00.044,NailingML,NailingML_b52_pr1_r1_ng1,COMPLETED,"Action logic completed successfully",252580.01
4870,2026-07-01 12:25:00.048,NailingML,NailingML_b52_pr1_r1_ng1,COMPLETED,"Effects applied on exit",252583.98
4871,2026-07-01 12:25:00.184,NailingBeamHL,NailingBeamHL_b52_r1_m9_lay9,STARTED,"HL subtree tick: FF_Default_DynamicFlow_NailingBeamHL_b52_r1_m9_lay9; DeltaTime: 0.100",252720.24
4872,2026-07-01 12:25:00.184,NailingBeamHL,NailingBeamHL_b52_r1_m9_lay9,COMPLETED,"Subtree execution completed successfully",252720.54
4873,2026-07-01 12:25:00.184,NailingBeamHL,NailingBeamHL_b52_r1_m9_lay9,STARTED,"DeltaTime: 0.100",252720.55
4874,2026-07-01 12:25:00.184,NailingBeamHL,NailingBeamHL_b52_r1_m9_lay9,COMPLETED,"Action logic completed successfully",252720.56
4875,2026-07-01 12:25:00.187,NailingBeamHL,NailingBeamHL_b52_r1_m9_lay9,COMPLETED,"Effects applied on exit",252723.67
4876,2026-07-01 12:25:00.334,NailingBeamHL,NailingBeamHL_b51_r1_m9_lay9,STARTED,"HL subtree tick: FF_Default_DynamicFlow_NailingBeamHL_b51_r1_m9_lay9; DeltaTime: 0.100",252869.93
4877,2026-07-01 12:25:00.693,NailingML,NailingML_b51_pr1_r1_ng1,STARTED,"ML action execution; DeltaTime: 0.100",253228.93
4878,2026-07-01 12:25:00.693,NailingML,NailingML_b51_pr1_r1_ng1,STARTED,"DeltaTime: 0.100",253228.95
4879,2026-07-01 12:25:00.693,NailingML,NailingML_b51_pr1_r1_ng1,COMPLETED,"Action logic completed successfully",253228.96
4880,2026-07-01 12:25:00.699,NailingML,NailingML_b51_pr1_r1_ng1,COMPLETED,"Effects applied on exit",253235.66
4881,2026-07-01 12:25:00.831,NailingBeamHL,NailingBeamHL_b51_r1_m9_lay9,STARTED,"HL subtree tick: FF_Default_DynamicFlow_NailingBeamHL_b51_r1_m9_lay9; DeltaTime: 0.100",253367.14
4882,2026-07-01 12:25:00.831,NailingBeamHL,NailingBeamHL_b51_r1_m9_lay9,COMPLETED,"Subtree execution completed successfully",253367.47
4883,2026-07-01 12:25:00.831,NailingBeamHL,NailingBeamHL_b51_r1_m9_lay9,STARTED,"DeltaTime: 0.100",253367.51
4884,2026-07-01 12:25:00.831,NailingBeamHL,NailingBeamHL_b51_r1_m9_lay9,COMPLETED,"Action logic completed successfully",253367.51
4885,2026-07-01 12:25:00.835,NailingBeamHL,NailingBeamHL_b51_r1_m9_lay9,COMPLETED,"Effects applied on exit",253371.02
4886,2026-07-01 12:25:00.982,NailingBeamHL,NailingBeamHL_b53_r1_m9_lay9,STARTED,"HL subtree tick: FF_Default_DynamicFlow_NailingBeamHL_b53_r1_m9_lay9; DeltaTime: 0.100",253518.79
4887,2026-07-01 12:25:01.336,NailingML,NailingML_b53_pr1_r1_ng1,STARTED,"ML action execution; DeltaTime: 0.100",253872.67
4888,2026-07-01 12:25:01.336,NailingML,NailingML_b53_pr1_r1_ng1,STARTED,"DeltaTime: 0.100",253872.68
4889,2026-07-01 12:25:01.336,NailingML,NailingML_b53_pr1_r1_ng1,COMPLETED,"Action logic completed successfully",253872.69
4890,2026-07-01 12:25:01.341,NailingML,NailingML_b53_pr1_r1_ng1,COMPLETED,"Effects applied on exit",253877.25
4891,2026-07-01 12:25:01.476,NailingBeamHL,NailingBeamHL_b53_r1_m9_lay9,STARTED,"HL subtree tick: FF_Default_DynamicFlow_NailingBeamHL_b53_r1_m9_lay9; DeltaTime: 0.100",254012.65
4892,2026-07-01 12:25:01.477,NailingBeamHL,NailingBeamHL_b53_r1_m9_lay9,COMPLETED,"Subtree execution completed successfully",254012.95
4893,2026-07-01 12:25:01.477,NailingBeamHL,NailingBeamHL_b53_r1_m9_lay9,STARTED,"DeltaTime: 0.100",254012.96
4894,2026-07-01 12:25:01.477,NailingBeamHL,NailingBeamHL_b53_r1_m9_lay9,COMPLETED,"Action logic completed successfully",254012.97
4895,2026-07-01 12:25:01.480,NailingBeamHL,NailingBeamHL_b53_r1_m9_lay9,COMPLETED,"Effects applied on exit",254016.84
4896,2026-07-01 12:25:01.631,NailingBeamHL,NailingBeamHL_b49_r1_m9_lay9,STARTED,"HL subtree tick: FF_Default_DynamicFlow_NailingBeamHL_b49_r1_m9_lay9; DeltaTime: 0.100",254167.09
4897,2026-07-01 12:25:01.988,NailingML,NailingML_b49_pr1_r1_ng1,STARTED,"ML action execution; DeltaTime: 0.100",254524.11
4898,2026-07-01 12:25:01.988,NailingML,NailingML_b49_pr1_r1_ng1,STARTED,"DeltaTime: 0.100",254524.12
4899,2026-07-01 12:25:01.988,NailingML,NailingML_b49_pr1_r1_ng1,COMPLETED,"Action logic completed successfully",254524.13
4900,2026-07-01 12:25:01.992,NailingML,NailingML_b49_pr1_r1_ng1,COMPLETED,"Effects applied on exit",254528.06
4901,2026-07-01 12:25:02.135,NailingBeamHL,NailingBeamHL_b49_r1_m9_lay9,STARTED,"HL subtree tick: FF_Default_DynamicFlow_NailingBeamHL_b49_r1_m9_lay9; DeltaTime: 0.100",254671.48
4902,2026-07-01 12:25:02.135,NailingBeamHL,NailingBeamHL_b49_r1_m9_lay9,COMPLETED,"Subtree execution completed successfully",254671.85
4903,2026-07-01 12:25:02.135,NailingBeamHL,NailingBeamHL_b49_r1_m9_lay9,STARTED,"DeltaTime: 0.100",254671.86
4904,2026-07-01 12:25:02.135,NailingBeamHL,NailingBeamHL_b49_r1_m9_lay9,COMPLETED,"Action logic completed successfully",254671.86
4905,2026-07-01 12:25:02.139,NailingBeamHL,NailingBeamHL_b49_r1_m9_lay9,COMPLETED,"Effects applied on exit",254675.52
4906,2026-07-01 12:25:02.288,NailingBeamHL,NailingBeamHL_b54_r1_m9_lay9,STARTED,"HL subtree tick: FF_Default_DynamicFlow_NailingBeamHL_b54_r1_m9_lay9; DeltaTime: 0.100",254824.68
4907,2026-07-01 12:25:02.668,NailingML,NailingML_b54_pr1_r1_ng1,STARTED,"ML action execution; DeltaTime: 0.100",255204.85
4908,2026-07-01 12:25:02.668,NailingML,NailingML_b54_pr1_r1_ng1,STARTED,"DeltaTime: 0.100",255204.86
4909,2026-07-01 12:25:02.668,NailingML,NailingML_b54_pr1_r1_ng1,COMPLETED,"Action logic completed successfully",255204.87
4910,2026-07-01 12:25:02.673,NailingML,NailingML_b54_pr1_r1_ng1,COMPLETED,"Effects applied on exit",255209.04
4911,2026-07-01 12:25:02.816,NailingBeamHL,NailingBeamHL_b54_r1_m9_lay9,STARTED,"HL subtree tick: FF_Default_DynamicFlow_NailingBeamHL_b54_r1_m9_lay9; DeltaTime: 0.100",255352.88
4912,2026-07-01 12:25:02.817,NailingBeamHL,NailingBeamHL_b54_r1_m9_lay9,COMPLETED,"Subtree execution completed successfully",255353.16
4913,2026-07-01 12:25:02.817,NailingBeamHL,NailingBeamHL_b54_r1_m9_lay9,STARTED,"DeltaTime: 0.100",255353.17
4914,2026-07-01 12:25:02.817,NailingBeamHL,NailingBeamHL_b54_r1_m9_lay9,COMPLETED,"Action logic completed successfully",255353.17
4915,2026-07-01 12:25:02.820,NailingBeamHL,NailingBeamHL_b54_r1_m9_lay9,COMPLETED,"Effects applied on exit",255356.72
4916,2026-07-01 12:25:02.967,NailingBeamHL,NailingBeamHL_b56_r1_m10_lay10,STARTED,"HL subtree tick: FF_Default_DynamicFlow_NailingBeamHL_b56_r1_m10_lay10; DeltaTime: 0.100",255503.75
4917,2026-07-01 12:25:03.307,TravelML,TravelML_r1_pr1_pr2,STARTED,"ML action execution; DeltaTime: 0.100",255843.50
4918,2026-07-01 12:25:03.307,TravelML,TravelML_r1_pr1_pr2,STARTED,"DeltaTime: 0.100",255843.52
4919,2026-07-01 12:25:03.307,TravelML,TravelML_r1_pr1_pr2,COMPLETED,"Action logic completed successfully",255843.53
4920,2026-07-01 12:25:03.313,TravelML,TravelML_r1_pr1_pr2,COMPLETED,"Effects applied on exit",255849.32
4921,2026-07-01 12:25:03.445,NailingBeamHL,NailingBeamHL_b56_r1_m10_lay10,STARTED,"HL subtree tick: FF_Default_DynamicFlow_NailingBeamHL_b56_r1_m10_lay10; DeltaTime: 0.100",255981.60
4922,2026-07-01 12:25:03.447,NailingML,NailingML_b56_pr2_r1_ng1,STARTED,"ML action execution; DeltaTime: 0.100",255983.90
4923,2026-07-01 12:25:03.448,NailingML,NailingML_b56_pr2_r1_ng1,STARTED,"DeltaTime: 0.100",255983.91
4924,2026-07-01 12:25:03.448,NailingML,NailingML_b56_pr2_r1_ng1,COMPLETED,"Action logic completed successfully",255983.92
4925,2026-07-01 12:25:03.452,NailingML,NailingML_b56_pr2_r1_ng1,COMPLETED,"Effects applied on exit",255988.06
4926,2026-07-01 12:25:03.589,NailingBeamHL,NailingBeamHL_b56_r1_m10_lay10,STARTED,"HL subtree tick: FF_Default_DynamicFlow_NailingBeamHL_b56_r1_m10_lay10; DeltaTime: 0.100",256125.30
4927,2026-07-01 12:25:03.589,NailingBeamHL,NailingBeamHL_b56_r1_m10_lay10,COMPLETED,"Subtree execution completed successfully",256125.73
4928,2026-07-01 12:25:03.589,NailingBeamHL,NailingBeamHL_b56_r1_m10_lay10,STARTED,"DeltaTime: 0.100",256125.74
4929,2026-07-01 12:25:03.589,NailingBeamHL,NailingBeamHL_b56_r1_m10_lay10,COMPLETED,"Action logic completed successfully",256125.75
4930,2026-07-01 12:25:03.593,NailingBeamHL,NailingBeamHL_b56_r1_m10_lay10,COMPLETED,"Effects applied on exit",256129.42
4931,2026-07-01 12:25:03.744,NailingBeamHL,NailingBeamHL_b58_r1_m10_lay10,STARTED,"HL subtree tick: FF_Default_DynamicFlow_NailingBeamHL_b58_r1_m10_lay10; DeltaTime: 0.100",256280.30
4932,2026-07-01 12:25:04.106,NailingML,NailingML_b58_pr2_r1_ng1,STARTED,"ML action execution; DeltaTime: 0.100",256642.61
4933,2026-07-01 12:25:04.106,NailingML,NailingML_b58_pr2_r1_ng1,STARTED,"DeltaTime: 0.100",256642.62
4934,2026-07-01 12:25:04.106,NailingML,NailingML_b58_pr2_r1_ng1,COMPLETED,"Action logic completed successfully",256642.63
4935,2026-07-01 12:25:04.110,NailingML,NailingML_b58_pr2_r1_ng1,COMPLETED,"Effects applied on exit",256646.73
4936,2026-07-01 12:25:04.254,NailingBeamHL,NailingBeamHL_b58_r1_m10_lay10,STARTED,"HL subtree tick: FF_Default_DynamicFlow_NailingBeamHL_b58_r1_m10_lay10; DeltaTime: 0.100",256790.30
4937,2026-07-01 12:25:04.254,NailingBeamHL,NailingBeamHL_b58_r1_m10_lay10,COMPLETED,"Subtree execution completed successfully",256790.60
4938,2026-07-01 12:25:04.254,NailingBeamHL,NailingBeamHL_b58_r1_m10_lay10,STARTED,"DeltaTime: 0.100",256790.60
4939,2026-07-01 12:25:04.254,NailingBeamHL,NailingBeamHL_b58_r1_m10_lay10,COMPLETED,"Action logic completed successfully",256790.61
4940,2026-07-01 12:25:04.257,NailingBeamHL,NailingBeamHL_b58_r1_m10_lay10,COMPLETED,"Effects applied on exit",256793.72
4941,2026-07-01 12:25:04.403,NailingBeamHL,NailingBeamHL_b57_r1_m10_lay10,STARTED,"HL subtree tick: FF_Default_DynamicFlow_NailingBeamHL_b57_r1_m10_lay10; DeltaTime: 0.100",256939.78
4942,2026-07-01 12:25:04.749,NailingML,NailingML_b57_pr2_r1_ng1,STARTED,"ML action execution; DeltaTime: 0.100",257285.13
4943,2026-07-01 12:25:04.749,NailingML,NailingML_b57_pr2_r1_ng1,STARTED,"DeltaTime: 0.100",257285.14
4944,2026-07-01 12:25:04.749,NailingML,NailingML_b57_pr2_r1_ng1,COMPLETED,"Action logic completed successfully",257285.15
4945,2026-07-01 12:25:04.753,NailingML,NailingML_b57_pr2_r1_ng1,COMPLETED,"Effects applied on exit",257289.27
4946,2026-07-01 12:25:04.887,NailingBeamHL,NailingBeamHL_b57_r1_m10_lay10,STARTED,"HL subtree tick: FF_Default_DynamicFlow_NailingBeamHL_b57_r1_m10_lay10; DeltaTime: 0.100",257423.40
4947,2026-07-01 12:25:04.887,NailingBeamHL,NailingBeamHL_b57_r1_m10_lay10,COMPLETED,"Subtree execution completed successfully",257423.74
4948,2026-07-01 12:25:04.887,NailingBeamHL,NailingBeamHL_b57_r1_m10_lay10,STARTED,"DeltaTime: 0.100",257423.75
4949,2026-07-01 12:25:04.887,NailingBeamHL,NailingBeamHL_b57_r1_m10_lay10,COMPLETED,"Action logic completed successfully",257423.76
4950,2026-07-01 12:25:04.891,NailingBeamHL,NailingBeamHL_b57_r1_m10_lay10,COMPLETED,"Effects applied on exit",257427.14
4951,2026-07-01 12:25:05.027,NailingBeamHL,NailingBeamHL_b59_r1_m10_lay10,STARTED,"HL subtree tick: FF_Default_DynamicFlow_NailingBeamHL_b59_r1_m10_lay10; DeltaTime: 0.100",257563.88
4952,2026-07-01 12:25:05.383,NailingML,NailingML_b59_pr2_r1_ng1,STARTED,"ML action execution; DeltaTime: 0.100",257919.50
4953,2026-07-01 12:25:05.383,NailingML,NailingML_b59_pr2_r1_ng1,STARTED,"DeltaTime: 0.100",257919.51
4954,2026-07-01 12:25:05.383,NailingML,NailingML_b59_pr2_r1_ng1,COMPLETED,"Action logic completed successfully",257919.52
4955,2026-07-01 12:25:05.387,NailingML,NailingML_b59_pr2_r1_ng1,COMPLETED,"Effects applied on exit",257923.31
4956,2026-07-01 12:25:05.526,NailingBeamHL,NailingBeamHL_b59_r1_m10_lay10,STARTED,"HL subtree tick: FF_Default_DynamicFlow_NailingBeamHL_b59_r1_m10_lay10; DeltaTime: 0.100",258062.75
4957,2026-07-01 12:25:05.527,NailingBeamHL,NailingBeamHL_b59_r1_m10_lay10,COMPLETED,"Subtree execution completed successfully",258063.66
4958,2026-07-01 12:25:05.527,NailingBeamHL,NailingBeamHL_b59_r1_m10_lay10,STARTED,"DeltaTime: 0.100",258063.68
4959,2026-07-01 12:25:05.527,NailingBeamHL,NailingBeamHL_b59_r1_m10_lay10,COMPLETED,"Action logic completed successfully",258063.70
4960,2026-07-01 12:25:05.534,NailingBeamHL,NailingBeamHL_b59_r1_m10_lay10,COMPLETED,"Effects applied on exit",258070.46
4961,2026-07-01 12:25:05.674,NailingBeamHL,NailingBeamHL_b55_r1_m10_lay10,STARTED,"HL subtree tick: FF_Default_DynamicFlow_NailingBeamHL_b55_r1_m10_lay10; DeltaTime: 0.100",258210.00
4962,2026-07-01 12:25:06.059,NailingML,NailingML_b55_pr2_r1_ng1,STARTED,"ML action execution; DeltaTime: 0.100",258595.57
4963,2026-07-01 12:25:06.059,NailingML,NailingML_b55_pr2_r1_ng1,STARTED,"DeltaTime: 0.100",258595.58
4964,2026-07-01 12:25:06.059,NailingML,NailingML_b55_pr2_r1_ng1,COMPLETED,"Action logic completed successfully",258595.59
4965,2026-07-01 12:25:06.063,NailingML,NailingML_b55_pr2_r1_ng1,COMPLETED,"Effects applied on exit",258599.60
4966,2026-07-01 12:25:06.203,NailingBeamHL,NailingBeamHL_b55_r1_m10_lay10,STARTED,"HL subtree tick: FF_Default_DynamicFlow_NailingBeamHL_b55_r1_m10_lay10; DeltaTime: 0.100",258739.36
4967,2026-07-01 12:25:06.203,NailingBeamHL,NailingBeamHL_b55_r1_m10_lay10,COMPLETED,"Subtree execution completed successfully",258739.77
4968,2026-07-01 12:25:06.203,NailingBeamHL,NailingBeamHL_b55_r1_m10_lay10,STARTED,"DeltaTime: 0.100",258739.78
4969,2026-07-01 12:25:06.203,NailingBeamHL,NailingBeamHL_b55_r1_m10_lay10,COMPLETED,"Action logic completed successfully",258739.78
4970,2026-07-01 12:25:06.207,NailingBeamHL,NailingBeamHL_b55_r1_m10_lay10,COMPLETED,"Effects applied on exit",258743.01
4971,2026-07-01 12:25:06.353,NailingBeamHL,NailingBeamHL_b60_r1_m10_lay10,STARTED,"HL subtree tick: FF_Default_DynamicFlow_NailingBeamHL_b60_r1_m10_lay10; DeltaTime: 0.100",258889.05
4972,2026-07-01 12:25:06.690,NailingML,NailingML_b60_pr2_r1_ng1,STARTED,"ML action execution; DeltaTime: 0.100",259226.62
4973,2026-07-01 12:25:06.690,NailingML,NailingML_b60_pr2_r1_ng1,STARTED,"DeltaTime: 0.100",259226.64
4974,2026-07-01 12:25:06.690,NailingML,NailingML_b60_pr2_r1_ng1,COMPLETED,"Action logic completed successfully",259226.64
4975,2026-07-01 12:25:06.695,NailingML,NailingML_b60_pr2_r1_ng1,COMPLETED,"Effects applied on exit",259231.04
4976,2026-07-01 12:25:06.830,NailingBeamHL,NailingBeamHL_b60_r1_m10_lay10,STARTED,"HL subtree tick: FF_Default_DynamicFlow_NailingBeamHL_b60_r1_m10_lay10; DeltaTime: 0.100",259366.31
4977,2026-07-01 12:25:06.830,NailingBeamHL,NailingBeamHL_b60_r1_m10_lay10,COMPLETED,"Subtree execution completed successfully",259366.60
4978,2026-07-01 12:25:06.830,NailingBeamHL,NailingBeamHL_b60_r1_m10_lay10,STARTED,"DeltaTime: 0.100",259366.61
4979,2026-07-01 12:25:06.830,NailingBeamHL,NailingBeamHL_b60_r1_m10_lay10,COMPLETED,"Action logic completed successfully",259366.62
4980,2026-07-01 12:25:06.833,NailingBeamHL,NailingBeamHL_b60_r1_m10_lay10,COMPLETED,"Effects applied on exit",259369.68
4981,2026-07-01 12:25:06.988,NailingBeamHL,NailingBeamHL_b62_r1_m11_lay11,STARTED,"HL subtree tick: FF_Default_DynamicFlow_NailingBeamHL_b62_r1_m11_lay11; DeltaTime: 0.100",259523.97
4982,2026-07-01 12:25:07.369,TravelML,TravelML_r1_pr2_pr3,STARTED,"ML action execution; DeltaTime: 0.100",259905.73
4983,2026-07-01 12:25:07.369,TravelML,TravelML_r1_pr2_pr3,STARTED,"DeltaTime: 0.100",259905.74
4984,2026-07-01 12:25:07.369,TravelML,TravelML_r1_pr2_pr3,COMPLETED,"Action logic completed successfully",259905.75
4985,2026-07-01 12:25:07.373,TravelML,TravelML_r1_pr2_pr3,COMPLETED,"Effects applied on exit",259909.67
4986,2026-07-01 12:25:07.510,NailingBeamHL,NailingBeamHL_b62_r1_m11_lay11,STARTED,"HL subtree tick: FF_Default_DynamicFlow_NailingBeamHL_b62_r1_m11_lay11; DeltaTime: 0.100",260046.77
4987,2026-07-01 12:25:07.511,NailingML,NailingML_b62_pr3_r1_ng1,STARTED,"ML action execution; DeltaTime: 0.100",260047.81
4988,2026-07-01 12:25:07.511,NailingML,NailingML_b62_pr3_r1_ng1,STARTED,"DeltaTime: 0.100",260047.82
4989,2026-07-01 12:25:07.511,NailingML,NailingML_b62_pr3_r1_ng1,COMPLETED,"Action logic completed successfully",260047.83
4990,2026-07-01 12:25:07.516,NailingML,NailingML_b62_pr3_r1_ng1,COMPLETED,"Effects applied on exit",260052.79
4991,2026-07-01 12:25:07.659,NailingBeamHL,NailingBeamHL_b62_r1_m11_lay11,STARTED,"HL subtree tick: FF_Default_DynamicFlow_NailingBeamHL_b62_r1_m11_lay11; DeltaTime: 0.100",260195.12
4992,2026-07-01 12:25:07.659,NailingBeamHL,NailingBeamHL_b62_r1_m11_lay11,COMPLETED,"Subtree execution completed successfully",260195.86
4993,2026-07-01 12:25:07.659,NailingBeamHL,NailingBeamHL_b62_r1_m11_lay11,STARTED,"DeltaTime: 0.100",260195.87
4994,2026-07-01 12:25:07.659,NailingBeamHL,NailingBeamHL_b62_r1_m11_lay11,COMPLETED,"Action logic completed successfully",260195.88
4995,2026-07-01 12:25:07.667,NailingBeamHL,NailingBeamHL_b62_r1_m11_lay11,COMPLETED,"Effects applied on exit",260203.63
4996,2026-07-01 12:25:07.816,NailingBeamHL,NailingBeamHL_b64_r1_m11_lay11,STARTED,"HL subtree tick: FF_Default_DynamicFlow_NailingBeamHL_b64_r1_m11_lay11; DeltaTime: 0.100",260352.41
4997,2026-07-01 12:25:08.159,NailingML,NailingML_b64_pr3_r1_ng1,STARTED,"ML action execution; DeltaTime: 0.100",260695.03
4998,2026-07-01 12:25:08.159,NailingML,NailingML_b64_pr3_r1_ng1,STARTED,"DeltaTime: 0.100",260695.04
4999,2026-07-01 12:25:08.159,NailingML,NailingML_b64_pr3_r1_ng1,COMPLETED,"Action logic completed successfully",260695.05
5000,2026-07-01 12:25:08.163,NailingML,NailingML_b64_pr3_r1_ng1,COMPLETED,"Effects applied on exit",260699.52
5001,2026-07-01 12:25:08.299,NailingBeamHL,NailingBeamHL_b64_r1_m11_lay11,STARTED,"HL subtree tick: FF_Default_DynamicFlow_NailingBeamHL_b64_r1_m11_lay11; DeltaTime: 0.100",260835.28
5002,2026-07-01 12:25:08.299,NailingBeamHL,NailingBeamHL_b64_r1_m11_lay11,COMPLETED,"Subtree execution completed successfully",260835.62
5003,2026-07-01 12:25:08.299,NailingBeamHL,NailingBeamHL_b64_r1_m11_lay11,STARTED,"DeltaTime: 0.100",260835.63
5004,2026-07-01 12:25:08.299,NailingBeamHL,NailingBeamHL_b64_r1_m11_lay11,COMPLETED,"Action logic completed successfully",260835.64
5005,2026-07-01 12:25:08.303,NailingBeamHL,NailingBeamHL_b64_r1_m11_lay11,COMPLETED,"Effects applied on exit",260839.09
5006,2026-07-01 12:25:08.448,NailingBeamHL,NailingBeamHL_b63_r1_m11_lay11,STARTED,"HL subtree tick: FF_Default_DynamicFlow_NailingBeamHL_b63_r1_m11_lay11; DeltaTime: 0.100",260984.65
5007,2026-07-01 12:25:08.784,NailingML,NailingML_b63_pr3_r1_ng1,STARTED,"ML action execution; DeltaTime: 0.100",261320.39
5008,2026-07-01 12:25:08.784,NailingML,NailingML_b63_pr3_r1_ng1,STARTED,"DeltaTime: 0.100",261320.41
5009,2026-07-01 12:25:08.784,NailingML,NailingML_b63_pr3_r1_ng1,COMPLETED,"Action logic completed successfully",261320.42
5010,2026-07-01 12:25:08.789,NailingML,NailingML_b63_pr3_r1_ng1,COMPLETED,"Effects applied on exit",261325.81
5011,2026-07-01 12:25:08.931,NailingBeamHL,NailingBeamHL_b63_r1_m11_lay11,STARTED,"HL subtree tick: FF_Default_DynamicFlow_NailingBeamHL_b63_r1_m11_lay11; DeltaTime: 0.100",261467.06
5012,2026-07-01 12:25:08.931,NailingBeamHL,NailingBeamHL_b63_r1_m11_lay11,COMPLETED,"Subtree execution completed successfully",261467.34
5013,2026-07-01 12:25:08.931,NailingBeamHL,NailingBeamHL_b63_r1_m11_lay11,STARTED,"DeltaTime: 0.100",261467.35
5014,2026-07-01 12:25:08.931,NailingBeamHL,NailingBeamHL_b63_r1_m11_lay11,COMPLETED,"Action logic completed successfully",261467.35
5015,2026-07-01 12:25:08.934,NailingBeamHL,NailingBeamHL_b63_r1_m11_lay11,COMPLETED,"Effects applied on exit",261470.59
5016,2026-07-01 12:25:09.083,NailingBeamHL,NailingBeamHL_b65_r1_m11_lay11,STARTED,"HL subtree tick: FF_Default_DynamicFlow_NailingBeamHL_b65_r1_m11_lay11; DeltaTime: 0.100",261619.53
5017,2026-07-01 12:25:09.426,NailingML,NailingML_b65_pr3_r1_ng1,STARTED,"ML action execution; DeltaTime: 0.100",261962.71
5018,2026-07-01 12:25:09.426,NailingML,NailingML_b65_pr3_r1_ng1,STARTED,"DeltaTime: 0.100",261962.72
5019,2026-07-01 12:25:09.426,NailingML,NailingML_b65_pr3_r1_ng1,COMPLETED,"Action logic completed successfully",261962.72
5020,2026-07-01 12:25:09.431,NailingML,NailingML_b65_pr3_r1_ng1,COMPLETED,"Effects applied on exit",261967.49
5021,2026-07-01 12:25:09.564,NailingBeamHL,NailingBeamHL_b65_r1_m11_lay11,STARTED,"HL subtree tick: FF_Default_DynamicFlow_NailingBeamHL_b65_r1_m11_lay11; DeltaTime: 0.100",262100.88
5022,2026-07-01 12:25:09.565,NailingBeamHL,NailingBeamHL_b65_r1_m11_lay11,COMPLETED,"Subtree execution completed successfully",262101.43
5023,2026-07-01 12:25:09.565,NailingBeamHL,NailingBeamHL_b65_r1_m11_lay11,STARTED,"DeltaTime: 0.100",262101.44
5024,2026-07-01 12:25:09.565,NailingBeamHL,NailingBeamHL_b65_r1_m11_lay11,COMPLETED,"Action logic completed successfully",262101.45
5025,2026-07-01 12:25:09.570,NailingBeamHL,NailingBeamHL_b65_r1_m11_lay11,COMPLETED,"Effects applied on exit",262106.71
5026,2026-07-01 12:25:09.707,NailingBeamHL,NailingBeamHL_b61_r1_m11_lay11,STARTED,"HL subtree tick: FF_Default_DynamicFlow_NailingBeamHL_b61_r1_m11_lay11; DeltaTime: 0.100",262243.26
5027,2026-07-01 12:25:10.070,NailingML,NailingML_b61_pr3_r1_ng1,STARTED,"ML action execution; DeltaTime: 0.100",262606.14
5028,2026-07-01 12:25:10.070,NailingML,NailingML_b61_pr3_r1_ng1,STARTED,"DeltaTime: 0.100",262606.16
5029,2026-07-01 12:25:10.070,NailingML,NailingML_b61_pr3_r1_ng1,COMPLETED,"Action logic completed successfully",262606.16
5030,2026-07-01 12:25:10.086,NailingML,NailingML_b61_pr3_r1_ng1,COMPLETED,"Effects applied on exit",262622.05
5031,2026-07-01 12:25:10.220,NailingBeamHL,NailingBeamHL_b61_r1_m11_lay11,STARTED,"HL subtree tick: FF_Default_DynamicFlow_NailingBeamHL_b61_r1_m11_lay11; DeltaTime: 0.100",262755.91
5032,2026-07-01 12:25:10.220,NailingBeamHL,NailingBeamHL_b61_r1_m11_lay11,COMPLETED,"Subtree execution completed successfully",262756.24
5033,2026-07-01 12:25:10.220,NailingBeamHL,NailingBeamHL_b61_r1_m11_lay11,STARTED,"DeltaTime: 0.100",262756.25
5034,2026-07-01 12:25:10.220,NailingBeamHL,NailingBeamHL_b61_r1_m11_lay11,COMPLETED,"Action logic completed successfully",262756.25
5035,2026-07-01 12:25:10.224,NailingBeamHL,NailingBeamHL_b61_r1_m11_lay11,COMPLETED,"Effects applied on exit",262760.07
5036,2026-07-01 12:25:10.375,NailingBeamHL,NailingBeamHL_b66_r1_m11_lay11,STARTED,"HL subtree tick: FF_Default_DynamicFlow_NailingBeamHL_b66_r1_m11_lay11; DeltaTime: 0.100",262911.17
5037,2026-07-01 12:25:10.721,NailingML,NailingML_b66_pr3_r1_ng1,STARTED,"ML action execution; DeltaTime: 0.100",263257.82
5038,2026-07-01 12:25:10.721,NailingML,NailingML_b66_pr3_r1_ng1,STARTED,"DeltaTime: 0.100",263257.85
5039,2026-07-01 12:25:10.721,NailingML,NailingML_b66_pr3_r1_ng1,COMPLETED,"Action logic completed successfully",263257.86
5040,2026-07-01 12:25:10.726,NailingML,NailingML_b66_pr3_r1_ng1,COMPLETED,"Effects applied on exit",263262.33
5041,2026-07-01 12:25:10.855,NailingBeamHL,NailingBeamHL_b66_r1_m11_lay11,STARTED,"HL subtree tick: FF_Default_DynamicFlow_NailingBeamHL_b66_r1_m11_lay11; DeltaTime: 0.100",263390.92
5042,2026-07-01 12:25:10.855,NailingBeamHL,NailingBeamHL_b66_r1_m11_lay11,COMPLETED,"Subtree execution completed successfully",263391.47
5043,2026-07-01 12:25:10.855,NailingBeamHL,NailingBeamHL_b66_r1_m11_lay11,STARTED,"DeltaTime: 0.100",263391.47
5044,2026-07-01 12:25:10.855,NailingBeamHL,NailingBeamHL_b66_r1_m11_lay11,COMPLETED,"Action logic completed successfully",263391.48
5045,2026-07-01 12:25:10.858,NailingBeamHL,NailingBeamHL_b66_r1_m11_lay11,COMPLETED,"Effects applied on exit",263394.65
5046,2026-07-01 12:25:11.009,NailingBeamHL,NailingBeamHL_b68_r1_m12_lay12,STARTED,"HL subtree tick: FF_Default_DynamicFlow_NailingBeamHL_b68_r1_m12_lay12; DeltaTime: 0.100",263545.51
5047,2026-07-01 12:25:11.363,TravelML,TravelML_r1_pr3_pr4,STARTED,"ML action execution; DeltaTime: 0.100",263899.51
5048,2026-07-01 12:25:11.363,TravelML,TravelML_r1_pr3_pr4,STARTED,"DeltaTime: 0.100",263899.53
5049,2026-07-01 12:25:11.363,TravelML,TravelML_r1_pr3_pr4,COMPLETED,"Action logic completed successfully",263899.54
5050,2026-07-01 12:25:11.367,TravelML,TravelML_r1_pr3_pr4,COMPLETED,"Effects applied on exit",263903.65
5051,2026-07-01 12:25:11.503,NailingBeamHL,NailingBeamHL_b68_r1_m12_lay12,STARTED,"HL subtree tick: FF_Default_DynamicFlow_NailingBeamHL_b68_r1_m12_lay12; DeltaTime: 0.100",264039.19
5052,2026-07-01 12:25:11.504,NailingML,NailingML_b68_pr4_r1_ng1,STARTED,"ML action execution; DeltaTime: 0.100",264040.25
5053,2026-07-01 12:25:11.504,NailingML,NailingML_b68_pr4_r1_ng1,STARTED,"DeltaTime: 0.100",264040.26
5054,2026-07-01 12:25:11.504,NailingML,NailingML_b68_pr4_r1_ng1,COMPLETED,"Action logic completed successfully",264040.26
5055,2026-07-01 12:25:11.508,NailingML,NailingML_b68_pr4_r1_ng1,COMPLETED,"Effects applied on exit",264044.35
5056,2026-07-01 12:25:11.646,NailingBeamHL,NailingBeamHL_b68_r1_m12_lay12,STARTED,"HL subtree tick: FF_Default_DynamicFlow_NailingBeamHL_b68_r1_m12_lay12; DeltaTime: 0.100",264182.32
5057,2026-07-01 12:25:11.646,NailingBeamHL,NailingBeamHL_b68_r1_m12_lay12,COMPLETED,"Subtree execution completed successfully",264182.71
5058,2026-07-01 12:25:11.646,NailingBeamHL,NailingBeamHL_b68_r1_m12_lay12,STARTED,"DeltaTime: 0.100",264182.71
5059,2026-07-01 12:25:11.646,NailingBeamHL,NailingBeamHL_b68_r1_m12_lay12,COMPLETED,"Action logic completed successfully",264182.72
5060,2026-07-01 12:25:11.650,NailingBeamHL,NailingBeamHL_b68_r1_m12_lay12,COMPLETED,"Effects applied on exit",264186.15
5061,2026-07-01 12:25:11.793,NailingBeamHL,NailingBeamHL_b70_r1_m12_lay12,STARTED,"HL subtree tick: FF_Default_DynamicFlow_NailingBeamHL_b70_r1_m12_lay12; DeltaTime: 0.100",264329.45
5062,2026-07-01 12:25:12.138,NailingML,NailingML_b70_pr4_r1_ng1,STARTED,"ML action execution; DeltaTime: 0.100",264674.85
5063,2026-07-01 12:25:12.138,NailingML,NailingML_b70_pr4_r1_ng1,STARTED,"DeltaTime: 0.100",264674.86
5064,2026-07-01 12:25:12.138,NailingML,NailingML_b70_pr4_r1_ng1,COMPLETED,"Action logic completed successfully",264674.87
5065,2026-07-01 12:25:12.142,NailingML,NailingML_b70_pr4_r1_ng1,COMPLETED,"Effects applied on exit",264678.84
5066,2026-07-01 12:25:12.277,NailingBeamHL,NailingBeamHL_b70_r1_m12_lay12,STARTED,"HL subtree tick: FF_Default_DynamicFlow_NailingBeamHL_b70_r1_m12_lay12; DeltaTime: 0.100",264813.68
5067,2026-07-01 12:25:12.278,NailingBeamHL,NailingBeamHL_b70_r1_m12_lay12,COMPLETED,"Subtree execution completed successfully",264813.98
5068,2026-07-01 12:25:12.278,NailingBeamHL,NailingBeamHL_b70_r1_m12_lay12,STARTED,"DeltaTime: 0.100",264813.99
5069,2026-07-01 12:25:12.278,NailingBeamHL,NailingBeamHL_b70_r1_m12_lay12,COMPLETED,"Action logic completed successfully",264813.99
5070,2026-07-01 12:25:12.282,NailingBeamHL,NailingBeamHL_b70_r1_m12_lay12,COMPLETED,"Effects applied on exit",264818.11
5071,2026-07-01 12:25:12.426,NailingBeamHL,NailingBeamHL_b69_r1_m12_lay12,STARTED,"HL subtree tick: FF_Default_DynamicFlow_NailingBeamHL_b69_r1_m12_lay12; DeltaTime: 0.100",264962.33
5072,2026-07-01 12:25:12.771,NailingML,NailingML_b69_pr4_r1_ng1,STARTED,"ML action execution; DeltaTime: 0.100",265307.47
5073,2026-07-01 12:25:12.771,NailingML,NailingML_b69_pr4_r1_ng1,STARTED,"DeltaTime: 0.100",265307.48
5074,2026-07-01 12:25:12.771,NailingML,NailingML_b69_pr4_r1_ng1,COMPLETED,"Action logic completed successfully",265307.49
5075,2026-07-01 12:25:12.775,NailingML,NailingML_b69_pr4_r1_ng1,COMPLETED,"Effects applied on exit",265311.39
5076,2026-07-01 12:25:12.917,NailingBeamHL,NailingBeamHL_b69_r1_m12_lay12,STARTED,"HL subtree tick: FF_Default_DynamicFlow_NailingBeamHL_b69_r1_m12_lay12; DeltaTime: 0.100",265452.92
5077,2026-07-01 12:25:12.917,NailingBeamHL,NailingBeamHL_b69_r1_m12_lay12,COMPLETED,"Subtree execution completed successfully",265453.57
5078,2026-07-01 12:25:12.917,NailingBeamHL,NailingBeamHL_b69_r1_m12_lay12,STARTED,"DeltaTime: 0.100",265453.59
5079,2026-07-01 12:25:12.917,NailingBeamHL,NailingBeamHL_b69_r1_m12_lay12,COMPLETED,"Action logic completed successfully",265453.60
5080,2026-07-01 12:25:12.922,NailingBeamHL,NailingBeamHL_b69_r1_m12_lay12,COMPLETED,"Effects applied on exit",265458.62
5081,2026-07-01 12:25:13.083,NailingBeamHL,NailingBeamHL_b71_r1_m12_lay12,STARTED,"HL subtree tick: FF_Default_DynamicFlow_NailingBeamHL_b71_r1_m12_lay12; DeltaTime: 0.100",265619.08
5082,2026-07-01 12:25:13.443,NailingML,NailingML_b71_pr4_r1_ng1,STARTED,"ML action execution; DeltaTime: 0.100",265979.89
5083,2026-07-01 12:25:13.443,NailingML,NailingML_b71_pr4_r1_ng1,STARTED,"DeltaTime: 0.100",265979.90
5084,2026-07-01 12:25:13.444,NailingML,NailingML_b71_pr4_r1_ng1,COMPLETED,"Action logic completed successfully",265979.91
5085,2026-07-01 12:25:13.447,NailingML,NailingML_b71_pr4_r1_ng1,COMPLETED,"Effects applied on exit",265983.84
5086,2026-07-01 12:25:13.584,NailingBeamHL,NailingBeamHL_b71_r1_m12_lay12,STARTED,"HL subtree tick: FF_Default_DynamicFlow_NailingBeamHL_b71_r1_m12_lay12; DeltaTime: 0.100",266120.17
5087,2026-07-01 12:25:13.584,NailingBeamHL,NailingBeamHL_b71_r1_m12_lay12,COMPLETED,"Subtree execution completed successfully",266120.57
5088,2026-07-01 12:25:13.584,NailingBeamHL,NailingBeamHL_b71_r1_m12_lay12,STARTED,"DeltaTime: 0.100",266120.58
5089,2026-07-01 12:25:13.584,NailingBeamHL,NailingBeamHL_b71_r1_m12_lay12,COMPLETED,"Action logic completed successfully",266120.58
5090,2026-07-01 12:25:13.587,NailingBeamHL,NailingBeamHL_b71_r1_m12_lay12,COMPLETED,"Effects applied on exit",266123.86
5091,2026-07-01 12:25:13.738,NailingBeamHL,NailingBeamHL_b67_r1_m12_lay12,STARTED,"HL subtree tick: FF_Default_DynamicFlow_NailingBeamHL_b67_r1_m12_lay12; DeltaTime: 0.100",266274.23
5092,2026-07-01 12:25:14.083,NailingML,NailingML_b67_pr4_r1_ng1,STARTED,"ML action execution; DeltaTime: 0.100",266618.92
5093,2026-07-01 12:25:14.083,NailingML,NailingML_b67_pr4_r1_ng1,STARTED,"DeltaTime: 0.100",266618.93
5094,2026-07-01 12:25:14.083,NailingML,NailingML_b67_pr4_r1_ng1,COMPLETED,"Action logic completed successfully",266618.94
5095,2026-07-01 12:25:14.089,NailingML,NailingML_b67_pr4_r1_ng1,COMPLETED,"Effects applied on exit",266625.31
5096,2026-07-01 12:25:14.231,NailingBeamHL,NailingBeamHL_b67_r1_m12_lay12,STARTED,"HL subtree tick: FF_Default_DynamicFlow_NailingBeamHL_b67_r1_m12_lay12; DeltaTime: 0.100",266767.68
5097,2026-07-01 12:25:14.232,NailingBeamHL,NailingBeamHL_b67_r1_m12_lay12,COMPLETED,"Subtree execution completed successfully",266767.97
5098,2026-07-01 12:25:14.232,NailingBeamHL,NailingBeamHL_b67_r1_m12_lay12,STARTED,"DeltaTime: 0.100",266767.98
5099,2026-07-01 12:25:14.232,NailingBeamHL,NailingBeamHL_b67_r1_m12_lay12,COMPLETED,"Action logic completed successfully",266767.98
5100,2026-07-01 12:25:14.235,NailingBeamHL,NailingBeamHL_b67_r1_m12_lay12,COMPLETED,"Effects applied on exit",266771.06
5101,2026-07-01 12:25:14.380,NailingBeamHL,NailingBeamHL_b72_r1_m12_lay12,STARTED,"HL subtree tick: FF_Default_DynamicFlow_NailingBeamHL_b72_r1_m12_lay12; DeltaTime: 0.100",266916.10
5102,2026-07-01 12:25:14.734,NailingML,NailingML_b72_pr4_r1_ng1,STARTED,"ML action execution; DeltaTime: 0.100",267269.94
5103,2026-07-01 12:25:14.734,NailingML,NailingML_b72_pr4_r1_ng1,STARTED,"DeltaTime: 0.100",267269.96
5104,2026-07-01 12:25:14.734,NailingML,NailingML_b72_pr4_r1_ng1,COMPLETED,"Action logic completed successfully",267269.97
5105,2026-07-01 12:25:14.739,NailingML,NailingML_b72_pr4_r1_ng1,COMPLETED,"Effects applied on exit",267275.32
5106,2026-07-01 12:25:14.882,NailingBeamHL,NailingBeamHL_b72_r1_m12_lay12,STARTED,"HL subtree tick: FF_Default_DynamicFlow_NailingBeamHL_b72_r1_m12_lay12; DeltaTime: 0.100",267418.79
5107,2026-07-01 12:25:14.883,NailingBeamHL,NailingBeamHL_b72_r1_m12_lay12,COMPLETED,"Subtree execution completed successfully",267419.42
5108,2026-07-01 12:25:14.883,NailingBeamHL,NailingBeamHL_b72_r1_m12_lay12,STARTED,"DeltaTime: 0.100",267419.44
5109,2026-07-01 12:25:14.883,NailingBeamHL,NailingBeamHL_b72_r1_m12_lay12,COMPLETED,"Action logic completed successfully",267419.45
5110,2026-07-01 12:25:14.889,NailingBeamHL,NailingBeamHL_b72_r1_m12_lay12,COMPLETED,"Effects applied on exit",267425.07
5111,2026-07-01 12:25:15.041,GluingBeamHL,GluingBeamHL_b49_r1_m9_lay9,STARTED,"HL subtree tick: FF_Default_DynamicFlow_GluingBeamHL_b49_r1_m9_lay9; DeltaTime: 0.100",267577.15
5112,2026-07-01 12:25:15.369,TravelML,TravelML_r1_pr4_ep3,STARTED,"ML action execution; DeltaTime: 0.100",267905.34
5113,2026-07-01 12:25:15.369,TravelML,TravelML_r1_pr4_ep3,STARTED,"DeltaTime: 0.100",267905.35
5114,2026-07-01 12:25:15.369,TravelML,TravelML_r1_pr4_ep3,COMPLETED,"Action logic completed successfully",267905.36
5115,2026-07-01 12:25:15.373,TravelML,TravelML_r1_pr4_ep3,COMPLETED,"Effects applied on exit",267909.32
5116,2026-07-01 12:25:15.507,GluingBeamHL,GluingBeamHL_b49_r1_m9_lay9,STARTED,"HL subtree tick: FF_Default_DynamicFlow_GluingBeamHL_b49_r1_m9_lay9; DeltaTime: 0.100",268043.69
5117,2026-07-01 12:25:15.509,CloseToolML,CloseToolML_r1_ng1,STARTED,"ML action execution; DeltaTime: 0.100",268045.11
5118,2026-07-01 12:25:15.509,CloseToolML,CloseToolML_r1_ng1,STARTED,"DeltaTime: 0.100",268045.12
5119,2026-07-01 12:25:15.509,CloseToolML,CloseToolML_r1_ng1,COMPLETED,"Action logic completed successfully",268045.13
5120,2026-07-01 12:25:15.512,CloseToolML,CloseToolML_r1_ng1,COMPLETED,"Effects applied on exit",268048.28
5121,2026-07-01 12:25:15.652,GluingBeamHL,GluingBeamHL_b49_r1_m9_lay9,STARTED,"HL subtree tick: FF_Default_DynamicFlow_GluingBeamHL_b49_r1_m9_lay9; DeltaTime: 0.100",268188.66
5122,2026-07-01 12:25:15.655,DeequipML,DeequipML_r1_ng1_ep3,STARTED,"ML action execution; DeltaTime: 0.100",268191.85
5123,2026-07-01 12:25:15.655,DeequipML,DeequipML_r1_ng1_ep3,STARTED,"DeltaTime: 0.100",268191.86
5124,2026-07-01 12:25:15.655,DeequipML,DeequipML_r1_ng1_ep3,COMPLETED,"Action logic completed successfully",268191.88
5125,2026-07-01 12:25:15.664,DeequipML,DeequipML_r1_ng1_ep3,COMPLETED,"Effects applied on exit",268199.98
5126,2026-07-01 12:25:15.809,GluingBeamHL,GluingBeamHL_b49_r1_m9_lay9,STARTED,"HL subtree tick: FF_Default_DynamicFlow_GluingBeamHL_b49_r1_m9_lay9; DeltaTime: 0.100",268345.54
5127,2026-07-01 12:25:15.811,TravelML,TravelML_r1_ep3_ep2,STARTED,"ML action execution; DeltaTime: 0.100",268347.31
5128,2026-07-01 12:25:15.811,TravelML,TravelML_r1_ep3_ep2,STARTED,"DeltaTime: 0.100",268347.32
5129,2026-07-01 12:25:15.811,TravelML,TravelML_r1_ep3_ep2,COMPLETED,"Action logic completed successfully",268347.33
5130,2026-07-01 12:25:15.815,TravelML,TravelML_r1_ep3_ep2,COMPLETED,"Effects applied on exit",268351.20
5131,2026-07-01 12:25:15.952,GluingBeamHL,GluingBeamHL_b49_r1_m9_lay9,STARTED,"HL subtree tick: FF_Default_DynamicFlow_GluingBeamHL_b49_r1_m9_lay9; DeltaTime: 0.100",268488.22
5132,2026-07-01 12:25:15.953,EquipeML,EquipeML_r1_gg1_ep2,STARTED,"ML action execution; DeltaTime: 0.100",268489.65
5133,2026-07-01 12:25:15.953,EquipeML,EquipeML_r1_gg1_ep2,STARTED,"DeltaTime: 0.100",268489.67
5134,2026-07-01 12:25:15.953,EquipeML,EquipeML_r1_gg1_ep2,COMPLETED,"Action logic completed successfully",268489.67
5135,2026-07-01 12:25:15.957,EquipeML,EquipeML_r1_gg1_ep2,COMPLETED,"Effects applied on exit",268493.76
5136,2026-07-01 12:25:16.095,GluingBeamHL,GluingBeamHL_b49_r1_m9_lay9,STARTED,"HL subtree tick: FF_Default_DynamicFlow_GluingBeamHL_b49_r1_m9_lay9; DeltaTime: 0.100",268631.61
5137,2026-07-01 12:25:16.097,TravelML,TravelML_r1_ep2_pr1,STARTED,"ML action execution; DeltaTime: 0.100",268633.33
5138,2026-07-01 12:25:16.097,TravelML,TravelML_r1_ep2_pr1,STARTED,"DeltaTime: 0.100",268633.34
5139,2026-07-01 12:25:16.097,TravelML,TravelML_r1_ep2_pr1,COMPLETED,"Action logic completed successfully",268633.34
5140,2026-07-01 12:25:16.101,TravelML,TravelML_r1_ep2_pr1,COMPLETED,"Effects applied on exit",268637.57
5141,2026-07-01 12:25:16.238,GluingBeamHL,GluingBeamHL_b49_r1_m9_lay9,STARTED,"HL subtree tick: FF_Default_DynamicFlow_GluingBeamHL_b49_r1_m9_lay9; DeltaTime: 0.100",268774.53
5142,2026-07-01 12:25:16.240,InitializeML,InitializeML_r1_gg1,STARTED,"ML action execution; DeltaTime: 0.100",268776.39
5143,2026-07-01 12:25:16.240,InitializeML,InitializeML_r1_gg1,STARTED,"DeltaTime: 0.100",268776.40
5144,2026-07-01 12:25:16.240,InitializeML,InitializeML_r1_gg1,COMPLETED,"Action logic completed successfully",268776.41
5145,2026-07-01 12:25:16.244,InitializeML,InitializeML_r1_gg1,COMPLETED,"Effects applied on exit",268780.36
5146,2026-07-01 12:25:16.381,GluingBeamHL,GluingBeamHL_b49_r1_m9_lay9,STARTED,"HL subtree tick: FF_Default_DynamicFlow_GluingBeamHL_b49_r1_m9_lay9; DeltaTime: 0.100",268917.01
5147,2026-07-01 12:25:16.382,GluingML,GluingML_b49_pr1_r1_gg1,STARTED,"ML action execution; DeltaTime: 0.100",268918.67
5148,2026-07-01 12:25:16.382,GluingML,GluingML_b49_pr1_r1_gg1,STARTED,"DeltaTime: 0.100",268918.68
5149,2026-07-01 12:25:16.382,GluingML,GluingML_b49_pr1_r1_gg1,COMPLETED,"Action logic completed successfully",268918.69
5150,2026-07-01 12:25:16.387,GluingML,GluingML_b49_pr1_r1_gg1,COMPLETED,"Effects applied on exit",268922.95
5151,2026-07-01 12:25:16.522,GluingBeamHL,GluingBeamHL_b49_r1_m9_lay9,STARTED,"HL subtree tick: FF_Default_DynamicFlow_GluingBeamHL_b49_r1_m9_lay9; DeltaTime: 0.100",269058.27
5152,2026-07-01 12:25:16.523,GluingBeamHL,GluingBeamHL_b49_r1_m9_lay9,COMPLETED,"Subtree execution completed successfully",269059.10
5153,2026-07-01 12:25:16.523,GluingBeamHL,GluingBeamHL_b49_r1_m9_lay9,STARTED,"DeltaTime: 0.100",269059.11
5154,2026-07-01 12:25:16.523,GluingBeamHL,GluingBeamHL_b49_r1_m9_lay9,COMPLETED,"Action logic completed successfully",269059.12
5155,2026-07-01 12:25:16.526,GluingBeamHL,GluingBeamHL_b49_r1_m9_lay9,COMPLETED,"Effects applied on exit",269062.64
5156,2026-07-01 12:25:16.676,GluingBeamHL,GluingBeamHL_b50_r1_m9_lay9,STARTED,"HL subtree tick: FF_Default_DynamicFlow_GluingBeamHL_b50_r1_m9_lay9; DeltaTime: 0.100",269211.91
5157,2026-07-01 12:25:17.005,GluingML,GluingML_b50_pr1_r1_gg1,STARTED,"ML action execution; DeltaTime: 0.100",269541.27
5158,2026-07-01 12:25:17.005,GluingML,GluingML_b50_pr1_r1_gg1,STARTED,"DeltaTime: 0.100",269541.29
5159,2026-07-01 12:25:17.005,GluingML,GluingML_b50_pr1_r1_gg1,COMPLETED,"Action logic completed successfully",269541.29
5160,2026-07-01 12:25:17.009,GluingML,GluingML_b50_pr1_r1_gg1,COMPLETED,"Effects applied on exit",269544.98
5161,2026-07-01 12:25:17.140,GluingBeamHL,GluingBeamHL_b50_r1_m9_lay9,STARTED,"HL subtree tick: FF_Default_DynamicFlow_GluingBeamHL_b50_r1_m9_lay9; DeltaTime: 0.100",269676.69
5162,2026-07-01 12:25:17.141,GluingBeamHL,GluingBeamHL_b50_r1_m9_lay9,COMPLETED,"Subtree execution completed successfully",269676.96
5163,2026-07-01 12:25:17.141,GluingBeamHL,GluingBeamHL_b50_r1_m9_lay9,STARTED,"DeltaTime: 0.100",269676.97
5164,2026-07-01 12:25:17.141,GluingBeamHL,GluingBeamHL_b50_r1_m9_lay9,COMPLETED,"Action logic completed successfully",269676.98
5165,2026-07-01 12:25:17.144,GluingBeamHL,GluingBeamHL_b50_r1_m9_lay9,COMPLETED,"Effects applied on exit",269680.48
5166,2026-07-01 12:25:17.291,GluingBeamHL,GluingBeamHL_b53_r1_m9_lay9,STARTED,"HL subtree tick: FF_Default_DynamicFlow_GluingBeamHL_b53_r1_m9_lay9; DeltaTime: 0.100",269827.09
5167,2026-07-01 12:25:17.588,GluingML,GluingML_b53_pr1_r1_gg1,STARTED,"ML action execution; DeltaTime: 0.100",270124.03
5168,2026-07-01 12:25:17.588,GluingML,GluingML_b53_pr1_r1_gg1,STARTED,"DeltaTime: 0.100",270124.04
5169,2026-07-01 12:25:17.588,GluingML,GluingML_b53_pr1_r1_gg1,COMPLETED,"Action logic completed successfully",270124.05
5170,2026-07-01 12:25:17.592,GluingML,GluingML_b53_pr1_r1_gg1,COMPLETED,"Effects applied on exit",270128.07
5171,2026-07-01 12:25:17.732,GluingBeamHL,GluingBeamHL_b53_r1_m9_lay9,STARTED,"HL subtree tick: FF_Default_DynamicFlow_GluingBeamHL_b53_r1_m9_lay9; DeltaTime: 0.100",270268.33
5172,2026-07-01 12:25:17.732,GluingBeamHL,GluingBeamHL_b53_r1_m9_lay9,COMPLETED,"Subtree execution completed successfully",270268.68
5173,2026-07-01 12:25:17.732,GluingBeamHL,GluingBeamHL_b53_r1_m9_lay9,STARTED,"DeltaTime: 0.100",270268.69
5174,2026-07-01 12:25:17.732,GluingBeamHL,GluingBeamHL_b53_r1_m9_lay9,COMPLETED,"Action logic completed successfully",270268.70
5175,2026-07-01 12:25:17.736,GluingBeamHL,GluingBeamHL_b53_r1_m9_lay9,COMPLETED,"Effects applied on exit",270271.98
5176,2026-07-01 12:25:17.883,GluingBeamHL,GluingBeamHL_b54_r1_m9_lay9,STARTED,"HL subtree tick: FF_Default_DynamicFlow_GluingBeamHL_b54_r1_m9_lay9; DeltaTime: 0.100",270419.81
5177,2026-07-01 12:25:18.242,GluingML,GluingML_b54_pr1_r1_gg1,STARTED,"ML action execution; DeltaTime: 0.100",270778.77
5178,2026-07-01 12:25:18.242,GluingML,GluingML_b54_pr1_r1_gg1,STARTED,"DeltaTime: 0.100",270778.78
5179,2026-07-01 12:25:18.242,GluingML,GluingML_b54_pr1_r1_gg1,COMPLETED,"Action logic completed successfully",270778.78
5180,2026-07-01 12:25:18.247,GluingML,GluingML_b54_pr1_r1_gg1,COMPLETED,"Effects applied on exit",270783.53
5181,2026-07-01 12:25:18.382,GluingBeamHL,GluingBeamHL_b54_r1_m9_lay9,STARTED,"HL subtree tick: FF_Default_DynamicFlow_GluingBeamHL_b54_r1_m9_lay9; DeltaTime: 0.100",270918.56
5182,2026-07-01 12:25:18.382,GluingBeamHL,GluingBeamHL_b54_r1_m9_lay9,COMPLETED,"Subtree execution completed successfully",270918.85
5183,2026-07-01 12:25:18.382,GluingBeamHL,GluingBeamHL_b54_r1_m9_lay9,STARTED,"DeltaTime: 0.100",270918.86
5184,2026-07-01 12:25:18.382,GluingBeamHL,GluingBeamHL_b54_r1_m9_lay9,COMPLETED,"Action logic completed successfully",270918.87
5185,2026-07-01 12:25:18.386,GluingBeamHL,GluingBeamHL_b54_r1_m9_lay9,COMPLETED,"Effects applied on exit",270922.43
5186,2026-07-01 12:25:18.563,GluingBeamHL,GluingBeamHL_b52_r1_m9_lay9,STARTED,"HL subtree tick: FF_Default_DynamicFlow_GluingBeamHL_b52_r1_m9_lay9; DeltaTime: 0.100",271099.31
5187,2026-07-01 12:25:18.872,GluingML,GluingML_b52_pr1_r1_gg1,STARTED,"ML action execution; DeltaTime: 0.100",271408.52
5188,2026-07-01 12:25:18.872,GluingML,GluingML_b52_pr1_r1_gg1,STARTED,"DeltaTime: 0.100",271408.53
5189,2026-07-01 12:25:18.872,GluingML,GluingML_b52_pr1_r1_gg1,COMPLETED,"Action logic completed successfully",271408.54
5190,2026-07-01 12:25:18.876,GluingML,GluingML_b52_pr1_r1_gg1,COMPLETED,"Effects applied on exit",271412.48
5191,2026-07-01 12:25:19.013,GluingBeamHL,GluingBeamHL_b52_r1_m9_lay9,STARTED,"HL subtree tick: FF_Default_DynamicFlow_GluingBeamHL_b52_r1_m9_lay9; DeltaTime: 0.100",271549.82
5192,2026-07-01 12:25:19.014,GluingBeamHL,GluingBeamHL_b52_r1_m9_lay9,COMPLETED,"Subtree execution completed successfully",271550.10
5193,2026-07-01 12:25:19.014,GluingBeamHL,GluingBeamHL_b52_r1_m9_lay9,STARTED,"DeltaTime: 0.100",271550.11
5194,2026-07-01 12:25:19.014,GluingBeamHL,GluingBeamHL_b52_r1_m9_lay9,COMPLETED,"Action logic completed successfully",271550.12
5195,2026-07-01 12:25:19.017,GluingBeamHL,GluingBeamHL_b52_r1_m9_lay9,COMPLETED,"Effects applied on exit",271553.62
5196,2026-07-01 12:25:19.162,GluingBeamHL,GluingBeamHL_b51_r1_m9_lay9,STARTED,"HL subtree tick: FF_Default_DynamicFlow_GluingBeamHL_b51_r1_m9_lay9; DeltaTime: 0.100",271698.07
5197,2026-07-01 12:25:19.483,GluingML,GluingML_b51_pr1_r1_gg1,STARTED,"ML action execution; DeltaTime: 0.100",272019.76
5198,2026-07-01 12:25:19.483,GluingML,GluingML_b51_pr1_r1_gg1,STARTED,"DeltaTime: 0.100",272019.77
5199,2026-07-01 12:25:19.483,GluingML,GluingML_b51_pr1_r1_gg1,COMPLETED,"Action logic completed successfully",272019.78
5200,2026-07-01 12:25:19.487,GluingML,GluingML_b51_pr1_r1_gg1,COMPLETED,"Effects applied on exit",272023.80
5201,2026-07-01 12:25:19.626,GluingBeamHL,GluingBeamHL_b51_r1_m9_lay9,STARTED,"HL subtree tick: FF_Default_DynamicFlow_GluingBeamHL_b51_r1_m9_lay9; DeltaTime: 0.100",272162.61
5202,2026-07-01 12:25:19.627,GluingBeamHL,GluingBeamHL_b51_r1_m9_lay9,COMPLETED,"Subtree execution completed successfully",272163.01
5203,2026-07-01 12:25:19.627,GluingBeamHL,GluingBeamHL_b51_r1_m9_lay9,STARTED,"DeltaTime: 0.100",272163.02
5204,2026-07-01 12:25:19.627,GluingBeamHL,GluingBeamHL_b51_r1_m9_lay9,COMPLETED,"Action logic completed successfully",272163.03
5205,2026-07-01 12:25:19.632,GluingBeamHL,GluingBeamHL_b51_r1_m9_lay9,COMPLETED,"Effects applied on exit",272168.23
5206,2026-07-01 12:25:19.776,GluingBeamHL,GluingBeamHL_b55_r1_m10_lay10,STARTED,"HL subtree tick: FF_Default_DynamicFlow_GluingBeamHL_b55_r1_m10_lay10; DeltaTime: 0.100",272312.84
5207,2026-07-01 12:25:20.127,TravelML,TravelML_r1_pr1_pr2,STARTED,"ML action execution; DeltaTime: 0.100",272663.79
5208,2026-07-01 12:25:20.127,TravelML,TravelML_r1_pr1_pr2,STARTED,"DeltaTime: 0.100",272663.80
5209,2026-07-01 12:25:20.127,TravelML,TravelML_r1_pr1_pr2,COMPLETED,"Action logic completed successfully",272663.81
5210,2026-07-01 12:25:20.131,TravelML,TravelML_r1_pr1_pr2,COMPLETED,"Effects applied on exit",272667.81
5211,2026-07-01 12:25:20.274,GluingBeamHL,GluingBeamHL_b55_r1_m10_lay10,STARTED,"HL subtree tick: FF_Default_DynamicFlow_GluingBeamHL_b55_r1_m10_lay10; DeltaTime: 0.100",272810.50
5212,2026-07-01 12:25:20.275,GluingML,GluingML_b55_pr2_r1_gg1,STARTED,"ML action execution; DeltaTime: 0.100",272811.68
5213,2026-07-01 12:25:20.275,GluingML,GluingML_b55_pr2_r1_gg1,STARTED,"DeltaTime: 0.100",272811.69
5214,2026-07-01 12:25:20.275,GluingML,GluingML_b55_pr2_r1_gg1,COMPLETED,"Action logic completed successfully",272811.70
5215,2026-07-01 12:25:20.280,GluingML,GluingML_b55_pr2_r1_gg1,COMPLETED,"Effects applied on exit",272816.25
5216,2026-07-01 12:25:20.416,GluingBeamHL,GluingBeamHL_b55_r1_m10_lay10,STARTED,"HL subtree tick: FF_Default_DynamicFlow_GluingBeamHL_b55_r1_m10_lay10; DeltaTime: 0.100",272952.20
5217,2026-07-01 12:25:20.416,GluingBeamHL,GluingBeamHL_b55_r1_m10_lay10,COMPLETED,"Subtree execution completed successfully",272952.75
5218,2026-07-01 12:25:20.416,GluingBeamHL,GluingBeamHL_b55_r1_m10_lay10,STARTED,"DeltaTime: 0.100",272952.76
5219,2026-07-01 12:25:20.416,GluingBeamHL,GluingBeamHL_b55_r1_m10_lay10,COMPLETED,"Action logic completed successfully",272952.77
5220,2026-07-01 12:25:20.420,GluingBeamHL,GluingBeamHL_b55_r1_m10_lay10,COMPLETED,"Effects applied on exit",272956.45
5221,2026-07-01 12:25:20.567,GluingBeamHL,GluingBeamHL_b56_r1_m10_lay10,STARTED,"HL subtree tick: FF_Default_DynamicFlow_GluingBeamHL_b56_r1_m10_lay10; DeltaTime: 0.100",273103.64
5222,2026-07-01 12:25:20.911,GluingML,GluingML_b56_pr2_r1_gg1,STARTED,"ML action execution; DeltaTime: 0.100",273447.34
5223,2026-07-01 12:25:20.911,GluingML,GluingML_b56_pr2_r1_gg1,STARTED,"DeltaTime: 0.100",273447.35
5224,2026-07-01 12:25:20.911,GluingML,GluingML_b56_pr2_r1_gg1,COMPLETED,"Action logic completed successfully",273447.36
5225,2026-07-01 12:25:20.915,GluingML,GluingML_b56_pr2_r1_gg1,COMPLETED,"Effects applied on exit",273451.30
5226,2026-07-01 12:25:21.059,GluingBeamHL,GluingBeamHL_b56_r1_m10_lay10,STARTED,"HL subtree tick: FF_Default_DynamicFlow_GluingBeamHL_b56_r1_m10_lay10; DeltaTime: 0.100",273594.90
5227,2026-07-01 12:25:21.059,GluingBeamHL,GluingBeamHL_b56_r1_m10_lay10,COMPLETED,"Subtree execution completed successfully",273595.19
5228,2026-07-01 12:25:21.059,GluingBeamHL,GluingBeamHL_b56_r1_m10_lay10,STARTED,"DeltaTime: 0.100",273595.20
5229,2026-07-01 12:25:21.059,GluingBeamHL,GluingBeamHL_b56_r1_m10_lay10,COMPLETED,"Action logic completed successfully",273595.21
5230,2026-07-01 12:25:21.062,GluingBeamHL,GluingBeamHL_b56_r1_m10_lay10,COMPLETED,"Effects applied on exit",273598.60
5231,2026-07-01 12:25:21.212,GluingBeamHL,GluingBeamHL_b59_r1_m10_lay10,STARTED,"HL subtree tick: FF_Default_DynamicFlow_GluingBeamHL_b59_r1_m10_lay10; DeltaTime: 0.100",273747.92
5232,2026-07-01 12:25:21.550,GluingML,GluingML_b59_pr2_r1_gg1,STARTED,"ML action execution; DeltaTime: 0.100",274086.30
5233,2026-07-01 12:25:21.550,GluingML,GluingML_b59_pr2_r1_gg1,STARTED,"DeltaTime: 0.100",274086.31
5234,2026-07-01 12:25:21.550,GluingML,GluingML_b59_pr2_r1_gg1,COMPLETED,"Action logic completed successfully",274086.32
5235,2026-07-01 12:25:21.554,GluingML,GluingML_b59_pr2_r1_gg1,COMPLETED,"Effects applied on exit",274090.73
5236,2026-07-01 12:25:21.698,GluingBeamHL,GluingBeamHL_b59_r1_m10_lay10,STARTED,"HL subtree tick: FF_Default_DynamicFlow_GluingBeamHL_b59_r1_m10_lay10; DeltaTime: 0.100",274234.38
5237,2026-07-01 12:25:21.698,GluingBeamHL,GluingBeamHL_b59_r1_m10_lay10,COMPLETED,"Subtree execution completed successfully",274234.73
5238,2026-07-01 12:25:21.698,GluingBeamHL,GluingBeamHL_b59_r1_m10_lay10,STARTED,"DeltaTime: 0.100",274234.74
5239,2026-07-01 12:25:21.698,GluingBeamHL,GluingBeamHL_b59_r1_m10_lay10,COMPLETED,"Action logic completed successfully",274234.74
5240,2026-07-01 12:25:21.702,GluingBeamHL,GluingBeamHL_b59_r1_m10_lay10,COMPLETED,"Effects applied on exit",274237.98
5241,2026-07-01 12:25:21.854,GluingBeamHL,GluingBeamHL_b60_r1_m10_lay10,STARTED,"HL subtree tick: FF_Default_DynamicFlow_GluingBeamHL_b60_r1_m10_lay10; DeltaTime: 0.100",274390.21
5242,2026-07-01 12:25:22.226,GluingML,GluingML_b60_pr2_r1_gg1,STARTED,"ML action execution; DeltaTime: 0.100",274762.08
5243,2026-07-01 12:25:22.226,GluingML,GluingML_b60_pr2_r1_gg1,STARTED,"DeltaTime: 0.100",274762.09
5244,2026-07-01 12:25:22.226,GluingML,GluingML_b60_pr2_r1_gg1,COMPLETED,"Action logic completed successfully",274762.10
5245,2026-07-01 12:25:22.230,GluingML,GluingML_b60_pr2_r1_gg1,COMPLETED,"Effects applied on exit",274765.93
5246,2026-07-01 12:25:22.385,GluingBeamHL,GluingBeamHL_b60_r1_m10_lay10,STARTED,"HL subtree tick: FF_Default_DynamicFlow_GluingBeamHL_b60_r1_m10_lay10; DeltaTime: 0.100",274920.91
5247,2026-07-01 12:25:22.385,GluingBeamHL,GluingBeamHL_b60_r1_m10_lay10,COMPLETED,"Subtree execution completed successfully",274921.42
5248,2026-07-01 12:25:22.385,GluingBeamHL,GluingBeamHL_b60_r1_m10_lay10,STARTED,"DeltaTime: 0.100",274921.43
5249,2026-07-01 12:25:22.385,GluingBeamHL,GluingBeamHL_b60_r1_m10_lay10,COMPLETED,"Action logic completed successfully",274921.44
5250,2026-07-01 12:25:22.390,GluingBeamHL,GluingBeamHL_b60_r1_m10_lay10,COMPLETED,"Effects applied on exit",274926.66
5251,2026-07-01 12:25:22.564,GluingBeamHL,GluingBeamHL_b58_r1_m10_lay10,STARTED,"HL subtree tick: FF_Default_DynamicFlow_GluingBeamHL_b58_r1_m10_lay10; DeltaTime: 0.100",275100.36
5252,2026-07-01 12:25:22.894,GluingML,GluingML_b58_pr2_r1_gg1,STARTED,"ML action execution; DeltaTime: 0.100",275430.83
5253,2026-07-01 12:25:22.894,GluingML,GluingML_b58_pr2_r1_gg1,STARTED,"DeltaTime: 0.100",275430.85
5254,2026-07-01 12:25:22.894,GluingML,GluingML_b58_pr2_r1_gg1,COMPLETED,"Action logic completed successfully",275430.85
5255,2026-07-01 12:25:22.899,GluingML,GluingML_b58_pr2_r1_gg1,COMPLETED,"Effects applied on exit",275435.48
5256,2026-07-01 12:25:23.036,GluingBeamHL,GluingBeamHL_b58_r1_m10_lay10,STARTED,"HL subtree tick: FF_Default_DynamicFlow_GluingBeamHL_b58_r1_m10_lay10; DeltaTime: 0.100",275572.44
5257,2026-07-01 12:25:23.036,GluingBeamHL,GluingBeamHL_b58_r1_m10_lay10,COMPLETED,"Subtree execution completed successfully",275572.81
5258,2026-07-01 12:25:23.036,GluingBeamHL,GluingBeamHL_b58_r1_m10_lay10,STARTED,"DeltaTime: 0.100",275572.82
5259,2026-07-01 12:25:23.036,GluingBeamHL,GluingBeamHL_b58_r1_m10_lay10,COMPLETED,"Action logic completed successfully",275572.82
5260,2026-07-01 12:25:23.040,GluingBeamHL,GluingBeamHL_b58_r1_m10_lay10,COMPLETED,"Effects applied on exit",275576.45
5261,2026-07-01 12:25:23.187,GluingBeamHL,GluingBeamHL_b57_r1_m10_lay10,STARTED,"HL subtree tick: FF_Default_DynamicFlow_GluingBeamHL_b57_r1_m10_lay10; DeltaTime: 0.100",275723.12
5262,2026-07-01 12:25:23.515,GluingML,GluingML_b57_pr2_r1_gg1,STARTED,"ML action execution; DeltaTime: 0.100",276051.12
5263,2026-07-01 12:25:23.515,GluingML,GluingML_b57_pr2_r1_gg1,STARTED,"DeltaTime: 0.100",276051.14
5264,2026-07-01 12:25:23.515,GluingML,GluingML_b57_pr2_r1_gg1,COMPLETED,"Action logic completed successfully",276051.15
5265,2026-07-01 12:25:23.521,GluingML,GluingML_b57_pr2_r1_gg1,COMPLETED,"Effects applied on exit",276057.03
5266,2026-07-01 12:25:23.665,GluingBeamHL,GluingBeamHL_b57_r1_m10_lay10,STARTED,"HL subtree tick: FF_Default_DynamicFlow_GluingBeamHL_b57_r1_m10_lay10; DeltaTime: 0.100",276201.19
5267,2026-07-01 12:25:23.665,GluingBeamHL,GluingBeamHL_b57_r1_m10_lay10,COMPLETED,"Subtree execution completed successfully",276201.57
5268,2026-07-01 12:25:23.665,GluingBeamHL,GluingBeamHL_b57_r1_m10_lay10,STARTED,"DeltaTime: 0.100",276201.58
5269,2026-07-01 12:25:23.665,GluingBeamHL,GluingBeamHL_b57_r1_m10_lay10,COMPLETED,"Action logic completed successfully",276201.58
5270,2026-07-01 12:25:23.669,GluingBeamHL,GluingBeamHL_b57_r1_m10_lay10,COMPLETED,"Effects applied on exit",276205.45
5271,2026-07-01 12:25:23.829,GluingBeamHL,GluingBeamHL_b61_r1_m11_lay11,STARTED,"HL subtree tick: FF_Default_DynamicFlow_GluingBeamHL_b61_r1_m11_lay11; DeltaTime: 0.100",276365.88
5272,2026-07-01 12:25:24.134,TravelML,TravelML_r1_pr2_pr3,STARTED,"ML action execution; DeltaTime: 0.100",276670.64
5273,2026-07-01 12:25:24.134,TravelML,TravelML_r1_pr2_pr3,STARTED,"DeltaTime: 0.100",276670.67
5274,2026-07-01 12:25:24.134,TravelML,TravelML_r1_pr2_pr3,COMPLETED,"Action logic completed successfully",276670.68
5275,2026-07-01 12:25:24.139,TravelML,TravelML_r1_pr2_pr3,COMPLETED,"Effects applied on exit",276675.53
5276,2026-07-01 12:25:24.281,GluingBeamHL,GluingBeamHL_b61_r1_m11_lay11,STARTED,"HL subtree tick: FF_Default_DynamicFlow_GluingBeamHL_b61_r1_m11_lay11; DeltaTime: 0.100",276817.06
5277,2026-07-01 12:25:24.282,GluingML,GluingML_b61_pr3_r1_gg1,STARTED,"ML action execution; DeltaTime: 0.100",276818.29
5278,2026-07-01 12:25:24.282,GluingML,GluingML_b61_pr3_r1_gg1,STARTED,"DeltaTime: 0.100",276818.30
5279,2026-07-01 12:25:24.282,GluingML,GluingML_b61_pr3_r1_gg1,COMPLETED,"Action logic completed successfully",276818.31
5280,2026-07-01 12:25:24.286,GluingML,GluingML_b61_pr3_r1_gg1,COMPLETED,"Effects applied on exit",276822.38
5281,2026-07-01 12:25:24.423,GluingBeamHL,GluingBeamHL_b61_r1_m11_lay11,STARTED,"HL subtree tick: FF_Default_DynamicFlow_GluingBeamHL_b61_r1_m11_lay11; DeltaTime: 0.100",276958.99
5282,2026-07-01 12:25:24.423,GluingBeamHL,GluingBeamHL_b61_r1_m11_lay11,COMPLETED,"Subtree execution completed successfully",276959.40
5283,2026-07-01 12:25:24.423,GluingBeamHL,GluingBeamHL_b61_r1_m11_lay11,STARTED,"DeltaTime: 0.100",276959.41
5284,2026-07-01 12:25:24.423,GluingBeamHL,GluingBeamHL_b61_r1_m11_lay11,COMPLETED,"Action logic completed successfully",276959.41
5285,2026-07-01 12:25:24.427,GluingBeamHL,GluingBeamHL_b61_r1_m11_lay11,COMPLETED,"Effects applied on exit",276963.13
5286,2026-07-01 12:25:24.570,GluingBeamHL,GluingBeamHL_b62_r1_m11_lay11,STARTED,"HL subtree tick: FF_Default_DynamicFlow_GluingBeamHL_b62_r1_m11_lay11; DeltaTime: 0.100",277106.74
5287,2026-07-01 12:25:24.858,GluingML,GluingML_b62_pr3_r1_gg1,STARTED,"ML action execution; DeltaTime: 0.100",277394.17
5288,2026-07-01 12:25:24.858,GluingML,GluingML_b62_pr3_r1_gg1,STARTED,"DeltaTime: 0.100",277394.19
5289,2026-07-01 12:25:24.858,GluingML,GluingML_b62_pr3_r1_gg1,COMPLETED,"Action logic completed successfully",277394.20
5290,2026-07-01 12:25:24.862,GluingML,GluingML_b62_pr3_r1_gg1,COMPLETED,"Effects applied on exit",277398.56
5291,2026-07-01 12:25:25.002,GluingBeamHL,GluingBeamHL_b62_r1_m11_lay11,STARTED,"HL subtree tick: FF_Default_DynamicFlow_GluingBeamHL_b62_r1_m11_lay11; DeltaTime: 0.100",277538.35
5292,2026-07-01 12:25:25.002,GluingBeamHL,GluingBeamHL_b62_r1_m11_lay11,COMPLETED,"Subtree execution completed successfully",277538.67
5293,2026-07-01 12:25:25.002,GluingBeamHL,GluingBeamHL_b62_r1_m11_lay11,STARTED,"DeltaTime: 0.100",277538.68
5294,2026-07-01 12:25:25.002,GluingBeamHL,GluingBeamHL_b62_r1_m11_lay11,COMPLETED,"Action logic completed successfully",277538.68
5295,2026-07-01 12:25:25.006,GluingBeamHL,GluingBeamHL_b62_r1_m11_lay11,COMPLETED,"Effects applied on exit",277542.19
5296,2026-07-01 12:25:25.151,GluingBeamHL,GluingBeamHL_b65_r1_m11_lay11,STARTED,"HL subtree tick: FF_Default_DynamicFlow_GluingBeamHL_b65_r1_m11_lay11; DeltaTime: 0.100",277687.61
5297,2026-07-01 12:25:25.462,GluingML,GluingML_b65_pr3_r1_gg1,STARTED,"ML action execution; DeltaTime: 0.100",277998.30
5298,2026-07-01 12:25:25.462,GluingML,GluingML_b65_pr3_r1_gg1,STARTED,"DeltaTime: 0.100",277998.31
5299,2026-07-01 12:25:25.462,GluingML,GluingML_b65_pr3_r1_gg1,COMPLETED,"Action logic completed successfully",277998.32
5300,2026-07-01 12:25:25.466,GluingML,GluingML_b65_pr3_r1_gg1,COMPLETED,"Effects applied on exit",278002.69
5301,2026-07-01 12:25:25.611,GluingBeamHL,GluingBeamHL_b65_r1_m11_lay11,STARTED,"HL subtree tick: FF_Default_DynamicFlow_GluingBeamHL_b65_r1_m11_lay11; DeltaTime: 0.100",278147.90
5302,2026-07-01 12:25:25.612,GluingBeamHL,GluingBeamHL_b65_r1_m11_lay11,COMPLETED,"Subtree execution completed successfully",278148.25
5303,2026-07-01 12:25:25.612,GluingBeamHL,GluingBeamHL_b65_r1_m11_lay11,STARTED,"DeltaTime: 0.100",278148.26
5304,2026-07-01 12:25:25.612,GluingBeamHL,GluingBeamHL_b65_r1_m11_lay11,COMPLETED,"Action logic completed successfully",278148.26
5305,2026-07-01 12:25:25.615,GluingBeamHL,GluingBeamHL_b65_r1_m11_lay11,COMPLETED,"Effects applied on exit",278151.84
5306,2026-07-01 12:25:25.764,GluingBeamHL,GluingBeamHL_b66_r1_m11_lay11,STARTED,"HL subtree tick: FF_Default_DynamicFlow_GluingBeamHL_b66_r1_m11_lay11; DeltaTime: 0.100",278300.44
5307,2026-07-01 12:25:26.115,GluingML,GluingML_b66_pr3_r1_gg1,STARTED,"ML action execution; DeltaTime: 0.100",278651.64
5308,2026-07-01 12:25:26.115,GluingML,GluingML_b66_pr3_r1_gg1,STARTED,"DeltaTime: 0.100",278651.65
5309,2026-07-01 12:25:26.115,GluingML,GluingML_b66_pr3_r1_gg1,COMPLETED,"Action logic completed successfully",278651.66
5310,2026-07-01 12:25:26.119,GluingML,GluingML_b66_pr3_r1_gg1,COMPLETED,"Effects applied on exit",278655.74
5311,2026-07-01 12:25:26.252,GluingBeamHL,GluingBeamHL_b66_r1_m11_lay11,STARTED,"HL subtree tick: FF_Default_DynamicFlow_GluingBeamHL_b66_r1_m11_lay11; DeltaTime: 0.100",278788.18
5312,2026-07-01 12:25:26.252,GluingBeamHL,GluingBeamHL_b66_r1_m11_lay11,COMPLETED,"Subtree execution completed successfully",278788.49
5313,2026-07-01 12:25:26.252,GluingBeamHL,GluingBeamHL_b66_r1_m11_lay11,STARTED,"DeltaTime: 0.100",278788.50
5314,2026-07-01 12:25:26.252,GluingBeamHL,GluingBeamHL_b66_r1_m11_lay11,COMPLETED,"Action logic completed successfully",278788.50
5315,2026-07-01 12:25:26.257,GluingBeamHL,GluingBeamHL_b66_r1_m11_lay11,COMPLETED,"Effects applied on exit",278793.50
5316,2026-07-01 12:25:26.410,GluingBeamHL,GluingBeamHL_b64_r1_m11_lay11,STARTED,"HL subtree tick: FF_Default_DynamicFlow_GluingBeamHL_b64_r1_m11_lay11; DeltaTime: 0.100",278946.20
5317,2026-07-01 12:25:26.743,GluingML,GluingML_b64_pr3_r1_gg1,STARTED,"ML action execution; DeltaTime: 0.100",279279.13
5318,2026-07-01 12:25:26.743,GluingML,GluingML_b64_pr3_r1_gg1,STARTED,"DeltaTime: 0.100",279279.14
5319,2026-07-01 12:25:26.743,GluingML,GluingML_b64_pr3_r1_gg1,COMPLETED,"Action logic completed successfully",279279.14
5320,2026-07-01 12:25:26.747,GluingML,GluingML_b64_pr3_r1_gg1,COMPLETED,"Effects applied on exit",279283.46
5321,2026-07-01 12:25:26.877,GluingBeamHL,GluingBeamHL_b64_r1_m11_lay11,STARTED,"HL subtree tick: FF_Default_DynamicFlow_GluingBeamHL_b64_r1_m11_lay11; DeltaTime: 0.100",279413.15
5322,2026-07-01 12:25:26.877,GluingBeamHL,GluingBeamHL_b64_r1_m11_lay11,COMPLETED,"Subtree execution completed successfully",279413.50
5323,2026-07-01 12:25:26.877,GluingBeamHL,GluingBeamHL_b64_r1_m11_lay11,STARTED,"DeltaTime: 0.100",279413.51
5324,2026-07-01 12:25:26.877,GluingBeamHL,GluingBeamHL_b64_r1_m11_lay11,COMPLETED,"Action logic completed successfully",279413.51
5325,2026-07-01 12:25:26.881,GluingBeamHL,GluingBeamHL_b64_r1_m11_lay11,COMPLETED,"Effects applied on exit",279417.21
5326,2026-07-01 12:25:27.025,GluingBeamHL,GluingBeamHL_b63_r1_m11_lay11,STARTED,"HL subtree tick: FF_Default_DynamicFlow_GluingBeamHL_b63_r1_m11_lay11; DeltaTime: 0.100",279561.19
5327,2026-07-01 12:25:27.342,GluingML,GluingML_b63_pr3_r1_gg1,STARTED,"ML action execution; DeltaTime: 0.100",279878.30
5328,2026-07-01 12:25:27.342,GluingML,GluingML_b63_pr3_r1_gg1,STARTED,"DeltaTime: 0.100",279878.31
5329,2026-07-01 12:25:27.342,GluingML,GluingML_b63_pr3_r1_gg1,COMPLETED,"Action logic completed successfully",279878.32
5330,2026-07-01 12:25:27.346,GluingML,GluingML_b63_pr3_r1_gg1,COMPLETED,"Effects applied on exit",279882.70
5331,2026-07-01 12:25:27.479,GluingBeamHL,GluingBeamHL_b63_r1_m11_lay11,STARTED,"HL subtree tick: FF_Default_DynamicFlow_GluingBeamHL_b63_r1_m11_lay11; DeltaTime: 0.100",280015.25
5332,2026-07-01 12:25:27.479,GluingBeamHL,GluingBeamHL_b63_r1_m11_lay11,COMPLETED,"Subtree execution completed successfully",280015.65
5333,2026-07-01 12:25:27.479,GluingBeamHL,GluingBeamHL_b63_r1_m11_lay11,STARTED,"DeltaTime: 0.100",280015.66
5334,2026-07-01 12:25:27.479,GluingBeamHL,GluingBeamHL_b63_r1_m11_lay11,COMPLETED,"Action logic completed successfully",280015.67
5335,2026-07-01 12:25:27.483,GluingBeamHL,GluingBeamHL_b63_r1_m11_lay11,COMPLETED,"Effects applied on exit",280018.92
5336,2026-07-01 12:25:27.630,GluingBeamHL,GluingBeamHL_b67_r1_m12_lay12,STARTED,"HL subtree tick: FF_Default_DynamicFlow_GluingBeamHL_b67_r1_m12_lay12; DeltaTime: 0.100",280166.12
5337,2026-07-01 12:25:27.965,TravelML,TravelML_r1_pr3_pr4,STARTED,"ML action execution; DeltaTime: 0.100",280501.16
5338,2026-07-01 12:25:27.965,TravelML,TravelML_r1_pr3_pr4,STARTED,"DeltaTime: 0.100",280501.17
5339,2026-07-01 12:25:27.965,TravelML,TravelML_r1_pr3_pr4,COMPLETED,"Action logic completed successfully",280501.18
5340,2026-07-01 12:25:27.969,TravelML,TravelML_r1_pr3_pr4,COMPLETED,"Effects applied on exit",280505.31
5341,2026-07-01 12:25:28.110,GluingBeamHL,GluingBeamHL_b67_r1_m12_lay12,STARTED,"HL subtree tick: FF_Default_DynamicFlow_GluingBeamHL_b67_r1_m12_lay12; DeltaTime: 0.100",280646.73
5342,2026-07-01 12:25:28.116,GluingML,GluingML_b67_pr4_r1_gg1,STARTED,"ML action execution; DeltaTime: 0.100",280652.86
5343,2026-07-01 12:25:28.116,GluingML,GluingML_b67_pr4_r1_gg1,STARTED,"DeltaTime: 0.100",280652.88
5344,2026-07-01 12:25:28.116,GluingML,GluingML_b67_pr4_r1_gg1,COMPLETED,"Action logic completed successfully",280652.88
5345,2026-07-01 12:25:28.121,GluingML,GluingML_b67_pr4_r1_gg1,COMPLETED,"Effects applied on exit",280657.61
5346,2026-07-01 12:25:28.251,GluingBeamHL,GluingBeamHL_b67_r1_m12_lay12,STARTED,"HL subtree tick: FF_Default_DynamicFlow_GluingBeamHL_b67_r1_m12_lay12; DeltaTime: 0.100",280787.55
5347,2026-07-01 12:25:28.252,GluingBeamHL,GluingBeamHL_b67_r1_m12_lay12,COMPLETED,"Subtree execution completed successfully",280787.92
5348,2026-07-01 12:25:28.252,GluingBeamHL,GluingBeamHL_b67_r1_m12_lay12,STARTED,"DeltaTime: 0.100",280787.93
5349,2026-07-01 12:25:28.252,GluingBeamHL,GluingBeamHL_b67_r1_m12_lay12,COMPLETED,"Action logic completed successfully",280787.94
5350,2026-07-01 12:25:28.255,GluingBeamHL,GluingBeamHL_b67_r1_m12_lay12,COMPLETED,"Effects applied on exit",280791.22
5351,2026-07-01 12:25:28.399,GluingBeamHL,GluingBeamHL_b68_r1_m12_lay12,STARTED,"HL subtree tick: FF_Default_DynamicFlow_GluingBeamHL_b68_r1_m12_lay12; DeltaTime: 0.100",280935.14
5352,2026-07-01 12:25:28.721,GluingML,GluingML_b68_pr4_r1_gg1,STARTED,"ML action execution; DeltaTime: 0.100",281257.41
5353,2026-07-01 12:25:28.721,GluingML,GluingML_b68_pr4_r1_gg1,STARTED,"DeltaTime: 0.100",281257.42
5354,2026-07-01 12:25:28.721,GluingML,GluingML_b68_pr4_r1_gg1,COMPLETED,"Action logic completed successfully",281257.43
5355,2026-07-01 12:25:28.725,GluingML,GluingML_b68_pr4_r1_gg1,COMPLETED,"Effects applied on exit",281261.54
5356,2026-07-01 12:25:28.864,GluingBeamHL,GluingBeamHL_b68_r1_m12_lay12,STARTED,"HL subtree tick: FF_Default_DynamicFlow_GluingBeamHL_b68_r1_m12_lay12; DeltaTime: 0.100",281400.08
5357,2026-07-01 12:25:28.864,GluingBeamHL,GluingBeamHL_b68_r1_m12_lay12,COMPLETED,"Subtree execution completed successfully",281400.42
5358,2026-07-01 12:25:28.864,GluingBeamHL,GluingBeamHL_b68_r1_m12_lay12,STARTED,"DeltaTime: 0.100",281400.43
5359,2026-07-01 12:25:28.864,GluingBeamHL,GluingBeamHL_b68_r1_m12_lay12,COMPLETED,"Action logic completed successfully",281400.44
5360,2026-07-01 12:25:28.868,GluingBeamHL,GluingBeamHL_b68_r1_m12_lay12,COMPLETED,"Effects applied on exit",281404.04
5361,2026-07-01 12:25:29.010,GluingBeamHL,GluingBeamHL_b71_r1_m12_lay12,STARTED,"HL subtree tick: FF_Default_DynamicFlow_GluingBeamHL_b71_r1_m12_lay12; DeltaTime: 0.100",281546.52
5362,2026-07-01 12:25:29.343,GluingML,GluingML_b71_pr4_r1_gg1,STARTED,"ML action execution; DeltaTime: 0.100",281879.03
5363,2026-07-01 12:25:29.343,GluingML,GluingML_b71_pr4_r1_gg1,STARTED,"DeltaTime: 0.100",281879.04
5364,2026-07-01 12:25:29.343,GluingML,GluingML_b71_pr4_r1_gg1,COMPLETED,"Action logic completed successfully",281879.05
5365,2026-07-01 12:25:29.348,GluingML,GluingML_b71_pr4_r1_gg1,COMPLETED,"Effects applied on exit",281884.10
5366,2026-07-01 12:25:29.490,GluingBeamHL,GluingBeamHL_b71_r1_m12_lay12,STARTED,"HL subtree tick: FF_Default_DynamicFlow_GluingBeamHL_b71_r1_m12_lay12; DeltaTime: 0.100",282025.93
5367,2026-07-01 12:25:29.490,GluingBeamHL,GluingBeamHL_b71_r1_m12_lay12,COMPLETED,"Subtree execution completed successfully",282026.24
5368,2026-07-01 12:25:29.490,GluingBeamHL,GluingBeamHL_b71_r1_m12_lay12,STARTED,"DeltaTime: 0.100",282026.24
5369,2026-07-01 12:25:29.490,GluingBeamHL,GluingBeamHL_b71_r1_m12_lay12,COMPLETED,"Action logic completed successfully",282026.25
5370,2026-07-01 12:25:29.493,GluingBeamHL,GluingBeamHL_b71_r1_m12_lay12,COMPLETED,"Effects applied on exit",282029.64
5371,2026-07-01 12:25:29.634,GluingBeamHL,GluingBeamHL_b72_r1_m12_lay12,STARTED,"HL subtree tick: FF_Default_DynamicFlow_GluingBeamHL_b72_r1_m12_lay12; DeltaTime: 0.100",282170.66
5372,2026-07-01 12:25:29.933,GluingML,GluingML_b72_pr4_r1_gg1,STARTED,"ML action execution; DeltaTime: 0.100",282469.31
5373,2026-07-01 12:25:29.933,GluingML,GluingML_b72_pr4_r1_gg1,STARTED,"DeltaTime: 0.100",282469.32
5374,2026-07-01 12:25:29.933,GluingML,GluingML_b72_pr4_r1_gg1,COMPLETED,"Action logic completed successfully",282469.33
5375,2026-07-01 12:25:29.937,GluingML,GluingML_b72_pr4_r1_gg1,COMPLETED,"Effects applied on exit",282473.33
5376,2026-07-01 12:25:30.080,GluingBeamHL,GluingBeamHL_b72_r1_m12_lay12,STARTED,"HL subtree tick: FF_Default_DynamicFlow_GluingBeamHL_b72_r1_m12_lay12; DeltaTime: 0.100",282616.89
5377,2026-07-01 12:25:30.081,GluingBeamHL,GluingBeamHL_b72_r1_m12_lay12,COMPLETED,"Subtree execution completed successfully",282617.20
5378,2026-07-01 12:25:30.081,GluingBeamHL,GluingBeamHL_b72_r1_m12_lay12,STARTED,"DeltaTime: 0.100",282617.21
5379,2026-07-01 12:25:30.081,GluingBeamHL,GluingBeamHL_b72_r1_m12_lay12,COMPLETED,"Action logic completed successfully",282617.21
5380,2026-07-01 12:25:30.084,GluingBeamHL,GluingBeamHL_b72_r1_m12_lay12,COMPLETED,"Effects applied on exit",282620.67
5381,2026-07-01 12:25:30.229,GluingBeamHL,GluingBeamHL_b70_r1_m12_lay12,STARTED,"HL subtree tick: FF_Default_DynamicFlow_GluingBeamHL_b70_r1_m12_lay12; DeltaTime: 0.100",282765.77
5382,2026-07-01 12:25:30.707,GluingML,GluingML_b70_pr4_r1_gg1,STARTED,"ML action execution; DeltaTime: 0.100",283243.56
5383,2026-07-01 12:25:30.707,GluingML,GluingML_b70_pr4_r1_gg1,STARTED,"DeltaTime: 0.100",283243.58
5384,2026-07-01 12:25:30.707,GluingML,GluingML_b70_pr4_r1_gg1,COMPLETED,"Action logic completed successfully",283243.59
5385,2026-07-01 12:25:30.711,GluingML,GluingML_b70_pr4_r1_gg1,COMPLETED,"Effects applied on exit",283247.59
5386,2026-07-01 12:25:30.855,GluingBeamHL,GluingBeamHL_b70_r1_m12_lay12,STARTED,"HL subtree tick: FF_Default_DynamicFlow_GluingBeamHL_b70_r1_m12_lay12; DeltaTime: 0.100",283391.31
5387,2026-07-01 12:25:30.855,GluingBeamHL,GluingBeamHL_b70_r1_m12_lay12,COMPLETED,"Subtree execution completed successfully",283391.66
5388,2026-07-01 12:25:30.855,GluingBeamHL,GluingBeamHL_b70_r1_m12_lay12,STARTED,"DeltaTime: 0.100",283391.67
5389,2026-07-01 12:25:30.855,GluingBeamHL,GluingBeamHL_b70_r1_m12_lay12,COMPLETED,"Action logic completed successfully",283391.68
5390,2026-07-01 12:25:30.859,GluingBeamHL,GluingBeamHL_b70_r1_m12_lay12,COMPLETED,"Effects applied on exit",283395.08
5391,2026-07-01 12:25:31.016,GluingBeamHL,GluingBeamHL_b69_r1_m12_lay12,STARTED,"HL subtree tick: FF_Default_DynamicFlow_GluingBeamHL_b69_r1_m12_lay12; DeltaTime: 0.100",283552.62
5392,2026-07-01 12:25:31.307,GluingML,GluingML_b69_pr4_r1_gg1,STARTED,"ML action execution; DeltaTime: 0.100",283843.18
5393,2026-07-01 12:25:31.307,GluingML,GluingML_b69_pr4_r1_gg1,STARTED,"DeltaTime: 0.100",283843.19
5394,2026-07-01 12:25:31.307,GluingML,GluingML_b69_pr4_r1_gg1,COMPLETED,"Action logic completed successfully",283843.19
5395,2026-07-01 12:25:31.311,GluingML,GluingML_b69_pr4_r1_gg1,COMPLETED,"Effects applied on exit",283847.31
5396,2026-07-01 12:25:31.446,GluingBeamHL,GluingBeamHL_b69_r1_m12_lay12,STARTED,"HL subtree tick: FF_Default_DynamicFlow_GluingBeamHL_b69_r1_m12_lay12; DeltaTime: 0.100",283982.62
5397,2026-07-01 12:25:31.447,GluingBeamHL,GluingBeamHL_b69_r1_m12_lay12,COMPLETED,"Subtree execution completed successfully",283982.95
5398,2026-07-01 12:25:31.447,GluingBeamHL,GluingBeamHL_b69_r1_m12_lay12,STARTED,"DeltaTime: 0.100",283982.96
5399,2026-07-01 12:25:31.447,GluingBeamHL,GluingBeamHL_b69_r1_m12_lay12,COMPLETED,"Action logic completed successfully",283982.96
5400,2026-07-01 12:25:31.451,GluingBeamHL,GluingBeamHL_b69_r1_m12_lay12,COMPLETED,"Effects applied on exit",283987.66
5401,2026-07-01 12:25:31.605,PickUpHL,PickUpHL_tp9_fp69_r1,STARTED,"HL subtree tick: FF_Default_DynamicFlow_PickUpHL_tp9_fp69_r1; DeltaTime: 0.100",284141.71
5402,2026-07-01 12:25:31.932,TravelML,TravelML_r1_pr4_ep2,STARTED,"ML action execution; DeltaTime: 0.100",284468.04
5403,2026-07-01 12:25:31.932,TravelML,TravelML_r1_pr4_ep2,STARTED,"DeltaTime: 0.100",284468.05
5404,2026-07-01 12:25:31.932,TravelML,TravelML_r1_pr4_ep2,COMPLETED,"Action logic completed successfully",284468.06
5405,2026-07-01 12:25:31.938,TravelML,TravelML_r1_pr4_ep2,COMPLETED,"Effects applied on exit",284474.32
5406,2026-07-01 12:25:32.078,PickUpHL,PickUpHL_tp9_fp69_r1,STARTED,"HL subtree tick: FF_Default_DynamicFlow_PickUpHL_tp9_fp69_r1; DeltaTime: 0.100",284613.96
5407,2026-07-01 12:25:32.079,CloseToolML,CloseToolML_r1_gg1,STARTED,"ML action execution; DeltaTime: 0.100",284615.69
5408,2026-07-01 12:25:32.079,CloseToolML,CloseToolML_r1_gg1,STARTED,"DeltaTime: 0.100",284615.70
5409,2026-07-01 12:25:32.079,CloseToolML,CloseToolML_r1_gg1,COMPLETED,"Action logic completed successfully",284615.71
5410,2026-07-01 12:25:32.083,CloseToolML,CloseToolML_r1_gg1,COMPLETED,"Effects applied on exit",284619.16
5411,2026-07-01 12:25:32.219,PickUpHL,PickUpHL_tp9_fp69_r1,STARTED,"HL subtree tick: FF_Default_DynamicFlow_PickUpHL_tp9_fp69_r1; DeltaTime: 0.100",284755.41
5412,2026-07-01 12:25:32.235,DeequipML,DeequipML_r1_gg1_ep2,STARTED,"ML action execution; DeltaTime: 0.100",284771.59
5413,2026-07-01 12:25:32.235,DeequipML,DeequipML_r1_gg1_ep2,STARTED,"DeltaTime: 0.100",284771.61
5414,2026-07-01 12:25:32.235,DeequipML,DeequipML_r1_gg1_ep2,COMPLETED,"Action logic completed successfully",284771.63
5415,2026-07-01 12:25:32.243,DeequipML,DeequipML_r1_gg1_ep2,COMPLETED,"Effects applied on exit",284779.43
5416,2026-07-01 12:25:32.375,PickUpHL,PickUpHL_tp9_fp69_r1,STARTED,"HL subtree tick: FF_Default_DynamicFlow_PickUpHL_tp9_fp69_r1; DeltaTime: 0.100",284910.99
5417,2026-07-01 12:25:32.376,TravelML,TravelML_r1_ep2_fp69,STARTED,"ML action execution; DeltaTime: 0.100",284912.70
5418,2026-07-01 12:25:32.376,TravelML,TravelML_r1_ep2_fp69,STARTED,"DeltaTime: 0.100",284912.71
5419,2026-07-01 12:25:32.376,TravelML,TravelML_r1_ep2_fp69,COMPLETED,"Action logic completed successfully",284912.72
5420,2026-07-01 12:25:32.381,TravelML,TravelML_r1_ep2_fp69,COMPLETED,"Effects applied on exit",284917.59
5421,2026-07-01 12:25:32.519,PickUpHL,PickUpHL_tp9_fp69_r1,STARTED,"HL subtree tick: FF_Default_DynamicFlow_PickUpHL_tp9_fp69_r1; DeltaTime: 0.100",285055.21
5422,2026-07-01 12:25:32.522,TravelML,TravelML_r1_fp69_ep1,STARTED,"ML action execution; DeltaTime: 0.100",285058.56
5423,2026-07-01 12:25:32.522,TravelML,TravelML_r1_fp69_ep1,STARTED,"DeltaTime: 0.100",285058.57
5424,2026-07-01 12:25:32.522,TravelML,TravelML_r1_fp69_ep1,COMPLETED,"Action logic completed successfully",285058.57
5425,2026-07-01 12:25:32.527,TravelML,TravelML_r1_fp69_ep1,COMPLETED,"Effects applied on exit",285063.44
5426,2026-07-01 12:25:32.661,PickUpHL,PickUpHL_tp9_fp69_r1,STARTED,"HL subtree tick: FF_Default_DynamicFlow_PickUpHL_tp9_fp69_r1; DeltaTime: 0.100",285197.67
5427,2026-07-01 12:25:32.664,EquipeML,EquipeML_r1_vg1_ep1,STARTED,"ML action execution; DeltaTime: 0.100",285200.03
5428,2026-07-01 12:25:32.664,EquipeML,EquipeML_r1_vg1_ep1,STARTED,"DeltaTime: 0.100",285200.04
5429,2026-07-01 12:25:32.664,EquipeML,EquipeML_r1_vg1_ep1,COMPLETED,"Action logic completed successfully",285200.05
5430,2026-07-01 12:25:32.669,EquipeML,EquipeML_r1_vg1_ep1,COMPLETED,"Effects applied on exit",285205.24
5431,2026-07-01 12:25:32.822,PickUpHL,PickUpHL_tp9_fp69_r1,STARTED,"HL subtree tick: FF_Default_DynamicFlow_PickUpHL_tp9_fp69_r1; DeltaTime: 0.100",285358.07
5432,2026-07-01 12:25:32.823,TravelML,TravelML_r1_ep1_fp69,STARTED,"ML action execution; DeltaTime: 0.100",285359.82
5433,2026-07-01 12:25:32.823,TravelML,TravelML_r1_ep1_fp69,STARTED,"DeltaTime: 0.100",285359.83
5434,2026-07-01 12:25:32.823,TravelML,TravelML_r1_ep1_fp69,COMPLETED,"Action logic completed successfully",285359.84
5435,2026-07-01 12:25:32.828,TravelML,TravelML_r1_ep1_fp69,COMPLETED,"Effects applied on exit",285364.73
5436,2026-07-01 12:25:32.976,PickUpHL,PickUpHL_tp9_fp69_r1,STARTED,"HL subtree tick: FF_Default_DynamicFlow_PickUpHL_tp9_fp69_r1; DeltaTime: 0.100",285512.47
5437,2026-07-01 12:25:32.977,InitializeML,InitializeML_r1_vg1,STARTED,"ML action execution; DeltaTime: 0.100",285513.89
5438,2026-07-01 12:25:32.978,InitializeML,InitializeML_r1_vg1,STARTED,"DeltaTime: 0.100",285513.91
5439,2026-07-01 12:25:32.978,InitializeML,InitializeML_r1_vg1,COMPLETED,"Action logic completed successfully",285513.91
5440,2026-07-01 12:25:32.981,InitializeML,InitializeML_r1_vg1,COMPLETED,"Effects applied on exit",285517.62
5441,2026-07-01 12:25:33.115,PickUpHL,PickUpHL_tp9_fp69_r1,STARTED,"HL subtree tick: FF_Default_DynamicFlow_PickUpHL_tp9_fp69_r1; DeltaTime: 0.100",285651.72
5442,2026-07-01 12:25:33.117,PickUpML,PickUpML_tp9_fp69_r1_vg1,STARTED,"ML action execution; DeltaTime: 0.100",285653.30
5443,2026-07-01 12:25:33.117,PickUpML,PickUpML_tp9_fp69_r1_vg1,STARTED,"DeltaTime: 0.100",285653.31
5444,2026-07-01 12:25:33.117,PickUpML,PickUpML_tp9_fp69_r1_vg1,COMPLETED,"Action logic completed successfully",285653.32
5445,2026-07-01 12:25:33.122,PickUpML,PickUpML_tp9_fp69_r1_vg1,COMPLETED,"Effects applied on exit",285658.67
5446,2026-07-01 12:25:33.257,PickUpHL,PickUpHL_tp9_fp69_r1,STARTED,"HL subtree tick: FF_Default_DynamicFlow_PickUpHL_tp9_fp69_r1; DeltaTime: 0.100",285793.28
5447,2026-07-01 12:25:33.258,PickUpHL,PickUpHL_tp9_fp69_r1,COMPLETED,"Subtree execution completed successfully",285794.13
5448,2026-07-01 12:25:33.258,PickUpHL,PickUpHL_tp9_fp69_r1,STARTED,"DeltaTime: 0.100",285794.14
5449,2026-07-01 12:25:33.258,PickUpHL,PickUpHL_tp9_fp69_r1,COMPLETED,"Action logic completed successfully",285794.15
5450,2026-07-01 12:25:33.262,PickUpHL,PickUpHL_tp9_fp69_r1,COMPLETED,"Effects applied on exit",285797.97
5451,2026-07-01 12:25:33.407,StackOnMultipleHL,StackOnMultipleHL_tp9_r1_pr1_m9_lay9,STARTED,"HL subtree tick: FF_Default_DynamicFlow_StackOnMultipleHL_tp9_r1_pr1_m9_lay9; DeltaTime: 0.100",285943.75
5452,2026-07-01 12:25:33.716,TravelML,TravelML_r1_fp69_pr1,STARTED,"ML action execution; DeltaTime: 0.100",286252.76
5453,2026-07-01 12:25:33.716,TravelML,TravelML_r1_fp69_pr1,STARTED,"DeltaTime: 0.100",286252.77
5454,2026-07-01 12:25:33.716,TravelML,TravelML_r1_fp69_pr1,COMPLETED,"Action logic completed successfully",286252.78
5455,2026-07-01 12:25:33.722,TravelML,TravelML_r1_fp69_pr1,COMPLETED,"Effects applied on exit",286258.22
5456,2026-07-01 12:25:33.854,StackOnMultipleHL,StackOnMultipleHL_tp9_r1_pr1_m9_lay9,STARTED,"HL subtree tick: FF_Default_DynamicFlow_StackOnMultipleHL_tp9_r1_pr1_m9_lay9; DeltaTime: 0.100",286390.35
5457,2026-07-01 12:25:33.856,StackML,StackML_tp9_b49_r1_vg1_pr1,STARTED,"ML action execution; DeltaTime: 0.100",286392.55
5458,2026-07-01 12:25:33.856,StackML,StackML_tp9_b49_r1_vg1_pr1,STARTED,"DeltaTime: 0.100",286392.57
5459,2026-07-01 12:25:33.856,StackML,StackML_tp9_b49_r1_vg1_pr1,COMPLETED,"Action logic completed successfully",286392.57
5460,2026-07-01 12:25:33.863,StackML,StackML_tp9_b49_r1_vg1_pr1,COMPLETED,"Effects applied on exit",286399.53
5461,2026-07-01 12:25:33.995,StackOnMultipleHL,StackOnMultipleHL_tp9_r1_pr1_m9_lay9,STARTED,"HL subtree tick: FF_Default_DynamicFlow_StackOnMultipleHL_tp9_r1_pr1_m9_lay9; DeltaTime: 0.100",286531.68
5462,2026-07-01 12:25:33.996,StackOnMultipleHL,StackOnMultipleHL_tp9_r1_pr1_m9_lay9,COMPLETED,"Subtree execution completed successfully",286532.08
5463,2026-07-01 12:25:33.996,StackOnMultipleHL,StackOnMultipleHL_tp9_r1_pr1_m9_lay9,STARTED,"DeltaTime: 0.100",286532.09
5464,2026-07-01 12:25:33.996,StackOnMultipleHL,StackOnMultipleHL_tp9_r1_pr1_m9_lay9,COMPLETED,"Action logic completed successfully",286532.10
5465,2026-07-01 12:25:33.999,StackOnMultipleHL,StackOnMultipleHL_tp9_r1_pr1_m9_lay9,COMPLETED,"Effects applied on exit",286535.70
5466,2026-07-01 12:25:34.147,PickUpHL,PickUpHL_tp10_fp77_r1,STARTED,"HL subtree tick: FF_Default_DynamicFlow_PickUpHL_tp10_fp77_r1; DeltaTime: 0.100",286683.49
5467,2026-07-01 12:25:34.461,TravelML,TravelML_r1_pr1_fp77,STARTED,"ML action execution; DeltaTime: 0.100",286997.70
5468,2026-07-01 12:25:34.461,TravelML,TravelML_r1_pr1_fp77,STARTED,"DeltaTime: 0.100",286997.72
5469,2026-07-01 12:25:34.461,TravelML,TravelML_r1_pr1_fp77,COMPLETED,"Action logic completed successfully",286997.72
5470,2026-07-01 12:25:34.467,TravelML,TravelML_r1_pr1_fp77,COMPLETED,"Effects applied on exit",287003.77
5471,2026-07-01 12:25:34.609,PickUpHL,PickUpHL_tp10_fp77_r1,STARTED,"HL subtree tick: FF_Default_DynamicFlow_PickUpHL_tp10_fp77_r1; DeltaTime: 0.100",287145.00
5472,2026-07-01 12:25:34.610,PickUpML,PickUpML_tp10_fp77_r1_vg1,STARTED,"ML action execution; DeltaTime: 0.100",287146.17
5473,2026-07-01 12:25:34.610,PickUpML,PickUpML_tp10_fp77_r1_vg1,STARTED,"DeltaTime: 0.100",287146.19
5474,2026-07-01 12:25:34.610,PickUpML,PickUpML_tp10_fp77_r1_vg1,COMPLETED,"Action logic completed successfully",287146.19
5475,2026-07-01 12:25:34.615,PickUpML,PickUpML_tp10_fp77_r1_vg1,COMPLETED,"Effects applied on exit",287151.55
5476,2026-07-01 12:25:34.768,PickUpHL,PickUpHL_tp10_fp77_r1,STARTED,"HL subtree tick: FF_Default_DynamicFlow_PickUpHL_tp10_fp77_r1; DeltaTime: 0.100",287304.01
5477,2026-07-01 12:25:34.769,PickUpHL,PickUpHL_tp10_fp77_r1,COMPLETED,"Subtree execution completed successfully",287305.01
5478,2026-07-01 12:25:34.769,PickUpHL,PickUpHL_tp10_fp77_r1,STARTED,"DeltaTime: 0.100",287305.03
5479,2026-07-01 12:25:34.769,PickUpHL,PickUpHL_tp10_fp77_r1,COMPLETED,"Action logic completed successfully",287305.04
5480,2026-07-01 12:25:34.775,PickUpHL,PickUpHL_tp10_fp77_r1,COMPLETED,"Effects applied on exit",287311.49
5481,2026-07-01 12:25:34.934,StackOnMultipleHL,StackOnMultipleHL_tp10_r1_pr2_m10_lay10,STARTED,"HL subtree tick: FF_Default_DynamicFlow_StackOnMultipleHL_tp10_r1_pr2_m10_lay10; DeltaTime: 0.100",287470.06
5482,2026-07-01 12:25:35.231,TravelML,TravelML_r1_fp77_pr2,STARTED,"ML action execution; DeltaTime: 0.100",287767.73
5483,2026-07-01 12:25:35.231,TravelML,TravelML_r1_fp77_pr2,STARTED,"DeltaTime: 0.100",287767.75
5484,2026-07-01 12:25:35.231,TravelML,TravelML_r1_fp77_pr2,COMPLETED,"Action logic completed successfully",287767.76
5485,2026-07-01 12:25:35.236,TravelML,TravelML_r1_fp77_pr2,COMPLETED,"Effects applied on exit",287772.24
5486,2026-07-01 12:25:35.371,StackOnMultipleHL,StackOnMultipleHL_tp10_r1_pr2_m10_lay10,STARTED,"HL subtree tick: FF_Default_DynamicFlow_StackOnMultipleHL_tp10_r1_pr2_m10_lay10; DeltaTime: 0.100",287907.72
5487,2026-07-01 12:25:35.373,StackML,StackML_tp10_b55_r1_vg1_pr2,STARTED,"ML action execution; DeltaTime: 0.100",287908.90
5488,2026-07-01 12:25:35.373,StackML,StackML_tp10_b55_r1_vg1_pr2,STARTED,"DeltaTime: 0.100",287908.92
5489,2026-07-01 12:25:35.373,StackML,StackML_tp10_b55_r1_vg1_pr2,COMPLETED,"Action logic completed successfully",287908.92
5490,2026-07-01 12:25:35.378,StackML,StackML_tp10_b55_r1_vg1_pr2,COMPLETED,"Effects applied on exit",287914.70
5491,2026-07-01 12:25:35.517,StackOnMultipleHL,StackOnMultipleHL_tp10_r1_pr2_m10_lay10,STARTED,"HL subtree tick: FF_Default_DynamicFlow_StackOnMultipleHL_tp10_r1_pr2_m10_lay10; DeltaTime: 0.100",288053.37
5492,2026-07-01 12:25:35.517,StackOnMultipleHL,StackOnMultipleHL_tp10_r1_pr2_m10_lay10,COMPLETED,"Subtree execution completed successfully",288053.73
5493,2026-07-01 12:25:35.517,StackOnMultipleHL,StackOnMultipleHL_tp10_r1_pr2_m10_lay10,STARTED,"DeltaTime: 0.100",288053.74
5494,2026-07-01 12:25:35.517,StackOnMultipleHL,StackOnMultipleHL_tp10_r1_pr2_m10_lay10,COMPLETED,"Action logic completed successfully",288053.74
5495,2026-07-01 12:25:35.521,StackOnMultipleHL,StackOnMultipleHL_tp10_r1_pr2_m10_lay10,COMPLETED,"Effects applied on exit",288057.81
5496,2026-07-01 12:25:35.660,PickUpHL,PickUpHL_tp11_fp85_r1,STARTED,"HL subtree tick: FF_Default_DynamicFlow_PickUpHL_tp11_fp85_r1; DeltaTime: 0.100",288196.33
5497,2026-07-01 12:25:35.982,TravelML,TravelML_r1_pr2_fp85,STARTED,"ML action execution; DeltaTime: 0.100",288518.58
5498,2026-07-01 12:25:35.982,TravelML,TravelML_r1_pr2_fp85,STARTED,"DeltaTime: 0.100",288518.59
5499,2026-07-01 12:25:35.982,TravelML,TravelML_r1_pr2_fp85,COMPLETED,"Action logic completed successfully",288518.60
5500,2026-07-01 12:25:35.987,TravelML,TravelML_r1_pr2_fp85,COMPLETED,"Effects applied on exit",288523.20
5501,2026-07-01 12:25:36.128,PickUpHL,PickUpHL_tp11_fp85_r1,STARTED,"HL subtree tick: FF_Default_DynamicFlow_PickUpHL_tp11_fp85_r1; DeltaTime: 0.100",288664.20
5502,2026-07-01 12:25:36.130,PickUpML,PickUpML_tp11_fp85_r1_vg1,STARTED,"ML action execution; DeltaTime: 0.100",288666.47
5503,2026-07-01 12:25:36.130,PickUpML,PickUpML_tp11_fp85_r1_vg1,STARTED,"DeltaTime: 0.100",288666.48
5504,2026-07-01 12:25:36.130,PickUpML,PickUpML_tp11_fp85_r1_vg1,COMPLETED,"Action logic completed successfully",288666.48
5505,2026-07-01 12:25:36.135,PickUpML,PickUpML_tp11_fp85_r1_vg1,COMPLETED,"Effects applied on exit",288671.83
5506,2026-07-01 12:25:36.286,PickUpHL,PickUpHL_tp11_fp85_r1,STARTED,"HL subtree tick: FF_Default_DynamicFlow_PickUpHL_tp11_fp85_r1; DeltaTime: 0.100",288822.36
5507,2026-07-01 12:25:36.286,PickUpHL,PickUpHL_tp11_fp85_r1,COMPLETED,"Subtree execution completed successfully",288822.73
5508,2026-07-01 12:25:36.286,PickUpHL,PickUpHL_tp11_fp85_r1,STARTED,"DeltaTime: 0.100",288822.74
5509,2026-07-01 12:25:36.286,PickUpHL,PickUpHL_tp11_fp85_r1,COMPLETED,"Action logic completed successfully",288822.75
5510,2026-07-01 12:25:36.290,PickUpHL,PickUpHL_tp11_fp85_r1,COMPLETED,"Effects applied on exit",288826.38
5511,2026-07-01 12:25:36.430,StackOnMultipleHL,StackOnMultipleHL_tp11_r1_pr3_m11_lay11,STARTED,"HL subtree tick: FF_Default_DynamicFlow_StackOnMultipleHL_tp11_r1_pr3_m11_lay11; DeltaTime: 0.100",288966.04
5512,2026-07-01 12:25:36.726,TravelML,TravelML_r1_fp85_pr3,STARTED,"ML action execution; DeltaTime: 0.100",289262.87
5513,2026-07-01 12:25:36.726,TravelML,TravelML_r1_fp85_pr3,STARTED,"DeltaTime: 0.100",289262.89
5514,2026-07-01 12:25:36.726,TravelML,TravelML_r1_fp85_pr3,COMPLETED,"Action logic completed successfully",289262.90
5515,2026-07-01 12:25:36.733,TravelML,TravelML_r1_fp85_pr3,COMPLETED,"Effects applied on exit",289269.14
5516,2026-07-01 12:25:36.874,StackOnMultipleHL,StackOnMultipleHL_tp11_r1_pr3_m11_lay11,STARTED,"HL subtree tick: FF_Default_DynamicFlow_StackOnMultipleHL_tp11_r1_pr3_m11_lay11; DeltaTime: 0.100",289410.30
5517,2026-07-01 12:25:36.875,StackML,StackML_tp11_b61_r1_vg1_pr3,STARTED,"ML action execution; DeltaTime: 0.100",289411.50
5518,2026-07-01 12:25:36.875,StackML,StackML_tp11_b61_r1_vg1_pr3,STARTED,"DeltaTime: 0.100",289411.51
5519,2026-07-01 12:25:36.875,StackML,StackML_tp11_b61_r1_vg1_pr3,COMPLETED,"Action logic completed successfully",289411.52
5520,2026-07-01 12:25:36.886,StackML,StackML_tp11_b61_r1_vg1_pr3,COMPLETED,"Effects applied on exit",289422.08
5521,2026-07-01 12:25:37.031,StackOnMultipleHL,StackOnMultipleHL_tp11_r1_pr3_m11_lay11,STARTED,"HL subtree tick: FF_Default_DynamicFlow_StackOnMultipleHL_tp11_r1_pr3_m11_lay11; DeltaTime: 0.100",289567.24
5522,2026-07-01 12:25:37.031,StackOnMultipleHL,StackOnMultipleHL_tp11_r1_pr3_m11_lay11,COMPLETED,"Subtree execution completed successfully",289567.82
5523,2026-07-01 12:25:37.031,StackOnMultipleHL,StackOnMultipleHL_tp11_r1_pr3_m11_lay11,STARTED,"DeltaTime: 0.100",289567.82
5524,2026-07-01 12:25:37.031,StackOnMultipleHL,StackOnMultipleHL_tp11_r1_pr3_m11_lay11,COMPLETED,"Action logic completed successfully",289567.83
5525,2026-07-01 12:25:37.035,StackOnMultipleHL,StackOnMultipleHL_tp11_r1_pr3_m11_lay11,COMPLETED,"Effects applied on exit",289571.31
5526,2026-07-01 12:25:37.185,PickUpHL,PickUpHL_tp12_fp93_r1,STARTED,"HL subtree tick: FF_Default_DynamicFlow_PickUpHL_tp12_fp93_r1; DeltaTime: 0.100",289721.16
5527,2026-07-01 12:25:37.508,TravelML,TravelML_r1_pr3_fp93,STARTED,"ML action execution; DeltaTime: 0.100",290044.71
5528,2026-07-01 12:25:37.508,TravelML,TravelML_r1_pr3_fp93,STARTED,"DeltaTime: 0.100",290044.72
5529,2026-07-01 12:25:37.508,TravelML,TravelML_r1_pr3_fp93,COMPLETED,"Action logic completed successfully",290044.73
5530,2026-07-01 12:25:37.513,TravelML,TravelML_r1_pr3_fp93,COMPLETED,"Effects applied on exit",290049.42
5531,2026-07-01 12:25:37.645,PickUpHL,PickUpHL_tp12_fp93_r1,STARTED,"HL subtree tick: FF_Default_DynamicFlow_PickUpHL_tp12_fp93_r1; DeltaTime: 0.100",290181.85
5532,2026-07-01 12:25:37.647,PickUpML,PickUpML_tp12_fp93_r1_vg1,STARTED,"ML action execution; DeltaTime: 0.100",290183.26
5533,2026-07-01 12:25:37.647,PickUpML,PickUpML_tp12_fp93_r1_vg1,STARTED,"DeltaTime: 0.100",290183.27
5534,2026-07-01 12:25:37.647,PickUpML,PickUpML_tp12_fp93_r1_vg1,COMPLETED,"Action logic completed successfully",290183.28
5535,2026-07-01 12:25:37.654,PickUpML,PickUpML_tp12_fp93_r1_vg1,COMPLETED,"Effects applied on exit",290190.51
5536,2026-07-01 12:25:37.809,PickUpHL,PickUpHL_tp12_fp93_r1,STARTED,"HL subtree tick: FF_Default_DynamicFlow_PickUpHL_tp12_fp93_r1; DeltaTime: 0.100",290345.22
5537,2026-07-01 12:25:37.809,PickUpHL,PickUpHL_tp12_fp93_r1,COMPLETED,"Subtree execution completed successfully",290345.73
5538,2026-07-01 12:25:37.809,PickUpHL,PickUpHL_tp12_fp93_r1,STARTED,"DeltaTime: 0.100",290345.74
5539,2026-07-01 12:25:37.809,PickUpHL,PickUpHL_tp12_fp93_r1,COMPLETED,"Action logic completed successfully",290345.75
5540,2026-07-01 12:25:37.816,PickUpHL,PickUpHL_tp12_fp93_r1,COMPLETED,"Effects applied on exit",290352.09
5541,2026-07-01 12:25:37.955,StackOnMultipleHL,StackOnMultipleHL_tp12_r1_pr4_m12_lay12,STARTED,"HL subtree tick: FF_Default_DynamicFlow_StackOnMultipleHL_tp12_r1_pr4_m12_lay12; DeltaTime: 0.100",290491.89
5542,2026-07-01 12:25:38.258,TravelML,TravelML_r1_fp93_pr4,STARTED,"ML action execution; DeltaTime: 0.100",290794.21
5543,2026-07-01 12:25:38.258,TravelML,TravelML_r1_fp93_pr4,STARTED,"DeltaTime: 0.100",290794.22
5544,2026-07-01 12:25:38.258,TravelML,TravelML_r1_fp93_pr4,COMPLETED,"Action logic completed successfully",290794.23
5545,2026-07-01 12:25:38.262,TravelML,TravelML_r1_fp93_pr4,COMPLETED,"Effects applied on exit",290798.78
5546,2026-07-01 12:25:38.391,StackOnMultipleHL,StackOnMultipleHL_tp12_r1_pr4_m12_lay12,STARTED,"HL subtree tick: FF_Default_DynamicFlow_StackOnMultipleHL_tp12_r1_pr4_m12_lay12; DeltaTime: 0.100",290927.71
5547,2026-07-01 12:25:38.393,StackML,StackML_tp12_b67_r1_vg1_pr4,STARTED,"ML action execution; DeltaTime: 0.100",290929.29
5548,2026-07-01 12:25:38.393,StackML,StackML_tp12_b67_r1_vg1_pr4,STARTED,"DeltaTime: 0.100",290929.31
5549,2026-07-01 12:25:38.393,StackML,StackML_tp12_b67_r1_vg1_pr4,COMPLETED,"Action logic completed successfully",290929.31
5550,2026-07-01 12:25:38.400,StackML,StackML_tp12_b67_r1_vg1_pr4,COMPLETED,"Effects applied on exit",290936.59
5551,2026-07-01 12:25:38.527,StackOnMultipleHL,StackOnMultipleHL_tp12_r1_pr4_m12_lay12,STARTED,"HL subtree tick: FF_Default_DynamicFlow_StackOnMultipleHL_tp12_r1_pr4_m12_lay12; DeltaTime: 0.100",291063.19
5552,2026-07-01 12:25:38.527,StackOnMultipleHL,StackOnMultipleHL_tp12_r1_pr4_m12_lay12,COMPLETED,"Subtree execution completed successfully",291063.57
5553,2026-07-01 12:25:38.527,StackOnMultipleHL,StackOnMultipleHL_tp12_r1_pr4_m12_lay12,STARTED,"DeltaTime: 0.100",291063.58
5554,2026-07-01 12:25:38.527,StackOnMultipleHL,StackOnMultipleHL_tp12_r1_pr4_m12_lay12,COMPLETED,"Action logic completed successfully",291063.58
5555,2026-07-01 12:25:38.531,StackOnMultipleHL,StackOnMultipleHL_tp12_r1_pr4_m12_lay12,COMPLETED,"Effects applied on exit",291067.28
5556,2026-07-01 12:25:38.684,NailingHL,NailingHL_tp9_r1,STARTED,"HL subtree tick: FF_Default_DynamicFlow_NailingHL_tp9_r1; DeltaTime: 0.100",291220.18
5557,2026-07-01 12:25:39.028,TravelML,TravelML_r1_pr4_ep1,STARTED,"ML action execution; DeltaTime: 0.100",291564.49
5558,2026-07-01 12:25:39.028,TravelML,TravelML_r1_pr4_ep1,STARTED,"DeltaTime: 0.100",291564.50
5559,2026-07-01 12:25:39.028,TravelML,TravelML_r1_pr4_ep1,COMPLETED,"Action logic completed successfully",291564.51
5560,2026-07-01 12:25:39.033,TravelML,TravelML_r1_pr4_ep1,COMPLETED,"Effects applied on exit",291568.99
5561,2026-07-01 12:25:39.172,NailingHL,NailingHL_tp9_r1,STARTED,"HL subtree tick: FF_Default_DynamicFlow_NailingHL_tp9_r1; DeltaTime: 0.100",291708.35
5562,2026-07-01 12:25:39.174,CloseToolML,CloseToolML_r1_vg1,STARTED,"ML action execution; DeltaTime: 0.100",291710.24
5563,2026-07-01 12:25:39.174,CloseToolML,CloseToolML_r1_vg1,STARTED,"DeltaTime: 0.100",291710.25
5564,2026-07-01 12:25:39.174,CloseToolML,CloseToolML_r1_vg1,COMPLETED,"Action logic completed successfully",291710.26
5565,2026-07-01 12:25:39.177,CloseToolML,CloseToolML_r1_vg1,COMPLETED,"Effects applied on exit",291713.56
5566,2026-07-01 12:25:39.314,NailingHL,NailingHL_tp9_r1,STARTED,"HL subtree tick: FF_Default_DynamicFlow_NailingHL_tp9_r1; DeltaTime: 0.100",291850.01
5567,2026-07-01 12:25:39.315,DeequipML,DeequipML_r1_vg1_ep1,STARTED,"ML action execution; DeltaTime: 0.100",291851.57
5568,2026-07-01 12:25:39.315,DeequipML,DeequipML_r1_vg1_ep1,STARTED,"DeltaTime: 0.100",291851.58
5569,2026-07-01 12:25:39.315,DeequipML,DeequipML_r1_vg1_ep1,COMPLETED,"Action logic completed successfully",291851.58
5570,2026-07-01 12:25:39.320,DeequipML,DeequipML_r1_vg1_ep1,COMPLETED,"Effects applied on exit",291856.26
5571,2026-07-01 12:25:39.455,NailingHL,NailingHL_tp9_r1,STARTED,"HL subtree tick: FF_Default_DynamicFlow_NailingHL_tp9_r1; DeltaTime: 0.100",291991.50
5572,2026-07-01 12:25:39.457,TravelML,TravelML_r1_ep1_ep3,STARTED,"ML action execution; DeltaTime: 0.100",291992.92
5573,2026-07-01 12:25:39.457,TravelML,TravelML_r1_ep1_ep3,STARTED,"DeltaTime: 0.100",291992.93
5574,2026-07-01 12:25:39.457,TravelML,TravelML_r1_ep1_ep3,COMPLETED,"Action logic completed successfully",291992.94
5575,2026-07-01 12:25:39.461,TravelML,TravelML_r1_ep1_ep3,COMPLETED,"Effects applied on exit",291997.15
5576,2026-07-01 12:25:39.599,NailingHL,NailingHL_tp9_r1,STARTED,"HL subtree tick: FF_Default_DynamicFlow_NailingHL_tp9_r1; DeltaTime: 0.100",292135.23
5577,2026-07-01 12:25:39.600,EquipeML,EquipeML_r1_ng1_ep3,STARTED,"ML action execution; DeltaTime: 0.100",292136.79
5578,2026-07-01 12:25:39.600,EquipeML,EquipeML_r1_ng1_ep3,STARTED,"DeltaTime: 0.100",292136.81
5579,2026-07-01 12:25:39.600,EquipeML,EquipeML_r1_ng1_ep3,COMPLETED,"Action logic completed successfully",292136.82
5580,2026-07-01 12:25:39.605,EquipeML,EquipeML_r1_ng1_ep3,COMPLETED,"Effects applied on exit",292141.72
5581,2026-07-01 12:25:39.741,NailingHL,NailingHL_tp9_r1,STARTED,"HL subtree tick: FF_Default_DynamicFlow_NailingHL_tp9_r1; DeltaTime: 0.100",292277.72
5582,2026-07-01 12:25:39.743,TravelML,TravelML_r1_ep3_pr1,STARTED,"ML action execution; DeltaTime: 0.100",292279.30
5583,2026-07-01 12:25:39.743,TravelML,TravelML_r1_ep3_pr1,STARTED,"DeltaTime: 0.100",292279.31
5584,2026-07-01 12:25:39.743,TravelML,TravelML_r1_ep3_pr1,COMPLETED,"Action logic completed successfully",292279.31
5585,2026-07-01 12:25:39.751,TravelML,TravelML_r1_ep3_pr1,COMPLETED,"Effects applied on exit",292287.22
5586,2026-07-01 12:25:39.900,NailingHL,NailingHL_tp9_r1,STARTED,"HL subtree tick: FF_Default_DynamicFlow_NailingHL_tp9_r1; DeltaTime: 0.100",292436.60
5587,2026-07-01 12:25:39.902,InitializeML,InitializeML_r1_ng1,STARTED,"ML action execution; DeltaTime: 0.100",292438.38
5588,2026-07-01 12:25:39.902,InitializeML,InitializeML_r1_ng1,STARTED,"DeltaTime: 0.100",292438.39
5589,2026-07-01 12:25:39.902,InitializeML,InitializeML_r1_ng1,COMPLETED,"Action logic completed successfully",292438.40
5590,2026-07-01 12:25:39.906,InitializeML,InitializeML_r1_ng1,COMPLETED,"Effects applied on exit",292442.53
5591,2026-07-01 12:25:40.041,NailingHL,NailingHL_tp9_r1,STARTED,"HL subtree tick: FF_Default_DynamicFlow_NailingHL_tp9_r1; DeltaTime: 0.100",292577.58
5592,2026-07-01 12:25:40.043,NailingML,NailingML_tp9_pr1_r1_ng1,STARTED,"ML action execution; DeltaTime: 0.100",292579.80
5593,2026-07-01 12:25:40.043,NailingML,NailingML_tp9_pr1_r1_ng1,STARTED,"DeltaTime: 0.100",292579.81
5594,2026-07-01 12:25:40.043,NailingML,NailingML_tp9_pr1_r1_ng1,COMPLETED,"Action logic completed successfully",292579.81
5595,2026-07-01 12:25:40.048,NailingML,NailingML_tp9_pr1_r1_ng1,COMPLETED,"Effects applied on exit",292584.64
5596,2026-07-01 12:25:40.182,NailingHL,NailingHL_tp9_r1,STARTED,"HL subtree tick: FF_Default_DynamicFlow_NailingHL_tp9_r1; DeltaTime: 0.100",292718.16
5597,2026-07-01 12:25:40.183,NailingHL,NailingHL_tp9_r1,COMPLETED,"Subtree execution completed successfully",292718.92
5598,2026-07-01 12:25:40.183,NailingHL,NailingHL_tp9_r1,STARTED,"DeltaTime: 0.100",292718.93
5599,2026-07-01 12:25:40.183,NailingHL,NailingHL_tp9_r1,COMPLETED,"Action logic completed successfully",292718.93
5600,2026-07-01 12:25:40.186,NailingHL,NailingHL_tp9_r1,COMPLETED,"Effects applied on exit",292722.79
5601,2026-07-01 12:25:40.335,NailingHL,NailingHL_tp10_r1,STARTED,"HL subtree tick: FF_Default_DynamicFlow_NailingHL_tp10_r1; DeltaTime: 0.100",292871.70
5602,2026-07-01 12:25:40.642,TravelML,TravelML_r1_pr1_pr2,STARTED,"ML action execution; DeltaTime: 0.100",293178.28
5603,2026-07-01 12:25:40.642,TravelML,TravelML_r1_pr1_pr2,STARTED,"DeltaTime: 0.100",293178.29
5604,2026-07-01 12:25:40.642,TravelML,TravelML_r1_pr1_pr2,COMPLETED,"Action logic completed successfully",293178.30
5605,2026-07-01 12:25:40.646,TravelML,TravelML_r1_pr1_pr2,COMPLETED,"Effects applied on exit",293182.74
5606,2026-07-01 12:25:40.783,NailingHL,NailingHL_tp10_r1,STARTED,"HL subtree tick: FF_Default_DynamicFlow_NailingHL_tp10_r1; DeltaTime: 0.100",293319.31
5607,2026-07-01 12:25:40.785,NailingML,NailingML_tp10_pr2_r1_ng1,STARTED,"ML action execution; DeltaTime: 0.100",293321.29
5608,2026-07-01 12:25:40.785,NailingML,NailingML_tp10_pr2_r1_ng1,STARTED,"DeltaTime: 0.100",293321.30
5609,2026-07-01 12:25:40.785,NailingML,NailingML_tp10_pr2_r1_ng1,COMPLETED,"Action logic completed successfully",293321.31
5610,2026-07-01 12:25:40.790,NailingML,NailingML_tp10_pr2_r1_ng1,COMPLETED,"Effects applied on exit",293326.37
5611,2026-07-01 12:25:40.933,NailingHL,NailingHL_tp10_r1,STARTED,"HL subtree tick: FF_Default_DynamicFlow_NailingHL_tp10_r1; DeltaTime: 0.100",293469.43
5612,2026-07-01 12:25:40.934,NailingHL,NailingHL_tp10_r1,COMPLETED,"Subtree execution completed successfully",293470.59
5613,2026-07-01 12:25:40.934,NailingHL,NailingHL_tp10_r1,STARTED,"DeltaTime: 0.100",293470.61
5614,2026-07-01 12:25:40.934,NailingHL,NailingHL_tp10_r1,COMPLETED,"Action logic completed successfully",293470.63
5615,2026-07-01 12:25:40.945,NailingHL,NailingHL_tp10_r1,COMPLETED,"Effects applied on exit",293480.92
5616,2026-07-01 12:25:41.084,NailingHL,NailingHL_tp11_r1,STARTED,"HL subtree tick: FF_Default_DynamicFlow_NailingHL_tp11_r1; DeltaTime: 0.100",293620.80
5617,2026-07-01 12:25:41.377,TravelML,TravelML_r1_pr2_pr3,STARTED,"ML action execution; DeltaTime: 0.100",293913.58
5618,2026-07-01 12:25:41.377,TravelML,TravelML_r1_pr2_pr3,STARTED,"DeltaTime: 0.100",293913.59
5619,2026-07-01 12:25:41.377,TravelML,TravelML_r1_pr2_pr3,COMPLETED,"Action logic completed successfully",293913.60
5620,2026-07-01 12:25:41.382,TravelML,TravelML_r1_pr2_pr3,COMPLETED,"Effects applied on exit",293918.11
5621,2026-07-01 12:25:41.525,NailingHL,NailingHL_tp11_r1,STARTED,"HL subtree tick: FF_Default_DynamicFlow_NailingHL_tp11_r1; DeltaTime: 0.100",294061.35
5622,2026-07-01 12:25:41.526,NailingML,NailingML_tp11_pr3_r1_ng1,STARTED,"ML action execution; DeltaTime: 0.100",294062.61
5623,2026-07-01 12:25:41.526,NailingML,NailingML_tp11_pr3_r1_ng1,STARTED,"DeltaTime: 0.100",294062.63
5624,2026-07-01 12:25:41.526,NailingML,NailingML_tp11_pr3_r1_ng1,COMPLETED,"Action logic completed successfully",294062.64
5625,2026-07-01 12:25:41.534,NailingML,NailingML_tp11_pr3_r1_ng1,COMPLETED,"Effects applied on exit",294070.46
5626,2026-07-01 12:25:41.681,NailingHL,NailingHL_tp11_r1,STARTED,"HL subtree tick: FF_Default_DynamicFlow_NailingHL_tp11_r1; DeltaTime: 0.100",294217.62
5627,2026-07-01 12:25:41.682,NailingHL,NailingHL_tp11_r1,COMPLETED,"Subtree execution completed successfully",294218.06
5628,2026-07-01 12:25:41.682,NailingHL,NailingHL_tp11_r1,STARTED,"DeltaTime: 0.100",294218.07
5629,2026-07-01 12:25:41.682,NailingHL,NailingHL_tp11_r1,COMPLETED,"Action logic completed successfully",294218.08
5630,2026-07-01 12:25:41.685,NailingHL,NailingHL_tp11_r1,COMPLETED,"Effects applied on exit",294221.86
5631,2026-07-01 12:25:41.834,NailingHL,NailingHL_tp12_r1,STARTED,"HL subtree tick: FF_Default_DynamicFlow_NailingHL_tp12_r1; DeltaTime: 0.100",294369.93
5632,2026-07-01 12:25:42.133,TravelML,TravelML_r1_pr3_pr4,STARTED,"ML action execution; DeltaTime: 0.100",294669.84
5633,2026-07-01 12:25:42.133,TravelML,TravelML_r1_pr3_pr4,STARTED,"DeltaTime: 0.100",294669.86
5634,2026-07-01 12:25:42.133,TravelML,TravelML_r1_pr3_pr4,COMPLETED,"Action logic completed successfully",294669.88
5635,2026-07-01 12:25:42.138,TravelML,TravelML_r1_pr3_pr4,COMPLETED,"Effects applied on exit",294674.65
5636,2026-07-01 12:25:42.276,NailingHL,NailingHL_tp12_r1,STARTED,"HL subtree tick: FF_Default_DynamicFlow_NailingHL_tp12_r1; DeltaTime: 0.100",294812.59
5637,2026-07-01 12:25:42.278,NailingML,NailingML_tp12_pr4_r1_ng1,STARTED,"ML action execution; DeltaTime: 0.100",294814.62
5638,2026-07-01 12:25:42.278,NailingML,NailingML_tp12_pr4_r1_ng1,STARTED,"DeltaTime: 0.100",294814.63
5639,2026-07-01 12:25:42.278,NailingML,NailingML_tp12_pr4_r1_ng1,COMPLETED,"Action logic completed successfully",294814.64
5640,2026-07-01 12:25:42.284,NailingML,NailingML_tp12_pr4_r1_ng1,COMPLETED,"Effects applied on exit",294820.75
5641,2026-07-01 12:25:42.421,NailingHL,NailingHL_tp12_r1,STARTED,"HL subtree tick: FF_Default_DynamicFlow_NailingHL_tp12_r1; DeltaTime: 0.100",294957.39
5642,2026-07-01 12:25:42.422,NailingHL,NailingHL_tp12_r1,COMPLETED,"Subtree execution completed successfully",294958.41
5643,2026-07-01 12:25:42.422,NailingHL,NailingHL_tp12_r1,STARTED,"DeltaTime: 0.100",294958.43
5644,2026-07-01 12:25:42.422,NailingHL,NailingHL_tp12_r1,COMPLETED,"Action logic completed successfully",294958.45
5645,2026-07-01 12:25:42.428,NailingHL,NailingHL_tp12_r1,COMPLETED,"Effects applied on exit",294964.78
5646,2026-07-01 12:25:42.578,MoveCassetteToStackHL,MoveCassetteToStackHL_tp9_lp9_pr1_sp9_r1_m9_lay9,STARTED,"HL subtree tick: FF_Default_DynamicFlow_MoveCassetteToStackHL_tp9_lp9_pr1_sp9_r1_m9_lay9; DeltaTime: 0.100",295114.30
5647,2026-07-01 12:25:42.943,TravelML,TravelML_r1_pr4_ep3,STARTED,"ML action execution; DeltaTime: 0.100",295479.71
5648,2026-07-01 12:25:42.943,TravelML,TravelML_r1_pr4_ep3,STARTED,"DeltaTime: 0.100",295479.72
5649,2026-07-01 12:25:42.943,TravelML,TravelML_r1_pr4_ep3,COMPLETED,"Action logic completed successfully",295479.73
5650,2026-07-01 12:25:42.948,TravelML,TravelML_r1_pr4_ep3,COMPLETED,"Effects applied on exit",295484.00
5651,2026-07-01 12:25:43.089,MoveCassetteToStackHL,MoveCassetteToStackHL_tp9_lp9_pr1_sp9_r1_m9_lay9,STARTED,"HL subtree tick: FF_Default_DynamicFlow_MoveCassetteToStackHL_tp9_lp9_pr1_sp9_r1_m9_lay9; DeltaTime: 0.100",295625.43
5652,2026-07-01 12:25:43.091,CloseToolML,CloseToolML_r1_ng1,STARTED,"ML action execution; DeltaTime: 0.100",295627.28
5653,2026-07-01 12:25:43.091,CloseToolML,CloseToolML_r1_ng1,STARTED,"DeltaTime: 0.100",295627.29
5654,2026-07-01 12:25:43.091,CloseToolML,CloseToolML_r1_ng1,COMPLETED,"Action logic completed successfully",295627.30
5655,2026-07-01 12:25:43.094,CloseToolML,CloseToolML_r1_ng1,COMPLETED,"Effects applied on exit",295630.86
5656,2026-07-01 12:25:43.238,MoveCassetteToStackHL,MoveCassetteToStackHL_tp9_lp9_pr1_sp9_r1_m9_lay9,STARTED,"HL subtree tick: FF_Default_DynamicFlow_MoveCassetteToStackHL_tp9_lp9_pr1_sp9_r1_m9_lay9; DeltaTime: 0.100",295774.32
5657,2026-07-01 12:25:43.240,DeequipML,DeequipML_r1_ng1_ep3,STARTED,"ML action execution; DeltaTime: 0.100",295776.16
5658,2026-07-01 12:25:43.240,DeequipML,DeequipML_r1_ng1_ep3,STARTED,"DeltaTime: 0.100",295776.17
5659,2026-07-01 12:25:43.240,DeequipML,DeequipML_r1_ng1_ep3,COMPLETED,"Action logic completed successfully",295776.18
5660,2026-07-01 12:25:43.243,DeequipML,DeequipML_r1_ng1_ep3,COMPLETED,"Effects applied on exit",295779.69
5661,2026-07-01 12:25:43.380,MoveCassetteToStackHL,MoveCassetteToStackHL_tp9_lp9_pr1_sp9_r1_m9_lay9,STARTED,"HL subtree tick: FF_Default_DynamicFlow_MoveCassetteToStackHL_tp9_lp9_pr1_sp9_r1_m9_lay9; DeltaTime: 0.100",295916.48
5662,2026-07-01 12:25:43.382,TravelML,TravelML_r1_ep3_ep1,STARTED,"ML action execution; DeltaTime: 0.100",295918.19
5663,2026-07-01 12:25:43.382,TravelML,TravelML_r1_ep3_ep1,STARTED,"DeltaTime: 0.100",295918.20
5664,2026-07-01 12:25:43.382,TravelML,TravelML_r1_ep3_ep1,COMPLETED,"Action logic completed successfully",295918.21
5665,2026-07-01 12:25:43.387,TravelML,TravelML_r1_ep3_ep1,COMPLETED,"Effects applied on exit",295923.67
5666,2026-07-01 12:25:43.522,MoveCassetteToStackHL,MoveCassetteToStackHL_tp9_lp9_pr1_sp9_r1_m9_lay9,STARTED,"HL subtree tick: FF_Default_DynamicFlow_MoveCassetteToStackHL_tp9_lp9_pr1_sp9_r1_m9_lay9; DeltaTime: 0.100",296058.05
5667,2026-07-01 12:25:43.524,EquipeML,EquipeML_r1_vg1_ep1,STARTED,"ML action execution; DeltaTime: 0.100",296059.99
5668,2026-07-01 12:25:43.524,EquipeML,EquipeML_r1_vg1_ep1,STARTED,"DeltaTime: 0.100",296060.00
5669,2026-07-01 12:25:43.524,EquipeML,EquipeML_r1_vg1_ep1,COMPLETED,"Action logic completed successfully",296060.00
5670,2026-07-01 12:25:43.527,EquipeML,EquipeML_r1_vg1_ep1,COMPLETED,"Effects applied on exit",296063.68
5671,2026-07-01 12:25:43.663,MoveCassetteToStackHL,MoveCassetteToStackHL_tp9_lp9_pr1_sp9_r1_m9_lay9,STARTED,"HL subtree tick: FF_Default_DynamicFlow_MoveCassetteToStackHL_tp9_lp9_pr1_sp9_r1_m9_lay9; DeltaTime: 0.100",296199.52
5672,2026-07-01 12:25:43.665,TravelML,TravelML_r1_ep1_pr1,STARTED,"ML action execution; DeltaTime: 0.100",296201.34
5673,2026-07-01 12:25:43.665,TravelML,TravelML_r1_ep1_pr1,STARTED,"DeltaTime: 0.100",296201.37
5674,2026-07-01 12:25:43.665,TravelML,TravelML_r1_ep1_pr1,COMPLETED,"Action logic completed successfully",296201.38
5675,2026-07-01 12:25:43.670,TravelML,TravelML_r1_ep1_pr1,COMPLETED,"Effects applied on exit",296206.00
5676,2026-07-01 12:25:43.805,MoveCassetteToStackHL,MoveCassetteToStackHL_tp9_lp9_pr1_sp9_r1_m9_lay9,STARTED,"HL subtree tick: FF_Default_DynamicFlow_MoveCassetteToStackHL_tp9_lp9_pr1_sp9_r1_m9_lay9; DeltaTime: 0.100",296341.54
5677,2026-07-01 12:25:43.807,InitializeML,InitializeML_r1_vg1,STARTED,"ML action execution; DeltaTime: 0.100",296343.54
5678,2026-07-01 12:25:43.807,InitializeML,InitializeML_r1_vg1,STARTED,"DeltaTime: 0.100",296343.55
5679,2026-07-01 12:25:43.807,InitializeML,InitializeML_r1_vg1,COMPLETED,"Action logic completed successfully",296343.56
5680,2026-07-01 12:25:43.811,InitializeML,InitializeML_r1_vg1,COMPLETED,"Effects applied on exit",296347.38
5681,2026-07-01 12:25:43.948,MoveCassetteToStackHL,MoveCassetteToStackHL_tp9_lp9_pr1_sp9_r1_m9_lay9,STARTED,"HL subtree tick: FF_Default_DynamicFlow_MoveCassetteToStackHL_tp9_lp9_pr1_sp9_r1_m9_lay9; DeltaTime: 0.100",296484.13
5682,2026-07-01 12:25:43.950,PickUpCassetteML,PickUpCassetteML_lp9_m9_lay9_pr1_r1_vg1,STARTED,"ML action execution; DeltaTime: 0.100",296486.21
5683,2026-07-01 12:25:43.950,PickUpCassetteML,PickUpCassetteML_lp9_m9_lay9_pr1_r1_vg1,STARTED,"DeltaTime: 0.100",296486.22
5684,2026-07-01 12:25:43.950,PickUpCassetteML,PickUpCassetteML_lp9_m9_lay9_pr1_r1_vg1,COMPLETED,"Action logic completed successfully",296486.23
5685,2026-07-01 12:25:43.954,PickUpCassetteML,PickUpCassetteML_lp9_m9_lay9_pr1_r1_vg1,COMPLETED,"Effects applied on exit",296490.24
5686,2026-07-01 12:25:44.090,MoveCassetteToStackHL,MoveCassetteToStackHL_tp9_lp9_pr1_sp9_r1_m9_lay9,STARTED,"HL subtree tick: FF_Default_DynamicFlow_MoveCassetteToStackHL_tp9_lp9_pr1_sp9_r1_m9_lay9; DeltaTime: 0.100",296626.74
5687,2026-07-01 12:25:44.093,TravelML,TravelML_r1_pr1_sp9,STARTED,"ML action execution; DeltaTime: 0.100",296629.87
5688,2026-07-01 12:25:44.093,TravelML,TravelML_r1_pr1_sp9,STARTED,"DeltaTime: 0.100",296629.88
5689,2026-07-01 12:25:44.093,TravelML,TravelML_r1_pr1_sp9,COMPLETED,"Action logic completed successfully",296629.88
5690,2026-07-01 12:25:44.098,TravelML,TravelML_r1_pr1_sp9,COMPLETED,"Effects applied on exit",296634.19
5691,2026-07-01 12:25:44.231,MoveCassetteToStackHL,MoveCassetteToStackHL_tp9_lp9_pr1_sp9_r1_m9_lay9,STARTED,"HL subtree tick: FF_Default_DynamicFlow_MoveCassetteToStackHL_tp9_lp9_pr1_sp9_r1_m9_lay9; DeltaTime: 0.100",296767.42
5692,2026-07-01 12:25:44.233,PlaceCassetteML,PlaceCassetteML_lp9_m9_sp9_r1_vg1,STARTED,"ML action execution; DeltaTime: 0.100",296769.67
5693,2026-07-01 12:25:44.233,PlaceCassetteML,PlaceCassetteML_lp9_m9_sp9_r1_vg1,STARTED,"DeltaTime: 0.100",296769.68
5694,2026-07-01 12:25:44.233,PlaceCassetteML,PlaceCassetteML_lp9_m9_sp9_r1_vg1,COMPLETED,"Action logic completed successfully",296769.68
5695,2026-07-01 12:25:44.239,PlaceCassetteML,PlaceCassetteML_lp9_m9_sp9_r1_vg1,COMPLETED,"Effects applied on exit",296774.98
5696,2026-07-01 12:25:44.373,MoveCassetteToStackHL,MoveCassetteToStackHL_tp9_lp9_pr1_sp9_r1_m9_lay9,STARTED,"HL subtree tick: FF_Default_DynamicFlow_MoveCassetteToStackHL_tp9_lp9_pr1_sp9_r1_m9_lay9; DeltaTime: 0.100",296909.36
5697,2026-07-01 12:25:44.374,MoveCassetteToStackHL,MoveCassetteToStackHL_tp9_lp9_pr1_sp9_r1_m9_lay9,COMPLETED,"Subtree execution completed successfully",296910.30
5698,2026-07-01 12:25:44.374,MoveCassetteToStackHL,MoveCassetteToStackHL_tp9_lp9_pr1_sp9_r1_m9_lay9,STARTED,"DeltaTime: 0.100",296910.31
5699,2026-07-01 12:25:44.374,MoveCassetteToStackHL,MoveCassetteToStackHL_tp9_lp9_pr1_sp9_r1_m9_lay9,COMPLETED,"Action logic completed successfully",296910.31
5700,2026-07-01 12:25:44.379,MoveCassetteToStackHL,MoveCassetteToStackHL_tp9_lp9_pr1_sp9_r1_m9_lay9,COMPLETED,"Effects applied on exit",296915.15
5701,2026-07-01 12:25:44.533,MoveCassetteToStackHL,MoveCassetteToStackHL_tp10_lp10_pr2_sp10_r1_m10_lay10,STARTED,"HL subtree tick: FF_Default_DynamicFlow_MoveCassetteToStackHL_tp10_lp10_pr2_sp10_r1_m10_lay10; DeltaTime: 0.100",297069.54
5702,2026-07-01 12:25:44.842,TravelML,TravelML_r1_sp9_pr2,STARTED,"ML action execution; DeltaTime: 0.100",297378.49
5703,2026-07-01 12:25:44.842,TravelML,TravelML_r1_sp9_pr2,STARTED,"DeltaTime: 0.100",297378.50
5704,2026-07-01 12:25:44.842,TravelML,TravelML_r1_sp9_pr2,COMPLETED,"Action logic completed successfully",297378.51
5705,2026-07-01 12:25:44.847,TravelML,TravelML_r1_sp9_pr2,COMPLETED,"Effects applied on exit",297383.36
5706,2026-07-01 12:25:44.994,MoveCassetteToStackHL,MoveCassetteToStackHL_tp10_lp10_pr2_sp10_r1_m10_lay10,STARTED,"HL subtree tick: FF_Default_DynamicFlow_MoveCassetteToStackHL_tp10_lp10_pr2_sp10_r1_m10_lay10; DeltaTime: 0.100",297530.70
5707,2026-07-01 12:25:44.996,PickUpCassetteML,PickUpCassetteML_lp10_m10_lay10_pr2_r1_vg1,STARTED,"ML action execution; DeltaTime: 0.100",297532.15
5708,2026-07-01 12:25:44.996,PickUpCassetteML,PickUpCassetteML_lp10_m10_lay10_pr2_r1_vg1,STARTED,"DeltaTime: 0.100",297532.16
5709,2026-07-01 12:25:44.996,PickUpCassetteML,PickUpCassetteML_lp10_m10_lay10_pr2_r1_vg1,COMPLETED,"Action logic completed successfully",297532.17
5710,2026-07-01 12:25:44.999,PickUpCassetteML,PickUpCassetteML_lp10_m10_lay10_pr2_r1_vg1,COMPLETED,"Effects applied on exit",297535.82
5711,2026-07-01 12:25:45.135,MoveCassetteToStackHL,MoveCassetteToStackHL_tp10_lp10_pr2_sp10_r1_m10_lay10,STARTED,"HL subtree tick: FF_Default_DynamicFlow_MoveCassetteToStackHL_tp10_lp10_pr2_sp10_r1_m10_lay10; DeltaTime: 0.100",297671.90
5712,2026-07-01 12:25:45.137,TravelML,TravelML_r1_pr2_sp10,STARTED,"ML action execution; DeltaTime: 0.100",297673.16
5713,2026-07-01 12:25:45.137,TravelML,TravelML_r1_pr2_sp10,STARTED,"DeltaTime: 0.100",297673.17
5714,2026-07-01 12:25:45.137,TravelML,TravelML_r1_pr2_sp10,COMPLETED,"Action logic completed successfully",297673.18
5715,2026-07-01 12:25:45.142,TravelML,TravelML_r1_pr2_sp10,COMPLETED,"Effects applied on exit",297677.93
5716,2026-07-01 12:25:45.278,MoveCassetteToStackHL,MoveCassetteToStackHL_tp10_lp10_pr2_sp10_r1_m10_lay10,STARTED,"HL subtree tick: FF_Default_DynamicFlow_MoveCassetteToStackHL_tp10_lp10_pr2_sp10_r1_m10_lay10; DeltaTime: 0.100",297814.49
5717,2026-07-01 12:25:45.279,PlaceCassetteML,PlaceCassetteML_lp10_m10_sp10_r1_vg1,STARTED,"ML action execution; DeltaTime: 0.100",297815.77
5718,2026-07-01 12:25:45.279,PlaceCassetteML,PlaceCassetteML_lp10_m10_sp10_r1_vg1,STARTED,"DeltaTime: 0.100",297815.78
5719,2026-07-01 12:25:45.279,PlaceCassetteML,PlaceCassetteML_lp10_m10_sp10_r1_vg1,COMPLETED,"Action logic completed successfully",297815.79
5720,2026-07-01 12:25:45.285,PlaceCassetteML,PlaceCassetteML_lp10_m10_sp10_r1_vg1,COMPLETED,"Effects applied on exit",297821.49
5721,2026-07-01 12:25:45.419,MoveCassetteToStackHL,MoveCassetteToStackHL_tp10_lp10_pr2_sp10_r1_m10_lay10,STARTED,"HL subtree tick: FF_Default_DynamicFlow_MoveCassetteToStackHL_tp10_lp10_pr2_sp10_r1_m10_lay10; DeltaTime: 0.100",297955.80
5722,2026-07-01 12:25:45.420,MoveCassetteToStackHL,MoveCassetteToStackHL_tp10_lp10_pr2_sp10_r1_m10_lay10,COMPLETED,"Subtree execution completed successfully",297956.39
5723,2026-07-01 12:25:45.420,MoveCassetteToStackHL,MoveCassetteToStackHL_tp10_lp10_pr2_sp10_r1_m10_lay10,STARTED,"DeltaTime: 0.100",297956.40
5724,2026-07-01 12:25:45.420,MoveCassetteToStackHL,MoveCassetteToStackHL_tp10_lp10_pr2_sp10_r1_m10_lay10,COMPLETED,"Action logic completed successfully",297956.40
5725,2026-07-01 12:25:45.424,MoveCassetteToStackHL,MoveCassetteToStackHL_tp10_lp10_pr2_sp10_r1_m10_lay10,COMPLETED,"Effects applied on exit",297960.50
5726,2026-07-01 12:25:45.570,MoveCassetteToStackHL,MoveCassetteToStackHL_tp11_lp11_pr3_sp11_r1_m11_lay11,STARTED,"HL subtree tick: FF_Default_DynamicFlow_MoveCassetteToStackHL_tp11_lp11_pr3_sp11_r1_m11_lay11; DeltaTime: 0.100",298106.21
5727,2026-07-01 12:25:45.889,TravelML,TravelML_r1_sp10_pr3,STARTED,"ML action execution; DeltaTime: 0.100",298425.42
5728,2026-07-01 12:25:45.889,TravelML,TravelML_r1_sp10_pr3,STARTED,"DeltaTime: 0.100",298425.43
5729,2026-07-01 12:25:45.889,TravelML,TravelML_r1_sp10_pr3,COMPLETED,"Action logic completed successfully",298425.44
5730,2026-07-01 12:25:45.894,TravelML,TravelML_r1_sp10_pr3,COMPLETED,"Effects applied on exit",298430.40
5731,2026-07-01 12:25:46.035,MoveCassetteToStackHL,MoveCassetteToStackHL_tp11_lp11_pr3_sp11_r1_m11_lay11,STARTED,"HL subtree tick: FF_Default_DynamicFlow_MoveCassetteToStackHL_tp11_lp11_pr3_sp11_r1_m11_lay11; DeltaTime: 0.100",298571.78
5732,2026-07-01 12:25:46.036,PickUpCassetteML,PickUpCassetteML_lp11_m11_lay11_pr3_r1_vg1,STARTED,"ML action execution; DeltaTime: 0.100",298572.88
5733,2026-07-01 12:25:46.036,PickUpCassetteML,PickUpCassetteML_lp11_m11_lay11_pr3_r1_vg1,STARTED,"DeltaTime: 0.100",298572.89
5734,2026-07-01 12:25:46.036,PickUpCassetteML,PickUpCassetteML_lp11_m11_lay11_pr3_r1_vg1,COMPLETED,"Action logic completed successfully",298572.89
5735,2026-07-01 12:25:46.040,PickUpCassetteML,PickUpCassetteML_lp11_m11_lay11_pr3_r1_vg1,COMPLETED,"Effects applied on exit",298576.72
5736,2026-07-01 12:25:46.178,MoveCassetteToStackHL,MoveCassetteToStackHL_tp11_lp11_pr3_sp11_r1_m11_lay11,STARTED,"HL subtree tick: FF_Default_DynamicFlow_MoveCassetteToStackHL_tp11_lp11_pr3_sp11_r1_m11_lay11; DeltaTime: 0.100",298714.49
5737,2026-07-01 12:25:46.179,TravelML,TravelML_r1_pr3_sp11,STARTED,"ML action execution; DeltaTime: 0.100",298715.66
5738,2026-07-01 12:25:46.179,TravelML,TravelML_r1_pr3_sp11,STARTED,"DeltaTime: 0.100",298715.67
5739,2026-07-01 12:25:46.179,TravelML,TravelML_r1_pr3_sp11,COMPLETED,"Action logic completed successfully",298715.68
5740,2026-07-01 12:25:46.185,TravelML,TravelML_r1_pr3_sp11,COMPLETED,"Effects applied on exit",298721.01
5741,2026-07-01 12:25:46.319,MoveCassetteToStackHL,MoveCassetteToStackHL_tp11_lp11_pr3_sp11_r1_m11_lay11,STARTED,"HL subtree tick: FF_Default_DynamicFlow_MoveCassetteToStackHL_tp11_lp11_pr3_sp11_r1_m11_lay11; DeltaTime: 0.100",298855.47
5742,2026-07-01 12:25:46.322,PlaceCassetteML,PlaceCassetteML_lp11_m11_sp11_r1_vg1,STARTED,"ML action execution; DeltaTime: 0.100",298857.90
5743,2026-07-01 12:25:46.322,PlaceCassetteML,PlaceCassetteML_lp11_m11_sp11_r1_vg1,STARTED,"DeltaTime: 0.100",298857.92
5744,2026-07-01 12:25:46.322,PlaceCassetteML,PlaceCassetteML_lp11_m11_sp11_r1_vg1,COMPLETED,"Action logic completed successfully",298857.92
5745,2026-07-01 12:25:46.328,PlaceCassetteML,PlaceCassetteML_lp11_m11_sp11_r1_vg1,COMPLETED,"Effects applied on exit",298864.11
5746,2026-07-01 12:25:46.461,MoveCassetteToStackHL,MoveCassetteToStackHL_tp11_lp11_pr3_sp11_r1_m11_lay11,STARTED,"HL subtree tick: FF_Default_DynamicFlow_MoveCassetteToStackHL_tp11_lp11_pr3_sp11_r1_m11_lay11; DeltaTime: 0.100",298997.89
5747,2026-07-01 12:25:46.462,MoveCassetteToStackHL,MoveCassetteToStackHL_tp11_lp11_pr3_sp11_r1_m11_lay11,COMPLETED,"Subtree execution completed successfully",298998.39
5748,2026-07-01 12:25:46.462,MoveCassetteToStackHL,MoveCassetteToStackHL_tp11_lp11_pr3_sp11_r1_m11_lay11,STARTED,"DeltaTime: 0.100",298998.40
5749,2026-07-01 12:25:46.462,MoveCassetteToStackHL,MoveCassetteToStackHL_tp11_lp11_pr3_sp11_r1_m11_lay11,COMPLETED,"Action logic completed successfully",298998.41
5750,2026-07-01 12:25:46.466,MoveCassetteToStackHL,MoveCassetteToStackHL_tp11_lp11_pr3_sp11_r1_m11_lay11,COMPLETED,"Effects applied on exit",299002.45
5751,2026-07-01 12:25:46.618,MoveCassetteToStackHL,MoveCassetteToStackHL_tp12_lp12_pr4_sp12_r1_m12_lay12,STARTED,"HL subtree tick: FF_Default_DynamicFlow_MoveCassetteToStackHL_tp12_lp12_pr4_sp12_r1_m12_lay12; DeltaTime: 0.100",299154.48
5752,2026-07-01 12:25:46.948,TravelML,TravelML_r1_sp11_pr4,STARTED,"ML action execution; DeltaTime: 0.100",299484.53
5753,2026-07-01 12:25:46.948,TravelML,TravelML_r1_sp11_pr4,STARTED,"DeltaTime: 0.100",299484.55
5754,2026-07-01 12:25:46.948,TravelML,TravelML_r1_sp11_pr4,COMPLETED,"Action logic completed successfully",299484.56
5755,2026-07-01 12:25:46.955,TravelML,TravelML_r1_sp11_pr4,COMPLETED,"Effects applied on exit",299491.84
5756,2026-07-01 12:25:47.103,MoveCassetteToStackHL,MoveCassetteToStackHL_tp12_lp12_pr4_sp12_r1_m12_lay12,STARTED,"HL subtree tick: FF_Default_DynamicFlow_MoveCassetteToStackHL_tp12_lp12_pr4_sp12_r1_m12_lay12; DeltaTime: 0.100",299639.35
5757,2026-07-01 12:25:47.105,PickUpCassetteML,PickUpCassetteML_lp12_m12_lay12_pr4_r1_vg1,STARTED,"ML action execution; DeltaTime: 0.100",299641.83
5758,2026-07-01 12:25:47.105,PickUpCassetteML,PickUpCassetteML_lp12_m12_lay12_pr4_r1_vg1,STARTED,"DeltaTime: 0.100",299641.84
5759,2026-07-01 12:25:47.105,PickUpCassetteML,PickUpCassetteML_lp12_m12_lay12_pr4_r1_vg1,COMPLETED,"Action logic completed successfully",299641.85
5760,2026-07-01 12:25:47.111,PickUpCassetteML,PickUpCassetteML_lp12_m12_lay12_pr4_r1_vg1,COMPLETED,"Effects applied on exit",299647.63
5761,2026-07-01 12:25:47.245,MoveCassetteToStackHL,MoveCassetteToStackHL_tp12_lp12_pr4_sp12_r1_m12_lay12,STARTED,"HL subtree tick: FF_Default_DynamicFlow_MoveCassetteToStackHL_tp12_lp12_pr4_sp12_r1_m12_lay12; DeltaTime: 0.100",299781.76
5762,2026-07-01 12:25:47.247,TravelML,TravelML_r1_pr4_sp12,STARTED,"ML action execution; DeltaTime: 0.100",299783.16
5763,2026-07-01 12:25:47.247,TravelML,TravelML_r1_pr4_sp12,STARTED,"DeltaTime: 0.100",299783.17
5764,2026-07-01 12:25:47.247,TravelML,TravelML_r1_pr4_sp12,COMPLETED,"Action logic completed successfully",299783.18
5765,2026-07-01 12:25:47.253,TravelML,TravelML_r1_pr4_sp12,COMPLETED,"Effects applied on exit",299788.96
5766,2026-07-01 12:25:47.402,MoveCassetteToStackHL,MoveCassetteToStackHL_tp12_lp12_pr4_sp12_r1_m12_lay12,STARTED,"HL subtree tick: FF_Default_DynamicFlow_MoveCassetteToStackHL_tp12_lp12_pr4_sp12_r1_m12_lay12; DeltaTime: 0.100",299938.52
5767,2026-07-01 12:25:47.406,PlaceCassetteML,PlaceCassetteML_lp12_m12_sp12_r1_vg1,STARTED,"ML action execution; DeltaTime: 0.100",299941.94
5768,2026-07-01 12:25:47.406,PlaceCassetteML,PlaceCassetteML_lp12_m12_sp12_r1_vg1,STARTED,"DeltaTime: 0.100",299941.96
5769,2026-07-01 12:25:47.406,PlaceCassetteML,PlaceCassetteML_lp12_m12_sp12_r1_vg1,COMPLETED,"Action logic completed successfully",299941.98
5770,2026-07-01 12:25:47.415,PlaceCassetteML,PlaceCassetteML_lp12_m12_sp12_r1_vg1,COMPLETED,"Effects applied on exit",299951.28
5771,2026-07-01 12:25:47.558,MoveCassetteToStackHL,MoveCassetteToStackHL_tp12_lp12_pr4_sp12_r1_m12_lay12,STARTED,"HL subtree tick: FF_Default_DynamicFlow_MoveCassetteToStackHL_tp12_lp12_pr4_sp12_r1_m12_lay12; DeltaTime: 0.100",300094.60
5772,2026-07-01 12:25:47.559,MoveCassetteToStackHL,MoveCassetteToStackHL_tp12_lp12_pr4_sp12_r1_m12_lay12,COMPLETED,"Subtree execution completed successfully",300095.25
5773,2026-07-01 12:25:47.559,MoveCassetteToStackHL,MoveCassetteToStackHL_tp12_lp12_pr4_sp12_r1_m12_lay12,STARTED,"DeltaTime: 0.100",300095.26
5774,2026-07-01 12:25:47.559,MoveCassetteToStackHL,MoveCassetteToStackHL_tp12_lp12_pr4_sp12_r1_m12_lay12,COMPLETED,"Action logic completed successfully",300095.26
5775,2026-07-01 12:25:47.563,MoveCassetteToStackHL,MoveCassetteToStackHL_tp12_lp12_pr4_sp12_r1_m12_lay12,COMPLETED,"Effects applied on exit",300099.34
