Counter,Timestamp,ActionName,InstanceName,Status,AdditionalInfo,TimeSinceStartMs
1,2025-09-08 15:43:16.712,PickUpHL,PickUpHL_lp1_fp1_r1,STARTED,"High-level execution with subtree: FF_Default_DynamicFlow_PickUpHL_lp1_fp1_r1; DeltaTime: 0.100",3.76
2,2025-09-08 15:43:21.188,PickUpHL,PickUpHL_lp1_fp1_r1,FAILED,"Subtree execution failed",4479.64
3,2025-09-08 15:43:22.203,PickUpHL,PickUpHL_lp2_fp9_r1,STARTED,"High-level execution with subtree: FF_Default_DynamicFlow_PickUpHL_lp2_fp9_r1; DeltaTime: 0.100",5495.39
4,2025-09-08 15:43:27.088,PickUpHL,PickUpHL_lp2_fp9_r1,FAILED,"Subtree execution failed",10379.89
5,2025-09-08 15:43:28.568,PickUpHL,PickUpHL_lp3_fp17_r1,STARTED,"High-level execution with subtree: FF_Default_DynamicFlow_PickUpHL_lp3_fp17_r1; DeltaTime: 0.100",11859.57
6,2025-09-08 15:43:32.654,PickUpHL,PickUpHL_lp3_fp17_r1,FAILED,"Subtree execution failed",15946.38
7,2025-09-08 15:43:33.966,PickUpHL,PickUpHL_lp4_fp25_r1,STARTED,"High-level execution with subtree: FF_Default_DynamicFlow_PickUpHL_lp4_fp25_r1; DeltaTime: 0.100",17258.28
8,2025-09-08 15:43:38.839,TravelML,TravelML_r1_pr2_ep1,STARTED,"Normal execution; DeltaTime: 0.100",22130.76
9,2025-09-08 15:43:38.840,TravelML,TravelML_r1_pr2_ep1,STARTED,"DeltaTime: 0.100",22132.47
10,2025-09-08 15:43:38.934,TravelML,TravelML_r1_pr2_ep1,COMPLETED,"Effects applied successfully",22226.06
11,2025-09-08 15:43:40.547,PickUpHL,PickUpHL_lp4_fp25_r1,STARTED,"High-level execution with subtree: FF_Default_DynamicFlow_PickUpHL_lp4_fp25_r1; DeltaTime: 0.100",23839.07
12,2025-09-08 15:43:40.641,EquipeML,EquipeML_r1_vg1_ep1,STARTED,"Normal execution; DeltaTime: 0.100",23932.81
13,2025-09-08 15:43:40.641,EquipeML,EquipeML_r1_vg1_ep1,STARTED,"DeltaTime: 0.100",23933.35
14,2025-09-08 15:43:40.759,EquipeML,EquipeML_r1_vg1_ep1,COMPLETED,"Effects applied successfully",24050.80
15,2025-09-08 15:43:41.875,PickUpHL,PickUpHL_lp4_fp25_r1,STARTED,"High-level execution with subtree: FF_Default_DynamicFlow_PickUpHL_lp4_fp25_r1; DeltaTime: 0.100",25166.95
16,2025-09-08 15:43:42.009,InitializeML,InitializeML_r1_vg1,STARTED,"Normal execution; DeltaTime: 0.100",25300.55
17,2025-09-08 15:43:42.010,InitializeML,InitializeML_r1_vg1,STARTED,"DeltaTime: 0.100",25301.68
18,2025-09-08 15:43:42.081,InitializeML,InitializeML_r1_vg1,COMPLETED,"Effects applied successfully",25372.76
19,2025-09-08 15:43:43.601,PickUpHL,PickUpHL_lp4_fp25_r1,STARTED,"High-level execution with subtree: FF_Default_DynamicFlow_PickUpHL_lp4_fp25_r1; DeltaTime: 0.100",26893.02
20,2025-09-08 15:43:43.694,TravelML,TravelML_r1_ep1_fp25,STARTED,"Normal execution; DeltaTime: 0.100",26985.71
21,2025-09-08 15:43:43.694,TravelML,TravelML_r1_ep1_fp25,STARTED,"DeltaTime: 0.100",26986.18
22,2025-09-08 15:43:43.766,TravelML,TravelML_r1_ep1_fp25,COMPLETED,"Effects applied successfully",27058.02
23,2025-09-08 15:43:45.172,PickUpHL,PickUpHL_lp4_fp25_r1,STARTED,"High-level execution with subtree: FF_Default_DynamicFlow_PickUpHL_lp4_fp25_r1; DeltaTime: 0.100",28464.05
24,2025-09-08 15:43:45.336,PickUpML,PickUpML_lp4_fp25_r1_vg1,STARTED,"Normal execution; DeltaTime: 0.100",28628.49
25,2025-09-08 15:43:45.337,PickUpML,PickUpML_lp4_fp25_r1_vg1,STARTED,"DeltaTime: 0.100",28629.42
26,2025-09-08 15:43:45.439,PickUpML,PickUpML_lp4_fp25_r1_vg1,COMPLETED,"Effects applied successfully",28730.87
27,2025-09-08 15:43:45.476,PickUpHL,PickUpHL_lp4_fp25_r1,COMPLETED,"Subtree execution completed successfully",28768.05
28,2025-09-08 15:43:46.851,PlaceHL,PlaceHL_lp4_pr4_r1,STARTED,"High-level execution with subtree: FF_Default_DynamicFlow_PlaceHL_lp4_pr4_r1; DeltaTime: 0.100",30142.97
29,2025-09-08 15:43:50.903,PlaceHL,PlaceHL_lp4_pr4_r1,FAILED,"Subtree execution failed",34195.04
30,2025-09-08 15:43:52.847,PickUpHL,PickUpHL_lp1_fp1_r1,STARTED,"High-level execution with subtree: FF_Default_DynamicFlow_PickUpHL_lp1_fp1_r1; DeltaTime: 0.100",36139.31
31,2025-09-08 15:43:56.796,PickUpHL,PickUpHL_lp1_fp1_r1,FAILED,"Subtree execution failed",40087.92
32,2025-09-08 15:43:57.644,PickUpHL,PickUpHL_lp2_fp9_r1,STARTED,"High-level execution with subtree: FF_Default_DynamicFlow_PickUpHL_lp2_fp9_r1; DeltaTime: 0.100",40935.72
33,2025-09-08 15:44:01.963,PickUpHL,PickUpHL_lp2_fp9_r1,FAILED,"Subtree execution failed",45254.66
34,2025-09-08 15:44:03.477,PickUpHL,PickUpHL_lp3_fp17_r1,STARTED,"High-level execution with subtree: FF_Default_DynamicFlow_PickUpHL_lp3_fp17_r1; DeltaTime: 0.100",46769.53
35,2025-09-08 15:44:07.891,PickUpHL,PickUpHL_lp3_fp17_r1,FAILED,"Subtree execution failed",51182.63
36,2025-09-08 15:44:09.033,PlaceHL,PlaceHL_lp4_pr4_r1,STARTED,"High-level execution with subtree: FF_Default_DynamicFlow_PlaceHL_lp4_pr4_r1; DeltaTime: 0.100",52324.64
37,2025-09-08 15:44:09.127,TravelML,TravelML_r1_fp25_pr4,STARTED,"Normal execution; DeltaTime: 0.100",52419.29
38,2025-09-08 15:44:09.129,TravelML,TravelML_r1_fp25_pr4,STARTED,"DeltaTime: 0.100",52420.87
39,2025-09-08 15:44:09.253,TravelML,TravelML_r1_fp25_pr4,COMPLETED,"Effects applied successfully",52545.12
40,2025-09-08 15:44:10.559,PlaceHL,PlaceHL_lp4_pr4_r1,STARTED,"High-level execution with subtree: FF_Default_DynamicFlow_PlaceHL_lp4_pr4_r1; DeltaTime: 0.100",53850.86
41,2025-09-08 15:44:10.636,PlaceML,PlaceML_lp4_pr4_r1_vg1,STARTED,"Normal execution; DeltaTime: 0.100",53927.67
42,2025-09-08 15:44:10.639,PlaceML,PlaceML_lp4_pr4_r1_vg1,STARTED,"DeltaTime: 0.100",53930.60
43,2025-09-08 15:44:10.797,PlaceML,PlaceML_lp4_pr4_r1_vg1,COMPLETED,"Effects applied successfully",54088.69
44,2025-09-08 15:44:10.817,PlaceHL,PlaceHL_lp4_pr4_r1,COMPLETED,"Subtree execution completed successfully",54108.95
45,2025-09-08 15:44:12.436,GluingPLateHL,GluingPlateHL_lp4_pr4_r1,STARTED,"High-level execution with subtree: FF_Default_DynamicFlow_GluingPlateHL_lp4_pr4_r1; DeltaTime: 0.100",55728.01
46,2025-09-08 15:44:17.247,GluingPLateHL,GluingPlateHL_lp4_pr4_r1,FAILED,"Subtree execution failed",60539.01
47,2025-09-08 15:44:18.746,PickUpHL,PickUpHL_lp1_fp1_r1,STARTED,"High-level execution with subtree: FF_Default_DynamicFlow_PickUpHL_lp1_fp1_r1; DeltaTime: 0.100",62038.13
48,2025-09-08 15:44:23.299,PickUpHL,PickUpHL_lp1_fp1_r1,FAILED,"Subtree execution failed",66591.33
49,2025-09-08 15:44:24.348,PickUpHL,PickUpHL_lp2_fp9_r1,STARTED,"High-level execution with subtree: FF_Default_DynamicFlow_PickUpHL_lp2_fp9_r1; DeltaTime: 0.100",67640.03
50,2025-09-08 15:44:28.870,PickUpHL,PickUpHL_lp2_fp9_r1,FAILED,"Subtree execution failed",72162.08
51,2025-09-08 15:44:30.257,PickUpHL,PickUpHL_lp3_fp17_r1,STARTED,"High-level execution with subtree: FF_Default_DynamicFlow_PickUpHL_lp3_fp17_r1; DeltaTime: 0.100",73549.22
52,2025-09-08 15:44:35.105,TravelML,TravelML_r1_pr4_fp17,STARTED,"Normal execution; DeltaTime: 0.100",78397.23
53,2025-09-08 15:44:35.106,TravelML,TravelML_r1_pr4_fp17,STARTED,"DeltaTime: 0.100",78398.34
54,2025-09-08 15:44:35.208,TravelML,TravelML_r1_pr4_fp17,COMPLETED,"Effects applied successfully",78500.37
55,2025-09-08 15:44:35.902,PickUpHL,PickUpHL_lp3_fp17_r1,STARTED,"High-level execution with subtree: FF_Default_DynamicFlow_PickUpHL_lp3_fp17_r1; DeltaTime: 0.100",79194.37
56,2025-09-08 15:44:35.924,PickUpML,PickUpML_lp3_fp17_r1_vg1,STARTED,"Normal execution; DeltaTime: 0.100",79216.31
57,2025-09-08 15:44:35.925,PickUpML,PickUpML_lp3_fp17_r1_vg1,STARTED,"DeltaTime: 0.100",79216.55
58,2025-09-08 15:44:35.969,PickUpML,PickUpML_lp3_fp17_r1_vg1,COMPLETED,"Effects applied successfully",79261.02
59,2025-09-08 15:44:35.974,PickUpHL,PickUpHL_lp3_fp17_r1,COMPLETED,"Subtree execution completed successfully",79266.46
60,2025-09-08 15:44:37.608,PlaceHL,PlaceHL_lp3_pr3_r1,STARTED,"High-level execution with subtree: FF_Default_DynamicFlow_PlaceHL_lp3_pr3_r1; DeltaTime: 0.100",80899.65
61,2025-09-08 15:44:42.327,PlaceHL,PlaceHL_lp3_pr3_r1,FAILED,"Subtree execution failed",85619.31
62,2025-09-08 15:44:43.613,GluingPLateHL,GluingPlateHL_lp4_pr4_r1,STARTED,"High-level execution with subtree: FF_Default_DynamicFlow_GluingPlateHL_lp4_pr4_r1; DeltaTime: 0.100",86904.99
63,2025-09-08 15:44:48.602,GluingPLateHL,GluingPlateHL_lp4_pr4_r1,FAILED,"Subtree execution failed",91893.78
64,2025-09-08 15:44:50.547,PickUpHL,PickUpHL_lp1_fp1_r1,STARTED,"High-level execution with subtree: FF_Default_DynamicFlow_PickUpHL_lp1_fp1_r1; DeltaTime: 0.100",93839.12
65,2025-09-08 15:44:55.118,PickUpHL,PickUpHL_lp1_fp1_r1,FAILED,"Subtree execution failed",98410.13
66,2025-09-08 15:44:56.340,PickUpHL,PickUpHL_lp2_fp9_r1,STARTED,"High-level execution with subtree: FF_Default_DynamicFlow_PickUpHL_lp2_fp9_r1; DeltaTime: 0.100",99631.56
67,2025-09-08 15:45:00.914,PickUpHL,PickUpHL_lp2_fp9_r1,FAILED,"Subtree execution failed",104205.84
68,2025-09-08 15:45:02.432,PlaceHL,PlaceHL_lp3_pr3_r1,STARTED,"High-level execution with subtree: FF_Default_DynamicFlow_PlaceHL_lp3_pr3_r1; DeltaTime: 0.100",105723.98
69,2025-09-08 15:45:02.557,TravelML,TravelML_r1_fp17_pr3,STARTED,"Normal execution; DeltaTime: 0.100",105849.09
70,2025-09-08 15:45:02.558,TravelML,TravelML_r1_fp17_pr3,STARTED,"DeltaTime: 0.100",105849.68
71,2025-09-08 15:45:02.722,TravelML,TravelML_r1_fp17_pr3,COMPLETED,"Effects applied successfully",106013.82
72,2025-09-08 15:45:04.416,PlaceHL,PlaceHL_lp3_pr3_r1,STARTED,"High-level execution with subtree: FF_Default_DynamicFlow_PlaceHL_lp3_pr3_r1; DeltaTime: 0.100",107707.67
73,2025-09-08 15:45:04.517,PlaceML,PlaceML_lp3_pr3_r1_vg1,STARTED,"Normal execution; DeltaTime: 0.100",107809.29
74,2025-09-08 15:45:04.518,PlaceML,PlaceML_lp3_pr3_r1_vg1,STARTED,"DeltaTime: 0.100",107810.05
75,2025-09-08 15:45:04.628,PlaceML,PlaceML_lp3_pr3_r1_vg1,COMPLETED,"Effects applied successfully",107919.98
76,2025-09-08 15:45:04.641,PlaceHL,PlaceHL_lp3_pr3_r1,COMPLETED,"Subtree execution completed successfully",107932.67
77,2025-09-08 15:45:05.537,GluingPLateHL,GluingPlateHL_lp3_pr3_r1,STARTED,"High-level execution with subtree: FF_Default_DynamicFlow_GluingPlateHL_lp3_pr3_r1; DeltaTime: 0.100",108829.01
78,2025-09-08 15:45:09.811,GluingPLateHL,GluingPlateHL_lp3_pr3_r1,FAILED,"Subtree execution failed",113103.33
79,2025-09-08 15:45:10.939,GluingPLateHL,GluingPlateHL_lp4_pr4_r1,STARTED,"High-level execution with subtree: FF_Default_DynamicFlow_GluingPlateHL_lp4_pr4_r1; DeltaTime: 0.100",114231.49
80,2025-09-08 15:45:14.421,GluingPLateHL,GluingPlateHL_lp4_pr4_r1,FAILED,"Subtree execution failed",117713.32
81,2025-09-08 15:45:16.235,PickUpHL,PickUpHL_lp1_fp1_r1,STARTED,"High-level execution with subtree: FF_Default_DynamicFlow_PickUpHL_lp1_fp1_r1; DeltaTime: 0.100",119526.56
82,2025-09-08 15:45:19.606,PickUpHL,PickUpHL_lp1_fp1_r1,FAILED,"Subtree execution failed",122898.46
83,2025-09-08 15:45:21.230,PickUpHL,PickUpHL_lp2_fp9_r1,STARTED,"High-level execution with subtree: FF_Default_DynamicFlow_PickUpHL_lp2_fp9_r1; DeltaTime: 0.100",124522.37
84,2025-09-08 15:45:25.505,TravelML,TravelML_r1_pr3_fp9,STARTED,"Normal execution; DeltaTime: 0.100",128796.88
85,2025-09-08 15:45:25.506,TravelML,TravelML_r1_pr3_fp9,STARTED,"DeltaTime: 0.100",128797.63
86,2025-09-08 15:45:25.569,TravelML,TravelML_r1_pr3_fp9,COMPLETED,"Effects applied successfully",128861.42
87,2025-09-08 15:45:26.680,PickUpHL,PickUpHL_lp2_fp9_r1,STARTED,"High-level execution with subtree: FF_Default_DynamicFlow_PickUpHL_lp2_fp9_r1; DeltaTime: 0.100",129972.38
88,2025-09-08 15:45:26.794,PickUpML,PickUpML_lp2_fp9_r1_vg1,STARTED,"Normal execution; DeltaTime: 0.100",130085.78
89,2025-09-08 15:45:26.795,PickUpML,PickUpML_lp2_fp9_r1_vg1,STARTED,"DeltaTime: 0.100",130087.34
90,2025-09-08 15:45:26.969,PickUpML,PickUpML_lp2_fp9_r1_vg1,COMPLETED,"Effects applied successfully",130261.50
91,2025-09-08 15:45:26.995,PickUpHL,PickUpHL_lp2_fp9_r1,COMPLETED,"Subtree execution completed successfully",130287.52
92,2025-09-08 15:45:28.071,PlaceHL,PlaceHL_lp2_pr2_r1,STARTED,"High-level execution with subtree: FF_Default_DynamicFlow_PlaceHL_lp2_pr2_r1; DeltaTime: 0.100",131363.35
93,2025-09-08 15:45:31.929,PlaceHL,PlaceHL_lp2_pr2_r1,FAILED,"Subtree execution failed",135220.89
94,2025-09-08 15:45:33.214,GluingPLateHL,GluingPlateHL_lp3_pr3_r1,STARTED,"High-level execution with subtree: FF_Default_DynamicFlow_GluingPlateHL_lp3_pr3_r1; DeltaTime: 0.100",136505.89
95,2025-09-08 15:45:37.424,GluingPLateHL,GluingPlateHL_lp3_pr3_r1,FAILED,"Subtree execution failed",140715.81
96,2025-09-08 15:45:38.080,GluingPLateHL,GluingPlateHL_lp4_pr4_r1,STARTED,"High-level execution with subtree: FF_Default_DynamicFlow_GluingPlateHL_lp4_pr4_r1; DeltaTime: 0.100",141372.36
97,2025-09-08 15:45:42.852,GluingPLateHL,GluingPlateHL_lp4_pr4_r1,FAILED,"Subtree execution failed",146144.34
98,2025-09-08 15:45:44.664,PickUpHL,PickUpHL_lp1_fp1_r1,STARTED,"High-level execution with subtree: FF_Default_DynamicFlow_PickUpHL_lp1_fp1_r1; DeltaTime: 0.100",147956.01
99,2025-09-08 15:45:48.902,PickUpHL,PickUpHL_lp1_fp1_r1,FAILED,"Subtree execution failed",152194.43
100,2025-09-08 15:45:50.288,PlaceHL,PlaceHL_lp2_pr2_r1,STARTED,"High-level execution with subtree: FF_Default_DynamicFlow_PlaceHL_lp2_pr2_r1; DeltaTime: 0.100",153579.72
101,2025-09-08 15:45:50.347,TravelML,TravelML_r1_fp9_pr2,STARTED,"Normal execution; DeltaTime: 0.100",153638.59
102,2025-09-08 15:45:50.347,TravelML,TravelML_r1_fp9_pr2,STARTED,"DeltaTime: 0.100",153639.16
103,2025-09-08 15:45:50.404,TravelML,TravelML_r1_fp9_pr2,COMPLETED,"Effects applied successfully",153695.92
104,2025-09-08 15:45:51.659,PlaceHL,PlaceHL_lp2_pr2_r1,STARTED,"High-level execution with subtree: FF_Default_DynamicFlow_PlaceHL_lp2_pr2_r1; DeltaTime: 0.100",154950.78
105,2025-09-08 15:45:51.722,PlaceML,PlaceML_lp2_pr2_r1_vg1,STARTED,"Normal execution; DeltaTime: 0.100",155014.35
106,2025-09-08 15:45:51.723,PlaceML,PlaceML_lp2_pr2_r1_vg1,STARTED,"DeltaTime: 0.100",155014.79
107,2025-09-08 15:45:51.827,PlaceML,PlaceML_lp2_pr2_r1_vg1,COMPLETED,"Effects applied successfully",155119.04
108,2025-09-08 15:45:51.854,PlaceHL,PlaceHL_lp2_pr2_r1,COMPLETED,"Subtree execution completed successfully",155145.79
109,2025-09-08 15:45:53.337,GluingPLateHL,GluingPlateHL_lp2_pr2_r1,STARTED,"High-level execution with subtree: FF_Default_DynamicFlow_GluingPlateHL_lp2_pr2_r1; DeltaTime: 0.100",156628.62
110,2025-09-08 15:45:57.566,GluingPLateHL,GluingPlateHL_lp2_pr2_r1,FAILED,"Subtree execution failed",160857.72
111,2025-09-08 15:45:58.781,GluingPLateHL,GluingPlateHL_lp3_pr3_r1,STARTED,"High-level execution with subtree: FF_Default_DynamicFlow_GluingPlateHL_lp3_pr3_r1; DeltaTime: 0.100",162073.03
112,2025-09-08 15:46:03.219,GluingPLateHL,GluingPlateHL_lp3_pr3_r1,FAILED,"Subtree execution failed",166511.04
113,2025-09-08 15:46:04.529,GluingPLateHL,GluingPlateHL_lp4_pr4_r1,STARTED,"High-level execution with subtree: FF_Default_DynamicFlow_GluingPlateHL_lp4_pr4_r1; DeltaTime: 0.100",167821.19
114,2025-09-08 15:46:08.935,GluingPLateHL,GluingPlateHL_lp4_pr4_r1,FAILED,"Subtree execution failed",172226.89
115,2025-09-08 15:46:10.668,PickUpHL,PickUpHL_lp1_fp1_r1,STARTED,"High-level execution with subtree: FF_Default_DynamicFlow_PickUpHL_lp1_fp1_r1; DeltaTime: 0.100",173960.27
116,2025-09-08 15:46:14.914,TravelML,TravelML_r1_pr2_fp1,STARTED,"Normal execution; DeltaTime: 0.100",178205.91
117,2025-09-08 15:46:14.915,TravelML,TravelML_r1_pr2_fp1,STARTED,"DeltaTime: 0.100",178207.33
118,2025-09-08 15:46:14.997,TravelML,TravelML_r1_pr2_fp1,COMPLETED,"Effects applied successfully",178288.73
119,2025-09-08 15:46:16.686,PickUpHL,PickUpHL_lp1_fp1_r1,STARTED,"High-level execution with subtree: FF_Default_DynamicFlow_PickUpHL_lp1_fp1_r1; DeltaTime: 0.100",179978.28
120,2025-09-08 15:46:16.722,PickUpML,PickUpML_lp1_fp1_r1_vg1,STARTED,"Normal execution; DeltaTime: 0.100",180014.10
121,2025-09-08 15:46:16.722,PickUpML,PickUpML_lp1_fp1_r1_vg1,STARTED,"DeltaTime: 0.100",180014.38
122,2025-09-08 15:46:16.925,PickUpML,PickUpML_lp1_fp1_r1_vg1,COMPLETED,"Effects applied successfully",180216.91
123,2025-09-08 15:46:16.935,PickUpHL,PickUpHL_lp1_fp1_r1,COMPLETED,"Subtree execution completed successfully",180227.29
124,2025-09-08 15:46:18.720,PlaceHL,PlaceHL_lp1_pr1_r1,STARTED,"High-level execution with subtree: FF_Default_DynamicFlow_PlaceHL_lp1_pr1_r1; DeltaTime: 0.100",182012.43
125,2025-09-08 15:46:22.943,PlaceHL,PlaceHL_lp1_pr1_r1,FAILED,"Subtree execution failed",186234.91
126,2025-09-08 15:46:24.219,GluingPLateHL,GluingPlateHL_lp2_pr2_r1,STARTED,"High-level execution with subtree: FF_Default_DynamicFlow_GluingPlateHL_lp2_pr2_r1; DeltaTime: 0.100",187511.10
127,2025-09-08 15:46:28.578,GluingPLateHL,GluingPlateHL_lp2_pr2_r1,FAILED,"Subtree execution failed",191870.32
128,2025-09-08 15:46:29.670,GluingPLateHL,GluingPlateHL_lp3_pr3_r1,STARTED,"High-level execution with subtree: FF_Default_DynamicFlow_GluingPlateHL_lp3_pr3_r1; DeltaTime: 0.100",192961.81
129,2025-09-08 15:46:34.177,GluingPLateHL,GluingPlateHL_lp3_pr3_r1,FAILED,"Subtree execution failed",197469.42
130,2025-09-08 15:46:35.422,GluingPLateHL,GluingPlateHL_lp4_pr4_r1,STARTED,"High-level execution with subtree: FF_Default_DynamicFlow_GluingPlateHL_lp4_pr4_r1; DeltaTime: 0.100",198713.76
131,2025-09-08 15:46:40.048,GluingPLateHL,GluingPlateHL_lp4_pr4_r1,FAILED,"Subtree execution failed",203340.16
132,2025-09-08 15:46:41.759,PlaceHL,PlaceHL_lp1_pr1_r1,STARTED,"High-level execution with subtree: FF_Default_DynamicFlow_PlaceHL_lp1_pr1_r1; DeltaTime: 0.100",205050.89
133,2025-09-08 15:46:41.820,TravelML,TravelML_r1_fp1_pr1,STARTED,"Normal execution; DeltaTime: 0.100",205111.74
134,2025-09-08 15:46:41.820,TravelML,TravelML_r1_fp1_pr1,STARTED,"DeltaTime: 0.100",205112.50
135,2025-09-08 15:46:41.890,TravelML,TravelML_r1_fp1_pr1,COMPLETED,"Effects applied successfully",205182.36
136,2025-09-08 15:46:43.282,PlaceHL,PlaceHL_lp1_pr1_r1,STARTED,"High-level execution with subtree: FF_Default_DynamicFlow_PlaceHL_lp1_pr1_r1; DeltaTime: 0.100",206573.96
137,2025-09-08 15:46:43.404,PlaceML,PlaceML_lp1_pr1_r1_vg1,STARTED,"Normal execution; DeltaTime: 0.100",206695.86
138,2025-09-08 15:46:43.404,PlaceML,PlaceML_lp1_pr1_r1_vg1,STARTED,"DeltaTime: 0.100",206696.33
139,2025-09-08 15:46:43.502,PlaceML,PlaceML_lp1_pr1_r1_vg1,COMPLETED,"Effects applied successfully",206794.31
140,2025-09-08 15:46:43.514,PlaceHL,PlaceHL_lp1_pr1_r1,COMPLETED,"Subtree execution completed successfully",206805.91
141,2025-09-08 15:46:44.593,GluingPLateHL,GluingPlateHL_lp1_pr1_r1,STARTED,"High-level execution with subtree: FF_Default_DynamicFlow_GluingPlateHL_lp1_pr1_r1; DeltaTime: 0.100",207885.11
142,2025-09-08 15:46:47.768,GluingPLateHL,GluingPlateHL_lp1_pr1_r1,FAILED,"Subtree execution failed",211059.79
143,2025-09-08 15:46:48.632,GluingPLateHL,GluingPlateHL_lp2_pr2_r1,STARTED,"High-level execution with subtree: FF_Default_DynamicFlow_GluingPlateHL_lp2_pr2_r1; DeltaTime: 0.100",211924.23
144,2025-09-08 15:46:53.065,GluingPLateHL,GluingPlateHL_lp2_pr2_r1,FAILED,"Subtree execution failed",216356.63
145,2025-09-08 15:46:54.476,GluingPLateHL,GluingPlateHL_lp3_pr3_r1,STARTED,"High-level execution with subtree: FF_Default_DynamicFlow_GluingPlateHL_lp3_pr3_r1; DeltaTime: 0.100",217768.17
146,2025-09-08 15:46:58.600,GluingPLateHL,GluingPlateHL_lp3_pr3_r1,FAILED,"Subtree execution failed",221891.84
147,2025-09-08 15:46:59.984,GluingPLateHL,GluingPlateHL_lp4_pr4_r1,STARTED,"High-level execution with subtree: FF_Default_DynamicFlow_GluingPlateHL_lp4_pr4_r1; DeltaTime: 0.100",223276.47
148,2025-09-08 15:47:03.409,TravelML,TravelML_r1_pr1_ep1,STARTED,"Normal execution; DeltaTime: 0.100",226701.39
149,2025-09-08 15:47:03.410,TravelML,TravelML_r1_pr1_ep1,STARTED,"DeltaTime: 0.100",226702.09
150,2025-09-08 15:47:03.497,TravelML,TravelML_r1_pr1_ep1,COMPLETED,"Effects applied successfully",226789.38
151,2025-09-08 15:47:04.752,GluingPLateHL,GluingPlateHL_lp4_pr4_r1,STARTED,"High-level execution with subtree: FF_Default_DynamicFlow_GluingPlateHL_lp4_pr4_r1; DeltaTime: 0.100",228043.95
152,2025-09-08 15:47:04.874,CloseToolML,CloseToolML_r1_vg1,STARTED,"Normal execution; DeltaTime: 0.100",228166.47
153,2025-09-08 15:47:04.875,CloseToolML,CloseToolML_r1_vg1,STARTED,"DeltaTime: 0.100",228166.98
154,2025-09-08 15:47:04.947,CloseToolML,CloseToolML_r1_vg1,COMPLETED,"Effects applied successfully",228239.19
155,2025-09-08 15:47:06.158,GluingPLateHL,GluingPlateHL_lp4_pr4_r1,STARTED,"High-level execution with subtree: FF_Default_DynamicFlow_GluingPlateHL_lp4_pr4_r1; DeltaTime: 0.100",229450.08
156,2025-09-08 15:47:06.318,DeequipML,DeequipML_r1_vg1_ep1,STARTED,"Normal execution; DeltaTime: 0.100",229609.99
157,2025-09-08 15:47:06.319,DeequipML,DeequipML_r1_vg1_ep1,STARTED,"DeltaTime: 0.100",229610.98
158,2025-09-08 15:47:06.436,DeequipML,DeequipML_r1_vg1_ep1,COMPLETED,"Effects applied successfully",229728.39
159,2025-09-08 15:47:07.931,GluingPLateHL,GluingPlateHL_lp4_pr4_r1,STARTED,"High-level execution with subtree: FF_Default_DynamicFlow_GluingPlateHL_lp4_pr4_r1; DeltaTime: 0.100",231223.44
160,2025-09-08 15:47:08.153,TravelML,TravelML_r1_ep1_ep2,STARTED,"Normal execution; DeltaTime: 0.100",231444.68
161,2025-09-08 15:47:08.153,TravelML,TravelML_r1_ep1_ep2,STARTED,"DeltaTime: 0.100",231445.34
162,2025-09-08 15:47:08.229,TravelML,TravelML_r1_ep1_ep2,COMPLETED,"Effects applied successfully",231521.27
163,2025-09-08 15:47:09.743,GluingPLateHL,GluingPlateHL_lp4_pr4_r1,STARTED,"High-level execution with subtree: FF_Default_DynamicFlow_GluingPlateHL_lp4_pr4_r1; DeltaTime: 0.100",233035.31
164,2025-09-08 15:47:09.992,EquipeML,EquipeML_r1_gg1_ep2,STARTED,"Normal execution; DeltaTime: 0.100",233283.70
165,2025-09-08 15:47:09.992,EquipeML,EquipeML_r1_gg1_ep2,STARTED,"DeltaTime: 0.100",233284.32
166,2025-09-08 15:47:10.129,EquipeML,EquipeML_r1_gg1_ep2,COMPLETED,"Effects applied successfully",233421.08
167,2025-09-08 15:47:11.591,GluingPLateHL,GluingPlateHL_lp4_pr4_r1,STARTED,"High-level execution with subtree: FF_Default_DynamicFlow_GluingPlateHL_lp4_pr4_r1; DeltaTime: 0.100",234882.74
168,2025-09-08 15:47:11.829,TravelML,TravelML_r1_ep2_pr4,STARTED,"Normal execution; DeltaTime: 0.100",235121.33
169,2025-09-08 15:47:11.830,TravelML,TravelML_r1_ep2_pr4,STARTED,"DeltaTime: 0.100",235122.17
170,2025-09-08 15:47:11.950,TravelML,TravelML_r1_ep2_pr4,COMPLETED,"Effects applied successfully",235242.39
171,2025-09-08 15:47:13.469,GluingPLateHL,GluingPlateHL_lp4_pr4_r1,STARTED,"High-level execution with subtree: FF_Default_DynamicFlow_GluingPlateHL_lp4_pr4_r1; DeltaTime: 0.100",236761.17
172,2025-09-08 15:47:13.649,InitializeML,InitializeML_r1_gg1,STARTED,"Normal execution; DeltaTime: 0.100",236940.95
173,2025-09-08 15:47:13.650,InitializeML,InitializeML_r1_gg1,STARTED,"DeltaTime: 0.100",236941.58
174,2025-09-08 15:47:13.713,InitializeML,InitializeML_r1_gg1,COMPLETED,"Effects applied successfully",237004.67
175,2025-09-08 15:47:14.894,GluingPLateHL,GluingPlateHL_lp4_pr4_r1,STARTED,"High-level execution with subtree: FF_Default_DynamicFlow_GluingPlateHL_lp4_pr4_r1; DeltaTime: 0.100",238185.68
176,2025-09-08 15:47:15.017,GluingML,GluingML_lp4_pr4_r1_gg1,STARTED,"Normal execution; DeltaTime: 0.100",238309.14
177,2025-09-08 15:47:15.018,GluingML,GluingML_lp4_pr4_r1_gg1,STARTED,"DeltaTime: 0.100",238309.77
178,2025-09-08 15:47:15.122,GluingML,GluingML_lp4_pr4_r1_gg1,COMPLETED,"Effects applied successfully",238413.68
179,2025-09-08 15:47:15.145,GluingPLateHL,GluingPlateHL_lp4_pr4_r1,COMPLETED,"Subtree execution completed successfully",238436.83
180,2025-09-08 15:47:16.305,PickUpHL,PickUpHL_b21_fp28_r1,STARTED,"High-level execution with subtree: FF_Default_DynamicFlow_PickUpHL_b21_fp28_r1; DeltaTime: 0.100",239597.16
181,2025-09-08 15:47:19.747,PickUpHL,PickUpHL_b21_fp28_r1,FAILED,"Subtree execution failed",243039.14
182,2025-09-08 15:47:21.141,GluingPLateHL,GluingPlateHL_lp1_pr1_r1,STARTED,"High-level execution with subtree: FF_Default_DynamicFlow_GluingPlateHL_lp1_pr1_r1; DeltaTime: 0.100",244433.52
183,2025-09-08 15:47:23.741,GluingPLateHL,GluingPlateHL_lp1_pr1_r1,FAILED,"Subtree execution failed",247033.37
184,2025-09-08 15:47:28.492,GluingPLateHL,GluingPlateHL_lp2_pr2_r1,STARTED,"High-level execution with subtree: FF_Default_DynamicFlow_GluingPlateHL_lp2_pr2_r1; DeltaTime: 0.100",251783.82
185,2025-09-08 15:47:31.170,GluingPLateHL,GluingPlateHL_lp2_pr2_r1,FAILED,"Subtree execution failed",254461.54
186,2025-09-08 15:47:31.520,GluingPLateHL,GluingPlateHL_lp3_pr3_r1,STARTED,"High-level execution with subtree: FF_Default_DynamicFlow_GluingPlateHL_lp3_pr3_r1; DeltaTime: 0.100",254812.45
187,2025-09-08 15:47:34.100,TravelML,TravelML_r1_pr4_pr3,STARTED,"Normal execution; DeltaTime: 0.100",257391.60
188,2025-09-08 15:47:34.100,TravelML,TravelML_r1_pr4_pr3,STARTED,"DeltaTime: 0.100",257391.83
189,2025-09-08 15:47:34.124,TravelML,TravelML_r1_pr4_pr3,COMPLETED,"Effects applied successfully",257416.15
190,2025-09-08 15:47:34.481,GluingPLateHL,GluingPlateHL_lp3_pr3_r1,STARTED,"High-level execution with subtree: FF_Default_DynamicFlow_GluingPlateHL_lp3_pr3_r1; DeltaTime: 0.100",257773.53
191,2025-09-08 15:47:34.506,GluingML,GluingML_lp3_pr3_r1_gg1,STARTED,"Normal execution; DeltaTime: 0.100",257797.76
192,2025-09-08 15:47:34.509,GluingML,GluingML_lp3_pr3_r1_gg1,STARTED,"DeltaTime: 0.100",257800.63
193,2025-09-08 15:47:34.557,GluingML,GluingML_lp3_pr3_r1_gg1,COMPLETED,"Effects applied successfully",257848.59
194,2025-09-08 15:47:34.560,GluingPLateHL,GluingPlateHL_lp3_pr3_r1,COMPLETED,"Subtree execution completed successfully",257852.21
195,2025-09-08 15:47:34.934,PickUpHL,PickUpHL_b15_fp20_r1,STARTED,"High-level execution with subtree: FF_Default_DynamicFlow_PickUpHL_b15_fp20_r1; DeltaTime: 0.100",258225.81
196,2025-09-08 15:47:38.120,PickUpHL,PickUpHL_b15_fp20_r1,FAILED,"Subtree execution failed",261412.32
197,2025-09-08 15:47:38.414,PickUpHL,PickUpHL_b21_fp28_r1,STARTED,"High-level execution with subtree: FF_Default_DynamicFlow_PickUpHL_b21_fp28_r1; DeltaTime: 0.100",261705.69
198,2025-09-08 15:47:41.447,PickUpHL,PickUpHL_b21_fp28_r1,FAILED,"Subtree execution failed",264739.25
199,2025-09-08 15:47:41.930,GluingPLateHL,GluingPlateHL_lp1_pr1_r1,STARTED,"High-level execution with subtree: FF_Default_DynamicFlow_GluingPlateHL_lp1_pr1_r1; DeltaTime: 0.100",265222.44
200,2025-09-08 15:47:44.501,GluingPLateHL,GluingPlateHL_lp1_pr1_r1,FAILED,"Subtree execution failed",267792.69
201,2025-09-08 15:47:44.812,GluingPLateHL,GluingPlateHL_lp2_pr2_r1,STARTED,"High-level execution with subtree: FF_Default_DynamicFlow_GluingPlateHL_lp2_pr2_r1; DeltaTime: 0.100",268104.11
202,2025-09-08 15:47:47.333,TravelML,TravelML_r1_pr3_pr2,STARTED,"Normal execution; DeltaTime: 0.100",270625.25
203,2025-09-08 15:47:47.333,TravelML,TravelML_r1_pr3_pr2,STARTED,"DeltaTime: 0.100",270625.46
204,2025-09-08 15:47:47.352,TravelML,TravelML_r1_pr3_pr2,COMPLETED,"Effects applied successfully",270643.75
205,2025-09-08 15:47:47.691,GluingPLateHL,GluingPlateHL_lp2_pr2_r1,STARTED,"High-level execution with subtree: FF_Default_DynamicFlow_GluingPlateHL_lp2_pr2_r1; DeltaTime: 0.100",270982.76
206,2025-09-08 15:47:47.708,GluingML,GluingML_lp2_pr2_r1_gg1,STARTED,"Normal execution; DeltaTime: 0.100",270999.73
207,2025-09-08 15:47:47.708,GluingML,GluingML_lp2_pr2_r1_gg1,STARTED,"DeltaTime: 0.100",270999.96
208,2025-09-08 15:47:47.725,GluingML,GluingML_lp2_pr2_r1_gg1,COMPLETED,"Effects applied successfully",271017.04
209,2025-09-08 15:47:47.728,GluingPLateHL,GluingPlateHL_lp2_pr2_r1,COMPLETED,"Subtree execution completed successfully",271020.13
210,2025-09-08 15:47:48.054,PickUpHL,PickUpHL_b9_fp12_r1,STARTED,"High-level execution with subtree: FF_Default_DynamicFlow_PickUpHL_b9_fp12_r1; DeltaTime: 0.100",271345.69
211,2025-09-08 15:47:50.631,PickUpHL,PickUpHL_b9_fp12_r1,FAILED,"Subtree execution failed",273923.23
212,2025-09-08 15:47:50.931,PickUpHL,PickUpHL_b15_fp20_r1,STARTED,"High-level execution with subtree: FF_Default_DynamicFlow_PickUpHL_b15_fp20_r1; DeltaTime: 0.100",274222.54
213,2025-09-08 15:47:53.962,PickUpHL,PickUpHL_b15_fp20_r1,FAILED,"Subtree execution failed",277254.18
214,2025-09-08 15:47:54.272,PickUpHL,PickUpHL_b21_fp28_r1,STARTED,"High-level execution with subtree: FF_Default_DynamicFlow_PickUpHL_b21_fp28_r1; DeltaTime: 0.100",277563.87
215,2025-09-08 15:47:56.990,PickUpHL,PickUpHL_b21_fp28_r1,FAILED,"Subtree execution failed",280282.39
216,2025-09-08 15:47:57.470,GluingPLateHL,GluingPlateHL_lp1_pr1_r1,STARTED,"High-level execution with subtree: FF_Default_DynamicFlow_GluingPlateHL_lp1_pr1_r1; DeltaTime: 0.100",280762.48
217,2025-09-08 15:48:00.034,TravelML,TravelML_r1_pr2_pr1,STARTED,"Normal execution; DeltaTime: 0.100",283326.37
218,2025-09-08 15:48:00.035,TravelML,TravelML_r1_pr2_pr1,STARTED,"DeltaTime: 0.100",283326.57
219,2025-09-08 15:48:00.055,TravelML,TravelML_r1_pr2_pr1,COMPLETED,"Effects applied successfully",283347.06
220,2025-09-08 15:48:00.399,GluingPLateHL,GluingPlateHL_lp1_pr1_r1,STARTED,"High-level execution with subtree: FF_Default_DynamicFlow_GluingPlateHL_lp1_pr1_r1; DeltaTime: 0.100",283691.24
221,2025-09-08 15:48:00.417,GluingML,GluingML_lp1_pr1_r1_gg1,STARTED,"Normal execution; DeltaTime: 0.100",283709.36
222,2025-09-08 15:48:00.418,GluingML,GluingML_lp1_pr1_r1_gg1,STARTED,"DeltaTime: 0.100",283709.56
223,2025-09-08 15:48:00.434,GluingML,GluingML_lp1_pr1_r1_gg1,COMPLETED,"Effects applied successfully",283725.57
224,2025-09-08 15:48:00.436,GluingPLateHL,GluingPlateHL_lp1_pr1_r1,COMPLETED,"Subtree execution completed successfully",283728.48
225,2025-09-08 15:48:00.765,PickUpHL,PickUpHL_b3_fp4_r1,STARTED,"High-level execution with subtree: FF_Default_DynamicFlow_PickUpHL_b3_fp4_r1; DeltaTime: 0.100",284056.99
226,2025-09-08 15:48:03.375,PickUpHL,PickUpHL_b3_fp4_r1,FAILED,"Subtree execution failed",286666.93
227,2025-09-08 15:48:03.682,PickUpHL,PickUpHL_b9_fp12_r1,STARTED,"High-level execution with subtree: FF_Default_DynamicFlow_PickUpHL_b9_fp12_r1; DeltaTime: 0.100",286974.29
228,2025-09-08 15:48:06.272,PickUpHL,PickUpHL_b9_fp12_r1,FAILED,"Subtree execution failed",289563.67
229,2025-09-08 15:48:06.601,PickUpHL,PickUpHL_b15_fp20_r1,STARTED,"High-level execution with subtree: FF_Default_DynamicFlow_PickUpHL_b15_fp20_r1; DeltaTime: 0.100",289893.48
230,2025-09-08 15:48:09.255,PickUpHL,PickUpHL_b15_fp20_r1,FAILED,"Subtree execution failed",292546.66
231,2025-09-08 15:48:09.587,PickUpHL,PickUpHL_b21_fp28_r1,STARTED,"High-level execution with subtree: FF_Default_DynamicFlow_PickUpHL_b21_fp28_r1; DeltaTime: 0.100",292879.37
232,2025-09-08 15:48:12.246,TravelML,TravelML_r1_pr1_ep2,STARTED,"Normal execution; DeltaTime: 0.100",295537.88
233,2025-09-08 15:48:12.246,TravelML,TravelML_r1_pr1_ep2,STARTED,"DeltaTime: 0.100",295538.14
234,2025-09-08 15:48:12.269,TravelML,TravelML_r1_pr1_ep2,COMPLETED,"Effects applied successfully",295561.06
235,2025-09-08 15:48:12.628,PickUpHL,PickUpHL_b21_fp28_r1,STARTED,"High-level execution with subtree: FF_Default_DynamicFlow_PickUpHL_b21_fp28_r1; DeltaTime: 0.100",295919.71
236,2025-09-08 15:48:12.664,CloseToolML,CloseToolML_r1_gg1,STARTED,"Normal execution; DeltaTime: 0.100",295956.52
237,2025-09-08 15:48:12.665,CloseToolML,CloseToolML_r1_gg1,STARTED,"DeltaTime: 0.100",295956.75
238,2025-09-08 15:48:12.681,CloseToolML,CloseToolML_r1_gg1,COMPLETED,"Effects applied successfully",295972.61
239,2025-09-08 15:48:13.028,PickUpHL,PickUpHL_b21_fp28_r1,STARTED,"High-level execution with subtree: FF_Default_DynamicFlow_PickUpHL_b21_fp28_r1; DeltaTime: 0.100",296320.15
240,2025-09-08 15:48:13.062,DeequipML,DeequipML_r1_gg1_ep2,STARTED,"Normal execution; DeltaTime: 0.100",296354.09
241,2025-09-08 15:48:13.062,DeequipML,DeequipML_r1_gg1_ep2,STARTED,"DeltaTime: 0.100",296354.31
242,2025-09-08 15:48:13.083,DeequipML,DeequipML_r1_gg1_ep2,COMPLETED,"Effects applied successfully",296375.52
243,2025-09-08 15:48:13.431,PickUpHL,PickUpHL_b21_fp28_r1,STARTED,"High-level execution with subtree: FF_Default_DynamicFlow_PickUpHL_b21_fp28_r1; DeltaTime: 0.100",296723.42
244,2025-09-08 15:48:13.491,TravelML,TravelML_r1_ep2_ep1,STARTED,"Normal execution; DeltaTime: 0.100",296782.69
245,2025-09-08 15:48:13.491,TravelML,TravelML_r1_ep2_ep1,STARTED,"DeltaTime: 0.100",296783.14
246,2025-09-08 15:48:13.528,TravelML,TravelML_r1_ep2_ep1,COMPLETED,"Effects applied successfully",296820.10
247,2025-09-08 15:48:13.923,PickUpHL,PickUpHL_b21_fp28_r1,STARTED,"High-level execution with subtree: FF_Default_DynamicFlow_PickUpHL_b21_fp28_r1; DeltaTime: 0.100",297215.12
248,2025-09-08 15:48:13.959,EquipeML,EquipeML_r1_vg1_ep1,STARTED,"Normal execution; DeltaTime: 0.100",297251.20
249,2025-09-08 15:48:13.959,EquipeML,EquipeML_r1_vg1_ep1,STARTED,"DeltaTime: 0.100",297251.39
250,2025-09-08 15:48:13.982,EquipeML,EquipeML_r1_vg1_ep1,COMPLETED,"Effects applied successfully",297273.59
251,2025-09-08 15:48:14.324,PickUpHL,PickUpHL_b21_fp28_r1,STARTED,"High-level execution with subtree: FF_Default_DynamicFlow_PickUpHL_b21_fp28_r1; DeltaTime: 0.100",297616.06
252,2025-09-08 15:48:14.356,InitializeML,InitializeML_r1_vg1,STARTED,"Normal execution; DeltaTime: 0.100",297648.45
253,2025-09-08 15:48:14.357,InitializeML,InitializeML_r1_vg1,STARTED,"DeltaTime: 0.100",297648.68
254,2025-09-08 15:48:14.373,InitializeML,InitializeML_r1_vg1,COMPLETED,"Effects applied successfully",297664.77
255,2025-09-08 15:48:14.746,PickUpHL,PickUpHL_b21_fp28_r1,STARTED,"High-level execution with subtree: FF_Default_DynamicFlow_PickUpHL_b21_fp28_r1; DeltaTime: 0.100",298038.29
256,2025-09-08 15:48:14.780,TravelML,TravelML_r1_ep1_fp28,STARTED,"Normal execution; DeltaTime: 0.100",298072.45
257,2025-09-08 15:48:14.781,TravelML,TravelML_r1_ep1_fp28,STARTED,"DeltaTime: 0.100",298072.66
258,2025-09-08 15:48:14.800,TravelML,TravelML_r1_ep1_fp28,COMPLETED,"Effects applied successfully",298092.18
259,2025-09-08 15:48:15.146,PickUpHL,PickUpHL_b21_fp28_r1,STARTED,"High-level execution with subtree: FF_Default_DynamicFlow_PickUpHL_b21_fp28_r1; DeltaTime: 0.100",298438.00
260,2025-09-08 15:48:15.178,PickUpML,PickUpML_b21_fp28_r1_vg1,STARTED,"Normal execution; DeltaTime: 0.100",298469.83
261,2025-09-08 15:48:15.178,PickUpML,PickUpML_b21_fp28_r1_vg1,STARTED,"DeltaTime: 0.100",298470.05
262,2025-09-08 15:48:15.200,PickUpML,PickUpML_b21_fp28_r1_vg1,COMPLETED,"Effects applied successfully",298492.29
263,2025-09-08 15:48:15.204,PickUpHL,PickUpHL_b21_fp28_r1,COMPLETED,"Subtree execution completed successfully",298495.66
264,2025-09-08 15:48:15.546,StackHL,StackHL_b21_lp4_r1_pr4_lay1_m4,STARTED,"High-level execution with subtree: FF_Default_DynamicFlow_StackHL_b21_lp4_r1_pr4_lay1_m4; DeltaTime: 0.100",298837.56
265,2025-09-08 15:48:18.102,StackHL,StackHL_b21_lp4_r1_pr4_lay1_m4,FAILED,"Subtree execution failed",301393.56
266,2025-09-08 15:48:18.601,PickUpHL,PickUpHL_b3_fp4_r1,STARTED,"High-level execution with subtree: FF_Default_DynamicFlow_PickUpHL_b3_fp4_r1; DeltaTime: 0.100",301892.55
267,2025-09-08 15:48:21.180,PickUpHL,PickUpHL_b3_fp4_r1,FAILED,"Subtree execution failed",304472.29
268,2025-09-08 15:48:21.498,PickUpHL,PickUpHL_b9_fp12_r1,STARTED,"High-level execution with subtree: FF_Default_DynamicFlow_PickUpHL_b9_fp12_r1; DeltaTime: 0.100",304789.75
269,2025-09-08 15:48:24.136,PickUpHL,PickUpHL_b9_fp12_r1,FAILED,"Subtree execution failed",307428.22
270,2025-09-08 15:48:24.500,PickUpHL,PickUpHL_b15_fp20_r1,STARTED,"High-level execution with subtree: FF_Default_DynamicFlow_PickUpHL_b15_fp20_r1; DeltaTime: 0.100",307791.93
271,2025-09-08 15:48:27.269,PickUpHL,PickUpHL_b15_fp20_r1,FAILED,"Subtree execution failed",310561.40
272,2025-09-08 15:48:27.616,StackHL,StackHL_b21_lp4_r1_pr4_lay1_m4,STARTED,"High-level execution with subtree: FF_Default_DynamicFlow_StackHL_b21_lp4_r1_pr4_lay1_m4; DeltaTime: 0.100",310908.06
273,2025-09-08 15:48:27.632,TravelML,TravelML_r1_fp28_pr4,STARTED,"Normal execution; DeltaTime: 0.100",310923.93
274,2025-09-08 15:48:27.632,TravelML,TravelML_r1_fp28_pr4,STARTED,"DeltaTime: 0.100",310924.13
275,2025-09-08 15:48:27.650,TravelML,TravelML_r1_fp28_pr4,COMPLETED,"Effects applied successfully",310941.95
276,2025-09-08 15:48:27.997,StackHL,StackHL_b21_lp4_r1_pr4_lay1_m4,STARTED,"High-level execution with subtree: FF_Default_DynamicFlow_StackHL_b21_lp4_r1_pr4_lay1_m4; DeltaTime: 0.100",311288.54
277,2025-09-08 15:48:28.012,StackML,StackML_b21_lp4_r1_vg1_pr4,STARTED,"Normal execution; DeltaTime: 0.100",311304.49
278,2025-09-08 15:48:28.013,StackML,StackML_b21_lp4_r1_vg1_pr4,STARTED,"DeltaTime: 0.100",311304.68
279,2025-09-08 15:48:28.043,StackML,StackML_b21_lp4_r1_vg1_pr4,COMPLETED,"Effects applied successfully",311334.61
280,2025-09-08 15:48:28.045,StackHL,StackHL_b21_lp4_r1_pr4_lay1_m4,COMPLETED,"Subtree execution completed successfully",311337.50
281,2025-09-08 15:48:28.373,PickUpHL,PickUpHL_b22_fp30_r1,STARTED,"High-level execution with subtree: FF_Default_DynamicFlow_PickUpHL_b22_fp30_r1; DeltaTime: 0.100",311664.75
282,2025-09-08 15:48:31.020,PickUpHL,PickUpHL_b22_fp30_r1,FAILED,"Subtree execution failed",314311.97
283,2025-09-08 15:48:57.520,PickUpHL,PickUpHL_b3_fp4_r1,STARTED,"High-level execution with subtree: FF_Default_DynamicFlow_PickUpHL_b3_fp4_r1; DeltaTime: 0.100",340811.59
284,2025-09-08 15:49:00.266,PickUpHL,PickUpHL_b3_fp4_r1,FAILED,"Subtree execution failed",343557.97
285,2025-09-08 15:49:00.574,PickUpHL,PickUpHL_b9_fp12_r1,STARTED,"High-level execution with subtree: FF_Default_DynamicFlow_PickUpHL_b9_fp12_r1; DeltaTime: 0.100",343866.52
286,2025-09-08 15:49:03.142,PickUpHL,PickUpHL_b9_fp12_r1,FAILED,"Subtree execution failed",346434.25
287,2025-09-08 15:49:03.435,PickUpHL,PickUpHL_b15_fp20_r1,STARTED,"High-level execution with subtree: FF_Default_DynamicFlow_PickUpHL_b15_fp20_r1; DeltaTime: 0.100",346726.58
288,2025-09-08 15:49:06.026,TravelML,TravelML_r1_pr4_fp20,STARTED,"Normal execution; DeltaTime: 0.100",349317.97
289,2025-09-08 15:49:06.026,TravelML,TravelML_r1_pr4_fp20,STARTED,"DeltaTime: 0.100",349318.11
290,2025-09-08 15:49:06.048,TravelML,TravelML_r1_pr4_fp20,COMPLETED,"Effects applied successfully",349339.71
291,2025-09-08 15:49:06.386,PickUpHL,PickUpHL_b15_fp20_r1,STARTED,"High-level execution with subtree: FF_Default_DynamicFlow_PickUpHL_b15_fp20_r1; DeltaTime: 0.100",349678.47
292,2025-09-08 15:49:06.402,PickUpML,PickUpML_b15_fp20_r1_vg1,STARTED,"Normal execution; DeltaTime: 0.100",349693.66
293,2025-09-08 15:49:06.402,PickUpML,PickUpML_b15_fp20_r1_vg1,STARTED,"DeltaTime: 0.100",349693.85
294,2025-09-08 15:49:06.424,PickUpML,PickUpML_b15_fp20_r1_vg1,COMPLETED,"Effects applied successfully",349716.28
295,2025-09-08 15:49:06.427,PickUpHL,PickUpHL_b15_fp20_r1,COMPLETED,"Subtree execution completed successfully",349719.07
296,2025-09-08 15:49:06.792,StackHL,StackHL_b15_lp3_r1_pr3_lay1_m3,STARTED,"High-level execution with subtree: FF_Default_DynamicFlow_StackHL_b15_lp3_r1_pr3_lay1_m3; DeltaTime: 0.100",350084.39
297,2025-09-08 15:49:09.333,StackHL,StackHL_b15_lp3_r1_pr3_lay1_m3,FAILED,"Subtree execution failed",352625.21
298,2025-09-08 15:49:09.624,PickUpHL,PickUpHL_b22_fp30_r1,STARTED,"High-level execution with subtree: FF_Default_DynamicFlow_PickUpHL_b22_fp30_r1; DeltaTime: 0.100",352916.38
299,2025-09-08 15:49:12.112,PickUpHL,PickUpHL_b22_fp30_r1,FAILED,"Subtree execution failed",355403.54
300,2025-09-08 15:49:12.597,PickUpHL,PickUpHL_b3_fp4_r1,STARTED,"High-level execution with subtree: FF_Default_DynamicFlow_PickUpHL_b3_fp4_r1; DeltaTime: 0.100",355888.57
301,2025-09-08 15:49:15.134,PickUpHL,PickUpHL_b3_fp4_r1,FAILED,"Subtree execution failed",358426.50
302,2025-09-08 15:49:15.441,PickUpHL,PickUpHL_b9_fp12_r1,STARTED,"High-level execution with subtree: FF_Default_DynamicFlow_PickUpHL_b9_fp12_r1; DeltaTime: 0.100",358733.08
303,2025-09-08 15:49:18.169,PickUpHL,PickUpHL_b9_fp12_r1,FAILED,"Subtree execution failed",361461.49
304,2025-09-08 15:49:18.530,StackHL,StackHL_b15_lp3_r1_pr3_lay1_m3,STARTED,"High-level execution with subtree: FF_Default_DynamicFlow_StackHL_b15_lp3_r1_pr3_lay1_m3; DeltaTime: 0.100",361822.40
305,2025-09-08 15:49:18.546,TravelML,TravelML_r1_fp20_pr3,STARTED,"Normal execution; DeltaTime: 0.100",361838.49
306,2025-09-08 15:49:18.547,TravelML,TravelML_r1_fp20_pr3,STARTED,"DeltaTime: 0.100",361838.71
307,2025-09-08 15:49:18.566,TravelML,TravelML_r1_fp20_pr3,COMPLETED,"Effects applied successfully",361857.66
308,2025-09-08 15:49:18.908,StackHL,StackHL_b15_lp3_r1_pr3_lay1_m3,STARTED,"High-level execution with subtree: FF_Default_DynamicFlow_StackHL_b15_lp3_r1_pr3_lay1_m3; DeltaTime: 0.100",362199.99
309,2025-09-08 15:49:18.924,StackML,StackML_b15_lp3_r1_vg1_pr3,STARTED,"Normal execution; DeltaTime: 0.100",362215.79
310,2025-09-08 15:49:18.924,StackML,StackML_b15_lp3_r1_vg1_pr3,STARTED,"DeltaTime: 0.100",362216.06
311,2025-09-08 15:49:18.954,StackML,StackML_b15_lp3_r1_vg1_pr3,COMPLETED,"Effects applied successfully",362246.10
312,2025-09-08 15:49:18.957,StackHL,StackHL_b15_lp3_r1_pr3_lay1_m3,COMPLETED,"Subtree execution completed successfully",362249.18
313,2025-09-08 15:49:19.301,PickUpHL,PickUpHL_b16_fp22_r1,STARTED,"High-level execution with subtree: FF_Default_DynamicFlow_PickUpHL_b16_fp22_r1; DeltaTime: 0.100",362593.10
314,2025-09-08 15:49:22.153,PickUpHL,PickUpHL_b16_fp22_r1,FAILED,"Subtree execution failed",365444.94
315,2025-09-08 15:49:22.446,PickUpHL,PickUpHL_b22_fp30_r1,STARTED,"High-level execution with subtree: FF_Default_DynamicFlow_PickUpHL_b22_fp30_r1; DeltaTime: 0.100",365738.03
316,2025-09-08 15:49:24.961,PickUpHL,PickUpHL_b22_fp30_r1,FAILED,"Subtree execution failed",368252.62
317,2025-09-08 15:49:25.427,PickUpHL,PickUpHL_b3_fp4_r1,STARTED,"High-level execution with subtree: FF_Default_DynamicFlow_PickUpHL_b3_fp4_r1; DeltaTime: 0.100",368719.00
318,2025-09-08 15:49:27.927,PickUpHL,PickUpHL_b3_fp4_r1,FAILED,"Subtree execution failed",371218.58
319,2025-09-08 15:49:28.251,PickUpHL,PickUpHL_b9_fp12_r1,STARTED,"High-level execution with subtree: FF_Default_DynamicFlow_PickUpHL_b9_fp12_r1; DeltaTime: 0.100",371542.82
320,2025-09-08 15:49:30.901,TravelML,TravelML_r1_pr3_fp12,STARTED,"Normal execution; DeltaTime: 0.100",374193.27
321,2025-09-08 15:49:30.901,TravelML,TravelML_r1_pr3_fp12,STARTED,"DeltaTime: 0.100",374193.48
322,2025-09-08 15:49:30.922,TravelML,TravelML_r1_pr3_fp12,COMPLETED,"Effects applied successfully",374214.51
323,2025-09-08 15:49:31.262,PickUpHL,PickUpHL_b9_fp12_r1,STARTED,"High-level execution with subtree: FF_Default_DynamicFlow_PickUpHL_b9_fp12_r1; DeltaTime: 0.100",374554.51
324,2025-09-08 15:49:31.281,PickUpML,PickUpML_b9_fp12_r1_vg1,STARTED,"Normal execution; DeltaTime: 0.100",374572.77
325,2025-09-08 15:49:31.281,PickUpML,PickUpML_b9_fp12_r1_vg1,STARTED,"DeltaTime: 0.100",374572.98
326,2025-09-08 15:49:31.304,PickUpML,PickUpML_b9_fp12_r1_vg1,COMPLETED,"Effects applied successfully",374595.56
327,2025-09-08 15:49:31.306,PickUpHL,PickUpHL_b9_fp12_r1,COMPLETED,"Subtree execution completed successfully",374598.48
328,2025-09-08 15:49:31.648,StackHL,StackHL_b9_lp2_r1_pr2_lay1_m2,STARTED,"High-level execution with subtree: FF_Default_DynamicFlow_StackHL_b9_lp2_r1_pr2_lay1_m2; DeltaTime: 0.100",374940.45
329,2025-09-08 15:49:34.461,StackHL,StackHL_b9_lp2_r1_pr2_lay1_m2,FAILED,"Subtree execution failed",377752.83
330,2025-09-08 15:49:34.761,PickUpHL,PickUpHL_b16_fp22_r1,STARTED,"High-level execution with subtree: FF_Default_DynamicFlow_PickUpHL_b16_fp22_r1; DeltaTime: 0.100",378052.68
331,2025-09-08 15:49:37.279,PickUpHL,PickUpHL_b16_fp22_r1,FAILED,"Subtree execution failed",380570.70
332,2025-09-08 15:49:37.592,PickUpHL,PickUpHL_b22_fp30_r1,STARTED,"High-level execution with subtree: FF_Default_DynamicFlow_PickUpHL_b22_fp30_r1; DeltaTime: 0.100",380884.08
333,2025-09-08 15:49:40.143,PickUpHL,PickUpHL_b22_fp30_r1,FAILED,"Subtree execution failed",383435.17
334,2025-09-08 15:49:40.655,PickUpHL,PickUpHL_b3_fp4_r1,STARTED,"High-level execution with subtree: FF_Default_DynamicFlow_PickUpHL_b3_fp4_r1; DeltaTime: 0.100",383946.76
335,2025-09-08 15:49:43.186,PickUpHL,PickUpHL_b3_fp4_r1,FAILED,"Subtree execution failed",386478.17
336,2025-09-08 15:49:43.522,StackHL,StackHL_b9_lp2_r1_pr2_lay1_m2,STARTED,"High-level execution with subtree: FF_Default_DynamicFlow_StackHL_b9_lp2_r1_pr2_lay1_m2; DeltaTime: 0.100",386814.13
337,2025-09-08 15:49:43.539,TravelML,TravelML_r1_fp12_pr2,STARTED,"Normal execution; DeltaTime: 0.100",386830.71
338,2025-09-08 15:49:43.539,TravelML,TravelML_r1_fp12_pr2,STARTED,"DeltaTime: 0.100",386830.91
339,2025-09-08 15:49:43.559,TravelML,TravelML_r1_fp12_pr2,COMPLETED,"Effects applied successfully",386851.50
340,2025-09-08 15:49:43.913,StackHL,StackHL_b9_lp2_r1_pr2_lay1_m2,STARTED,"High-level execution with subtree: FF_Default_DynamicFlow_StackHL_b9_lp2_r1_pr2_lay1_m2; DeltaTime: 0.100",387205.02
341,2025-09-08 15:49:43.929,StackML,StackML_b9_lp2_r1_vg1_pr2,STARTED,"Normal execution; DeltaTime: 0.100",387221.19
342,2025-09-08 15:49:43.929,StackML,StackML_b9_lp2_r1_vg1_pr2,STARTED,"DeltaTime: 0.100",387221.40
343,2025-09-08 15:49:43.957,StackML,StackML_b9_lp2_r1_vg1_pr2,COMPLETED,"Effects applied successfully",387249.39
344,2025-09-08 15:49:43.961,StackHL,StackHL_b9_lp2_r1_pr2_lay1_m2,COMPLETED,"Subtree execution completed successfully",387252.57
345,2025-09-08 15:49:44.301,PickUpHL,PickUpHL_b10_fp14_r1,STARTED,"High-level execution with subtree: FF_Default_DynamicFlow_PickUpHL_b10_fp14_r1; DeltaTime: 0.100",387593.16
346,2025-09-08 15:49:46.970,PickUpHL,PickUpHL_b10_fp14_r1,FAILED,"Subtree execution failed",390261.79
347,2025-09-08 15:49:47.270,PickUpHL,PickUpHL_b16_fp22_r1,STARTED,"High-level execution with subtree: FF_Default_DynamicFlow_PickUpHL_b16_fp22_r1; DeltaTime: 0.100",390562.07
348,2025-09-08 15:49:49.987,PickUpHL,PickUpHL_b16_fp22_r1,FAILED,"Subtree execution failed",393279.45
349,2025-09-08 15:49:50.267,PickUpHL,PickUpHL_b22_fp30_r1,STARTED,"High-level execution with subtree: FF_Default_DynamicFlow_PickUpHL_b22_fp30_r1; DeltaTime: 0.100",393559.30
350,2025-09-08 15:49:52.823,PickUpHL,PickUpHL_b22_fp30_r1,FAILED,"Subtree execution failed",396115.12
351,2025-09-08 15:49:53.293,PickUpHL,PickUpHL_b3_fp4_r1,STARTED,"High-level execution with subtree: FF_Default_DynamicFlow_PickUpHL_b3_fp4_r1; DeltaTime: 0.100",396584.85
352,2025-09-08 15:49:55.910,TravelML,TravelML_r1_pr2_fp4,STARTED,"Normal execution; DeltaTime: 0.100",399202.04
353,2025-09-08 15:49:55.910,TravelML,TravelML_r1_pr2_fp4,STARTED,"DeltaTime: 0.100",399202.24
354,2025-09-08 15:49:55.929,TravelML,TravelML_r1_pr2_fp4,COMPLETED,"Effects applied successfully",399220.91
355,2025-09-08 15:49:56.275,PickUpHL,PickUpHL_b3_fp4_r1,STARTED,"High-level execution with subtree: FF_Default_DynamicFlow_PickUpHL_b3_fp4_r1; DeltaTime: 0.100",399567.29
356,2025-09-08 15:49:56.292,PickUpML,PickUpML_b3_fp4_r1_vg1,STARTED,"Normal execution; DeltaTime: 0.100",399583.82
357,2025-09-08 15:49:56.292,PickUpML,PickUpML_b3_fp4_r1_vg1,STARTED,"DeltaTime: 0.100",399584.02
358,2025-09-08 15:49:56.334,PickUpML,PickUpML_b3_fp4_r1_vg1,COMPLETED,"Effects applied successfully",399626.05
359,2025-09-08 15:49:56.337,PickUpHL,PickUpHL_b3_fp4_r1,COMPLETED,"Subtree execution completed successfully",399629.06
360,2025-09-08 15:49:56.665,StackHL,StackHL_b3_lp1_r1_pr1_lay1_m1,STARTED,"High-level execution with subtree: FF_Default_DynamicFlow_StackHL_b3_lp1_r1_pr1_lay1_m1; DeltaTime: 0.100",399956.81
361,2025-09-08 15:49:59.579,StackHL,StackHL_b3_lp1_r1_pr1_lay1_m1,FAILED,"Subtree execution failed",402871.01
362,2025-09-08 15:49:59.873,PickUpHL,PickUpHL_b10_fp14_r1,STARTED,"High-level execution with subtree: FF_Default_DynamicFlow_PickUpHL_b10_fp14_r1; DeltaTime: 0.100",403165.33
363,2025-09-08 15:50:02.461,PickUpHL,PickUpHL_b10_fp14_r1,FAILED,"Subtree execution failed",405753.46
364,2025-09-08 15:50:02.771,PickUpHL,PickUpHL_b16_fp22_r1,STARTED,"High-level execution with subtree: FF_Default_DynamicFlow_PickUpHL_b16_fp22_r1; DeltaTime: 0.100",406063.32
365,2025-09-08 15:50:05.452,PickUpHL,PickUpHL_b16_fp22_r1,FAILED,"Subtree execution failed",408744.37
366,2025-09-08 15:50:05.843,PickUpHL,PickUpHL_b22_fp30_r1,STARTED,"High-level execution with subtree: FF_Default_DynamicFlow_PickUpHL_b22_fp30_r1; DeltaTime: 0.100",409134.91
367,2025-09-08 15:50:08.546,PickUpHL,PickUpHL_b22_fp30_r1,FAILED,"Subtree execution failed",411837.59
368,2025-09-08 15:50:09.210,StackHL,StackHL_b3_lp1_r1_pr1_lay1_m1,STARTED,"High-level execution with subtree: FF_Default_DynamicFlow_StackHL_b3_lp1_r1_pr1_lay1_m1; DeltaTime: 0.100",412502.23
369,2025-09-08 15:50:09.231,TravelML,TravelML_r1_fp4_pr1,STARTED,"Normal execution; DeltaTime: 0.100",412523.15
370,2025-09-08 15:50:09.231,TravelML,TravelML_r1_fp4_pr1,STARTED,"DeltaTime: 0.100",412523.40
371,2025-09-08 15:50:09.256,TravelML,TravelML_r1_fp4_pr1,COMPLETED,"Effects applied successfully",412548.46
372,2025-09-08 15:50:09.640,StackHL,StackHL_b3_lp1_r1_pr1_lay1_m1,STARTED,"High-level execution with subtree: FF_Default_DynamicFlow_StackHL_b3_lp1_r1_pr1_lay1_m1; DeltaTime: 0.100",412931.58
373,2025-09-08 15:50:09.656,StackML,StackML_b3_lp1_r1_vg1_pr1,STARTED,"Normal execution; DeltaTime: 0.100",412947.95
374,2025-09-08 15:50:09.656,StackML,StackML_b3_lp1_r1_vg1_pr1,STARTED,"DeltaTime: 0.100",412948.17
375,2025-09-08 15:50:09.686,StackML,StackML_b3_lp1_r1_vg1_pr1,COMPLETED,"Effects applied successfully",412978.02
376,2025-09-08 15:50:09.689,StackHL,StackHL_b3_lp1_r1_pr1_lay1_m1,COMPLETED,"Subtree execution completed successfully",412981.14
377,2025-09-08 15:50:10.042,PickUpHL,PickUpHL_b4_fp6_r1,STARTED,"High-level execution with subtree: FF_Default_DynamicFlow_PickUpHL_b4_fp6_r1; DeltaTime: 0.100",413334.05
378,2025-09-08 15:50:12.695,PickUpHL,PickUpHL_b4_fp6_r1,FAILED,"Subtree execution failed",415986.96
379,2025-09-08 15:50:13.001,PickUpHL,PickUpHL_b10_fp14_r1,STARTED,"High-level execution with subtree: FF_Default_DynamicFlow_PickUpHL_b10_fp14_r1; DeltaTime: 0.100",416292.77
380,2025-09-08 15:50:15.772,PickUpHL,PickUpHL_b10_fp14_r1,FAILED,"Subtree execution failed",419063.63
381,2025-09-08 15:50:16.102,PickUpHL,PickUpHL_b16_fp22_r1,STARTED,"High-level execution with subtree: FF_Default_DynamicFlow_PickUpHL_b16_fp22_r1; DeltaTime: 0.100",419393.60
382,2025-09-08 15:50:18.735,PickUpHL,PickUpHL_b16_fp22_r1,FAILED,"Subtree execution failed",422026.85
383,2025-09-08 15:50:19.104,PickUpHL,PickUpHL_b22_fp30_r1,STARTED,"High-level execution with subtree: FF_Default_DynamicFlow_PickUpHL_b22_fp30_r1; DeltaTime: 0.100",422396.00
384,2025-09-08 15:50:21.846,TravelML,TravelML_r1_pr1_fp30,STARTED,"Normal execution; DeltaTime: 0.100",425137.81
385,2025-09-08 15:50:21.846,TravelML,TravelML_r1_pr1_fp30,STARTED,"DeltaTime: 0.100",425138.02
386,2025-09-08 15:50:21.866,TravelML,TravelML_r1_pr1_fp30,COMPLETED,"Effects applied successfully",425157.57
387,2025-09-08 15:50:22.253,PickUpHL,PickUpHL_b22_fp30_r1,STARTED,"High-level execution with subtree: FF_Default_DynamicFlow_PickUpHL_b22_fp30_r1; DeltaTime: 0.100",425545.38
388,2025-09-08 15:50:22.272,PickUpML,PickUpML_b22_fp30_r1_vg1,STARTED,"Normal execution; DeltaTime: 0.100",425563.65
389,2025-09-08 15:50:22.272,PickUpML,PickUpML_b22_fp30_r1_vg1,STARTED,"DeltaTime: 0.100",425563.90
390,2025-09-08 15:50:22.298,PickUpML,PickUpML_b22_fp30_r1_vg1,COMPLETED,"Effects applied successfully",425589.93
391,2025-09-08 15:50:22.302,PickUpHL,PickUpHL_b22_fp30_r1,COMPLETED,"Subtree execution completed successfully",425593.71
392,2025-09-08 15:50:22.636,StackHL,StackHL_b22_lp4_r1_pr4_lay1_m4,STARTED,"High-level execution with subtree: FF_Default_DynamicFlow_StackHL_b22_lp4_r1_pr4_lay1_m4; DeltaTime: 0.100",425927.59
393,2025-09-08 15:50:25.193,StackHL,StackHL_b22_lp4_r1_pr4_lay1_m4,FAILED,"Subtree execution failed",428485.17
394,2025-09-08 15:50:25.672,PickUpHL,PickUpHL_b4_fp6_r1,STARTED,"High-level execution with subtree: FF_Default_DynamicFlow_PickUpHL_b4_fp6_r1; DeltaTime: 0.100",428964.45
395,2025-09-08 15:50:28.305,PickUpHL,PickUpHL_b4_fp6_r1,FAILED,"Subtree execution failed",431597.19
396,2025-09-08 15:50:28.627,PickUpHL,PickUpHL_b10_fp14_r1,STARTED,"High-level execution with subtree: FF_Default_DynamicFlow_PickUpHL_b10_fp14_r1; DeltaTime: 0.100",431919.29
397,2025-09-08 15:50:31.235,PickUpHL,PickUpHL_b10_fp14_r1,FAILED,"Subtree execution failed",434527.38
398,2025-09-08 15:50:31.572,PickUpHL,PickUpHL_b16_fp22_r1,STARTED,"High-level execution with subtree: FF_Default_DynamicFlow_PickUpHL_b16_fp22_r1; DeltaTime: 0.100",434863.79
399,2025-09-08 15:50:34.217,PickUpHL,PickUpHL_b16_fp22_r1,FAILED,"Subtree execution failed",437508.59
400,2025-09-08 15:50:34.553,StackHL,StackHL_b22_lp4_r1_pr4_lay1_m4,STARTED,"High-level execution with subtree: FF_Default_DynamicFlow_StackHL_b22_lp4_r1_pr4_lay1_m4; DeltaTime: 0.100",437845.40
401,2025-09-08 15:50:34.570,TravelML,TravelML_r1_fp30_pr4,STARTED,"Normal execution; DeltaTime: 0.100",437862.42
402,2025-09-08 15:50:34.571,TravelML,TravelML_r1_fp30_pr4,STARTED,"DeltaTime: 0.100",437862.62
403,2025-09-08 15:50:34.590,TravelML,TravelML_r1_fp30_pr4,COMPLETED,"Effects applied successfully",437881.90
404,2025-09-08 15:50:34.932,StackHL,StackHL_b22_lp4_r1_pr4_lay1_m4,STARTED,"High-level execution with subtree: FF_Default_DynamicFlow_StackHL_b22_lp4_r1_pr4_lay1_m4; DeltaTime: 0.100",438224.06
405,2025-09-08 15:50:34.949,StackML,StackML_b22_lp4_r1_vg1_pr4,STARTED,"Normal execution; DeltaTime: 0.100",438241.33
406,2025-09-08 15:50:34.950,StackML,StackML_b22_lp4_r1_vg1_pr4,STARTED,"DeltaTime: 0.100",438241.59
407,2025-09-08 15:50:34.983,StackML,StackML_b22_lp4_r1_vg1_pr4,COMPLETED,"Effects applied successfully",438274.65
408,2025-09-08 15:50:34.986,StackHL,StackHL_b22_lp4_r1_pr4_lay1_m4,COMPLETED,"Subtree execution completed successfully",438278.26
409,2025-09-08 15:50:35.413,PickUpHL,PickUpHL_b24_fp32_r1,STARTED,"High-level execution with subtree: FF_Default_DynamicFlow_PickUpHL_b24_fp32_r1; DeltaTime: 0.100",438704.62
410,2025-09-08 15:50:38.098,PickUpHL,PickUpHL_b24_fp32_r1,FAILED,"Subtree execution failed",441389.82
411,2025-09-08 15:50:38.600,PickUpHL,PickUpHL_b4_fp6_r1,STARTED,"High-level execution with subtree: FF_Default_DynamicFlow_PickUpHL_b4_fp6_r1; DeltaTime: 0.100",441891.74
412,2025-09-08 15:50:41.203,PickUpHL,PickUpHL_b4_fp6_r1,FAILED,"Subtree execution failed",444495.43
413,2025-09-08 15:50:41.516,PickUpHL,PickUpHL_b10_fp14_r1,STARTED,"High-level execution with subtree: FF_Default_DynamicFlow_PickUpHL_b10_fp14_r1; DeltaTime: 0.100",444807.65
414,2025-09-08 15:50:44.051,PickUpHL,PickUpHL_b10_fp14_r1,FAILED,"Subtree execution failed",447343.25
415,2025-09-08 15:50:44.384,PickUpHL,PickUpHL_b16_fp22_r1,STARTED,"High-level execution with subtree: FF_Default_DynamicFlow_PickUpHL_b16_fp22_r1; DeltaTime: 0.100",447675.56
416,2025-09-08 15:50:46.945,TravelML,TravelML_r1_pr4_fp22,STARTED,"Normal execution; DeltaTime: 0.100",450236.78
417,2025-09-08 15:50:46.945,TravelML,TravelML_r1_pr4_fp22,STARTED,"DeltaTime: 0.100",450237.02
418,2025-09-08 15:50:46.968,TravelML,TravelML_r1_pr4_fp22,COMPLETED,"Effects applied successfully",450259.87
419,2025-09-08 15:50:47.319,PickUpHL,PickUpHL_b16_fp22_r1,STARTED,"High-level execution with subtree: FF_Default_DynamicFlow_PickUpHL_b16_fp22_r1; DeltaTime: 0.100",450610.82
420,2025-09-08 15:50:47.333,PickUpML,PickUpML_b16_fp22_r1_vg1,STARTED,"Normal execution; DeltaTime: 0.100",450625.49
421,2025-09-08 15:50:47.334,PickUpML,PickUpML_b16_fp22_r1_vg1,STARTED,"DeltaTime: 0.100",450625.67
422,2025-09-08 15:50:47.357,PickUpML,PickUpML_b16_fp22_r1_vg1,COMPLETED,"Effects applied successfully",450648.79
423,2025-09-08 15:50:47.360,PickUpHL,PickUpHL_b16_fp22_r1,COMPLETED,"Subtree execution completed successfully",450651.78
424,2025-09-08 15:50:47.672,StackHL,StackHL_b16_lp3_r1_pr3_lay1_m3,STARTED,"High-level execution with subtree: FF_Default_DynamicFlow_StackHL_b16_lp3_r1_pr3_lay1_m3; DeltaTime: 0.100",450964.16
425,2025-09-08 15:50:50.195,StackHL,StackHL_b16_lp3_r1_pr3_lay1_m3,FAILED,"Subtree execution failed",453486.63
426,2025-09-08 15:50:50.477,PickUpHL,PickUpHL_b24_fp32_r1,STARTED,"High-level execution with subtree: FF_Default_DynamicFlow_PickUpHL_b24_fp32_r1; DeltaTime: 0.100",453769.42
427,2025-09-08 15:50:53.291,PickUpHL,PickUpHL_b24_fp32_r1,FAILED,"Subtree execution failed",456583.02
428,2025-09-08 15:50:53.772,PickUpHL,PickUpHL_b4_fp6_r1,STARTED,"High-level execution with subtree: FF_Default_DynamicFlow_PickUpHL_b4_fp6_r1; DeltaTime: 0.100",457064.08
429,2025-09-08 15:50:56.424,PickUpHL,PickUpHL_b4_fp6_r1,FAILED,"Subtree execution failed",459715.76
430,2025-09-08 15:50:56.729,PickUpHL,PickUpHL_b10_fp14_r1,STARTED,"High-level execution with subtree: FF_Default_DynamicFlow_PickUpHL_b10_fp14_r1; DeltaTime: 0.100",460021.07
431,2025-09-08 15:50:59.349,PickUpHL,PickUpHL_b10_fp14_r1,FAILED,"Subtree execution failed",462640.94
432,2025-09-08 15:50:59.689,StackHL,StackHL_b16_lp3_r1_pr3_lay1_m3,STARTED,"High-level execution with subtree: FF_Default_DynamicFlow_StackHL_b16_lp3_r1_pr3_lay1_m3; DeltaTime: 0.100",462980.96
433,2025-09-08 15:50:59.704,TravelML,TravelML_r1_fp22_pr3,STARTED,"Normal execution; DeltaTime: 0.100",462996.33
434,2025-09-08 15:50:59.705,TravelML,TravelML_r1_fp22_pr3,STARTED,"DeltaTime: 0.100",462996.54
435,2025-09-08 15:50:59.725,TravelML,TravelML_r1_fp22_pr3,COMPLETED,"Effects applied successfully",463017.07
436,2025-09-08 15:51:00.082,StackHL,StackHL_b16_lp3_r1_pr3_lay1_m3,STARTED,"High-level execution with subtree: FF_Default_DynamicFlow_StackHL_b16_lp3_r1_pr3_lay1_m3; DeltaTime: 0.100",463373.64
437,2025-09-08 15:51:00.098,StackML,StackML_b16_lp3_r1_vg1_pr3,STARTED,"Normal execution; DeltaTime: 0.100",463390.29
438,2025-09-08 15:51:00.098,StackML,StackML_b16_lp3_r1_vg1_pr3,STARTED,"DeltaTime: 0.100",463390.51
439,2025-09-08 15:51:00.133,StackML,StackML_b16_lp3_r1_vg1_pr3,COMPLETED,"Effects applied successfully",463425.43
440,2025-09-08 15:51:00.136,StackHL,StackHL_b16_lp3_r1_pr3_lay1_m3,COMPLETED,"Subtree execution completed successfully",463428.51
441,2025-09-08 15:51:00.475,PickUpHL,PickUpHL_b18_fp24_r1,STARTED,"High-level execution with subtree: FF_Default_DynamicFlow_PickUpHL_b18_fp24_r1; DeltaTime: 0.100",463767.43
442,2025-09-08 15:51:03.047,PickUpHL,PickUpHL_b18_fp24_r1,FAILED,"Subtree execution failed",466338.79
443,2025-09-08 15:51:03.345,PickUpHL,PickUpHL_b24_fp32_r1,STARTED,"High-level execution with subtree: FF_Default_DynamicFlow_PickUpHL_b24_fp32_r1; DeltaTime: 0.100",466637.44
444,2025-09-08 15:51:06.218,PickUpHL,PickUpHL_b24_fp32_r1,FAILED,"Subtree execution failed",469510.46
445,2025-09-08 15:51:06.732,PickUpHL,PickUpHL_b4_fp6_r1,STARTED,"High-level execution with subtree: FF_Default_DynamicFlow_PickUpHL_b4_fp6_r1; DeltaTime: 0.100",470024.06
446,2025-09-08 15:51:09.228,PickUpHL,PickUpHL_b4_fp6_r1,FAILED,"Subtree execution failed",472520.32
447,2025-09-08 15:51:09.555,PickUpHL,PickUpHL_b10_fp14_r1,STARTED,"High-level execution with subtree: FF_Default_DynamicFlow_PickUpHL_b10_fp14_r1; DeltaTime: 0.100",472846.75
448,2025-09-08 15:51:12.141,TravelML,TravelML_r1_pr3_fp14,STARTED,"Normal execution; DeltaTime: 0.100",475433.30
449,2025-09-08 15:51:12.141,TravelML,TravelML_r1_pr3_fp14,STARTED,"DeltaTime: 0.100",475433.52
450,2025-09-08 15:51:12.166,TravelML,TravelML_r1_pr3_fp14,COMPLETED,"Effects applied successfully",475457.95
451,2025-09-08 15:51:12.525,PickUpHL,PickUpHL_b10_fp14_r1,STARTED,"High-level execution with subtree: FF_Default_DynamicFlow_PickUpHL_b10_fp14_r1; DeltaTime: 0.100",475817.45
452,2025-09-08 15:51:12.541,PickUpML,PickUpML_b10_fp14_r1_vg1,STARTED,"Normal execution; DeltaTime: 0.100",475833.49
453,2025-09-08 15:51:12.542,PickUpML,PickUpML_b10_fp14_r1_vg1,STARTED,"DeltaTime: 0.100",475833.68
454,2025-09-08 15:51:12.567,PickUpML,PickUpML_b10_fp14_r1_vg1,COMPLETED,"Effects applied successfully",475858.70
455,2025-09-08 15:51:12.569,PickUpHL,PickUpHL_b10_fp14_r1,COMPLETED,"Subtree execution completed successfully",475861.53
456,2025-09-08 15:51:57.554,StackHL,StackHL_b10_lp2_r1_pr2_lay1_m2,STARTED,"High-level execution with subtree: FF_Default_DynamicFlow_StackHL_b10_lp2_r1_pr2_lay1_m2; DeltaTime: 0.100",520845.89
457,2025-09-08 15:52:00.278,StackHL,StackHL_b10_lp2_r1_pr2_lay1_m2,FAILED,"Subtree execution failed",523570.41
458,2025-09-08 15:52:00.575,PickUpHL,PickUpHL_b18_fp24_r1,STARTED,"High-level execution with subtree: FF_Default_DynamicFlow_PickUpHL_b18_fp24_r1; DeltaTime: 0.100",523867.14
459,2025-09-08 15:52:03.190,PickUpHL,PickUpHL_b18_fp24_r1,FAILED,"Subtree execution failed",526482.39
460,2025-09-08 15:52:03.508,PickUpHL,PickUpHL_b24_fp32_r1,STARTED,"High-level execution with subtree: FF_Default_DynamicFlow_PickUpHL_b24_fp32_r1; DeltaTime: 0.100",526800.36
461,2025-09-08 15:52:06.396,PickUpHL,PickUpHL_b24_fp32_r1,FAILED,"Subtree execution failed",529687.93
462,2025-09-08 15:52:06.874,PickUpHL,PickUpHL_b4_fp6_r1,STARTED,"High-level execution with subtree: FF_Default_DynamicFlow_PickUpHL_b4_fp6_r1; DeltaTime: 0.100",530165.64
463,2025-09-08 15:52:09.445,PickUpHL,PickUpHL_b4_fp6_r1,FAILED,"Subtree execution failed",532736.98
464,2025-09-08 15:52:09.797,StackHL,StackHL_b10_lp2_r1_pr2_lay1_m2,STARTED,"High-level execution with subtree: FF_Default_DynamicFlow_StackHL_b10_lp2_r1_pr2_lay1_m2; DeltaTime: 0.100",533088.62
465,2025-09-08 15:52:09.813,TravelML,TravelML_r1_fp14_pr2,STARTED,"Normal execution; DeltaTime: 0.100",533105.30
466,2025-09-08 15:52:09.813,TravelML,TravelML_r1_fp14_pr2,STARTED,"DeltaTime: 0.100",533105.52
467,2025-09-08 15:52:09.835,TravelML,TravelML_r1_fp14_pr2,COMPLETED,"Effects applied successfully",533126.61
468,2025-09-08 15:52:10.193,StackHL,StackHL_b10_lp2_r1_pr2_lay1_m2,STARTED,"High-level execution with subtree: FF_Default_DynamicFlow_StackHL_b10_lp2_r1_pr2_lay1_m2; DeltaTime: 0.100",533485.22
469,2025-09-08 15:52:10.209,StackML,StackML_b10_lp2_r1_vg1_pr2,STARTED,"Normal execution; DeltaTime: 0.100",533501.33
470,2025-09-08 15:52:10.209,StackML,StackML_b10_lp2_r1_vg1_pr2,STARTED,"DeltaTime: 0.100",533501.52
471,2025-09-08 15:52:10.242,StackML,StackML_b10_lp2_r1_vg1_pr2,COMPLETED,"Effects applied successfully",533534.51
472,2025-09-08 15:52:10.246,StackHL,StackHL_b10_lp2_r1_pr2_lay1_m2,COMPLETED,"Subtree execution completed successfully",533537.72
473,2025-09-08 15:52:10.593,PickUpHL,PickUpHL_b12_fp16_r1,STARTED,"High-level execution with subtree: FF_Default_DynamicFlow_PickUpHL_b12_fp16_r1; DeltaTime: 0.100",533884.78
474,2025-09-08 15:52:13.138,PickUpHL,PickUpHL_b12_fp16_r1,FAILED,"Subtree execution failed",536430.37
475,2025-09-08 15:52:13.456,PickUpHL,PickUpHL_b18_fp24_r1,STARTED,"High-level execution with subtree: FF_Default_DynamicFlow_PickUpHL_b18_fp24_r1; DeltaTime: 0.100",536748.21
476,2025-09-08 15:52:16.019,PickUpHL,PickUpHL_b18_fp24_r1,FAILED,"Subtree execution failed",539310.58
477,2025-09-08 15:52:16.328,PickUpHL,PickUpHL_b24_fp32_r1,STARTED,"High-level execution with subtree: FF_Default_DynamicFlow_PickUpHL_b24_fp32_r1; DeltaTime: 0.100",539619.62
478,2025-09-08 15:52:18.950,PickUpHL,PickUpHL_b24_fp32_r1,FAILED,"Subtree execution failed",542241.93
479,2025-09-08 15:52:19.451,PickUpHL,PickUpHL_b4_fp6_r1,STARTED,"High-level execution with subtree: FF_Default_DynamicFlow_PickUpHL_b4_fp6_r1; DeltaTime: 0.100",542742.89
480,2025-09-08 15:52:22.147,TravelML,TravelML_r1_pr2_fp6,STARTED,"Normal execution; DeltaTime: 0.100",545439.26
481,2025-09-08 15:52:22.147,TravelML,TravelML_r1_pr2_fp6,STARTED,"DeltaTime: 0.100",545439.47
482,2025-09-08 15:52:22.171,TravelML,TravelML_r1_pr2_fp6,COMPLETED,"Effects applied successfully",545462.93
483,2025-09-08 15:52:22.517,PickUpHL,PickUpHL_b4_fp6_r1,STARTED,"High-level execution with subtree: FF_Default_DynamicFlow_PickUpHL_b4_fp6_r1; DeltaTime: 0.100",545809.32
484,2025-09-08 15:52:22.532,PickUpML,PickUpML_b4_fp6_r1_vg1,STARTED,"Normal execution; DeltaTime: 0.100",545824.23
485,2025-09-08 15:52:22.532,PickUpML,PickUpML_b4_fp6_r1_vg1,STARTED,"DeltaTime: 0.100",545824.44
486,2025-09-08 15:52:22.556,PickUpML,PickUpML_b4_fp6_r1_vg1,COMPLETED,"Effects applied successfully",545848.31
487,2025-09-08 15:52:22.560,PickUpHL,PickUpHL_b4_fp6_r1,COMPLETED,"Subtree execution completed successfully",545851.57
488,2025-09-08 15:52:22.871,StackHL,StackHL_b4_lp1_r1_pr1_lay1_m1,STARTED,"High-level execution with subtree: FF_Default_DynamicFlow_StackHL_b4_lp1_r1_pr1_lay1_m1; DeltaTime: 0.100",546163.53
489,2025-09-08 15:52:25.980,StackHL,StackHL_b4_lp1_r1_pr1_lay1_m1,FAILED,"Subtree execution failed",549272.34
490,2025-09-08 15:52:26.298,PickUpHL,PickUpHL_b12_fp16_r1,STARTED,"High-level execution with subtree: FF_Default_DynamicFlow_PickUpHL_b12_fp16_r1; DeltaTime: 0.100",549589.76
491,2025-09-08 15:52:28.890,PickUpHL,PickUpHL_b12_fp16_r1,FAILED,"Subtree execution failed",552181.60
492,2025-09-08 15:52:29.225,PickUpHL,PickUpHL_b18_fp24_r1,STARTED,"High-level execution with subtree: FF_Default_DynamicFlow_PickUpHL_b18_fp24_r1; DeltaTime: 0.100",552517.02
493,2025-09-08 15:52:31.709,PickUpHL,PickUpHL_b18_fp24_r1,FAILED,"Subtree execution failed",555000.76
494,2025-09-08 15:52:32.065,PickUpHL,PickUpHL_b24_fp32_r1,STARTED,"High-level execution with subtree: FF_Default_DynamicFlow_PickUpHL_b24_fp32_r1; DeltaTime: 0.100",555357.44
495,2025-09-08 15:52:34.657,PickUpHL,PickUpHL_b24_fp32_r1,FAILED,"Subtree execution failed",557948.86
496,2025-09-08 15:52:35.258,StackHL,StackHL_b4_lp1_r1_pr1_lay1_m1,STARTED,"High-level execution with subtree: FF_Default_DynamicFlow_StackHL_b4_lp1_r1_pr1_lay1_m1; DeltaTime: 0.100",558549.56
497,2025-09-08 15:52:35.276,TravelML,TravelML_r1_fp6_pr1,STARTED,"Normal execution; DeltaTime: 0.100",558567.80
498,2025-09-08 15:52:35.276,TravelML,TravelML_r1_fp6_pr1,STARTED,"DeltaTime: 0.100",558568.01
499,2025-09-08 15:52:35.297,TravelML,TravelML_r1_fp6_pr1,COMPLETED,"Effects applied successfully",558589.34
500,2025-09-08 15:52:35.652,StackHL,StackHL_b4_lp1_r1_pr1_lay1_m1,STARTED,"High-level execution with subtree: FF_Default_DynamicFlow_StackHL_b4_lp1_r1_pr1_lay1_m1; DeltaTime: 0.100",558944.09
501,2025-09-08 15:52:35.669,StackML,StackML_b4_lp1_r1_vg1_pr1,STARTED,"Normal execution; DeltaTime: 0.100",558960.76
502,2025-09-08 15:52:35.669,StackML,StackML_b4_lp1_r1_vg1_pr1,STARTED,"DeltaTime: 0.100",558960.97
503,2025-09-08 15:52:35.702,StackML,StackML_b4_lp1_r1_vg1_pr1,COMPLETED,"Effects applied successfully",558993.58
504,2025-09-08 15:52:35.704,StackHL,StackHL_b4_lp1_r1_pr1_lay1_m1,COMPLETED,"Subtree execution completed successfully",558996.47
505,2025-09-08 15:52:36.055,PickUpHL,PickUpHL_b6_fp8_r1,STARTED,"High-level execution with subtree: FF_Default_DynamicFlow_PickUpHL_b6_fp8_r1; DeltaTime: 0.100",559347.06
506,2025-09-08 15:52:38.529,PickUpHL,PickUpHL_b6_fp8_r1,FAILED,"Subtree execution failed",561821.46
507,2025-09-08 15:52:38.838,PickUpHL,PickUpHL_b12_fp16_r1,STARTED,"High-level execution with subtree: FF_Default_DynamicFlow_PickUpHL_b12_fp16_r1; DeltaTime: 0.100",562129.68
508,2025-09-08 15:52:41.481,PickUpHL,PickUpHL_b12_fp16_r1,FAILED,"Subtree execution failed",564773.01
509,2025-09-08 15:52:41.802,PickUpHL,PickUpHL_b18_fp24_r1,STARTED,"High-level execution with subtree: FF_Default_DynamicFlow_PickUpHL_b18_fp24_r1; DeltaTime: 0.100",565094.08
510,2025-09-08 15:52:44.312,PickUpHL,PickUpHL_b18_fp24_r1,FAILED,"Subtree execution failed",567603.55
511,2025-09-08 15:52:44.676,PickUpHL,PickUpHL_b24_fp32_r1,STARTED,"High-level execution with subtree: FF_Default_DynamicFlow_PickUpHL_b24_fp32_r1; DeltaTime: 0.100",567968.49
512,2025-09-08 15:52:47.160,TravelML,TravelML_r1_pr1_fp32,STARTED,"Normal execution; DeltaTime: 0.100",570452.37
513,2025-09-08 15:52:47.161,TravelML,TravelML_r1_pr1_fp32,STARTED,"DeltaTime: 0.100",570452.58
514,2025-09-08 15:52:47.182,TravelML,TravelML_r1_pr1_fp32,COMPLETED,"Effects applied successfully",570474.32
515,2025-09-08 15:52:47.565,PickUpHL,PickUpHL_b24_fp32_r1,STARTED,"High-level execution with subtree: FF_Default_DynamicFlow_PickUpHL_b24_fp32_r1; DeltaTime: 0.100",570856.55
516,2025-09-08 15:52:47.581,PickUpML,PickUpML_b24_fp32_r1_vg1,STARTED,"Normal execution; DeltaTime: 0.100",570873.13
517,2025-09-08 15:52:47.581,PickUpML,PickUpML_b24_fp32_r1_vg1,STARTED,"DeltaTime: 0.100",570873.37
518,2025-09-08 15:52:47.606,PickUpML,PickUpML_b24_fp32_r1_vg1,COMPLETED,"Effects applied successfully",570897.58
519,2025-09-08 15:52:47.609,PickUpHL,PickUpHL_b24_fp32_r1,COMPLETED,"Subtree execution completed successfully",570900.59
520,2025-09-08 15:52:47.928,StackHL,StackHL_b24_lp4_r1_pr4_lay1_m4,STARTED,"High-level execution with subtree: FF_Default_DynamicFlow_StackHL_b24_lp4_r1_pr4_lay1_m4; DeltaTime: 0.100",571220.29
521,2025-09-08 15:52:50.472,StackHL,StackHL_b24_lp4_r1_pr4_lay1_m4,FAILED,"Subtree execution failed",573763.97
522,2025-09-08 15:52:50.990,PickUpHL,PickUpHL_b6_fp8_r1,STARTED,"High-level execution with subtree: FF_Default_DynamicFlow_PickUpHL_b6_fp8_r1; DeltaTime: 0.100",574282.46
523,2025-09-08 15:52:53.511,PickUpHL,PickUpHL_b6_fp8_r1,FAILED,"Subtree execution failed",576802.95
524,2025-09-08 15:52:53.815,PickUpHL,PickUpHL_b12_fp16_r1,STARTED,"High-level execution with subtree: FF_Default_DynamicFlow_PickUpHL_b12_fp16_r1; DeltaTime: 0.100",577106.99
525,2025-09-08 15:52:56.779,PickUpHL,PickUpHL_b12_fp16_r1,FAILED,"Subtree execution failed",580070.87
526,2025-09-08 15:52:57.103,PickUpHL,PickUpHL_b18_fp24_r1,STARTED,"High-level execution with subtree: FF_Default_DynamicFlow_PickUpHL_b18_fp24_r1; DeltaTime: 0.100",580395.36
527,2025-09-08 15:52:59.783,PickUpHL,PickUpHL_b18_fp24_r1,FAILED,"Subtree execution failed",583074.80
528,2025-09-08 15:53:00.131,StackHL,StackHL_b24_lp4_r1_pr4_lay1_m4,STARTED,"High-level execution with subtree: FF_Default_DynamicFlow_StackHL_b24_lp4_r1_pr4_lay1_m4; DeltaTime: 0.100",583422.70
529,2025-09-08 15:53:00.146,TravelML,TravelML_r1_fp32_pr4,STARTED,"Normal execution; DeltaTime: 0.100",583438.16
530,2025-09-08 15:53:00.146,TravelML,TravelML_r1_fp32_pr4,STARTED,"DeltaTime: 0.100",583438.37
531,2025-09-08 15:53:00.167,TravelML,TravelML_r1_fp32_pr4,COMPLETED,"Effects applied successfully",583459.15
532,2025-09-08 15:53:00.521,StackHL,StackHL_b24_lp4_r1_pr4_lay1_m4,STARTED,"High-level execution with subtree: FF_Default_DynamicFlow_StackHL_b24_lp4_r1_pr4_lay1_m4; DeltaTime: 0.100",583813.24
533,2025-09-08 15:53:00.541,StackML,StackML_b24_lp4_r1_vg1_pr4,STARTED,"Normal execution; DeltaTime: 0.100",583833.01
534,2025-09-08 15:53:00.541,StackML,StackML_b24_lp4_r1_vg1_pr4,STARTED,"DeltaTime: 0.100",583833.37
535,2025-09-08 15:53:00.577,StackML,StackML_b24_lp4_r1_vg1_pr4,COMPLETED,"Effects applied successfully",583869.28
536,2025-09-08 15:53:00.581,StackHL,StackHL_b24_lp4_r1_pr4_lay1_m4,COMPLETED,"Subtree execution completed successfully",583872.79
537,2025-09-08 15:53:00.928,PickUpHL,PickUpHL_b23_fp31_r1,STARTED,"High-level execution with subtree: FF_Default_DynamicFlow_PickUpHL_b23_fp31_r1; DeltaTime: 0.100",584219.74
538,2025-09-08 15:53:03.482,PickUpHL,PickUpHL_b23_fp31_r1,FAILED,"Subtree execution failed",586774.01
539,2025-09-08 15:53:03.954,PickUpHL,PickUpHL_b6_fp8_r1,STARTED,"High-level execution with subtree: FF_Default_DynamicFlow_PickUpHL_b6_fp8_r1; DeltaTime: 0.100",587245.75
540,2025-09-08 15:53:06.509,PickUpHL,PickUpHL_b6_fp8_r1,FAILED,"Subtree execution failed",589801.31
541,2025-09-08 15:53:06.852,PickUpHL,PickUpHL_b12_fp16_r1,STARTED,"High-level execution with subtree: FF_Default_DynamicFlow_PickUpHL_b12_fp16_r1; DeltaTime: 0.100",590144.50
542,2025-09-08 15:53:09.401,PickUpHL,PickUpHL_b12_fp16_r1,FAILED,"Subtree execution failed",592693.34
543,2025-09-08 15:53:09.739,PickUpHL,PickUpHL_b18_fp24_r1,STARTED,"High-level execution with subtree: FF_Default_DynamicFlow_PickUpHL_b18_fp24_r1; DeltaTime: 0.100",593031.02
544,2025-09-08 15:53:12.298,TravelML,TravelML_r1_pr4_fp24,STARTED,"Normal execution; DeltaTime: 0.100",595590.10
545,2025-09-08 15:53:12.298,TravelML,TravelML_r1_pr4_fp24,STARTED,"DeltaTime: 0.100",595590.29
546,2025-09-08 15:53:12.319,TravelML,TravelML_r1_pr4_fp24,COMPLETED,"Effects applied successfully",595611.21
547,2025-09-08 15:53:12.681,PickUpHL,PickUpHL_b18_fp24_r1,STARTED,"High-level execution with subtree: FF_Default_DynamicFlow_PickUpHL_b18_fp24_r1; DeltaTime: 0.100",595972.65
548,2025-09-08 15:53:12.696,PickUpML,PickUpML_b18_fp24_r1_vg1,STARTED,"Normal execution; DeltaTime: 0.100",595987.98
549,2025-09-08 15:53:12.696,PickUpML,PickUpML_b18_fp24_r1_vg1,STARTED,"DeltaTime: 0.100",595988.21
550,2025-09-08 15:53:12.722,PickUpML,PickUpML_b18_fp24_r1_vg1,COMPLETED,"Effects applied successfully",596014.27
551,2025-09-08 15:53:12.725,PickUpHL,PickUpHL_b18_fp24_r1,COMPLETED,"Subtree execution completed successfully",596017.07
552,2025-09-08 15:53:13.084,StackHL,StackHL_b18_lp3_r1_pr3_lay1_m3,STARTED,"High-level execution with subtree: FF_Default_DynamicFlow_StackHL_b18_lp3_r1_pr3_lay1_m3; DeltaTime: 0.100",596376.36
553,2025-09-08 15:53:15.585,StackHL,StackHL_b18_lp3_r1_pr3_lay1_m3,FAILED,"Subtree execution failed",598876.71
554,2025-09-08 15:53:15.891,PickUpHL,PickUpHL_b23_fp31_r1,STARTED,"High-level execution with subtree: FF_Default_DynamicFlow_PickUpHL_b23_fp31_r1; DeltaTime: 0.100",599183.02
555,2025-09-08 15:53:18.525,PickUpHL,PickUpHL_b23_fp31_r1,FAILED,"Subtree execution failed",601817.28
556,2025-09-08 15:53:19.025,PickUpHL,PickUpHL_b6_fp8_r1,STARTED,"High-level execution with subtree: FF_Default_DynamicFlow_PickUpHL_b6_fp8_r1; DeltaTime: 0.100",602316.90
557,2025-09-08 15:53:21.562,PickUpHL,PickUpHL_b6_fp8_r1,FAILED,"Subtree execution failed",604853.62
558,2025-09-08 15:53:21.886,PickUpHL,PickUpHL_b12_fp16_r1,STARTED,"High-level execution with subtree: FF_Default_DynamicFlow_PickUpHL_b12_fp16_r1; DeltaTime: 0.100",605178.45
559,2025-09-08 15:53:24.486,PickUpHL,PickUpHL_b12_fp16_r1,FAILED,"Subtree execution failed",607777.56
560,2025-09-08 15:53:24.873,StackHL,StackHL_b18_lp3_r1_pr3_lay1_m3,STARTED,"High-level execution with subtree: FF_Default_DynamicFlow_StackHL_b18_lp3_r1_pr3_lay1_m3; DeltaTime: 0.100",608165.31
561,2025-09-08 15:53:24.891,TravelML,TravelML_r1_fp24_pr3,STARTED,"Normal execution; DeltaTime: 0.100",608182.54
562,2025-09-08 15:53:24.891,TravelML,TravelML_r1_fp24_pr3,STARTED,"DeltaTime: 0.100",608182.75
563,2025-09-08 15:53:24.912,TravelML,TravelML_r1_fp24_pr3,COMPLETED,"Effects applied successfully",608204.37
564,2025-09-08 15:53:25.261,StackHL,StackHL_b18_lp3_r1_pr3_lay1_m3,STARTED,"High-level execution with subtree: FF_Default_DynamicFlow_StackHL_b18_lp3_r1_pr3_lay1_m3; DeltaTime: 0.100",608552.80
565,2025-09-08 15:53:25.276,StackML,StackML_b18_lp3_r1_vg1_pr3,STARTED,"Normal execution; DeltaTime: 0.100",608568.45
566,2025-09-08 15:53:25.277,StackML,StackML_b18_lp3_r1_vg1_pr3,STARTED,"DeltaTime: 0.100",608568.70
567,2025-09-08 15:53:25.308,StackML,StackML_b18_lp3_r1_vg1_pr3,COMPLETED,"Effects applied successfully",608600.27
568,2025-09-08 15:53:25.311,StackHL,StackHL_b18_lp3_r1_pr3_lay1_m3,COMPLETED,"Subtree execution completed successfully",608603.22
569,2025-09-08 15:53:25.685,PickUpHL,PickUpHL_b17_fp23_r1,STARTED,"High-level execution with subtree: FF_Default_DynamicFlow_PickUpHL_b17_fp23_r1; DeltaTime: 0.100",608976.89
570,2025-09-08 15:53:28.244,PickUpHL,PickUpHL_b17_fp23_r1,FAILED,"Subtree execution failed",611535.60
571,2025-09-08 15:53:28.561,PickUpHL,PickUpHL_b23_fp31_r1,STARTED,"High-level execution with subtree: FF_Default_DynamicFlow_PickUpHL_b23_fp31_r1; DeltaTime: 0.100",611853.39
572,2025-09-08 15:53:31.113,PickUpHL,PickUpHL_b23_fp31_r1,FAILED,"Subtree execution failed",614404.70
573,2025-09-08 15:53:31.618,PickUpHL,PickUpHL_b6_fp8_r1,STARTED,"High-level execution with subtree: FF_Default_DynamicFlow_PickUpHL_b6_fp8_r1; DeltaTime: 0.100",614910.30
574,2025-09-08 15:53:34.362,PickUpHL,PickUpHL_b6_fp8_r1,FAILED,"Subtree execution failed",617654.20
575,2025-09-08 15:53:34.684,PickUpHL,PickUpHL_b12_fp16_r1,STARTED,"High-level execution with subtree: FF_Default_DynamicFlow_PickUpHL_b12_fp16_r1; DeltaTime: 0.100",617976.15
576,2025-09-08 15:53:37.209,TravelML,TravelML_r1_pr3_fp16,STARTED,"Normal execution; DeltaTime: 0.100",620500.94
577,2025-09-08 15:53:37.209,TravelML,TravelML_r1_pr3_fp16,STARTED,"DeltaTime: 0.100",620501.14
578,2025-09-08 15:53:37.232,TravelML,TravelML_r1_pr3_fp16,COMPLETED,"Effects applied successfully",620524.04
579,2025-09-08 15:53:37.605,PickUpHL,PickUpHL_b12_fp16_r1,STARTED,"High-level execution with subtree: FF_Default_DynamicFlow_PickUpHL_b12_fp16_r1; DeltaTime: 0.100",620896.83
580,2025-09-08 15:53:37.620,PickUpML,PickUpML_b12_fp16_r1_vg1,STARTED,"Normal execution; DeltaTime: 0.100",620912.29
581,2025-09-08 15:53:37.620,PickUpML,PickUpML_b12_fp16_r1_vg1,STARTED,"DeltaTime: 0.100",620912.49
582,2025-09-08 15:53:37.646,PickUpML,PickUpML_b12_fp16_r1_vg1,COMPLETED,"Effects applied successfully",620938.34
583,2025-09-08 15:53:37.649,PickUpHL,PickUpHL_b12_fp16_r1,COMPLETED,"Subtree execution completed successfully",620941.17
584,2025-09-08 15:53:37.996,StackHL,StackHL_b12_lp2_r1_pr2_lay1_m2,STARTED,"High-level execution with subtree: FF_Default_DynamicFlow_StackHL_b12_lp2_r1_pr2_lay1_m2; DeltaTime: 0.100",621287.62
585,2025-09-08 15:53:40.491,StackHL,StackHL_b12_lp2_r1_pr2_lay1_m2,FAILED,"Subtree execution failed",623782.74
586,2025-09-08 15:53:40.799,PickUpHL,PickUpHL_b17_fp23_r1,STARTED,"High-level execution with subtree: FF_Default_DynamicFlow_PickUpHL_b17_fp23_r1; DeltaTime: 0.100",624090.60
587,2025-09-08 15:53:43.326,PickUpHL,PickUpHL_b17_fp23_r1,FAILED,"Subtree execution failed",626618.02
588,2025-09-08 15:53:43.643,PickUpHL,PickUpHL_b23_fp31_r1,STARTED,"High-level execution with subtree: FF_Default_DynamicFlow_PickUpHL_b23_fp31_r1; DeltaTime: 0.100",626935.07
589,2025-09-08 15:53:46.412,PickUpHL,PickUpHL_b23_fp31_r1,FAILED,"Subtree execution failed",629704.50
590,2025-09-08 15:53:46.898,PickUpHL,PickUpHL_b6_fp8_r1,STARTED,"High-level execution with subtree: FF_Default_DynamicFlow_PickUpHL_b6_fp8_r1; DeltaTime: 0.100",630190.17
591,2025-09-08 15:53:49.431,PickUpHL,PickUpHL_b6_fp8_r1,FAILED,"Subtree execution failed",632722.68
592,2025-09-08 15:53:49.790,StackHL,StackHL_b12_lp2_r1_pr2_lay1_m2,STARTED,"High-level execution with subtree: FF_Default_DynamicFlow_StackHL_b12_lp2_r1_pr2_lay1_m2; DeltaTime: 0.100",633082.47
593,2025-09-08 15:53:49.805,TravelML,TravelML_r1_fp16_pr2,STARTED,"Normal execution; DeltaTime: 0.100",633097.38
594,2025-09-08 15:53:49.806,TravelML,TravelML_r1_fp16_pr2,STARTED,"DeltaTime: 0.100",633097.58
595,2025-09-08 15:53:49.828,TravelML,TravelML_r1_fp16_pr2,COMPLETED,"Effects applied successfully",633119.75
596,2025-09-08 15:53:50.185,StackHL,StackHL_b12_lp2_r1_pr2_lay1_m2,STARTED,"High-level execution with subtree: FF_Default_DynamicFlow_StackHL_b12_lp2_r1_pr2_lay1_m2; DeltaTime: 0.100",633477.28
597,2025-09-08 15:53:50.201,StackML,StackML_b12_lp2_r1_vg1_pr2,STARTED,"Normal execution; DeltaTime: 0.100",633493.28
598,2025-09-08 15:53:50.201,StackML,StackML_b12_lp2_r1_vg1_pr2,STARTED,"DeltaTime: 0.100",633493.48
599,2025-09-08 15:53:50.232,StackML,StackML_b12_lp2_r1_vg1_pr2,COMPLETED,"Effects applied successfully",633524.13
600,2025-09-08 15:53:50.235,StackHL,StackHL_b12_lp2_r1_pr2_lay1_m2,COMPLETED,"Subtree execution completed successfully",633526.98
601,2025-09-08 15:53:50.559,PickUpHL,PickUpHL_b11_fp15_r1,STARTED,"High-level execution with subtree: FF_Default_DynamicFlow_PickUpHL_b11_fp15_r1; DeltaTime: 0.100",633850.65
602,2025-09-08 15:53:53.186,PickUpHL,PickUpHL_b11_fp15_r1,FAILED,"Subtree execution failed",636477.67
603,2025-09-08 15:54:57.548,PickUpHL,PickUpHL_b17_fp23_r1,STARTED,"High-level execution with subtree: FF_Default_DynamicFlow_PickUpHL_b17_fp23_r1; DeltaTime: 0.100",700839.55
604,2025-09-08 15:55:00.215,PickUpHL,PickUpHL_b17_fp23_r1,FAILED,"Subtree execution failed",703507.20
605,2025-09-08 15:55:00.524,PickUpHL,PickUpHL_b23_fp31_r1,STARTED,"High-level execution with subtree: FF_Default_DynamicFlow_PickUpHL_b23_fp31_r1; DeltaTime: 0.100",703816.45
606,2025-09-08 15:55:03.043,PickUpHL,PickUpHL_b23_fp31_r1,FAILED,"Subtree execution failed",706334.55
607,2025-09-08 15:55:03.508,PickUpHL,PickUpHL_b6_fp8_r1,STARTED,"High-level execution with subtree: FF_Default_DynamicFlow_PickUpHL_b6_fp8_r1; DeltaTime: 0.100",706799.83
608,2025-09-08 15:55:05.996,TravelML,TravelML_r1_pr2_fp8,STARTED,"Normal execution; DeltaTime: 0.100",709287.88
609,2025-09-08 15:55:05.996,TravelML,TravelML_r1_pr2_fp8,STARTED,"DeltaTime: 0.100",709288.08
610,2025-09-08 15:55:06.019,TravelML,TravelML_r1_pr2_fp8,COMPLETED,"Effects applied successfully",709311.46
611,2025-09-08 15:55:06.411,PickUpHL,PickUpHL_b6_fp8_r1,STARTED,"High-level execution with subtree: FF_Default_DynamicFlow_PickUpHL_b6_fp8_r1; DeltaTime: 0.100",709703.08
612,2025-09-08 15:55:06.425,PickUpML,PickUpML_b6_fp8_r1_vg1,STARTED,"Normal execution; DeltaTime: 0.100",709717.36
613,2025-09-08 15:55:06.426,PickUpML,PickUpML_b6_fp8_r1_vg1,STARTED,"DeltaTime: 0.100",709717.55
614,2025-09-08 15:55:06.452,PickUpML,PickUpML_b6_fp8_r1_vg1,COMPLETED,"Effects applied successfully",709744.40
615,2025-09-08 15:55:06.455,PickUpHL,PickUpHL_b6_fp8_r1,COMPLETED,"Subtree execution completed successfully",709747.29
616,2025-09-08 15:55:06.802,StackHL,StackHL_b6_lp1_r1_pr1_lay1_m1,STARTED,"High-level execution with subtree: FF_Default_DynamicFlow_StackHL_b6_lp1_r1_pr1_lay1_m1; DeltaTime: 0.100",710094.21
617,2025-09-08 15:55:09.338,StackHL,StackHL_b6_lp1_r1_pr1_lay1_m1,FAILED,"Subtree execution failed",712630.44
618,2025-09-08 15:55:09.672,PickUpHL,PickUpHL_b11_fp15_r1,STARTED,"High-level execution with subtree: FF_Default_DynamicFlow_PickUpHL_b11_fp15_r1; DeltaTime: 0.100",712964.40
619,2025-09-08 15:55:12.469,PickUpHL,PickUpHL_b11_fp15_r1,FAILED,"Subtree execution failed",715760.87
620,2025-09-08 15:55:12.806,PickUpHL,PickUpHL_b17_fp23_r1,STARTED,"High-level execution with subtree: FF_Default_DynamicFlow_PickUpHL_b17_fp23_r1; DeltaTime: 0.100",716097.85
621,2025-09-08 15:55:15.382,PickUpHL,PickUpHL_b17_fp23_r1,FAILED,"Subtree execution failed",718673.63
622,2025-09-08 15:55:15.757,PickUpHL,PickUpHL_b23_fp31_r1,STARTED,"High-level execution with subtree: FF_Default_DynamicFlow_PickUpHL_b23_fp31_r1; DeltaTime: 0.100",719049.09
623,2025-09-08 15:55:18.482,PickUpHL,PickUpHL_b23_fp31_r1,FAILED,"Subtree execution failed",721773.75
624,2025-09-08 15:55:19.083,StackHL,StackHL_b6_lp1_r1_pr1_lay1_m1,STARTED,"High-level execution with subtree: FF_Default_DynamicFlow_StackHL_b6_lp1_r1_pr1_lay1_m1; DeltaTime: 0.100",722374.92
625,2025-09-08 15:55:19.099,TravelML,TravelML_r1_fp8_pr1,STARTED,"Normal execution; DeltaTime: 0.100",722390.95
626,2025-09-08 15:55:19.099,TravelML,TravelML_r1_fp8_pr1,STARTED,"DeltaTime: 0.100",722391.15
627,2025-09-08 15:55:19.121,TravelML,TravelML_r1_fp8_pr1,COMPLETED,"Effects applied successfully",722412.67
628,2025-09-08 15:55:19.489,StackHL,StackHL_b6_lp1_r1_pr1_lay1_m1,STARTED,"High-level execution with subtree: FF_Default_DynamicFlow_StackHL_b6_lp1_r1_pr1_lay1_m1; DeltaTime: 0.100",722780.72
629,2025-09-08 15:55:19.506,StackML,StackML_b6_lp1_r1_vg1_pr1,STARTED,"Normal execution; DeltaTime: 0.100",722798.26
630,2025-09-08 15:55:19.506,StackML,StackML_b6_lp1_r1_vg1_pr1,STARTED,"DeltaTime: 0.100",722798.46
631,2025-09-08 15:55:19.541,StackML,StackML_b6_lp1_r1_vg1_pr1,COMPLETED,"Effects applied successfully",722832.67
632,2025-09-08 15:55:19.543,StackHL,StackHL_b6_lp1_r1_pr1_lay1_m1,COMPLETED,"Subtree execution completed successfully",722835.49
633,2025-09-08 15:55:19.908,PickUpHL,PickUpHL_b5_fp7_r1,STARTED,"High-level execution with subtree: FF_Default_DynamicFlow_PickUpHL_b5_fp7_r1; DeltaTime: 0.100",723200.29
634,2025-09-08 15:55:22.604,PickUpHL,PickUpHL_b5_fp7_r1,FAILED,"Subtree execution failed",725895.66
635,2025-09-08 15:55:22.934,PickUpHL,PickUpHL_b11_fp15_r1,STARTED,"High-level execution with subtree: FF_Default_DynamicFlow_PickUpHL_b11_fp15_r1; DeltaTime: 0.100",726225.88
636,2025-09-08 15:55:25.696,PickUpHL,PickUpHL_b11_fp15_r1,FAILED,"Subtree execution failed",728988.05
637,2025-09-08 15:55:26.025,PickUpHL,PickUpHL_b17_fp23_r1,STARTED,"High-level execution with subtree: FF_Default_DynamicFlow_PickUpHL_b17_fp23_r1; DeltaTime: 0.100",729316.66
638,2025-09-08 15:55:28.563,PickUpHL,PickUpHL_b17_fp23_r1,FAILED,"Subtree execution failed",731854.91
639,2025-09-08 15:55:28.936,PickUpHL,PickUpHL_b23_fp31_r1,STARTED,"High-level execution with subtree: FF_Default_DynamicFlow_PickUpHL_b23_fp31_r1; DeltaTime: 0.100",732228.06
640,2025-09-08 15:55:31.516,TravelML,TravelML_r1_pr1_fp31,STARTED,"Normal execution; DeltaTime: 0.100",734808.25
641,2025-09-08 15:55:31.516,TravelML,TravelML_r1_pr1_fp31,STARTED,"DeltaTime: 0.100",734808.46
642,2025-09-08 15:55:31.538,TravelML,TravelML_r1_pr1_fp31,COMPLETED,"Effects applied successfully",734830.46
643,2025-09-08 15:55:31.920,PickUpHL,PickUpHL_b23_fp31_r1,STARTED,"High-level execution with subtree: FF_Default_DynamicFlow_PickUpHL_b23_fp31_r1; DeltaTime: 0.100",735212.53
644,2025-09-08 15:55:31.937,PickUpML,PickUpML_b23_fp31_r1_vg1,STARTED,"Normal execution; DeltaTime: 0.100",735229.24
645,2025-09-08 15:55:31.937,PickUpML,PickUpML_b23_fp31_r1_vg1,STARTED,"DeltaTime: 0.100",735229.45
646,2025-09-08 15:55:31.965,PickUpML,PickUpML_b23_fp31_r1_vg1,COMPLETED,"Effects applied successfully",735256.99
647,2025-09-08 15:55:31.968,PickUpHL,PickUpHL_b23_fp31_r1,COMPLETED,"Subtree execution completed successfully",735260.03
648,2025-09-08 15:55:32.338,StackHL,StackHL_b23_lp4_r1_pr4_lay1_m4,STARTED,"High-level execution with subtree: FF_Default_DynamicFlow_StackHL_b23_lp4_r1_pr4_lay1_m4; DeltaTime: 0.100",735629.62
649,2025-09-08 15:55:34.909,StackHL,StackHL_b23_lp4_r1_pr4_lay1_m4,FAILED,"Subtree execution failed",738201.27
650,2025-09-08 15:55:35.395,PickUpHL,PickUpHL_b5_fp7_r1,STARTED,"High-level execution with subtree: FF_Default_DynamicFlow_PickUpHL_b5_fp7_r1; DeltaTime: 0.100",738687.45
651,2025-09-08 15:55:37.966,PickUpHL,PickUpHL_b5_fp7_r1,FAILED,"Subtree execution failed",741258.35
652,2025-09-08 15:55:38.292,PickUpHL,PickUpHL_b11_fp15_r1,STARTED,"High-level execution with subtree: FF_Default_DynamicFlow_PickUpHL_b11_fp15_r1; DeltaTime: 0.100",741584.48
653,2025-09-08 15:55:40.922,PickUpHL,PickUpHL_b11_fp15_r1,FAILED,"Subtree execution failed",744213.60
654,2025-09-08 15:55:41.262,PickUpHL,PickUpHL_b17_fp23_r1,STARTED,"High-level execution with subtree: FF_Default_DynamicFlow_PickUpHL_b17_fp23_r1; DeltaTime: 0.100",744553.97
655,2025-09-08 15:55:43.783,PickUpHL,PickUpHL_b17_fp23_r1,FAILED,"Subtree execution failed",747074.80
656,2025-09-08 15:55:44.143,StackHL,StackHL_b23_lp4_r1_pr4_lay1_m4,STARTED,"High-level execution with subtree: FF_Default_DynamicFlow_StackHL_b23_lp4_r1_pr4_lay1_m4; DeltaTime: 0.100",747435.21
657,2025-09-08 15:55:44.159,TravelML,TravelML_r1_fp31_pr4,STARTED,"Normal execution; DeltaTime: 0.100",747450.63
658,2025-09-08 15:55:44.159,TravelML,TravelML_r1_fp31_pr4,STARTED,"DeltaTime: 0.100",747450.85
659,2025-09-08 15:55:44.185,TravelML,TravelML_r1_fp31_pr4,COMPLETED,"Effects applied successfully",747476.95
660,2025-09-08 15:55:44.545,StackHL,StackHL_b23_lp4_r1_pr4_lay1_m4,STARTED,"High-level execution with subtree: FF_Default_DynamicFlow_StackHL_b23_lp4_r1_pr4_lay1_m4; DeltaTime: 0.100",747837.52
661,2025-09-08 15:55:44.560,StackML,StackML_b23_lp4_r1_vg1_pr4,STARTED,"Normal execution; DeltaTime: 0.100",747851.89
662,2025-09-08 15:55:44.560,StackML,StackML_b23_lp4_r1_vg1_pr4,STARTED,"DeltaTime: 0.100",747852.07
663,2025-09-08 15:55:44.591,StackML,StackML_b23_lp4_r1_vg1_pr4,COMPLETED,"Effects applied successfully",747883.51
664,2025-09-08 15:55:44.594,StackHL,StackHL_b23_lp4_r1_pr4_lay1_m4,COMPLETED,"Subtree execution completed successfully",747885.98
665,2025-09-08 15:55:57.861,PickUpHL,PickUpHL_b19_fp26_r1,STARTED,"High-level execution with subtree: FF_Default_DynamicFlow_PickUpHL_b19_fp26_r1; DeltaTime: 0.100",761152.88
666,2025-09-08 15:56:00.483,PickUpHL,PickUpHL_b19_fp26_r1,FAILED,"Subtree execution failed",763775.50
667,2025-09-08 15:56:00.996,PickUpHL,PickUpHL_b5_fp7_r1,STARTED,"High-level execution with subtree: FF_Default_DynamicFlow_PickUpHL_b5_fp7_r1; DeltaTime: 0.100",764287.87
668,2025-09-08 15:56:03.546,PickUpHL,PickUpHL_b5_fp7_r1,FAILED,"Subtree execution failed",766837.95
669,2025-09-08 15:56:03.852,PickUpHL,PickUpHL_b11_fp15_r1,STARTED,"High-level execution with subtree: FF_Default_DynamicFlow_PickUpHL_b11_fp15_r1; DeltaTime: 0.100",767144.08
670,2025-09-08 15:56:06.576,PickUpHL,PickUpHL_b11_fp15_r1,FAILED,"Subtree execution failed",769868.34
671,2025-09-08 15:56:06.941,PickUpHL,PickUpHL_b17_fp23_r1,STARTED,"High-level execution with subtree: FF_Default_DynamicFlow_PickUpHL_b17_fp23_r1; DeltaTime: 0.100",770232.74
672,2025-09-08 15:56:09.489,TravelML,TravelML_r1_pr4_fp23,STARTED,"Normal execution; DeltaTime: 0.100",772781.39
673,2025-09-08 15:56:09.490,TravelML,TravelML_r1_pr4_fp23,STARTED,"DeltaTime: 0.100",772781.59
674,2025-09-08 15:56:09.512,TravelML,TravelML_r1_pr4_fp23,COMPLETED,"Effects applied successfully",772804.47
675,2025-09-08 15:56:09.865,PickUpHL,PickUpHL_b17_fp23_r1,STARTED,"High-level execution with subtree: FF_Default_DynamicFlow_PickUpHL_b17_fp23_r1; DeltaTime: 0.100",773156.92
676,2025-09-08 15:56:09.883,PickUpML,PickUpML_b17_fp23_r1_vg1,STARTED,"Normal execution; DeltaTime: 0.100",773175.46
677,2025-09-08 15:56:09.884,PickUpML,PickUpML_b17_fp23_r1_vg1,STARTED,"DeltaTime: 0.100",773175.70
678,2025-09-08 15:56:09.913,PickUpML,PickUpML_b17_fp23_r1_vg1,COMPLETED,"Effects applied successfully",773204.87
679,2025-09-08 15:56:09.916,PickUpHL,PickUpHL_b17_fp23_r1,COMPLETED,"Subtree execution completed successfully",773207.91
680,2025-09-08 15:56:10.219,StackHL,StackHL_b17_lp3_r1_pr3_lay1_m3,STARTED,"High-level execution with subtree: FF_Default_DynamicFlow_StackHL_b17_lp3_r1_pr3_lay1_m3; DeltaTime: 0.100",773511.23
681,2025-09-08 15:56:12.729,StackHL,StackHL_b17_lp3_r1_pr3_lay1_m3,FAILED,"Subtree execution failed",776021.38
682,2025-09-08 15:56:13.042,PickUpHL,PickUpHL_b19_fp26_r1,STARTED,"High-level execution with subtree: FF_Default_DynamicFlow_PickUpHL_b19_fp26_r1; DeltaTime: 0.100",776333.87
683,2025-09-08 15:56:15.515,PickUpHL,PickUpHL_b19_fp26_r1,FAILED,"Subtree execution failed",778807.21
684,2025-09-08 15:56:16.032,PickUpHL,PickUpHL_b5_fp7_r1,STARTED,"High-level execution with subtree: FF_Default_DynamicFlow_PickUpHL_b5_fp7_r1; DeltaTime: 0.100",779323.59
685,2025-09-08 15:56:18.777,PickUpHL,PickUpHL_b5_fp7_r1,FAILED,"Subtree execution failed",782069.44
686,2025-09-08 15:56:19.093,PickUpHL,PickUpHL_b11_fp15_r1,STARTED,"High-level execution with subtree: FF_Default_DynamicFlow_PickUpHL_b11_fp15_r1; DeltaTime: 0.100",782385.37
687,2025-09-08 15:56:21.770,PickUpHL,PickUpHL_b11_fp15_r1,FAILED,"Subtree execution failed",785061.69
688,2025-09-08 15:57:57.448,StackHL,StackHL_b17_lp3_r1_pr3_lay1_m3,STARTED,"High-level execution with subtree: FF_Default_DynamicFlow_StackHL_b17_lp3_r1_pr3_lay1_m3; DeltaTime: 0.100",880740.32
689,2025-09-08 15:57:57.466,TravelML,TravelML_r1_fp23_pr3,STARTED,"Normal execution; DeltaTime: 0.100",880757.89
690,2025-09-08 15:57:57.466,TravelML,TravelML_r1_fp23_pr3,STARTED,"DeltaTime: 0.100",880758.14
691,2025-09-08 15:57:57.489,TravelML,TravelML_r1_fp23_pr3,COMPLETED,"Effects applied successfully",880781.28
692,2025-09-08 15:57:57.857,StackHL,StackHL_b17_lp3_r1_pr3_lay1_m3,STARTED,"High-level execution with subtree: FF_Default_DynamicFlow_StackHL_b17_lp3_r1_pr3_lay1_m3; DeltaTime: 0.100",881148.87
693,2025-09-08 15:57:57.872,StackML,StackML_b17_lp3_r1_vg1_pr3,STARTED,"Normal execution; DeltaTime: 0.100",881164.26
694,2025-09-08 15:57:57.872,StackML,StackML_b17_lp3_r1_vg1_pr3,STARTED,"DeltaTime: 0.100",881164.46
695,2025-09-08 15:57:57.904,StackML,StackML_b17_lp3_r1_vg1_pr3,COMPLETED,"Effects applied successfully",881196.41
696,2025-09-08 15:57:57.907,StackHL,StackHL_b17_lp3_r1_pr3_lay1_m3,COMPLETED,"Subtree execution completed successfully",881199.26
697,2025-09-08 15:57:58.233,PickUpHL,PickUpHL_b13_fp18_r1,STARTED,"High-level execution with subtree: FF_Default_DynamicFlow_PickUpHL_b13_fp18_r1; DeltaTime: 0.100",881524.66
698,2025-09-08 15:58:00.747,PickUpHL,PickUpHL_b13_fp18_r1,FAILED,"Subtree execution failed",884039.29
699,2025-09-08 15:58:01.058,PickUpHL,PickUpHL_b19_fp26_r1,STARTED,"High-level execution with subtree: FF_Default_DynamicFlow_PickUpHL_b19_fp26_r1; DeltaTime: 0.100",884349.61
700,2025-09-08 15:58:03.607,PickUpHL,PickUpHL_b19_fp26_r1,FAILED,"Subtree execution failed",886898.88
701,2025-09-08 15:58:04.099,PickUpHL,PickUpHL_b5_fp7_r1,STARTED,"High-level execution with subtree: FF_Default_DynamicFlow_PickUpHL_b5_fp7_r1; DeltaTime: 0.100",887391.03
702,2025-09-08 15:58:06.791,PickUpHL,PickUpHL_b5_fp7_r1,FAILED,"Subtree execution failed",890082.66
703,2025-09-08 15:58:07.146,PickUpHL,PickUpHL_b11_fp15_r1,STARTED,"High-level execution with subtree: FF_Default_DynamicFlow_PickUpHL_b11_fp15_r1; DeltaTime: 0.100",890438.39
704,2025-09-08 15:58:09.878,TravelML,TravelML_r1_pr3_fp15,STARTED,"Normal execution; DeltaTime: 0.100",893169.74
705,2025-09-08 15:58:09.878,TravelML,TravelML_r1_pr3_fp15,STARTED,"DeltaTime: 0.100",893169.96
706,2025-09-08 15:58:09.903,TravelML,TravelML_r1_pr3_fp15,COMPLETED,"Effects applied successfully",893195.16
707,2025-09-08 15:58:10.287,PickUpHL,PickUpHL_b11_fp15_r1,STARTED,"High-level execution with subtree: FF_Default_DynamicFlow_PickUpHL_b11_fp15_r1; DeltaTime: 0.100",893579.47
708,2025-09-08 15:58:10.304,PickUpML,PickUpML_b11_fp15_r1_vg1,STARTED,"Normal execution; DeltaTime: 0.100",893595.65
709,2025-09-08 15:58:10.304,PickUpML,PickUpML_b11_fp15_r1_vg1,STARTED,"DeltaTime: 0.100",893595.85
710,2025-09-08 15:58:10.330,PickUpML,PickUpML_b11_fp15_r1_vg1,COMPLETED,"Effects applied successfully",893622.13
711,2025-09-08 15:58:10.333,PickUpHL,PickUpHL_b11_fp15_r1,COMPLETED,"Subtree execution completed successfully",893625.30
712,2025-09-08 15:58:10.644,StackHL,StackHL_b11_lp2_r1_pr2_lay1_m2,STARTED,"High-level execution with subtree: FF_Default_DynamicFlow_StackHL_b11_lp2_r1_pr2_lay1_m2; DeltaTime: 0.100",893936.26
713,2025-09-08 15:58:13.195,StackHL,StackHL_b11_lp2_r1_pr2_lay1_m2,FAILED,"Subtree execution failed",896487.28
714,2025-09-08 15:58:13.497,PickUpHL,PickUpHL_b13_fp18_r1,STARTED,"High-level execution with subtree: FF_Default_DynamicFlow_PickUpHL_b13_fp18_r1; DeltaTime: 0.100",896789.50
715,2025-09-08 15:58:16.063,PickUpHL,PickUpHL_b13_fp18_r1,FAILED,"Subtree execution failed",899354.78
716,2025-09-08 15:58:16.365,PickUpHL,PickUpHL_b19_fp26_r1,STARTED,"High-level execution with subtree: FF_Default_DynamicFlow_PickUpHL_b19_fp26_r1; DeltaTime: 0.100",899657.25
717,2025-09-08 15:58:18.959,PickUpHL,PickUpHL_b19_fp26_r1,FAILED,"Subtree execution failed",902251.06
718,2025-09-08 15:58:19.467,PickUpHL,PickUpHL_b5_fp7_r1,STARTED,"High-level execution with subtree: FF_Default_DynamicFlow_PickUpHL_b5_fp7_r1; DeltaTime: 0.100",902759.07
719,2025-09-08 15:58:22.259,PickUpHL,PickUpHL_b5_fp7_r1,FAILED,"Subtree execution failed",905551.48
720,2025-09-08 15:58:57.665,StackHL,StackHL_b11_lp2_r1_pr2_lay1_m2,STARTED,"High-level execution with subtree: FF_Default_DynamicFlow_StackHL_b11_lp2_r1_pr2_lay1_m2; DeltaTime: 0.100",940956.60
721,2025-09-08 15:58:57.681,TravelML,TravelML_r1_fp15_pr2,STARTED,"Normal execution; DeltaTime: 0.100",940972.68
722,2025-09-08 15:58:57.681,TravelML,TravelML_r1_fp15_pr2,STARTED,"DeltaTime: 0.100",940972.87
723,2025-09-08 15:58:57.703,TravelML,TravelML_r1_fp15_pr2,COMPLETED,"Effects applied successfully",940995.26
724,2025-09-08 15:58:58.084,StackHL,StackHL_b11_lp2_r1_pr2_lay1_m2,STARTED,"High-level execution with subtree: FF_Default_DynamicFlow_StackHL_b11_lp2_r1_pr2_lay1_m2; DeltaTime: 0.100",941376.46
725,2025-09-08 15:58:58.102,StackML,StackML_b11_lp2_r1_vg1_pr2,STARTED,"Normal execution; DeltaTime: 0.100",941393.61
726,2025-09-08 15:58:58.102,StackML,StackML_b11_lp2_r1_vg1_pr2,STARTED,"DeltaTime: 0.100",941393.81
727,2025-09-08 15:58:58.136,StackML,StackML_b11_lp2_r1_vg1_pr2,COMPLETED,"Effects applied successfully",941428.51
728,2025-09-08 15:58:58.139,StackHL,StackHL_b11_lp2_r1_pr2_lay1_m2,COMPLETED,"Subtree execution completed successfully",941431.47
729,2025-09-08 15:58:58.480,PickUpHL,PickUpHL_b7_fp10_r1,STARTED,"High-level execution with subtree: FF_Default_DynamicFlow_PickUpHL_b7_fp10_r1; DeltaTime: 0.100",941772.03
730,2025-09-08 15:59:01.143,PickUpHL,PickUpHL_b7_fp10_r1,FAILED,"Subtree execution failed",944435.31
731,2025-09-08 15:59:01.465,PickUpHL,PickUpHL_b13_fp18_r1,STARTED,"High-level execution with subtree: FF_Default_DynamicFlow_PickUpHL_b13_fp18_r1; DeltaTime: 0.100",944757.39
732,2025-09-08 15:59:03.972,PickUpHL,PickUpHL_b13_fp18_r1,FAILED,"Subtree execution failed",947263.63
733,2025-09-08 15:59:04.283,PickUpHL,PickUpHL_b19_fp26_r1,STARTED,"High-level execution with subtree: FF_Default_DynamicFlow_PickUpHL_b19_fp26_r1; DeltaTime: 0.100",947574.80
734,2025-09-08 15:59:07.037,PickUpHL,PickUpHL_b19_fp26_r1,FAILED,"Subtree execution failed",950329.38
735,2025-09-08 15:59:07.539,PickUpHL,PickUpHL_b5_fp7_r1,STARTED,"High-level execution with subtree: FF_Default_DynamicFlow_PickUpHL_b5_fp7_r1; DeltaTime: 0.100",950831.27
736,2025-09-08 15:59:10.102,TravelML,TravelML_r1_pr2_fp7,STARTED,"Normal execution; DeltaTime: 0.100",953394.04
737,2025-09-08 15:59:10.102,TravelML,TravelML_r1_pr2_fp7,STARTED,"DeltaTime: 0.100",953394.24
738,2025-09-08 15:59:10.125,TravelML,TravelML_r1_pr2_fp7,COMPLETED,"Effects applied successfully",953416.92
739,2025-09-08 15:59:10.511,PickUpHL,PickUpHL_b5_fp7_r1,STARTED,"High-level execution with subtree: FF_Default_DynamicFlow_PickUpHL_b5_fp7_r1; DeltaTime: 0.100",953803.48
740,2025-09-08 15:59:10.527,PickUpML,PickUpML_b5_fp7_r1_vg1,STARTED,"Normal execution; DeltaTime: 0.100",953819.29
741,2025-09-08 15:59:10.528,PickUpML,PickUpML_b5_fp7_r1_vg1,STARTED,"DeltaTime: 0.100",953819.63
742,2025-09-08 15:59:10.555,PickUpML,PickUpML_b5_fp7_r1_vg1,COMPLETED,"Effects applied successfully",953846.76
743,2025-09-08 15:59:10.558,PickUpHL,PickUpHL_b5_fp7_r1,COMPLETED,"Subtree execution completed successfully",953849.72
744,2025-09-08 15:59:10.899,StackHL,StackHL_b5_lp1_r1_pr1_lay1_m1,STARTED,"High-level execution with subtree: FF_Default_DynamicFlow_StackHL_b5_lp1_r1_pr1_lay1_m1; DeltaTime: 0.100",954190.86
745,2025-09-08 15:59:13.438,StackHL,StackHL_b5_lp1_r1_pr1_lay1_m1,FAILED,"Subtree execution failed",956730.21
746,2025-09-08 15:59:13.760,PickUpHL,PickUpHL_b7_fp10_r1,STARTED,"High-level execution with subtree: FF_Default_DynamicFlow_PickUpHL_b7_fp10_r1; DeltaTime: 0.100",957051.71
747,2025-09-08 15:59:16.659,PickUpHL,PickUpHL_b7_fp10_r1,FAILED,"Subtree execution failed",959950.58
748,2025-09-08 16:00:57.539,PickUpHL,PickUpHL_b13_fp18_r1,STARTED,"High-level execution with subtree: FF_Default_DynamicFlow_PickUpHL_b13_fp18_r1; DeltaTime: 0.100",1060830.57
749,2025-09-08 16:01:00.127,PickUpHL,PickUpHL_b13_fp18_r1,FAILED,"Subtree execution failed",1063418.65
750,2025-09-08 16:01:00.498,PickUpHL,PickUpHL_b19_fp26_r1,STARTED,"High-level execution with subtree: FF_Default_DynamicFlow_PickUpHL_b19_fp26_r1; DeltaTime: 0.100",1063790.15
751,2025-09-08 16:01:03.318,PickUpHL,PickUpHL_b19_fp26_r1,FAILED,"Subtree execution failed",1066610.16
752,2025-09-08 16:01:03.928,StackHL,StackHL_b5_lp1_r1_pr1_lay1_m1,STARTED,"High-level execution with subtree: FF_Default_DynamicFlow_StackHL_b5_lp1_r1_pr1_lay1_m1; DeltaTime: 0.100",1067220.01
753,2025-09-08 16:01:03.943,TravelML,TravelML_r1_fp7_pr1,STARTED,"Normal execution; DeltaTime: 0.100",1067235.28
754,2025-09-08 16:01:03.943,TravelML,TravelML_r1_fp7_pr1,STARTED,"DeltaTime: 0.100",1067235.49
755,2025-09-08 16:01:03.968,TravelML,TravelML_r1_fp7_pr1,COMPLETED,"Effects applied successfully",1067260.09
756,2025-09-08 16:01:04.377,StackHL,StackHL_b5_lp1_r1_pr1_lay1_m1,STARTED,"High-level execution with subtree: FF_Default_DynamicFlow_StackHL_b5_lp1_r1_pr1_lay1_m1; DeltaTime: 0.100",1067668.61
757,2025-09-08 16:01:04.392,StackML,StackML_b5_lp1_r1_vg1_pr1,STARTED,"Normal execution; DeltaTime: 0.100",1067683.65
758,2025-09-08 16:01:04.392,StackML,StackML_b5_lp1_r1_vg1_pr1,STARTED,"DeltaTime: 0.100",1067683.85
759,2025-09-08 16:01:04.425,StackML,StackML_b5_lp1_r1_vg1_pr1,COMPLETED,"Effects applied successfully",1067717.18
760,2025-09-08 16:01:04.428,StackHL,StackHL_b5_lp1_r1_pr1_lay1_m1,COMPLETED,"Subtree execution completed successfully",1067720.24
761,2025-09-08 16:01:04.777,PickUpHL,PickUpHL_b1_fp2_r1,STARTED,"High-level execution with subtree: FF_Default_DynamicFlow_PickUpHL_b1_fp2_r1; DeltaTime: 0.100",1068069.39
762,2025-09-08 16:01:07.320,PickUpHL,PickUpHL_b1_fp2_r1,FAILED,"Subtree execution failed",1070612.50
763,2025-09-08 16:01:07.656,PickUpHL,PickUpHL_b7_fp10_r1,STARTED,"High-level execution with subtree: FF_Default_DynamicFlow_PickUpHL_b7_fp10_r1; DeltaTime: 0.100",1070948.01
764,2025-09-08 16:01:10.176,PickUpHL,PickUpHL_b7_fp10_r1,FAILED,"Subtree execution failed",1073468.07
765,2025-09-08 16:01:10.525,PickUpHL,PickUpHL_b13_fp18_r1,STARTED,"High-level execution with subtree: FF_Default_DynamicFlow_PickUpHL_b13_fp18_r1; DeltaTime: 0.100",1073817.11
766,2025-09-08 16:01:13.062,PickUpHL,PickUpHL_b13_fp18_r1,FAILED,"Subtree execution failed",1076354.44
767,2025-09-08 16:01:13.419,PickUpHL,PickUpHL_b19_fp26_r1,STARTED,"High-level execution with subtree: FF_Default_DynamicFlow_PickUpHL_b19_fp26_r1; DeltaTime: 0.100",1076711.22
768,2025-09-08 16:01:16.047,TravelML,TravelML_r1_pr1_fp26,STARTED,"Normal execution; DeltaTime: 0.100",1079339.46
769,2025-09-08 16:01:16.048,TravelML,TravelML_r1_pr1_fp26,STARTED,"DeltaTime: 0.100",1079339.76
770,2025-09-08 16:01:16.072,TravelML,TravelML_r1_pr1_fp26,COMPLETED,"Effects applied successfully",1079364.01
771,2025-09-08 16:01:16.436,PickUpHL,PickUpHL_b19_fp26_r1,STARTED,"High-level execution with subtree: FF_Default_DynamicFlow_PickUpHL_b19_fp26_r1; DeltaTime: 0.100",1079728.07
772,2025-09-08 16:01:16.452,PickUpML,PickUpML_b19_fp26_r1_vg1,STARTED,"Normal execution; DeltaTime: 0.100",1079743.90
773,2025-09-08 16:01:16.452,PickUpML,PickUpML_b19_fp26_r1_vg1,STARTED,"DeltaTime: 0.100",1079744.11
774,2025-09-08 16:01:16.480,PickUpML,PickUpML_b19_fp26_r1_vg1,COMPLETED,"Effects applied successfully",1079771.84
775,2025-09-08 16:01:16.483,PickUpHL,PickUpHL_b19_fp26_r1,COMPLETED,"Subtree execution completed successfully",1079774.69
776,2025-09-08 16:01:16.800,StackHL,StackHL_b19_lp4_r1_pr4_lay1_m4,STARTED,"High-level execution with subtree: FF_Default_DynamicFlow_StackHL_b19_lp4_r1_pr4_lay1_m4; DeltaTime: 0.100",1080091.76
777,2025-09-08 16:01:19.973,StackHL,StackHL_b19_lp4_r1_pr4_lay1_m4,FAILED,"Subtree execution failed",1083265.49
778,2025-09-08 16:01:20.630,PickUpHL,PickUpHL_b1_fp2_r1,STARTED,"High-level execution with subtree: FF_Default_DynamicFlow_PickUpHL_b1_fp2_r1; DeltaTime: 0.100",1083921.99
779,2025-09-08 16:01:23.591,PickUpHL,PickUpHL_b1_fp2_r1,FAILED,"Subtree execution failed",1086883.53
780,2025-09-08 16:01:23.904,PickUpHL,PickUpHL_b7_fp10_r1,STARTED,"High-level execution with subtree: FF_Default_DynamicFlow_PickUpHL_b7_fp10_r1; DeltaTime: 0.100",1087195.94
781,2025-09-08 16:01:28.216,PickUpHL,PickUpHL_b7_fp10_r1,FAILED,"Subtree execution failed",1091507.62
782,2025-09-08 16:01:28.562,PickUpHL,PickUpHL_b13_fp18_r1,STARTED,"High-level execution with subtree: FF_Default_DynamicFlow_PickUpHL_b13_fp18_r1; DeltaTime: 0.100",1091853.72
783,2025-09-08 16:01:31.463,PickUpHL,PickUpHL_b13_fp18_r1,FAILED,"Subtree execution failed",1094754.92
784,2025-09-08 16:01:31.821,StackHL,StackHL_b19_lp4_r1_pr4_lay1_m4,STARTED,"High-level execution with subtree: FF_Default_DynamicFlow_StackHL_b19_lp4_r1_pr4_lay1_m4; DeltaTime: 0.100",1095112.85
785,2025-09-08 16:01:31.836,TravelML,TravelML_r1_fp26_pr4,STARTED,"Normal execution; DeltaTime: 0.100",1095127.61
786,2025-09-08 16:01:31.836,TravelML,TravelML_r1_fp26_pr4,STARTED,"DeltaTime: 0.100",1095127.80
787,2025-09-08 16:01:31.859,TravelML,TravelML_r1_fp26_pr4,COMPLETED,"Effects applied successfully",1095151.46
788,2025-09-08 16:01:32.239,StackHL,StackHL_b19_lp4_r1_pr4_lay1_m4,STARTED,"High-level execution with subtree: FF_Default_DynamicFlow_StackHL_b19_lp4_r1_pr4_lay1_m4; DeltaTime: 0.100",1095530.69
789,2025-09-08 16:01:32.255,StackML,StackML_b19_lp4_r1_vg1_pr4,STARTED,"Normal execution; DeltaTime: 0.100",1095546.67
790,2025-09-08 16:01:32.255,StackML,StackML_b19_lp4_r1_vg1_pr4,STARTED,"DeltaTime: 0.100",1095546.86
791,2025-09-08 16:01:32.285,StackML,StackML_b19_lp4_r1_vg1_pr4,COMPLETED,"Effects applied successfully",1095577.22
792,2025-09-08 16:01:32.288,StackHL,StackHL_b19_lp4_r1_pr4_lay1_m4,COMPLETED,"Subtree execution completed successfully",1095579.77
793,2025-09-08 16:01:34.731,PickUpHL,PickUpHL_b20_fp27_r1,STARTED,"High-level execution with subtree: FF_Default_DynamicFlow_PickUpHL_b20_fp27_r1; DeltaTime: 0.100",1098023.50
794,2025-09-08 16:01:37.248,PickUpHL,PickUpHL_b20_fp27_r1,FAILED,"Subtree execution failed",1100540.34
795,2025-09-08 16:01:37.733,PickUpHL,PickUpHL_b1_fp2_r1,STARTED,"High-level execution with subtree: FF_Default_DynamicFlow_PickUpHL_b1_fp2_r1; DeltaTime: 0.100",1101025.42
796,2025-09-08 16:01:40.480,PickUpHL,PickUpHL_b1_fp2_r1,FAILED,"Subtree execution failed",1103772.09
797,2025-09-08 16:01:40.815,PickUpHL,PickUpHL_b7_fp10_r1,STARTED,"High-level execution with subtree: FF_Default_DynamicFlow_PickUpHL_b7_fp10_r1; DeltaTime: 0.100",1104107.17
798,2025-09-08 16:01:43.403,PickUpHL,PickUpHL_b7_fp10_r1,FAILED,"Subtree execution failed",1106695.52
799,2025-09-08 16:01:43.742,PickUpHL,PickUpHL_b13_fp18_r1,STARTED,"High-level execution with subtree: FF_Default_DynamicFlow_PickUpHL_b13_fp18_r1; DeltaTime: 0.100",1107033.95
800,2025-09-08 16:01:46.262,TravelML,TravelML_r1_pr4_fp18,STARTED,"Normal execution; DeltaTime: 0.100",1109554.44
801,2025-09-08 16:01:46.263,TravelML,TravelML_r1_pr4_fp18,STARTED,"DeltaTime: 0.100",1109554.63
802,2025-09-08 16:01:46.287,TravelML,TravelML_r1_pr4_fp18,COMPLETED,"Effects applied successfully",1109579.37
803,2025-09-08 16:01:46.695,PickUpHL,PickUpHL_b13_fp18_r1,STARTED,"High-level execution with subtree: FF_Default_DynamicFlow_PickUpHL_b13_fp18_r1; DeltaTime: 0.100",1109987.22
804,2025-09-08 16:01:46.713,PickUpML,PickUpML_b13_fp18_r1_vg1,STARTED,"Normal execution; DeltaTime: 0.100",1110005.28
805,2025-09-08 16:01:46.714,PickUpML,PickUpML_b13_fp18_r1_vg1,STARTED,"DeltaTime: 0.100",1110005.57
806,2025-09-08 16:01:46.752,PickUpML,PickUpML_b13_fp18_r1_vg1,COMPLETED,"Effects applied successfully",1110043.79
807,2025-09-08 16:01:46.755,PickUpHL,PickUpHL_b13_fp18_r1,COMPLETED,"Subtree execution completed successfully",1110046.95
808,2025-09-08 16:01:47.089,StackHL,StackHL_b13_lp3_r1_pr3_lay1_m3,STARTED,"High-level execution with subtree: FF_Default_DynamicFlow_StackHL_b13_lp3_r1_pr3_lay1_m3; DeltaTime: 0.100",1110381.13
809,2025-09-08 16:01:49.664,StackHL,StackHL_b13_lp3_r1_pr3_lay1_m3,FAILED,"Subtree execution failed",1112956.21
810,2025-09-08 16:01:49.981,PickUpHL,PickUpHL_b20_fp27_r1,STARTED,"High-level execution with subtree: FF_Default_DynamicFlow_PickUpHL_b20_fp27_r1; DeltaTime: 0.100",1113273.29
811,2025-09-08 16:01:52.541,PickUpHL,PickUpHL_b20_fp27_r1,FAILED,"Subtree execution failed",1115832.66
812,2025-09-08 16:01:53.048,PickUpHL,PickUpHL_b1_fp2_r1,STARTED,"High-level execution with subtree: FF_Default_DynamicFlow_PickUpHL_b1_fp2_r1; DeltaTime: 0.100",1116340.27
813,2025-09-08 16:01:55.750,PickUpHL,PickUpHL_b1_fp2_r1,FAILED,"Subtree execution failed",1119042.49
814,2025-09-08 16:01:56.086,PickUpHL,PickUpHL_b7_fp10_r1,STARTED,"High-level execution with subtree: FF_Default_DynamicFlow_PickUpHL_b7_fp10_r1; DeltaTime: 0.100",1119377.59
815,2025-09-08 16:01:58.617,PickUpHL,PickUpHL_b7_fp10_r1,FAILED,"Subtree execution failed",1121909.22
816,2025-09-08 16:01:58.983,StackHL,StackHL_b13_lp3_r1_pr3_lay1_m3,STARTED,"High-level execution with subtree: FF_Default_DynamicFlow_StackHL_b13_lp3_r1_pr3_lay1_m3; DeltaTime: 0.100",1122274.67
817,2025-09-08 16:01:58.999,TravelML,TravelML_r1_fp18_pr3,STARTED,"Normal execution; DeltaTime: 0.100",1122290.66
818,2025-09-08 16:01:58.999,TravelML,TravelML_r1_fp18_pr3,STARTED,"DeltaTime: 0.100",1122290.86
819,2025-09-08 16:01:59.023,TravelML,TravelML_r1_fp18_pr3,COMPLETED,"Effects applied successfully",1122314.91
820,2025-09-08 16:01:59.402,StackHL,StackHL_b13_lp3_r1_pr3_lay1_m3,STARTED,"High-level execution with subtree: FF_Default_DynamicFlow_StackHL_b13_lp3_r1_pr3_lay1_m3; DeltaTime: 0.100",1122694.34
821,2025-09-08 16:01:59.419,StackML,StackML_b13_lp3_r1_vg1_pr3,STARTED,"Normal execution; DeltaTime: 0.100",1122710.92
822,2025-09-08 16:01:59.419,StackML,StackML_b13_lp3_r1_vg1_pr3,STARTED,"DeltaTime: 0.100",1122711.11
823,2025-09-08 16:01:59.453,StackML,StackML_b13_lp3_r1_vg1_pr3,COMPLETED,"Effects applied successfully",1122745.47
824,2025-09-08 16:01:59.456,StackHL,StackHL_b13_lp3_r1_pr3_lay1_m3,COMPLETED,"Subtree execution completed successfully",1122748.53
825,2025-09-08 16:01:59.833,PickUpHL,PickUpHL_b14_fp19_r1,STARTED,"High-level execution with subtree: FF_Default_DynamicFlow_PickUpHL_b14_fp19_r1; DeltaTime: 0.100",1123125.09
826,2025-09-08 16:02:02.447,PickUpHL,PickUpHL_b14_fp19_r1,FAILED,"Subtree execution failed",1125739.04
827,2025-09-08 16:02:02.767,PickUpHL,PickUpHL_b20_fp27_r1,STARTED,"High-level execution with subtree: FF_Default_DynamicFlow_PickUpHL_b20_fp27_r1; DeltaTime: 0.100",1126058.62
828,2025-09-08 16:02:05.905,PickUpHL,PickUpHL_b20_fp27_r1,FAILED,"Subtree execution failed",1129197.33
829,2025-09-08 16:02:06.406,PickUpHL,PickUpHL_b1_fp2_r1,STARTED,"High-level execution with subtree: FF_Default_DynamicFlow_PickUpHL_b1_fp2_r1; DeltaTime: 0.100",1129697.74
830,2025-09-08 16:02:09.064,PickUpHL,PickUpHL_b1_fp2_r1,FAILED,"Subtree execution failed",1132355.98
831,2025-09-08 16:02:09.389,PickUpHL,PickUpHL_b7_fp10_r1,STARTED,"High-level execution with subtree: FF_Default_DynamicFlow_PickUpHL_b7_fp10_r1; DeltaTime: 0.100",1132681.06
832,2025-09-08 16:02:11.936,TravelML,TravelML_r1_pr3_fp10,STARTED,"Normal execution; DeltaTime: 0.100",1135228.08
833,2025-09-08 16:02:11.936,TravelML,TravelML_r1_pr3_fp10,STARTED,"DeltaTime: 0.100",1135228.27
834,2025-09-08 16:02:11.959,TravelML,TravelML_r1_pr3_fp10,COMPLETED,"Effects applied successfully",1135251.44
835,2025-09-08 16:02:12.331,PickUpHL,PickUpHL_b7_fp10_r1,STARTED,"High-level execution with subtree: FF_Default_DynamicFlow_PickUpHL_b7_fp10_r1; DeltaTime: 0.100",1135622.65
836,2025-09-08 16:02:12.346,PickUpML,PickUpML_b7_fp10_r1_vg1,STARTED,"Normal execution; DeltaTime: 0.100",1135638.50
837,2025-09-08 16:02:12.347,PickUpML,PickUpML_b7_fp10_r1_vg1,STARTED,"DeltaTime: 0.100",1135638.73
838,2025-09-08 16:02:12.376,PickUpML,PickUpML_b7_fp10_r1_vg1,COMPLETED,"Effects applied successfully",1135667.60
839,2025-09-08 16:02:12.379,PickUpHL,PickUpHL_b7_fp10_r1,COMPLETED,"Subtree execution completed successfully",1135670.83
840,2025-09-08 16:02:12.718,StackHL,StackHL_b7_lp2_r1_pr2_lay1_m2,STARTED,"High-level execution with subtree: FF_Default_DynamicFlow_StackHL_b7_lp2_r1_pr2_lay1_m2; DeltaTime: 0.100",1136009.96
841,2025-09-08 16:02:15.506,StackHL,StackHL_b7_lp2_r1_pr2_lay1_m2,FAILED,"Subtree execution failed",1138797.90
842,2025-09-08 16:02:15.798,PickUpHL,PickUpHL_b14_fp19_r1,STARTED,"High-level execution with subtree: FF_Default_DynamicFlow_PickUpHL_b14_fp19_r1; DeltaTime: 0.100",1139090.07
843,2025-09-08 16:02:18.325,PickUpHL,PickUpHL_b14_fp19_r1,FAILED,"Subtree execution failed",1141616.94
844,2025-09-08 16:02:18.634,PickUpHL,PickUpHL_b20_fp27_r1,STARTED,"High-level execution with subtree: FF_Default_DynamicFlow_PickUpHL_b20_fp27_r1; DeltaTime: 0.100",1141925.77
845,2025-09-08 16:02:21.185,PickUpHL,PickUpHL_b20_fp27_r1,FAILED,"Subtree execution failed",1144477.23
846,2025-09-08 16:02:21.708,PickUpHL,PickUpHL_b1_fp2_r1,STARTED,"High-level execution with subtree: FF_Default_DynamicFlow_PickUpHL_b1_fp2_r1; DeltaTime: 0.100",1144999.53
847,2025-09-08 16:02:24.305,PickUpHL,PickUpHL_b1_fp2_r1,FAILED,"Subtree execution failed",1147597.01
848,2025-09-08 16:02:24.696,StackHL,StackHL_b7_lp2_r1_pr2_lay1_m2,STARTED,"High-level execution with subtree: FF_Default_DynamicFlow_StackHL_b7_lp2_r1_pr2_lay1_m2; DeltaTime: 0.100",1147987.69
849,2025-09-08 16:02:24.717,TravelML,TravelML_r1_fp10_pr2,STARTED,"Normal execution; DeltaTime: 0.100",1148008.93
850,2025-09-08 16:02:24.717,TravelML,TravelML_r1_fp10_pr2,STARTED,"DeltaTime: 0.100",1148009.18
851,2025-09-08 16:02:24.750,TravelML,TravelML_r1_fp10_pr2,COMPLETED,"Effects applied successfully",1148041.59
852,2025-09-08 16:02:25.143,StackHL,StackHL_b7_lp2_r1_pr2_lay1_m2,STARTED,"High-level execution with subtree: FF_Default_DynamicFlow_StackHL_b7_lp2_r1_pr2_lay1_m2; DeltaTime: 0.100",1148435.48
853,2025-09-08 16:02:25.161,StackML,StackML_b7_lp2_r1_vg1_pr2,STARTED,"Normal execution; DeltaTime: 0.100",1148453.30
854,2025-09-08 16:02:25.161,StackML,StackML_b7_lp2_r1_vg1_pr2,STARTED,"DeltaTime: 0.100",1148453.51
855,2025-09-08 16:02:25.196,StackML,StackML_b7_lp2_r1_vg1_pr2,COMPLETED,"Effects applied successfully",1148488.22
856,2025-09-08 16:02:25.199,StackHL,StackHL_b7_lp2_r1_pr2_lay1_m2,COMPLETED,"Subtree execution completed successfully",1148491.28
857,2025-09-08 16:02:25.525,PickUpHL,PickUpHL_b8_fp11_r1,STARTED,"High-level execution with subtree: FF_Default_DynamicFlow_PickUpHL_b8_fp11_r1; DeltaTime: 0.100",1148816.75
858,2025-09-08 16:02:28.035,PickUpHL,PickUpHL_b8_fp11_r1,FAILED,"Subtree execution failed",1151326.63
859,2025-09-08 16:02:28.359,PickUpHL,PickUpHL_b14_fp19_r1,STARTED,"High-level execution with subtree: FF_Default_DynamicFlow_PickUpHL_b14_fp19_r1; DeltaTime: 0.100",1151650.73
860,2025-09-08 16:02:30.905,PickUpHL,PickUpHL_b14_fp19_r1,FAILED,"Subtree execution failed",1154196.86
861,2025-09-08 16:02:31.229,PickUpHL,PickUpHL_b20_fp27_r1,STARTED,"High-level execution with subtree: FF_Default_DynamicFlow_PickUpHL_b20_fp27_r1; DeltaTime: 0.100",1154521.50
862,2025-09-08 16:02:33.753,PickUpHL,PickUpHL_b20_fp27_r1,FAILED,"Subtree execution failed",1157045.24
863,2025-09-08 16:02:34.261,PickUpHL,PickUpHL_b1_fp2_r1,STARTED,"High-level execution with subtree: FF_Default_DynamicFlow_PickUpHL_b1_fp2_r1; DeltaTime: 0.100",1157552.74
864,2025-09-08 16:02:37.161,TravelML,TravelML_r1_pr2_fp2,STARTED,"Normal execution; DeltaTime: 0.100",1160453.52
865,2025-09-08 16:02:37.162,TravelML,TravelML_r1_pr2_fp2,STARTED,"DeltaTime: 0.100",1160453.72
866,2025-09-08 16:02:37.188,TravelML,TravelML_r1_pr2_fp2,COMPLETED,"Effects applied successfully",1160480.00
867,2025-09-08 16:02:37.562,PickUpHL,PickUpHL_b1_fp2_r1,STARTED,"High-level execution with subtree: FF_Default_DynamicFlow_PickUpHL_b1_fp2_r1; DeltaTime: 0.100",1160854.41
868,2025-09-08 16:02:37.578,PickUpML,PickUpML_b1_fp2_r1_vg1,STARTED,"Normal execution; DeltaTime: 0.100",1160869.90
869,2025-09-08 16:02:37.578,PickUpML,PickUpML_b1_fp2_r1_vg1,STARTED,"DeltaTime: 0.100",1160870.07
870,2025-09-08 16:02:37.607,PickUpML,PickUpML_b1_fp2_r1_vg1,COMPLETED,"Effects applied successfully",1160898.63
871,2025-09-08 16:02:37.609,PickUpHL,PickUpHL_b1_fp2_r1,COMPLETED,"Subtree execution completed successfully",1160901.36
872,2025-09-08 16:02:57.731,StackHL,StackHL_b1_lp1_r1_pr1_lay1_m1,STARTED,"High-level execution with subtree: FF_Default_DynamicFlow_StackHL_b1_lp1_r1_pr1_lay1_m1; DeltaTime: 0.100",1181023.07
873,2025-09-08 16:03:00.271,StackHL,StackHL_b1_lp1_r1_pr1_lay1_m1,FAILED,"Subtree execution failed",1183562.94
874,2025-09-08 16:03:00.608,PickUpHL,PickUpHL_b8_fp11_r1,STARTED,"High-level execution with subtree: FF_Default_DynamicFlow_PickUpHL_b8_fp11_r1; DeltaTime: 0.100",1183899.90
875,2025-09-08 16:03:03.470,PickUpHL,PickUpHL_b8_fp11_r1,FAILED,"Subtree execution failed",1186762.47
876,2025-09-08 16:03:03.822,PickUpHL,PickUpHL_b14_fp19_r1,STARTED,"High-level execution with subtree: FF_Default_DynamicFlow_PickUpHL_b14_fp19_r1; DeltaTime: 0.100",1187113.82
877,2025-09-08 16:03:06.343,PickUpHL,PickUpHL_b14_fp19_r1,FAILED,"Subtree execution failed",1189634.58
878,2025-09-08 16:03:06.712,PickUpHL,PickUpHL_b20_fp27_r1,STARTED,"High-level execution with subtree: FF_Default_DynamicFlow_PickUpHL_b20_fp27_r1; DeltaTime: 0.100",1190003.55
879,2025-09-08 16:03:09.253,PickUpHL,PickUpHL_b20_fp27_r1,FAILED,"Subtree execution failed",1192544.60
880,2025-09-08 16:03:09.898,StackHL,StackHL_b1_lp1_r1_pr1_lay1_m1,STARTED,"High-level execution with subtree: FF_Default_DynamicFlow_StackHL_b1_lp1_r1_pr1_lay1_m1; DeltaTime: 0.100",1193190.38
881,2025-09-08 16:03:09.913,TravelML,TravelML_r1_fp2_pr1,STARTED,"Normal execution; DeltaTime: 0.100",1193205.19
882,2025-09-08 16:03:09.913,TravelML,TravelML_r1_fp2_pr1,STARTED,"DeltaTime: 0.100",1193205.38
883,2025-09-08 16:03:09.940,TravelML,TravelML_r1_fp2_pr1,COMPLETED,"Effects applied successfully",1193231.68
884,2025-09-08 16:03:10.323,StackHL,StackHL_b1_lp1_r1_pr1_lay1_m1,STARTED,"High-level execution with subtree: FF_Default_DynamicFlow_StackHL_b1_lp1_r1_pr1_lay1_m1; DeltaTime: 0.100",1193615.44
885,2025-09-08 16:03:10.340,StackML,StackML_b1_lp1_r1_vg1_pr1,STARTED,"Normal execution; DeltaTime: 0.100",1193631.79
886,2025-09-08 16:03:10.340,StackML,StackML_b1_lp1_r1_vg1_pr1,STARTED,"DeltaTime: 0.100",1193631.99
887,2025-09-08 16:03:10.375,StackML,StackML_b1_lp1_r1_vg1_pr1,COMPLETED,"Effects applied successfully",1193666.54
888,2025-09-08 16:03:10.378,StackHL,StackHL_b1_lp1_r1_pr1_lay1_m1,COMPLETED,"Subtree execution completed successfully",1193669.66
889,2025-09-08 16:03:10.763,PickUpHL,PickUpHL_b2_fp3_r1,STARTED,"High-level execution with subtree: FF_Default_DynamicFlow_PickUpHL_b2_fp3_r1; DeltaTime: 0.100",1194054.75
890,2025-09-08 16:03:13.291,PickUpHL,PickUpHL_b2_fp3_r1,FAILED,"Subtree execution failed",1196583.04
891,2025-09-08 16:03:13.648,PickUpHL,PickUpHL_b8_fp11_r1,STARTED,"High-level execution with subtree: FF_Default_DynamicFlow_PickUpHL_b8_fp11_r1; DeltaTime: 0.100",1196939.67
892,2025-09-08 16:03:16.127,PickUpHL,PickUpHL_b8_fp11_r1,FAILED,"Subtree execution failed",1199419.28
893,2025-09-08 16:03:16.488,PickUpHL,PickUpHL_b14_fp19_r1,STARTED,"High-level execution with subtree: FF_Default_DynamicFlow_PickUpHL_b14_fp19_r1; DeltaTime: 0.100",1199780.09
894,2025-09-08 16:03:19.254,PickUpHL,PickUpHL_b14_fp19_r1,FAILED,"Subtree execution failed",1202545.77
895,2025-09-08 16:03:19.643,PickUpHL,PickUpHL_b20_fp27_r1,STARTED,"High-level execution with subtree: FF_Default_DynamicFlow_PickUpHL_b20_fp27_r1; DeltaTime: 0.100",1202935.10
896,2025-09-08 16:03:22.178,TravelML,TravelML_r1_pr1_fp27,STARTED,"Normal execution; DeltaTime: 0.100",1205470.46
897,2025-09-08 16:03:22.179,TravelML,TravelML_r1_pr1_fp27,STARTED,"DeltaTime: 0.100",1205470.64
898,2025-09-08 16:03:22.205,TravelML,TravelML_r1_pr1_fp27,COMPLETED,"Effects applied successfully",1205497.39
899,2025-09-08 16:03:22.581,PickUpHL,PickUpHL_b20_fp27_r1,STARTED,"High-level execution with subtree: FF_Default_DynamicFlow_PickUpHL_b20_fp27_r1; DeltaTime: 0.100",1205872.63
900,2025-09-08 16:03:22.596,PickUpML,PickUpML_b20_fp27_r1_vg1,STARTED,"Normal execution; DeltaTime: 0.100",1205888.46
901,2025-09-08 16:03:22.597,PickUpML,PickUpML_b20_fp27_r1_vg1,STARTED,"DeltaTime: 0.100",1205888.68
902,2025-09-08 16:03:22.625,PickUpML,PickUpML_b20_fp27_r1_vg1,COMPLETED,"Effects applied successfully",1205917.10
903,2025-09-08 16:03:22.628,PickUpHL,PickUpHL_b20_fp27_r1,COMPLETED,"Subtree execution completed successfully",1205920.12
904,2025-09-08 16:03:22.957,StackHL,StackHL_b20_lp4_r1_pr4_lay1_m4,STARTED,"High-level execution with subtree: FF_Default_DynamicFlow_StackHL_b20_lp4_r1_pr4_lay1_m4; DeltaTime: 0.100",1206249.49
905,2025-09-08 16:03:25.484,StackHL,StackHL_b20_lp4_r1_pr4_lay1_m4,FAILED,"Subtree execution failed",1208775.76
906,2025-09-08 16:03:25.970,PickUpHL,PickUpHL_b2_fp3_r1,STARTED,"High-level execution with subtree: FF_Default_DynamicFlow_PickUpHL_b2_fp3_r1; DeltaTime: 0.100",1209262.51
907,2025-09-08 16:03:28.748,PickUpHL,PickUpHL_b2_fp3_r1,FAILED,"Subtree execution failed",1212039.66
908,2025-09-08 16:04:57.661,PickUpHL,PickUpHL_b8_fp11_r1,STARTED,"High-level execution with subtree: FF_Default_DynamicFlow_PickUpHL_b8_fp11_r1; DeltaTime: 0.100",1300952.81
909,2025-09-08 16:05:00.422,PickUpHL,PickUpHL_b8_fp11_r1,FAILED,"Subtree execution failed",1303714.41
910,2025-09-08 16:05:00.771,PickUpHL,PickUpHL_b14_fp19_r1,STARTED,"High-level execution with subtree: FF_Default_DynamicFlow_PickUpHL_b14_fp19_r1; DeltaTime: 0.100",1304063.08
911,2025-09-08 16:05:03.379,PickUpHL,PickUpHL_b14_fp19_r1,FAILED,"Subtree execution failed",1306671.25
912,2025-09-08 16:05:03.757,StackHL,StackHL_b20_lp4_r1_pr4_lay1_m4,STARTED,"High-level execution with subtree: FF_Default_DynamicFlow_StackHL_b20_lp4_r1_pr4_lay1_m4; DeltaTime: 0.100",1307048.74
913,2025-09-08 16:05:03.773,TravelML,TravelML_r1_fp27_pr4,STARTED,"Normal execution; DeltaTime: 0.100",1307064.86
914,2025-09-08 16:05:03.773,TravelML,TravelML_r1_fp27_pr4,STARTED,"DeltaTime: 0.100",1307065.06
915,2025-09-08 16:05:03.797,TravelML,TravelML_r1_fp27_pr4,COMPLETED,"Effects applied successfully",1307089.51
916,2025-09-08 16:05:57.895,StackHL,StackHL_b20_lp4_r1_pr4_lay1_m4,STARTED,"High-level execution with subtree: FF_Default_DynamicFlow_StackHL_b20_lp4_r1_pr4_lay1_m4; DeltaTime: 0.100",1361186.82
917,2025-09-08 16:05:57.916,StackML,StackML_b20_lp4_r1_vg1_pr4,STARTED,"Normal execution; DeltaTime: 0.100",1361207.58
918,2025-09-08 16:05:57.916,StackML,StackML_b20_lp4_r1_vg1_pr4,STARTED,"DeltaTime: 0.100",1361207.78
919,2025-09-08 16:05:57.954,StackML,StackML_b20_lp4_r1_vg1_pr4,COMPLETED,"Effects applied successfully",1361245.95
920,2025-09-08 16:05:57.957,StackHL,StackHL_b20_lp4_r1_pr4_lay1_m4,COMPLETED,"Subtree execution completed successfully",1361249.01
921,2025-09-08 16:05:58.306,NailingHL,NailingHL_b20_pr4_r1,STARTED,"High-level execution with subtree: FF_Default_DynamicFlow_NailingHL_b20_pr4_r1; DeltaTime: 0.100",1361598.39
922,2025-09-08 16:06:00.889,NailingHL,NailingHL_b20_pr4_r1,FAILED,"Subtree execution failed",1364180.82
923,2025-09-08 16:06:01.394,PickUpHL,PickUpHL_b2_fp3_r1,STARTED,"High-level execution with subtree: FF_Default_DynamicFlow_PickUpHL_b2_fp3_r1; DeltaTime: 0.100",1364685.65
924,2025-09-08 16:06:03.936,PickUpHL,PickUpHL_b2_fp3_r1,FAILED,"Subtree execution failed",1367227.55
925,2025-09-08 16:06:04.276,PickUpHL,PickUpHL_b8_fp11_r1,STARTED,"High-level execution with subtree: FF_Default_DynamicFlow_PickUpHL_b8_fp11_r1; DeltaTime: 0.100",1367568.27
926,2025-09-08 16:06:06.826,PickUpHL,PickUpHL_b8_fp11_r1,FAILED,"Subtree execution failed",1370118.11
927,2025-09-08 16:06:07.211,PickUpHL,PickUpHL_b14_fp19_r1,STARTED,"High-level execution with subtree: FF_Default_DynamicFlow_PickUpHL_b14_fp19_r1; DeltaTime: 0.100",1370502.72
928,2025-09-08 16:06:09.785,TravelML,TravelML_r1_pr4_fp19,STARTED,"Normal execution; DeltaTime: 0.100",1373077.30
929,2025-09-08 16:06:09.786,TravelML,TravelML_r1_pr4_fp19,STARTED,"DeltaTime: 0.100",1373077.55
930,2025-09-08 16:06:09.813,TravelML,TravelML_r1_pr4_fp19,COMPLETED,"Effects applied successfully",1373104.61
931,2025-09-08 16:06:10.224,PickUpHL,PickUpHL_b14_fp19_r1,STARTED,"High-level execution with subtree: FF_Default_DynamicFlow_PickUpHL_b14_fp19_r1; DeltaTime: 0.100",1373515.98
932,2025-09-08 16:06:10.240,PickUpML,PickUpML_b14_fp19_r1_vg1,STARTED,"Normal execution; DeltaTime: 0.100",1373532.21
933,2025-09-08 16:06:10.240,PickUpML,PickUpML_b14_fp19_r1_vg1,STARTED,"DeltaTime: 0.100",1373532.40
934,2025-09-08 16:06:10.269,PickUpML,PickUpML_b14_fp19_r1_vg1,COMPLETED,"Effects applied successfully",1373560.78
935,2025-09-08 16:06:10.272,PickUpHL,PickUpHL_b14_fp19_r1,COMPLETED,"Subtree execution completed successfully",1373563.76
936,2025-09-08 16:06:10.611,StackHL,StackHL_b14_lp3_r1_pr3_lay1_m3,STARTED,"High-level execution with subtree: FF_Default_DynamicFlow_StackHL_b14_lp3_r1_pr3_lay1_m3; DeltaTime: 0.100",1373902.73
937,2025-09-08 16:06:13.162,StackHL,StackHL_b14_lp3_r1_pr3_lay1_m3,FAILED,"Subtree execution failed",1376453.91
938,2025-09-08 16:06:13.508,NailingHL,NailingHL_b20_pr4_r1,STARTED,"High-level execution with subtree: FF_Default_DynamicFlow_NailingHL_b20_pr4_r1; DeltaTime: 0.100",1376800.07
939,2025-09-08 16:06:16.095,NailingHL,NailingHL_b20_pr4_r1,FAILED,"Subtree execution failed",1379387.39
940,2025-09-08 16:06:16.638,PickUpHL,PickUpHL_b2_fp3_r1,STARTED,"High-level execution with subtree: FF_Default_DynamicFlow_PickUpHL_b2_fp3_r1; DeltaTime: 0.100",1379929.84
941,2025-09-08 16:06:19.214,PickUpHL,PickUpHL_b2_fp3_r1,FAILED,"Subtree execution failed",1382505.80
942,2025-09-08 16:06:19.546,PickUpHL,PickUpHL_b8_fp11_r1,STARTED,"High-level execution with subtree: FF_Default_DynamicFlow_PickUpHL_b8_fp11_r1; DeltaTime: 0.100",1382838.21
943,2025-09-08 16:06:22.193,PickUpHL,PickUpHL_b8_fp11_r1,FAILED,"Subtree execution failed",1385485.25
944,2025-09-08 16:06:22.624,StackHL,StackHL_b14_lp3_r1_pr3_lay1_m3,STARTED,"High-level execution with subtree: FF_Default_DynamicFlow_StackHL_b14_lp3_r1_pr3_lay1_m3; DeltaTime: 0.100",1385915.88
945,2025-09-08 16:06:22.642,TravelML,TravelML_r1_fp19_pr3,STARTED,"Normal execution; DeltaTime: 0.100",1385934.02
946,2025-09-08 16:06:22.642,TravelML,TravelML_r1_fp19_pr3,STARTED,"DeltaTime: 0.100",1385934.23
947,2025-09-08 16:06:22.689,TravelML,TravelML_r1_fp19_pr3,COMPLETED,"Effects applied successfully",1385980.95
948,2025-09-08 16:06:23.155,StackHL,StackHL_b14_lp3_r1_pr3_lay1_m3,STARTED,"High-level execution with subtree: FF_Default_DynamicFlow_StackHL_b14_lp3_r1_pr3_lay1_m3; DeltaTime: 0.100",1386446.83
949,2025-09-08 16:06:23.196,StackML,StackML_b14_lp3_r1_vg1_pr3,STARTED,"Normal execution; DeltaTime: 0.100",1386488.48
950,2025-09-08 16:06:23.197,StackML,StackML_b14_lp3_r1_vg1_pr3,STARTED,"DeltaTime: 0.100",1386488.99
951,2025-09-08 16:06:23.243,StackML,StackML_b14_lp3_r1_vg1_pr3,COMPLETED,"Effects applied successfully",1386535.30
952,2025-09-08 16:06:23.247,StackHL,StackHL_b14_lp3_r1_pr3_lay1_m3,COMPLETED,"Subtree execution completed successfully",1386538.78
953,2025-09-08 16:06:23.610,NailingHL,NailingHL_b14_pr3_r1,STARTED,"High-level execution with subtree: FF_Default_DynamicFlow_NailingHL_b14_pr3_r1; DeltaTime: 0.100",1386902.40
954,2025-09-08 16:06:26.421,NailingHL,NailingHL_b14_pr3_r1,FAILED,"Subtree execution failed",1389713.01
955,2025-09-08 16:06:26.746,NailingHL,NailingHL_b20_pr4_r1,STARTED,"High-level execution with subtree: FF_Default_DynamicFlow_NailingHL_b20_pr4_r1; DeltaTime: 0.100",1390037.85
956,2025-09-08 16:06:29.365,NailingHL,NailingHL_b20_pr4_r1,FAILED,"Subtree execution failed",1392656.90
957,2025-09-08 16:06:29.853,PickUpHL,PickUpHL_b2_fp3_r1,STARTED,"High-level execution with subtree: FF_Default_DynamicFlow_PickUpHL_b2_fp3_r1; DeltaTime: 0.100",1393145.43
958,2025-09-08 16:06:32.450,PickUpHL,PickUpHL_b2_fp3_r1,FAILED,"Subtree execution failed",1395741.83
959,2025-09-08 16:06:32.768,PickUpHL,PickUpHL_b8_fp11_r1,STARTED,"High-level execution with subtree: FF_Default_DynamicFlow_PickUpHL_b8_fp11_r1; DeltaTime: 0.100",1396060.17
960,2025-09-08 16:06:35.633,TravelML,TravelML_r1_pr3_fp11,STARTED,"Normal execution; DeltaTime: 0.100",1398924.82
961,2025-09-08 16:06:35.633,TravelML,TravelML_r1_pr3_fp11,STARTED,"DeltaTime: 0.100",1398925.03
962,2025-09-08 16:06:35.658,TravelML,TravelML_r1_pr3_fp11,COMPLETED,"Effects applied successfully",1398950.03
963,2025-09-08 16:06:36.067,PickUpHL,PickUpHL_b8_fp11_r1,STARTED,"High-level execution with subtree: FF_Default_DynamicFlow_PickUpHL_b8_fp11_r1; DeltaTime: 0.100",1399359.49
964,2025-09-08 16:06:36.083,PickUpML,PickUpML_b8_fp11_r1_vg1,STARTED,"Normal execution; DeltaTime: 0.100",1399375.00
965,2025-09-08 16:06:36.083,PickUpML,PickUpML_b8_fp11_r1_vg1,STARTED,"DeltaTime: 0.100",1399375.21
966,2025-09-08 16:06:36.114,PickUpML,PickUpML_b8_fp11_r1_vg1,COMPLETED,"Effects applied successfully",1399405.76
967,2025-09-08 16:06:36.117,PickUpHL,PickUpHL_b8_fp11_r1,COMPLETED,"Subtree execution completed successfully",1399408.78
968,2025-09-08 16:06:36.435,StackHL,StackHL_b8_lp2_r1_pr2_lay1_m2,STARTED,"High-level execution with subtree: FF_Default_DynamicFlow_StackHL_b8_lp2_r1_pr2_lay1_m2; DeltaTime: 0.100",1399727.47
969,2025-09-08 16:06:38.931,StackHL,StackHL_b8_lp2_r1_pr2_lay1_m2,FAILED,"Subtree execution failed",1402223.05
970,2025-09-08 16:06:39.245,NailingHL,NailingHL_b14_pr3_r1,STARTED,"High-level execution with subtree: FF_Default_DynamicFlow_NailingHL_b14_pr3_r1; DeltaTime: 0.100",1402537.07
971,2025-09-08 16:06:41.837,NailingHL,NailingHL_b14_pr3_r1,FAILED,"Subtree execution failed",1405129.06
972,2025-09-08 16:06:42.171,NailingHL,NailingHL_b20_pr4_r1,STARTED,"High-level execution with subtree: FF_Default_DynamicFlow_NailingHL_b20_pr4_r1; DeltaTime: 0.100",1405463.29
973,2025-09-08 16:06:44.756,NailingHL,NailingHL_b20_pr4_r1,FAILED,"Subtree execution failed",1408048.17
974,2025-09-08 16:06:45.276,PickUpHL,PickUpHL_b2_fp3_r1,STARTED,"High-level execution with subtree: FF_Default_DynamicFlow_PickUpHL_b2_fp3_r1; DeltaTime: 0.100",1408568.04
975,2025-09-08 16:06:48.427,PickUpHL,PickUpHL_b2_fp3_r1,FAILED,"Subtree execution failed",1411719.07
976,2025-09-08 16:06:48.850,StackHL,StackHL_b8_lp2_r1_pr2_lay1_m2,STARTED,"High-level execution with subtree: FF_Default_DynamicFlow_StackHL_b8_lp2_r1_pr2_lay1_m2; DeltaTime: 0.100",1412142.14
977,2025-09-08 16:06:48.868,TravelML,TravelML_r1_fp11_pr2,STARTED,"Normal execution; DeltaTime: 0.100",1412159.65
978,2025-09-08 16:06:48.868,TravelML,TravelML_r1_fp11_pr2,STARTED,"DeltaTime: 0.100",1412159.88
979,2025-09-08 16:06:48.896,TravelML,TravelML_r1_fp11_pr2,COMPLETED,"Effects applied successfully",1412188.38
980,2025-09-08 16:06:49.325,StackHL,StackHL_b8_lp2_r1_pr2_lay1_m2,STARTED,"High-level execution with subtree: FF_Default_DynamicFlow_StackHL_b8_lp2_r1_pr2_lay1_m2; DeltaTime: 0.100",1412617.37
981,2025-09-08 16:06:49.342,StackML,StackML_b8_lp2_r1_vg1_pr2,STARTED,"Normal execution; DeltaTime: 0.100",1412633.56
982,2025-09-08 16:06:49.342,StackML,StackML_b8_lp2_r1_vg1_pr2,STARTED,"DeltaTime: 0.100",1412633.77
983,2025-09-08 16:06:49.377,StackML,StackML_b8_lp2_r1_vg1_pr2,COMPLETED,"Effects applied successfully",1412669.49
984,2025-09-08 16:06:49.381,StackHL,StackHL_b8_lp2_r1_pr2_lay1_m2,COMPLETED,"Subtree execution completed successfully",1412672.62
985,2025-09-08 16:06:49.752,NailingHL,NailingHL_b8_pr2_r1,STARTED,"High-level execution with subtree: FF_Default_DynamicFlow_NailingHL_b8_pr2_r1; DeltaTime: 0.100",1413044.00
986,2025-09-08 16:06:52.507,NailingHL,NailingHL_b8_pr2_r1,FAILED,"Subtree execution failed",1415798.80
987,2025-09-08 16:06:52.830,NailingHL,NailingHL_b14_pr3_r1,STARTED,"High-level execution with subtree: FF_Default_DynamicFlow_NailingHL_b14_pr3_r1; DeltaTime: 0.100",1416121.66
988,2025-09-08 16:06:55.498,NailingHL,NailingHL_b14_pr3_r1,FAILED,"Subtree execution failed",1418789.60
989,2025-09-08 16:06:55.806,NailingHL,NailingHL_b20_pr4_r1,STARTED,"High-level execution with subtree: FF_Default_DynamicFlow_NailingHL_b20_pr4_r1; DeltaTime: 0.100",1419097.82
990,2025-09-08 16:06:58.680,NailingHL,NailingHL_b20_pr4_r1,FAILED,"Subtree execution failed",1421972.32
991,2025-09-08 16:06:59.180,PickUpHL,PickUpHL_b2_fp3_r1,STARTED,"High-level execution with subtree: FF_Default_DynamicFlow_PickUpHL_b2_fp3_r1; DeltaTime: 0.100",1422472.43
992,2025-09-08 16:07:01.657,TravelML,TravelML_r1_pr2_fp3,STARTED,"Normal execution; DeltaTime: 0.100",1424949.51
993,2025-09-08 16:07:01.658,TravelML,TravelML_r1_pr2_fp3,STARTED,"DeltaTime: 0.100",1424949.73
994,2025-09-08 16:07:01.684,TravelML,TravelML_r1_pr2_fp3,COMPLETED,"Effects applied successfully",1424975.55
995,2025-09-08 16:07:02.077,PickUpHL,PickUpHL_b2_fp3_r1,STARTED,"High-level execution with subtree: FF_Default_DynamicFlow_PickUpHL_b2_fp3_r1; DeltaTime: 0.100",1425368.86
996,2025-09-08 16:07:02.093,PickUpML,PickUpML_b2_fp3_r1_vg1,STARTED,"Normal execution; DeltaTime: 0.100",1425384.76
997,2025-09-08 16:07:02.093,PickUpML,PickUpML_b2_fp3_r1_vg1,STARTED,"DeltaTime: 0.100",1425384.97
998,2025-09-08 16:07:02.124,PickUpML,PickUpML_b2_fp3_r1_vg1,COMPLETED,"Effects applied successfully",1425416.40
999,2025-09-08 16:07:02.127,PickUpHL,PickUpHL_b2_fp3_r1,COMPLETED,"Subtree execution completed successfully",1425419.43
1000,2025-09-08 16:07:02.519,StackHL,StackHL_b2_lp1_r1_pr1_lay1_m1,STARTED,"High-level execution with subtree: FF_Default_DynamicFlow_StackHL_b2_lp1_r1_pr1_lay1_m1; DeltaTime: 0.100",1425810.91
1001,2025-09-08 16:07:05.052,StackHL,StackHL_b2_lp1_r1_pr1_lay1_m1,FAILED,"Subtree execution failed",1428343.83
1002,2025-09-08 16:07:05.382,NailingHL,NailingHL_b8_pr2_r1,STARTED,"High-level execution with subtree: FF_Default_DynamicFlow_NailingHL_b8_pr2_r1; DeltaTime: 0.100",1428673.72
1003,2025-09-08 16:07:08.512,NailingHL,NailingHL_b8_pr2_r1,FAILED,"Subtree execution failed",1431804.45
1004,2025-09-08 16:07:08.891,NailingHL,NailingHL_b14_pr3_r1,STARTED,"High-level execution with subtree: FF_Default_DynamicFlow_NailingHL_b14_pr3_r1; DeltaTime: 0.100",1432183.51
1005,2025-09-08 16:07:11.551,NailingHL,NailingHL_b14_pr3_r1,FAILED,"Subtree execution failed",1434843.10
1006,2025-09-08 16:07:11.934,NailingHL,NailingHL_b20_pr4_r1,STARTED,"High-level execution with subtree: FF_Default_DynamicFlow_NailingHL_b20_pr4_r1; DeltaTime: 0.100",1435226.51
1007,2025-09-08 16:07:14.544,NailingHL,NailingHL_b20_pr4_r1,FAILED,"Subtree execution failed",1437836.42
1008,2025-09-08 16:07:15.241,StackHL,StackHL_b2_lp1_r1_pr1_lay1_m1,STARTED,"High-level execution with subtree: FF_Default_DynamicFlow_StackHL_b2_lp1_r1_pr1_lay1_m1; DeltaTime: 0.100",1438533.31
1009,2025-09-08 16:07:15.256,TravelML,TravelML_r1_fp3_pr1,STARTED,"Normal execution; DeltaTime: 0.100",1438548.19
1010,2025-09-08 16:07:15.256,TravelML,TravelML_r1_fp3_pr1,STARTED,"DeltaTime: 0.100",1438548.40
1011,2025-09-08 16:07:15.283,TravelML,TravelML_r1_fp3_pr1,COMPLETED,"Effects applied successfully",1438575.11
1012,2025-09-08 16:07:15.681,StackHL,StackHL_b2_lp1_r1_pr1_lay1_m1,STARTED,"High-level execution with subtree: FF_Default_DynamicFlow_StackHL_b2_lp1_r1_pr1_lay1_m1; DeltaTime: 0.100",1438972.89
1013,2025-09-08 16:07:15.698,StackML,StackML_b2_lp1_r1_vg1_pr1,STARTED,"Normal execution; DeltaTime: 0.100",1438989.63
1014,2025-09-08 16:07:15.698,StackML,StackML_b2_lp1_r1_vg1_pr1,STARTED,"DeltaTime: 0.100",1438989.84
1015,2025-09-08 16:07:15.736,StackML,StackML_b2_lp1_r1_vg1_pr1,COMPLETED,"Effects applied successfully",1439028.06
1016,2025-09-08 16:07:15.739,StackHL,StackHL_b2_lp1_r1_pr1_lay1_m1,COMPLETED,"Subtree execution completed successfully",1439031.19
1017,2025-09-08 16:07:16.125,NailingHL,NailingHL_b2_pr1_r1,STARTED,"High-level execution with subtree: FF_Default_DynamicFlow_NailingHL_b2_pr1_r1; DeltaTime: 0.100",1439416.84
1018,2025-09-08 16:07:18.675,NailingHL,NailingHL_b2_pr1_r1,FAILED,"Subtree execution failed",1441967.44
1019,2025-09-08 16:07:19.030,NailingHL,NailingHL_b8_pr2_r1,STARTED,"High-level execution with subtree: FF_Default_DynamicFlow_NailingHL_b8_pr2_r1; DeltaTime: 0.100",1442322.44
1020,2025-09-08 16:07:21.709,NailingHL,NailingHL_b8_pr2_r1,FAILED,"Subtree execution failed",1445001.44
1021,2025-09-08 16:07:22.074,NailingHL,NailingHL_b14_pr3_r1,STARTED,"High-level execution with subtree: FF_Default_DynamicFlow_NailingHL_b14_pr3_r1; DeltaTime: 0.100",1445365.79
1022,2025-09-08 16:07:24.987,NailingHL,NailingHL_b14_pr3_r1,FAILED,"Subtree execution failed",1448278.63
1023,2025-09-08 16:08:57.772,NailingHL,NailingHL_b20_pr4_r1,STARTED,"High-level execution with subtree: FF_Default_DynamicFlow_NailingHL_b20_pr4_r1; DeltaTime: 0.100",1541064.39
1024,2025-09-08 16:09:00.501,TravelML,TravelML_r1_pr1_ep1,STARTED,"Normal execution; DeltaTime: 0.100",1543793.11
1025,2025-09-08 16:09:00.501,TravelML,TravelML_r1_pr1_ep1,STARTED,"DeltaTime: 0.100",1543793.31
1026,2025-09-08 16:09:00.528,TravelML,TravelML_r1_pr1_ep1,COMPLETED,"Effects applied successfully",1543819.58
1027,2025-09-08 16:09:00.930,NailingHL,NailingHL_b20_pr4_r1,STARTED,"High-level execution with subtree: FF_Default_DynamicFlow_NailingHL_b20_pr4_r1; DeltaTime: 0.100",1544222.35
1028,2025-09-08 16:09:00.967,CloseToolML,CloseToolML_r1_vg1,STARTED,"Normal execution; DeltaTime: 0.100",1544258.92
1029,2025-09-08 16:09:00.967,CloseToolML,CloseToolML_r1_vg1,STARTED,"DeltaTime: 0.100",1544259.13
1030,2025-09-08 16:09:00.996,CloseToolML,CloseToolML_r1_vg1,COMPLETED,"Effects applied successfully",1544287.64
1031,2025-09-08 16:09:01.415,NailingHL,NailingHL_b20_pr4_r1,STARTED,"High-level execution with subtree: FF_Default_DynamicFlow_NailingHL_b20_pr4_r1; DeltaTime: 0.100",1544706.96
1032,2025-09-08 16:09:01.447,DeequipML,DeequipML_r1_vg1_ep1,STARTED,"Normal execution; DeltaTime: 0.100",1544738.57
1033,2025-09-08 16:09:01.447,DeequipML,DeequipML_r1_vg1_ep1,STARTED,"DeltaTime: 0.100",1544738.87
1034,2025-09-08 16:09:01.475,DeequipML,DeequipML_r1_vg1_ep1,COMPLETED,"Effects applied successfully",1544766.99
1035,2025-09-08 16:10:44.611,NailingHL,NailingHL_b20_pr4_r1,STARTED,"High-level execution with subtree: FF_Default_DynamicFlow_NailingHL_b20_pr4_r1; DeltaTime: 0.100",1647903.06
1036,2025-09-08 16:10:44.662,TravelML,TravelML_r1_ep1_ep3,STARTED,"Normal execution; DeltaTime: 0.100",1647953.92
1037,2025-09-08 16:10:44.662,TravelML,TravelML_r1_ep1_ep3,STARTED,"DeltaTime: 0.100",1647954.26
1038,2025-09-08 16:10:44.693,TravelML,TravelML_r1_ep1_ep3,COMPLETED,"Effects applied successfully",1647985.33
1039,2025-09-08 16:10:45.490,NailingHL,NailingHL_b20_pr4_r1,STARTED,"High-level execution with subtree: FF_Default_DynamicFlow_NailingHL_b20_pr4_r1; DeltaTime: 0.100",1648782.28
1040,2025-09-08 16:10:45.543,EquipeML,EquipeML_r1_ng1_ep3,STARTED,"Normal execution; DeltaTime: 0.100",1648835.09
1041,2025-09-08 16:10:45.543,EquipeML,EquipeML_r1_ng1_ep3,STARTED,"DeltaTime: 0.100",1648835.35
1042,2025-09-08 16:10:45.586,EquipeML,EquipeML_r1_ng1_ep3,COMPLETED,"Effects applied successfully",1648877.60
1043,2025-09-08 16:10:46.145,NailingHL,NailingHL_b20_pr4_r1,STARTED,"High-level execution with subtree: FF_Default_DynamicFlow_NailingHL_b20_pr4_r1; DeltaTime: 0.100",1649437.16
1044,2025-09-08 16:10:46.200,TravelML,TravelML_r1_ep3_pr4,STARTED,"Normal execution; DeltaTime: 0.100",1649492.39
1045,2025-09-08 16:10:46.201,TravelML,TravelML_r1_ep3_pr4,STARTED,"DeltaTime: 0.100",1649492.92
1046,2025-09-08 16:10:46.243,TravelML,TravelML_r1_ep3_pr4,COMPLETED,"Effects applied successfully",1649534.97
1047,2025-09-08 16:10:46.811,NailingHL,NailingHL_b20_pr4_r1,STARTED,"High-level execution with subtree: FF_Default_DynamicFlow_NailingHL_b20_pr4_r1; DeltaTime: 0.100",1650103.45
1048,2025-09-08 16:10:46.860,InitializeML,InitializeML_r1_ng1,STARTED,"Normal execution; DeltaTime: 0.100",1650151.61
1049,2025-09-08 16:10:46.860,InitializeML,InitializeML_r1_ng1,STARTED,"DeltaTime: 0.100",1650151.93
1050,2025-09-08 16:10:46.895,InitializeML,InitializeML_r1_ng1,COMPLETED,"Effects applied successfully",1650187.22
1051,2025-09-08 16:10:47.440,NailingHL,NailingHL_b20_pr4_r1,STARTED,"High-level execution with subtree: FF_Default_DynamicFlow_NailingHL_b20_pr4_r1; DeltaTime: 0.100",1650732.03
1052,2025-09-08 16:10:47.500,NailingML,NailingML_b20_pr4_r1_ng1,STARTED,"Normal execution; DeltaTime: 0.100",1650791.86
1053,2025-09-08 16:10:47.500,NailingML,NailingML_b20_pr4_r1_ng1,STARTED,"DeltaTime: 0.100",1650792.36
1054,2025-09-08 16:10:47.564,NailingML,NailingML_b20_pr4_r1_ng1,COMPLETED,"Effects applied successfully",1650855.76
1055,2025-09-08 16:10:47.571,NailingHL,NailingHL_b20_pr4_r1,COMPLETED,"Subtree execution completed successfully",1650862.68
1056,2025-09-08 16:10:48.038,NailingHL,NailingHL_b19_pr4_r1,STARTED,"High-level execution with subtree: FF_Default_DynamicFlow_NailingHL_b19_pr4_r1; DeltaTime: 0.100",1651329.67
1057,2025-09-08 16:10:50.832,NailingHL,NailingHL_b19_pr4_r1,FAILED,"Subtree execution failed",1654124.49
1058,2025-09-08 16:10:51.337,NailingHL,NailingHL_b2_pr1_r1,STARTED,"High-level execution with subtree: FF_Default_DynamicFlow_NailingHL_b2_pr1_r1; DeltaTime: 0.100",1654628.85
1059,2025-09-08 16:10:55.748,NailingHL,NailingHL_b2_pr1_r1,FAILED,"Subtree execution failed",1659040.45
1060,2025-09-08 16:10:56.778,NailingHL,NailingHL_b8_pr2_r1,STARTED,"High-level execution with subtree: FF_Default_DynamicFlow_NailingHL_b8_pr2_r1; DeltaTime: 0.100",1660070.00
1061,2025-09-08 16:10:59.370,NailingHL,NailingHL_b8_pr2_r1,FAILED,"Subtree execution failed",1662661.82
1062,2025-09-08 16:11:00.458,NailingHL,NailingHL_b14_pr3_r1,STARTED,"High-level execution with subtree: FF_Default_DynamicFlow_NailingHL_b14_pr3_r1; DeltaTime: 0.100",1663749.65
1063,2025-09-08 16:11:03.056,NailingHL,NailingHL_b14_pr3_r1,FAILED,"Subtree execution failed",1666348.32
1064,2025-09-08 16:11:04.235,NailingHL,NailingHL_b19_pr4_r1,STARTED,"High-level execution with subtree: FF_Default_DynamicFlow_NailingHL_b19_pr4_r1; DeltaTime: 0.100",1667527.12
1065,2025-09-08 16:11:04.282,NailingML,NailingML_b19_pr4_r1_ng1,STARTED,"Normal execution; DeltaTime: 0.100",1667573.68
1066,2025-09-08 16:11:04.283,NailingML,NailingML_b19_pr4_r1_ng1,STARTED,"DeltaTime: 0.100",1667574.75
1067,2025-09-08 16:11:04.361,NailingML,NailingML_b19_pr4_r1_ng1,COMPLETED,"Effects applied successfully",1667652.94
1068,2025-09-08 16:11:04.369,NailingHL,NailingHL_b19_pr4_r1,COMPLETED,"Subtree execution completed successfully",1667660.63
1069,2025-09-08 16:11:05.277,NailingHL,NailingHL_b21_pr4_r1,STARTED,"High-level execution with subtree: FF_Default_DynamicFlow_NailingHL_b21_pr4_r1; DeltaTime: 0.100",1668568.80
1070,2025-09-08 16:11:07.857,NailingHL,NailingHL_b21_pr4_r1,FAILED,"Subtree execution failed",1671148.77
1071,2025-09-08 16:11:09.262,NailingHL,NailingHL_b2_pr1_r1,STARTED,"High-level execution with subtree: FF_Default_DynamicFlow_NailingHL_b2_pr1_r1; DeltaTime: 0.100",1672554.24
1072,2025-09-08 16:11:11.882,NailingHL,NailingHL_b2_pr1_r1,FAILED,"Subtree execution failed",1675174.28
1073,2025-09-08 16:11:12.895,NailingHL,NailingHL_b8_pr2_r1,STARTED,"High-level execution with subtree: FF_Default_DynamicFlow_NailingHL_b8_pr2_r1; DeltaTime: 0.100",1676187.03
1074,2025-09-08 16:11:15.453,NailingHL,NailingHL_b8_pr2_r1,FAILED,"Subtree execution failed",1678745.22
1075,2025-09-08 16:11:16.551,NailingHL,NailingHL_b14_pr3_r1,STARTED,"High-level execution with subtree: FF_Default_DynamicFlow_NailingHL_b14_pr3_r1; DeltaTime: 0.100",1679842.54
1076,2025-09-08 16:11:19.141,NailingHL,NailingHL_b14_pr3_r1,FAILED,"Subtree execution failed",1682433.40
1077,2025-09-08 16:11:20.199,NailingHL,NailingHL_b21_pr4_r1,STARTED,"High-level execution with subtree: FF_Default_DynamicFlow_NailingHL_b21_pr4_r1; DeltaTime: 0.100",1683491.51
1078,2025-09-08 16:11:20.234,NailingML,NailingML_b21_pr4_r1_ng1,STARTED,"Normal execution; DeltaTime: 0.100",1683525.85
1079,2025-09-08 16:11:20.234,NailingML,NailingML_b21_pr4_r1_ng1,STARTED,"DeltaTime: 0.100",1683526.37
1080,2025-09-08 16:11:20.303,NailingML,NailingML_b21_pr4_r1_ng1,COMPLETED,"Effects applied successfully",1683594.56
1081,2025-09-08 16:11:20.311,NailingHL,NailingHL_b21_pr4_r1,COMPLETED,"Subtree execution completed successfully",1683602.78
1082,2025-09-08 16:11:21.392,NailingHL,NailingHL_b23_pr4_r1,STARTED,"High-level execution with subtree: FF_Default_DynamicFlow_NailingHL_b23_pr4_r1; DeltaTime: 0.100",1684683.58
1083,2025-09-08 16:11:24.094,NailingHL,NailingHL_b23_pr4_r1,FAILED,"Subtree execution failed",1687386.48
1084,2025-09-08 16:11:25.279,NailingHL,NailingHL_b2_pr1_r1,STARTED,"High-level execution with subtree: FF_Default_DynamicFlow_NailingHL_b2_pr1_r1; DeltaTime: 0.100",1688570.80
1085,2025-09-08 16:11:28.042,NailingHL,NailingHL_b2_pr1_r1,FAILED,"Subtree execution failed",1691334.17
1086,2025-09-08 16:11:28.923,NailingHL,NailingHL_b8_pr2_r1,STARTED,"High-level execution with subtree: FF_Default_DynamicFlow_NailingHL_b8_pr2_r1; DeltaTime: 0.100",1692215.08
1087,2025-09-08 16:11:31.532,NailingHL,NailingHL_b8_pr2_r1,FAILED,"Subtree execution failed",1694824.32
1088,2025-09-08 16:11:32.573,NailingHL,NailingHL_b14_pr3_r1,STARTED,"High-level execution with subtree: FF_Default_DynamicFlow_NailingHL_b14_pr3_r1; DeltaTime: 0.100",1695865.20
1089,2025-09-08 16:11:35.179,NailingHL,NailingHL_b14_pr3_r1,FAILED,"Subtree execution failed",1698471.11
1090,2025-09-08 16:11:36.160,NailingHL,NailingHL_b23_pr4_r1,STARTED,"High-level execution with subtree: FF_Default_DynamicFlow_NailingHL_b23_pr4_r1; DeltaTime: 0.100",1699451.73
1091,2025-09-08 16:11:36.188,NailingML,NailingML_b23_pr4_r1_ng1,STARTED,"Normal execution; DeltaTime: 0.100",1699479.65
1092,2025-09-08 16:11:36.188,NailingML,NailingML_b23_pr4_r1_ng1,STARTED,"DeltaTime: 0.100",1699480.17
1093,2025-09-08 16:11:36.273,NailingML,NailingML_b23_pr4_r1_ng1,COMPLETED,"Effects applied successfully",1699565.41
1094,2025-09-08 16:11:36.284,NailingHL,NailingHL_b23_pr4_r1,COMPLETED,"Subtree execution completed successfully",1699576.18
1095,2025-09-08 16:11:37.084,NailingHL,NailingHL_b22_pr4_r1,STARTED,"High-level execution with subtree: FF_Default_DynamicFlow_NailingHL_b22_pr4_r1; DeltaTime: 0.100",1700376.21
1096,2025-09-08 16:11:39.597,NailingHL,NailingHL_b22_pr4_r1,FAILED,"Subtree execution failed",1702889.29
1097,2025-09-08 16:11:40.960,NailingHL,NailingHL_b2_pr1_r1,STARTED,"High-level execution with subtree: FF_Default_DynamicFlow_NailingHL_b2_pr1_r1; DeltaTime: 0.100",1704251.68
1098,2025-09-08 16:11:43.502,NailingHL,NailingHL_b2_pr1_r1,FAILED,"Subtree execution failed",1706794.15
1099,2025-09-08 16:11:44.344,NailingHL,NailingHL_b8_pr2_r1,STARTED,"High-level execution with subtree: FF_Default_DynamicFlow_NailingHL_b8_pr2_r1; DeltaTime: 0.100",1707635.70
1100,2025-09-08 16:11:46.878,NailingHL,NailingHL_b8_pr2_r1,FAILED,"Subtree execution failed",1710170.24
1101,2025-09-08 16:11:48.015,NailingHL,NailingHL_b14_pr3_r1,STARTED,"High-level execution with subtree: FF_Default_DynamicFlow_NailingHL_b14_pr3_r1; DeltaTime: 0.100",1711306.57
1102,2025-09-08 16:11:50.502,NailingHL,NailingHL_b14_pr3_r1,FAILED,"Subtree execution failed",1713794.05
1103,2025-09-08 16:11:51.492,NailingHL,NailingHL_b22_pr4_r1,STARTED,"High-level execution with subtree: FF_Default_DynamicFlow_NailingHL_b22_pr4_r1; DeltaTime: 0.100",1714783.77
1104,2025-09-08 16:11:51.576,NailingML,NailingML_b22_pr4_r1_ng1,STARTED,"Normal execution; DeltaTime: 0.100",1714867.78
1105,2025-09-08 16:11:51.577,NailingML,NailingML_b22_pr4_r1_ng1,STARTED,"DeltaTime: 0.100",1714868.56
1106,2025-09-08 16:11:51.699,NailingML,NailingML_b22_pr4_r1_ng1,COMPLETED,"Effects applied successfully",1714991.40
1107,2025-09-08 16:11:51.714,NailingHL,NailingHL_b22_pr4_r1,COMPLETED,"Subtree execution completed successfully",1715006.33
1108,2025-09-08 16:11:52.417,NailingHL,NailingHL_b24_pr4_r1,STARTED,"High-level execution with subtree: FF_Default_DynamicFlow_NailingHL_b24_pr4_r1; DeltaTime: 0.100",1715709.17
1109,2025-09-08 16:11:54.992,NailingHL,NailingHL_b24_pr4_r1,FAILED,"Subtree execution failed",1718284.39
1110,2025-09-08 16:11:56.309,NailingHL,NailingHL_b2_pr1_r1,STARTED,"High-level execution with subtree: FF_Default_DynamicFlow_NailingHL_b2_pr1_r1; DeltaTime: 0.100",1719600.59
1111,2025-09-08 16:11:58.921,NailingHL,NailingHL_b2_pr1_r1,FAILED,"Subtree execution failed",1722212.60
1112,2025-09-08 16:11:59.706,NailingHL,NailingHL_b8_pr2_r1,STARTED,"High-level execution with subtree: FF_Default_DynamicFlow_NailingHL_b8_pr2_r1; DeltaTime: 0.100",1722998.50
1113,2025-09-08 16:12:02.669,NailingHL,NailingHL_b8_pr2_r1,FAILED,"Subtree execution failed",1725961.18
1114,2025-09-08 16:12:03.550,NailingHL,NailingHL_b14_pr3_r1,STARTED,"High-level execution with subtree: FF_Default_DynamicFlow_NailingHL_b14_pr3_r1; DeltaTime: 0.100",1726842.19
1115,2025-09-08 16:12:06.850,NailingHL,NailingHL_b14_pr3_r1,FAILED,"Subtree execution failed",1730142.07
1116,2025-09-08 16:12:07.904,NailingHL,NailingHL_b24_pr4_r1,STARTED,"High-level execution with subtree: FF_Default_DynamicFlow_NailingHL_b24_pr4_r1; DeltaTime: 0.100",1731196.16
1117,2025-09-08 16:12:07.940,NailingML,NailingML_b24_pr4_r1_ng1,STARTED,"Normal execution; DeltaTime: 0.100",1731231.60
1118,2025-09-08 16:12:07.940,NailingML,NailingML_b24_pr4_r1_ng1,STARTED,"DeltaTime: 0.100",1731232.05
1119,2025-09-08 16:12:07.973,NailingML,NailingML_b24_pr4_r1_ng1,COMPLETED,"Effects applied successfully",1731264.54
1120,2025-09-08 16:12:07.976,NailingHL,NailingHL_b24_pr4_r1,COMPLETED,"Subtree execution completed successfully",1731267.72
1121,2025-09-08 16:12:58.321,GluingBeamHL,GluingBeamHL_b22_pr4_r1_m4_lay1,STARTED,"High-level execution with subtree: FF_Default_DynamicFlow_GluingBeamHL_b22_pr4_r1_m4_lay1; DeltaTime: 0.100",1781612.61
1122,2025-09-08 16:13:01.307,GluingBeamHL,GluingBeamHL_b22_pr4_r1_m4_lay1,FAILED,"Subtree execution failed",1784599.37
1123,2025-09-08 16:13:02.130,NailingHL,NailingHL_b2_pr1_r1,STARTED,"High-level execution with subtree: FF_Default_DynamicFlow_NailingHL_b2_pr1_r1; DeltaTime: 0.100",1785421.64
1124,2025-09-08 16:13:04.801,NailingHL,NailingHL_b2_pr1_r1,FAILED,"Subtree execution failed",1788093.46
1125,2025-09-08 16:13:05.633,NailingHL,NailingHL_b8_pr2_r1,STARTED,"High-level execution with subtree: FF_Default_DynamicFlow_NailingHL_b8_pr2_r1; DeltaTime: 0.100",1788925.52
1126,2025-09-08 16:13:08.442,NailingHL,NailingHL_b8_pr2_r1,FAILED,"Subtree execution failed",1791734.28
1127,2025-09-08 16:13:09.451,NailingHL,NailingHL_b14_pr3_r1,STARTED,"High-level execution with subtree: FF_Default_DynamicFlow_NailingHL_b14_pr3_r1; DeltaTime: 0.100",1792743.02
1128,2025-09-08 16:13:12.053,TravelML,TravelML_r1_pr4_pr3,STARTED,"Normal execution; DeltaTime: 0.100",1795345.23
1129,2025-09-08 16:13:12.056,TravelML,TravelML_r1_pr4_pr3,STARTED,"DeltaTime: 0.100",1795347.90
1130,2025-09-08 16:13:12.141,TravelML,TravelML_r1_pr4_pr3,COMPLETED,"Effects applied successfully",1795432.54
1131,2025-09-08 16:13:13.279,NailingHL,NailingHL_b14_pr3_r1,STARTED,"High-level execution with subtree: FF_Default_DynamicFlow_NailingHL_b14_pr3_r1; DeltaTime: 0.100",1796570.54
1132,2025-09-08 16:13:13.334,NailingML,NailingML_b14_pr3_r1_ng1,STARTED,"Normal execution; DeltaTime: 0.100",1796626.29
1133,2025-09-08 16:13:13.335,NailingML,NailingML_b14_pr3_r1_ng1,STARTED,"DeltaTime: 0.100",1796626.79
1134,2025-09-08 16:13:13.416,NailingML,NailingML_b14_pr3_r1_ng1,COMPLETED,"Effects applied successfully",1796707.63
1135,2025-09-08 16:13:13.431,NailingHL,NailingHL_b14_pr3_r1,COMPLETED,"Subtree execution completed successfully",1796723.45
1136,2025-09-08 16:13:14.433,NailingHL,NailingHL_b13_pr3_r1,STARTED,"High-level execution with subtree: FF_Default_DynamicFlow_NailingHL_b13_pr3_r1; DeltaTime: 0.100",1797724.81
1137,2025-09-08 16:13:16.964,NailingHL,NailingHL_b13_pr3_r1,FAILED,"Subtree execution failed",1800256.08
1138,2025-09-08 16:13:17.817,GluingBeamHL,GluingBeamHL_b22_pr4_r1_m4_lay1,STARTED,"High-level execution with subtree: FF_Default_DynamicFlow_GluingBeamHL_b22_pr4_r1_m4_lay1; DeltaTime: 0.100",1801108.97
1139,2025-09-08 16:13:20.820,GluingBeamHL,GluingBeamHL_b22_pr4_r1_m4_lay1,FAILED,"Subtree execution failed",1804112.04
1140,2025-09-08 16:13:22.089,NailingHL,NailingHL_b2_pr1_r1,STARTED,"High-level execution with subtree: FF_Default_DynamicFlow_NailingHL_b2_pr1_r1; DeltaTime: 0.100",1805381.23
1141,2025-09-08 16:13:24.944,NailingHL,NailingHL_b2_pr1_r1,FAILED,"Subtree execution failed",1808236.13
1142,2025-09-08 16:13:25.594,NailingHL,NailingHL_b8_pr2_r1,STARTED,"High-level execution with subtree: FF_Default_DynamicFlow_NailingHL_b8_pr2_r1; DeltaTime: 0.100",1808885.93
1143,2025-09-08 16:13:28.461,NailingHL,NailingHL_b8_pr2_r1,FAILED,"Subtree execution failed",1811753.03
1144,2025-09-08 16:13:58.803,NailingHL,NailingHL_b13_pr3_r1,STARTED,"High-level execution with subtree: FF_Default_DynamicFlow_NailingHL_b13_pr3_r1; DeltaTime: 0.100",1842095.12
1145,2025-09-08 16:13:58.844,NailingML,NailingML_b13_pr3_r1_ng1,STARTED,"Normal execution; DeltaTime: 0.100",1842136.48
1146,2025-09-08 16:13:58.845,NailingML,NailingML_b13_pr3_r1_ng1,STARTED,"DeltaTime: 0.100",1842136.97
1147,2025-09-08 16:13:58.936,NailingML,NailingML_b13_pr3_r1_ng1,COMPLETED,"Effects applied successfully",1842227.63
1148,2025-09-08 16:13:58.942,NailingHL,NailingHL_b13_pr3_r1,COMPLETED,"Subtree execution completed successfully",1842234.51
1149,2025-09-08 16:13:59.722,NailingHL,NailingHL_b15_pr3_r1,STARTED,"High-level execution with subtree: FF_Default_DynamicFlow_NailingHL_b15_pr3_r1; DeltaTime: 0.100",1843013.91
1150,2025-09-08 16:14:02.246,NailingHL,NailingHL_b15_pr3_r1,FAILED,"Subtree execution failed",1845537.73
1151,2025-09-08 16:14:58.129,GluingBeamHL,GluingBeamHL_b22_pr4_r1_m4_lay1,STARTED,"High-level execution with subtree: FF_Default_DynamicFlow_GluingBeamHL_b22_pr4_r1_m4_lay1; DeltaTime: 0.100",1901421.19
1152,2025-09-08 16:15:01.122,GluingBeamHL,GluingBeamHL_b22_pr4_r1_m4_lay1,FAILED,"Subtree execution failed",1904414.24
1153,2025-09-08 16:15:02.511,NailingHL,NailingHL_b2_pr1_r1,STARTED,"High-level execution with subtree: FF_Default_DynamicFlow_NailingHL_b2_pr1_r1; DeltaTime: 0.100",1905803.40
1154,2025-09-08 16:15:05.124,NailingHL,NailingHL_b2_pr1_r1,FAILED,"Subtree execution failed",1908416.26
1155,2025-09-08 16:15:05.911,NailingHL,NailingHL_b8_pr2_r1,STARTED,"High-level execution with subtree: FF_Default_DynamicFlow_NailingHL_b8_pr2_r1; DeltaTime: 0.100",1909203.15
1156,2025-09-08 16:15:08.484,NailingHL,NailingHL_b8_pr2_r1,FAILED,"Subtree execution failed",1911776.42
1157,2025-09-08 16:15:09.445,NailingHL,NailingHL_b15_pr3_r1,STARTED,"High-level execution with subtree: FF_Default_DynamicFlow_NailingHL_b15_pr3_r1; DeltaTime: 0.100",1912737.31
1158,2025-09-08 16:15:09.499,NailingML,NailingML_b15_pr3_r1_ng1,STARTED,"Normal execution; DeltaTime: 0.100",1912791.22
1159,2025-09-08 16:15:09.500,NailingML,NailingML_b15_pr3_r1_ng1,STARTED,"DeltaTime: 0.100",1912792.38
1160,2025-09-08 16:15:09.576,NailingML,NailingML_b15_pr3_r1_ng1,COMPLETED,"Effects applied successfully",1912867.63
1161,2025-09-08 16:15:09.584,NailingHL,NailingHL_b15_pr3_r1,COMPLETED,"Subtree execution completed successfully",1912875.87
1162,2025-09-08 16:15:10.499,NailingHL,NailingHL_b17_pr3_r1,STARTED,"High-level execution with subtree: FF_Default_DynamicFlow_NailingHL_b17_pr3_r1; DeltaTime: 0.100",1913791.26
1163,2025-09-08 16:15:13.224,NailingHL,NailingHL_b17_pr3_r1,FAILED,"Subtree execution failed",1916516.13
1164,2025-09-08 16:15:14.018,GluingBeamHL,GluingBeamHL_b22_pr4_r1_m4_lay1,STARTED,"High-level execution with subtree: FF_Default_DynamicFlow_GluingBeamHL_b22_pr4_r1_m4_lay1; DeltaTime: 0.100",1917310.23
1165,2025-09-08 16:15:16.857,GluingBeamHL,GluingBeamHL_b22_pr4_r1_m4_lay1,FAILED,"Subtree execution failed",1920149.14
1166,2025-09-08 16:15:17.755,NailingHL,NailingHL_b2_pr1_r1,STARTED,"High-level execution with subtree: FF_Default_DynamicFlow_NailingHL_b2_pr1_r1; DeltaTime: 0.100",1921047.25
1167,2025-09-08 16:15:20.350,NailingHL,NailingHL_b2_pr1_r1,FAILED,"Subtree execution failed",1923641.86
1168,2025-09-08 16:15:21.148,NailingHL,NailingHL_b8_pr2_r1,STARTED,"High-level execution with subtree: FF_Default_DynamicFlow_NailingHL_b8_pr2_r1; DeltaTime: 0.100",1924439.67
1169,2025-09-08 16:15:24.024,NailingHL,NailingHL_b8_pr2_r1,FAILED,"Subtree execution failed",1927316.16
1170,2025-09-08 16:15:25.318,NailingHL,NailingHL_b17_pr3_r1,STARTED,"High-level execution with subtree: FF_Default_DynamicFlow_NailingHL_b17_pr3_r1; DeltaTime: 0.100",1928610.19
1171,2025-09-08 16:15:25.364,NailingML,NailingML_b17_pr3_r1_ng1,STARTED,"Normal execution; DeltaTime: 0.100",1928656.44
1172,2025-09-08 16:15:25.365,NailingML,NailingML_b17_pr3_r1_ng1,STARTED,"DeltaTime: 0.100",1928657.04
1173,2025-09-08 16:15:25.447,NailingML,NailingML_b17_pr3_r1_ng1,COMPLETED,"Effects applied successfully",1928739.34
1174,2025-09-08 16:15:25.456,NailingHL,NailingHL_b17_pr3_r1,COMPLETED,"Subtree execution completed successfully",1928748.01
1175,2025-09-08 16:15:26.308,NailingHL,NailingHL_b16_pr3_r1,STARTED,"High-level execution with subtree: FF_Default_DynamicFlow_NailingHL_b16_pr3_r1; DeltaTime: 0.100",1929599.77
1176,2025-09-08 16:15:28.922,NailingHL,NailingHL_b16_pr3_r1,FAILED,"Subtree execution failed",1932213.84
1177,2025-09-08 16:15:29.413,GluingBeamHL,GluingBeamHL_b22_pr4_r1_m4_lay1,STARTED,"High-level execution with subtree: FF_Default_DynamicFlow_GluingBeamHL_b22_pr4_r1_m4_lay1; DeltaTime: 0.100",1932705.36
1178,2025-09-08 16:15:32.427,GluingBeamHL,GluingBeamHL_b22_pr4_r1_m4_lay1,FAILED,"Subtree execution failed",1935719.32
1179,2025-09-08 16:15:33.666,NailingHL,NailingHL_b2_pr1_r1,STARTED,"High-level execution with subtree: FF_Default_DynamicFlow_NailingHL_b2_pr1_r1; DeltaTime: 0.100",1936957.95
1180,2025-09-08 16:15:37.219,NailingHL,NailingHL_b2_pr1_r1,FAILED,"Subtree execution failed",1940511.52
1181,2025-09-08 16:15:38.084,NailingHL,NailingHL_b8_pr2_r1,STARTED,"High-level execution with subtree: FF_Default_DynamicFlow_NailingHL_b8_pr2_r1; DeltaTime: 0.100",1941376.19
1182,2025-09-08 16:15:40.959,NailingHL,NailingHL_b8_pr2_r1,FAILED,"Subtree execution failed",1944251.35
1183,2025-09-08 16:15:42.040,NailingHL,NailingHL_b16_pr3_r1,STARTED,"High-level execution with subtree: FF_Default_DynamicFlow_NailingHL_b16_pr3_r1; DeltaTime: 0.100",1945332.42
1184,2025-09-08 16:15:42.107,NailingML,NailingML_b16_pr3_r1_ng1,STARTED,"Normal execution; DeltaTime: 0.100",1945399.39
1185,2025-09-08 16:15:42.109,NailingML,NailingML_b16_pr3_r1_ng1,STARTED,"DeltaTime: 0.100",1945401.12
1186,2025-09-08 16:15:42.231,NailingML,NailingML_b16_pr3_r1_ng1,COMPLETED,"Effects applied successfully",1945522.55
1187,2025-09-08 16:15:42.245,NailingHL,NailingHL_b16_pr3_r1,COMPLETED,"Subtree execution completed successfully",1945537.02
1188,2025-09-08 16:15:43.129,NailingHL,NailingHL_b18_pr3_r1,STARTED,"High-level execution with subtree: FF_Default_DynamicFlow_NailingHL_b18_pr3_r1; DeltaTime: 0.100",1946420.94
1189,2025-09-08 16:15:45.783,NailingHL,NailingHL_b18_pr3_r1,FAILED,"Subtree execution failed",1949074.76
1190,2025-09-08 16:15:46.645,GluingBeamHL,GluingBeamHL_b22_pr4_r1_m4_lay1,STARTED,"High-level execution with subtree: FF_Default_DynamicFlow_GluingBeamHL_b22_pr4_r1_m4_lay1; DeltaTime: 0.100",1949937.00
1191,2025-09-08 16:15:49.420,GluingBeamHL,GluingBeamHL_b22_pr4_r1_m4_lay1,FAILED,"Subtree execution failed",1952712.01
1192,2025-09-08 16:15:50.529,NailingHL,NailingHL_b2_pr1_r1,STARTED,"High-level execution with subtree: FF_Default_DynamicFlow_NailingHL_b2_pr1_r1; DeltaTime: 0.100",1953820.83
1193,2025-09-08 16:15:53.438,NailingHL,NailingHL_b2_pr1_r1,FAILED,"Subtree execution failed",1956729.87
1194,2025-09-08 16:15:54.282,NailingHL,NailingHL_b8_pr2_r1,STARTED,"High-level execution with subtree: FF_Default_DynamicFlow_NailingHL_b8_pr2_r1; DeltaTime: 0.100",1957574.40
1195,2025-09-08 16:15:57.198,NailingHL,NailingHL_b8_pr2_r1,FAILED,"Subtree execution failed",1960490.01
1196,2025-09-08 16:15:58.344,NailingHL,NailingHL_b18_pr3_r1,STARTED,"High-level execution with subtree: FF_Default_DynamicFlow_NailingHL_b18_pr3_r1; DeltaTime: 0.100",1961636.52
1197,2025-09-08 16:15:58.418,NailingML,NailingML_b18_pr3_r1_ng1,STARTED,"Normal execution; DeltaTime: 0.100",1961710.32
1198,2025-09-08 16:15:58.419,NailingML,NailingML_b18_pr3_r1_ng1,STARTED,"DeltaTime: 0.100",1961711.37
1199,2025-09-08 16:15:58.494,NailingML,NailingML_b18_pr3_r1_ng1,COMPLETED,"Effects applied successfully",1961786.33
1200,2025-09-08 16:15:58.504,NailingHL,NailingHL_b18_pr3_r1,COMPLETED,"Subtree execution completed successfully",1961795.68
1201,2025-09-08 16:15:59.359,GluingBeamHL,GluingBeamHL_b16_pr3_r1_m3_lay1,STARTED,"High-level execution with subtree: FF_Default_DynamicFlow_GluingBeamHL_b16_pr3_r1_m3_lay1; DeltaTime: 0.100",1962651.43
1202,2025-09-08 16:16:02.300,GluingBeamHL,GluingBeamHL_b16_pr3_r1_m3_lay1,FAILED,"Subtree execution failed",1965592.14
1203,2025-09-08 16:16:03.225,GluingBeamHL,GluingBeamHL_b22_pr4_r1_m4_lay1,STARTED,"High-level execution with subtree: FF_Default_DynamicFlow_GluingBeamHL_b22_pr4_r1_m4_lay1; DeltaTime: 0.100",1966516.70
1204,2025-09-08 16:16:06.082,GluingBeamHL,GluingBeamHL_b22_pr4_r1_m4_lay1,FAILED,"Subtree execution failed",1969374.09
1205,2025-09-08 16:16:07.413,NailingHL,NailingHL_b2_pr1_r1,STARTED,"High-level execution with subtree: FF_Default_DynamicFlow_NailingHL_b2_pr1_r1; DeltaTime: 0.100",1970704.74
1206,2025-09-08 16:16:10.219,NailingHL,NailingHL_b2_pr1_r1,FAILED,"Subtree execution failed",1973511.31
1207,2025-09-08 16:16:11.082,NailingHL,NailingHL_b8_pr2_r1,STARTED,"High-level execution with subtree: FF_Default_DynamicFlow_NailingHL_b8_pr2_r1; DeltaTime: 0.100",1974374.17
1208,2025-09-08 16:16:13.895,TravelML,TravelML_r1_pr3_pr2,STARTED,"Normal execution; DeltaTime: 0.100",1977187.51
1209,2025-09-08 16:16:13.896,TravelML,TravelML_r1_pr3_pr2,STARTED,"DeltaTime: 0.100",1977188.02
1210,2025-09-08 16:16:13.972,TravelML,TravelML_r1_pr3_pr2,COMPLETED,"Effects applied successfully",1977264.00
1211,2025-09-08 16:16:15.312,NailingHL,NailingHL_b8_pr2_r1,STARTED,"High-level execution with subtree: FF_Default_DynamicFlow_NailingHL_b8_pr2_r1; DeltaTime: 0.100",1978603.87
1212,2025-09-08 16:16:15.373,NailingML,NailingML_b8_pr2_r1_ng1,STARTED,"Normal execution; DeltaTime: 0.100",1978665.39
1213,2025-09-08 16:16:15.374,NailingML,NailingML_b8_pr2_r1_ng1,STARTED,"DeltaTime: 0.100",1978665.99
1214,2025-09-08 16:16:15.447,NailingML,NailingML_b8_pr2_r1_ng1,COMPLETED,"Effects applied successfully",1978738.73
1215,2025-09-08 16:16:15.454,NailingHL,NailingHL_b8_pr2_r1,COMPLETED,"Subtree execution completed successfully",1978745.82
1216,2025-09-08 16:16:16.325,NailingHL,NailingHL_b7_pr2_r1,STARTED,"High-level execution with subtree: FF_Default_DynamicFlow_NailingHL_b7_pr2_r1; DeltaTime: 0.100",1979617.23
1217,2025-09-08 16:16:18.890,NailingHL,NailingHL_b7_pr2_r1,FAILED,"Subtree execution failed",1982182.25
1218,2025-09-08 16:16:19.548,GluingBeamHL,GluingBeamHL_b16_pr3_r1_m3_lay1,STARTED,"High-level execution with subtree: FF_Default_DynamicFlow_GluingBeamHL_b16_pr3_r1_m3_lay1; DeltaTime: 0.100",1982840.37
1219,2025-09-08 16:16:22.538,GluingBeamHL,GluingBeamHL_b16_pr3_r1_m3_lay1,FAILED,"Subtree execution failed",1985830.42
1220,2025-09-08 16:16:23.508,GluingBeamHL,GluingBeamHL_b22_pr4_r1_m4_lay1,STARTED,"High-level execution with subtree: FF_Default_DynamicFlow_GluingBeamHL_b22_pr4_r1_m4_lay1; DeltaTime: 0.100",1986800.08
1221,2025-09-08 16:16:26.400,GluingBeamHL,GluingBeamHL_b22_pr4_r1_m4_lay1,FAILED,"Subtree execution failed",1989691.89
1222,2025-09-08 16:16:27.445,NailingHL,NailingHL_b2_pr1_r1,STARTED,"High-level execution with subtree: FF_Default_DynamicFlow_NailingHL_b2_pr1_r1; DeltaTime: 0.100",1990737.43
1223,2025-09-08 16:16:29.962,NailingHL,NailingHL_b2_pr1_r1,FAILED,"Subtree execution failed",1993253.83
1224,2025-09-08 16:16:30.948,NailingHL,NailingHL_b7_pr2_r1,STARTED,"High-level execution with subtree: FF_Default_DynamicFlow_NailingHL_b7_pr2_r1; DeltaTime: 0.100",1994239.96
1225,2025-09-08 16:16:30.983,NailingML,NailingML_b7_pr2_r1_ng1,STARTED,"Normal execution; DeltaTime: 0.100",1994275.33
1226,2025-09-08 16:16:30.984,NailingML,NailingML_b7_pr2_r1_ng1,STARTED,"DeltaTime: 0.100",1994276.18
1227,2025-09-08 16:16:31.057,NailingML,NailingML_b7_pr2_r1_ng1,COMPLETED,"Effects applied successfully",1994349.38
1228,2025-09-08 16:16:31.072,NailingHL,NailingHL_b7_pr2_r1,COMPLETED,"Subtree execution completed successfully",1994364.14
1229,2025-09-08 16:16:31.902,NailingHL,NailingHL_b9_pr2_r1,STARTED,"High-level execution with subtree: FF_Default_DynamicFlow_NailingHL_b9_pr2_r1; DeltaTime: 0.100",1995193.63
1230,2025-09-08 16:16:34.724,NailingHL,NailingHL_b9_pr2_r1,FAILED,"Subtree execution failed",1998016.41
1231,2025-09-08 16:16:35.561,GluingBeamHL,GluingBeamHL_b16_pr3_r1_m3_lay1,STARTED,"High-level execution with subtree: FF_Default_DynamicFlow_GluingBeamHL_b16_pr3_r1_m3_lay1; DeltaTime: 0.100",1998853.26
1232,2025-09-08 16:16:39.911,GluingBeamHL,GluingBeamHL_b16_pr3_r1_m3_lay1,FAILED,"Subtree execution failed",2003203.49
1233,2025-09-08 16:16:40.235,GluingBeamHL,GluingBeamHL_b22_pr4_r1_m4_lay1,STARTED,"High-level execution with subtree: FF_Default_DynamicFlow_GluingBeamHL_b22_pr4_r1_m4_lay1; DeltaTime: 0.100",2003527.05
1234,2025-09-08 16:16:42.843,GluingBeamHL,GluingBeamHL_b22_pr4_r1_m4_lay1,FAILED,"Subtree execution failed",2006135.52
1235,2025-09-08 16:16:43.366,NailingHL,NailingHL_b2_pr1_r1,STARTED,"High-level execution with subtree: FF_Default_DynamicFlow_NailingHL_b2_pr1_r1; DeltaTime: 0.100",2006657.99
1236,2025-09-08 16:16:45.857,NailingHL,NailingHL_b2_pr1_r1,FAILED,"Subtree execution failed",2009148.90
1237,2025-09-08 16:16:46.278,NailingHL,NailingHL_b9_pr2_r1,STARTED,"High-level execution with subtree: FF_Default_DynamicFlow_NailingHL_b9_pr2_r1; DeltaTime: 0.100",2009569.96
1238,2025-09-08 16:16:46.295,NailingML,NailingML_b9_pr2_r1_ng1,STARTED,"Normal execution; DeltaTime: 0.100",2009586.68
1239,2025-09-08 16:16:46.295,NailingML,NailingML_b9_pr2_r1_ng1,STARTED,"DeltaTime: 0.100",2009586.89
1240,2025-09-08 16:16:46.323,NailingML,NailingML_b9_pr2_r1_ng1,COMPLETED,"Effects applied successfully",2009615.15
1241,2025-09-08 16:16:46.326,NailingHL,NailingHL_b9_pr2_r1,COMPLETED,"Subtree execution completed successfully",2009617.94
1242,2025-09-08 16:16:46.702,NailingHL,NailingHL_b11_pr2_r1,STARTED,"High-level execution with subtree: FF_Default_DynamicFlow_NailingHL_b11_pr2_r1; DeltaTime: 0.100",2009993.68
1243,2025-09-08 16:16:49.468,NailingHL,NailingHL_b11_pr2_r1,FAILED,"Subtree execution failed",2012760.47
1244,2025-09-08 16:16:49.768,GluingBeamHL,GluingBeamHL_b16_pr3_r1_m3_lay1,STARTED,"High-level execution with subtree: FF_Default_DynamicFlow_GluingBeamHL_b16_pr3_r1_m3_lay1; DeltaTime: 0.100",2013060.22
1245,2025-09-08 16:16:52.520,GluingBeamHL,GluingBeamHL_b16_pr3_r1_m3_lay1,FAILED,"Subtree execution failed",2015811.78
1246,2025-09-08 16:16:52.826,GluingBeamHL,GluingBeamHL_b22_pr4_r1_m4_lay1,STARTED,"High-level execution with subtree: FF_Default_DynamicFlow_GluingBeamHL_b22_pr4_r1_m4_lay1; DeltaTime: 0.100",2016118.41
1247,2025-09-08 16:16:55.580,GluingBeamHL,GluingBeamHL_b22_pr4_r1_m4_lay1,FAILED,"Subtree execution failed",2018871.97
1248,2025-09-08 16:16:56.140,NailingHL,NailingHL_b2_pr1_r1,STARTED,"High-level execution with subtree: FF_Default_DynamicFlow_NailingHL_b2_pr1_r1; DeltaTime: 0.100",2019432.43
1249,2025-09-08 16:16:58.875,NailingHL,NailingHL_b2_pr1_r1,FAILED,"Subtree execution failed",2022166.67
1250,2025-09-08 16:16:59.301,NailingHL,NailingHL_b11_pr2_r1,STARTED,"High-level execution with subtree: FF_Default_DynamicFlow_NailingHL_b11_pr2_r1; DeltaTime: 0.100",2022592.80
1251,2025-09-08 16:16:59.314,NailingML,NailingML_b11_pr2_r1_ng1,STARTED,"Normal execution; DeltaTime: 0.100",2022606.05
1252,2025-09-08 16:16:59.314,NailingML,NailingML_b11_pr2_r1_ng1,STARTED,"DeltaTime: 0.100",2022606.26
1253,2025-09-08 16:16:59.341,NailingML,NailingML_b11_pr2_r1_ng1,COMPLETED,"Effects applied successfully",2022633.25
1254,2025-09-08 16:16:59.344,NailingHL,NailingHL_b11_pr2_r1,COMPLETED,"Subtree execution completed successfully",2022636.26
1255,2025-09-08 16:16:59.657,NailingHL,NailingHL_b10_pr2_r1,STARTED,"High-level execution with subtree: FF_Default_DynamicFlow_NailingHL_b10_pr2_r1; DeltaTime: 0.100",2022949.32
1256,2025-09-08 16:17:02.202,NailingHL,NailingHL_b10_pr2_r1,FAILED,"Subtree execution failed",2025494.10
1257,2025-09-08 16:17:02.511,GluingBeamHL,GluingBeamHL_b16_pr3_r1_m3_lay1,STARTED,"High-level execution with subtree: FF_Default_DynamicFlow_GluingBeamHL_b16_pr3_r1_m3_lay1; DeltaTime: 0.100",2025803.07
1258,2025-09-08 16:17:05.345,GluingBeamHL,GluingBeamHL_b16_pr3_r1_m3_lay1,FAILED,"Subtree execution failed",2028636.56
1259,2025-09-08 16:17:05.684,GluingBeamHL,GluingBeamHL_b22_pr4_r1_m4_lay1,STARTED,"High-level execution with subtree: FF_Default_DynamicFlow_GluingBeamHL_b22_pr4_r1_m4_lay1; DeltaTime: 0.100",2028975.71
1260,2025-09-08 16:17:08.348,GluingBeamHL,GluingBeamHL_b22_pr4_r1_m4_lay1,FAILED,"Subtree execution failed",2031640.00
1261,2025-09-08 16:17:08.862,NailingHL,NailingHL_b2_pr1_r1,STARTED,"High-level execution with subtree: FF_Default_DynamicFlow_NailingHL_b2_pr1_r1; DeltaTime: 0.100",2032153.71
1262,2025-09-08 16:17:11.620,NailingHL,NailingHL_b2_pr1_r1,FAILED,"Subtree execution failed",2034911.99
1263,2025-09-08 16:17:12.058,NailingHL,NailingHL_b10_pr2_r1,STARTED,"High-level execution with subtree: FF_Default_DynamicFlow_NailingHL_b10_pr2_r1; DeltaTime: 0.100",2035349.69
1264,2025-09-08 16:17:12.070,NailingML,NailingML_b10_pr2_r1_ng1,STARTED,"Normal execution; DeltaTime: 0.100",2035362.18
1265,2025-09-08 16:17:12.070,NailingML,NailingML_b10_pr2_r1_ng1,STARTED,"DeltaTime: 0.100",2035362.39
1266,2025-09-08 16:17:12.098,NailingML,NailingML_b10_pr2_r1_ng1,COMPLETED,"Effects applied successfully",2035390.46
1267,2025-09-08 16:17:12.102,NailingHL,NailingHL_b10_pr2_r1,COMPLETED,"Subtree execution completed successfully",2035393.57
1268,2025-09-08 16:17:12.449,NailingHL,NailingHL_b12_pr2_r1,STARTED,"High-level execution with subtree: FF_Default_DynamicFlow_NailingHL_b12_pr2_r1; DeltaTime: 0.100",2035741.32
1269,2025-09-08 16:17:15.144,NailingHL,NailingHL_b12_pr2_r1,FAILED,"Subtree execution failed",2038436.39
1270,2025-09-08 16:17:15.473,GluingBeamHL,GluingBeamHL_b16_pr3_r1_m3_lay1,STARTED,"High-level execution with subtree: FF_Default_DynamicFlow_GluingBeamHL_b16_pr3_r1_m3_lay1; DeltaTime: 0.100",2038765.12
1271,2025-09-08 16:17:18.037,GluingBeamHL,GluingBeamHL_b16_pr3_r1_m3_lay1,FAILED,"Subtree execution failed",2041329.17
1272,2025-09-08 16:17:18.343,GluingBeamHL,GluingBeamHL_b22_pr4_r1_m4_lay1,STARTED,"High-level execution with subtree: FF_Default_DynamicFlow_GluingBeamHL_b22_pr4_r1_m4_lay1; DeltaTime: 0.100",2041635.49
1273,2025-09-08 16:17:21.151,GluingBeamHL,GluingBeamHL_b22_pr4_r1_m4_lay1,FAILED,"Subtree execution failed",2044443.01
1274,2025-09-08 16:17:21.670,NailingHL,NailingHL_b2_pr1_r1,STARTED,"High-level execution with subtree: FF_Default_DynamicFlow_NailingHL_b2_pr1_r1; DeltaTime: 0.100",2044962.09
1275,2025-09-08 16:17:24.212,NailingHL,NailingHL_b2_pr1_r1,FAILED,"Subtree execution failed",2047504.35
1276,2025-09-08 16:17:24.635,NailingHL,NailingHL_b12_pr2_r1,STARTED,"High-level execution with subtree: FF_Default_DynamicFlow_NailingHL_b12_pr2_r1; DeltaTime: 0.100",2047926.67
1277,2025-09-08 16:17:24.651,NailingML,NailingML_b12_pr2_r1_ng1,STARTED,"Normal execution; DeltaTime: 0.100",2047942.76
1278,2025-09-08 16:17:24.651,NailingML,NailingML_b12_pr2_r1_ng1,STARTED,"DeltaTime: 0.100",2047943.07
1279,2025-09-08 16:17:24.679,NailingML,NailingML_b12_pr2_r1_ng1,COMPLETED,"Effects applied successfully",2047970.94
1280,2025-09-08 16:17:24.682,NailingHL,NailingHL_b12_pr2_r1,COMPLETED,"Subtree execution completed successfully",2047973.90
1281,2025-09-08 16:17:25.012,GluingBeamHL,GluingBeamHL_b10_pr2_r1_m2_lay1,STARTED,"High-level execution with subtree: FF_Default_DynamicFlow_GluingBeamHL_b10_pr2_r1_m2_lay1; DeltaTime: 0.100",2048303.65
1282,2025-09-08 16:17:27.612,GluingBeamHL,GluingBeamHL_b10_pr2_r1_m2_lay1,FAILED,"Subtree execution failed",2050903.74
1283,2025-09-08 16:17:27.929,GluingBeamHL,GluingBeamHL_b16_pr3_r1_m3_lay1,STARTED,"High-level execution with subtree: FF_Default_DynamicFlow_GluingBeamHL_b16_pr3_r1_m3_lay1; DeltaTime: 0.100",2051221.14
1284,2025-09-08 16:17:30.682,GluingBeamHL,GluingBeamHL_b16_pr3_r1_m3_lay1,FAILED,"Subtree execution failed",2053973.72
1285,2025-09-08 16:17:31.009,GluingBeamHL,GluingBeamHL_b22_pr4_r1_m4_lay1,STARTED,"High-level execution with subtree: FF_Default_DynamicFlow_GluingBeamHL_b22_pr4_r1_m4_lay1; DeltaTime: 0.100",2054300.96
1286,2025-09-08 16:17:33.771,GluingBeamHL,GluingBeamHL_b22_pr4_r1_m4_lay1,FAILED,"Subtree execution failed",2057062.68
1287,2025-09-08 16:17:34.327,NailingHL,NailingHL_b2_pr1_r1,STARTED,"High-level execution with subtree: FF_Default_DynamicFlow_NailingHL_b2_pr1_r1; DeltaTime: 0.100",2057618.87
1288,2025-09-08 16:17:36.810,TravelML,TravelML_r1_pr2_pr1,STARTED,"Normal execution; DeltaTime: 0.100",2060102.44
1289,2025-09-08 16:17:36.811,TravelML,TravelML_r1_pr2_pr1,STARTED,"DeltaTime: 0.100",2060102.66
1290,2025-09-08 16:17:36.841,TravelML,TravelML_r1_pr2_pr1,COMPLETED,"Effects applied successfully",2060132.68
1291,2025-09-08 16:17:37.287,NailingHL,NailingHL_b2_pr1_r1,STARTED,"High-level execution with subtree: FF_Default_DynamicFlow_NailingHL_b2_pr1_r1; DeltaTime: 0.100",2060578.55
1292,2025-09-08 16:17:37.302,NailingML,NailingML_b2_pr1_r1_ng1,STARTED,"Normal execution; DeltaTime: 0.100",2060593.71
1293,2025-09-08 16:17:37.302,NailingML,NailingML_b2_pr1_r1_ng1,STARTED,"DeltaTime: 0.100",2060593.92
1294,2025-09-08 16:17:37.330,NailingML,NailingML_b2_pr1_r1_ng1,COMPLETED,"Effects applied successfully",2060622.06
1295,2025-09-08 16:17:37.333,NailingHL,NailingHL_b2_pr1_r1,COMPLETED,"Subtree execution completed successfully",2060625.00
1296,2025-09-08 16:17:37.701,NailingHL,NailingHL_b1_pr1_r1,STARTED,"High-level execution with subtree: FF_Default_DynamicFlow_NailingHL_b1_pr1_r1; DeltaTime: 0.100",2060993.12
1297,2025-09-08 16:17:40.184,NailingHL,NailingHL_b1_pr1_r1,FAILED,"Subtree execution failed",2063475.57
1298,2025-09-08 16:17:40.540,GluingBeamHL,GluingBeamHL_b10_pr2_r1_m2_lay1,STARTED,"High-level execution with subtree: FF_Default_DynamicFlow_GluingBeamHL_b10_pr2_r1_m2_lay1; DeltaTime: 0.100",2063831.54
1299,2025-09-08 16:17:43.149,GluingBeamHL,GluingBeamHL_b10_pr2_r1_m2_lay1,FAILED,"Subtree execution failed",2066441.48
1300,2025-09-08 16:17:43.522,GluingBeamHL,GluingBeamHL_b16_pr3_r1_m3_lay1,STARTED,"High-level execution with subtree: FF_Default_DynamicFlow_GluingBeamHL_b16_pr3_r1_m3_lay1; DeltaTime: 0.100",2066814.53
1301,2025-09-08 16:17:46.542,GluingBeamHL,GluingBeamHL_b16_pr3_r1_m3_lay1,FAILED,"Subtree execution failed",2069833.57
1302,2025-09-08 16:17:46.954,GluingBeamHL,GluingBeamHL_b22_pr4_r1_m4_lay1,STARTED,"High-level execution with subtree: FF_Default_DynamicFlow_GluingBeamHL_b22_pr4_r1_m4_lay1; DeltaTime: 0.100",2070245.56
1303,2025-09-08 16:17:49.518,GluingBeamHL,GluingBeamHL_b22_pr4_r1_m4_lay1,FAILED,"Subtree execution failed",2072809.83
1304,2025-09-08 16:17:50.266,NailingHL,NailingHL_b1_pr1_r1,STARTED,"High-level execution with subtree: FF_Default_DynamicFlow_NailingHL_b1_pr1_r1; DeltaTime: 0.100",2073557.66
1305,2025-09-08 16:17:50.281,NailingML,NailingML_b1_pr1_r1_ng1,STARTED,"Normal execution; DeltaTime: 0.100",2073573.06
1306,2025-09-08 16:17:50.281,NailingML,NailingML_b1_pr1_r1_ng1,STARTED,"DeltaTime: 0.100",2073573.30
1307,2025-09-08 16:17:50.311,NailingML,NailingML_b1_pr1_r1_ng1,COMPLETED,"Effects applied successfully",2073603.09
1308,2025-09-08 16:17:50.315,NailingHL,NailingHL_b1_pr1_r1,COMPLETED,"Subtree execution completed successfully",2073607.36
1309,2025-09-08 16:17:50.663,NailingHL,NailingHL_b3_pr1_r1,STARTED,"High-level execution with subtree: FF_Default_DynamicFlow_NailingHL_b3_pr1_r1; DeltaTime: 0.100",2073955.41
1310,2025-09-08 16:17:53.402,NailingHL,NailingHL_b3_pr1_r1,FAILED,"Subtree execution failed",2076693.67
1311,2025-09-08 16:17:57.684,GluingBeamHL,GluingBeamHL_b10_pr2_r1_m2_lay1,STARTED,"High-level execution with subtree: FF_Default_DynamicFlow_GluingBeamHL_b10_pr2_r1_m2_lay1; DeltaTime: 0.100",2080975.75
1312,2025-09-08 16:18:00.343,GluingBeamHL,GluingBeamHL_b10_pr2_r1_m2_lay1,FAILED,"Subtree execution failed",2083635.11
1313,2025-09-08 16:18:00.737,GluingBeamHL,GluingBeamHL_b16_pr3_r1_m3_lay1,STARTED,"High-level execution with subtree: FF_Default_DynamicFlow_GluingBeamHL_b16_pr3_r1_m3_lay1; DeltaTime: 0.100",2084029.10
1314,2025-09-08 16:18:03.311,GluingBeamHL,GluingBeamHL_b16_pr3_r1_m3_lay1,FAILED,"Subtree execution failed",2086602.59
1315,2025-09-08 16:18:03.736,GluingBeamHL,GluingBeamHL_b22_pr4_r1_m4_lay1,STARTED,"High-level execution with subtree: FF_Default_DynamicFlow_GluingBeamHL_b22_pr4_r1_m4_lay1; DeltaTime: 0.100",2087028.28
1316,2025-09-08 16:18:06.300,GluingBeamHL,GluingBeamHL_b22_pr4_r1_m4_lay1,FAILED,"Subtree execution failed",2089591.77
1317,2025-09-08 16:18:58.352,NailingHL,NailingHL_b3_pr1_r1,STARTED,"High-level execution with subtree: FF_Default_DynamicFlow_NailingHL_b3_pr1_r1; DeltaTime: 0.100",2141644.43
1318,2025-09-08 16:18:58.367,NailingML,NailingML_b3_pr1_r1_ng1,STARTED,"Normal execution; DeltaTime: 0.100",2141658.83
1319,2025-09-08 16:18:58.367,NailingML,NailingML_b3_pr1_r1_ng1,STARTED,"DeltaTime: 0.100",2141659.08
1320,2025-09-08 16:18:58.400,NailingML,NailingML_b3_pr1_r1_ng1,COMPLETED,"Effects applied successfully",2141691.63
1321,2025-09-08 16:18:58.403,NailingHL,NailingHL_b3_pr1_r1,COMPLETED,"Subtree execution completed successfully",2141694.63
1322,2025-09-08 16:18:58.786,NailingHL,NailingHL_b5_pr1_r1,STARTED,"High-level execution with subtree: FF_Default_DynamicFlow_NailingHL_b5_pr1_r1; DeltaTime: 0.100",2142078.09
1323,2025-09-08 16:19:01.518,NailingHL,NailingHL_b5_pr1_r1,FAILED,"Subtree execution failed",2144810.04
1324,2025-09-08 16:19:01.839,GluingBeamHL,GluingBeamHL_b10_pr2_r1_m2_lay1,STARTED,"High-level execution with subtree: FF_Default_DynamicFlow_GluingBeamHL_b10_pr2_r1_m2_lay1; DeltaTime: 0.100",2145131.01
1325,2025-09-08 16:19:04.379,GluingBeamHL,GluingBeamHL_b10_pr2_r1_m2_lay1,FAILED,"Subtree execution failed",2147671.14
1326,2025-09-08 16:19:04.739,GluingBeamHL,GluingBeamHL_b16_pr3_r1_m3_lay1,STARTED,"High-level execution with subtree: FF_Default_DynamicFlow_GluingBeamHL_b16_pr3_r1_m3_lay1; DeltaTime: 0.100",2148030.73
1327,2025-09-08 16:19:07.340,GluingBeamHL,GluingBeamHL_b16_pr3_r1_m3_lay1,FAILED,"Subtree execution failed",2150632.35
1328,2025-09-08 16:19:07.763,GluingBeamHL,GluingBeamHL_b22_pr4_r1_m4_lay1,STARTED,"High-level execution with subtree: FF_Default_DynamicFlow_GluingBeamHL_b22_pr4_r1_m4_lay1; DeltaTime: 0.100",2151054.66
1329,2025-09-08 16:19:10.371,GluingBeamHL,GluingBeamHL_b22_pr4_r1_m4_lay1,FAILED,"Subtree execution failed",2153662.81
1330,2025-09-08 16:19:11.133,NailingHL,NailingHL_b5_pr1_r1,STARTED,"High-level execution with subtree: FF_Default_DynamicFlow_NailingHL_b5_pr1_r1; DeltaTime: 0.100",2154424.62
1331,2025-09-08 16:19:11.147,NailingML,NailingML_b5_pr1_r1_ng1,STARTED,"Normal execution; DeltaTime: 0.100",2154439.44
1332,2025-09-08 16:19:11.148,NailingML,NailingML_b5_pr1_r1_ng1,STARTED,"DeltaTime: 0.100",2154439.71
1333,2025-09-08 16:19:11.175,NailingML,NailingML_b5_pr1_r1_ng1,COMPLETED,"Effects applied successfully",2154466.91
1334,2025-09-08 16:19:11.178,NailingHL,NailingHL_b5_pr1_r1,COMPLETED,"Subtree execution completed successfully",2154470.36
1335,2025-09-08 16:19:11.542,NailingHL,NailingHL_b4_pr1_r1,STARTED,"High-level execution with subtree: FF_Default_DynamicFlow_NailingHL_b4_pr1_r1; DeltaTime: 0.100",2154833.64
1336,2025-09-08 16:19:14.057,NailingHL,NailingHL_b4_pr1_r1,FAILED,"Subtree execution failed",2157348.71
1337,2025-09-08 16:19:57.817,GluingBeamHL,GluingBeamHL_b10_pr2_r1_m2_lay1,STARTED,"High-level execution with subtree: FF_Default_DynamicFlow_GluingBeamHL_b10_pr2_r1_m2_lay1; DeltaTime: 0.100",2201109.36
1338,2025-09-08 16:20:00.518,GluingBeamHL,GluingBeamHL_b10_pr2_r1_m2_lay1,FAILED,"Subtree execution failed",2203809.73
1339,2025-09-08 16:20:00.887,GluingBeamHL,GluingBeamHL_b16_pr3_r1_m3_lay1,STARTED,"High-level execution with subtree: FF_Default_DynamicFlow_GluingBeamHL_b16_pr3_r1_m3_lay1; DeltaTime: 0.100",2204178.85
1340,2025-09-08 16:20:03.428,GluingBeamHL,GluingBeamHL_b16_pr3_r1_m3_lay1,FAILED,"Subtree execution failed",2206720.08
1341,2025-09-08 16:20:03.873,GluingBeamHL,GluingBeamHL_b22_pr4_r1_m4_lay1,STARTED,"High-level execution with subtree: FF_Default_DynamicFlow_GluingBeamHL_b22_pr4_r1_m4_lay1; DeltaTime: 0.100",2207164.96
1342,2025-09-08 16:20:06.426,GluingBeamHL,GluingBeamHL_b22_pr4_r1_m4_lay1,FAILED,"Subtree execution failed",2209717.75
1343,2025-09-08 16:20:07.185,NailingHL,NailingHL_b4_pr1_r1,STARTED,"High-level execution with subtree: FF_Default_DynamicFlow_NailingHL_b4_pr1_r1; DeltaTime: 0.100",2210476.63
1344,2025-09-08 16:20:07.198,NailingML,NailingML_b4_pr1_r1_ng1,STARTED,"Normal execution; DeltaTime: 0.100",2210489.88
1345,2025-09-08 16:20:07.198,NailingML,NailingML_b4_pr1_r1_ng1,STARTED,"DeltaTime: 0.100",2210490.19
1346,2025-09-08 16:20:07.227,NailingML,NailingML_b4_pr1_r1_ng1,COMPLETED,"Effects applied successfully",2210519.24
1347,2025-09-08 16:20:07.230,NailingHL,NailingHL_b4_pr1_r1,COMPLETED,"Subtree execution completed successfully",2210522.16
1348,2025-09-08 16:20:07.605,NailingHL,NailingHL_b6_pr1_r1,STARTED,"High-level execution with subtree: FF_Default_DynamicFlow_NailingHL_b6_pr1_r1; DeltaTime: 0.100",2210897.49
1349,2025-09-08 16:20:10.160,NailingHL,NailingHL_b6_pr1_r1,FAILED,"Subtree execution failed",2213452.21
1350,2025-09-08 16:20:10.518,GluingBeamHL,GluingBeamHL_b10_pr2_r1_m2_lay1,STARTED,"High-level execution with subtree: FF_Default_DynamicFlow_GluingBeamHL_b10_pr2_r1_m2_lay1; DeltaTime: 0.100",2213809.82
1351,2025-09-08 16:20:13.040,GluingBeamHL,GluingBeamHL_b10_pr2_r1_m2_lay1,FAILED,"Subtree execution failed",2216332.29
1352,2025-09-08 16:20:13.416,GluingBeamHL,GluingBeamHL_b16_pr3_r1_m3_lay1,STARTED,"High-level execution with subtree: FF_Default_DynamicFlow_GluingBeamHL_b16_pr3_r1_m3_lay1; DeltaTime: 0.100",2216708.08
1353,2025-09-08 16:20:15.931,GluingBeamHL,GluingBeamHL_b16_pr3_r1_m3_lay1,FAILED,"Subtree execution failed",2219222.93
1354,2025-09-08 16:20:16.318,GluingBeamHL,GluingBeamHL_b22_pr4_r1_m4_lay1,STARTED,"High-level execution with subtree: FF_Default_DynamicFlow_GluingBeamHL_b22_pr4_r1_m4_lay1; DeltaTime: 0.100",2219610.24
1355,2025-09-08 16:20:18.977,GluingBeamHL,GluingBeamHL_b22_pr4_r1_m4_lay1,FAILED,"Subtree execution failed",2222269.44
1356,2025-09-08 16:20:58.298,NailingHL,NailingHL_b6_pr1_r1,STARTED,"High-level execution with subtree: FF_Default_DynamicFlow_NailingHL_b6_pr1_r1; DeltaTime: 0.100",2261589.97
1357,2025-09-08 16:20:58.311,NailingML,NailingML_b6_pr1_r1_ng1,STARTED,"Normal execution; DeltaTime: 0.100",2261603.02
1358,2025-09-08 16:20:58.311,NailingML,NailingML_b6_pr1_r1_ng1,STARTED,"DeltaTime: 0.100",2261603.22
1359,2025-09-08 16:20:58.339,NailingML,NailingML_b6_pr1_r1_ng1,COMPLETED,"Effects applied successfully",2261631.31
1360,2025-09-08 16:20:58.343,NailingHL,NailingHL_b6_pr1_r1,COMPLETED,"Subtree execution completed successfully",2261634.55
1361,2025-09-08 16:20:58.713,GluingBeamHL,GluingBeamHL_b4_pr1_r1_m1_lay1,STARTED,"High-level execution with subtree: FF_Default_DynamicFlow_GluingBeamHL_b4_pr1_r1_m1_lay1; DeltaTime: 0.100",2262004.56
1362,2025-09-08 16:21:01.843,GluingBeamHL,GluingBeamHL_b4_pr1_r1_m1_lay1,FAILED,"Subtree execution failed",2265135.33
1363,2025-09-08 16:21:02.186,GluingBeamHL,GluingBeamHL_b10_pr2_r1_m2_lay1,STARTED,"High-level execution with subtree: FF_Default_DynamicFlow_GluingBeamHL_b10_pr2_r1_m2_lay1; DeltaTime: 0.100",2265477.64
1364,2025-09-08 16:21:04.850,GluingBeamHL,GluingBeamHL_b10_pr2_r1_m2_lay1,FAILED,"Subtree execution failed",2268142.32
1365,2025-09-08 16:21:05.228,GluingBeamHL,GluingBeamHL_b16_pr3_r1_m3_lay1,STARTED,"High-level execution with subtree: FF_Default_DynamicFlow_GluingBeamHL_b16_pr3_r1_m3_lay1; DeltaTime: 0.100",2268520.14
1366,2025-09-08 16:21:07.761,GluingBeamHL,GluingBeamHL_b16_pr3_r1_m3_lay1,FAILED,"Subtree execution failed",2271053.50
1367,2025-09-08 16:21:08.184,GluingBeamHL,GluingBeamHL_b22_pr4_r1_m4_lay1,STARTED,"High-level execution with subtree: FF_Default_DynamicFlow_GluingBeamHL_b22_pr4_r1_m4_lay1; DeltaTime: 0.100",2271476.15
1368,2025-09-08 16:21:10.822,TravelML,TravelML_r1_pr1_ep3,STARTED,"Normal execution; DeltaTime: 0.100",2274114.05
1369,2025-09-08 16:21:10.822,TravelML,TravelML_r1_pr1_ep3,STARTED,"DeltaTime: 0.100",2274114.25
1370,2025-09-08 16:21:10.851,TravelML,TravelML_r1_pr1_ep3,COMPLETED,"Effects applied successfully",2274143.18
1371,2025-09-08 16:21:11.285,GluingBeamHL,GluingBeamHL_b22_pr4_r1_m4_lay1,STARTED,"High-level execution with subtree: FF_Default_DynamicFlow_GluingBeamHL_b22_pr4_r1_m4_lay1; DeltaTime: 0.100",2274576.68
1372,2025-09-08 16:21:11.320,CloseToolML,CloseToolML_r1_ng1,STARTED,"Normal execution; DeltaTime: 0.100",2274612.15
1373,2025-09-08 16:21:11.320,CloseToolML,CloseToolML_r1_ng1,STARTED,"DeltaTime: 0.100",2274612.35
1374,2025-09-08 16:21:11.347,CloseToolML,CloseToolML_r1_ng1,COMPLETED,"Effects applied successfully",2274638.78
1375,2025-09-08 16:21:11.775,GluingBeamHL,GluingBeamHL_b22_pr4_r1_m4_lay1,STARTED,"High-level execution with subtree: FF_Default_DynamicFlow_GluingBeamHL_b22_pr4_r1_m4_lay1; DeltaTime: 0.100",2275066.56
1376,2025-09-08 16:21:11.809,DeequipML,DeequipML_r1_ng1_ep3,STARTED,"Normal execution; DeltaTime: 0.100",2275100.99
1377,2025-09-08 16:21:11.809,DeequipML,DeequipML_r1_ng1_ep3,STARTED,"DeltaTime: 0.100",2275101.18
1378,2025-09-08 16:21:11.841,DeequipML,DeequipML_r1_ng1_ep3,COMPLETED,"Effects applied successfully",2275133.21
1379,2025-09-08 16:21:57.970,GluingBeamHL,GluingBeamHL_b22_pr4_r1_m4_lay1,STARTED,"High-level execution with subtree: FF_Default_DynamicFlow_GluingBeamHL_b22_pr4_r1_m4_lay1; DeltaTime: 0.100",2321262.36
1380,2025-09-08 16:21:58.003,TravelML,TravelML_r1_ep3_ep2,STARTED,"Normal execution; DeltaTime: 0.100",2321294.69
1381,2025-09-08 16:21:58.003,TravelML,TravelML_r1_ep3_ep2,STARTED,"DeltaTime: 0.100",2321294.87
1382,2025-09-08 16:21:58.036,TravelML,TravelML_r1_ep3_ep2,COMPLETED,"Effects applied successfully",2321328.03
1383,2025-09-08 16:21:58.482,GluingBeamHL,GluingBeamHL_b22_pr4_r1_m4_lay1,STARTED,"High-level execution with subtree: FF_Default_DynamicFlow_GluingBeamHL_b22_pr4_r1_m4_lay1; DeltaTime: 0.100",2321774.10
1384,2025-09-08 16:21:58.516,EquipeML,EquipeML_r1_gg1_ep2,STARTED,"Normal execution; DeltaTime: 0.100",2321808.46
1385,2025-09-08 16:21:58.517,EquipeML,EquipeML_r1_gg1_ep2,STARTED,"DeltaTime: 0.100",2321808.72
1386,2025-09-08 16:21:58.551,EquipeML,EquipeML_r1_gg1_ep2,COMPLETED,"Effects applied successfully",2321842.77
1387,2025-09-08 16:21:59.002,GluingBeamHL,GluingBeamHL_b22_pr4_r1_m4_lay1,STARTED,"High-level execution with subtree: FF_Default_DynamicFlow_GluingBeamHL_b22_pr4_r1_m4_lay1; DeltaTime: 0.100",2322294.02
1388,2025-09-08 16:21:59.039,TravelML,TravelML_r1_ep2_pr4,STARTED,"Normal execution; DeltaTime: 0.100",2322330.90
1389,2025-09-08 16:21:59.039,TravelML,TravelML_r1_ep2_pr4,STARTED,"DeltaTime: 0.100",2322331.12
1390,2025-09-08 16:21:59.074,TravelML,TravelML_r1_ep2_pr4,COMPLETED,"Effects applied successfully",2322365.55
1391,2025-09-08 16:21:59.522,GluingBeamHL,GluingBeamHL_b22_pr4_r1_m4_lay1,STARTED,"High-level execution with subtree: FF_Default_DynamicFlow_GluingBeamHL_b22_pr4_r1_m4_lay1; DeltaTime: 0.100",2322813.86
1392,2025-09-08 16:21:59.555,InitializeML,InitializeML_r1_gg1,STARTED,"Normal execution; DeltaTime: 0.100",2322846.77
1393,2025-09-08 16:21:59.555,InitializeML,InitializeML_r1_gg1,STARTED,"DeltaTime: 0.100",2322846.98
1394,2025-09-08 16:21:59.582,InitializeML,InitializeML_r1_gg1,COMPLETED,"Effects applied successfully",2322874.46
1395,2025-09-08 16:22:00.024,GluingBeamHL,GluingBeamHL_b22_pr4_r1_m4_lay1,STARTED,"High-level execution with subtree: FF_Default_DynamicFlow_GluingBeamHL_b22_pr4_r1_m4_lay1; DeltaTime: 0.100",2323315.94
1396,2025-09-08 16:22:00.058,GluingML,GluingML_b22_pr4_r1_gg1,STARTED,"Normal execution; DeltaTime: 0.100",2323350.12
1397,2025-09-08 16:22:00.058,GluingML,GluingML_b22_pr4_r1_gg1,STARTED,"DeltaTime: 0.100",2323350.33
1398,2025-09-08 16:22:00.086,GluingML,GluingML_b22_pr4_r1_gg1,COMPLETED,"Effects applied successfully",2323377.90
1399,2025-09-08 16:22:00.090,GluingBeamHL,GluingBeamHL_b22_pr4_r1_m4_lay1,COMPLETED,"Subtree execution completed successfully",2323381.97
1400,2025-09-08 16:22:00.428,GluingBeamHL,GluingBeamHL_b24_pr4_r1_m4_lay1,STARTED,"High-level execution with subtree: FF_Default_DynamicFlow_GluingBeamHL_b24_pr4_r1_m4_lay1; DeltaTime: 0.100",2323720.09
1401,2025-09-08 16:22:03.095,GluingBeamHL,GluingBeamHL_b24_pr4_r1_m4_lay1,FAILED,"Subtree execution failed",2326386.88
1402,2025-09-08 16:22:03.603,GluingBeamHL,GluingBeamHL_b4_pr1_r1_m1_lay1,STARTED,"High-level execution with subtree: FF_Default_DynamicFlow_GluingBeamHL_b4_pr1_r1_m1_lay1; DeltaTime: 0.100",2326895.47
1403,2025-09-08 16:22:06.262,GluingBeamHL,GluingBeamHL_b4_pr1_r1_m1_lay1,FAILED,"Subtree execution failed",2329554.33
1404,2025-09-08 16:22:06.595,GluingBeamHL,GluingBeamHL_b10_pr2_r1_m2_lay1,STARTED,"High-level execution with subtree: FF_Default_DynamicFlow_GluingBeamHL_b10_pr2_r1_m2_lay1; DeltaTime: 0.100",2329887.29
1405,2025-09-08 16:22:09.099,GluingBeamHL,GluingBeamHL_b10_pr2_r1_m2_lay1,FAILED,"Subtree execution failed",2332390.97
1406,2025-09-08 16:22:09.453,GluingBeamHL,GluingBeamHL_b16_pr3_r1_m3_lay1,STARTED,"High-level execution with subtree: FF_Default_DynamicFlow_GluingBeamHL_b16_pr3_r1_m3_lay1; DeltaTime: 0.100",2332745.49
1407,2025-09-08 16:22:12.191,GluingBeamHL,GluingBeamHL_b16_pr3_r1_m3_lay1,FAILED,"Subtree execution failed",2335483.52
1408,2025-09-08 16:22:12.599,GluingBeamHL,GluingBeamHL_b24_pr4_r1_m4_lay1,STARTED,"High-level execution with subtree: FF_Default_DynamicFlow_GluingBeamHL_b24_pr4_r1_m4_lay1; DeltaTime: 0.100",2335890.76
1409,2025-09-08 16:22:12.611,GluingML,GluingML_b24_pr4_r1_gg1,STARTED,"Normal execution; DeltaTime: 0.100",2335903.53
1410,2025-09-08 16:22:12.612,GluingML,GluingML_b24_pr4_r1_gg1,STARTED,"DeltaTime: 0.100",2335903.74
1411,2025-09-08 16:22:12.640,GluingML,GluingML_b24_pr4_r1_gg1,COMPLETED,"Effects applied successfully",2335931.58
1412,2025-09-08 16:22:12.642,GluingBeamHL,GluingBeamHL_b24_pr4_r1_m4_lay1,COMPLETED,"Subtree execution completed successfully",2335934.47
1413,2025-09-08 16:22:13.003,GluingBeamHL,GluingBeamHL_b21_pr4_r1_m4_lay1,STARTED,"High-level execution with subtree: FF_Default_DynamicFlow_GluingBeamHL_b21_pr4_r1_m4_lay1; DeltaTime: 0.100",2336294.53
1414,2025-09-08 16:22:15.480,GluingBeamHL,GluingBeamHL_b21_pr4_r1_m4_lay1,FAILED,"Subtree execution failed",2338772.19
1415,2025-09-08 16:22:16.012,GluingBeamHL,GluingBeamHL_b4_pr1_r1_m1_lay1,STARTED,"High-level execution with subtree: FF_Default_DynamicFlow_GluingBeamHL_b4_pr1_r1_m1_lay1; DeltaTime: 0.100",2339303.88
1416,2025-09-08 16:22:18.543,GluingBeamHL,GluingBeamHL_b4_pr1_r1_m1_lay1,FAILED,"Subtree execution failed",2341835.36
1417,2025-09-08 16:22:18.893,GluingBeamHL,GluingBeamHL_b10_pr2_r1_m2_lay1,STARTED,"High-level execution with subtree: FF_Default_DynamicFlow_GluingBeamHL_b10_pr2_r1_m2_lay1; DeltaTime: 0.100",2342185.01
1418,2025-09-08 16:22:21.652,GluingBeamHL,GluingBeamHL_b10_pr2_r1_m2_lay1,FAILED,"Subtree execution failed",2344943.77
1419,2025-09-08 16:22:22.028,GluingBeamHL,GluingBeamHL_b16_pr3_r1_m3_lay1,STARTED,"High-level execution with subtree: FF_Default_DynamicFlow_GluingBeamHL_b16_pr3_r1_m3_lay1; DeltaTime: 0.100",2345319.70
1420,2025-09-08 16:22:24.557,GluingBeamHL,GluingBeamHL_b16_pr3_r1_m3_lay1,FAILED,"Subtree execution failed",2347849.10
1421,2025-09-08 16:22:24.996,GluingBeamHL,GluingBeamHL_b21_pr4_r1_m4_lay1,STARTED,"High-level execution with subtree: FF_Default_DynamicFlow_GluingBeamHL_b21_pr4_r1_m4_lay1; DeltaTime: 0.100",2348287.81
1422,2025-09-08 16:22:25.009,GluingML,GluingML_b21_pr4_r1_gg1,STARTED,"Normal execution; DeltaTime: 0.100",2348300.90
1423,2025-09-08 16:22:25.009,GluingML,GluingML_b21_pr4_r1_gg1,STARTED,"DeltaTime: 0.100",2348301.11
1424,2025-09-08 16:22:25.037,GluingML,GluingML_b21_pr4_r1_gg1,COMPLETED,"Effects applied successfully",2348328.82
1425,2025-09-08 16:22:25.040,GluingBeamHL,GluingBeamHL_b21_pr4_r1_m4_lay1,COMPLETED,"Subtree execution completed successfully",2348332.27
1426,2025-09-08 16:22:25.377,GluingBeamHL,GluingBeamHL_b20_pr4_r1_m4_lay1,STARTED,"High-level execution with subtree: FF_Default_DynamicFlow_GluingBeamHL_b20_pr4_r1_m4_lay1; DeltaTime: 0.100",2348669.35
1427,2025-09-08 16:22:27.956,GluingBeamHL,GluingBeamHL_b20_pr4_r1_m4_lay1,FAILED,"Subtree execution failed",2351247.57
1428,2025-09-08 16:22:28.476,GluingBeamHL,GluingBeamHL_b4_pr1_r1_m1_lay1,STARTED,"High-level execution with subtree: FF_Default_DynamicFlow_GluingBeamHL_b4_pr1_r1_m1_lay1; DeltaTime: 0.100",2351768.04
1429,2025-09-08 16:22:30.979,GluingBeamHL,GluingBeamHL_b4_pr1_r1_m1_lay1,FAILED,"Subtree execution failed",2354271.24
1430,2025-09-08 16:22:31.324,GluingBeamHL,GluingBeamHL_b10_pr2_r1_m2_lay1,STARTED,"High-level execution with subtree: FF_Default_DynamicFlow_GluingBeamHL_b10_pr2_r1_m2_lay1; DeltaTime: 0.100",2354615.73
1431,2025-09-08 16:22:34.045,GluingBeamHL,GluingBeamHL_b10_pr2_r1_m2_lay1,FAILED,"Subtree execution failed",2357337.19
1432,2025-09-08 16:22:34.417,GluingBeamHL,GluingBeamHL_b16_pr3_r1_m3_lay1,STARTED,"High-level execution with subtree: FF_Default_DynamicFlow_GluingBeamHL_b16_pr3_r1_m3_lay1; DeltaTime: 0.100",2357709.22
1433,2025-09-08 16:22:36.943,GluingBeamHL,GluingBeamHL_b16_pr3_r1_m3_lay1,FAILED,"Subtree execution failed",2360234.93
1434,2025-09-08 16:22:37.358,GluingBeamHL,GluingBeamHL_b20_pr4_r1_m4_lay1,STARTED,"High-level execution with subtree: FF_Default_DynamicFlow_GluingBeamHL_b20_pr4_r1_m4_lay1; DeltaTime: 0.100",2360650.15
1435,2025-09-08 16:22:37.372,GluingML,GluingML_b20_pr4_r1_gg1,STARTED,"Normal execution; DeltaTime: 0.100",2360663.95
1436,2025-09-08 16:22:37.372,GluingML,GluingML_b20_pr4_r1_gg1,STARTED,"DeltaTime: 0.100",2360664.18
1437,2025-09-08 16:22:37.400,GluingML,GluingML_b20_pr4_r1_gg1,COMPLETED,"Effects applied successfully",2360692.14
1438,2025-09-08 16:22:37.403,GluingBeamHL,GluingBeamHL_b20_pr4_r1_m4_lay1,COMPLETED,"Subtree execution completed successfully",2360695.00
1439,2025-09-08 16:22:37.740,GluingBeamHL,GluingBeamHL_b19_pr4_r1_m4_lay1,STARTED,"High-level execution with subtree: FF_Default_DynamicFlow_GluingBeamHL_b19_pr4_r1_m4_lay1; DeltaTime: 0.100",2361031.66
1440,2025-09-08 16:22:40.210,GluingBeamHL,GluingBeamHL_b19_pr4_r1_m4_lay1,FAILED,"Subtree execution failed",2363502.08
1441,2025-09-08 16:22:40.745,GluingBeamHL,GluingBeamHL_b4_pr1_r1_m1_lay1,STARTED,"High-level execution with subtree: FF_Default_DynamicFlow_GluingBeamHL_b4_pr1_r1_m1_lay1; DeltaTime: 0.100",2364036.87
1442,2025-09-08 16:22:43.248,GluingBeamHL,GluingBeamHL_b4_pr1_r1_m1_lay1,FAILED,"Subtree execution failed",2366540.18
1443,2025-09-08 16:22:43.588,GluingBeamHL,GluingBeamHL_b10_pr2_r1_m2_lay1,STARTED,"High-level execution with subtree: FF_Default_DynamicFlow_GluingBeamHL_b10_pr2_r1_m2_lay1; DeltaTime: 0.100",2366879.63
1444,2025-09-08 16:22:46.292,GluingBeamHL,GluingBeamHL_b10_pr2_r1_m2_lay1,FAILED,"Subtree execution failed",2369583.59
1445,2025-09-08 16:22:46.671,GluingBeamHL,GluingBeamHL_b16_pr3_r1_m3_lay1,STARTED,"High-level execution with subtree: FF_Default_DynamicFlow_GluingBeamHL_b16_pr3_r1_m3_lay1; DeltaTime: 0.100",2369963.29
1446,2025-09-08 16:22:49.175,GluingBeamHL,GluingBeamHL_b16_pr3_r1_m3_lay1,FAILED,"Subtree execution failed",2372467.43
1447,2025-09-08 16:22:49.596,GluingBeamHL,GluingBeamHL_b19_pr4_r1_m4_lay1,STARTED,"High-level execution with subtree: FF_Default_DynamicFlow_GluingBeamHL_b19_pr4_r1_m4_lay1; DeltaTime: 0.100",2372887.74
1448,2025-09-08 16:22:49.610,GluingML,GluingML_b19_pr4_r1_gg1,STARTED,"Normal execution; DeltaTime: 0.100",2372901.95
1449,2025-09-08 16:22:49.610,GluingML,GluingML_b19_pr4_r1_gg1,STARTED,"DeltaTime: 0.100",2372902.18
1450,2025-09-08 16:22:49.642,GluingML,GluingML_b19_pr4_r1_gg1,COMPLETED,"Effects applied successfully",2372934.01
1451,2025-09-08 16:22:49.645,GluingBeamHL,GluingBeamHL_b19_pr4_r1_m4_lay1,COMPLETED,"Subtree execution completed successfully",2372936.89
1452,2025-09-08 16:22:49.982,GluingBeamHL,GluingBeamHL_b23_pr4_r1_m4_lay1,STARTED,"High-level execution with subtree: FF_Default_DynamicFlow_GluingBeamHL_b23_pr4_r1_m4_lay1; DeltaTime: 0.100",2373274.07
1453,2025-09-08 16:22:52.503,GluingBeamHL,GluingBeamHL_b23_pr4_r1_m4_lay1,FAILED,"Subtree execution failed",2375795.05
1454,2025-09-08 16:22:53.053,GluingBeamHL,GluingBeamHL_b4_pr1_r1_m1_lay1,STARTED,"High-level execution with subtree: FF_Default_DynamicFlow_GluingBeamHL_b4_pr1_r1_m1_lay1; DeltaTime: 0.100",2376344.85
1455,2025-09-08 16:22:55.592,GluingBeamHL,GluingBeamHL_b4_pr1_r1_m1_lay1,FAILED,"Subtree execution failed",2378883.61
1456,2025-09-08 16:22:55.932,GluingBeamHL,GluingBeamHL_b10_pr2_r1_m2_lay1,STARTED,"High-level execution with subtree: FF_Default_DynamicFlow_GluingBeamHL_b10_pr2_r1_m2_lay1; DeltaTime: 0.100",2379224.06
1457,2025-09-08 16:22:58.864,GluingBeamHL,GluingBeamHL_b10_pr2_r1_m2_lay1,FAILED,"Subtree execution failed",2382156.28
1458,2025-09-08 16:22:59.240,GluingBeamHL,GluingBeamHL_b16_pr3_r1_m3_lay1,STARTED,"High-level execution with subtree: FF_Default_DynamicFlow_GluingBeamHL_b16_pr3_r1_m3_lay1; DeltaTime: 0.100",2382532.38
1459,2025-09-08 16:23:01.950,GluingBeamHL,GluingBeamHL_b16_pr3_r1_m3_lay1,FAILED,"Subtree execution failed",2385242.50
1460,2025-09-08 16:23:02.362,GluingBeamHL,GluingBeamHL_b23_pr4_r1_m4_lay1,STARTED,"High-level execution with subtree: FF_Default_DynamicFlow_GluingBeamHL_b23_pr4_r1_m4_lay1; DeltaTime: 0.100",2385653.64
1461,2025-09-08 16:23:02.375,GluingML,GluingML_b23_pr4_r1_gg1,STARTED,"Normal execution; DeltaTime: 0.100",2385667.12
1462,2025-09-08 16:23:02.375,GluingML,GluingML_b23_pr4_r1_gg1,STARTED,"DeltaTime: 0.100",2385667.34
1463,2025-09-08 16:23:02.403,GluingML,GluingML_b23_pr4_r1_gg1,COMPLETED,"Effects applied successfully",2385695.41
1464,2025-09-08 16:23:02.406,GluingBeamHL,GluingBeamHL_b23_pr4_r1_m4_lay1,COMPLETED,"Subtree execution completed successfully",2385698.33
1465,2025-09-08 16:23:02.769,PickUpHL,PickUpHL_tp4_fp29_r1,STARTED,"High-level execution with subtree: FF_Default_DynamicFlow_PickUpHL_tp4_fp29_r1; DeltaTime: 0.100",2386061.44
1466,2025-09-08 16:23:05.274,PickUpHL,PickUpHL_tp4_fp29_r1,FAILED,"Subtree execution failed",2388565.77
1467,2025-09-08 16:23:05.778,GluingBeamHL,GluingBeamHL_b4_pr1_r1_m1_lay1,STARTED,"High-level execution with subtree: FF_Default_DynamicFlow_GluingBeamHL_b4_pr1_r1_m1_lay1; DeltaTime: 0.100",2389070.36
1468,2025-09-08 16:23:08.302,GluingBeamHL,GluingBeamHL_b4_pr1_r1_m1_lay1,FAILED,"Subtree execution failed",2391593.69
1469,2025-09-08 16:23:08.642,GluingBeamHL,GluingBeamHL_b10_pr2_r1_m2_lay1,STARTED,"High-level execution with subtree: FF_Default_DynamicFlow_GluingBeamHL_b10_pr2_r1_m2_lay1; DeltaTime: 0.100",2391934.25
1470,2025-09-08 16:23:11.192,GluingBeamHL,GluingBeamHL_b10_pr2_r1_m2_lay1,FAILED,"Subtree execution failed",2394484.34
1471,2025-09-08 16:23:11.578,GluingBeamHL,GluingBeamHL_b16_pr3_r1_m3_lay1,STARTED,"High-level execution with subtree: FF_Default_DynamicFlow_GluingBeamHL_b16_pr3_r1_m3_lay1; DeltaTime: 0.100",2394869.66
1472,2025-09-08 16:23:14.151,TravelML,TravelML_r1_pr4_pr3,STARTED,"Normal execution; DeltaTime: 0.100",2397443.11
1473,2025-09-08 16:23:14.151,TravelML,TravelML_r1_pr4_pr3,STARTED,"DeltaTime: 0.100",2397443.32
1474,2025-09-08 16:23:14.180,TravelML,TravelML_r1_pr4_pr3,COMPLETED,"Effects applied successfully",2397472.40
1475,2025-09-08 16:23:14.606,GluingBeamHL,GluingBeamHL_b16_pr3_r1_m3_lay1,STARTED,"High-level execution with subtree: FF_Default_DynamicFlow_GluingBeamHL_b16_pr3_r1_m3_lay1; DeltaTime: 0.100",2397897.71
1476,2025-09-08 16:23:14.621,GluingML,GluingML_b16_pr3_r1_gg1,STARTED,"Normal execution; DeltaTime: 0.100",2397912.80
1477,2025-09-08 16:23:14.621,GluingML,GluingML_b16_pr3_r1_gg1,STARTED,"DeltaTime: 0.100",2397913.00
1478,2025-09-08 16:23:14.648,GluingML,GluingML_b16_pr3_r1_gg1,COMPLETED,"Effects applied successfully",2397940.09
1479,2025-09-08 16:23:14.651,GluingBeamHL,GluingBeamHL_b16_pr3_r1_m3_lay1,COMPLETED,"Subtree execution completed successfully",2397943.08
1480,2025-09-08 16:23:14.989,GluingBeamHL,GluingBeamHL_b18_pr3_r1_m3_lay1,STARTED,"High-level execution with subtree: FF_Default_DynamicFlow_GluingBeamHL_b18_pr3_r1_m3_lay1; DeltaTime: 0.100",2398281.17
1481,2025-09-08 16:23:17.687,GluingBeamHL,GluingBeamHL_b18_pr3_r1_m3_lay1,FAILED,"Subtree execution failed",2400978.92
1482,2025-09-08 16:23:17.997,PickUpHL,PickUpHL_tp4_fp29_r1,STARTED,"High-level execution with subtree: FF_Default_DynamicFlow_PickUpHL_tp4_fp29_r1; DeltaTime: 0.100",2401288.58
1483,2025-09-08 16:23:20.517,PickUpHL,PickUpHL_tp4_fp29_r1,FAILED,"Subtree execution failed",2403809.19
1484,2025-09-08 16:23:21.031,GluingBeamHL,GluingBeamHL_b4_pr1_r1_m1_lay1,STARTED,"High-level execution with subtree: FF_Default_DynamicFlow_GluingBeamHL_b4_pr1_r1_m1_lay1; DeltaTime: 0.100",2404322.81
1485,2025-09-08 16:23:23.543,GluingBeamHL,GluingBeamHL_b4_pr1_r1_m1_lay1,FAILED,"Subtree execution failed",2406835.39
1486,2025-09-08 16:23:23.893,GluingBeamHL,GluingBeamHL_b10_pr2_r1_m2_lay1,STARTED,"High-level execution with subtree: FF_Default_DynamicFlow_GluingBeamHL_b10_pr2_r1_m2_lay1; DeltaTime: 0.100",2407185.07
1487,2025-09-08 16:23:26.405,GluingBeamHL,GluingBeamHL_b10_pr2_r1_m2_lay1,FAILED,"Subtree execution failed",2409697.36
1488,2025-09-08 16:23:26.822,GluingBeamHL,GluingBeamHL_b18_pr3_r1_m3_lay1,STARTED,"High-level execution with subtree: FF_Default_DynamicFlow_GluingBeamHL_b18_pr3_r1_m3_lay1; DeltaTime: 0.100",2410114.53
1489,2025-09-08 16:23:26.836,GluingML,GluingML_b18_pr3_r1_gg1,STARTED,"Normal execution; DeltaTime: 0.100",2410127.58
1490,2025-09-08 16:23:26.836,GluingML,GluingML_b18_pr3_r1_gg1,STARTED,"DeltaTime: 0.100",2410127.78
1491,2025-09-08 16:23:26.864,GluingML,GluingML_b18_pr3_r1_gg1,COMPLETED,"Effects applied successfully",2410155.80
1492,2025-09-08 16:23:26.867,GluingBeamHL,GluingBeamHL_b18_pr3_r1_m3_lay1,COMPLETED,"Subtree execution completed successfully",2410159.06
1493,2025-09-08 16:23:27.196,GluingBeamHL,GluingBeamHL_b15_pr3_r1_m3_lay1,STARTED,"High-level execution with subtree: FF_Default_DynamicFlow_GluingBeamHL_b15_pr3_r1_m3_lay1; DeltaTime: 0.100",2410488.28
1494,2025-09-08 16:23:29.911,GluingBeamHL,GluingBeamHL_b15_pr3_r1_m3_lay1,FAILED,"Subtree execution failed",2413203.28
1495,2025-09-08 16:23:30.219,PickUpHL,PickUpHL_tp4_fp29_r1,STARTED,"High-level execution with subtree: FF_Default_DynamicFlow_PickUpHL_tp4_fp29_r1; DeltaTime: 0.100",2413510.55
1496,2025-09-08 16:23:32.847,PickUpHL,PickUpHL_tp4_fp29_r1,FAILED,"Subtree execution failed",2416138.73
1497,2025-09-08 16:23:33.383,GluingBeamHL,GluingBeamHL_b4_pr1_r1_m1_lay1,STARTED,"High-level execution with subtree: FF_Default_DynamicFlow_GluingBeamHL_b4_pr1_r1_m1_lay1; DeltaTime: 0.100",2416675.28
1498,2025-09-08 16:23:35.895,GluingBeamHL,GluingBeamHL_b4_pr1_r1_m1_lay1,FAILED,"Subtree execution failed",2419186.56
1499,2025-09-08 16:23:36.234,GluingBeamHL,GluingBeamHL_b10_pr2_r1_m2_lay1,STARTED,"High-level execution with subtree: FF_Default_DynamicFlow_GluingBeamHL_b10_pr2_r1_m2_lay1; DeltaTime: 0.100",2419526.14
1500,2025-09-08 16:23:38.784,GluingBeamHL,GluingBeamHL_b10_pr2_r1_m2_lay1,FAILED,"Subtree execution failed",2422076.03
1501,2025-09-08 16:23:39.217,GluingBeamHL,GluingBeamHL_b15_pr3_r1_m3_lay1,STARTED,"High-level execution with subtree: FF_Default_DynamicFlow_GluingBeamHL_b15_pr3_r1_m3_lay1; DeltaTime: 0.100",2422508.83
1502,2025-09-08 16:23:39.231,GluingML,GluingML_b15_pr3_r1_gg1,STARTED,"Normal execution; DeltaTime: 0.100",2422522.71
1503,2025-09-08 16:23:39.231,GluingML,GluingML_b15_pr3_r1_gg1,STARTED,"DeltaTime: 0.100",2422522.95
1504,2025-09-08 16:23:39.259,GluingML,GluingML_b15_pr3_r1_gg1,COMPLETED,"Effects applied successfully",2422551.19
1505,2025-09-08 16:23:39.262,GluingBeamHL,GluingBeamHL_b15_pr3_r1_m3_lay1,COMPLETED,"Subtree execution completed successfully",2422553.97
1506,2025-09-08 16:23:39.600,GluingBeamHL,GluingBeamHL_b14_pr3_r1_m3_lay1,STARTED,"High-level execution with subtree: FF_Default_DynamicFlow_GluingBeamHL_b14_pr3_r1_m3_lay1; DeltaTime: 0.100",2422892.31
1507,2025-09-08 16:23:42.094,GluingBeamHL,GluingBeamHL_b14_pr3_r1_m3_lay1,FAILED,"Subtree execution failed",2425386.26
1508,2025-09-08 16:23:42.402,PickUpHL,PickUpHL_tp4_fp29_r1,STARTED,"High-level execution with subtree: FF_Default_DynamicFlow_PickUpHL_tp4_fp29_r1; DeltaTime: 0.100",2425693.66
1509,2025-09-08 16:23:44.995,PickUpHL,PickUpHL_tp4_fp29_r1,FAILED,"Subtree execution failed",2428287.01
1510,2025-09-08 16:23:45.504,GluingBeamHL,GluingBeamHL_b4_pr1_r1_m1_lay1,STARTED,"High-level execution with subtree: FF_Default_DynamicFlow_GluingBeamHL_b4_pr1_r1_m1_lay1; DeltaTime: 0.100",2428796.44
1511,2025-09-08 16:23:48.136,GluingBeamHL,GluingBeamHL_b4_pr1_r1_m1_lay1,FAILED,"Subtree execution failed",2431427.62
1512,2025-09-08 16:23:48.485,GluingBeamHL,GluingBeamHL_b10_pr2_r1_m2_lay1,STARTED,"High-level execution with subtree: FF_Default_DynamicFlow_GluingBeamHL_b10_pr2_r1_m2_lay1; DeltaTime: 0.100",2431776.90
1513,2025-09-08 16:23:50.975,GluingBeamHL,GluingBeamHL_b10_pr2_r1_m2_lay1,FAILED,"Subtree execution failed",2434266.80
1514,2025-09-08 16:23:51.399,GluingBeamHL,GluingBeamHL_b14_pr3_r1_m3_lay1,STARTED,"High-level execution with subtree: FF_Default_DynamicFlow_GluingBeamHL_b14_pr3_r1_m3_lay1; DeltaTime: 0.100",2434690.76
1515,2025-09-08 16:23:51.426,GluingML,GluingML_b14_pr3_r1_gg1,STARTED,"Normal execution; DeltaTime: 0.100",2434717.78
1516,2025-09-08 16:23:51.426,GluingML,GluingML_b14_pr3_r1_gg1,STARTED,"DeltaTime: 0.100",2434717.99
1517,2025-09-08 16:23:51.456,GluingML,GluingML_b14_pr3_r1_gg1,COMPLETED,"Effects applied successfully",2434747.87
1518,2025-09-08 16:23:51.459,GluingBeamHL,GluingBeamHL_b14_pr3_r1_m3_lay1,COMPLETED,"Subtree execution completed successfully",2434750.82
1519,2025-09-08 16:23:51.788,GluingBeamHL,GluingBeamHL_b13_pr3_r1_m3_lay1,STARTED,"High-level execution with subtree: FF_Default_DynamicFlow_GluingBeamHL_b13_pr3_r1_m3_lay1; DeltaTime: 0.100",2435079.56
1520,2025-09-08 16:23:54.589,GluingBeamHL,GluingBeamHL_b13_pr3_r1_m3_lay1,FAILED,"Subtree execution failed",2437881.46
1521,2025-09-08 16:23:54.914,PickUpHL,PickUpHL_tp4_fp29_r1,STARTED,"High-level execution with subtree: FF_Default_DynamicFlow_PickUpHL_tp4_fp29_r1; DeltaTime: 0.100",2438206.14
1522,2025-09-08 16:23:57.614,PickUpHL,PickUpHL_tp4_fp29_r1,FAILED,"Subtree execution failed",2440906.28
1523,2025-09-08 16:23:58.137,GluingBeamHL,GluingBeamHL_b4_pr1_r1_m1_lay1,STARTED,"High-level execution with subtree: FF_Default_DynamicFlow_GluingBeamHL_b4_pr1_r1_m1_lay1; DeltaTime: 0.100",2441428.67
1524,2025-09-08 16:24:00.984,GluingBeamHL,GluingBeamHL_b4_pr1_r1_m1_lay1,FAILED,"Subtree execution failed",2444276.21
1525,2025-09-08 16:24:01.357,GluingBeamHL,GluingBeamHL_b10_pr2_r1_m2_lay1,STARTED,"High-level execution with subtree: FF_Default_DynamicFlow_GluingBeamHL_b10_pr2_r1_m2_lay1; DeltaTime: 0.100",2444648.74
1526,2025-09-08 16:24:03.838,GluingBeamHL,GluingBeamHL_b10_pr2_r1_m2_lay1,FAILED,"Subtree execution failed",2447130.19
1527,2025-09-08 16:24:04.292,GluingBeamHL,GluingBeamHL_b13_pr3_r1_m3_lay1,STARTED,"High-level execution with subtree: FF_Default_DynamicFlow_GluingBeamHL_b13_pr3_r1_m3_lay1; DeltaTime: 0.100",2447583.79
1528,2025-09-08 16:24:04.306,GluingML,GluingML_b13_pr3_r1_gg1,STARTED,"Normal execution; DeltaTime: 0.100",2447597.56
1529,2025-09-08 16:24:04.306,GluingML,GluingML_b13_pr3_r1_gg1,STARTED,"DeltaTime: 0.100",2447597.77
1530,2025-09-08 16:24:04.335,GluingML,GluingML_b13_pr3_r1_gg1,COMPLETED,"Effects applied successfully",2447626.91
1531,2025-09-08 16:24:04.338,GluingBeamHL,GluingBeamHL_b13_pr3_r1_m3_lay1,COMPLETED,"Subtree execution completed successfully",2447629.61
1532,2025-09-08 16:24:04.676,GluingBeamHL,GluingBeamHL_b17_pr3_r1_m3_lay1,STARTED,"High-level execution with subtree: FF_Default_DynamicFlow_GluingBeamHL_b17_pr3_r1_m3_lay1; DeltaTime: 0.100",2447967.82
1533,2025-09-08 16:24:07.984,GluingBeamHL,GluingBeamHL_b17_pr3_r1_m3_lay1,FAILED,"Subtree execution failed",2451276.04
1534,2025-09-08 16:24:08.344,PickUpHL,PickUpHL_tp4_fp29_r1,STARTED,"High-level execution with subtree: FF_Default_DynamicFlow_PickUpHL_tp4_fp29_r1; DeltaTime: 0.100",2451635.65
1535,2025-09-08 16:24:10.892,PickUpHL,PickUpHL_tp4_fp29_r1,FAILED,"Subtree execution failed",2454183.55
1536,2025-09-08 16:24:11.416,GluingBeamHL,GluingBeamHL_b4_pr1_r1_m1_lay1,STARTED,"High-level execution with subtree: FF_Default_DynamicFlow_GluingBeamHL_b4_pr1_r1_m1_lay1; DeltaTime: 0.100",2454708.07
1537,2025-09-08 16:24:14.175,GluingBeamHL,GluingBeamHL_b4_pr1_r1_m1_lay1,FAILED,"Subtree execution failed",2457467.45
1538,2025-09-08 16:24:14.533,GluingBeamHL,GluingBeamHL_b10_pr2_r1_m2_lay1,STARTED,"High-level execution with subtree: FF_Default_DynamicFlow_GluingBeamHL_b10_pr2_r1_m2_lay1; DeltaTime: 0.100",2457825.01
1539,2025-09-08 16:24:16.983,GluingBeamHL,GluingBeamHL_b10_pr2_r1_m2_lay1,FAILED,"Subtree execution failed",2460274.69
1540,2025-09-08 16:24:17.398,GluingBeamHL,GluingBeamHL_b17_pr3_r1_m3_lay1,STARTED,"High-level execution with subtree: FF_Default_DynamicFlow_GluingBeamHL_b17_pr3_r1_m3_lay1; DeltaTime: 0.100",2460690.09
1541,2025-09-08 16:24:17.411,GluingML,GluingML_b17_pr3_r1_gg1,STARTED,"Normal execution; DeltaTime: 0.100",2460703.27
1542,2025-09-08 16:24:17.411,GluingML,GluingML_b17_pr3_r1_gg1,STARTED,"DeltaTime: 0.100",2460703.48
1543,2025-09-08 16:24:17.440,GluingML,GluingML_b17_pr3_r1_gg1,COMPLETED,"Effects applied successfully",2460732.47
1544,2025-09-08 16:24:17.444,GluingBeamHL,GluingBeamHL_b17_pr3_r1_m3_lay1,COMPLETED,"Subtree execution completed successfully",2460736.42
1545,2025-09-08 16:24:17.781,PickUpHL,PickUpHL_tp3_fp21_r1,STARTED,"High-level execution with subtree: FF_Default_DynamicFlow_PickUpHL_tp3_fp21_r1; DeltaTime: 0.100",2461073.20
1546,2025-09-08 16:24:20.373,PickUpHL,PickUpHL_tp3_fp21_r1,FAILED,"Subtree execution failed",2463664.59
1547,2025-09-08 16:24:20.697,PickUpHL,PickUpHL_tp4_fp29_r1,STARTED,"High-level execution with subtree: FF_Default_DynamicFlow_PickUpHL_tp4_fp29_r1; DeltaTime: 0.100",2463988.98
1548,2025-09-08 16:24:23.452,PickUpHL,PickUpHL_tp4_fp29_r1,FAILED,"Subtree execution failed",2466743.54
1549,2025-09-08 16:24:24.017,GluingBeamHL,GluingBeamHL_b4_pr1_r1_m1_lay1,STARTED,"High-level execution with subtree: FF_Default_DynamicFlow_GluingBeamHL_b4_pr1_r1_m1_lay1; DeltaTime: 0.100",2467309.48
1550,2025-09-08 16:24:26.686,GluingBeamHL,GluingBeamHL_b4_pr1_r1_m1_lay1,FAILED,"Subtree execution failed",2469978.06
1551,2025-09-08 16:24:27.038,GluingBeamHL,GluingBeamHL_b10_pr2_r1_m2_lay1,STARTED,"High-level execution with subtree: FF_Default_DynamicFlow_GluingBeamHL_b10_pr2_r1_m2_lay1; DeltaTime: 0.100",2470329.74
1552,2025-09-08 16:24:29.839,TravelML,TravelML_r1_pr3_pr2,STARTED,"Normal execution; DeltaTime: 0.100",2473130.84
1553,2025-09-08 16:24:29.839,TravelML,TravelML_r1_pr3_pr2,STARTED,"DeltaTime: 0.100",2473131.06
1554,2025-09-08 16:24:29.870,TravelML,TravelML_r1_pr3_pr2,COMPLETED,"Effects applied successfully",2473161.83
1555,2025-09-08 16:24:30.310,GluingBeamHL,GluingBeamHL_b10_pr2_r1_m2_lay1,STARTED,"High-level execution with subtree: FF_Default_DynamicFlow_GluingBeamHL_b10_pr2_r1_m2_lay1; DeltaTime: 0.100",2473602.06
1556,2025-09-08 16:24:30.326,GluingML,GluingML_b10_pr2_r1_gg1,STARTED,"Normal execution; DeltaTime: 0.100",2473618.27
1557,2025-09-08 16:24:30.326,GluingML,GluingML_b10_pr2_r1_gg1,STARTED,"DeltaTime: 0.100",2473618.47
1558,2025-09-08 16:24:30.356,GluingML,GluingML_b10_pr2_r1_gg1,COMPLETED,"Effects applied successfully",2473647.82
1559,2025-09-08 16:24:30.359,GluingBeamHL,GluingBeamHL_b10_pr2_r1_m2_lay1,COMPLETED,"Subtree execution completed successfully",2473650.66
1560,2025-09-08 16:24:30.691,GluingBeamHL,GluingBeamHL_b12_pr2_r1_m2_lay1,STARTED,"High-level execution with subtree: FF_Default_DynamicFlow_GluingBeamHL_b12_pr2_r1_m2_lay1; DeltaTime: 0.100",2473982.64
1561,2025-09-08 16:24:33.374,GluingBeamHL,GluingBeamHL_b12_pr2_r1_m2_lay1,FAILED,"Subtree execution failed",2476666.29
1562,2025-09-08 16:24:33.684,PickUpHL,PickUpHL_tp3_fp21_r1,STARTED,"High-level execution with subtree: FF_Default_DynamicFlow_PickUpHL_tp3_fp21_r1; DeltaTime: 0.100",2476975.67
1563,2025-09-08 16:24:36.242,PickUpHL,PickUpHL_tp3_fp21_r1,FAILED,"Subtree execution failed",2479534.21
1564,2025-09-08 16:24:36.554,PickUpHL,PickUpHL_tp4_fp29_r1,STARTED,"High-level execution with subtree: FF_Default_DynamicFlow_PickUpHL_tp4_fp29_r1; DeltaTime: 0.100",2479845.79
1565,2025-09-08 16:24:39.292,PickUpHL,PickUpHL_tp4_fp29_r1,FAILED,"Subtree execution failed",2482584.01
1566,2025-09-08 16:24:39.828,GluingBeamHL,GluingBeamHL_b4_pr1_r1_m1_lay1,STARTED,"High-level execution with subtree: FF_Default_DynamicFlow_GluingBeamHL_b4_pr1_r1_m1_lay1; DeltaTime: 0.100",2483120.22
1567,2025-09-08 16:24:42.339,GluingBeamHL,GluingBeamHL_b4_pr1_r1_m1_lay1,FAILED,"Subtree execution failed",2485630.84
1568,2025-09-08 16:24:42.775,GluingBeamHL,GluingBeamHL_b12_pr2_r1_m2_lay1,STARTED,"High-level execution with subtree: FF_Default_DynamicFlow_GluingBeamHL_b12_pr2_r1_m2_lay1; DeltaTime: 0.100",2486066.98
1569,2025-09-08 16:24:42.789,GluingML,GluingML_b12_pr2_r1_gg1,STARTED,"Normal execution; DeltaTime: 0.100",2486080.60
1570,2025-09-08 16:24:42.789,GluingML,GluingML_b12_pr2_r1_gg1,STARTED,"DeltaTime: 0.100",2486080.81
1571,2025-09-08 16:24:42.819,GluingML,GluingML_b12_pr2_r1_gg1,COMPLETED,"Effects applied successfully",2486110.84
1572,2025-09-08 16:24:42.822,GluingBeamHL,GluingBeamHL_b12_pr2_r1_m2_lay1,COMPLETED,"Subtree execution completed successfully",2486113.78
1573,2025-09-08 16:24:43.161,GluingBeamHL,GluingBeamHL_b9_pr2_r1_m2_lay1,STARTED,"High-level execution with subtree: FF_Default_DynamicFlow_GluingBeamHL_b9_pr2_r1_m2_lay1; DeltaTime: 0.100",2486452.89
1574,2025-09-08 16:24:45.648,GluingBeamHL,GluingBeamHL_b9_pr2_r1_m2_lay1,FAILED,"Subtree execution failed",2488940.14
1575,2025-09-08 16:24:45.971,PickUpHL,PickUpHL_tp3_fp21_r1,STARTED,"High-level execution with subtree: FF_Default_DynamicFlow_PickUpHL_tp3_fp21_r1; DeltaTime: 0.100",2489263.19
1576,2025-09-08 16:24:48.536,PickUpHL,PickUpHL_tp3_fp21_r1,FAILED,"Subtree execution failed",2491828.18
1577,2025-09-08 16:24:48.869,PickUpHL,PickUpHL_tp4_fp29_r1,STARTED,"High-level execution with subtree: FF_Default_DynamicFlow_PickUpHL_tp4_fp29_r1; DeltaTime: 0.100",2492161.23
1578,2025-09-08 16:24:51.727,PickUpHL,PickUpHL_tp4_fp29_r1,FAILED,"Subtree execution failed",2495019.38
1579,2025-09-08 16:24:52.251,GluingBeamHL,GluingBeamHL_b4_pr1_r1_m1_lay1,STARTED,"High-level execution with subtree: FF_Default_DynamicFlow_GluingBeamHL_b4_pr1_r1_m1_lay1; DeltaTime: 0.100",2495542.80
1580,2025-09-08 16:24:54.769,GluingBeamHL,GluingBeamHL_b4_pr1_r1_m1_lay1,FAILED,"Subtree execution failed",2498060.94
1581,2025-09-08 16:24:55.196,GluingBeamHL,GluingBeamHL_b9_pr2_r1_m2_lay1,STARTED,"High-level execution with subtree: FF_Default_DynamicFlow_GluingBeamHL_b9_pr2_r1_m2_lay1; DeltaTime: 0.100",2498487.80
1582,2025-09-08 16:24:55.209,GluingML,GluingML_b9_pr2_r1_gg1,STARTED,"Normal execution; DeltaTime: 0.100",2498501.10
1583,2025-09-08 16:24:55.209,GluingML,GluingML_b9_pr2_r1_gg1,STARTED,"DeltaTime: 0.100",2498501.32
1584,2025-09-08 16:24:55.237,GluingML,GluingML_b9_pr2_r1_gg1,COMPLETED,"Effects applied successfully",2498529.32
1585,2025-09-08 16:24:55.240,GluingBeamHL,GluingBeamHL_b9_pr2_r1_m2_lay1,COMPLETED,"Subtree execution completed successfully",2498532.11
1586,2025-09-08 16:24:55.603,GluingBeamHL,GluingBeamHL_b8_pr2_r1_m2_lay1,STARTED,"High-level execution with subtree: FF_Default_DynamicFlow_GluingBeamHL_b8_pr2_r1_m2_lay1; DeltaTime: 0.100",2498895.41
1587,2025-09-08 16:24:58.351,GluingBeamHL,GluingBeamHL_b8_pr2_r1_m2_lay1,FAILED,"Subtree execution failed",2501643.47
1588,2025-09-08 16:24:58.667,PickUpHL,PickUpHL_tp3_fp21_r1,STARTED,"High-level execution with subtree: FF_Default_DynamicFlow_PickUpHL_tp3_fp21_r1; DeltaTime: 0.100",2501959.44
1589,2025-09-08 16:25:01.471,PickUpHL,PickUpHL_tp3_fp21_r1,FAILED,"Subtree execution failed",2504763.40
1590,2025-09-08 16:25:01.798,PickUpHL,PickUpHL_tp4_fp29_r1,STARTED,"High-level execution with subtree: FF_Default_DynamicFlow_PickUpHL_tp4_fp29_r1; DeltaTime: 0.100",2505090.23
1591,2025-09-08 16:25:04.412,PickUpHL,PickUpHL_tp4_fp29_r1,FAILED,"Subtree execution failed",2507704.48
1592,2025-09-08 16:25:04.949,GluingBeamHL,GluingBeamHL_b4_pr1_r1_m1_lay1,STARTED,"High-level execution with subtree: FF_Default_DynamicFlow_GluingBeamHL_b4_pr1_r1_m1_lay1; DeltaTime: 0.100",2508240.97
1593,2025-09-08 16:25:07.752,GluingBeamHL,GluingBeamHL_b4_pr1_r1_m1_lay1,FAILED,"Subtree execution failed",2511044.42
1594,2025-09-08 16:25:08.192,GluingBeamHL,GluingBeamHL_b8_pr2_r1_m2_lay1,STARTED,"High-level execution with subtree: FF_Default_DynamicFlow_GluingBeamHL_b8_pr2_r1_m2_lay1; DeltaTime: 0.100",2511483.64
1595,2025-09-08 16:25:08.206,GluingML,GluingML_b8_pr2_r1_gg1,STARTED,"Normal execution; DeltaTime: 0.100",2511497.61
1596,2025-09-08 16:25:08.206,GluingML,GluingML_b8_pr2_r1_gg1,STARTED,"DeltaTime: 0.100",2511497.88
1597,2025-09-08 16:25:08.237,GluingML,GluingML_b8_pr2_r1_gg1,COMPLETED,"Effects applied successfully",2511528.58
1598,2025-09-08 16:25:08.240,GluingBeamHL,GluingBeamHL_b8_pr2_r1_m2_lay1,COMPLETED,"Subtree execution completed successfully",2511531.55
1599,2025-09-08 16:25:08.599,GluingBeamHL,GluingBeamHL_b7_pr2_r1_m2_lay1,STARTED,"High-level execution with subtree: FF_Default_DynamicFlow_GluingBeamHL_b7_pr2_r1_m2_lay1; DeltaTime: 0.100",2511891.33
1600,2025-09-08 16:25:11.101,GluingBeamHL,GluingBeamHL_b7_pr2_r1_m2_lay1,FAILED,"Subtree execution failed",2514392.54
1601,2025-09-08 16:25:11.414,PickUpHL,PickUpHL_tp3_fp21_r1,STARTED,"High-level execution with subtree: FF_Default_DynamicFlow_PickUpHL_tp3_fp21_r1; DeltaTime: 0.100",2514705.75
1602,2025-09-08 16:25:14.396,PickUpHL,PickUpHL_tp3_fp21_r1,FAILED,"Subtree execution failed",2517687.97
1603,2025-09-08 16:25:14.741,PickUpHL,PickUpHL_tp4_fp29_r1,STARTED,"High-level execution with subtree: FF_Default_DynamicFlow_PickUpHL_tp4_fp29_r1; DeltaTime: 0.100",2518032.54
1604,2025-09-08 16:25:17.466,PickUpHL,PickUpHL_tp4_fp29_r1,FAILED,"Subtree execution failed",2520757.63
1605,2025-09-08 16:25:18.017,GluingBeamHL,GluingBeamHL_b4_pr1_r1_m1_lay1,STARTED,"High-level execution with subtree: FF_Default_DynamicFlow_GluingBeamHL_b4_pr1_r1_m1_lay1; DeltaTime: 0.100",2521309.12
1606,2025-09-08 16:25:20.638,GluingBeamHL,GluingBeamHL_b4_pr1_r1_m1_lay1,FAILED,"Subtree execution failed",2523930.45
1607,2025-09-08 16:25:21.088,GluingBeamHL,GluingBeamHL_b7_pr2_r1_m2_lay1,STARTED,"High-level execution with subtree: FF_Default_DynamicFlow_GluingBeamHL_b7_pr2_r1_m2_lay1; DeltaTime: 0.100",2524380.46
1608,2025-09-08 16:25:21.103,GluingML,GluingML_b7_pr2_r1_gg1,STARTED,"Normal execution; DeltaTime: 0.100",2524394.77
1609,2025-09-08 16:25:21.103,GluingML,GluingML_b7_pr2_r1_gg1,STARTED,"DeltaTime: 0.100",2524394.98
1610,2025-09-08 16:25:21.135,GluingML,GluingML_b7_pr2_r1_gg1,COMPLETED,"Effects applied successfully",2524427.02
1611,2025-09-08 16:25:21.138,GluingBeamHL,GluingBeamHL_b7_pr2_r1_m2_lay1,COMPLETED,"Subtree execution completed successfully",2524430.17
1612,2025-09-08 16:25:21.504,GluingBeamHL,GluingBeamHL_b11_pr2_r1_m2_lay1,STARTED,"High-level execution with subtree: FF_Default_DynamicFlow_GluingBeamHL_b11_pr2_r1_m2_lay1; DeltaTime: 0.100",2524796.46
1613,2025-09-08 16:25:24.040,GluingBeamHL,GluingBeamHL_b11_pr2_r1_m2_lay1,FAILED,"Subtree execution failed",2527331.93
1614,2025-09-08 16:25:24.388,PickUpHL,PickUpHL_tp3_fp21_r1,STARTED,"High-level execution with subtree: FF_Default_DynamicFlow_PickUpHL_tp3_fp21_r1; DeltaTime: 0.100",2527680.12
1615,2025-09-08 16:25:26.985,PickUpHL,PickUpHL_tp3_fp21_r1,FAILED,"Subtree execution failed",2530277.22
1616,2025-09-08 16:25:27.291,PickUpHL,PickUpHL_tp4_fp29_r1,STARTED,"High-level execution with subtree: FF_Default_DynamicFlow_PickUpHL_tp4_fp29_r1; DeltaTime: 0.100",2530583.24
1617,2025-09-08 16:25:30.235,PickUpHL,PickUpHL_tp4_fp29_r1,FAILED,"Subtree execution failed",2533527.02
1618,2025-09-08 16:25:30.763,GluingBeamHL,GluingBeamHL_b4_pr1_r1_m1_lay1,STARTED,"High-level execution with subtree: FF_Default_DynamicFlow_GluingBeamHL_b4_pr1_r1_m1_lay1; DeltaTime: 0.100",2534055.13
1619,2025-09-08 16:25:33.359,GluingBeamHL,GluingBeamHL_b4_pr1_r1_m1_lay1,FAILED,"Subtree execution failed",2536650.72
1620,2025-09-08 16:25:33.863,GluingBeamHL,GluingBeamHL_b11_pr2_r1_m2_lay1,STARTED,"High-level execution with subtree: FF_Default_DynamicFlow_GluingBeamHL_b11_pr2_r1_m2_lay1; DeltaTime: 0.100",2537155.22
1621,2025-09-08 16:25:33.878,GluingML,GluingML_b11_pr2_r1_gg1,STARTED,"Normal execution; DeltaTime: 0.100",2537170.15
1622,2025-09-08 16:25:33.879,GluingML,GluingML_b11_pr2_r1_gg1,STARTED,"DeltaTime: 0.100",2537170.77
1623,2025-09-08 16:25:33.917,GluingML,GluingML_b11_pr2_r1_gg1,COMPLETED,"Effects applied successfully",2537209.30
1624,2025-09-08 16:25:33.922,GluingBeamHL,GluingBeamHL_b11_pr2_r1_m2_lay1,COMPLETED,"Subtree execution completed successfully",2537213.63
1625,2025-09-08 16:25:34.338,PickUpHL,PickUpHL_tp2_fp13_r1,STARTED,"High-level execution with subtree: FF_Default_DynamicFlow_PickUpHL_tp2_fp13_r1; DeltaTime: 0.100",2537629.77
1626,2025-09-08 16:25:37.052,PickUpHL,PickUpHL_tp2_fp13_r1,FAILED,"Subtree execution failed",2540344.17
1627,2025-09-08 16:25:37.360,PickUpHL,PickUpHL_tp3_fp21_r1,STARTED,"High-level execution with subtree: FF_Default_DynamicFlow_PickUpHL_tp3_fp21_r1; DeltaTime: 0.100",2540652.01
1628,2025-09-08 16:25:39.930,PickUpHL,PickUpHL_tp3_fp21_r1,FAILED,"Subtree execution failed",2543221.67
1629,2025-09-08 16:25:40.235,PickUpHL,PickUpHL_tp4_fp29_r1,STARTED,"High-level execution with subtree: FF_Default_DynamicFlow_PickUpHL_tp4_fp29_r1; DeltaTime: 0.100",2543527.03
1630,2025-09-08 16:25:42.993,PickUpHL,PickUpHL_tp4_fp29_r1,FAILED,"Subtree execution failed",2546284.72
1631,2025-09-08 16:25:43.507,GluingBeamHL,GluingBeamHL_b4_pr1_r1_m1_lay1,STARTED,"High-level execution with subtree: FF_Default_DynamicFlow_GluingBeamHL_b4_pr1_r1_m1_lay1; DeltaTime: 0.100",2546799.09
1632,2025-09-08 16:25:46.282,TravelML,TravelML_r1_pr2_pr1,STARTED,"Normal execution; DeltaTime: 0.100",2549573.82
1633,2025-09-08 16:25:46.282,TravelML,TravelML_r1_pr2_pr1,STARTED,"DeltaTime: 0.100",2549573.97
1634,2025-09-08 16:25:46.313,TravelML,TravelML_r1_pr2_pr1,COMPLETED,"Effects applied successfully",2549605.29
1635,2025-09-08 16:25:46.815,GluingBeamHL,GluingBeamHL_b4_pr1_r1_m1_lay1,STARTED,"High-level execution with subtree: FF_Default_DynamicFlow_GluingBeamHL_b4_pr1_r1_m1_lay1; DeltaTime: 0.100",2550107.46
1636,2025-09-08 16:25:46.831,GluingML,GluingML_b4_pr1_r1_gg1,STARTED,"Normal execution; DeltaTime: 0.100",2550123.47
1637,2025-09-08 16:25:46.832,GluingML,GluingML_b4_pr1_r1_gg1,STARTED,"DeltaTime: 0.100",2550123.70
1638,2025-09-08 16:25:46.860,GluingML,GluingML_b4_pr1_r1_gg1,COMPLETED,"Effects applied successfully",2550152.08
1639,2025-09-08 16:25:46.863,GluingBeamHL,GluingBeamHL_b4_pr1_r1_m1_lay1,COMPLETED,"Subtree execution completed successfully",2550155.07
1640,2025-09-08 16:25:47.256,GluingBeamHL,GluingBeamHL_b6_pr1_r1_m1_lay1,STARTED,"High-level execution with subtree: FF_Default_DynamicFlow_GluingBeamHL_b6_pr1_r1_m1_lay1; DeltaTime: 0.100",2550548.40
1641,2025-09-08 16:25:49.735,GluingBeamHL,GluingBeamHL_b6_pr1_r1_m1_lay1,FAILED,"Subtree execution failed",2553027.04
1642,2025-09-08 16:25:50.068,PickUpHL,PickUpHL_tp2_fp13_r1,STARTED,"High-level execution with subtree: FF_Default_DynamicFlow_PickUpHL_tp2_fp13_r1; DeltaTime: 0.100",2553359.83
1643,2025-09-08 16:25:52.646,PickUpHL,PickUpHL_tp2_fp13_r1,FAILED,"Subtree execution failed",2555938.53
1644,2025-09-08 16:25:53.034,PickUpHL,PickUpHL_tp3_fp21_r1,STARTED,"High-level execution with subtree: FF_Default_DynamicFlow_PickUpHL_tp3_fp21_r1; DeltaTime: 0.100",2556326.29
1645,2025-09-08 16:25:55.625,PickUpHL,PickUpHL_tp3_fp21_r1,FAILED,"Subtree execution failed",2558917.33
1646,2025-09-08 16:25:56.063,PickUpHL,PickUpHL_tp4_fp29_r1,STARTED,"High-level execution with subtree: FF_Default_DynamicFlow_PickUpHL_tp4_fp29_r1; DeltaTime: 0.100",2559355.45
1647,2025-09-08 16:25:59.232,PickUpHL,PickUpHL_tp4_fp29_r1,FAILED,"Subtree execution failed",2562523.63
1648,2025-09-08 16:25:59.990,GluingBeamHL,GluingBeamHL_b6_pr1_r1_m1_lay1,STARTED,"High-level execution with subtree: FF_Default_DynamicFlow_GluingBeamHL_b6_pr1_r1_m1_lay1; DeltaTime: 0.100",2563282.15
1649,2025-09-08 16:26:00.005,GluingML,GluingML_b6_pr1_r1_gg1,STARTED,"Normal execution; DeltaTime: 0.100",2563296.60
1650,2025-09-08 16:26:00.005,GluingML,GluingML_b6_pr1_r1_gg1,STARTED,"DeltaTime: 0.100",2563296.83
1651,2025-09-08 16:26:00.034,GluingML,GluingML_b6_pr1_r1_gg1,COMPLETED,"Effects applied successfully",2563325.75
1652,2025-09-08 16:26:00.037,GluingBeamHL,GluingBeamHL_b6_pr1_r1_m1_lay1,COMPLETED,"Subtree execution completed successfully",2563328.74
1653,2025-09-08 16:26:00.402,GluingBeamHL,GluingBeamHL_b3_pr1_r1_m1_lay1,STARTED,"High-level execution with subtree: FF_Default_DynamicFlow_GluingBeamHL_b3_pr1_r1_m1_lay1; DeltaTime: 0.100",2563694.25
1654,2025-09-08 16:26:02.897,GluingBeamHL,GluingBeamHL_b3_pr1_r1_m1_lay1,FAILED,"Subtree execution failed",2566189.20
1655,2025-09-08 16:26:03.241,PickUpHL,PickUpHL_tp2_fp13_r1,STARTED,"High-level execution with subtree: FF_Default_DynamicFlow_PickUpHL_tp2_fp13_r1; DeltaTime: 0.100",2566532.67
1656,2025-09-08 16:26:06.248,PickUpHL,PickUpHL_tp2_fp13_r1,FAILED,"Subtree execution failed",2569539.88
1657,2025-09-08 16:26:06.694,PickUpHL,PickUpHL_tp3_fp21_r1,STARTED,"High-level execution with subtree: FF_Default_DynamicFlow_PickUpHL_tp3_fp21_r1; DeltaTime: 0.100",2569985.65
1658,2025-09-08 16:26:09.497,PickUpHL,PickUpHL_tp3_fp21_r1,FAILED,"Subtree execution failed",2572788.80
1659,2025-09-08 16:26:09.983,PickUpHL,PickUpHL_tp4_fp29_r1,STARTED,"High-level execution with subtree: FF_Default_DynamicFlow_PickUpHL_tp4_fp29_r1; DeltaTime: 0.100",2573274.55
1660,2025-09-08 16:26:12.539,PickUpHL,PickUpHL_tp4_fp29_r1,FAILED,"Subtree execution failed",2575831.09
1661,2025-09-08 16:26:13.317,GluingBeamHL,GluingBeamHL_b3_pr1_r1_m1_lay1,STARTED,"High-level execution with subtree: FF_Default_DynamicFlow_GluingBeamHL_b3_pr1_r1_m1_lay1; DeltaTime: 0.100",2576609.15
1662,2025-09-08 16:26:13.329,GluingML,GluingML_b3_pr1_r1_gg1,STARTED,"Normal execution; DeltaTime: 0.100",2576621.51
1663,2025-09-08 16:26:13.330,GluingML,GluingML_b3_pr1_r1_gg1,STARTED,"DeltaTime: 0.100",2576621.71
1664,2025-09-08 16:26:13.360,GluingML,GluingML_b3_pr1_r1_gg1,COMPLETED,"Effects applied successfully",2576652.23
1665,2025-09-08 16:26:13.363,GluingBeamHL,GluingBeamHL_b3_pr1_r1_m1_lay1,COMPLETED,"Subtree execution completed successfully",2576654.99
1666,2025-09-08 16:26:13.717,GluingBeamHL,GluingBeamHL_b2_pr1_r1_m1_lay1,STARTED,"High-level execution with subtree: FF_Default_DynamicFlow_GluingBeamHL_b2_pr1_r1_m1_lay1; DeltaTime: 0.100",2577009.44
1667,2025-09-08 16:26:16.244,GluingBeamHL,GluingBeamHL_b2_pr1_r1_m1_lay1,FAILED,"Subtree execution failed",2579536.42
1668,2025-09-08 16:26:16.612,PickUpHL,PickUpHL_tp2_fp13_r1,STARTED,"High-level execution with subtree: FF_Default_DynamicFlow_PickUpHL_tp2_fp13_r1; DeltaTime: 0.100",2579903.72
1669,2025-09-08 16:26:19.146,PickUpHL,PickUpHL_tp2_fp13_r1,FAILED,"Subtree execution failed",2582438.13
1670,2025-09-08 16:26:19.556,PickUpHL,PickUpHL_tp3_fp21_r1,STARTED,"High-level execution with subtree: FF_Default_DynamicFlow_PickUpHL_tp3_fp21_r1; DeltaTime: 0.100",2582848.04
1671,2025-09-08 16:26:22.277,PickUpHL,PickUpHL_tp3_fp21_r1,FAILED,"Subtree execution failed",2585568.74
1672,2025-09-08 16:26:22.714,PickUpHL,PickUpHL_tp4_fp29_r1,STARTED,"High-level execution with subtree: FF_Default_DynamicFlow_PickUpHL_tp4_fp29_r1; DeltaTime: 0.100",2586006.20
1673,2025-09-08 16:26:25.308,PickUpHL,PickUpHL_tp4_fp29_r1,FAILED,"Subtree execution failed",2588599.79
1674,2025-09-08 16:26:26.081,GluingBeamHL,GluingBeamHL_b2_pr1_r1_m1_lay1,STARTED,"High-level execution with subtree: FF_Default_DynamicFlow_GluingBeamHL_b2_pr1_r1_m1_lay1; DeltaTime: 0.100",2589372.97
1675,2025-09-08 16:26:26.093,GluingML,GluingML_b2_pr1_r1_gg1,STARTED,"Normal execution; DeltaTime: 0.100",2589385.36
1676,2025-09-08 16:26:26.094,GluingML,GluingML_b2_pr1_r1_gg1,STARTED,"DeltaTime: 0.100",2589385.56
1677,2025-09-08 16:26:26.122,GluingML,GluingML_b2_pr1_r1_gg1,COMPLETED,"Effects applied successfully",2589414.34
1678,2025-09-08 16:26:26.125,GluingBeamHL,GluingBeamHL_b2_pr1_r1_m1_lay1,COMPLETED,"Subtree execution completed successfully",2589417.27
1679,2025-09-08 16:26:26.515,GluingBeamHL,GluingBeamHL_b1_pr1_r1_m1_lay1,STARTED,"High-level execution with subtree: FF_Default_DynamicFlow_GluingBeamHL_b1_pr1_r1_m1_lay1; DeltaTime: 0.100",2589807.46
1680,2025-09-08 16:26:29.000,GluingBeamHL,GluingBeamHL_b1_pr1_r1_m1_lay1,FAILED,"Subtree execution failed",2592291.98
1681,2025-09-08 16:26:29.354,PickUpHL,PickUpHL_tp2_fp13_r1,STARTED,"High-level execution with subtree: FF_Default_DynamicFlow_PickUpHL_tp2_fp13_r1; DeltaTime: 0.100",2592646.36
1682,2025-09-08 16:26:31.930,PickUpHL,PickUpHL_tp2_fp13_r1,FAILED,"Subtree execution failed",2595221.63
1683,2025-09-08 16:26:32.328,PickUpHL,PickUpHL_tp3_fp21_r1,STARTED,"High-level execution with subtree: FF_Default_DynamicFlow_PickUpHL_tp3_fp21_r1; DeltaTime: 0.100",2595620.30
1684,2025-09-08 16:26:34.904,PickUpHL,PickUpHL_tp3_fp21_r1,FAILED,"Subtree execution failed",2598196.02
1685,2025-09-08 16:26:35.331,PickUpHL,PickUpHL_tp4_fp29_r1,STARTED,"High-level execution with subtree: FF_Default_DynamicFlow_PickUpHL_tp4_fp29_r1; DeltaTime: 0.100",2598622.64
1686,2025-09-08 16:26:37.834,PickUpHL,PickUpHL_tp4_fp29_r1,FAILED,"Subtree execution failed",2601126.47
1687,2025-09-08 16:26:38.627,GluingBeamHL,GluingBeamHL_b1_pr1_r1_m1_lay1,STARTED,"High-level execution with subtree: FF_Default_DynamicFlow_GluingBeamHL_b1_pr1_r1_m1_lay1; DeltaTime: 0.100",2601919.48
1688,2025-09-08 16:26:38.640,GluingML,GluingML_b1_pr1_r1_gg1,STARTED,"Normal execution; DeltaTime: 0.100",2601931.74
1689,2025-09-08 16:26:38.640,GluingML,GluingML_b1_pr1_r1_gg1,STARTED,"DeltaTime: 0.100",2601931.96
1690,2025-09-08 16:26:38.667,GluingML,GluingML_b1_pr1_r1_gg1,COMPLETED,"Effects applied successfully",2601959.53
1691,2025-09-08 16:26:38.670,GluingBeamHL,GluingBeamHL_b1_pr1_r1_m1_lay1,COMPLETED,"Subtree execution completed successfully",2601962.50
1692,2025-09-08 16:26:39.053,GluingBeamHL,GluingBeamHL_b5_pr1_r1_m1_lay1,STARTED,"High-level execution with subtree: FF_Default_DynamicFlow_GluingBeamHL_b5_pr1_r1_m1_lay1; DeltaTime: 0.100",2602344.81
1693,2025-09-08 16:26:41.544,GluingBeamHL,GluingBeamHL_b5_pr1_r1_m1_lay1,FAILED,"Subtree execution failed",2604835.60
1694,2025-09-08 16:26:41.904,PickUpHL,PickUpHL_tp2_fp13_r1,STARTED,"High-level execution with subtree: FF_Default_DynamicFlow_PickUpHL_tp2_fp13_r1; DeltaTime: 0.100",2605196.52
1695,2025-09-08 16:26:44.718,PickUpHL,PickUpHL_tp2_fp13_r1,FAILED,"Subtree execution failed",2608009.72
1696,2025-09-08 16:26:45.102,PickUpHL,PickUpHL_tp3_fp21_r1,STARTED,"High-level execution with subtree: FF_Default_DynamicFlow_PickUpHL_tp3_fp21_r1; DeltaTime: 0.100",2608394.37
1697,2025-09-08 16:26:47.637,PickUpHL,PickUpHL_tp3_fp21_r1,FAILED,"Subtree execution failed",2610928.96
1698,2025-09-08 16:27:57.846,PickUpHL,PickUpHL_tp4_fp29_r1,STARTED,"High-level execution with subtree: FF_Default_DynamicFlow_PickUpHL_tp4_fp29_r1; DeltaTime: 0.100",2681138.47
1699,2025-09-08 16:28:00.528,PickUpHL,PickUpHL_tp4_fp29_r1,FAILED,"Subtree execution failed",2683820.26
1700,2025-09-08 16:28:01.314,GluingBeamHL,GluingBeamHL_b5_pr1_r1_m1_lay1,STARTED,"High-level execution with subtree: FF_Default_DynamicFlow_GluingBeamHL_b5_pr1_r1_m1_lay1; DeltaTime: 0.100",2684606.14
1701,2025-09-08 16:28:01.327,GluingML,GluingML_b5_pr1_r1_gg1,STARTED,"Normal execution; DeltaTime: 0.100",2684618.69
1702,2025-09-08 16:28:01.327,GluingML,GluingML_b5_pr1_r1_gg1,STARTED,"DeltaTime: 0.100",2684618.91
1703,2025-09-08 16:28:01.355,GluingML,GluingML_b5_pr1_r1_gg1,COMPLETED,"Effects applied successfully",2684646.98
1704,2025-09-08 16:28:01.358,GluingBeamHL,GluingBeamHL_b5_pr1_r1_m1_lay1,COMPLETED,"Subtree execution completed successfully",2684649.94
1705,2025-09-08 16:28:01.761,PickUpHL,PickUpHL_tp1_fp5_r1,STARTED,"High-level execution with subtree: FF_Default_DynamicFlow_PickUpHL_tp1_fp5_r1; DeltaTime: 0.100",2685053.40
1706,2025-09-08 16:28:04.302,PickUpHL,PickUpHL_tp1_fp5_r1,FAILED,"Subtree execution failed",2687593.86
1707,2025-09-08 16:28:04.665,PickUpHL,PickUpHL_tp2_fp13_r1,STARTED,"High-level execution with subtree: FF_Default_DynamicFlow_PickUpHL_tp2_fp13_r1; DeltaTime: 0.100",2687956.68
1708,2025-09-08 16:28:07.280,PickUpHL,PickUpHL_tp2_fp13_r1,FAILED,"Subtree execution failed",2690572.48
1709,2025-09-08 16:28:07.685,PickUpHL,PickUpHL_tp3_fp21_r1,STARTED,"High-level execution with subtree: FF_Default_DynamicFlow_PickUpHL_tp3_fp21_r1; DeltaTime: 0.100",2690977.46
1710,2025-09-08 16:29:57.184,PickUpHL,PickUpHL_tp3_fp21_r1,FAILED,"Subtree execution failed",2800475.87
1711,2025-09-08 16:29:58.106,PickUpHL,PickUpHL_tp4_fp29_r1,STARTED,"High-level execution with subtree: FF_Default_DynamicFlow_PickUpHL_tp4_fp29_r1; DeltaTime: 0.100",2801397.57
1712,2025-09-08 16:30:01.228,TravelML,TravelML_r1_pr1_ep2,STARTED,"Normal execution; DeltaTime: 0.100",2804520.16
1713,2025-09-08 16:30:01.228,TravelML,TravelML_r1_pr1_ep2,STARTED,"DeltaTime: 0.100",2804520.38
1714,2025-09-08 16:30:01.264,TravelML,TravelML_r1_pr1_ep2,COMPLETED,"Effects applied successfully",2804555.82
1715,2025-09-08 16:30:06.022,PickUpHL,PickUpHL_tp4_fp29_r1,STARTED,"High-level execution with subtree: FF_Default_DynamicFlow_PickUpHL_tp4_fp29_r1; DeltaTime: 0.100",2809313.98
1716,2025-09-08 16:30:06.057,CloseToolML,CloseToolML_r1_gg1,STARTED,"Normal execution; DeltaTime: 0.100",2809348.68
1717,2025-09-08 16:30:06.057,CloseToolML,CloseToolML_r1_gg1,STARTED,"DeltaTime: 0.100",2809348.90
1718,2025-09-08 16:30:06.097,CloseToolML,CloseToolML_r1_gg1,COMPLETED,"Effects applied successfully",2809388.85
1719,2025-09-08 16:30:07.261,PickUpHL,PickUpHL_tp4_fp29_r1,STARTED,"High-level execution with subtree: FF_Default_DynamicFlow_PickUpHL_tp4_fp29_r1; DeltaTime: 0.100",2810552.99
1720,2025-09-08 16:30:07.346,DeequipML,DeequipML_r1_gg1_ep2,STARTED,"Normal execution; DeltaTime: 0.100",2810638.49
1721,2025-09-08 16:30:07.347,DeequipML,DeequipML_r1_gg1_ep2,STARTED,"DeltaTime: 0.100",2810639.08
1722,2025-09-08 16:30:07.426,DeequipML,DeequipML_r1_gg1_ep2,COMPLETED,"Effects applied successfully",2810718.51
1723,2025-09-08 16:30:10.692,PickUpHL,PickUpHL_tp4_fp29_r1,STARTED,"High-level execution with subtree: FF_Default_DynamicFlow_PickUpHL_tp4_fp29_r1; DeltaTime: 0.100",2813984.04
1724,2025-09-08 16:30:10.805,TravelML,TravelML_r1_ep2_ep1,STARTED,"Normal execution; DeltaTime: 0.100",2814096.63
1725,2025-09-08 16:30:10.805,TravelML,TravelML_r1_ep2_ep1,STARTED,"DeltaTime: 0.100",2814097.38
1726,2025-09-08 16:30:10.898,TravelML,TravelML_r1_ep2_ep1,COMPLETED,"Effects applied successfully",2814189.74
1727,2025-09-08 16:30:12.260,PickUpHL,PickUpHL_tp4_fp29_r1,STARTED,"High-level execution with subtree: FF_Default_DynamicFlow_PickUpHL_tp4_fp29_r1; DeltaTime: 0.100",2815551.64
1728,2025-09-08 16:30:12.373,EquipeML,EquipeML_r1_vg1_ep1,STARTED,"Normal execution; DeltaTime: 0.100",2815665.08
1729,2025-09-08 16:30:12.374,EquipeML,EquipeML_r1_vg1_ep1,STARTED,"DeltaTime: 0.100",2815665.92
1730,2025-09-08 16:30:12.479,EquipeML,EquipeML_r1_vg1_ep1,COMPLETED,"Effects applied successfully",2815771.11
1731,2025-09-08 16:30:13.474,PickUpHL,PickUpHL_tp4_fp29_r1,STARTED,"High-level execution with subtree: FF_Default_DynamicFlow_PickUpHL_tp4_fp29_r1; DeltaTime: 0.100",2816765.72
1732,2025-09-08 16:30:13.569,InitializeML,InitializeML_r1_vg1,STARTED,"Normal execution; DeltaTime: 0.100",2816861.25
1733,2025-09-08 16:30:13.570,InitializeML,InitializeML_r1_vg1,STARTED,"DeltaTime: 0.100",2816861.84
1734,2025-09-08 16:30:13.647,InitializeML,InitializeML_r1_vg1,COMPLETED,"Effects applied successfully",2816938.67
1735,2025-09-08 16:30:14.534,PickUpHL,PickUpHL_tp4_fp29_r1,STARTED,"High-level execution with subtree: FF_Default_DynamicFlow_PickUpHL_tp4_fp29_r1; DeltaTime: 0.100",2817826.03
1736,2025-09-08 16:30:14.697,TravelML,TravelML_r1_ep1_fp29,STARTED,"Normal execution; DeltaTime: 0.100",2817989.00
1737,2025-09-08 16:30:14.697,TravelML,TravelML_r1_ep1_fp29,STARTED,"DeltaTime: 0.100",2817989.49
1738,2025-09-08 16:30:14.792,TravelML,TravelML_r1_ep1_fp29,COMPLETED,"Effects applied successfully",2818083.59
1739,2025-09-08 16:30:15.720,PickUpHL,PickUpHL_tp4_fp29_r1,STARTED,"High-level execution with subtree: FF_Default_DynamicFlow_PickUpHL_tp4_fp29_r1; DeltaTime: 0.100",2819012.42
1740,2025-09-08 16:30:15.902,PickUpML,PickUpML_tp4_fp29_r1_vg1,STARTED,"Normal execution; DeltaTime: 0.100",2819194.48
1741,2025-09-08 16:30:15.903,PickUpML,PickUpML_tp4_fp29_r1_vg1,STARTED,"DeltaTime: 0.100",2819195.46
1742,2025-09-08 16:30:16.072,PickUpML,PickUpML_tp4_fp29_r1_vg1,COMPLETED,"Effects applied successfully",2819364.38
1743,2025-09-08 16:30:16.079,PickUpHL,PickUpHL_tp4_fp29_r1,COMPLETED,"Subtree execution completed successfully",2819371.37
1744,2025-09-08 16:30:16.842,StackonmultipleHL,StackonmultipleHL_tp4_r1_pr4_m4_lay1,STARTED,"High-level execution with subtree: FF_Default_DynamicFlow_StackonmultipleHL_tp4_r1_pr4_m4_lay1; DeltaTime: 0.100",2820133.80
1745,2025-09-08 16:30:19.464,StackonmultipleHL,StackonmultipleHL_tp4_r1_pr4_m4_lay1,FAILED,"Subtree execution failed",2822755.67
1746,2025-09-08 16:30:20.731,PickUpHL,PickUpHL_tp1_fp5_r1,STARTED,"High-level execution with subtree: FF_Default_DynamicFlow_PickUpHL_tp1_fp5_r1; DeltaTime: 0.100",2824023.45
1747,2025-09-08 16:30:23.677,PickUpHL,PickUpHL_tp1_fp5_r1,FAILED,"Subtree execution failed",2826969.46
1748,2025-09-08 16:30:24.503,PickUpHL,PickUpHL_tp2_fp13_r1,STARTED,"High-level execution with subtree: FF_Default_DynamicFlow_PickUpHL_tp2_fp13_r1; DeltaTime: 0.100",2827794.74
1749,2025-09-08 16:30:27.262,PickUpHL,PickUpHL_tp2_fp13_r1,FAILED,"Subtree execution failed",2830554.27
1750,2025-09-08 16:30:28.282,PickUpHL,PickUpHL_tp3_fp21_r1,STARTED,"High-level execution with subtree: FF_Default_DynamicFlow_PickUpHL_tp3_fp21_r1; DeltaTime: 0.100",2831574.21
1751,2025-09-08 16:30:31.210,PickUpHL,PickUpHL_tp3_fp21_r1,FAILED,"Subtree execution failed",2834501.56
1752,2025-09-08 16:30:32.069,StackonmultipleHL,StackonmultipleHL_tp4_r1_pr4_m4_lay1,STARTED,"High-level execution with subtree: FF_Default_DynamicFlow_StackonmultipleHL_tp4_r1_pr4_m4_lay1; DeltaTime: 0.100",2835361.16
1753,2025-09-08 16:30:32.150,TravelML,TravelML_r1_fp29_pr4,STARTED,"Normal execution; DeltaTime: 0.100",2835441.65
1754,2025-09-08 16:30:32.151,TravelML,TravelML_r1_fp29_pr4,STARTED,"DeltaTime: 0.100",2835442.91
1755,2025-09-08 16:30:32.313,TravelML,TravelML_r1_fp29_pr4,COMPLETED,"Effects applied successfully",2835605.03
1756,2025-09-08 16:30:33.482,StackonmultipleHL,StackonmultipleHL_tp4_r1_pr4_m4_lay1,STARTED,"High-level execution with subtree: FF_Default_DynamicFlow_StackonmultipleHL_tp4_r1_pr4_m4_lay1; DeltaTime: 0.100",2836773.66
1757,2025-09-08 16:30:33.571,StackML,StackML_tp4_b19_r1_vg1_pr4,STARTED,"Normal execution; DeltaTime: 0.100",2836863.02
1758,2025-09-08 16:30:33.573,StackML,StackML_tp4_b19_r1_vg1_pr4,STARTED,"DeltaTime: 0.100",2836865.21
1759,2025-09-08 16:30:33.738,StackML,StackML_tp4_b19_r1_vg1_pr4,COMPLETED,"Effects applied successfully",2837030.30
1760,2025-09-08 16:30:33.754,StackonmultipleHL,StackonmultipleHL_tp4_r1_pr4_m4_lay1,COMPLETED,"Subtree execution completed successfully",2837045.92
1761,2025-09-08 16:30:34.581,NailingHL,NailingHL_tp4_pr4_r1,STARTED,"High-level execution with subtree: FF_Default_DynamicFlow_NailingHL_tp4_pr4_r1; DeltaTime: 0.100",2837873.11
1762,2025-09-08 16:30:37.402,NailingHL,NailingHL_tp4_pr4_r1,FAILED,"Subtree execution failed",2840694.35
1763,2025-09-08 16:30:38.626,PickUpHL,PickUpHL_tp1_fp5_r1,STARTED,"High-level execution with subtree: FF_Default_DynamicFlow_PickUpHL_tp1_fp5_r1; DeltaTime: 0.100",2841917.60
1764,2025-09-08 16:30:41.579,PickUpHL,PickUpHL_tp1_fp5_r1,FAILED,"Subtree execution failed",2844871.36
1765,2025-09-08 16:30:42.279,PickUpHL,PickUpHL_tp2_fp13_r1,STARTED,"High-level execution with subtree: FF_Default_DynamicFlow_PickUpHL_tp2_fp13_r1; DeltaTime: 0.100",2845571.53
1766,2025-09-08 16:30:44.915,PickUpHL,PickUpHL_tp2_fp13_r1,FAILED,"Subtree execution failed",2848206.97
1767,2025-09-08 16:30:45.930,PickUpHL,PickUpHL_tp3_fp21_r1,STARTED,"High-level execution with subtree: FF_Default_DynamicFlow_PickUpHL_tp3_fp21_r1; DeltaTime: 0.100",2849222.17
1768,2025-09-08 16:30:48.618,TravelML,TravelML_r1_pr4_fp21,STARTED,"Normal execution; DeltaTime: 0.100",2851910.36
1769,2025-09-08 16:30:48.619,TravelML,TravelML_r1_pr4_fp21,STARTED,"DeltaTime: 0.100",2851911.23
1770,2025-09-08 16:30:48.749,TravelML,TravelML_r1_pr4_fp21,COMPLETED,"Effects applied successfully",2852041.52
1771,2025-09-08 16:30:50.117,PickUpHL,PickUpHL_tp3_fp21_r1,STARTED,"High-level execution with subtree: FF_Default_DynamicFlow_PickUpHL_tp3_fp21_r1; DeltaTime: 0.100",2853409.39
1772,2025-09-08 16:30:50.164,PickUpML,PickUpML_tp3_fp21_r1_vg1,STARTED,"Normal execution; DeltaTime: 0.100",2853456.14
1773,2025-09-08 16:30:50.165,PickUpML,PickUpML_tp3_fp21_r1_vg1,STARTED,"DeltaTime: 0.100",2853456.62
1774,2025-09-08 16:30:50.260,PickUpML,PickUpML_tp3_fp21_r1_vg1,COMPLETED,"Effects applied successfully",2853552.31
1775,2025-09-08 16:30:50.268,PickUpHL,PickUpHL_tp3_fp21_r1,COMPLETED,"Subtree execution completed successfully",2853559.67
1776,2025-09-08 16:30:51.159,StackonmultipleHL,StackonmultipleHL_tp3_r1_pr3_m3_lay1,STARTED,"High-level execution with subtree: FF_Default_DynamicFlow_StackonmultipleHL_tp3_r1_pr3_m3_lay1; DeltaTime: 0.100",2854450.89
1777,2025-09-08 16:30:53.760,StackonmultipleHL,StackonmultipleHL_tp3_r1_pr3_m3_lay1,FAILED,"Subtree execution failed",2857052.05
1778,2025-09-08 16:30:54.442,NailingHL,NailingHL_tp4_pr4_r1,STARTED,"High-level execution with subtree: FF_Default_DynamicFlow_NailingHL_tp4_pr4_r1; DeltaTime: 0.100",2857733.74
1779,2025-09-08 16:30:57.360,NailingHL,NailingHL_tp4_pr4_r1,FAILED,"Subtree execution failed",2860651.83
1780,2025-09-08 16:30:58.568,PickUpHL,PickUpHL_tp1_fp5_r1,STARTED,"High-level execution with subtree: FF_Default_DynamicFlow_PickUpHL_tp1_fp5_r1; DeltaTime: 0.100",2861860.01
1781,2025-09-08 16:31:02.131,PickUpHL,PickUpHL_tp1_fp5_r1,FAILED,"Subtree execution failed",2865423.41
1782,2025-09-08 16:31:02.872,PickUpHL,PickUpHL_tp2_fp13_r1,STARTED,"High-level execution with subtree: FF_Default_DynamicFlow_PickUpHL_tp2_fp13_r1; DeltaTime: 0.100",2866163.77
1783,2025-09-08 16:31:08.600,PickUpHL,PickUpHL_tp2_fp13_r1,FAILED,"Subtree execution failed",2871892.18
1784,2025-09-08 16:31:09.585,StackonmultipleHL,StackonmultipleHL_tp3_r1_pr3_m3_lay1,STARTED,"High-level execution with subtree: FF_Default_DynamicFlow_StackonmultipleHL_tp3_r1_pr3_m3_lay1; DeltaTime: 0.100",2872877.11
1785,2025-09-08 16:31:09.623,TravelML,TravelML_r1_fp21_pr3,STARTED,"Normal execution; DeltaTime: 0.100",2872914.76
1786,2025-09-08 16:31:09.623,TravelML,TravelML_r1_fp21_pr3,STARTED,"DeltaTime: 0.100",2872915.05
1787,2025-09-08 16:31:09.719,TravelML,TravelML_r1_fp21_pr3,COMPLETED,"Effects applied successfully",2873010.87
1788,2025-09-08 16:31:10.908,StackonmultipleHL,StackonmultipleHL_tp3_r1_pr3_m3_lay1,STARTED,"High-level execution with subtree: FF_Default_DynamicFlow_StackonmultipleHL_tp3_r1_pr3_m3_lay1; DeltaTime: 0.100",2874199.89
1789,2025-09-08 16:31:10.952,StackML,StackML_tp3_b13_r1_vg1_pr3,STARTED,"Normal execution; DeltaTime: 0.100",2874244.00
1790,2025-09-08 16:31:10.952,StackML,StackML_tp3_b13_r1_vg1_pr3,STARTED,"DeltaTime: 0.100",2874244.50
1791,2025-09-08 16:31:11.036,StackML,StackML_tp3_b13_r1_vg1_pr3,COMPLETED,"Effects applied successfully",2874328.27
1792,2025-09-08 16:31:11.042,StackonmultipleHL,StackonmultipleHL_tp3_r1_pr3_m3_lay1,COMPLETED,"Subtree execution completed successfully",2874333.62
1793,2025-09-08 16:31:11.710,NailingHL,NailingHL_tp3_pr3_r1,STARTED,"High-level execution with subtree: FF_Default_DynamicFlow_NailingHL_tp3_pr3_r1; DeltaTime: 0.100",2875002.07
1794,2025-09-08 16:31:14.490,NailingHL,NailingHL_tp3_pr3_r1,FAILED,"Subtree execution failed",2877781.81
1795,2025-09-08 16:31:15.227,NailingHL,NailingHL_tp4_pr4_r1,STARTED,"High-level execution with subtree: FF_Default_DynamicFlow_NailingHL_tp4_pr4_r1; DeltaTime: 0.100",2878519.08
1796,2025-09-08 16:31:18.205,NailingHL,NailingHL_tp4_pr4_r1,FAILED,"Subtree execution failed",2881497.43
1797,2025-09-08 16:31:19.256,PickUpHL,PickUpHL_tp1_fp5_r1,STARTED,"High-level execution with subtree: FF_Default_DynamicFlow_PickUpHL_tp1_fp5_r1; DeltaTime: 0.100",2882548.50
1798,2025-09-08 16:31:21.820,PickUpHL,PickUpHL_tp1_fp5_r1,FAILED,"Subtree execution failed",2885112.15
1799,2025-09-08 16:31:22.860,PickUpHL,PickUpHL_tp2_fp13_r1,STARTED,"High-level execution with subtree: FF_Default_DynamicFlow_PickUpHL_tp2_fp13_r1; DeltaTime: 0.100",2886152.32
1800,2025-09-08 16:31:25.498,TravelML,TravelML_r1_pr3_fp13,STARTED,"Normal execution; DeltaTime: 0.100",2888789.80
1801,2025-09-08 16:31:25.499,TravelML,TravelML_r1_pr3_fp13,STARTED,"DeltaTime: 0.100",2888790.72
1802,2025-09-08 16:31:25.658,TravelML,TravelML_r1_pr3_fp13,COMPLETED,"Effects applied successfully",2888950.22
1803,2025-09-08 16:31:26.848,PickUpHL,PickUpHL_tp2_fp13_r1,STARTED,"High-level execution with subtree: FF_Default_DynamicFlow_PickUpHL_tp2_fp13_r1; DeltaTime: 0.100",2890140.44
1804,2025-09-08 16:31:26.989,PickUpML,PickUpML_tp2_fp13_r1_vg1,STARTED,"Normal execution; DeltaTime: 0.100",2890280.90
1805,2025-09-08 16:31:26.989,PickUpML,PickUpML_tp2_fp13_r1_vg1,STARTED,"DeltaTime: 0.100",2890281.52
1806,2025-09-08 16:31:27.173,PickUpML,PickUpML_tp2_fp13_r1_vg1,COMPLETED,"Effects applied successfully",2890464.61
1807,2025-09-08 16:31:27.186,PickUpHL,PickUpHL_tp2_fp13_r1,COMPLETED,"Subtree execution completed successfully",2890478.42
1808,2025-09-08 16:31:27.978,StackonmultipleHL,StackonmultipleHL_tp2_r1_pr2_m2_lay1,STARTED,"High-level execution with subtree: FF_Default_DynamicFlow_StackonmultipleHL_tp2_r1_pr2_m2_lay1; DeltaTime: 0.100",2891270.40
1809,2025-09-08 16:31:30.560,StackonmultipleHL,StackonmultipleHL_tp2_r1_pr2_m2_lay1,FAILED,"Subtree execution failed",2893852.52
1810,2025-09-08 16:31:31.362,NailingHL,NailingHL_tp3_pr3_r1,STARTED,"High-level execution with subtree: FF_Default_DynamicFlow_NailingHL_tp3_pr3_r1; DeltaTime: 0.100",2894653.84
1811,2025-09-08 16:31:34.240,NailingHL,NailingHL_tp3_pr3_r1,FAILED,"Subtree execution failed",2897531.83
1812,2025-09-08 16:31:34.961,NailingHL,NailingHL_tp4_pr4_r1,STARTED,"High-level execution with subtree: FF_Default_DynamicFlow_NailingHL_tp4_pr4_r1; DeltaTime: 0.100",2898253.48
1813,2025-09-08 16:31:37.833,NailingHL,NailingHL_tp4_pr4_r1,FAILED,"Subtree execution failed",2901125.17
1814,2025-09-08 16:31:38.884,PickUpHL,PickUpHL_tp1_fp5_r1,STARTED,"High-level execution with subtree: FF_Default_DynamicFlow_PickUpHL_tp1_fp5_r1; DeltaTime: 0.100",2902176.25
1815,2025-09-08 16:31:41.579,PickUpHL,PickUpHL_tp1_fp5_r1,FAILED,"Subtree execution failed",2904870.91
1816,2025-09-08 16:31:42.282,StackonmultipleHL,StackonmultipleHL_tp2_r1_pr2_m2_lay1,STARTED,"High-level execution with subtree: FF_Default_DynamicFlow_StackonmultipleHL_tp2_r1_pr2_m2_lay1; DeltaTime: 0.100",2905573.75
1817,2025-09-08 16:31:42.330,TravelML,TravelML_r1_fp13_pr2,STARTED,"Normal execution; DeltaTime: 0.100",2905621.80
1818,2025-09-08 16:31:42.331,TravelML,TravelML_r1_fp13_pr2,STARTED,"DeltaTime: 0.100",2905622.82
1819,2025-09-08 16:31:42.454,TravelML,TravelML_r1_fp13_pr2,COMPLETED,"Effects applied successfully",2905746.37
1820,2025-09-08 16:31:45.164,StackonmultipleHL,StackonmultipleHL_tp2_r1_pr2_m2_lay1,STARTED,"High-level execution with subtree: FF_Default_DynamicFlow_StackonmultipleHL_tp2_r1_pr2_m2_lay1; DeltaTime: 0.100",2908455.70
1821,2025-09-08 16:31:45.246,StackML,StackML_tp2_b7_r1_vg1_pr2,STARTED,"Normal execution; DeltaTime: 0.100",2908537.58
1822,2025-09-08 16:31:45.247,StackML,StackML_tp2_b7_r1_vg1_pr2,STARTED,"DeltaTime: 0.100",2908539.00
1823,2025-09-08 16:31:45.440,StackML,StackML_tp2_b7_r1_vg1_pr2,COMPLETED,"Effects applied successfully",2908732.34
1824,2025-09-08 16:31:45.447,StackonmultipleHL,StackonmultipleHL_tp2_r1_pr2_m2_lay1,COMPLETED,"Subtree execution completed successfully",2908739.51
1825,2025-09-08 16:31:46.204,NailingHL,NailingHL_tp2_pr2_r1,STARTED,"High-level execution with subtree: FF_Default_DynamicFlow_NailingHL_tp2_pr2_r1; DeltaTime: 0.100",2909496.21
1826,2025-09-08 16:31:48.935,NailingHL,NailingHL_tp2_pr2_r1,FAILED,"Subtree execution failed",2912226.92
1827,2025-09-08 16:31:49.669,NailingHL,NailingHL_tp3_pr3_r1,STARTED,"High-level execution with subtree: FF_Default_DynamicFlow_NailingHL_tp3_pr3_r1; DeltaTime: 0.100",2912961.30
1828,2025-09-08 16:31:52.514,NailingHL,NailingHL_tp3_pr3_r1,FAILED,"Subtree execution failed",2915805.96
1829,2025-09-08 16:31:53.058,NailingHL,NailingHL_tp4_pr4_r1,STARTED,"High-level execution with subtree: FF_Default_DynamicFlow_NailingHL_tp4_pr4_r1; DeltaTime: 0.100",2916349.63
1830,2025-09-08 16:31:55.785,NailingHL,NailingHL_tp4_pr4_r1,FAILED,"Subtree execution failed",2919076.97
1831,2025-09-08 16:31:57.006,PickUpHL,PickUpHL_tp1_fp5_r1,STARTED,"High-level execution with subtree: FF_Default_DynamicFlow_PickUpHL_tp1_fp5_r1; DeltaTime: 0.100",2920298.08
1832,2025-09-08 16:31:59.585,TravelML,TravelML_r1_pr2_fp5,STARTED,"Normal execution; DeltaTime: 0.100",2922877.19
1833,2025-09-08 16:31:59.586,TravelML,TravelML_r1_pr2_fp5,STARTED,"DeltaTime: 0.100",2922878.05
1834,2025-09-08 16:31:59.666,TravelML,TravelML_r1_pr2_fp5,COMPLETED,"Effects applied successfully",2922957.73
1835,2025-09-08 16:32:00.783,PickUpHL,PickUpHL_tp1_fp5_r1,STARTED,"High-level execution with subtree: FF_Default_DynamicFlow_PickUpHL_tp1_fp5_r1; DeltaTime: 0.100",2924075.05
1836,2025-09-08 16:32:00.831,PickUpML,PickUpML_tp1_fp5_r1_vg1,STARTED,"Normal execution; DeltaTime: 0.100",2924123.02
1837,2025-09-08 16:32:00.832,PickUpML,PickUpML_tp1_fp5_r1_vg1,STARTED,"DeltaTime: 0.100",2924123.91
1838,2025-09-08 16:32:00.932,PickUpML,PickUpML_tp1_fp5_r1_vg1,COMPLETED,"Effects applied successfully",2924223.59
1839,2025-09-08 16:32:00.938,PickUpHL,PickUpHL_tp1_fp5_r1,COMPLETED,"Subtree execution completed successfully",2924230.42
1840,2025-09-08 16:32:02.012,StackonmultipleHL,StackonmultipleHL_tp1_r1_pr1_m1_lay1,STARTED,"High-level execution with subtree: FF_Default_DynamicFlow_StackonmultipleHL_tp1_r1_pr1_m1_lay1; DeltaTime: 0.100",2925303.63
1841,2025-09-08 16:32:04.559,StackonmultipleHL,StackonmultipleHL_tp1_r1_pr1_m1_lay1,FAILED,"Subtree execution failed",2927850.60
1842,2025-09-08 16:32:05.349,NailingHL,NailingHL_tp2_pr2_r1,STARTED,"High-level execution with subtree: FF_Default_DynamicFlow_NailingHL_tp2_pr2_r1; DeltaTime: 0.100",2928641.52
1843,2025-09-08 16:33:57.533,NailingHL,NailingHL_tp2_pr2_r1,FAILED,"Subtree execution failed",3040824.84
1844,2025-09-08 16:33:58.357,NailingHL,NailingHL_tp3_pr3_r1,STARTED,"High-level execution with subtree: FF_Default_DynamicFlow_NailingHL_tp3_pr3_r1; DeltaTime: 0.100",3041649.24
1845,2025-09-08 16:34:01.534,NailingHL,NailingHL_tp3_pr3_r1,FAILED,"Subtree execution failed",3044826.23
1846,2025-09-08 16:34:02.527,NailingHL,NailingHL_tp4_pr4_r1,STARTED,"High-level execution with subtree: FF_Default_DynamicFlow_NailingHL_tp4_pr4_r1; DeltaTime: 0.100",3045818.73
1847,2025-09-08 16:34:05.656,NailingHL,NailingHL_tp4_pr4_r1,FAILED,"Subtree execution failed",3048948.27
1848,2025-09-08 16:34:07.580,StackonmultipleHL,StackonmultipleHL_tp1_r1_pr1_m1_lay1,STARTED,"High-level execution with subtree: FF_Default_DynamicFlow_StackonmultipleHL_tp1_r1_pr1_m1_lay1; DeltaTime: 0.100",3050871.99
1849,2025-09-08 16:34:07.604,TravelML,TravelML_r1_fp5_pr1,STARTED,"Normal execution; DeltaTime: 0.100",3050896.23
1850,2025-09-08 16:34:07.604,TravelML,TravelML_r1_fp5_pr1,STARTED,"DeltaTime: 0.100",3050896.46
1851,2025-09-08 16:34:07.642,TravelML,TravelML_r1_fp5_pr1,COMPLETED,"Effects applied successfully",3050934.21
1852,2025-09-08 16:34:58.673,StackonmultipleHL,StackonmultipleHL_tp1_r1_pr1_m1_lay1,STARTED,"High-level execution with subtree: FF_Default_DynamicFlow_StackonmultipleHL_tp1_r1_pr1_m1_lay1; DeltaTime: 0.100",3101964.62
1853,2025-09-08 16:34:58.802,StackML,StackML_tp1_b1_r1_vg1_pr1,STARTED,"Normal execution; DeltaTime: 0.100",3102094.07
1854,2025-09-08 16:34:58.802,StackML,StackML_tp1_b1_r1_vg1_pr1,STARTED,"DeltaTime: 0.100",3102094.48
1855,2025-09-08 16:34:58.998,StackML,StackML_tp1_b1_r1_vg1_pr1,COMPLETED,"Effects applied successfully",3102289.68
1856,2025-09-08 16:34:59.006,StackonmultipleHL,StackonmultipleHL_tp1_r1_pr1_m1_lay1,COMPLETED,"Subtree execution completed successfully",3102297.93
1857,2025-09-08 16:34:59.937,NailingHL,NailingHL_tp1_pr1_r1,STARTED,"High-level execution with subtree: FF_Default_DynamicFlow_NailingHL_tp1_pr1_r1; DeltaTime: 0.100",3103229.33
1858,2025-09-08 16:35:02.738,NailingHL,NailingHL_tp1_pr1_r1,FAILED,"Subtree execution failed",3106029.60
1859,2025-09-08 16:35:03.858,NailingHL,NailingHL_tp2_pr2_r1,STARTED,"High-level execution with subtree: FF_Default_DynamicFlow_NailingHL_tp2_pr2_r1; DeltaTime: 0.100",3107150.49
1860,2025-09-08 16:35:06.668,NailingHL,NailingHL_tp2_pr2_r1,FAILED,"Subtree execution failed",3109959.98
1861,2025-09-08 16:35:07.647,NailingHL,NailingHL_tp3_pr3_r1,STARTED,"High-level execution with subtree: FF_Default_DynamicFlow_NailingHL_tp3_pr3_r1; DeltaTime: 0.100",3110939.29
1862,2025-09-08 16:35:10.469,NailingHL,NailingHL_tp3_pr3_r1,FAILED,"Subtree execution failed",3113761.15
1863,2025-09-08 16:35:11.600,NailingHL,NailingHL_tp4_pr4_r1,STARTED,"High-level execution with subtree: FF_Default_DynamicFlow_NailingHL_tp4_pr4_r1; DeltaTime: 0.100",3114891.99
1864,2025-09-08 16:35:14.573,TravelML,TravelML_r1_pr1_ep1,STARTED,"Normal execution; DeltaTime: 0.100",3117865.18
1865,2025-09-08 16:35:14.574,TravelML,TravelML_r1_pr1_ep1,STARTED,"DeltaTime: 0.100",3117866.27
1866,2025-09-08 16:35:14.669,TravelML,TravelML_r1_pr1_ep1,COMPLETED,"Effects applied successfully",3117961.39
1867,2025-09-08 16:35:15.684,NailingHL,NailingHL_tp4_pr4_r1,STARTED,"High-level execution with subtree: FF_Default_DynamicFlow_NailingHL_tp4_pr4_r1; DeltaTime: 0.100",3118975.64
1868,2025-09-08 16:35:15.818,CloseToolML,CloseToolML_r1_vg1,STARTED,"Normal execution; DeltaTime: 0.100",3119109.59
1869,2025-09-08 16:35:15.818,CloseToolML,CloseToolML_r1_vg1,STARTED,"DeltaTime: 0.100",3119110.52
1870,2025-09-08 16:35:15.968,CloseToolML,CloseToolML_r1_vg1,COMPLETED,"Effects applied successfully",3119260.01
1871,2025-09-08 16:35:17.319,NailingHL,NailingHL_tp4_pr4_r1,STARTED,"High-level execution with subtree: FF_Default_DynamicFlow_NailingHL_tp4_pr4_r1; DeltaTime: 0.100",3120610.98
1872,2025-09-08 16:35:17.386,DeequipML,DeequipML_r1_vg1_ep1,STARTED,"Normal execution; DeltaTime: 0.100",3120678.44
1873,2025-09-08 16:35:17.387,DeequipML,DeequipML_r1_vg1_ep1,STARTED,"DeltaTime: 0.100",3120678.77
1874,2025-09-08 16:35:17.469,DeequipML,DeequipML_r1_vg1_ep1,COMPLETED,"Effects applied successfully",3120761.53
1875,2025-09-08 16:35:58.465,NailingHL,NailingHL_tp4_pr4_r1,STARTED,"High-level execution with subtree: FF_Default_DynamicFlow_NailingHL_tp4_pr4_r1; DeltaTime: 0.100",3161756.71
1876,2025-09-08 16:35:58.602,TravelML,TravelML_r1_ep1_ep3,STARTED,"Normal execution; DeltaTime: 0.100",3161894.36
1877,2025-09-08 16:35:58.603,TravelML,TravelML_r1_ep1_ep3,STARTED,"DeltaTime: 0.100",3161894.85
1878,2025-09-08 16:35:58.683,TravelML,TravelML_r1_ep1_ep3,COMPLETED,"Effects applied successfully",3161974.54
1879,2025-09-08 16:35:59.824,NailingHL,NailingHL_tp4_pr4_r1,STARTED,"High-level execution with subtree: FF_Default_DynamicFlow_NailingHL_tp4_pr4_r1; DeltaTime: 0.100",3163116.31
1880,2025-09-08 16:35:59.971,EquipeML,EquipeML_r1_ng1_ep3,STARTED,"Normal execution; DeltaTime: 0.100",3163263.43
1881,2025-09-08 16:35:59.973,EquipeML,EquipeML_r1_ng1_ep3,STARTED,"DeltaTime: 0.100",3163264.89
1882,2025-09-08 16:36:00.088,EquipeML,EquipeML_r1_ng1_ep3,COMPLETED,"Effects applied successfully",3163380.00
1883,2025-09-08 16:36:01.029,NailingHL,NailingHL_tp4_pr4_r1,STARTED,"High-level execution with subtree: FF_Default_DynamicFlow_NailingHL_tp4_pr4_r1; DeltaTime: 0.100",3164320.77
1884,2025-09-08 16:36:01.073,TravelML,TravelML_r1_ep3_pr4,STARTED,"Normal execution; DeltaTime: 0.100",3164365.47
1885,2025-09-08 16:36:01.074,TravelML,TravelML_r1_ep3_pr4,STARTED,"DeltaTime: 0.100",3164365.70
1886,2025-09-08 16:36:51.479,TravelML,TravelML_r1_ep3_pr4,COMPLETED,"Effects applied successfully",3214771.36
1887,2025-09-08 16:36:52.919,NailingHL,NailingHL_tp4_pr4_r1,STARTED,"High-level execution with subtree: FF_Default_DynamicFlow_NailingHL_tp4_pr4_r1; DeltaTime: 0.100",3216211.00
1888,2025-09-08 16:36:52.999,InitializeML,InitializeML_r1_ng1,STARTED,"Normal execution; DeltaTime: 0.100",3216290.76
1889,2025-09-08 16:36:52.999,InitializeML,InitializeML_r1_ng1,STARTED,"DeltaTime: 0.100",3216291.10
1890,2025-09-08 16:36:53.054,InitializeML,InitializeML_r1_ng1,COMPLETED,"Effects applied successfully",3216346.30
1891,2025-09-08 16:36:55.386,NailingHL,NailingHL_tp4_pr4_r1,STARTED,"High-level execution with subtree: FF_Default_DynamicFlow_NailingHL_tp4_pr4_r1; DeltaTime: 0.100",3218678.27
1892,2025-09-08 16:36:55.520,NailingML,NailingML_tp4_pr4_r1_ng1,STARTED,"Normal execution; DeltaTime: 0.100",3218812.25
1893,2025-09-08 16:36:55.521,NailingML,NailingML_tp4_pr4_r1_ng1,STARTED,"DeltaTime: 0.100",3218812.89
1894,2025-09-08 16:36:55.616,NailingML,NailingML_tp4_pr4_r1_ng1,COMPLETED,"Effects applied successfully",3218908.19
1895,2025-09-08 16:36:55.626,NailingHL,NailingHL_tp4_pr4_r1,COMPLETED,"Subtree execution completed successfully",3218918.53
1896,2025-09-08 16:36:56.776,NailingHL,NailingHL_tp1_pr1_r1,STARTED,"High-level execution with subtree: FF_Default_DynamicFlow_NailingHL_tp1_pr1_r1; DeltaTime: 0.100",3220067.68
1897,2025-09-08 16:37:00.192,NailingHL,NailingHL_tp1_pr1_r1,FAILED,"Subtree execution failed",3223483.81
1898,2025-09-08 16:37:00.680,NailingHL,NailingHL_tp2_pr2_r1,STARTED,"High-level execution with subtree: FF_Default_DynamicFlow_NailingHL_tp2_pr2_r1; DeltaTime: 0.100",3223972.01
1899,2025-09-08 16:37:03.536,NailingHL,NailingHL_tp2_pr2_r1,FAILED,"Subtree execution failed",3226828.13
1900,2025-09-08 16:37:03.902,NailingHL,NailingHL_tp3_pr3_r1,STARTED,"High-level execution with subtree: FF_Default_DynamicFlow_NailingHL_tp3_pr3_r1; DeltaTime: 0.100",3227194.03
1901,2025-09-08 16:37:10.551,TravelML,TravelML_r1_pr4_pr3,STARTED,"Normal execution; DeltaTime: 0.100",3233843.22
1902,2025-09-08 16:37:10.552,TravelML,TravelML_r1_pr4_pr3,STARTED,"DeltaTime: 0.100",3233843.66
1903,2025-09-08 16:37:10.658,TravelML,TravelML_r1_pr4_pr3,COMPLETED,"Effects applied successfully",3233950.52
1904,2025-09-08 16:37:11.817,NailingHL,NailingHL_tp3_pr3_r1,STARTED,"High-level execution with subtree: FF_Default_DynamicFlow_NailingHL_tp3_pr3_r1; DeltaTime: 0.100",3235109.33
1905,2025-09-08 16:37:11.874,NailingML,NailingML_tp3_pr3_r1_ng1,STARTED,"Normal execution; DeltaTime: 0.100",3235166.19
1906,2025-09-08 16:37:11.875,NailingML,NailingML_tp3_pr3_r1_ng1,STARTED,"DeltaTime: 0.100",3235166.61
1907,2025-09-08 16:37:11.944,NailingML,NailingML_tp3_pr3_r1_ng1,COMPLETED,"Effects applied successfully",3235236.23
1908,2025-09-08 16:37:11.953,NailingHL,NailingHL_tp3_pr3_r1,COMPLETED,"Subtree execution completed successfully",3235244.83
1909,2025-09-08 16:37:13.548,NailingHL,NailingHL_tp1_pr1_r1,STARTED,"High-level execution with subtree: FF_Default_DynamicFlow_NailingHL_tp1_pr1_r1; DeltaTime: 0.100",3236839.69
1910,2025-09-08 16:37:16.082,NailingHL,NailingHL_tp1_pr1_r1,FAILED,"Subtree execution failed",3239373.69
1911,2025-09-08 16:37:16.842,NailingHL,NailingHL_tp2_pr2_r1,STARTED,"High-level execution with subtree: FF_Default_DynamicFlow_NailingHL_tp2_pr2_r1; DeltaTime: 0.100",3240134.36
1912,2025-09-08 16:37:19.733,TravelML,TravelML_r1_pr3_pr2,STARTED,"Normal execution; DeltaTime: 0.100",3243025.17
1913,2025-09-08 16:37:19.734,TravelML,TravelML_r1_pr3_pr2,STARTED,"DeltaTime: 0.100",3243026.32
1914,2025-09-08 16:37:19.867,TravelML,TravelML_r1_pr3_pr2,COMPLETED,"Effects applied successfully",3243159.46
1915,2025-09-08 16:37:21.306,NailingHL,NailingHL_tp2_pr2_r1,STARTED,"High-level execution with subtree: FF_Default_DynamicFlow_NailingHL_tp2_pr2_r1; DeltaTime: 0.100",3244597.55
1916,2025-09-08 16:37:21.353,NailingML,NailingML_tp2_pr2_r1_ng1,STARTED,"Normal execution; DeltaTime: 0.100",3244645.34
1917,2025-09-08 16:37:21.354,NailingML,NailingML_tp2_pr2_r1_ng1,STARTED,"DeltaTime: 0.100",3244645.94
1918,2025-09-08 16:37:21.462,NailingML,NailingML_tp2_pr2_r1_ng1,COMPLETED,"Effects applied successfully",3244754.09
1919,2025-09-08 16:37:21.515,NailingHL,NailingHL_tp2_pr2_r1,COMPLETED,"Subtree execution completed successfully",3244807.51
1920,2025-09-08 16:37:23.729,NailingHL,NailingHL_tp1_pr1_r1,STARTED,"High-level execution with subtree: FF_Default_DynamicFlow_NailingHL_tp1_pr1_r1; DeltaTime: 0.100",3247020.98
1921,2025-09-08 16:37:26.251,TravelML,TravelML_r1_pr2_pr1,STARTED,"Normal execution; DeltaTime: 0.100",3249543.13
1922,2025-09-08 16:37:26.251,TravelML,TravelML_r1_pr2_pr1,STARTED,"DeltaTime: 0.100",3249543.33
1923,2025-09-08 16:37:26.284,TravelML,TravelML_r1_pr2_pr1,COMPLETED,"Effects applied successfully",3249576.48
1924,2025-09-08 16:37:27.396,NailingHL,NailingHL_tp1_pr1_r1,STARTED,"High-level execution with subtree: FF_Default_DynamicFlow_NailingHL_tp1_pr1_r1; DeltaTime: 0.100",3250687.92
1925,2025-09-08 16:37:27.450,NailingML,NailingML_tp1_pr1_r1_ng1,STARTED,"Normal execution; DeltaTime: 0.100",3250741.55
1926,2025-09-08 16:37:27.450,NailingML,NailingML_tp1_pr1_r1_ng1,STARTED,"DeltaTime: 0.100",3250741.96
1927,2025-09-08 16:37:27.522,NailingML,NailingML_tp1_pr1_r1_ng1,COMPLETED,"Effects applied successfully",3250813.77
1928,2025-09-08 16:37:27.528,NailingHL,NailingHL_tp1_pr1_r1,COMPLETED,"Subtree execution completed successfully",3250819.87
