CallNumber,Timestamp,PlannerName,HLActionInstance,ProblemFile,Success,PlannerTimeMs,TotalTimeMs,ActionsGenerated,PlanLength,Error
1,2026-07-01 14:58:52.278,ENHSP,cassette1,./Plannerinputs/static/problemC1.pddl,True,1492.84,1753.68,31,0,
2,2026-07-01 14:58:54.034,ENHSP,cassette2,./Plannerinputs/static/problemC2.pddl,True,1378.72,1480.38,31,0,
3,2026-07-01 14:58:55.515,ENHSP,cassette3,./Plannerinputs/static/problemC3.pddl,True,1375.28,1449.45,31,0,
4,2026-07-01 14:58:56.965,ENHSP,cassette4,./Plannerinputs/static/problemC4.pddl,True,1328.79,1419.21,31,0,
5,2026-07-01 14:58:58.441,LAMA-FIRST,PickUpHL_lp1_fp1_r1,Plannerinputs/generated/problemPickUpHL_lp1_fp1_r1.pddl,True,3449.50,3505.87,5,0,
6,2026-07-01 14:59:01.992,LAMA-FIRST,PickUpHL_lp2_fp9_r1,Plannerinputs/generated/problemPickUpHL_lp2_fp9_r1.pddl,True,3552.01,3596.86,6,0,
7,2026-07-01 14:59:05.630,FF,PickUpHL_lp3_fp17_r1,Plannerinputs/generated/problemPickUpHL_lp3_fp17_r1.pddl,True,290.93,351.40,5,0,
8,2026-07-01 14:59:06.026,FF,PickUpHL_lp4_fp25_r1,Plannerinputs/generated/problemPickUpHL_lp4_fp25_r1.pddl,True,293.26,348.43,5,0,
9,2026-07-01 14:59:07.267,LAMA-FIRST,PickUpHL_lp2_fp9_r1,Plannerinputs/generated/problemPickUpHL_lp2_fp9_r1.pddl,True,3456.90,3487.20,3,0,
10,2026-07-01 14:59:10.761,FF,PickUpHL_lp3_fp17_r1,Plannerinputs/generated/problemPickUpHL_lp3_fp17_r1.pddl,True,288.98,345.12,3,0,
11,2026-07-01 14:59:11.116,FF,PickUpHL_lp4_fp25_r1,Plannerinputs/generated/problemPickUpHL_lp4_fp25_r1.pddl,True,279.68,331.99,3,0,
12,2026-07-01 14:59:11.622,LAMA-FIRST,PlaceHL_lp1_pr1_r1,Plannerinputs/generated/problemPlaceHL_lp1_pr1_r1.pddl,True,4468.69,4501.95,2,0,
13,2026-07-01 14:59:16.469,LAMA-FIRST,PickUpHL_lp2_fp9_r1,Plannerinputs/generated/problemPickUpHL_lp2_fp9_r1.pddl,True,3500.23,3534.63,2,0,
14,2026-07-01 14:59:20.038,FF,PickUpHL_lp3_fp17_r1,Plannerinputs/generated/problemPickUpHL_lp3_fp17_r1.pddl,True,305.92,356.42,2,0,
15,2026-07-01 14:59:20.406,FF,PickUpHL_lp4_fp25_r1,Plannerinputs/generated/problemPickUpHL_lp4_fp25_r1.pddl,True,284.62,335.00,2,0,
16,2026-07-01 14:59:20.921,LAMA-FIRST,GluingPlateHL_lp1_pr1_r1,Plannerinputs/generated/problemGluingPlateHL_lp1_pr1_r1.pddl,True,3566.93,3607.76,8,0,
17,2026-07-01 14:59:24.865,FF,PickUpHL_lp3_fp17_r1,Plannerinputs/generated/problemPickUpHL_lp3_fp17_r1.pddl,True,287.26,332.08,3,0,
18,2026-07-01 14:59:25.234,FF,PickUpHL_lp4_fp25_r1,Plannerinputs/generated/problemPickUpHL_lp4_fp25_r1.pddl,True,281.20,329.30,3,0,
19,2026-07-01 14:59:25.682,LAMA-FIRST,GluingPlateHL_lp1_pr1_r1,Plannerinputs/generated/problemGluingPlateHL_lp1_pr1_r1.pddl,True,3635.35,3684.65,9,0,
20,2026-07-01 14:59:29.435,LAMA-FIRST,PlaceHL_lp2_pr2_r1,Plannerinputs/generated/problemPlaceHL_lp2_pr2_r1.pddl,True,4700.76,4727.51,2,0,
21,2026-07-01 14:59:34.488,FF,PickUpHL_lp3_fp17_r1,Plannerinputs/generated/problemPickUpHL_lp3_fp17_r1.pddl,True,284.76,358.76,2,0,
22,2026-07-01 14:59:34.855,FF,PickUpHL_lp4_fp25_r1,Plannerinputs/generated/problemPickUpHL_lp4_fp25_r1.pddl,True,291.04,340.96,2,0,
23,2026-07-01 14:59:35.345,LAMA-FIRST,GluingPlateHL_lp1_pr1_r1,Plannerinputs/generated/problemGluingPlateHL_lp1_pr1_r1.pddl,True,3487.76,3527.66,8,0,
24,2026-07-01 14:59:38.903,LAMA-FIRST,GluingPlateHL_lp2_pr2_r1,Plannerinputs/generated/problemGluingPlateHL_lp2_pr2_r1.pddl,True,3529.04,3566.38,8,0,
25,2026-07-01 14:59:42.759,FF,PickUpHL_lp4_fp25_r1,Plannerinputs/generated/problemPickUpHL_lp4_fp25_r1.pddl,True,286.83,336.90,3,0,
26,2026-07-01 14:59:43.240,LAMA-FIRST,GluingPlateHL_lp1_pr1_r1,Plannerinputs/generated/problemGluingPlateHL_lp1_pr1_r1.pddl,True,3461.22,3499.71,9,0,
27,2026-07-01 14:59:46.771,LAMA-FIRST,GluingPlateHL_lp2_pr2_r1,Plannerinputs/generated/problemGluingPlateHL_lp2_pr2_r1.pddl,True,3424.28,3472.42,9,0,
28,2026-07-01 14:59:50.310,FF,PlaceHL_lp3_pr3_r1,Plannerinputs/generated/problemPlaceHL_lp3_pr3_r1.pddl,True,282.39,329.85,2,0,
29,2026-07-01 14:59:50.970,FF,PickUpHL_lp4_fp25_r1,Plannerinputs/generated/problemPickUpHL_lp4_fp25_r1.pddl,True,279.07,328.12,2,0,
30,2026-07-01 14:59:51.431,LAMA-FIRST,GluingPlateHL_lp1_pr1_r1,Plannerinputs/generated/problemGluingPlateHL_lp1_pr1_r1.pddl,True,3417.47,3464.71,8,0,
31,2026-07-01 14:59:54.930,LAMA-FIRST,GluingPlateHL_lp2_pr2_r1,Plannerinputs/generated/problemGluingPlateHL_lp2_pr2_r1.pddl,True,3382.26,3427.10,8,0,
32,2026-07-01 14:59:58.410,FF,GluingPlateHL_lp3_pr3_r1,Plannerinputs/generated/problemGluingPlateHL_lp3_pr3_r1.pddl,True,285.14,351.28,8,0,
33,2026-07-01 14:59:59.201,LAMA-FIRST,GluingPlateHL_lp1_pr1_r1,Plannerinputs/generated/problemGluingPlateHL_lp1_pr1_r1.pddl,True,3466.15,3549.30,9,0,
34,2026-07-01 15:00:02.773,LAMA-FIRST,GluingPlateHL_lp2_pr2_r1,Plannerinputs/generated/problemGluingPlateHL_lp2_pr2_r1.pddl,True,3490.20,3568.27,9,0,
35,2026-07-01 15:00:06.378,FF,GluingPlateHL_lp3_pr3_r1,Plannerinputs/generated/problemGluingPlateHL_lp3_pr3_r1.pddl,True,311.85,463.01,11,0,
36,2026-07-01 15:00:06.887,FF,PlaceHL_lp4_pr4_r1,Plannerinputs/generated/problemPlaceHL_lp4_pr4_r1.pddl,True,273.72,339.04,2,0,
37,2026-07-01 15:00:07.817,LAMA-FIRST,GluingPlateHL_lp1_pr1_r1,Plannerinputs/generated/problemGluingPlateHL_lp1_pr1_r1.pddl,True,3391.56,3452.25,8,0,
38,2026-07-01 15:00:11.299,LAMA-FIRST,GluingPlateHL_lp2_pr2_r1,Plannerinputs/generated/problemGluingPlateHL_lp2_pr2_r1.pddl,True,3328.88,3395.81,8,0,
39,2026-07-01 15:00:14.714,FF,GluingPlateHL_lp3_pr3_r1,Plannerinputs/generated/problemGluingPlateHL_lp3_pr3_r1.pddl,True,286.48,396.80,8,0,
40,2026-07-01 15:00:15.220,FF,GluingPlateHL_lp4_pr4_r1,Plannerinputs/generated/problemGluingPlateHL_lp4_pr4_r1.pddl,True,282.40,382.36,8,0,
41,2026-07-01 15:00:17.394,LAMA-FIRST,GluingPlateHL_lp2_pr2_r1,Plannerinputs/generated/problemGluingPlateHL_lp2_pr2_r1.pddl,True,3452.76,3504.78,2,0,
42,2026-07-01 15:00:20.941,FF,GluingPlateHL_lp3_pr3_r1,Plannerinputs/generated/problemGluingPlateHL_lp3_pr3_r1.pddl,True,268.12,353.96,2,0,
43,2026-07-01 15:00:21.360,FF,GluingPlateHL_lp4_pr4_r1,Plannerinputs/generated/problemGluingPlateHL_lp4_pr4_r1.pddl,True,270.66,329.60,2,0,
44,2026-07-01 15:00:21.871,LAMA-FIRST,PickUpHL_b1_fp2_r1,Plannerinputs/generated/problemPickUpHL_b1_fp2_r1.pddl,True,3530.32,3619.40,9,0,
45,2026-07-01 15:00:26.053,FF,GluingPlateHL_lp3_pr3_r1,Plannerinputs/generated/problemGluingPlateHL_lp3_pr3_r1.pddl,True,309.43,381.54,2,0,
46,2026-07-01 15:00:26.467,FF,GluingPlateHL_lp4_pr4_r1,Plannerinputs/generated/problemGluingPlateHL_lp4_pr4_r1.pddl,True,292.29,359.71,2,0,
47,2026-07-01 15:00:27.021,LAMA-FIRST,PickUpHL_b1_fp2_r1,Plannerinputs/generated/problemPickUpHL_b1_fp2_r1.pddl,True,3613.37,3708.45,9,0,
48,2026-07-01 15:00:30.811,LAMA-FIRST,PickUpHL_b7_fp10_r1,Plannerinputs/generated/problemPickUpHL_b7_fp10_r1.pddl,True,3641.29,3739.53,9,0,
49,2026-07-01 15:00:35.142,FF,GluingPlateHL_lp4_pr4_r1,Plannerinputs/generated/problemGluingPlateHL_lp4_pr4_r1.pddl,True,295.44,370.74,2,0,
50,2026-07-01 15:00:35.660,LAMA-FIRST,PickUpHL_b1_fp2_r1,Plannerinputs/generated/problemPickUpHL_b1_fp2_r1.pddl,True,3406.70,3489.76,9,0,
51,2026-07-01 15:00:39.211,LAMA-FIRST,PickUpHL_b7_fp10_r1,Plannerinputs/generated/problemPickUpHL_b7_fp10_r1.pddl,True,3438.64,3522.93,9,0,
52,2026-07-01 15:00:42.794,FF,PickUpHL_b13_fp18_r1,Plannerinputs/generated/problemPickUpHL_b13_fp18_r1.pddl,True,293.64,407.02,9,0,
53,2026-07-01 15:00:43.886,LAMA-FIRST,PickUpHL_b1_fp2_r1,Plannerinputs/generated/problemPickUpHL_b1_fp2_r1.pddl,True,3355.16,3429.66,9,0,
54,2026-07-01 15:00:47.362,LAMA-FIRST,PickUpHL_b7_fp10_r1,Plannerinputs/generated/problemPickUpHL_b7_fp10_r1.pddl,True,3369.12,3445.44,9,0,
55,2026-07-01 15:00:50.850,FF,PickUpHL_b13_fp18_r1,Plannerinputs/generated/problemPickUpHL_b13_fp18_r1.pddl,True,281.92,377.09,9,0,
56,2026-07-01 15:00:51.310,FF,PickUpHL_b19_fp26_r1,Plannerinputs/generated/problemPickUpHL_b19_fp26_r1.pddl,True,280.79,366.30,9,0,
57,2026-07-01 15:00:53.868,LAMA-FIRST,PickUpHL_b7_fp10_r1,Plannerinputs/generated/problemPickUpHL_b7_fp10_r1.pddl,True,3322.52,3368.58,3,0,
58,2026-07-01 15:00:57.283,FF,PickUpHL_b13_fp18_r1,Plannerinputs/generated/problemPickUpHL_b13_fp18_r1.pddl,True,262.11,328.71,3,0,
59,2026-07-01 15:00:57.669,FF,PickUpHL_b19_fp26_r1,Plannerinputs/generated/problemPickUpHL_b19_fp26_r1.pddl,True,268.38,336.34,3,0,
60,2026-07-01 15:00:58.252,LAMA-FIRST,StackHL_b1_lp1_r1_pr1_lay1_m1,Plannerinputs/generated/problemStackHL_b1_lp1_r1_pr1_lay1_m1.pddl,True,4559.81,4608.71,2,0,
61,2026-07-01 15:01:03.387,LAMA-FIRST,PickUpHL_b7_fp10_r1,Plannerinputs/generated/problemPickUpHL_b7_fp10_r1.pddl,True,3237.72,3283.64,2,0,
62,2026-07-01 15:01:06.718,FF,PickUpHL_b13_fp18_r1,Plannerinputs/generated/problemPickUpHL_b13_fp18_r1.pddl,True,270.07,349.51,2,0,
63,2026-07-01 15:01:07.131,FF,PickUpHL_b19_fp26_r1,Plannerinputs/generated/problemPickUpHL_b19_fp26_r1.pddl,True,275.50,326.81,2,0,
64,2026-07-01 15:01:07.691,LAMA-FIRST,PickUpHL_b2_fp3_r1,Plannerinputs/generated/problemPickUpHL_b2_fp3_r1.pddl,True,3238.41,3280.70,2,0,
65,2026-07-01 15:01:11.603,FF,PickUpHL_b13_fp18_r1,Plannerinputs/generated/problemPickUpHL_b13_fp18_r1.pddl,True,305.64,369.77,3,0,
66,2026-07-01 15:01:12.001,FF,PickUpHL_b19_fp26_r1,Plannerinputs/generated/problemPickUpHL_b19_fp26_r1.pddl,True,295.13,365.50,3,0,
67,2026-07-01 15:01:12.512,LAMA-FIRST,PickUpHL_b2_fp3_r1,Plannerinputs/generated/problemPickUpHL_b2_fp3_r1.pddl,True,3517.74,3572.49,3,0,
68,2026-07-01 15:01:16.175,LAMA-FIRST,StackHL_b7_lp2_r1_pr2_lay2_m2,Plannerinputs/generated/problemStackHL_b7_lp2_r1_pr2_lay2_m2.pddl,True,4469.96,4522.52,2,0,
69,2026-07-01 15:01:21.227,FF,PickUpHL_b13_fp18_r1,Plannerinputs/generated/problemPickUpHL_b13_fp18_r1.pddl,True,271.44,340.50,2,0,
70,2026-07-01 15:01:21.621,FF,PickUpHL_b19_fp26_r1,Plannerinputs/generated/problemPickUpHL_b19_fp26_r1.pddl,True,266.36,317.17,2,0,
71,2026-07-01 15:01:22.101,LAMA-FIRST,PickUpHL_b2_fp3_r1,Plannerinputs/generated/problemPickUpHL_b2_fp3_r1.pddl,True,3135.12,3182.45,2,0,
72,2026-07-01 15:01:25.397,LAMA-FIRST,PickUpHL_b8_fp11_r1,Plannerinputs/generated/problemPickUpHL_b8_fp11_r1.pddl,True,3119.85,3165.64,2,0,
73,2026-07-01 15:01:29.143,FF,PickUpHL_b19_fp26_r1,Plannerinputs/generated/problemPickUpHL_b19_fp26_r1.pddl,True,272.24,352.51,3,0,
74,2026-07-01 15:01:29.675,LAMA-FIRST,PickUpHL_b2_fp3_r1,Plannerinputs/generated/problemPickUpHL_b2_fp3_r1.pddl,True,3158.53,3206.32,3,0,
75,2026-07-01 15:01:32.925,LAMA-FIRST,PickUpHL_b8_fp11_r1,Plannerinputs/generated/problemPickUpHL_b8_fp11_r1.pddl,True,3164.10,3242.53,3,0,
76,2026-07-01 15:01:36.217,FF,StackHL_b13_lp3_r1_pr3_lay3_m3,Plannerinputs/generated/problemStackHL_b13_lp3_r1_pr3_lay3_m3.pddl,True,267.71,316.26,2,0,
77,2026-07-01 15:01:37.076,FF,PickUpHL_b19_fp26_r1,Plannerinputs/generated/problemPickUpHL_b19_fp26_r1.pddl,True,269.31,333.74,2,0,
78,2026-07-01 15:01:37.577,LAMA-FIRST,PickUpHL_b2_fp3_r1,Plannerinputs/generated/problemPickUpHL_b2_fp3_r1.pddl,True,3011.95,3069.55,2,0,
79,2026-07-01 15:01:40.683,LAMA-FIRST,PickUpHL_b8_fp11_r1,Plannerinputs/generated/problemPickUpHL_b8_fp11_r1.pddl,True,2996.87,3045.61,2,0,
80,2026-07-01 15:01:43.800,FF,PickUpHL_b14_fp19_r1,Plannerinputs/generated/problemPickUpHL_b14_fp19_r1.pddl,True,273.92,367.70,2,0,
81,2026-07-01 15:01:44.854,LAMA-FIRST,PickUpHL_b2_fp3_r1,Plannerinputs/generated/problemPickUpHL_b2_fp3_r1.pddl,True,2984.26,3035.18,3,0,
82,2026-07-01 15:01:47.911,LAMA-FIRST,PickUpHL_b8_fp11_r1,Plannerinputs/generated/problemPickUpHL_b8_fp11_r1.pddl,True,3004.03,3050.82,3,0,
83,2026-07-01 15:01:50.994,FF,PickUpHL_b14_fp19_r1,Plannerinputs/generated/problemPickUpHL_b14_fp19_r1.pddl,True,272.15,346.28,3,0,
84,2026-07-01 15:01:51.432,FF,StackHL_b19_lp4_r1_pr4_lay4_m4,Plannerinputs/generated/problemStackHL_b19_lp4_r1_pr4_lay4_m4.pddl,True,264.80,328.39,2,0,
85,2026-07-01 15:01:52.434,LAMA-FIRST,PickUpHL_b2_fp3_r1,Plannerinputs/generated/problemPickUpHL_b2_fp3_r1.pddl,True,2930.26,2981.24,2,0,
86,2026-07-01 15:01:55.455,LAMA-FIRST,PickUpHL_b8_fp11_r1,Plannerinputs/generated/problemPickUpHL_b8_fp11_r1.pddl,True,2909.67,2948.37,2,0,
87,2026-07-01 15:01:58.459,FF,PickUpHL_b14_fp19_r1,Plannerinputs/generated/problemPickUpHL_b14_fp19_r1.pddl,True,266.79,332.64,2,0,
88,2026-07-01 15:01:58.862,FF,PickUpHL_b20_fp27_r1,Plannerinputs/generated/problemPickUpHL_b20_fp27_r1.pddl,True,265.77,325.88,2,0,
89,2026-07-01 15:01:59.886,LAMA-FIRST,PickUpHL_b8_fp11_r1,Plannerinputs/generated/problemPickUpHL_b8_fp11_r1.pddl,True,3167.23,3209.30,3,0,
90,2026-07-01 15:02:03.142,FF,PickUpHL_b14_fp19_r1,Plannerinputs/generated/problemPickUpHL_b14_fp19_r1.pddl,True,296.82,375.18,3,0,
91,2026-07-01 15:02:03.571,FF,PickUpHL_b20_fp27_r1,Plannerinputs/generated/problemPickUpHL_b20_fp27_r1.pddl,True,300.22,373.97,3,0,
92,2026-07-01 15:02:04.152,LAMA-FIRST,StackHL_b2_lp1_r1_pr1_lay1_m1,Plannerinputs/generated/problemStackHL_b2_lp1_r1_pr1_lay1_m1.pddl,True,4402.30,4446.63,2,0,
93,2026-07-01 15:02:09.134,LAMA-FIRST,PickUpHL_b8_fp11_r1,Plannerinputs/generated/problemPickUpHL_b8_fp11_r1.pddl,True,2921.84,2966.62,2,0,
94,2026-07-01 15:02:12.132,FF,PickUpHL_b14_fp19_r1,Plannerinputs/generated/problemPickUpHL_b14_fp19_r1.pddl,True,269.25,351.63,2,0,
95,2026-07-01 15:02:12.503,FF,PickUpHL_b20_fp27_r1,Plannerinputs/generated/problemPickUpHL_b20_fp27_r1.pddl,True,264.59,317.06,2,0,
96,2026-07-01 15:02:12.993,LAMA-FIRST,PickUpHL_b6_fp8_r1,Plannerinputs/generated/problemPickUpHL_b6_fp8_r1.pddl,True,2885.42,2919.79,2,0,
97,2026-07-01 15:02:16.487,FF,PickUpHL_b14_fp19_r1,Plannerinputs/generated/problemPickUpHL_b14_fp19_r1.pddl,True,270.85,338.83,3,0,
98,2026-07-01 15:02:16.880,FF,PickUpHL_b20_fp27_r1,Plannerinputs/generated/problemPickUpHL_b20_fp27_r1.pddl,True,266.26,349.17,3,0,
99,2026-07-01 15:02:17.373,LAMA-FIRST,PickUpHL_b6_fp8_r1,Plannerinputs/generated/problemPickUpHL_b6_fp8_r1.pddl,True,2946.90,3013.78,3,0,
100,2026-07-01 15:02:20.471,LAMA-FIRST,StackHL_b8_lp2_r1_pr2_lay2_m2,Plannerinputs/generated/problemStackHL_b8_lp2_r1_pr2_lay2_m2.pddl,True,4055.70,4096.36,2,0,
101,2026-07-01 15:02:25.060,FF,PickUpHL_b14_fp19_r1,Plannerinputs/generated/problemPickUpHL_b14_fp19_r1.pddl,True,266.18,323.20,2,0,
102,2026-07-01 15:02:25.453,FF,PickUpHL_b20_fp27_r1,Plannerinputs/generated/problemPickUpHL_b20_fp27_r1.pddl,True,261.31,337.00,2,0,
103,2026-07-01 15:02:25.975,LAMA-FIRST,PickUpHL_b6_fp8_r1,Plannerinputs/generated/problemPickUpHL_b6_fp8_r1.pddl,True,2913.41,2958.03,2,0,
104,2026-07-01 15:02:29.020,LAMA-FIRST,PickUpHL_b12_fp16_r1,Plannerinputs/generated/problemPickUpHL_b12_fp16_r1.pddl,True,2926.37,2968.21,2,0,
105,2026-07-01 15:02:32.530,FF,PickUpHL_b20_fp27_r1,Plannerinputs/generated/problemPickUpHL_b20_fp27_r1.pddl,True,264.78,328.82,3,0,
106,2026-07-01 15:02:33.012,LAMA-FIRST,PickUpHL_b6_fp8_r1,Plannerinputs/generated/problemPickUpHL_b6_fp8_r1.pddl,True,2883.11,2936.93,3,0,
107,2026-07-01 15:02:35.994,LAMA-FIRST,PickUpHL_b12_fp16_r1,Plannerinputs/generated/problemPickUpHL_b12_fp16_r1.pddl,True,2898.91,2942.92,3,0,
108,2026-07-01 15:02:39.016,FF,StackHL_b14_lp3_r1_pr3_lay3_m3,Plannerinputs/generated/problemStackHL_b14_lp3_r1_pr3_lay3_m3.pddl,True,267.69,341.11,2,0,
109,2026-07-01 15:02:39.890,FF,PickUpHL_b20_fp27_r1,Plannerinputs/generated/problemPickUpHL_b20_fp27_r1.pddl,True,275.87,338.48,2,0,
110,2026-07-01 15:02:40.413,LAMA-FIRST,PickUpHL_b6_fp8_r1,Plannerinputs/generated/problemPickUpHL_b6_fp8_r1.pddl,True,2907.01,2949.36,2,0,
111,2026-07-01 15:02:43.389,LAMA-FIRST,PickUpHL_b12_fp16_r1,Plannerinputs/generated/problemPickUpHL_b12_fp16_r1.pddl,True,2918.23,2968.92,2,0,
112,2026-07-01 15:02:46.400,FF,PickUpHL_b18_fp24_r1,Plannerinputs/generated/problemPickUpHL_b18_fp24_r1.pddl,True,267.63,335.59,2,0,
113,2026-07-01 15:02:47.332,LAMA-FIRST,PickUpHL_b6_fp8_r1,Plannerinputs/generated/problemPickUpHL_b6_fp8_r1.pddl,True,3045.59,3116.63,3,0,
114,2026-07-01 15:02:50.472,LAMA-FIRST,PickUpHL_b12_fp16_r1,Plannerinputs/generated/problemPickUpHL_b12_fp16_r1.pddl,True,2873.15,2936.26,3,0,
115,2026-07-01 15:02:53.433,FF,PickUpHL_b18_fp24_r1,Plannerinputs/generated/problemPickUpHL_b18_fp24_r1.pddl,True,282.30,354.66,3,0,
116,2026-07-01 15:02:53.867,FF,StackHL_b20_lp4_r1_pr4_lay4_m4,Plannerinputs/generated/problemStackHL_b20_lp4_r1_pr4_lay4_m4.pddl,True,261.79,320.40,2,0,
117,2026-07-01 15:02:54.896,LAMA-FIRST,PickUpHL_b6_fp8_r1,Plannerinputs/generated/problemPickUpHL_b6_fp8_r1.pddl,True,2904.82,2977.51,2,0,
118,2026-07-01 15:02:57.899,LAMA-FIRST,PickUpHL_b12_fp16_r1,Plannerinputs/generated/problemPickUpHL_b12_fp16_r1.pddl,True,2916.61,2966.41,2,0,
119,2026-07-01 15:03:00.907,FF,PickUpHL_b18_fp24_r1,Plannerinputs/generated/problemPickUpHL_b18_fp24_r1.pddl,True,267.82,351.95,2,0,
120,2026-07-01 15:03:01.369,FF,PickUpHL_b24_fp32_r1,Plannerinputs/generated/problemPickUpHL_b24_fp32_r1.pddl,True,280.58,333.31,2,0,
121,2026-07-01 15:03:02.244,LAMA-FIRST,PickUpHL_b12_fp16_r1,Plannerinputs/generated/problemPickUpHL_b12_fp16_r1.pddl,True,2916.02,2966.32,3,0,
122,2026-07-01 15:03:05.230,FF,PickUpHL_b18_fp24_r1,Plannerinputs/generated/problemPickUpHL_b18_fp24_r1.pddl,True,269.99,345.56,3,0,
123,2026-07-01 15:03:05.629,FF,PickUpHL_b24_fp32_r1,Plannerinputs/generated/problemPickUpHL_b24_fp32_r1.pddl,True,271.31,329.50,3,0,
124,2026-07-01 15:03:06.124,LAMA-FIRST,StackHL_b6_lp1_r1_pr1_lay1_m1,Plannerinputs/generated/problemStackHL_b6_lp1_r1_pr1_lay1_m1.pddl,True,4464.02,4502.84,2,0,
125,2026-07-01 15:03:11.134,LAMA-FIRST,PickUpHL_b12_fp16_r1,Plannerinputs/generated/problemPickUpHL_b12_fp16_r1.pddl,True,2927.28,2964.95,2,0,
126,2026-07-01 15:03:14.143,FF,PickUpHL_b18_fp24_r1,Plannerinputs/generated/problemPickUpHL_b18_fp24_r1.pddl,True,266.03,330.51,2,0,
127,2026-07-01 15:03:14.512,FF,PickUpHL_b24_fp32_r1,Plannerinputs/generated/problemPickUpHL_b24_fp32_r1.pddl,True,275.67,328.09,2,0,
128,2026-07-01 15:03:15.037,LAMA-FIRST,PickUpHL_b4_fp6_r1,Plannerinputs/generated/problemPickUpHL_b4_fp6_r1.pddl,True,2897.31,2942.96,2,0,
129,2026-07-01 15:03:18.441,FF,PickUpHL_b18_fp24_r1,Plannerinputs/generated/problemPickUpHL_b18_fp24_r1.pddl,True,275.80,338.55,3,0,
130,2026-07-01 15:03:18.804,FF,PickUpHL_b24_fp32_r1,Plannerinputs/generated/problemPickUpHL_b24_fp32_r1.pddl,True,267.81,341.79,3,0,
131,2026-07-01 15:03:19.276,LAMA-FIRST,PickUpHL_b4_fp6_r1,Plannerinputs/generated/problemPickUpHL_b4_fp6_r1.pddl,True,2927.05,2972.44,3,0,
132,2026-07-01 15:03:22.329,LAMA-FIRST,StackHL_b12_lp2_r1_pr2_lay2_m2,Plannerinputs/generated/problemStackHL_b12_lp2_r1_pr2_lay2_m2.pddl,True,4043.51,4087.08,2,0,
133,2026-07-01 15:03:26.964,FF,PickUpHL_b18_fp24_r1,Plannerinputs/generated/problemPickUpHL_b18_fp24_r1.pddl,True,270.20,337.80,2,0,
134,2026-07-01 15:03:27.353,FF,PickUpHL_b24_fp32_r1,Plannerinputs/generated/problemPickUpHL_b24_fp32_r1.pddl,True,267.92,334.66,2,0,
135,2026-07-01 15:03:27.848,LAMA-FIRST,PickUpHL_b4_fp6_r1,Plannerinputs/generated/problemPickUpHL_b4_fp6_r1.pddl,True,2911.43,2966.03,2,0,
136,2026-07-01 15:03:30.890,LAMA-FIRST,PickUpHL_b10_fp14_r1,Plannerinputs/generated/problemPickUpHL_b10_fp14_r1.pddl,True,2907.98,2957.99,2,0,
137,2026-07-01 15:03:34.402,FF,PickUpHL_b24_fp32_r1,Plannerinputs/generated/problemPickUpHL_b24_fp32_r1.pddl,True,262.89,346.01,3,0,
138,2026-07-01 15:03:34.930,LAMA-FIRST,PickUpHL_b4_fp6_r1,Plannerinputs/generated/problemPickUpHL_b4_fp6_r1.pddl,True,2903.74,2955.18,3,0,
139,2026-07-01 15:03:37.914,LAMA-FIRST,PickUpHL_b10_fp14_r1,Plannerinputs/generated/problemPickUpHL_b10_fp14_r1.pddl,True,2947.54,3040.36,3,0,
140,2026-07-01 15:03:41.014,FF,StackHL_b18_lp3_r1_pr3_lay3_m3,Plannerinputs/generated/problemStackHL_b18_lp3_r1_pr3_lay3_m3.pddl,True,270.66,344.30,2,0,
141,2026-07-01 15:03:41.889,FF,PickUpHL_b24_fp32_r1,Plannerinputs/generated/problemPickUpHL_b24_fp32_r1.pddl,True,262.34,326.93,2,0,
142,2026-07-01 15:03:42.393,LAMA-FIRST,PickUpHL_b4_fp6_r1,Plannerinputs/generated/problemPickUpHL_b4_fp6_r1.pddl,True,2903.70,2964.92,2,0,
143,2026-07-01 15:03:45.382,LAMA-FIRST,PickUpHL_b10_fp14_r1,Plannerinputs/generated/problemPickUpHL_b10_fp14_r1.pddl,True,2885.96,2930.80,2,0,
144,2026-07-01 15:03:48.382,FF,PickUpHL_b16_fp22_r1,Plannerinputs/generated/problemPickUpHL_b16_fp22_r1.pddl,True,267.72,335.84,2,0,
145,2026-07-01 15:03:49.357,LAMA-FIRST,PickUpHL_b4_fp6_r1,Plannerinputs/generated/problemPickUpHL_b4_fp6_r1.pddl,True,3160.95,3203.75,3,0,
146,2026-07-01 15:03:52.606,LAMA-FIRST,PickUpHL_b10_fp14_r1,Plannerinputs/generated/problemPickUpHL_b10_fp14_r1.pddl,True,3087.17,3147.76,3,0,
147,2026-07-01 15:03:55.842,FF,PickUpHL_b16_fp22_r1,Plannerinputs/generated/problemPickUpHL_b16_fp22_r1.pddl,True,292.81,368.47,3,0,
148,2026-07-01 15:03:56.316,FF,StackHL_b24_lp4_r1_pr4_lay4_m4,Plannerinputs/generated/problemStackHL_b24_lp4_r1_pr4_lay4_m4.pddl,True,283.90,353.80,2,0,
149,2026-07-01 15:03:57.308,LAMA-FIRST,PickUpHL_b4_fp6_r1,Plannerinputs/generated/problemPickUpHL_b4_fp6_r1.pddl,True,3162.18,3211.99,2,0,
150,2026-07-01 15:04:00.542,LAMA-FIRST,PickUpHL_b10_fp14_r1,Plannerinputs/generated/problemPickUpHL_b10_fp14_r1.pddl,True,3138.14,3175.49,2,0,
151,2026-07-01 15:04:03.739,FF,PickUpHL_b16_fp22_r1,Plannerinputs/generated/problemPickUpHL_b16_fp22_r1.pddl,True,302.28,372.43,2,0,
152,2026-07-01 15:04:04.199,FF,PickUpHL_b22_fp30_r1,Plannerinputs/generated/problemPickUpHL_b22_fp30_r1.pddl,True,299.65,372.15,2,0,
153,2026-07-01 15:04:05.290,LAMA-FIRST,PickUpHL_b10_fp14_r1,Plannerinputs/generated/problemPickUpHL_b10_fp14_r1.pddl,True,3081.72,3140.01,3,0,
154,2026-07-01 15:04:08.517,FF,PickUpHL_b16_fp22_r1,Plannerinputs/generated/problemPickUpHL_b16_fp22_r1.pddl,True,289.79,372.21,3,0,
155,2026-07-01 15:04:08.960,FF,PickUpHL_b22_fp30_r1,Plannerinputs/generated/problemPickUpHL_b22_fp30_r1.pddl,True,267.19,338.24,3,0,
156,2026-07-01 15:04:09.550,LAMA-FIRST,StackHL_b4_lp1_r1_pr1_lay1_m1,Plannerinputs/generated/problemStackHL_b4_lp1_r1_pr1_lay1_m1.pddl,True,4106.79,4149.30,2,0,
157,2026-07-01 15:04:14.198,LAMA-FIRST,PickUpHL_b10_fp14_r1,Plannerinputs/generated/problemPickUpHL_b10_fp14_r1.pddl,True,2896.06,2936.52,2,0,
158,2026-07-01 15:04:17.188,FF,PickUpHL_b16_fp22_r1,Plannerinputs/generated/problemPickUpHL_b16_fp22_r1.pddl,True,265.98,347.72,2,0,
159,2026-07-01 15:04:17.592,FF,PickUpHL_b22_fp30_r1,Plannerinputs/generated/problemPickUpHL_b22_fp30_r1.pddl,True,264.28,327.60,2,0,
160,2026-07-01 15:04:18.127,LAMA-FIRST,PickUpHL_b3_fp4_r1,Plannerinputs/generated/problemPickUpHL_b3_fp4_r1.pddl,True,2910.17,2953.82,2,0,
161,2026-07-01 15:04:21.569,FF,PickUpHL_b16_fp22_r1,Plannerinputs/generated/problemPickUpHL_b16_fp22_r1.pddl,True,292.05,372.77,3,0,
162,2026-07-01 15:04:21.955,FF,PickUpHL_b22_fp30_r1,Plannerinputs/generated/problemPickUpHL_b22_fp30_r1.pddl,True,290.93,366.61,3,0,
163,2026-07-01 15:04:22.477,LAMA-FIRST,PickUpHL_b3_fp4_r1,Plannerinputs/generated/problemPickUpHL_b3_fp4_r1.pddl,True,3097.15,3150.10,3,0,
164,2026-07-01 15:04:25.700,LAMA-FIRST,StackHL_b10_lp2_r1_pr2_lay2_m2,Plannerinputs/generated/problemStackHL_b10_lp2_r1_pr2_lay2_m2.pddl,True,4353.94,4424.67,2,0,
165,2026-07-01 15:04:30.578,FF,PickUpHL_b16_fp22_r1,Plannerinputs/generated/problemPickUpHL_b16_fp22_r1.pddl,True,309.94,360.88,2,0,
166,2026-07-01 15:04:30.957,FF,PickUpHL_b22_fp30_r1,Plannerinputs/generated/problemPickUpHL_b22_fp30_r1.pddl,True,278.18,334.26,2,0,
167,2026-07-01 15:04:31.458,LAMA-FIRST,PickUpHL_b3_fp4_r1,Plannerinputs/generated/problemPickUpHL_b3_fp4_r1.pddl,True,2898.98,2949.06,2,0,
168,2026-07-01 15:04:34.505,LAMA-FIRST,PickUpHL_b9_fp12_r1,Plannerinputs/generated/problemPickUpHL_b9_fp12_r1.pddl,True,2898.05,2951.18,2,0,
169,2026-07-01 15:04:38.012,FF,PickUpHL_b22_fp30_r1,Plannerinputs/generated/problemPickUpHL_b22_fp30_r1.pddl,True,271.36,337.16,3,0,
170,2026-07-01 15:04:38.524,LAMA-FIRST,PickUpHL_b3_fp4_r1,Plannerinputs/generated/problemPickUpHL_b3_fp4_r1.pddl,True,2906.58,2971.46,3,0,
171,2026-07-01 15:04:41.524,LAMA-FIRST,PickUpHL_b9_fp12_r1,Plannerinputs/generated/problemPickUpHL_b9_fp12_r1.pddl,True,2888.44,2951.20,3,0,
172,2026-07-01 15:04:44.526,FF,StackHL_b16_lp3_r1_pr3_lay3_m3,Plannerinputs/generated/problemStackHL_b16_lp3_r1_pr3_lay3_m3.pddl,True,267.42,341.19,2,0,
173,2026-07-01 15:04:45.408,FF,PickUpHL_b22_fp30_r1,Plannerinputs/generated/problemPickUpHL_b22_fp30_r1.pddl,True,265.92,339.72,2,0,
174,2026-07-01 15:04:45.936,LAMA-FIRST,PickUpHL_b3_fp4_r1,Plannerinputs/generated/problemPickUpHL_b3_fp4_r1.pddl,True,2863.49,2915.25,2,0,
175,2026-07-01 15:04:48.906,LAMA-FIRST,PickUpHL_b9_fp12_r1,Plannerinputs/generated/problemPickUpHL_b9_fp12_r1.pddl,True,2911.33,2958.30,2,0,
176,2026-07-01 15:04:51.942,FF,PickUpHL_b15_fp20_r1,Plannerinputs/generated/problemPickUpHL_b15_fp20_r1.pddl,True,266.71,343.43,2,0,
177,2026-07-01 15:04:52.925,LAMA-FIRST,PickUpHL_b3_fp4_r1,Plannerinputs/generated/problemPickUpHL_b3_fp4_r1.pddl,True,3085.63,3132.32,3,0,
178,2026-07-01 15:04:56.099,LAMA-FIRST,PickUpHL_b9_fp12_r1,Plannerinputs/generated/problemPickUpHL_b9_fp12_r1.pddl,True,3061.42,3107.00,3,0,
179,2026-07-01 15:04:59.262,FF,PickUpHL_b15_fp20_r1,Plannerinputs/generated/problemPickUpHL_b15_fp20_r1.pddl,True,268.43,358.43,3,0,
180,2026-07-01 15:04:59.712,FF,StackHL_b22_lp4_r1_pr4_lay4_m4,Plannerinputs/generated/problemStackHL_b22_lp4_r1_pr4_lay4_m4.pddl,True,299.56,362.66,2,0,
181,2026-07-01 15:05:00.708,LAMA-FIRST,PickUpHL_b3_fp4_r1,Plannerinputs/generated/problemPickUpHL_b3_fp4_r1.pddl,True,2946.51,2991.19,2,0,
182,2026-07-01 15:05:03.720,LAMA-FIRST,PickUpHL_b9_fp12_r1,Plannerinputs/generated/problemPickUpHL_b9_fp12_r1.pddl,True,2885.25,2931.56,2,0,
183,2026-07-01 15:05:06.683,FF,PickUpHL_b15_fp20_r1,Plannerinputs/generated/problemPickUpHL_b15_fp20_r1.pddl,True,272.74,336.44,2,0,
184,2026-07-01 15:05:07.096,FF,PickUpHL_b21_fp28_r1,Plannerinputs/generated/problemPickUpHL_b21_fp28_r1.pddl,True,273.14,332.09,2,0,
185,2026-07-01 15:05:08.107,LAMA-FIRST,PickUpHL_b9_fp12_r1,Plannerinputs/generated/problemPickUpHL_b9_fp12_r1.pddl,True,2902.75,2965.63,3,0,
186,2026-07-01 15:05:11.104,FF,PickUpHL_b15_fp20_r1,Plannerinputs/generated/problemPickUpHL_b15_fp20_r1.pddl,True,274.90,352.29,3,0,
187,2026-07-01 15:05:11.530,FF,PickUpHL_b21_fp28_r1,Plannerinputs/generated/problemPickUpHL_b21_fp28_r1.pddl,True,276.90,348.72,3,0,
188,2026-07-01 15:05:12.093,LAMA-FIRST,StackHL_b3_lp1_r1_pr1_lay1_m1,Plannerinputs/generated/problemStackHL_b3_lp1_r1_pr1_lay1_m1.pddl,True,4045.24,4082.99,2,0,
189,2026-07-01 15:05:16.609,LAMA-FIRST,PickUpHL_b9_fp12_r1,Plannerinputs/generated/problemPickUpHL_b9_fp12_r1.pddl,True,2892.97,2938.31,2,0,
190,2026-07-01 15:05:19.602,FF,PickUpHL_b15_fp20_r1,Plannerinputs/generated/problemPickUpHL_b15_fp20_r1.pddl,True,272.16,350.02,2,0,
191,2026-07-01 15:05:20.026,FF,PickUpHL_b21_fp28_r1,Plannerinputs/generated/problemPickUpHL_b21_fp28_r1.pddl,True,270.63,331.13,2,0,
192,2026-07-01 15:05:20.535,LAMA-FIRST,PickUpHL_b5_fp7_r1,Plannerinputs/generated/problemPickUpHL_b5_fp7_r1.pddl,True,2892.02,2942.13,2,0,
193,2026-07-01 15:05:23.996,FF,PickUpHL_b15_fp20_r1,Plannerinputs/generated/problemPickUpHL_b15_fp20_r1.pddl,True,306.55,369.85,3,0,
194,2026-07-01 15:05:24.421,FF,PickUpHL_b21_fp28_r1,Plannerinputs/generated/problemPickUpHL_b21_fp28_r1.pddl,True,300.67,387.67,3,0,
195,2026-07-01 15:05:25.000,LAMA-FIRST,PickUpHL_b5_fp7_r1,Plannerinputs/generated/problemPickUpHL_b5_fp7_r1.pddl,True,3076.01,3132.76,3,0,
196,2026-07-01 15:05:28.225,LAMA-FIRST,StackHL_b9_lp2_r1_pr2_lay2_m2,Plannerinputs/generated/problemStackHL_b9_lp2_r1_pr2_lay2_m2.pddl,True,4406.81,4453.88,2,0,
197,2026-07-01 15:05:33.245,FF,PickUpHL_b15_fp20_r1,Plannerinputs/generated/problemPickUpHL_b15_fp20_r1.pddl,True,277.54,352.98,2,0,
198,2026-07-01 15:05:33.665,FF,PickUpHL_b21_fp28_r1,Plannerinputs/generated/problemPickUpHL_b21_fp28_r1.pddl,True,296.48,380.35,2,0,
199,2026-07-01 15:05:34.227,LAMA-FIRST,PickUpHL_b5_fp7_r1,Plannerinputs/generated/problemPickUpHL_b5_fp7_r1.pddl,True,2944.76,2980.84,2,0,
200,2026-07-01 15:05:37.274,LAMA-FIRST,PickUpHL_b11_fp15_r1,Plannerinputs/generated/problemPickUpHL_b11_fp15_r1.pddl,True,2900.96,2950.46,2,0,
201,2026-07-01 15:05:40.764,FF,PickUpHL_b21_fp28_r1,Plannerinputs/generated/problemPickUpHL_b21_fp28_r1.pddl,True,270.76,338.02,3,0,
202,2026-07-01 15:05:41.240,LAMA-FIRST,PickUpHL_b5_fp7_r1,Plannerinputs/generated/problemPickUpHL_b5_fp7_r1.pddl,True,2888.21,2969.88,3,0,
203,2026-07-01 15:05:44.268,LAMA-FIRST,PickUpHL_b11_fp15_r1,Plannerinputs/generated/problemPickUpHL_b11_fp15_r1.pddl,True,2862.17,2917.61,3,0,
204,2026-07-01 15:05:47.241,FF,StackHL_b15_lp3_r1_pr3_lay3_m3,Plannerinputs/generated/problemStackHL_b15_lp3_r1_pr3_lay3_m3.pddl,True,265.46,361.48,2,0,
205,2026-07-01 15:05:48.092,FF,PickUpHL_b21_fp28_r1,Plannerinputs/generated/problemPickUpHL_b21_fp28_r1.pddl,True,268.21,345.48,2,0,
206,2026-07-01 15:05:48.587,LAMA-FIRST,PickUpHL_b5_fp7_r1,Plannerinputs/generated/problemPickUpHL_b5_fp7_r1.pddl,True,2903.21,2955.05,2,0,
207,2026-07-01 15:05:51.570,LAMA-FIRST,PickUpHL_b11_fp15_r1,Plannerinputs/generated/problemPickUpHL_b11_fp15_r1.pddl,True,2885.90,2932.94,2,0,
208,2026-07-01 15:05:54.592,FF,PickUpHL_b17_fp23_r1,Plannerinputs/generated/problemPickUpHL_b17_fp23_r1.pddl,True,259.39,327.43,2,0,
209,2026-07-01 15:05:55.613,LAMA-FIRST,PickUpHL_b5_fp7_r1,Plannerinputs/generated/problemPickUpHL_b5_fp7_r1.pddl,True,2871.27,2922.46,3,0,
210,2026-07-01 15:05:58.575,LAMA-FIRST,PickUpHL_b11_fp15_r1,Plannerinputs/generated/problemPickUpHL_b11_fp15_r1.pddl,True,2908.64,2956.46,3,0,
211,2026-07-01 15:06:01.590,FF,PickUpHL_b17_fp23_r1,Plannerinputs/generated/problemPickUpHL_b17_fp23_r1.pddl,True,269.95,353.38,3,0,
212,2026-07-01 15:06:02.057,FF,StackHL_b21_lp4_r1_pr4_lay4_m4,Plannerinputs/generated/problemStackHL_b21_lp4_r1_pr4_lay4_m4.pddl,True,263.27,340.16,2,0,
213,2026-07-01 15:06:03.063,LAMA-FIRST,PickUpHL_b5_fp7_r1,Plannerinputs/generated/problemPickUpHL_b5_fp7_r1.pddl,True,2910.42,2954.34,2,0,
214,2026-07-01 15:06:06.080,LAMA-FIRST,PickUpHL_b11_fp15_r1,Plannerinputs/generated/problemPickUpHL_b11_fp15_r1.pddl,True,2890.15,2925.92,2,0,
215,2026-07-01 15:06:09.043,FF,PickUpHL_b17_fp23_r1,Plannerinputs/generated/problemPickUpHL_b17_fp23_r1.pddl,True,275.46,351.65,2,0,
216,2026-07-01 15:06:09.454,FF,PickUpHL_b23_fp31_r1,Plannerinputs/generated/problemPickUpHL_b23_fp31_r1.pddl,True,286.75,344.96,2,0,
217,2026-07-01 15:06:10.523,LAMA-FIRST,PickUpHL_b11_fp15_r1,Plannerinputs/generated/problemPickUpHL_b11_fp15_r1.pddl,True,2882.19,2928.28,3,0,
218,2026-07-01 15:06:13.492,FF,PickUpHL_b17_fp23_r1,Plannerinputs/generated/problemPickUpHL_b17_fp23_r1.pddl,True,273.89,347.46,3,0,
219,2026-07-01 15:06:13.867,FF,PickUpHL_b23_fp31_r1,Plannerinputs/generated/problemPickUpHL_b23_fp31_r1.pddl,True,266.72,335.02,3,0,
220,2026-07-01 15:06:14.399,LAMA-FIRST,StackHL_b5_lp1_r1_pr1_lay1_m1,Plannerinputs/generated/problemStackHL_b5_lp1_r1_pr1_lay1_m1.pddl,True,4041.60,4090.92,2,0,
221,2026-07-01 15:06:18.949,LAMA-FIRST,PickUpHL_b11_fp15_r1,Plannerinputs/generated/problemPickUpHL_b11_fp15_r1.pddl,True,2917.61,2964.85,2,0,
222,2026-07-01 15:06:21.965,FF,PickUpHL_b17_fp23_r1,Plannerinputs/generated/problemPickUpHL_b17_fp23_r1.pddl,True,274.11,351.60,2,0,
223,2026-07-01 15:06:22.355,FF,PickUpHL_b23_fp31_r1,Plannerinputs/generated/problemPickUpHL_b23_fp31_r1.pddl,True,292.50,356.94,2,0,
224,2026-07-01 15:06:22.939,LAMA-FIRST,NailingBeamHL_b2_r1_m1_lay1,Plannerinputs/generated/problemNailingBeamHL_b2_r1_m1_lay1.pddl,True,3098.26,3194.90,8,0,
225,2026-07-01 15:06:26.650,FF,PickUpHL_b17_fp23_r1,Plannerinputs/generated/problemPickUpHL_b17_fp23_r1.pddl,True,281.66,351.12,3,0,
226,2026-07-01 15:06:27.045,FF,PickUpHL_b23_fp31_r1,Plannerinputs/generated/problemPickUpHL_b23_fp31_r1.pddl,True,261.53,330.51,3,0,
227,2026-07-01 15:06:27.527,LAMA-FIRST,NailingBeamHL_b2_r1_m1_lay1,Plannerinputs/generated/problemNailingBeamHL_b2_r1_m1_lay1.pddl,True,2909.44,2995.18,11,0,
228,2026-07-01 15:06:30.590,LAMA-FIRST,StackHL_b11_lp2_r1_pr2_lay2_m2,Plannerinputs/generated/problemStackHL_b11_lp2_r1_pr2_lay2_m2.pddl,True,4044.99,4092.72,2,0,
229,2026-07-01 15:06:35.242,FF,PickUpHL_b17_fp23_r1,Plannerinputs/generated/problemPickUpHL_b17_fp23_r1.pddl,True,260.69,321.15,2,0,
230,2026-07-01 15:06:35.623,FF,PickUpHL_b23_fp31_r1,Plannerinputs/generated/problemPickUpHL_b23_fp31_r1.pddl,True,263.49,330.29,2,0,
231,2026-07-01 15:06:36.160,LAMA-FIRST,NailingBeamHL_b2_r1_m1_lay1,Plannerinputs/generated/problemNailingBeamHL_b2_r1_m1_lay1.pddl,True,2878.61,2978.85,8,0,
232,2026-07-01 15:06:39.207,LAMA-FIRST,NailingBeamHL_b8_r1_m2_lay2,Plannerinputs/generated/problemNailingBeamHL_b8_r1_m2_lay2.pddl,True,2881.46,2943.01,8,0,
233,2026-07-01 15:06:42.723,FF,PickUpHL_b23_fp31_r1,Plannerinputs/generated/problemPickUpHL_b23_fp31_r1.pddl,True,279.66,345.29,3,0,
234,2026-07-01 15:06:43.202,LAMA-FIRST,NailingBeamHL_b2_r1_m1_lay1,Plannerinputs/generated/problemNailingBeamHL_b2_r1_m1_lay1.pddl,True,2880.26,2973.83,11,0,
235,2026-07-01 15:06:46.224,LAMA-FIRST,NailingBeamHL_b8_r1_m2_lay2,Plannerinputs/generated/problemNailingBeamHL_b8_r1_m2_lay2.pddl,True,2860.25,2974.21,11,0,
236,2026-07-01 15:06:49.253,FF,StackHL_b17_lp3_r1_pr3_lay3_m3,Plannerinputs/generated/problemStackHL_b17_lp3_r1_pr3_lay3_m3.pddl,True,266.10,344.69,2,0,
237,2026-07-01 15:06:50.133,FF,PickUpHL_b23_fp31_r1,Plannerinputs/generated/problemPickUpHL_b23_fp31_r1.pddl,True,279.99,347.78,2,0,
238,2026-07-01 15:06:50.625,LAMA-FIRST,NailingBeamHL_b2_r1_m1_lay1,Plannerinputs/generated/problemNailingBeamHL_b2_r1_m1_lay1.pddl,True,2871.14,2967.61,8,0,
239,2026-07-01 15:06:53.639,LAMA-FIRST,NailingBeamHL_b8_r1_m2_lay2,Plannerinputs/generated/problemNailingBeamHL_b8_r1_m2_lay2.pddl,True,2889.04,2960.08,8,0,
240,2026-07-01 15:06:56.650,FF,NailingBeamHL_b14_r1_m3_lay3,Plannerinputs/generated/problemNailingBeamHL_b14_r1_m3_lay3.pddl,True,277.89,378.57,8,0,
241,2026-07-01 15:06:57.712,LAMA-FIRST,NailingBeamHL_b2_r1_m1_lay1,Plannerinputs/generated/problemNailingBeamHL_b2_r1_m1_lay1.pddl,True,2886.56,2988.12,11,0,
242,2026-07-01 15:07:00.754,LAMA-FIRST,NailingBeamHL_b8_r1_m2_lay2,Plannerinputs/generated/problemNailingBeamHL_b8_r1_m2_lay2.pddl,True,2886.49,2981.98,11,0,
243,2026-07-01 15:07:03.782,FF,NailingBeamHL_b14_r1_m3_lay3,Plannerinputs/generated/problemNailingBeamHL_b14_r1_m3_lay3.pddl,True,280.23,400.75,11,0,
244,2026-07-01 15:07:04.230,FF,StackHL_b23_lp4_r1_pr4_lay4_m4,Plannerinputs/generated/problemStackHL_b23_lp4_r1_pr4_lay4_m4.pddl,True,273.27,331.25,2,0,
245,2026-07-01 15:07:05.245,LAMA-FIRST,NailingBeamHL_b2_r1_m1_lay1,Plannerinputs/generated/problemNailingBeamHL_b2_r1_m1_lay1.pddl,True,3054.96,3160.62,8,0,
246,2026-07-01 15:07:08.426,LAMA-FIRST,NailingBeamHL_b8_r1_m2_lay2,Plannerinputs/generated/problemNailingBeamHL_b8_r1_m2_lay2.pddl,True,3062.29,3162.87,8,0,
247,2026-07-01 15:07:11.636,FF,NailingBeamHL_b14_r1_m3_lay3,Plannerinputs/generated/problemNailingBeamHL_b14_r1_m3_lay3.pddl,True,293.93,420.94,8,0,
248,2026-07-01 15:07:12.104,FF,NailingBeamHL_b20_r1_m4_lay4,Plannerinputs/generated/problemNailingBeamHL_b20_r1_m4_lay4.pddl,True,291.95,375.11,8,0,
249,2026-07-01 15:07:14.416,LAMA-FIRST,NailingBeamHL_b8_r1_m2_lay2,Plannerinputs/generated/problemNailingBeamHL_b8_r1_m2_lay2.pddl,True,3075.39,3124.79,2,0,
250,2026-07-01 15:07:17.563,FF,NailingBeamHL_b14_r1_m3_lay3,Plannerinputs/generated/problemNailingBeamHL_b14_r1_m3_lay3.pddl,True,315.94,388.98,2,0,
251,2026-07-01 15:07:18.017,FF,NailingBeamHL_b20_r1_m4_lay4,Plannerinputs/generated/problemNailingBeamHL_b20_r1_m4_lay4.pddl,True,292.51,374.50,2,0,
252,2026-07-01 15:07:18.612,LAMA-FIRST,NailingBeamHL_b4_r1_m1_lay1,Plannerinputs/generated/problemNailingBeamHL_b4_r1_m1_lay1.pddl,True,2918.59,2947.44,1,0,
253,2026-07-01 15:07:21.853,LAMA-FIRST,NailingBeamHL_b8_r1_m2_lay2,Plannerinputs/generated/problemNailingBeamHL_b8_r1_m2_lay2.pddl,True,2825.16,2881.56,2,0,
254,2026-07-01 15:07:24.780,FF,NailingBeamHL_b14_r1_m3_lay3,Plannerinputs/generated/problemNailingBeamHL_b14_r1_m3_lay3.pddl,True,274.85,346.21,2,0,
255,2026-07-01 15:07:25.197,FF,NailingBeamHL_b20_r1_m4_lay4,Plannerinputs/generated/problemNailingBeamHL_b20_r1_m4_lay4.pddl,True,262.73,316.30,2,0,
256,2026-07-01 15:07:25.696,LAMA-FIRST,NailingBeamHL_b3_r1_m1_lay1,Plannerinputs/generated/problemNailingBeamHL_b3_r1_m1_lay1.pddl,True,2826.06,2866.14,1,0,
257,2026-07-01 15:07:28.846,LAMA-FIRST,NailingBeamHL_b8_r1_m2_lay2,Plannerinputs/generated/problemNailingBeamHL_b8_r1_m2_lay2.pddl,True,2920.93,2973.69,2,0,
258,2026-07-01 15:07:31.879,FF,NailingBeamHL_b14_r1_m3_lay3,Plannerinputs/generated/problemNailingBeamHL_b14_r1_m3_lay3.pddl,True,270.07,327.38,2,0,
259,2026-07-01 15:07:32.267,FF,NailingBeamHL_b20_r1_m4_lay4,Plannerinputs/generated/problemNailingBeamHL_b20_r1_m4_lay4.pddl,True,255.88,312.76,2,0,
260,2026-07-01 15:07:32.747,LAMA-FIRST,NailingBeamHL_b5_r1_m1_lay1,Plannerinputs/generated/problemNailingBeamHL_b5_r1_m1_lay1.pddl,True,2879.62,2919.18,1,0,
261,2026-07-01 15:07:35.948,LAMA-FIRST,NailingBeamHL_b8_r1_m2_lay2,Plannerinputs/generated/problemNailingBeamHL_b8_r1_m2_lay2.pddl,True,2804.22,2837.79,2,0,
262,2026-07-01 15:07:38.826,FF,NailingBeamHL_b14_r1_m3_lay3,Plannerinputs/generated/problemNailingBeamHL_b14_r1_m3_lay3.pddl,True,269.12,327.55,2,0,
263,2026-07-01 15:07:39.195,FF,NailingBeamHL_b20_r1_m4_lay4,Plannerinputs/generated/problemNailingBeamHL_b20_r1_m4_lay4.pddl,True,266.90,328.59,2,0,
264,2026-07-01 15:07:39.700,LAMA-FIRST,NailingBeamHL_b1_r1_m1_lay1,Plannerinputs/generated/problemNailingBeamHL_b1_r1_m1_lay1.pddl,True,2847.43,2876.43,1,0,
265,2026-07-01 15:07:42.816,LAMA-FIRST,NailingBeamHL_b8_r1_m2_lay2,Plannerinputs/generated/problemNailingBeamHL_b8_r1_m2_lay2.pddl,True,2864.67,2900.29,2,0,
266,2026-07-01 15:07:45.737,FF,NailingBeamHL_b14_r1_m3_lay3,Plannerinputs/generated/problemNailingBeamHL_b14_r1_m3_lay3.pddl,True,268.99,319.75,2,0,
267,2026-07-01 15:07:46.104,FF,NailingBeamHL_b20_r1_m4_lay4,Plannerinputs/generated/problemNailingBeamHL_b20_r1_m4_lay4.pddl,True,266.42,314.33,2,0,
268,2026-07-01 15:07:46.599,LAMA-FIRST,NailingBeamHL_b6_r1_m1_lay1,Plannerinputs/generated/problemNailingBeamHL_b6_r1_m1_lay1.pddl,True,2859.06,2892.36,1,0,
269,2026-07-01 15:07:49.748,LAMA-FIRST,NailingBeamHL_b8_r1_m2_lay2,Plannerinputs/generated/problemNailingBeamHL_b8_r1_m2_lay2.pddl,True,2840.07,2904.91,2,0,
270,2026-07-01 15:07:52.680,FF,NailingBeamHL_b14_r1_m3_lay3,Plannerinputs/generated/problemNailingBeamHL_b14_r1_m3_lay3.pddl,True,257.43,322.62,2,0,
271,2026-07-01 15:07:53.024,FF,NailingBeamHL_b20_r1_m4_lay4,Plannerinputs/generated/problemNailingBeamHL_b20_r1_m4_lay4.pddl,True,280.86,326.88,2,0,
272,2026-07-01 15:07:53.546,LAMA-FIRST,GluingBeamHL_b1_r1_m1_lay1,Plannerinputs/generated/problemGluingBeamHL_b1_r1_m1_lay1.pddl,True,2831.20,2897.24,8,0,
273,2026-07-01 15:07:56.897,FF,NailingBeamHL_b14_r1_m3_lay3,Plannerinputs/generated/problemNailingBeamHL_b14_r1_m3_lay3.pddl,True,257.35,299.65,2,0,
274,2026-07-01 15:07:57.225,FF,NailingBeamHL_b20_r1_m4_lay4,Plannerinputs/generated/problemNailingBeamHL_b20_r1_m4_lay4.pddl,True,261.17,327.12,2,0,
275,2026-07-01 15:07:57.688,LAMA-FIRST,GluingBeamHL_b1_r1_m1_lay1,Plannerinputs/generated/problemGluingBeamHL_b1_r1_m1_lay1.pddl,True,2848.06,2919.86,9,0,
276,2026-07-01 15:08:00.648,LAMA-FIRST,NailingBeamHL_b10_r1_m2_lay2,Plannerinputs/generated/problemNailingBeamHL_b10_r1_m2_lay2.pddl,True,2827.01,2862.15,1,0,
277,2026-07-01 15:08:03.744,FF,NailingBeamHL_b14_r1_m3_lay3,Plannerinputs/generated/problemNailingBeamHL_b14_r1_m3_lay3.pddl,True,258.82,313.32,2,0,
278,2026-07-01 15:08:04.089,FF,NailingBeamHL_b20_r1_m4_lay4,Plannerinputs/generated/problemNailingBeamHL_b20_r1_m4_lay4.pddl,True,253.12,318.46,2,0,
279,2026-07-01 15:08:04.565,LAMA-FIRST,GluingBeamHL_b1_r1_m1_lay1,Plannerinputs/generated/problemGluingBeamHL_b1_r1_m1_lay1.pddl,True,2820.86,2892.35,9,0,
280,2026-07-01 15:08:07.527,LAMA-FIRST,NailingBeamHL_b9_r1_m2_lay2,Plannerinputs/generated/problemNailingBeamHL_b9_r1_m2_lay2.pddl,True,2815.46,2854.63,1,0,
281,2026-07-01 15:08:10.693,FF,NailingBeamHL_b14_r1_m3_lay3,Plannerinputs/generated/problemNailingBeamHL_b14_r1_m3_lay3.pddl,True,290.31,347.29,2,0,
282,2026-07-01 15:08:11.080,FF,NailingBeamHL_b20_r1_m4_lay4,Plannerinputs/generated/problemNailingBeamHL_b20_r1_m4_lay4.pddl,True,289.04,355.08,2,0,
283,2026-07-01 15:08:11.581,LAMA-FIRST,GluingBeamHL_b1_r1_m1_lay1,Plannerinputs/generated/problemGluingBeamHL_b1_r1_m1_lay1.pddl,True,3099.71,3192.31,9,0,
284,2026-07-01 15:08:14.850,LAMA-FIRST,NailingBeamHL_b11_r1_m2_lay2,Plannerinputs/generated/problemNailingBeamHL_b11_r1_m2_lay2.pddl,True,2799.45,2838.72,1,0,
285,2026-07-01 15:08:17.933,FF,NailingBeamHL_b14_r1_m3_lay3,Plannerinputs/generated/problemNailingBeamHL_b14_r1_m3_lay3.pddl,True,255.83,311.71,2,0,
286,2026-07-01 15:08:18.284,FF,NailingBeamHL_b20_r1_m4_lay4,Plannerinputs/generated/problemNailingBeamHL_b20_r1_m4_lay4.pddl,True,264.07,327.94,2,0,
287,2026-07-01 15:08:18.783,LAMA-FIRST,GluingBeamHL_b1_r1_m1_lay1,Plannerinputs/generated/problemGluingBeamHL_b1_r1_m1_lay1.pddl,True,2841.54,2927.56,9,0,
288,2026-07-01 15:08:21.785,LAMA-FIRST,NailingBeamHL_b7_r1_m2_lay2,Plannerinputs/generated/problemNailingBeamHL_b7_r1_m2_lay2.pddl,True,2803.62,2837.70,1,0,
289,2026-07-01 15:08:24.920,FF,NailingBeamHL_b14_r1_m3_lay3,Plannerinputs/generated/problemNailingBeamHL_b14_r1_m3_lay3.pddl,True,273.38,321.71,2,0,
290,2026-07-01 15:08:25.260,FF,NailingBeamHL_b20_r1_m4_lay4,Plannerinputs/generated/problemNailingBeamHL_b20_r1_m4_lay4.pddl,True,259.62,331.18,2,0,
291,2026-07-01 15:08:25.776,LAMA-FIRST,GluingBeamHL_b1_r1_m1_lay1,Plannerinputs/generated/problemGluingBeamHL_b1_r1_m1_lay1.pddl,True,2826.06,2927.61,9,0,
292,2026-07-01 15:08:28.779,LAMA-FIRST,NailingBeamHL_b12_r1_m2_lay2,Plannerinputs/generated/problemNailingBeamHL_b12_r1_m2_lay2.pddl,True,2818.50,2860.63,1,0,
293,2026-07-01 15:08:31.931,FF,NailingBeamHL_b14_r1_m3_lay3,Plannerinputs/generated/problemNailingBeamHL_b14_r1_m3_lay3.pddl,True,252.68,317.78,2,0,
294,2026-07-01 15:08:32.299,FF,NailingBeamHL_b20_r1_m4_lay4,Plannerinputs/generated/problemNailingBeamHL_b20_r1_m4_lay4.pddl,True,252.82,329.89,2,0,
295,2026-07-01 15:08:32.805,LAMA-FIRST,GluingBeamHL_b1_r1_m1_lay1,Plannerinputs/generated/problemGluingBeamHL_b1_r1_m1_lay1.pddl,True,2834.82,2923.55,9,0,
296,2026-07-01 15:08:35.778,LAMA-FIRST,GluingBeamHL_b7_r1_m2_lay2,Plannerinputs/generated/problemGluingBeamHL_b7_r1_m2_lay2.pddl,True,2785.53,2871.99,8,0,
297,2026-07-01 15:08:39.200,FF,NailingBeamHL_b20_r1_m4_lay4,Plannerinputs/generated/problemNailingBeamHL_b20_r1_m4_lay4.pddl,True,248.88,323.26,2,0,
298,2026-07-01 15:08:39.685,LAMA-FIRST,GluingBeamHL_b1_r1_m1_lay1,Plannerinputs/generated/problemGluingBeamHL_b1_r1_m1_lay1.pddl,True,2816.65,2906.51,9,0,
299,2026-07-01 15:08:42.605,LAMA-FIRST,GluingBeamHL_b7_r1_m2_lay2,Plannerinputs/generated/problemGluingBeamHL_b7_r1_m2_lay2.pddl,True,2814.42,2905.60,9,0,
300,2026-07-01 15:08:45.586,FF,NailingBeamHL_b16_r1_m3_lay3,Plannerinputs/generated/problemNailingBeamHL_b16_r1_m3_lay3.pddl,True,253.50,316.09,1,0,
301,2026-07-01 15:08:46.176,FF,NailingBeamHL_b20_r1_m4_lay4,Plannerinputs/generated/problemNailingBeamHL_b20_r1_m4_lay4.pddl,True,249.33,327.11,2,0,
302,2026-07-01 15:08:46.668,LAMA-FIRST,GluingBeamHL_b1_r1_m1_lay1,Plannerinputs/generated/problemGluingBeamHL_b1_r1_m1_lay1.pddl,True,2803.14,2885.54,9,0,
303,2026-07-01 15:08:49.566,LAMA-FIRST,GluingBeamHL_b7_r1_m2_lay2,Plannerinputs/generated/problemGluingBeamHL_b7_r1_m2_lay2.pddl,True,2806.13,2876.56,9,0,
304,2026-07-01 15:08:52.487,FF,NailingBeamHL_b15_r1_m3_lay3,Plannerinputs/generated/problemNailingBeamHL_b15_r1_m3_lay3.pddl,True,260.81,327.20,1,0,
305,2026-07-01 15:08:53.085,FF,NailingBeamHL_b20_r1_m4_lay4,Plannerinputs/generated/problemNailingBeamHL_b20_r1_m4_lay4.pddl,True,252.09,312.80,2,0,
306,2026-07-01 15:08:53.569,LAMA-FIRST,GluingBeamHL_b1_r1_m1_lay1,Plannerinputs/generated/problemGluingBeamHL_b1_r1_m1_lay1.pddl,True,2830.87,2916.53,9,0,
307,2026-07-01 15:08:56.508,LAMA-FIRST,GluingBeamHL_b7_r1_m2_lay2,Plannerinputs/generated/problemGluingBeamHL_b7_r1_m2_lay2.pddl,True,2834.04,2892.05,9,0,
308,2026-07-01 15:08:59.469,FF,NailingBeamHL_b17_r1_m3_lay3,Plannerinputs/generated/problemNailingBeamHL_b17_r1_m3_lay3.pddl,True,256.65,338.66,1,0,
309,2026-07-01 15:09:00.075,FF,NailingBeamHL_b20_r1_m4_lay4,Plannerinputs/generated/problemNailingBeamHL_b20_r1_m4_lay4.pddl,True,246.25,313.52,2,0,
310,2026-07-01 15:09:00.565,LAMA-FIRST,GluingBeamHL_b1_r1_m1_lay1,Plannerinputs/generated/problemGluingBeamHL_b1_r1_m1_lay1.pddl,True,3016.52,3102.97,9,0,
311,2026-07-01 15:09:03.695,LAMA-FIRST,GluingBeamHL_b7_r1_m2_lay2,Plannerinputs/generated/problemGluingBeamHL_b7_r1_m2_lay2.pddl,True,2999.56,3092.09,9,0,
312,2026-07-01 15:09:06.836,FF,NailingBeamHL_b13_r1_m3_lay3,Plannerinputs/generated/problemNailingBeamHL_b13_r1_m3_lay3.pddl,True,258.75,336.74,1,0,
313,2026-07-01 15:09:07.423,FF,NailingBeamHL_b20_r1_m4_lay4,Plannerinputs/generated/problemNailingBeamHL_b20_r1_m4_lay4.pddl,True,281.48,342.60,2,0,
314,2026-07-01 15:09:07.931,LAMA-FIRST,GluingBeamHL_b1_r1_m1_lay1,Plannerinputs/generated/problemGluingBeamHL_b1_r1_m1_lay1.pddl,True,2823.07,2945.56,9,0,
315,2026-07-01 15:09:10.890,LAMA-FIRST,GluingBeamHL_b7_r1_m2_lay2,Plannerinputs/generated/problemGluingBeamHL_b7_r1_m2_lay2.pddl,True,2802.79,2901.73,9,0,
316,2026-07-01 15:09:13.849,FF,NailingBeamHL_b18_r1_m3_lay3,Plannerinputs/generated/problemNailingBeamHL_b18_r1_m3_lay3.pddl,True,254.83,309.20,1,0,
317,2026-07-01 15:09:14.424,FF,NailingBeamHL_b20_r1_m4_lay4,Plannerinputs/generated/problemNailingBeamHL_b20_r1_m4_lay4.pddl,True,251.12,325.93,2,0,
318,2026-07-01 15:09:14.911,LAMA-FIRST,GluingBeamHL_b1_r1_m1_lay1,Plannerinputs/generated/problemGluingBeamHL_b1_r1_m1_lay1.pddl,True,2791.96,2876.58,9,0,
319,2026-07-01 15:09:17.804,LAMA-FIRST,GluingBeamHL_b7_r1_m2_lay2,Plannerinputs/generated/problemGluingBeamHL_b7_r1_m2_lay2.pddl,True,2799.71,2867.66,9,0,
320,2026-07-01 15:09:20.738,FF,GluingBeamHL_b13_r1_m3_lay3,Plannerinputs/generated/problemGluingBeamHL_b13_r1_m3_lay3.pddl,True,254.05,321.39,8,0,
321,2026-07-01 15:09:21.776,LAMA-FIRST,GluingBeamHL_b1_r1_m1_lay1,Plannerinputs/generated/problemGluingBeamHL_b1_r1_m1_lay1.pddl,True,2829.49,2918.91,9,0,
322,2026-07-01 15:09:24.740,LAMA-FIRST,GluingBeamHL_b7_r1_m2_lay2,Plannerinputs/generated/problemGluingBeamHL_b7_r1_m2_lay2.pddl,True,2796.84,2870.03,9,0,
323,2026-07-01 15:09:27.631,FF,GluingBeamHL_b13_r1_m3_lay3,Plannerinputs/generated/problemGluingBeamHL_b13_r1_m3_lay3.pddl,True,254.00,373.85,8,0,
324,2026-07-01 15:09:28.100,FF,NailingBeamHL_b22_r1_m4_lay4,Plannerinputs/generated/problemNailingBeamHL_b22_r1_m4_lay4.pddl,True,251.60,314.82,1,0,
325,2026-07-01 15:09:28.855,LAMA-FIRST,GluingBeamHL_b1_r1_m1_lay1,Plannerinputs/generated/problemGluingBeamHL_b1_r1_m1_lay1.pddl,True,2806.15,2885.28,9,0,
326,2026-07-01 15:09:31.762,LAMA-FIRST,GluingBeamHL_b7_r1_m2_lay2,Plannerinputs/generated/problemGluingBeamHL_b7_r1_m2_lay2.pddl,True,2810.61,2893.62,9,0,
327,2026-07-01 15:09:34.675,FF,GluingBeamHL_b13_r1_m3_lay3,Plannerinputs/generated/problemGluingBeamHL_b13_r1_m3_lay3.pddl,True,261.63,369.01,8,0,
328,2026-07-01 15:09:35.106,FF,NailingBeamHL_b21_r1_m4_lay4,Plannerinputs/generated/problemNailingBeamHL_b21_r1_m4_lay4.pddl,True,244.95,291.67,1,0,
329,2026-07-01 15:09:35.810,LAMA-FIRST,GluingBeamHL_b1_r1_m1_lay1,Plannerinputs/generated/problemGluingBeamHL_b1_r1_m1_lay1.pddl,True,2787.87,2885.55,9,0,
330,2026-07-01 15:09:38.715,LAMA-FIRST,GluingBeamHL_b7_r1_m2_lay2,Plannerinputs/generated/problemGluingBeamHL_b7_r1_m2_lay2.pddl,True,2779.46,2858.01,9,0,
331,2026-07-01 15:09:41.602,FF,GluingBeamHL_b13_r1_m3_lay3,Plannerinputs/generated/problemGluingBeamHL_b13_r1_m3_lay3.pddl,True,251.69,335.02,8,0,
332,2026-07-01 15:09:41.984,FF,NailingBeamHL_b23_r1_m4_lay4,Plannerinputs/generated/problemNailingBeamHL_b23_r1_m4_lay4.pddl,True,246.16,285.75,1,0,
333,2026-07-01 15:09:42.647,LAMA-FIRST,GluingBeamHL_b1_r1_m1_lay1,Plannerinputs/generated/problemGluingBeamHL_b1_r1_m1_lay1.pddl,True,2809.90,2915.60,9,0,
334,2026-07-01 15:09:45.584,LAMA-FIRST,GluingBeamHL_b7_r1_m2_lay2,Plannerinputs/generated/problemGluingBeamHL_b7_r1_m2_lay2.pddl,True,2763.95,2841.05,9,0,
335,2026-07-01 15:09:48.462,FF,GluingBeamHL_b13_r1_m3_lay3,Plannerinputs/generated/problemGluingBeamHL_b13_r1_m3_lay3.pddl,True,246.22,420.55,8,0,
336,2026-07-01 15:09:48.974,FF,NailingBeamHL_b19_r1_m4_lay4,Plannerinputs/generated/problemNailingBeamHL_b19_r1_m4_lay4.pddl,True,244.19,305.15,1,0,
337,2026-07-01 15:09:49.726,LAMA-FIRST,GluingBeamHL_b1_r1_m1_lay1,Plannerinputs/generated/problemGluingBeamHL_b1_r1_m1_lay1.pddl,True,2811.59,2890.36,9,0,
338,2026-07-01 15:09:52.651,LAMA-FIRST,GluingBeamHL_b7_r1_m2_lay2,Plannerinputs/generated/problemGluingBeamHL_b7_r1_m2_lay2.pddl,True,2968.22,3065.65,9,0,
339,2026-07-01 15:09:55.733,FF,GluingBeamHL_b13_r1_m3_lay3,Plannerinputs/generated/problemGluingBeamHL_b13_r1_m3_lay3.pddl,True,284.20,386.16,8,0,
340,2026-07-01 15:09:56.194,FF,NailingBeamHL_b24_r1_m4_lay4,Plannerinputs/generated/problemNailingBeamHL_b24_r1_m4_lay4.pddl,True,269.58,322.72,1,0,
341,2026-07-01 15:09:56.865,LAMA-FIRST,GluingBeamHL_b1_r1_m1_lay1,Plannerinputs/generated/problemGluingBeamHL_b1_r1_m1_lay1.pddl,True,3003.22,3080.34,9,0,
342,2026-07-01 15:09:59.991,LAMA-FIRST,GluingBeamHL_b7_r1_m2_lay2,Plannerinputs/generated/problemGluingBeamHL_b7_r1_m2_lay2.pddl,True,2985.21,3029.38,9,0,
343,2026-07-01 15:10:03.055,FF,GluingBeamHL_b13_r1_m3_lay3,Plannerinputs/generated/problemGluingBeamHL_b13_r1_m3_lay3.pddl,True,272.82,343.00,8,0,
344,2026-07-01 15:10:03.462,FF,GluingBeamHL_b19_r1_m4_lay4,Plannerinputs/generated/problemGluingBeamHL_b19_r1_m4_lay4.pddl,True,289.68,345.61,8,0,
345,2026-07-01 15:10:05.099,FF,GluingBeamHL_b19_r1_m4_lay4,Plannerinputs/generated/problemGluingBeamHL_b19_r1_m4_lay4.pddl,True,252.55,296.57,2,0,
346,2026-07-01 15:10:05.565,LAMA-FIRST,GluingBeamHL_b1_r1_m1_lay1,Plannerinputs/generated/problemGluingBeamHL_b1_r1_m1_lay1.pddl,True,2751.98,2790.75,2,0,
347,2026-07-01 15:10:08.404,LAMA-FIRST,GluingBeamHL_b7_r1_m2_lay2,Plannerinputs/generated/problemGluingBeamHL_b7_r1_m2_lay2.pddl,True,2748.76,2783.26,2,0,
348,2026-07-01 15:10:11.247,FF,GluingBeamHL_b14_r1_m3_lay3,Plannerinputs/generated/problemGluingBeamHL_b14_r1_m3_lay3.pddl,True,242.58,302.40,1,0,
349,2026-07-01 15:10:11.793,FF,GluingBeamHL_b19_r1_m4_lay4,Plannerinputs/generated/problemGluingBeamHL_b19_r1_m4_lay4.pddl,True,245.16,307.58,2,0,
350,2026-07-01 15:10:12.275,LAMA-FIRST,GluingBeamHL_b1_r1_m1_lay1,Plannerinputs/generated/problemGluingBeamHL_b1_r1_m1_lay1.pddl,True,2761.14,2811.71,2,0,
351,2026-07-01 15:10:15.122,LAMA-FIRST,GluingBeamHL_b7_r1_m2_lay2,Plannerinputs/generated/problemGluingBeamHL_b7_r1_m2_lay2.pddl,True,2748.93,2800.97,2,0,
352,2026-07-01 15:10:17.983,FF,GluingBeamHL_b17_r1_m3_lay3,Plannerinputs/generated/problemGluingBeamHL_b17_r1_m3_lay3.pddl,True,248.75,307.36,1,0,
353,2026-07-01 15:10:18.574,FF,GluingBeamHL_b19_r1_m4_lay4,Plannerinputs/generated/problemGluingBeamHL_b19_r1_m4_lay4.pddl,True,237.84,314.47,2,0,
354,2026-07-01 15:10:19.081,LAMA-FIRST,GluingBeamHL_b1_r1_m1_lay1,Plannerinputs/generated/problemGluingBeamHL_b1_r1_m1_lay1.pddl,True,2781.26,2835.70,2,0,
355,2026-07-01 15:10:21.983,LAMA-FIRST,GluingBeamHL_b7_r1_m2_lay2,Plannerinputs/generated/problemGluingBeamHL_b7_r1_m2_lay2.pddl,True,2761.21,2817.13,2,0,
356,2026-07-01 15:10:24.898,FF,GluingBeamHL_b18_r1_m3_lay3,Plannerinputs/generated/problemGluingBeamHL_b18_r1_m3_lay3.pddl,True,240.57,302.32,1,0,
357,2026-07-01 15:10:25.478,FF,GluingBeamHL_b19_r1_m4_lay4,Plannerinputs/generated/problemGluingBeamHL_b19_r1_m4_lay4.pddl,True,247.33,333.95,2,0,
358,2026-07-01 15:10:25.978,LAMA-FIRST,GluingBeamHL_b1_r1_m1_lay1,Plannerinputs/generated/problemGluingBeamHL_b1_r1_m1_lay1.pddl,True,2744.91,2785.10,2,0,
359,2026-07-01 15:10:28.812,LAMA-FIRST,GluingBeamHL_b7_r1_m2_lay2,Plannerinputs/generated/problemGluingBeamHL_b7_r1_m2_lay2.pddl,True,2758.19,2801.17,2,0,
360,2026-07-01 15:10:31.689,FF,GluingBeamHL_b16_r1_m3_lay3,Plannerinputs/generated/problemGluingBeamHL_b16_r1_m3_lay3.pddl,True,242.24,292.89,1,0,
361,2026-07-01 15:10:32.281,FF,GluingBeamHL_b19_r1_m4_lay4,Plannerinputs/generated/problemGluingBeamHL_b19_r1_m4_lay4.pddl,True,238.72,318.82,2,0,
362,2026-07-01 15:10:32.811,LAMA-FIRST,GluingBeamHL_b1_r1_m1_lay1,Plannerinputs/generated/problemGluingBeamHL_b1_r1_m1_lay1.pddl,True,2773.85,2823.47,2,0,
363,2026-07-01 15:10:35.666,LAMA-FIRST,GluingBeamHL_b7_r1_m2_lay2,Plannerinputs/generated/problemGluingBeamHL_b7_r1_m2_lay2.pddl,True,2770.92,2819.38,2,0,
364,2026-07-01 15:10:38.555,FF,GluingBeamHL_b15_r1_m3_lay3,Plannerinputs/generated/problemGluingBeamHL_b15_r1_m3_lay3.pddl,True,244.51,308.50,1,0,
365,2026-07-01 15:10:39.166,FF,GluingBeamHL_b19_r1_m4_lay4,Plannerinputs/generated/problemGluingBeamHL_b19_r1_m4_lay4.pddl,True,243.57,315.21,2,0,
366,2026-07-01 15:10:39.676,LAMA-FIRST,GluingBeamHL_b1_r1_m1_lay1,Plannerinputs/generated/problemGluingBeamHL_b1_r1_m1_lay1.pddl,True,2747.44,2786.75,2,0,
367,2026-07-01 15:10:42.500,LAMA-FIRST,GluingBeamHL_b7_r1_m2_lay2,Plannerinputs/generated/problemGluingBeamHL_b7_r1_m2_lay2.pddl,True,2724.23,2768.35,2,0,
368,2026-07-01 15:10:45.341,FF,PickUpHL_tp3_fp21_r1,Plannerinputs/generated/problemPickUpHL_tp3_fp21_r1.pddl,True,242.63,363.65,9,0,
369,2026-07-01 15:10:46.267,LAMA-FIRST,GluingBeamHL_b1_r1_m1_lay1,Plannerinputs/generated/problemGluingBeamHL_b1_r1_m1_lay1.pddl,True,2774.80,2820.11,2,0,
370,2026-07-01 15:10:49.128,LAMA-FIRST,GluingBeamHL_b7_r1_m2_lay2,Plannerinputs/generated/problemGluingBeamHL_b7_r1_m2_lay2.pddl,True,2750.73,2792.28,2,0,
371,2026-07-01 15:10:51.969,FF,PickUpHL_tp3_fp21_r1,Plannerinputs/generated/problemPickUpHL_tp3_fp21_r1.pddl,True,243.72,366.58,9,0,
372,2026-07-01 15:10:52.426,FF,GluingBeamHL_b20_r1_m4_lay4,Plannerinputs/generated/problemGluingBeamHL_b20_r1_m4_lay4.pddl,True,244.89,312.64,1,0,
373,2026-07-01 15:10:53.187,LAMA-FIRST,GluingBeamHL_b1_r1_m1_lay1,Plannerinputs/generated/problemGluingBeamHL_b1_r1_m1_lay1.pddl,True,2966.14,3029.45,2,0,
374,2026-07-01 15:10:56.271,LAMA-FIRST,GluingBeamHL_b7_r1_m2_lay2,Plannerinputs/generated/problemGluingBeamHL_b7_r1_m2_lay2.pddl,True,2973.84,3004.84,2,0,
375,2026-07-01 15:10:59.318,FF,PickUpHL_tp3_fp21_r1,Plannerinputs/generated/problemPickUpHL_tp3_fp21_r1.pddl,True,278.94,392.90,9,0,
376,2026-07-01 15:10:59.793,FF,GluingBeamHL_b23_r1_m4_lay4,Plannerinputs/generated/problemGluingBeamHL_b23_r1_m4_lay4.pddl,True,266.90,328.31,1,0,
377,2026-07-01 15:11:00.535,LAMA-FIRST,GluingBeamHL_b1_r1_m1_lay1,Plannerinputs/generated/problemGluingBeamHL_b1_r1_m1_lay1.pddl,True,3000.93,3050.49,2,0,
378,2026-07-01 15:11:03.627,LAMA-FIRST,GluingBeamHL_b7_r1_m2_lay2,Plannerinputs/generated/problemGluingBeamHL_b7_r1_m2_lay2.pddl,True,2984.10,3051.49,2,0,
379,2026-07-01 15:11:06.723,FF,PickUpHL_tp3_fp21_r1,Plannerinputs/generated/problemPickUpHL_tp3_fp21_r1.pddl,True,272.10,364.51,9,0,
380,2026-07-01 15:11:07.167,FF,GluingBeamHL_b24_r1_m4_lay4,Plannerinputs/generated/problemGluingBeamHL_b24_r1_m4_lay4.pddl,True,267.82,320.42,1,0,
381,2026-07-01 15:11:07.967,LAMA-FIRST,GluingBeamHL_b1_r1_m1_lay1,Plannerinputs/generated/problemGluingBeamHL_b1_r1_m1_lay1.pddl,True,2969.09,3021.61,2,0,
382,2026-07-01 15:11:11.035,LAMA-FIRST,GluingBeamHL_b7_r1_m2_lay2,Plannerinputs/generated/problemGluingBeamHL_b7_r1_m2_lay2.pddl,True,2781.57,2821.47,2,0,
383,2026-07-01 15:11:13.945,FF,PickUpHL_tp3_fp21_r1,Plannerinputs/generated/problemPickUpHL_tp3_fp21_r1.pddl,True,244.11,356.53,9,0,
384,2026-07-01 15:11:14.383,FF,GluingBeamHL_b22_r1_m4_lay4,Plannerinputs/generated/problemGluingBeamHL_b22_r1_m4_lay4.pddl,True,244.60,304.79,1,0,
385,2026-07-01 15:11:15.057,LAMA-FIRST,GluingBeamHL_b1_r1_m1_lay1,Plannerinputs/generated/problemGluingBeamHL_b1_r1_m1_lay1.pddl,True,2736.36,2779.70,2,0,
386,2026-07-01 15:11:17.870,LAMA-FIRST,GluingBeamHL_b7_r1_m2_lay2,Plannerinputs/generated/problemGluingBeamHL_b7_r1_m2_lay2.pddl,True,2952.78,2988.77,2,0,
387,2026-07-01 15:11:20.898,FF,PickUpHL_tp3_fp21_r1,Plannerinputs/generated/problemPickUpHL_tp3_fp21_r1.pddl,True,285.20,415.04,9,0,
388,2026-07-01 15:11:21.403,FF,GluingBeamHL_b21_r1_m4_lay4,Plannerinputs/generated/problemGluingBeamHL_b21_r1_m4_lay4.pddl,True,270.80,326.88,1,0,
389,2026-07-01 15:11:22.069,LAMA-FIRST,GluingBeamHL_b1_r1_m1_lay1,Plannerinputs/generated/problemGluingBeamHL_b1_r1_m1_lay1.pddl,True,2855.54,2902.43,2,0,
390,2026-07-01 15:11:25.021,LAMA-FIRST,GluingBeamHL_b7_r1_m2_lay2,Plannerinputs/generated/problemGluingBeamHL_b7_r1_m2_lay2.pddl,True,3048.41,3090.18,2,0,
391,2026-07-01 15:11:28.146,FF,PickUpHL_tp3_fp21_r1,Plannerinputs/generated/problemPickUpHL_tp3_fp21_r1.pddl,True,272.29,368.68,9,0,
392,2026-07-01 15:11:28.587,FF,PickUpHL_tp4_fp29_r1,Plannerinputs/generated/problemPickUpHL_tp4_fp29_r1.pddl,True,275.98,375.06,8,0,
393,2026-07-01 15:11:29.668,LAMA-FIRST,GluingBeamHL_b7_r1_m2_lay2,Plannerinputs/generated/problemGluingBeamHL_b7_r1_m2_lay2.pddl,True,2814.87,2866.70,2,0,
394,2026-07-01 15:11:32.589,FF,PickUpHL_tp3_fp21_r1,Plannerinputs/generated/problemPickUpHL_tp3_fp21_r1.pddl,True,251.09,378.97,9,0,
395,2026-07-01 15:11:33.021,FF,PickUpHL_tp4_fp29_r1,Plannerinputs/generated/problemPickUpHL_tp4_fp29_r1.pddl,True,238.88,331.92,8,0,
396,2026-07-01 15:11:33.546,LAMA-FIRST,GluingBeamHL_b2_r1_m1_lay1,Plannerinputs/generated/problemGluingBeamHL_b2_r1_m1_lay1.pddl,True,2748.62,2782.36,1,0,
397,2026-07-01 15:11:36.602,LAMA-FIRST,GluingBeamHL_b7_r1_m2_lay2,Plannerinputs/generated/problemGluingBeamHL_b7_r1_m2_lay2.pddl,True,2777.19,2814.77,2,0,
398,2026-07-01 15:11:39.472,FF,PickUpHL_tp3_fp21_r1,Plannerinputs/generated/problemPickUpHL_tp3_fp21_r1.pddl,True,259.81,362.38,9,0,
399,2026-07-01 15:11:39.882,FF,PickUpHL_tp4_fp29_r1,Plannerinputs/generated/problemPickUpHL_tp4_fp29_r1.pddl,True,248.56,347.54,8,0,
400,2026-07-01 15:11:40.436,LAMA-FIRST,GluingBeamHL_b5_r1_m1_lay1,Plannerinputs/generated/problemGluingBeamHL_b5_r1_m1_lay1.pddl,True,2790.88,2838.11,1,0,
401,2026-07-01 15:11:43.554,LAMA-FIRST,GluingBeamHL_b7_r1_m2_lay2,Plannerinputs/generated/problemGluingBeamHL_b7_r1_m2_lay2.pddl,True,2950.01,3008.90,2,0,
402,2026-07-01 15:11:46.613,FF,PickUpHL_tp3_fp21_r1,Plannerinputs/generated/problemPickUpHL_tp3_fp21_r1.pddl,True,292.19,393.19,9,0,
403,2026-07-01 15:11:47.050,FF,PickUpHL_tp4_fp29_r1,Plannerinputs/generated/problemPickUpHL_tp4_fp29_r1.pddl,True,266.55,361.33,8,0,
404,2026-07-01 15:11:47.618,LAMA-FIRST,GluingBeamHL_b6_r1_m1_lay1,Plannerinputs/generated/problemGluingBeamHL_b6_r1_m1_lay1.pddl,True,3008.68,3053.50,1,0,
405,2026-07-01 15:11:50.983,LAMA-FIRST,GluingBeamHL_b7_r1_m2_lay2,Plannerinputs/generated/problemGluingBeamHL_b7_r1_m2_lay2.pddl,True,2993.51,3031.21,2,0,
406,2026-07-01 15:11:54.067,FF,PickUpHL_tp3_fp21_r1,Plannerinputs/generated/problemPickUpHL_tp3_fp21_r1.pddl,True,282.47,388.79,9,0,
407,2026-07-01 15:11:54.514,FF,PickUpHL_tp4_fp29_r1,Plannerinputs/generated/problemPickUpHL_tp4_fp29_r1.pddl,True,261.11,351.04,8,0,
408,2026-07-01 15:11:55.071,LAMA-FIRST,GluingBeamHL_b4_r1_m1_lay1,Plannerinputs/generated/problemGluingBeamHL_b4_r1_m1_lay1.pddl,True,2744.86,2782.73,1,0,
409,2026-07-01 15:11:58.128,LAMA-FIRST,GluingBeamHL_b7_r1_m2_lay2,Plannerinputs/generated/problemGluingBeamHL_b7_r1_m2_lay2.pddl,True,2789.14,2827.01,2,0,
410,2026-07-01 15:12:01.001,FF,PickUpHL_tp3_fp21_r1,Plannerinputs/generated/problemPickUpHL_tp3_fp21_r1.pddl,True,292.50,402.97,9,0,
411,2026-07-01 15:12:01.453,FF,PickUpHL_tp4_fp29_r1,Plannerinputs/generated/problemPickUpHL_tp4_fp29_r1.pddl,True,272.69,358.81,8,0,
412,2026-07-01 15:12:01.998,LAMA-FIRST,GluingBeamHL_b3_r1_m1_lay1,Plannerinputs/generated/problemGluingBeamHL_b3_r1_m1_lay1.pddl,True,2945.09,2986.82,1,0,
413,2026-07-01 15:12:05.277,LAMA-FIRST,GluingBeamHL_b7_r1_m2_lay2,Plannerinputs/generated/problemGluingBeamHL_b7_r1_m2_lay2.pddl,True,2944.21,2989.88,2,0,
414,2026-07-01 15:12:08.300,FF,PickUpHL_tp3_fp21_r1,Plannerinputs/generated/problemPickUpHL_tp3_fp21_r1.pddl,True,264.71,359.06,9,0,
415,2026-07-01 15:12:08.708,FF,PickUpHL_tp4_fp29_r1,Plannerinputs/generated/problemPickUpHL_tp4_fp29_r1.pddl,True,266.45,355.51,8,0,
416,2026-07-01 15:12:09.261,LAMA-FIRST,PickUpHL_tp1_fp5_r1,Plannerinputs/generated/problemPickUpHL_tp1_fp5_r1.pddl,True,3063.99,3142.06,9,0,
417,2026-07-01 15:12:12.969,FF,PickUpHL_tp3_fp21_r1,Plannerinputs/generated/problemPickUpHL_tp3_fp21_r1.pddl,True,274.72,383.56,9,0,
418,2026-07-01 15:12:13.402,FF,PickUpHL_tp4_fp29_r1,Plannerinputs/generated/problemPickUpHL_tp4_fp29_r1.pddl,True,271.78,384.80,8,0,
419,2026-07-01 15:12:13.941,LAMA-FIRST,PickUpHL_tp1_fp5_r1,Plannerinputs/generated/problemPickUpHL_tp1_fp5_r1.pddl,True,3036.15,3138.87,9,0,
420,2026-07-01 15:12:17.180,LAMA-FIRST,GluingBeamHL_b8_r1_m2_lay2,Plannerinputs/generated/problemGluingBeamHL_b8_r1_m2_lay2.pddl,True,2984.16,3024.92,1,0,
421,2026-07-01 15:12:20.482,FF,PickUpHL_tp3_fp21_r1,Plannerinputs/generated/problemPickUpHL_tp3_fp21_r1.pddl,True,279.62,417.26,9,0,
422,2026-07-01 15:12:20.924,FF,PickUpHL_tp4_fp29_r1,Plannerinputs/generated/problemPickUpHL_tp4_fp29_r1.pddl,True,283.61,383.43,8,0,
423,2026-07-01 15:12:21.454,LAMA-FIRST,PickUpHL_tp1_fp5_r1,Plannerinputs/generated/problemPickUpHL_tp1_fp5_r1.pddl,True,3026.16,3111.13,9,0,
424,2026-07-01 15:12:24.635,LAMA-FIRST,GluingBeamHL_b11_r1_m2_lay2,Plannerinputs/generated/problemGluingBeamHL_b11_r1_m2_lay2.pddl,True,2949.89,2987.03,1,0,
425,2026-07-01 15:12:27.866,FF,PickUpHL_tp3_fp21_r1,Plannerinputs/generated/problemPickUpHL_tp3_fp21_r1.pddl,True,272.37,383.20,9,0,
426,2026-07-01 15:12:28.274,FF,PickUpHL_tp4_fp29_r1,Plannerinputs/generated/problemPickUpHL_tp4_fp29_r1.pddl,True,273.96,356.08,8,0,
427,2026-07-01 15:12:28.787,LAMA-FIRST,PickUpHL_tp1_fp5_r1,Plannerinputs/generated/problemPickUpHL_tp1_fp5_r1.pddl,True,3016.16,3084.07,9,0,
428,2026-07-01 15:12:31.939,LAMA-FIRST,GluingBeamHL_b12_r1_m2_lay2,Plannerinputs/generated/problemGluingBeamHL_b12_r1_m2_lay2.pddl,True,2926.55,2968.44,1,0,
429,2026-07-01 15:12:35.192,FF,PickUpHL_tp3_fp21_r1,Plannerinputs/generated/problemPickUpHL_tp3_fp21_r1.pddl,True,268.82,379.91,9,0,
430,2026-07-01 15:12:35.609,FF,PickUpHL_tp4_fp29_r1,Plannerinputs/generated/problemPickUpHL_tp4_fp29_r1.pddl,True,268.82,402.26,8,0,
431,2026-07-01 15:12:36.207,LAMA-FIRST,PickUpHL_tp1_fp5_r1,Plannerinputs/generated/problemPickUpHL_tp1_fp5_r1.pddl,True,3020.64,3110.68,9,0,
432,2026-07-01 15:12:39.393,LAMA-FIRST,GluingBeamHL_b10_r1_m2_lay2,Plannerinputs/generated/problemGluingBeamHL_b10_r1_m2_lay2.pddl,True,3019.71,3056.17,1,0,
433,2026-07-01 15:12:42.682,FF,PickUpHL_tp3_fp21_r1,Plannerinputs/generated/problemPickUpHL_tp3_fp21_r1.pddl,True,244.91,338.21,9,0,
434,2026-07-01 15:12:43.055,FF,PickUpHL_tp4_fp29_r1,Plannerinputs/generated/problemPickUpHL_tp4_fp29_r1.pddl,True,253.52,358.16,8,0,
435,2026-07-01 15:12:43.606,LAMA-FIRST,PickUpHL_tp1_fp5_r1,Plannerinputs/generated/problemPickUpHL_tp1_fp5_r1.pddl,True,2812.06,2885.90,9,0,
436,2026-07-01 15:12:46.559,LAMA-FIRST,GluingBeamHL_b9_r1_m2_lay2,Plannerinputs/generated/problemGluingBeamHL_b9_r1_m2_lay2.pddl,True,2768.02,2813.44,1,0,
437,2026-07-01 15:12:49.661,FF,PickUpHL_tp3_fp21_r1,Plannerinputs/generated/problemPickUpHL_tp3_fp21_r1.pddl,True,292.24,395.41,9,0,
438,2026-07-01 15:12:50.108,FF,PickUpHL_tp4_fp29_r1,Plannerinputs/generated/problemPickUpHL_tp4_fp29_r1.pddl,True,276.67,410.68,8,0,
439,2026-07-01 15:12:50.713,LAMA-FIRST,PickUpHL_tp1_fp5_r1,Plannerinputs/generated/problemPickUpHL_tp1_fp5_r1.pddl,True,3000.47,3093.99,9,0,
440,2026-07-01 15:12:53.885,LAMA-FIRST,PickUpHL_tp2_fp13_r1,Plannerinputs/generated/problemPickUpHL_tp2_fp13_r1.pddl,True,2994.10,3070.60,9,0,
441,2026-07-01 15:12:58.947,LAMA-FIRST,PickUpHL_tp1_fp5_r1,Plannerinputs/generated/problemPickUpHL_tp1_fp5_r1.pddl,True,3002.95,3052.81,3,0,
442,2026-07-01 15:13:02.057,LAMA-FIRST,PickUpHL_tp2_fp13_r1,Plannerinputs/generated/problemPickUpHL_tp2_fp13_r1.pddl,True,2968.69,3034.75,3,0,
443,2026-07-01 15:13:05.152,FF,PickUpHL_tp3_fp21_r1,Plannerinputs/generated/problemPickUpHL_tp3_fp21_r1.pddl,True,269.03,388.37,3,0,
444,2026-07-01 15:13:05.614,FF,StackOnMultipleHL_tp4_r1_pr4_m4_lay4,Plannerinputs/generated/problemStackOnMultipleHL_tp4_r1_pr4_m4_lay4.pddl,True,266.74,331.33,2,0,
445,2026-07-01 15:13:06.660,LAMA-FIRST,PickUpHL_tp1_fp5_r1,Plannerinputs/generated/problemPickUpHL_tp1_fp5_r1.pddl,True,2712.20,2762.23,2,0,
446,2026-07-01 15:13:09.468,LAMA-FIRST,PickUpHL_tp2_fp13_r1,Plannerinputs/generated/problemPickUpHL_tp2_fp13_r1.pddl,True,2714.91,2758.62,2,0,
447,2026-07-01 15:13:12.286,FF,PickUpHL_tp3_fp21_r1,Plannerinputs/generated/problemPickUpHL_tp3_fp21_r1.pddl,True,243.45,325.42,2,0,
448,2026-07-01 15:13:12.729,FF,NailingHL_tp4_r1,Plannerinputs/generated/problemNailingHL_tp4_r1.pddl,True,250.07,356.57,8,0,
449,2026-07-01 15:13:13.798,LAMA-FIRST,PickUpHL_tp2_fp13_r1,Plannerinputs/generated/problemPickUpHL_tp2_fp13_r1.pddl,True,2692.65,2740.18,3,0,
450,2026-07-01 15:13:16.582,FF,PickUpHL_tp3_fp21_r1,Plannerinputs/generated/problemPickUpHL_tp3_fp21_r1.pddl,True,247.60,320.14,3,0,
451,2026-07-01 15:13:16.948,FF,NailingHL_tp4_r1,Plannerinputs/generated/problemNailingHL_tp4_r1.pddl,True,243.68,369.33,11,0,
452,2026-07-01 15:13:17.530,LAMA-FIRST,StackOnMultipleHL_tp1_r1_pr1_m1_lay1,Plannerinputs/generated/problemStackOnMultipleHL_tp1_r1_pr1_m1_lay1.pddl,True,2920.58,2975.02,2,0,
453,2026-07-01 15:13:20.978,LAMA-FIRST,PickUpHL_tp2_fp13_r1,Plannerinputs/generated/problemPickUpHL_tp2_fp13_r1.pddl,True,2601.02,2640.16,2,0,
454,2026-07-01 15:13:23.660,FF,PickUpHL_tp3_fp21_r1,Plannerinputs/generated/problemPickUpHL_tp3_fp21_r1.pddl,True,242.39,295.46,2,0,
455,2026-07-01 15:13:23.994,FF,NailingHL_tp4_r1,Plannerinputs/generated/problemNailingHL_tp4_r1.pddl,True,257.56,326.41,8,0,
456,2026-07-01 15:13:24.534,LAMA-FIRST,NailingHL_tp1_r1,Plannerinputs/generated/problemNailingHL_tp1_r1.pddl,True,2735.49,2837.28,8,0,
457,2026-07-01 15:13:27.848,FF,PickUpHL_tp3_fp21_r1,Plannerinputs/generated/problemPickUpHL_tp3_fp21_r1.pddl,True,269.84,342.20,3,0,
458,2026-07-01 15:13:28.256,FF,NailingHL_tp4_r1,Plannerinputs/generated/problemNailingHL_tp4_r1.pddl,True,280.47,427.19,11,0,
459,2026-07-01 15:13:28.853,LAMA-FIRST,NailingHL_tp1_r1,Plannerinputs/generated/problemNailingHL_tp1_r1.pddl,True,2779.37,2883.56,11,0,
460,2026-07-01 15:13:31.810,LAMA-FIRST,StackOnMultipleHL_tp2_r1_pr2_m2_lay2,Plannerinputs/generated/problemStackOnMultipleHL_tp2_r1_pr2_m2_lay2.pddl,True,2729.02,2763.23,2,0,
461,2026-07-01 15:13:34.980,FF,PickUpHL_tp3_fp21_r1,Plannerinputs/generated/problemPickUpHL_tp3_fp21_r1.pddl,True,272.62,330.36,2,0,
462,2026-07-01 15:13:35.355,FF,NailingHL_tp4_r1,Plannerinputs/generated/problemNailingHL_tp4_r1.pddl,True,268.73,405.04,8,0,
463,2026-07-01 15:13:35.922,LAMA-FIRST,NailingHL_tp1_r1,Plannerinputs/generated/problemNailingHL_tp1_r1.pddl,True,2500.93,2595.85,8,0,
464,2026-07-01 15:13:38.577,LAMA-FIRST,NailingHL_tp2_r1,Plannerinputs/generated/problemNailingHL_tp2_r1.pddl,True,2519.71,2601.29,8,0,
465,2026-07-01 15:13:41.712,FF,NailingHL_tp4_r1,Plannerinputs/generated/problemNailingHL_tp4_r1.pddl,True,242.62,344.90,11,0,
466,2026-07-01 15:13:42.215,LAMA-FIRST,NailingHL_tp1_r1,Plannerinputs/generated/problemNailingHL_tp1_r1.pddl,True,2512.93,2636.69,11,0,
467,2026-07-01 15:13:44.890,LAMA-FIRST,NailingHL_tp2_r1,Plannerinputs/generated/problemNailingHL_tp2_r1.pddl,True,2472.82,2585.87,11,0,
468,2026-07-01 15:13:47.546,FF,StackOnMultipleHL_tp3_r1_pr3_m3_lay3,Plannerinputs/generated/problemStackOnMultipleHL_tp3_r1_pr3_m3_lay3.pddl,True,246.66,304.06,2,0,
469,2026-07-01 15:13:48.321,FF,NailingHL_tp4_r1,Plannerinputs/generated/problemNailingHL_tp4_r1.pddl,True,251.08,333.24,8,0,
470,2026-07-01 15:13:48.833,LAMA-FIRST,NailingHL_tp1_r1,Plannerinputs/generated/problemNailingHL_tp1_r1.pddl,True,2418.62,2482.48,8,0,
471,2026-07-01 15:13:51.352,LAMA-FIRST,NailingHL_tp2_r1,Plannerinputs/generated/problemNailingHL_tp2_r1.pddl,True,2410.90,2483.20,8,0,
472,2026-07-01 15:13:53.897,FF,NailingHL_tp3_r1,Plannerinputs/generated/problemNailingHL_tp3_r1.pddl,True,246.91,330.59,8,0,
473,2026-07-01 15:13:56.241,LAMA-FIRST,NailingHL_tp1_r1,Plannerinputs/generated/problemNailingHL_tp1_r1.pddl,True,2645.72,2684.55,2,0,
474,2026-07-01 15:13:58.968,LAMA-FIRST,NailingHL_tp2_r1,Plannerinputs/generated/problemNailingHL_tp2_r1.pddl,True,2654.34,2708.39,2,0,
475,2026-07-01 15:14:01.726,FF,NailingHL_tp3_r1,Plannerinputs/generated/problemNailingHL_tp3_r1.pddl,True,276.17,331.49,2,0,
476,2026-07-01 15:14:02.143,FF,MoveCassetteToStackHL_tp4_lp4_pr4_sp4_r1_m4_lay4,Plannerinputs/generated/problemMoveCassetteToStackHL_tp4_lp4_pr4_sp4_r1_m4_lay4.pddl,True,249.14,338.53,10,0,
477,2026-07-01 15:14:03.109,LAMA-FIRST,NailingHL_tp2_r1,Plannerinputs/generated/problemNailingHL_tp2_r1.pddl,True,2529.08,2580.41,2,0,
478,2026-07-01 15:14:05.738,FF,NailingHL_tp3_r1,Plannerinputs/generated/problemNailingHL_tp3_r1.pddl,True,245.20,305.13,2,0,
479,2026-07-01 15:14:06.085,FF,MoveCassetteToStackHL_tp4_lp4_pr4_sp4_r1_m4_lay4,Plannerinputs/generated/problemMoveCassetteToStackHL_tp4_lp4_pr4_sp4_r1_m4_lay4.pddl,True,250.16,346.51,10,0,
480,2026-07-01 15:14:06.648,LAMA-FIRST,MoveCassetteToStackHL_tp1_lp1_pr1_sp1_r1_m1_lay1,Plannerinputs/generated/problemMoveCassetteToStackHL_tp1_lp1_pr1_sp1_r1_m1_lay1.pddl,True,2640.23,2755.31,10,0,
481,2026-07-01 15:14:10.015,FF,NailingHL_tp3_r1,Plannerinputs/generated/problemNailingHL_tp3_r1.pddl,True,284.91,355.34,2,0,
482,2026-07-01 15:14:10.438,FF,MoveCassetteToStackHL_tp4_lp4_pr4_sp4_r1_m4_lay4,Plannerinputs/generated/problemMoveCassetteToStackHL_tp4_lp4_pr4_sp4_r1_m4_lay4.pddl,True,281.52,414.24,10,0,
483,2026-07-01 15:14:11.009,LAMA-FIRST,MoveCassetteToStackHL_tp1_lp1_pr1_sp1_r1_m1_lay1,Plannerinputs/generated/problemMoveCassetteToStackHL_tp1_lp1_pr1_sp1_r1_m1_lay1.pddl,True,2847.45,2963.66,11,0,
484,2026-07-01 15:14:14.056,LAMA-FIRST,MoveCassetteToStackHL_tp2_lp2_pr2_sp2_r1_m2_lay2,Plannerinputs/generated/problemMoveCassetteToStackHL_tp2_lp2_pr2_sp2_r1_m2_lay2.pddl,True,2754.90,2826.08,10,0,
485,2026-07-01 15:14:17.375,FF,MoveCassetteToStackHL_tp4_lp4_pr4_sp4_r1_m4_lay4,Plannerinputs/generated/problemMoveCassetteToStackHL_tp4_lp4_pr4_sp4_r1_m4_lay4.pddl,True,258.88,397.25,10,0,
486,2026-07-01 15:14:17.962,LAMA-FIRST,MoveCassetteToStackHL_tp1_lp1_pr1_sp1_r1_m1_lay1,Plannerinputs/generated/problemMoveCassetteToStackHL_tp1_lp1_pr1_sp1_r1_m1_lay1.pddl,True,2875.91,2966.56,11,0,
487,2026-07-01 15:14:20.963,LAMA-FIRST,MoveCassetteToStackHL_tp2_lp2_pr2_sp2_r1_m2_lay2,Plannerinputs/generated/problemMoveCassetteToStackHL_tp2_lp2_pr2_sp2_r1_m2_lay2.pddl,True,2886.38,2989.24,11,0,
488,2026-07-01 15:14:24.029,FF,MoveCassetteToStackHL_tp3_lp3_pr3_sp3_r1_m3_lay3,Plannerinputs/generated/problemMoveCassetteToStackHL_tp3_lp3_pr3_sp3_r1_m3_lay3.pddl,True,248.70,363.53,10,0,
489,2026-07-01 15:14:26.701,LAMA-FIRST,MoveCassetteToStackHL_tp1_lp1_pr1_sp1_r1_m1_lay1,Plannerinputs/generated/problemMoveCassetteToStackHL_tp1_lp1_pr1_sp1_r1_m1_lay1.pddl,True,2843.01,2886.09,4,0,
490,2026-07-01 15:14:29.629,LAMA-FIRST,MoveCassetteToStackHL_tp2_lp2_pr2_sp2_r1_m2_lay2,Plannerinputs/generated/problemMoveCassetteToStackHL_tp2_lp2_pr2_sp2_r1_m2_lay2.pddl,True,2886.11,2950.29,4,0,
491,2026-07-01 15:14:32.633,FF,MoveCassetteToStackHL_tp3_lp3_pr3_sp3_r1_m3_lay3,Plannerinputs/generated/problemMoveCassetteToStackHL_tp3_lp3_pr3_sp3_r1_m3_lay3.pddl,True,247.90,337.30,4,0,
492,2026-07-01 15:14:34.119,LAMA-FIRST,MoveCassetteToStackHL_tp2_lp2_pr2_sp2_r1_m2_lay2,Plannerinputs/generated/problemMoveCassetteToStackHL_tp2_lp2_pr2_sp2_r1_m2_lay2.pddl,True,2881.06,2924.05,4,0,
493,2026-07-01 15:14:37.083,FF,MoveCassetteToStackHL_tp3_lp3_pr3_sp3_r1_m3_lay3,Plannerinputs/generated/problemMoveCassetteToStackHL_tp3_lp3_pr3_sp3_r1_m3_lay3.pddl,True,248.37,345.72,4,0,
494,2026-07-01 15:14:38.470,FF,MoveCassetteToStackHL_tp3_lp3_pr3_sp3_r1_m3_lay3,Plannerinputs/generated/problemMoveCassetteToStackHL_tp3_lp3_pr3_sp3_r1_m3_lay3.pddl,True,278.85,371.16,4,0,
495,2026-07-01 15:14:40.027,ENHSP,cassette5,./Plannerinputs/static/problemC5.pddl,True,1470.14,1700.42,31,0,
496,2026-07-01 15:14:41.728,ENHSP,cassette6,./Plannerinputs/static/problemC6.pddl,True,1390.72,1620.83,31,0,
497,2026-07-01 15:14:43.351,ENHSP,cassette7,./Plannerinputs/static/problemC7.pddl,True,1341.56,1513.64,31,0,
498,2026-07-01 15:14:44.865,ENHSP,cassette8,./Plannerinputs/static/problemC8.pddl,True,1329.30,1535.00,31,0,
499,2026-07-01 15:14:46.586,LAMA-FIRST,PickUpHL_lp5_fp33_r1,Plannerinputs/generated/problemPickUpHL_lp5_fp33_r1.pddl,True,3480.85,3532.71,2,0,
500,2026-07-01 15:14:50.166,LAMA-FIRST,PickUpHL_lp6_fp41_r1,Plannerinputs/generated/problemPickUpHL_lp6_fp41_r1.pddl,True,3486.29,3528.00,2,0,
501,2026-07-01 15:14:53.743,FF,PickUpHL_lp7_fp49_r1,Plannerinputs/generated/problemPickUpHL_lp7_fp49_r1.pddl,True,270.47,351.44,2,0,
502,2026-07-01 15:14:54.182,FF,PickUpHL_lp8_fp57_r1,Plannerinputs/generated/problemPickUpHL_lp8_fp57_r1.pddl,True,275.91,347.19,2,0,
503,2026-07-01 15:14:55.227,LAMA-FIRST,PickUpHL_lp6_fp41_r1,Plannerinputs/generated/problemPickUpHL_lp6_fp41_r1.pddl,True,3449.80,3496.57,3,0,
504,2026-07-01 15:14:58.754,FF,PickUpHL_lp7_fp49_r1,Plannerinputs/generated/problemPickUpHL_lp7_fp49_r1.pddl,True,277.93,363.34,3,0,
505,2026-07-01 15:14:59.154,FF,PickUpHL_lp8_fp57_r1,Plannerinputs/generated/problemPickUpHL_lp8_fp57_r1.pddl,True,274.85,349.05,3,0,
506,2026-07-01 15:14:59.707,LAMA-FIRST,PlaceHL_lp5_pr1_r1,Plannerinputs/generated/problemPlaceHL_lp5_pr1_r1.pddl,True,4807.30,4857.20,2,0,
507,2026-07-01 15:15:05.051,LAMA-FIRST,PickUpHL_lp6_fp41_r1,Plannerinputs/generated/problemPickUpHL_lp6_fp41_r1.pddl,True,3785.78,3823.36,2,0,
508,2026-07-01 15:15:08.890,FF,PickUpHL_lp7_fp49_r1,Plannerinputs/generated/problemPickUpHL_lp7_fp49_r1.pddl,True,289.63,358.66,2,0,
509,2026-07-01 15:15:09.277,FF,PickUpHL_lp8_fp57_r1,Plannerinputs/generated/problemPickUpHL_lp8_fp57_r1.pddl,True,274.16,323.85,2,0,
510,2026-07-01 15:15:09.756,LAMA-FIRST,GluingPlateHL_lp5_pr1_r1,Plannerinputs/generated/problemGluingPlateHL_lp5_pr1_r1.pddl,True,3464.51,3541.74,8,0,
511,2026-07-01 15:15:13.839,FF,PickUpHL_lp7_fp49_r1,Plannerinputs/generated/problemPickUpHL_lp7_fp49_r1.pddl,True,310.16,433.51,3,0,
512,2026-07-01 15:15:14.332,FF,PickUpHL_lp8_fp57_r1,Plannerinputs/generated/problemPickUpHL_lp8_fp57_r1.pddl,True,304.13,382.07,3,0,
513,2026-07-01 15:15:14.890,LAMA-FIRST,GluingPlateHL_lp5_pr1_r1,Plannerinputs/generated/problemGluingPlateHL_lp5_pr1_r1.pddl,True,3807.06,3897.96,9,0,
514,2026-07-01 15:15:18.832,LAMA-FIRST,PlaceHL_lp6_pr2_r1,Plannerinputs/generated/problemPlaceHL_lp6_pr2_r1.pddl,True,5233.25,5278.47,2,0,
515,2026-07-01 15:15:24.611,FF,PickUpHL_lp7_fp49_r1,Plannerinputs/generated/problemPickUpHL_lp7_fp49_r1.pddl,True,327.00,409.59,2,0,
516,2026-07-01 15:15:25.069,FF,PickUpHL_lp8_fp57_r1,Plannerinputs/generated/problemPickUpHL_lp8_fp57_r1.pddl,True,299.72,370.23,2,0,
517,2026-07-01 15:15:25.598,LAMA-FIRST,GluingPlateHL_lp5_pr1_r1,Plannerinputs/generated/problemGluingPlateHL_lp5_pr1_r1.pddl,True,3699.49,3772.18,8,0,
518,2026-07-01 15:15:29.429,LAMA-FIRST,GluingPlateHL_lp6_pr2_r1,Plannerinputs/generated/problemGluingPlateHL_lp6_pr2_r1.pddl,True,3737.02,3812.02,8,0,
519,2026-07-01 15:15:33.772,FF,PickUpHL_lp8_fp57_r1,Plannerinputs/generated/problemPickUpHL_lp8_fp57_r1.pddl,True,309.09,391.20,3,0,
520,2026-07-01 15:15:34.359,LAMA-FIRST,GluingPlateHL_lp5_pr1_r1,Plannerinputs/generated/problemGluingPlateHL_lp5_pr1_r1.pddl,True,3503.31,3618.56,9,0,
521,2026-07-01 15:15:37.994,LAMA-FIRST,GluingPlateHL_lp6_pr2_r1,Plannerinputs/generated/problemGluingPlateHL_lp6_pr2_r1.pddl,True,3486.68,3565.12,9,0,
522,2026-07-01 15:15:41.587,FF,PlaceHL_lp7_pr3_r1,Plannerinputs/generated/problemPlaceHL_lp7_pr3_r1.pddl,True,272.99,340.62,2,0,
523,2026-07-01 15:15:42.443,FF,PickUpHL_lp8_fp57_r1,Plannerinputs/generated/problemPickUpHL_lp8_fp57_r1.pddl,True,271.61,341.70,2,0,
524,2026-07-01 15:15:42.972,LAMA-FIRST,GluingPlateHL_lp5_pr1_r1,Plannerinputs/generated/problemGluingPlateHL_lp5_pr1_r1.pddl,True,3466.98,3537.42,8,0,
525,2026-07-01 15:15:46.545,LAMA-FIRST,GluingPlateHL_lp6_pr2_r1,Plannerinputs/generated/problemGluingPlateHL_lp6_pr2_r1.pddl,True,3481.57,3549.52,8,0,
526,2026-07-01 15:15:50.168,FF,GluingPlateHL_lp7_pr3_r1,Plannerinputs/generated/problemGluingPlateHL_lp7_pr3_r1.pddl,True,293.29,395.34,8,0,
527,2026-07-01 15:15:51.286,LAMA-FIRST,GluingPlateHL_lp5_pr1_r1,Plannerinputs/generated/problemGluingPlateHL_lp5_pr1_r1.pddl,True,3474.31,3569.71,9,0,
528,2026-07-01 15:15:54.893,LAMA-FIRST,GluingPlateHL_lp6_pr2_r1,Plannerinputs/generated/problemGluingPlateHL_lp6_pr2_r1.pddl,True,3513.04,3583.86,9,0,
529,2026-07-01 15:15:58.499,FF,GluingPlateHL_lp7_pr3_r1,Plannerinputs/generated/problemGluingPlateHL_lp7_pr3_r1.pddl,True,314.58,453.68,11,0,
530,2026-07-01 15:15:58.996,FF,PlaceHL_lp8_pr4_r1,Plannerinputs/generated/problemPlaceHL_lp8_pr4_r1.pddl,True,272.92,340.14,2,0,
531,2026-07-01 15:16:00.035,LAMA-FIRST,GluingPlateHL_lp5_pr1_r1,Plannerinputs/generated/problemGluingPlateHL_lp5_pr1_r1.pddl,True,3463.59,3524.39,8,0,
532,2026-07-01 15:16:03.600,LAMA-FIRST,GluingPlateHL_lp6_pr2_r1,Plannerinputs/generated/problemGluingPlateHL_lp6_pr2_r1.pddl,True,3447.27,3543.48,8,0,
533,2026-07-01 15:16:07.159,FF,GluingPlateHL_lp7_pr3_r1,Plannerinputs/generated/problemGluingPlateHL_lp7_pr3_r1.pddl,True,284.48,389.39,8,0,
534,2026-07-01 15:16:07.587,FF,GluingPlateHL_lp8_pr4_r1,Plannerinputs/generated/problemGluingPlateHL_lp8_pr4_r1.pddl,True,278.94,366.23,8,0,
535,2026-07-01 15:16:09.966,LAMA-FIRST,GluingPlateHL_lp6_pr2_r1,Plannerinputs/generated/problemGluingPlateHL_lp6_pr2_r1.pddl,True,3779.11,3822.94,2,0,
536,2026-07-01 15:16:13.842,FF,GluingPlateHL_lp7_pr3_r1,Plannerinputs/generated/problemGluingPlateHL_lp7_pr3_r1.pddl,True,306.66,413.96,2,0,
537,2026-07-01 15:16:14.300,FF,GluingPlateHL_lp8_pr4_r1,Plannerinputs/generated/problemGluingPlateHL_lp8_pr4_r1.pddl,True,311.85,378.68,2,0,
538,2026-07-01 15:16:14.877,LAMA-FIRST,PickUpHL_b25_fp34_r1,Plannerinputs/generated/problemPickUpHL_b25_fp34_r1.pddl,True,3828.70,3909.93,9,0,
539,2026-07-01 15:16:19.328,FF,GluingPlateHL_lp7_pr3_r1,Plannerinputs/generated/problemGluingPlateHL_lp7_pr3_r1.pddl,True,312.76,377.89,2,0,
540,2026-07-01 15:16:19.750,FF,GluingPlateHL_lp8_pr4_r1,Plannerinputs/generated/problemGluingPlateHL_lp8_pr4_r1.pddl,True,309.03,373.36,2,0,
541,2026-07-01 15:16:20.301,LAMA-FIRST,PickUpHL_b25_fp34_r1,Plannerinputs/generated/problemPickUpHL_b25_fp34_r1.pddl,True,3510.28,3589.24,9,0,
542,2026-07-01 15:16:23.926,LAMA-FIRST,PickUpHL_b31_fp42_r1,Plannerinputs/generated/problemPickUpHL_b31_fp42_r1.pddl,True,3464.28,3538.43,10,0,
543,2026-07-01 15:16:27.963,FF,GluingPlateHL_lp8_pr4_r1,Plannerinputs/generated/problemGluingPlateHL_lp8_pr4_r1.pddl,True,273.39,323.37,2,0,
544,2026-07-01 15:16:28.450,LAMA-FIRST,PickUpHL_b25_fp34_r1,Plannerinputs/generated/problemPickUpHL_b25_fp34_r1.pddl,True,3477.58,3585.14,9,0,
545,2026-07-01 15:16:32.056,LAMA-FIRST,PickUpHL_b31_fp42_r1,Plannerinputs/generated/problemPickUpHL_b31_fp42_r1.pddl,True,3485.43,3562.29,10,0,
546,2026-07-01 15:16:35.652,FF,PickUpHL_b37_fp50_r1,Plannerinputs/generated/problemPickUpHL_b37_fp50_r1.pddl,True,288.64,402.88,9,0,
547,2026-07-01 15:16:36.726,LAMA-FIRST,PickUpHL_b25_fp34_r1,Plannerinputs/generated/problemPickUpHL_b25_fp34_r1.pddl,True,3505.48,3604.41,9,0,
548,2026-07-01 15:16:40.382,LAMA-FIRST,PickUpHL_b31_fp42_r1,Plannerinputs/generated/problemPickUpHL_b31_fp42_r1.pddl,True,3499.75,3582.74,10,0,
549,2026-07-01 15:16:44.003,FF,PickUpHL_b37_fp50_r1,Plannerinputs/generated/problemPickUpHL_b37_fp50_r1.pddl,True,294.36,392.58,9,0,
550,2026-07-01 15:16:44.438,FF,PickUpHL_b43_fp58_r1,Plannerinputs/generated/problemPickUpHL_b43_fp58_r1.pddl,True,290.10,389.16,9,0,
551,2026-07-01 15:16:47.201,LAMA-FIRST,PickUpHL_b31_fp42_r1,Plannerinputs/generated/problemPickUpHL_b31_fp42_r1.pddl,True,3472.00,3524.99,3,0,
552,2026-07-01 15:16:50.777,FF,PickUpHL_b37_fp50_r1,Plannerinputs/generated/problemPickUpHL_b37_fp50_r1.pddl,True,272.98,328.34,3,0,
553,2026-07-01 15:16:51.142,FF,PickUpHL_b43_fp58_r1,Plannerinputs/generated/problemPickUpHL_b43_fp58_r1.pddl,True,273.10,331.88,3,0,
554,2026-07-01 15:16:51.640,LAMA-FIRST,StackHL_b25_lp5_r1_pr1_lay5_m5,Plannerinputs/generated/problemStackHL_b25_lp5_r1_pr1_lay5_m5.pddl,True,5388.45,5438.52,2,0,
555,2026-07-01 15:16:57.582,LAMA-FIRST,PickUpHL_b31_fp42_r1,Plannerinputs/generated/problemPickUpHL_b31_fp42_r1.pddl,True,3745.88,3786.80,2,0,
556,2026-07-01 15:17:01.423,FF,PickUpHL_b37_fp50_r1,Plannerinputs/generated/problemPickUpHL_b37_fp50_r1.pddl,True,316.56,388.51,2,0,
557,2026-07-01 15:17:01.862,FF,PickUpHL_b43_fp58_r1,Plannerinputs/generated/problemPickUpHL_b43_fp58_r1.pddl,True,282.63,358.66,2,0,
558,2026-07-01 15:17:02.379,LAMA-FIRST,PickUpHL_b26_fp35_r1,Plannerinputs/generated/problemPickUpHL_b26_fp35_r1.pddl,True,3371.35,3418.90,2,0,
559,2026-07-01 15:17:06.337,FF,PickUpHL_b37_fp50_r1,Plannerinputs/generated/problemPickUpHL_b37_fp50_r1.pddl,True,317.18,404.27,3,0,
560,2026-07-01 15:17:06.765,FF,PickUpHL_b43_fp58_r1,Plannerinputs/generated/problemPickUpHL_b43_fp58_r1.pddl,True,311.20,411.65,3,0,
561,2026-07-01 15:17:07.315,LAMA-FIRST,PickUpHL_b26_fp35_r1,Plannerinputs/generated/problemPickUpHL_b26_fp35_r1.pddl,True,3691.19,3750.15,3,0,
562,2026-07-01 15:17:11.124,LAMA-FIRST,StackHL_b31_lp6_r1_pr2_lay6_m6,Plannerinputs/generated/problemStackHL_b31_lp6_r1_pr2_lay6_m6.pddl,True,5163.71,5205.14,2,0,
563,2026-07-01 15:17:16.902,FF,PickUpHL_b37_fp50_r1,Plannerinputs/generated/problemPickUpHL_b37_fp50_r1.pddl,True,297.01,353.56,2,0,
564,2026-07-01 15:17:17.313,FF,PickUpHL_b43_fp58_r1,Plannerinputs/generated/problemPickUpHL_b43_fp58_r1.pddl,True,298.97,388.34,2,0,
565,2026-07-01 15:17:17.890,LAMA-FIRST,PickUpHL_b26_fp35_r1,Plannerinputs/generated/problemPickUpHL_b26_fp35_r1.pddl,True,3595.83,3646.85,2,0,
566,2026-07-01 15:17:21.610,LAMA-FIRST,PickUpHL_b32_fp43_r1,Plannerinputs/generated/problemPickUpHL_b32_fp43_r1.pddl,True,3607.78,3655.57,2,0,
567,2026-07-01 15:17:25.893,FF,PickUpHL_b43_fp58_r1,Plannerinputs/generated/problemPickUpHL_b43_fp58_r1.pddl,True,307.72,383.57,3,0,
568,2026-07-01 15:17:26.418,LAMA-FIRST,PickUpHL_b26_fp35_r1,Plannerinputs/generated/problemPickUpHL_b26_fp35_r1.pddl,True,3612.41,3656.89,3,0,
569,2026-07-01 15:17:30.122,LAMA-FIRST,PickUpHL_b32_fp43_r1,Plannerinputs/generated/problemPickUpHL_b32_fp43_r1.pddl,True,3454.30,3513.73,3,0,
570,2026-07-01 15:17:33.691,FF,StackHL_b37_lp7_r1_pr3_lay7_m7,Plannerinputs/generated/problemStackHL_b37_lp7_r1_pr3_lay7_m7.pddl,True,269.64,348.36,2,0,
571,2026-07-01 15:17:34.612,FF,PickUpHL_b43_fp58_r1,Plannerinputs/generated/problemPickUpHL_b43_fp58_r1.pddl,True,267.86,333.49,2,0,
572,2026-07-01 15:17:35.085,LAMA-FIRST,PickUpHL_b26_fp35_r1,Plannerinputs/generated/problemPickUpHL_b26_fp35_r1.pddl,True,3175.97,3233.27,2,0,
573,2026-07-01 15:17:38.339,LAMA-FIRST,PickUpHL_b32_fp43_r1,Plannerinputs/generated/problemPickUpHL_b32_fp43_r1.pddl,True,3225.57,3284.46,2,0,
574,2026-07-01 15:17:41.667,FF,PickUpHL_b38_fp51_r1,Plannerinputs/generated/problemPickUpHL_b38_fp51_r1.pddl,True,270.71,344.41,2,0,
575,2026-07-01 15:17:42.654,LAMA-FIRST,PickUpHL_b26_fp35_r1,Plannerinputs/generated/problemPickUpHL_b26_fp35_r1.pddl,True,3210.92,3264.85,3,0,
576,2026-07-01 15:17:45.949,LAMA-FIRST,PickUpHL_b32_fp43_r1,Plannerinputs/generated/problemPickUpHL_b32_fp43_r1.pddl,True,3181.72,3233.40,3,0,
577,2026-07-01 15:17:49.205,FF,PickUpHL_b38_fp51_r1,Plannerinputs/generated/problemPickUpHL_b38_fp51_r1.pddl,True,275.72,368.10,3,0,
578,2026-07-01 15:17:49.629,FF,StackHL_b43_lp8_r1_pr4_lay8_m8,Plannerinputs/generated/problemStackHL_b43_lp8_r1_pr4_lay8_m8.pddl,True,271.74,338.73,2,0,
579,2026-07-01 15:17:50.570,LAMA-FIRST,PickUpHL_b26_fp35_r1,Plannerinputs/generated/problemPickUpHL_b26_fp35_r1.pddl,True,3110.67,3154.56,2,0,
580,2026-07-01 15:17:53.768,LAMA-FIRST,PickUpHL_b32_fp43_r1,Plannerinputs/generated/problemPickUpHL_b32_fp43_r1.pddl,True,3022.67,3077.08,2,0,
581,2026-07-01 15:17:56.866,FF,PickUpHL_b38_fp51_r1,Plannerinputs/generated/problemPickUpHL_b38_fp51_r1.pddl,True,267.55,329.83,2,0,
582,2026-07-01 15:17:57.296,FF,PickUpHL_b44_fp59_r1,Plannerinputs/generated/problemPickUpHL_b44_fp59_r1.pddl,True,266.61,332.68,2,0,
583,2026-07-01 15:17:58.275,LAMA-FIRST,PickUpHL_b32_fp43_r1,Plannerinputs/generated/problemPickUpHL_b32_fp43_r1.pddl,True,3025.46,3100.63,3,0,
584,2026-07-01 15:18:01.394,FF,PickUpHL_b38_fp51_r1,Plannerinputs/generated/problemPickUpHL_b38_fp51_r1.pddl,True,271.88,360.56,3,0,
585,2026-07-01 15:18:01.821,FF,PickUpHL_b44_fp59_r1,Plannerinputs/generated/problemPickUpHL_b44_fp59_r1.pddl,True,277.97,394.29,3,0,
586,2026-07-01 15:18:02.380,LAMA-FIRST,StackHL_b26_lp5_r1_pr1_lay5_m5,Plannerinputs/generated/problemStackHL_b26_lp5_r1_pr1_lay5_m5.pddl,True,4270.06,4321.97,2,0,
587,2026-07-01 15:18:07.221,LAMA-FIRST,PickUpHL_b32_fp43_r1,Plannerinputs/generated/problemPickUpHL_b32_fp43_r1.pddl,True,3033.41,3082.17,2,0,
588,2026-07-01 15:18:10.348,FF,PickUpHL_b38_fp51_r1,Plannerinputs/generated/problemPickUpHL_b38_fp51_r1.pddl,True,270.46,329.27,2,0,
589,2026-07-01 15:18:10.748,FF,PickUpHL_b44_fp59_r1,Plannerinputs/generated/problemPickUpHL_b44_fp59_r1.pddl,True,278.33,346.62,2,0,
590,2026-07-01 15:18:11.277,LAMA-FIRST,PickUpHL_b30_fp40_r1,Plannerinputs/generated/problemPickUpHL_b30_fp40_r1.pddl,True,3034.87,3079.47,2,0,
591,2026-07-01 15:18:14.895,FF,PickUpHL_b38_fp51_r1,Plannerinputs/generated/problemPickUpHL_b38_fp51_r1.pddl,True,271.94,338.09,3,0,
592,2026-07-01 15:18:15.281,FF,PickUpHL_b44_fp59_r1,Plannerinputs/generated/problemPickUpHL_b44_fp59_r1.pddl,True,264.58,338.89,3,0,
593,2026-07-01 15:18:15.780,LAMA-FIRST,PickUpHL_b30_fp40_r1,Plannerinputs/generated/problemPickUpHL_b30_fp40_r1.pddl,True,3029.82,3080.06,3,0,
594,2026-07-01 15:18:18.904,LAMA-FIRST,StackHL_b32_lp6_r1_pr2_lay6_m6,Plannerinputs/generated/problemStackHL_b32_lp6_r1_pr2_lay6_m6.pddl,True,4292.49,4330.90,2,0,
595,2026-07-01 15:18:23.663,FF,PickUpHL_b38_fp51_r1,Plannerinputs/generated/problemPickUpHL_b38_fp51_r1.pddl,True,268.58,328.32,2,0,
596,2026-07-01 15:18:24.040,FF,PickUpHL_b44_fp59_r1,Plannerinputs/generated/problemPickUpHL_b44_fp59_r1.pddl,True,283.25,358.33,2,0,
597,2026-07-01 15:18:24.572,LAMA-FIRST,PickUpHL_b30_fp40_r1,Plannerinputs/generated/problemPickUpHL_b30_fp40_r1.pddl,True,3015.55,3054.46,2,0,
598,2026-07-01 15:18:27.714,LAMA-FIRST,PickUpHL_b36_fp48_r1,Plannerinputs/generated/problemPickUpHL_b36_fp48_r1.pddl,True,3019.80,3064.91,2,0,
599,2026-07-01 15:18:31.343,FF,PickUpHL_b44_fp59_r1,Plannerinputs/generated/problemPickUpHL_b44_fp59_r1.pddl,True,298.89,398.56,3,0,
600,2026-07-01 15:18:31.895,LAMA-FIRST,PickUpHL_b30_fp40_r1,Plannerinputs/generated/problemPickUpHL_b30_fp40_r1.pddl,True,3253.92,3354.79,3,0,
601,2026-07-01 15:18:35.268,LAMA-FIRST,PickUpHL_b36_fp48_r1,Plannerinputs/generated/problemPickUpHL_b36_fp48_r1.pddl,True,3221.74,3278.15,3,0,
602,2026-07-01 15:18:38.580,FF,StackHL_b38_lp7_r1_pr3_lay7_m7,Plannerinputs/generated/problemStackHL_b38_lp7_r1_pr3_lay7_m7.pddl,True,302.81,379.71,2,0,
603,2026-07-01 15:18:39.475,FF,PickUpHL_b44_fp59_r1,Plannerinputs/generated/problemPickUpHL_b44_fp59_r1.pddl,True,299.13,363.00,2,0,
604,2026-07-01 15:18:40.001,LAMA-FIRST,PickUpHL_b30_fp40_r1,Plannerinputs/generated/problemPickUpHL_b30_fp40_r1.pddl,True,3237.81,3288.05,2,0,
605,2026-07-01 15:18:43.341,LAMA-FIRST,PickUpHL_b36_fp48_r1,Plannerinputs/generated/problemPickUpHL_b36_fp48_r1.pddl,True,3273.17,3330.96,2,0,
606,2026-07-01 15:18:46.753,FF,PickUpHL_b42_fp56_r1,Plannerinputs/generated/problemPickUpHL_b42_fp56_r1.pddl,True,292.95,367.55,2,0,
607,2026-07-01 15:18:47.763,LAMA-FIRST,PickUpHL_b30_fp40_r1,Plannerinputs/generated/problemPickUpHL_b30_fp40_r1.pddl,True,3342.32,3405.83,3,0,
608,2026-07-01 15:18:51.216,LAMA-FIRST,PickUpHL_b36_fp48_r1,Plannerinputs/generated/problemPickUpHL_b36_fp48_r1.pddl,True,3080.85,3135.08,3,0,
609,2026-07-01 15:18:54.396,FF,PickUpHL_b42_fp56_r1,Plannerinputs/generated/problemPickUpHL_b42_fp56_r1.pddl,True,271.43,350.68,3,0,
610,2026-07-01 15:18:54.815,FF,StackHL_b44_lp8_r1_pr4_lay8_m8,Plannerinputs/generated/problemStackHL_b44_lp8_r1_pr4_lay8_m8.pddl,True,273.20,338.97,2,0,
611,2026-07-01 15:18:55.820,LAMA-FIRST,PickUpHL_b30_fp40_r1,Plannerinputs/generated/problemPickUpHL_b30_fp40_r1.pddl,True,3072.90,3129.28,2,0,
612,2026-07-01 15:18:59.058,LAMA-FIRST,PickUpHL_b36_fp48_r1,Plannerinputs/generated/problemPickUpHL_b36_fp48_r1.pddl,True,3026.66,3077.71,2,0,
613,2026-07-01 15:19:02.179,FF,PickUpHL_b42_fp56_r1,Plannerinputs/generated/problemPickUpHL_b42_fp56_r1.pddl,True,271.19,341.96,2,0,
614,2026-07-01 15:19:02.560,FF,PickUpHL_b48_fp64_r1,Plannerinputs/generated/problemPickUpHL_b48_fp64_r1.pddl,True,264.96,321.28,2,0,
615,2026-07-01 15:19:03.549,LAMA-FIRST,PickUpHL_b36_fp48_r1,Plannerinputs/generated/problemPickUpHL_b36_fp48_r1.pddl,True,3040.70,3088.88,3,0,
616,2026-07-01 15:19:06.674,FF,PickUpHL_b42_fp56_r1,Plannerinputs/generated/problemPickUpHL_b42_fp56_r1.pddl,True,278.18,348.45,3,0,
617,2026-07-01 15:19:07.078,FF,PickUpHL_b48_fp64_r1,Plannerinputs/generated/problemPickUpHL_b48_fp64_r1.pddl,True,266.59,325.35,3,0,
618,2026-07-01 15:19:07.591,LAMA-FIRST,StackHL_b30_lp5_r1_pr1_lay5_m5,Plannerinputs/generated/problemStackHL_b30_lp5_r1_pr1_lay5_m5.pddl,True,4316.67,4368.93,2,0,
619,2026-07-01 15:19:12.493,LAMA-FIRST,PickUpHL_b36_fp48_r1,Plannerinputs/generated/problemPickUpHL_b36_fp48_r1.pddl,True,3284.53,3338.04,2,0,
620,2026-07-01 15:19:15.862,FF,PickUpHL_b42_fp56_r1,Plannerinputs/generated/problemPickUpHL_b42_fp56_r1.pddl,True,302.32,388.08,2,0,
621,2026-07-01 15:19:16.294,FF,PickUpHL_b48_fp64_r1,Plannerinputs/generated/problemPickUpHL_b48_fp64_r1.pddl,True,297.87,353.40,2,0,
622,2026-07-01 15:19:16.839,LAMA-FIRST,PickUpHL_b28_fp38_r1,Plannerinputs/generated/problemPickUpHL_b28_fp38_r1.pddl,True,3137.09,3183.76,2,0,
623,2026-07-01 15:19:20.463,FF,PickUpHL_b42_fp56_r1,Plannerinputs/generated/problemPickUpHL_b42_fp56_r1.pddl,True,271.01,325.06,3,0,
624,2026-07-01 15:19:20.805,FF,PickUpHL_b48_fp64_r1,Plannerinputs/generated/problemPickUpHL_b48_fp64_r1.pddl,True,274.03,359.15,3,0,
625,2026-07-01 15:19:21.345,LAMA-FIRST,PickUpHL_b28_fp38_r1,Plannerinputs/generated/problemPickUpHL_b28_fp38_r1.pddl,True,3107.95,3165.37,3,0,
626,2026-07-01 15:19:24.549,LAMA-FIRST,StackHL_b36_lp6_r1_pr2_lay6_m6,Plannerinputs/generated/problemStackHL_b36_lp6_r1_pr2_lay6_m6.pddl,True,4266.88,4318.01,2,0,
627,2026-07-01 15:19:29.335,FF,PickUpHL_b42_fp56_r1,Plannerinputs/generated/problemPickUpHL_b42_fp56_r1.pddl,True,269.26,335.44,2,0,
628,2026-07-01 15:19:29.718,FF,PickUpHL_b48_fp64_r1,Plannerinputs/generated/problemPickUpHL_b48_fp64_r1.pddl,True,269.82,340.19,2,0,
629,2026-07-01 15:19:30.231,LAMA-FIRST,PickUpHL_b28_fp38_r1,Plannerinputs/generated/problemPickUpHL_b28_fp38_r1.pddl,True,3032.64,3082.75,2,0,
630,2026-07-01 15:19:33.356,LAMA-FIRST,PickUpHL_b34_fp46_r1,Plannerinputs/generated/problemPickUpHL_b34_fp46_r1.pddl,True,3016.52,3063.05,2,0,
631,2026-07-01 15:19:36.904,FF,PickUpHL_b48_fp64_r1,Plannerinputs/generated/problemPickUpHL_b48_fp64_r1.pddl,True,273.26,343.37,3,0,
632,2026-07-01 15:19:37.418,LAMA-FIRST,PickUpHL_b28_fp38_r1,Plannerinputs/generated/problemPickUpHL_b28_fp38_r1.pddl,True,3032.33,3085.96,3,0,
633,2026-07-01 15:19:40.522,LAMA-FIRST,PickUpHL_b34_fp46_r1,Plannerinputs/generated/problemPickUpHL_b34_fp46_r1.pddl,True,3024.84,3104.73,3,0,
634,2026-07-01 15:19:43.684,FF,StackHL_b42_lp7_r1_pr3_lay7_m7,Plannerinputs/generated/problemStackHL_b42_lp7_r1_pr3_lay7_m7.pddl,True,265.48,334.34,2,0,
635,2026-07-01 15:19:44.541,FF,PickUpHL_b48_fp64_r1,Plannerinputs/generated/problemPickUpHL_b48_fp64_r1.pddl,True,272.01,367.44,2,0,
636,2026-07-01 15:19:45.112,LAMA-FIRST,PickUpHL_b28_fp38_r1,Plannerinputs/generated/problemPickUpHL_b28_fp38_r1.pddl,True,3024.18,3075.23,2,0,
637,2026-07-01 15:19:48.250,LAMA-FIRST,PickUpHL_b34_fp46_r1,Plannerinputs/generated/problemPickUpHL_b34_fp46_r1.pddl,True,3039.70,3083.13,2,0,
638,2026-07-01 15:19:51.366,FF,PickUpHL_b40_fp54_r1,Plannerinputs/generated/problemPickUpHL_b40_fp54_r1.pddl,True,275.87,352.21,2,0,
639,2026-07-01 15:19:52.406,LAMA-FIRST,PickUpHL_b28_fp38_r1,Plannerinputs/generated/problemPickUpHL_b28_fp38_r1.pddl,True,3040.67,3163.92,3,0,
640,2026-07-01 15:19:55.609,LAMA-FIRST,PickUpHL_b34_fp46_r1,Plannerinputs/generated/problemPickUpHL_b34_fp46_r1.pddl,True,3016.32,3126.23,3,0,
641,2026-07-01 15:19:58.752,FF,PickUpHL_b40_fp54_r1,Plannerinputs/generated/problemPickUpHL_b40_fp54_r1.pddl,True,271.01,329.74,3,0,
642,2026-07-01 15:19:59.141,FF,StackHL_b48_lp8_r1_pr4_lay8_m8,Plannerinputs/generated/problemStackHL_b48_lp8_r1_pr4_lay8_m8.pddl,True,277.43,357.03,2,0,
643,2026-07-01 15:20:00.206,LAMA-FIRST,PickUpHL_b28_fp38_r1,Plannerinputs/generated/problemPickUpHL_b28_fp38_r1.pddl,True,3029.05,3076.39,2,0,
644,2026-07-01 15:20:03.316,LAMA-FIRST,PickUpHL_b34_fp46_r1,Plannerinputs/generated/problemPickUpHL_b34_fp46_r1.pddl,True,3045.83,3098.81,2,0,
645,2026-07-01 15:20:06.474,FF,PickUpHL_b40_fp54_r1,Plannerinputs/generated/problemPickUpHL_b40_fp54_r1.pddl,True,267.09,336.03,2,0,
646,2026-07-01 15:20:06.846,FF,PickUpHL_b46_fp62_r1,Plannerinputs/generated/problemPickUpHL_b46_fp62_r1.pddl,True,270.79,332.29,2,0,
647,2026-07-01 15:20:07.744,LAMA-FIRST,PickUpHL_b34_fp46_r1,Plannerinputs/generated/problemPickUpHL_b34_fp46_r1.pddl,True,3041.73,3090.67,3,0,
648,2026-07-01 15:20:10.851,FF,PickUpHL_b40_fp54_r1,Plannerinputs/generated/problemPickUpHL_b40_fp54_r1.pddl,True,277.57,341.36,3,0,
649,2026-07-01 15:20:11.213,FF,PickUpHL_b46_fp62_r1,Plannerinputs/generated/problemPickUpHL_b46_fp62_r1.pddl,True,270.55,354.52,3,0,
650,2026-07-01 15:20:11.752,LAMA-FIRST,StackHL_b28_lp5_r1_pr1_lay5_m5,Plannerinputs/generated/problemStackHL_b28_lp5_r1_pr1_lay5_m5.pddl,True,4269.36,4323.25,2,0,
651,2026-07-01 15:20:16.577,LAMA-FIRST,PickUpHL_b34_fp46_r1,Plannerinputs/generated/problemPickUpHL_b34_fp46_r1.pddl,True,3007.79,3064.31,2,0,
652,2026-07-01 15:20:19.686,FF,PickUpHL_b40_fp54_r1,Plannerinputs/generated/problemPickUpHL_b40_fp54_r1.pddl,True,279.99,344.28,2,0,
653,2026-07-01 15:20:20.063,FF,PickUpHL_b46_fp62_r1,Plannerinputs/generated/problemPickUpHL_b46_fp62_r1.pddl,True,270.11,325.58,2,0,
654,2026-07-01 15:20:20.612,LAMA-FIRST,PickUpHL_b27_fp36_r1,Plannerinputs/generated/problemPickUpHL_b27_fp36_r1.pddl,True,3105.58,3191.95,2,0,
655,2026-07-01 15:20:24.269,FF,PickUpHL_b40_fp54_r1,Plannerinputs/generated/problemPickUpHL_b40_fp54_r1.pddl,True,266.50,316.86,3,0,
656,2026-07-01 15:20:24.605,FF,PickUpHL_b46_fp62_r1,Plannerinputs/generated/problemPickUpHL_b46_fp62_r1.pddl,True,273.59,364.02,3,0,
657,2026-07-01 15:20:25.138,LAMA-FIRST,PickUpHL_b27_fp36_r1,Plannerinputs/generated/problemPickUpHL_b27_fp36_r1.pddl,True,3004.51,3069.44,3,0,
658,2026-07-01 15:20:28.261,LAMA-FIRST,StackHL_b34_lp6_r1_pr2_lay6_m6,Plannerinputs/generated/problemStackHL_b34_lp6_r1_pr2_lay6_m6.pddl,True,4280.78,4337.01,2,0,
659,2026-07-01 15:20:33.078,FF,PickUpHL_b40_fp54_r1,Plannerinputs/generated/problemPickUpHL_b40_fp54_r1.pddl,True,262.22,333.42,2,0,
660,2026-07-01 15:20:33.457,FF,PickUpHL_b46_fp62_r1,Plannerinputs/generated/problemPickUpHL_b46_fp62_r1.pddl,True,274.70,348.75,2,0,
661,2026-07-01 15:20:33.961,LAMA-FIRST,PickUpHL_b27_fp36_r1,Plannerinputs/generated/problemPickUpHL_b27_fp36_r1.pddl,True,3009.80,3060.33,2,0,
662,2026-07-01 15:20:37.089,LAMA-FIRST,PickUpHL_b33_fp44_r1,Plannerinputs/generated/problemPickUpHL_b33_fp44_r1.pddl,True,3013.72,3061.83,2,0,
663,2026-07-01 15:20:40.682,FF,PickUpHL_b46_fp62_r1,Plannerinputs/generated/problemPickUpHL_b46_fp62_r1.pddl,True,311.42,383.34,3,0,
664,2026-07-01 15:20:41.221,LAMA-FIRST,PickUpHL_b27_fp36_r1,Plannerinputs/generated/problemPickUpHL_b27_fp36_r1.pddl,True,3263.62,3318.39,3,0,
665,2026-07-01 15:20:44.590,LAMA-FIRST,PickUpHL_b33_fp44_r1,Plannerinputs/generated/problemPickUpHL_b33_fp44_r1.pddl,True,3267.59,3332.51,3,0,
666,2026-07-01 15:20:47.985,FF,StackHL_b40_lp7_r1_pr3_lay7_m7,Plannerinputs/generated/problemStackHL_b40_lp7_r1_pr3_lay7_m7.pddl,True,305.89,375.57,2,0,
667,2026-07-01 15:20:48.950,FF,PickUpHL_b46_fp62_r1,Plannerinputs/generated/problemPickUpHL_b46_fp62_r1.pddl,True,301.79,374.05,2,0,
668,2026-07-01 15:20:49.465,LAMA-FIRST,PickUpHL_b27_fp36_r1,Plannerinputs/generated/problemPickUpHL_b27_fp36_r1.pddl,True,3044.66,3094.75,2,0,
669,2026-07-01 15:20:52.578,LAMA-FIRST,PickUpHL_b33_fp44_r1,Plannerinputs/generated/problemPickUpHL_b33_fp44_r1.pddl,True,3000.92,3046.97,2,0,
670,2026-07-01 15:20:55.684,FF,PickUpHL_b39_fp52_r1,Plannerinputs/generated/problemPickUpHL_b39_fp52_r1.pddl,True,260.61,332.63,2,0,
671,2026-07-01 15:20:56.726,LAMA-FIRST,PickUpHL_b27_fp36_r1,Plannerinputs/generated/problemPickUpHL_b27_fp36_r1.pddl,True,2995.01,3050.78,3,0,
672,2026-07-01 15:20:59.826,LAMA-FIRST,PickUpHL_b33_fp44_r1,Plannerinputs/generated/problemPickUpHL_b33_fp44_r1.pddl,True,3035.30,3079.79,3,0,
673,2026-07-01 15:21:02.946,FF,PickUpHL_b39_fp52_r1,Plannerinputs/generated/problemPickUpHL_b39_fp52_r1.pddl,True,272.19,365.76,3,0,
674,2026-07-01 15:21:03.385,FF,StackHL_b46_lp8_r1_pr4_lay8_m8,Plannerinputs/generated/problemStackHL_b46_lp8_r1_pr4_lay8_m8.pddl,True,269.22,351.71,2,0,
675,2026-07-01 15:21:04.433,LAMA-FIRST,PickUpHL_b27_fp36_r1,Plannerinputs/generated/problemPickUpHL_b27_fp36_r1.pddl,True,3002.42,3062.22,2,0,
676,2026-07-01 15:21:07.527,LAMA-FIRST,PickUpHL_b33_fp44_r1,Plannerinputs/generated/problemPickUpHL_b33_fp44_r1.pddl,True,2999.30,3052.91,2,0,
677,2026-07-01 15:21:10.632,FF,PickUpHL_b39_fp52_r1,Plannerinputs/generated/problemPickUpHL_b39_fp52_r1.pddl,True,264.87,340.13,2,0,
678,2026-07-01 15:21:11.087,FF,PickUpHL_b45_fp60_r1,Plannerinputs/generated/problemPickUpHL_b45_fp60_r1.pddl,True,276.81,348.24,2,0,
679,2026-07-01 15:21:12.155,LAMA-FIRST,PickUpHL_b33_fp44_r1,Plannerinputs/generated/problemPickUpHL_b33_fp44_r1.pddl,True,3022.38,3074.29,3,0,
680,2026-07-01 15:21:15.280,FF,PickUpHL_b39_fp52_r1,Plannerinputs/generated/problemPickUpHL_b39_fp52_r1.pddl,True,267.32,387.74,3,0,
681,2026-07-01 15:21:15.720,FF,PickUpHL_b45_fp60_r1,Plannerinputs/generated/problemPickUpHL_b45_fp60_r1.pddl,True,281.98,390.78,3,0,
682,2026-07-01 15:21:16.333,LAMA-FIRST,StackHL_b27_lp5_r1_pr1_lay5_m5,Plannerinputs/generated/problemStackHL_b27_lp5_r1_pr1_lay5_m5.pddl,True,4262.85,4305.60,2,0,
683,2026-07-01 15:21:21.263,LAMA-FIRST,PickUpHL_b33_fp44_r1,Plannerinputs/generated/problemPickUpHL_b33_fp44_r1.pddl,True,3027.26,3065.35,2,0,
684,2026-07-01 15:21:24.349,FF,PickUpHL_b39_fp52_r1,Plannerinputs/generated/problemPickUpHL_b39_fp52_r1.pddl,True,272.13,349.40,2,0,
685,2026-07-01 15:21:24.742,FF,PickUpHL_b45_fp60_r1,Plannerinputs/generated/problemPickUpHL_b45_fp60_r1.pddl,True,264.10,330.00,2,0,
686,2026-07-01 15:21:25.249,LAMA-FIRST,PickUpHL_b29_fp39_r1,Plannerinputs/generated/problemPickUpHL_b29_fp39_r1.pddl,True,3011.26,3062.18,2,0,
687,2026-07-01 15:21:28.840,FF,PickUpHL_b39_fp52_r1,Plannerinputs/generated/problemPickUpHL_b39_fp52_r1.pddl,True,264.01,339.64,3,0,
688,2026-07-01 15:21:29.253,FF,PickUpHL_b45_fp60_r1,Plannerinputs/generated/problemPickUpHL_b45_fp60_r1.pddl,True,277.10,353.59,3,0,
689,2026-07-01 15:21:29.808,LAMA-FIRST,PickUpHL_b29_fp39_r1,Plannerinputs/generated/problemPickUpHL_b29_fp39_r1.pddl,True,3069.58,3133.86,3,0,
690,2026-07-01 15:21:32.981,LAMA-FIRST,StackHL_b33_lp6_r1_pr2_lay6_m6,Plannerinputs/generated/problemStackHL_b33_lp6_r1_pr2_lay6_m6.pddl,True,4273.85,4323.70,2,0,
691,2026-07-01 15:21:37.812,FF,PickUpHL_b39_fp52_r1,Plannerinputs/generated/problemPickUpHL_b39_fp52_r1.pddl,True,268.06,325.48,2,0,
692,2026-07-01 15:21:38.173,FF,PickUpHL_b45_fp60_r1,Plannerinputs/generated/problemPickUpHL_b45_fp60_r1.pddl,True,269.06,321.58,2,0,
693,2026-07-01 15:21:38.664,LAMA-FIRST,PickUpHL_b29_fp39_r1,Plannerinputs/generated/problemPickUpHL_b29_fp39_r1.pddl,True,3029.97,3073.12,2,0,
694,2026-07-01 15:21:41.795,LAMA-FIRST,PickUpHL_b35_fp47_r1,Plannerinputs/generated/problemPickUpHL_b35_fp47_r1.pddl,True,3037.50,3087.94,2,0,
695,2026-07-01 15:21:45.464,FF,PickUpHL_b45_fp60_r1,Plannerinputs/generated/problemPickUpHL_b45_fp60_r1.pddl,True,270.14,342.43,3,0,
696,2026-07-01 15:21:45.966,LAMA-FIRST,PickUpHL_b29_fp39_r1,Plannerinputs/generated/problemPickUpHL_b29_fp39_r1.pddl,True,3010.07,3071.29,3,0,
697,2026-07-01 15:21:49.064,LAMA-FIRST,PickUpHL_b35_fp47_r1,Plannerinputs/generated/problemPickUpHL_b35_fp47_r1.pddl,True,3020.91,3069.52,3,0,
698,2026-07-01 15:21:52.166,FF,StackHL_b39_lp7_r1_pr3_lay7_m7,Plannerinputs/generated/problemStackHL_b39_lp7_r1_pr3_lay7_m7.pddl,True,292.51,354.95,2,0,
699,2026-07-01 15:21:52.988,FF,PickUpHL_b45_fp60_r1,Plannerinputs/generated/problemPickUpHL_b45_fp60_r1.pddl,True,263.43,324.16,2,0,
700,2026-07-01 15:21:53.495,LAMA-FIRST,PickUpHL_b29_fp39_r1,Plannerinputs/generated/problemPickUpHL_b29_fp39_r1.pddl,True,3008.01,3051.58,2,0,
701,2026-07-01 15:21:56.592,LAMA-FIRST,PickUpHL_b35_fp47_r1,Plannerinputs/generated/problemPickUpHL_b35_fp47_r1.pddl,True,2985.30,3033.68,2,0,
702,2026-07-01 15:21:59.705,FF,PickUpHL_b41_fp55_r1,Plannerinputs/generated/problemPickUpHL_b41_fp55_r1.pddl,True,279.01,383.21,2,0,
703,2026-07-01 15:22:00.694,LAMA-FIRST,PickUpHL_b29_fp39_r1,Plannerinputs/generated/problemPickUpHL_b29_fp39_r1.pddl,True,3036.54,3125.47,3,0,
704,2026-07-01 15:22:03.852,LAMA-FIRST,PickUpHL_b35_fp47_r1,Plannerinputs/generated/problemPickUpHL_b35_fp47_r1.pddl,True,3001.25,3045.89,3,0,
705,2026-07-01 15:22:06.940,FF,PickUpHL_b41_fp55_r1,Plannerinputs/generated/problemPickUpHL_b41_fp55_r1.pddl,True,266.67,364.24,3,0,
706,2026-07-01 15:22:07.347,FF,StackHL_b45_lp8_r1_pr4_lay8_m8,Plannerinputs/generated/problemStackHL_b45_lp8_r1_pr4_lay8_m8.pddl,True,271.26,338.95,2,0,
707,2026-07-01 15:22:08.377,LAMA-FIRST,PickUpHL_b29_fp39_r1,Plannerinputs/generated/problemPickUpHL_b29_fp39_r1.pddl,True,3018.63,3070.16,2,0,
708,2026-07-01 15:22:11.481,LAMA-FIRST,PickUpHL_b35_fp47_r1,Plannerinputs/generated/problemPickUpHL_b35_fp47_r1.pddl,True,3008.24,3052.10,2,0,
709,2026-07-01 15:22:14.593,FF,PickUpHL_b41_fp55_r1,Plannerinputs/generated/problemPickUpHL_b41_fp55_r1.pddl,True,265.39,348.12,2,0,
710,2026-07-01 15:22:15.007,FF,PickUpHL_b47_fp63_r1,Plannerinputs/generated/problemPickUpHL_b47_fp63_r1.pddl,True,262.63,324.11,2,0,
711,2026-07-01 15:22:16.076,LAMA-FIRST,PickUpHL_b35_fp47_r1,Plannerinputs/generated/problemPickUpHL_b35_fp47_r1.pddl,True,3266.63,3325.19,3,0,
712,2026-07-01 15:22:19.438,FF,PickUpHL_b41_fp55_r1,Plannerinputs/generated/problemPickUpHL_b41_fp55_r1.pddl,True,321.04,410.22,3,0,
713,2026-07-01 15:22:19.880,FF,PickUpHL_b47_fp63_r1,Plannerinputs/generated/problemPickUpHL_b47_fp63_r1.pddl,True,295.99,360.79,3,0,
714,2026-07-01 15:22:20.402,LAMA-FIRST,StackHL_b29_lp5_r1_pr1_lay5_m5,Plannerinputs/generated/problemStackHL_b29_lp5_r1_pr1_lay5_m5.pddl,True,4271.58,4320.62,2,0,
715,2026-07-01 15:22:25.263,LAMA-FIRST,PickUpHL_b35_fp47_r1,Plannerinputs/generated/problemPickUpHL_b35_fp47_r1.pddl,True,3030.00,3079.73,2,0,
716,2026-07-01 15:22:28.362,FF,PickUpHL_b41_fp55_r1,Plannerinputs/generated/problemPickUpHL_b41_fp55_r1.pddl,True,272.23,365.14,2,0,
717,2026-07-01 15:22:28.801,FF,PickUpHL_b47_fp63_r1,Plannerinputs/generated/problemPickUpHL_b47_fp63_r1.pddl,True,269.60,340.47,2,0,
718,2026-07-01 15:22:29.347,LAMA-FIRST,NailingBeamHL_b26_r1_m5_lay5,Plannerinputs/generated/problemNailingBeamHL_b26_r1_m5_lay5.pddl,True,3017.11,3106.34,8,0,
719,2026-07-01 15:22:32.940,FF,PickUpHL_b41_fp55_r1,Plannerinputs/generated/problemPickUpHL_b41_fp55_r1.pddl,True,266.26,346.94,3,0,
720,2026-07-01 15:22:33.320,FF,PickUpHL_b47_fp63_r1,Plannerinputs/generated/problemPickUpHL_b47_fp63_r1.pddl,True,309.29,383.90,3,0,
721,2026-07-01 15:22:33.826,LAMA-FIRST,NailingBeamHL_b26_r1_m5_lay5,Plannerinputs/generated/problemNailingBeamHL_b26_r1_m5_lay5.pddl,True,3273.82,3358.20,11,0,
722,2026-07-01 15:22:37.217,LAMA-FIRST,StackHL_b35_lp6_r1_pr2_lay6_m6,Plannerinputs/generated/problemStackHL_b35_lp6_r1_pr2_lay6_m6.pddl,True,4329.62,4378.06,2,0,
723,2026-07-01 15:22:42.201,FF,PickUpHL_b41_fp55_r1,Plannerinputs/generated/problemPickUpHL_b41_fp55_r1.pddl,True,267.62,345.36,2,0,
724,2026-07-01 15:22:42.616,FF,PickUpHL_b47_fp63_r1,Plannerinputs/generated/problemPickUpHL_b47_fp63_r1.pddl,True,265.85,333.39,2,0,
725,2026-07-01 15:22:43.137,LAMA-FIRST,NailingBeamHL_b26_r1_m5_lay5,Plannerinputs/generated/problemNailingBeamHL_b26_r1_m5_lay5.pddl,True,3010.67,3111.49,8,0,
726,2026-07-01 15:22:46.296,LAMA-FIRST,NailingBeamHL_b32_r1_m6_lay6,Plannerinputs/generated/problemNailingBeamHL_b32_r1_m6_lay6.pddl,True,3002.04,3059.81,8,0,
727,2026-07-01 15:22:49.919,FF,PickUpHL_b47_fp63_r1,Plannerinputs/generated/problemPickUpHL_b47_fp63_r1.pddl,True,276.97,354.58,3,0,
728,2026-07-01 15:22:50.440,LAMA-FIRST,NailingBeamHL_b26_r1_m5_lay5,Plannerinputs/generated/problemNailingBeamHL_b26_r1_m5_lay5.pddl,True,3020.91,3112.07,11,0,
729,2026-07-01 15:22:53.591,LAMA-FIRST,NailingBeamHL_b32_r1_m6_lay6,Plannerinputs/generated/problemNailingBeamHL_b32_r1_m6_lay6.pddl,True,3002.58,3094.36,11,0,
730,2026-07-01 15:22:56.721,FF,StackHL_b41_lp7_r1_pr3_lay7_m7,Plannerinputs/generated/problemStackHL_b41_lp7_r1_pr3_lay7_m7.pddl,True,268.82,334.93,2,0,
731,2026-07-01 15:22:57.630,FF,PickUpHL_b47_fp63_r1,Plannerinputs/generated/problemPickUpHL_b47_fp63_r1.pddl,True,279.83,352.24,2,0,
732,2026-07-01 15:22:58.181,LAMA-FIRST,NailingBeamHL_b26_r1_m5_lay5,Plannerinputs/generated/problemNailingBeamHL_b26_r1_m5_lay5.pddl,True,3045.19,3132.72,8,0,
733,2026-07-01 15:23:01.352,LAMA-FIRST,NailingBeamHL_b32_r1_m6_lay6,Plannerinputs/generated/problemNailingBeamHL_b32_r1_m6_lay6.pddl,True,2990.83,3052.28,8,0,
734,2026-07-01 15:23:04.449,FF,NailingBeamHL_b38_r1_m7_lay7,Plannerinputs/generated/problemNailingBeamHL_b38_r1_m7_lay7.pddl,True,277.15,372.92,8,0,
735,2026-07-01 15:23:05.435,LAMA-FIRST,NailingBeamHL_b26_r1_m5_lay5,Plannerinputs/generated/problemNailingBeamHL_b26_r1_m5_lay5.pddl,True,2998.32,3091.76,11,0,
736,2026-07-01 15:23:08.582,LAMA-FIRST,NailingBeamHL_b32_r1_m6_lay6,Plannerinputs/generated/problemNailingBeamHL_b32_r1_m6_lay6.pddl,True,3025.54,3132.46,11,0,
737,2026-07-01 15:23:11.758,FF,NailingBeamHL_b38_r1_m7_lay7,Plannerinputs/generated/problemNailingBeamHL_b38_r1_m7_lay7.pddl,True,286.13,377.62,11,0,
738,2026-07-01 15:23:12.170,FF,StackHL_b47_lp8_r1_pr4_lay8_m8,Plannerinputs/generated/problemStackHL_b47_lp8_r1_pr4_lay8_m8.pddl,True,270.11,329.54,2,0,
739,2026-07-01 15:23:13.081,LAMA-FIRST,NailingBeamHL_b26_r1_m5_lay5,Plannerinputs/generated/problemNailingBeamHL_b26_r1_m5_lay5.pddl,True,2998.93,3074.61,8,0,
740,2026-07-01 15:23:16.172,LAMA-FIRST,NailingBeamHL_b32_r1_m6_lay6,Plannerinputs/generated/problemNailingBeamHL_b32_r1_m6_lay6.pddl,True,2991.28,3061.64,8,0,
741,2026-07-01 15:23:19.251,FF,NailingBeamHL_b38_r1_m7_lay7,Plannerinputs/generated/problemNailingBeamHL_b38_r1_m7_lay7.pddl,True,286.41,398.81,8,0,
742,2026-07-01 15:23:19.713,FF,NailingBeamHL_b44_r1_m8_lay8,Plannerinputs/generated/problemNailingBeamHL_b44_r1_m8_lay8.pddl,True,319.47,419.59,8,0,
743,2026-07-01 15:23:22.159,LAMA-FIRST,NailingBeamHL_b32_r1_m6_lay6,Plannerinputs/generated/problemNailingBeamHL_b32_r1_m6_lay6.pddl,True,2955.36,3013.72,2,0,
744,2026-07-01 15:23:25.218,FF,NailingBeamHL_b38_r1_m7_lay7,Plannerinputs/generated/problemNailingBeamHL_b38_r1_m7_lay7.pddl,True,265.75,337.62,2,0,
745,2026-07-01 15:23:25.599,FF,NailingBeamHL_b44_r1_m8_lay8,Plannerinputs/generated/problemNailingBeamHL_b44_r1_m8_lay8.pddl,True,269.63,339.63,2,0,
746,2026-07-01 15:23:26.155,LAMA-FIRST,NailingBeamHL_b28_r1_m5_lay5,Plannerinputs/generated/problemNailingBeamHL_b28_r1_m5_lay5.pddl,True,2964.89,3024.44,1,0,
747,2026-07-01 15:23:29.432,LAMA-FIRST,NailingBeamHL_b32_r1_m6_lay6,Plannerinputs/generated/problemNailingBeamHL_b32_r1_m6_lay6.pddl,True,2977.77,3017.14,2,0,
748,2026-07-01 15:23:32.492,FF,NailingBeamHL_b38_r1_m7_lay7,Plannerinputs/generated/problemNailingBeamHL_b38_r1_m7_lay7.pddl,True,260.28,331.52,2,0,
749,2026-07-01 15:23:32.869,FF,NailingBeamHL_b44_r1_m8_lay8,Plannerinputs/generated/problemNailingBeamHL_b44_r1_m8_lay8.pddl,True,271.16,333.18,2,0,
750,2026-07-01 15:23:33.392,LAMA-FIRST,NailingBeamHL_b27_r1_m5_lay5,Plannerinputs/generated/problemNailingBeamHL_b27_r1_m5_lay5.pddl,True,2962.58,3018.35,1,0,
751,2026-07-01 15:23:36.728,LAMA-FIRST,NailingBeamHL_b32_r1_m6_lay6,Plannerinputs/generated/problemNailingBeamHL_b32_r1_m6_lay6.pddl,True,2941.95,2986.17,2,0,
752,2026-07-01 15:23:39.734,FF,NailingBeamHL_b38_r1_m7_lay7,Plannerinputs/generated/problemNailingBeamHL_b38_r1_m7_lay7.pddl,True,265.41,332.08,2,0,
753,2026-07-01 15:23:40.092,FF,NailingBeamHL_b44_r1_m8_lay8,Plannerinputs/generated/problemNailingBeamHL_b44_r1_m8_lay8.pddl,True,262.64,323.28,2,0,
754,2026-07-01 15:23:40.576,LAMA-FIRST,NailingBeamHL_b29_r1_m5_lay5,Plannerinputs/generated/problemNailingBeamHL_b29_r1_m5_lay5.pddl,True,2959.94,3000.60,1,0,
755,2026-07-01 15:23:43.826,LAMA-FIRST,NailingBeamHL_b32_r1_m6_lay6,Plannerinputs/generated/problemNailingBeamHL_b32_r1_m6_lay6.pddl,True,2946.14,2986.60,2,0,
756,2026-07-01 15:23:46.844,FF,NailingBeamHL_b38_r1_m7_lay7,Plannerinputs/generated/problemNailingBeamHL_b38_r1_m7_lay7.pddl,True,266.02,329.00,2,0,
757,2026-07-01 15:23:47.215,FF,NailingBeamHL_b44_r1_m8_lay8,Plannerinputs/generated/problemNailingBeamHL_b44_r1_m8_lay8.pddl,True,261.60,335.02,2,0,
758,2026-07-01 15:23:47.775,LAMA-FIRST,NailingBeamHL_b25_r1_m5_lay5,Plannerinputs/generated/problemNailingBeamHL_b25_r1_m5_lay5.pddl,True,2975.05,3011.65,1,0,
759,2026-07-01 15:23:51.085,LAMA-FIRST,NailingBeamHL_b32_r1_m6_lay6,Plannerinputs/generated/problemNailingBeamHL_b32_r1_m6_lay6.pddl,True,2959.35,2996.76,2,0,
760,2026-07-01 15:23:54.105,FF,NailingBeamHL_b38_r1_m7_lay7,Plannerinputs/generated/problemNailingBeamHL_b38_r1_m7_lay7.pddl,True,274.46,352.60,2,0,
761,2026-07-01 15:23:54.525,FF,NailingBeamHL_b44_r1_m8_lay8,Plannerinputs/generated/problemNailingBeamHL_b44_r1_m8_lay8.pddl,True,261.32,328.58,2,0,
762,2026-07-01 15:23:55.053,LAMA-FIRST,NailingBeamHL_b30_r1_m5_lay5,Plannerinputs/generated/problemNailingBeamHL_b30_r1_m5_lay5.pddl,True,2949.48,2982.99,1,0,
763,2026-07-01 15:23:58.343,LAMA-FIRST,NailingBeamHL_b32_r1_m6_lay6,Plannerinputs/generated/problemNailingBeamHL_b32_r1_m6_lay6.pddl,True,2956.62,3011.73,2,0,
764,2026-07-01 15:24:01.432,FF,NailingBeamHL_b38_r1_m7_lay7,Plannerinputs/generated/problemNailingBeamHL_b38_r1_m7_lay7.pddl,True,269.15,341.25,2,0,
765,2026-07-01 15:24:01.849,FF,NailingBeamHL_b44_r1_m8_lay8,Plannerinputs/generated/problemNailingBeamHL_b44_r1_m8_lay8.pddl,True,259.32,309.77,2,0,
766,2026-07-01 15:24:02.326,LAMA-FIRST,GluingBeamHL_b25_r1_m5_lay5,Plannerinputs/generated/problemGluingBeamHL_b25_r1_m5_lay5.pddl,True,2969.89,3061.90,8,0,
767,2026-07-01 15:24:05.953,FF,NailingBeamHL_b38_r1_m7_lay7,Plannerinputs/generated/problemNailingBeamHL_b38_r1_m7_lay7.pddl,True,281.44,362.96,2,0,
768,2026-07-01 15:24:06.385,FF,NailingBeamHL_b44_r1_m8_lay8,Plannerinputs/generated/problemNailingBeamHL_b44_r1_m8_lay8.pddl,True,257.68,312.97,2,0,
769,2026-07-01 15:24:06.886,LAMA-FIRST,GluingBeamHL_b25_r1_m5_lay5,Plannerinputs/generated/problemGluingBeamHL_b25_r1_m5_lay5.pddl,True,2966.25,3089.75,9,0,
770,2026-07-01 15:24:10.032,LAMA-FIRST,NailingBeamHL_b34_r1_m6_lay6,Plannerinputs/generated/problemNailingBeamHL_b34_r1_m6_lay6.pddl,True,3153.51,3191.94,1,0,
771,2026-07-01 15:24:13.508,FF,NailingBeamHL_b38_r1_m7_lay7,Plannerinputs/generated/problemNailingBeamHL_b38_r1_m7_lay7.pddl,True,282.16,353.25,2,0,
772,2026-07-01 15:24:13.894,FF,NailingBeamHL_b44_r1_m8_lay8,Plannerinputs/generated/problemNailingBeamHL_b44_r1_m8_lay8.pddl,True,290.84,358.94,2,0,
773,2026-07-01 15:24:14.405,LAMA-FIRST,GluingBeamHL_b25_r1_m5_lay5,Plannerinputs/generated/problemGluingBeamHL_b25_r1_m5_lay5.pddl,True,3216.07,3303.83,9,0,
774,2026-07-01 15:24:17.738,LAMA-FIRST,NailingBeamHL_b33_r1_m6_lay6,Plannerinputs/generated/problemNailingBeamHL_b33_r1_m6_lay6.pddl,True,3358.89,3404.71,1,0,
775,2026-07-01 15:24:21.438,FF,NailingBeamHL_b38_r1_m7_lay7,Plannerinputs/generated/problemNailingBeamHL_b38_r1_m7_lay7.pddl,True,308.37,351.59,2,0,
776,2026-07-01 15:24:21.826,FF,NailingBeamHL_b44_r1_m8_lay8,Plannerinputs/generated/problemNailingBeamHL_b44_r1_m8_lay8.pddl,True,294.30,363.40,2,0,
777,2026-07-01 15:24:22.327,LAMA-FIRST,GluingBeamHL_b25_r1_m5_lay5,Plannerinputs/generated/problemGluingBeamHL_b25_r1_m5_lay5.pddl,True,3294.61,3381.28,9,0,
778,2026-07-01 15:24:25.792,LAMA-FIRST,NailingBeamHL_b35_r1_m6_lay6,Plannerinputs/generated/problemNailingBeamHL_b35_r1_m6_lay6.pddl,True,3208.29,3249.09,1,0,
779,2026-07-01 15:24:29.373,FF,NailingBeamHL_b38_r1_m7_lay7,Plannerinputs/generated/problemNailingBeamHL_b38_r1_m7_lay7.pddl,True,303.83,370.90,2,0,
780,2026-07-01 15:24:29.783,FF,NailingBeamHL_b44_r1_m8_lay8,Plannerinputs/generated/problemNailingBeamHL_b44_r1_m8_lay8.pddl,True,294.45,371.26,2,0,
781,2026-07-01 15:24:30.316,LAMA-FIRST,GluingBeamHL_b25_r1_m5_lay5,Plannerinputs/generated/problemGluingBeamHL_b25_r1_m5_lay5.pddl,True,3211.25,3310.91,9,0,
782,2026-07-01 15:24:33.671,LAMA-FIRST,NailingBeamHL_b31_r1_m6_lay6,Plannerinputs/generated/problemNailingBeamHL_b31_r1_m6_lay6.pddl,True,3159.12,3219.07,1,0,
783,2026-07-01 15:24:37.172,FF,NailingBeamHL_b38_r1_m7_lay7,Plannerinputs/generated/problemNailingBeamHL_b38_r1_m7_lay7.pddl,True,295.58,346.32,2,0,
784,2026-07-01 15:24:37.575,FF,NailingBeamHL_b44_r1_m8_lay8,Plannerinputs/generated/problemNailingBeamHL_b44_r1_m8_lay8.pddl,True,289.69,346.83,2,0,
785,2026-07-01 15:24:38.091,LAMA-FIRST,GluingBeamHL_b25_r1_m5_lay5,Plannerinputs/generated/problemGluingBeamHL_b25_r1_m5_lay5.pddl,True,3193.32,3281.49,9,0,
786,2026-07-01 15:24:41.408,LAMA-FIRST,NailingBeamHL_b36_r1_m6_lay6,Plannerinputs/generated/problemNailingBeamHL_b36_r1_m6_lay6.pddl,True,3194.95,3254.37,1,0,
787,2026-07-01 15:24:44.954,FF,NailingBeamHL_b38_r1_m7_lay7,Plannerinputs/generated/problemNailingBeamHL_b38_r1_m7_lay7.pddl,True,292.75,348.42,2,0,
788,2026-07-01 15:24:45.320,FF,NailingBeamHL_b44_r1_m8_lay8,Plannerinputs/generated/problemNailingBeamHL_b44_r1_m8_lay8.pddl,True,291.78,372.14,2,0,
789,2026-07-01 15:24:45.850,LAMA-FIRST,GluingBeamHL_b25_r1_m5_lay5,Plannerinputs/generated/problemGluingBeamHL_b25_r1_m5_lay5.pddl,True,3164.92,3231.15,9,0,
790,2026-07-01 15:24:49.138,LAMA-FIRST,GluingBeamHL_b31_r1_m6_lay6,Plannerinputs/generated/problemGluingBeamHL_b31_r1_m6_lay6.pddl,True,3028.95,3094.81,8,0,
791,2026-07-01 15:24:52.810,FF,NailingBeamHL_b44_r1_m8_lay8,Plannerinputs/generated/problemNailingBeamHL_b44_r1_m8_lay8.pddl,True,256.61,331.28,2,0,
792,2026-07-01 15:24:53.318,LAMA-FIRST,GluingBeamHL_b25_r1_m5_lay5,Plannerinputs/generated/problemGluingBeamHL_b25_r1_m5_lay5.pddl,True,2939.27,3097.97,9,0,
793,2026-07-01 15:24:56.459,LAMA-FIRST,GluingBeamHL_b31_r1_m6_lay6,Plannerinputs/generated/problemGluingBeamHL_b31_r1_m6_lay6.pddl,True,2931.65,3034.49,9,0,
794,2026-07-01 15:24:59.527,FF,NailingBeamHL_b40_r1_m7_lay7,Plannerinputs/generated/problemNailingBeamHL_b40_r1_m7_lay7.pddl,True,261.68,311.56,1,0,
795,2026-07-01 15:25:00.100,FF,NailingBeamHL_b44_r1_m8_lay8,Plannerinputs/generated/problemNailingBeamHL_b44_r1_m8_lay8.pddl,True,300.44,361.17,2,0,
796,2026-07-01 15:25:00.667,LAMA-FIRST,GluingBeamHL_b25_r1_m5_lay5,Plannerinputs/generated/problemGluingBeamHL_b25_r1_m5_lay5.pddl,True,3113.84,3185.50,9,0,
797,2026-07-01 15:25:03.892,LAMA-FIRST,GluingBeamHL_b31_r1_m6_lay6,Plannerinputs/generated/problemGluingBeamHL_b31_r1_m6_lay6.pddl,True,2943.02,3035.85,9,0,
798,2026-07-01 15:25:06.990,FF,NailingBeamHL_b39_r1_m7_lay7,Plannerinputs/generated/problemNailingBeamHL_b39_r1_m7_lay7.pddl,True,255.09,317.86,1,0,
799,2026-07-01 15:25:07.582,FF,NailingBeamHL_b44_r1_m8_lay8,Plannerinputs/generated/problemNailingBeamHL_b44_r1_m8_lay8.pddl,True,253.96,311.40,2,0,
800,2026-07-01 15:25:08.061,LAMA-FIRST,GluingBeamHL_b25_r1_m5_lay5,Plannerinputs/generated/problemGluingBeamHL_b25_r1_m5_lay5.pddl,True,2957.28,3053.14,9,0,
801,2026-07-01 15:25:11.157,LAMA-FIRST,GluingBeamHL_b31_r1_m6_lay6,Plannerinputs/generated/problemGluingBeamHL_b31_r1_m6_lay6.pddl,True,2934.14,3006.82,9,0,
802,2026-07-01 15:25:14.227,FF,NailingBeamHL_b41_r1_m7_lay7,Plannerinputs/generated/problemNailingBeamHL_b41_r1_m7_lay7.pddl,True,249.92,313.49,1,0,
803,2026-07-01 15:25:14.809,FF,NailingBeamHL_b44_r1_m8_lay8,Plannerinputs/generated/problemNailingBeamHL_b44_r1_m8_lay8.pddl,True,251.85,317.70,2,0,
804,2026-07-01 15:25:15.316,LAMA-FIRST,GluingBeamHL_b25_r1_m5_lay5,Plannerinputs/generated/problemGluingBeamHL_b25_r1_m5_lay5.pddl,True,2920.73,2985.53,9,0,
805,2026-07-01 15:25:18.341,LAMA-FIRST,GluingBeamHL_b31_r1_m6_lay6,Plannerinputs/generated/problemGluingBeamHL_b31_r1_m6_lay6.pddl,True,2942.43,3053.77,9,0,
806,2026-07-01 15:25:21.444,FF,NailingBeamHL_b37_r1_m7_lay7,Plannerinputs/generated/problemNailingBeamHL_b37_r1_m7_lay7.pddl,True,291.54,343.10,1,0,
807,2026-07-01 15:25:22.104,FF,NailingBeamHL_b44_r1_m8_lay8,Plannerinputs/generated/problemNailingBeamHL_b44_r1_m8_lay8.pddl,True,277.77,344.89,2,0,
808,2026-07-01 15:25:22.602,LAMA-FIRST,GluingBeamHL_b25_r1_m5_lay5,Plannerinputs/generated/problemGluingBeamHL_b25_r1_m5_lay5.pddl,True,3130.77,3222.23,9,0,
809,2026-07-01 15:25:25.860,LAMA-FIRST,GluingBeamHL_b31_r1_m6_lay6,Plannerinputs/generated/problemGluingBeamHL_b31_r1_m6_lay6.pddl,True,2970.34,3048.43,9,0,
810,2026-07-01 15:25:28.971,FF,NailingBeamHL_b42_r1_m7_lay7,Plannerinputs/generated/problemNailingBeamHL_b42_r1_m7_lay7.pddl,True,247.18,297.44,1,0,
811,2026-07-01 15:25:29.566,FF,NailingBeamHL_b44_r1_m8_lay8,Plannerinputs/generated/problemNailingBeamHL_b44_r1_m8_lay8.pddl,True,258.19,328.87,2,0,
812,2026-07-01 15:25:30.111,LAMA-FIRST,GluingBeamHL_b25_r1_m5_lay5,Plannerinputs/generated/problemGluingBeamHL_b25_r1_m5_lay5.pddl,True,2951.87,3040.68,9,0,
813,2026-07-01 15:25:33.187,LAMA-FIRST,GluingBeamHL_b31_r1_m6_lay6,Plannerinputs/generated/problemGluingBeamHL_b31_r1_m6_lay6.pddl,True,2911.32,3003.36,9,0,
814,2026-07-01 15:25:36.221,FF,GluingBeamHL_b37_r1_m7_lay7,Plannerinputs/generated/problemGluingBeamHL_b37_r1_m7_lay7.pddl,True,247.94,352.77,8,0,
815,2026-07-01 15:25:37.247,LAMA-FIRST,GluingBeamHL_b25_r1_m5_lay5,Plannerinputs/generated/problemGluingBeamHL_b25_r1_m5_lay5.pddl,True,2906.10,2976.92,9,0,
816,2026-07-01 15:25:40.263,LAMA-FIRST,GluingBeamHL_b31_r1_m6_lay6,Plannerinputs/generated/problemGluingBeamHL_b31_r1_m6_lay6.pddl,True,2910.30,3064.91,9,0,
817,2026-07-01 15:25:43.371,FF,GluingBeamHL_b37_r1_m7_lay7,Plannerinputs/generated/problemGluingBeamHL_b37_r1_m7_lay7.pddl,True,251.63,339.21,8,0,
818,2026-07-01 15:25:43.752,FF,NailingBeamHL_b46_r1_m8_lay8,Plannerinputs/generated/problemNailingBeamHL_b46_r1_m8_lay8.pddl,True,259.92,312.19,1,0,
819,2026-07-01 15:25:44.482,LAMA-FIRST,GluingBeamHL_b25_r1_m5_lay5,Plannerinputs/generated/problemGluingBeamHL_b25_r1_m5_lay5.pddl,True,2892.36,2979.33,9,0,
820,2026-07-01 15:25:47.507,LAMA-FIRST,GluingBeamHL_b31_r1_m6_lay6,Plannerinputs/generated/problemGluingBeamHL_b31_r1_m6_lay6.pddl,True,2912.92,2996.26,9,0,
821,2026-07-01 15:25:50.550,FF,GluingBeamHL_b37_r1_m7_lay7,Plannerinputs/generated/problemGluingBeamHL_b37_r1_m7_lay7.pddl,True,254.23,352.24,8,0,
822,2026-07-01 15:25:50.941,FF,NailingBeamHL_b45_r1_m8_lay8,Plannerinputs/generated/problemNailingBeamHL_b45_r1_m8_lay8.pddl,True,249.14,301.54,1,0,
823,2026-07-01 15:25:51.701,LAMA-FIRST,GluingBeamHL_b25_r1_m5_lay5,Plannerinputs/generated/problemGluingBeamHL_b25_r1_m5_lay5.pddl,True,2929.98,3035.87,9,0,
824,2026-07-01 15:25:54.762,LAMA-FIRST,GluingBeamHL_b31_r1_m6_lay6,Plannerinputs/generated/problemGluingBeamHL_b31_r1_m6_lay6.pddl,True,2898.99,2972.42,9,0,
825,2026-07-01 15:25:57.778,FF,GluingBeamHL_b37_r1_m7_lay7,Plannerinputs/generated/problemGluingBeamHL_b37_r1_m7_lay7.pddl,True,246.43,359.95,8,0,
826,2026-07-01 15:25:58.202,FF,NailingBeamHL_b47_r1_m8_lay8,Plannerinputs/generated/problemNailingBeamHL_b47_r1_m8_lay8.pddl,True,246.29,294.90,1,0,
827,2026-07-01 15:25:58.845,LAMA-FIRST,GluingBeamHL_b25_r1_m5_lay5,Plannerinputs/generated/problemGluingBeamHL_b25_r1_m5_lay5.pddl,True,2900.30,2974.08,9,0,
828,2026-07-01 15:26:01.859,LAMA-FIRST,GluingBeamHL_b31_r1_m6_lay6,Plannerinputs/generated/problemGluingBeamHL_b31_r1_m6_lay6.pddl,True,2871.04,2957.30,9,0,
829,2026-07-01 15:26:04.857,FF,GluingBeamHL_b37_r1_m7_lay7,Plannerinputs/generated/problemGluingBeamHL_b37_r1_m7_lay7.pddl,True,248.98,376.26,8,0,
830,2026-07-01 15:26:05.312,FF,NailingBeamHL_b43_r1_m8_lay8,Plannerinputs/generated/problemNailingBeamHL_b43_r1_m8_lay8.pddl,True,249.13,308.18,1,0,
831,2026-07-01 15:26:06.019,LAMA-FIRST,GluingBeamHL_b25_r1_m5_lay5,Plannerinputs/generated/problemGluingBeamHL_b25_r1_m5_lay5.pddl,True,2857.64,2947.78,9,0,
832,2026-07-01 15:26:09.012,LAMA-FIRST,GluingBeamHL_b31_r1_m6_lay6,Plannerinputs/generated/problemGluingBeamHL_b31_r1_m6_lay6.pddl,True,2902.63,2999.41,9,0,
833,2026-07-01 15:26:12.060,FF,GluingBeamHL_b37_r1_m7_lay7,Plannerinputs/generated/problemGluingBeamHL_b37_r1_m7_lay7.pddl,True,245.03,341.50,8,0,
834,2026-07-01 15:26:12.445,FF,NailingBeamHL_b48_r1_m8_lay8,Plannerinputs/generated/problemNailingBeamHL_b48_r1_m8_lay8.pddl,True,244.56,295.00,1,0,
835,2026-07-01 15:26:13.118,LAMA-FIRST,GluingBeamHL_b25_r1_m5_lay5,Plannerinputs/generated/problemGluingBeamHL_b25_r1_m5_lay5.pddl,True,2902.12,2993.08,9,0,
836,2026-07-01 15:26:16.132,LAMA-FIRST,GluingBeamHL_b31_r1_m6_lay6,Plannerinputs/generated/problemGluingBeamHL_b31_r1_m6_lay6.pddl,True,2877.55,2961.79,9,0,
837,2026-07-01 15:26:19.141,FF,GluingBeamHL_b37_r1_m7_lay7,Plannerinputs/generated/problemGluingBeamHL_b37_r1_m7_lay7.pddl,True,239.52,333.96,8,0,
838,2026-07-01 15:26:19.527,FF,GluingBeamHL_b43_r1_m8_lay8,Plannerinputs/generated/problemGluingBeamHL_b43_r1_m8_lay8.pddl,True,257.42,363.52,8,0,
839,2026-07-01 15:26:21.954,FF,GluingBeamHL_b43_r1_m8_lay8,Plannerinputs/generated/problemGluingBeamHL_b43_r1_m8_lay8.pddl,True,275.15,340.66,2,0,
840,2026-07-01 15:26:22.453,LAMA-FIRST,GluingBeamHL_b25_r1_m5_lay5,Plannerinputs/generated/problemGluingBeamHL_b25_r1_m5_lay5.pddl,True,3179.02,3218.27,2,0,
841,2026-07-01 15:26:25.721,LAMA-FIRST,GluingBeamHL_b31_r1_m6_lay6,Plannerinputs/generated/problemGluingBeamHL_b31_r1_m6_lay6.pddl,True,3101.13,3137.35,2,0,
842,2026-07-01 15:26:28.921,FF,GluingBeamHL_b38_r1_m7_lay7,Plannerinputs/generated/problemGluingBeamHL_b38_r1_m7_lay7.pddl,True,278.98,349.05,1,0,
843,2026-07-01 15:26:29.582,FF,GluingBeamHL_b43_r1_m8_lay8,Plannerinputs/generated/problemGluingBeamHL_b43_r1_m8_lay8.pddl,True,294.59,354.74,2,0,
844,2026-07-01 15:26:30.128,LAMA-FIRST,GluingBeamHL_b25_r1_m5_lay5,Plannerinputs/generated/problemGluingBeamHL_b25_r1_m5_lay5.pddl,True,3063.87,3094.87,2,0,
845,2026-07-01 15:26:33.279,LAMA-FIRST,GluingBeamHL_b31_r1_m6_lay6,Plannerinputs/generated/problemGluingBeamHL_b31_r1_m6_lay6.pddl,True,3119.39,3163.63,2,0,
846,2026-07-01 15:26:36.524,FF,GluingBeamHL_b41_r1_m7_lay7,Plannerinputs/generated/problemGluingBeamHL_b41_r1_m7_lay7.pddl,True,280.41,341.10,1,0,
847,2026-07-01 15:26:37.187,FF,GluingBeamHL_b43_r1_m8_lay8,Plannerinputs/generated/problemGluingBeamHL_b43_r1_m8_lay8.pddl,True,283.29,352.71,2,0,
848,2026-07-01 15:26:37.708,LAMA-FIRST,GluingBeamHL_b25_r1_m5_lay5,Plannerinputs/generated/problemGluingBeamHL_b25_r1_m5_lay5.pddl,True,3130.97,3185.39,2,0,
849,2026-07-01 15:26:40.948,LAMA-FIRST,GluingBeamHL_b31_r1_m6_lay6,Plannerinputs/generated/problemGluingBeamHL_b31_r1_m6_lay6.pddl,True,3135.71,3197.08,2,0,
850,2026-07-01 15:26:44.218,FF,GluingBeamHL_b42_r1_m7_lay7,Plannerinputs/generated/problemGluingBeamHL_b42_r1_m7_lay7.pddl,True,270.93,346.87,1,0,
851,2026-07-01 15:26:44.888,FF,GluingBeamHL_b43_r1_m8_lay8,Plannerinputs/generated/problemGluingBeamHL_b43_r1_m8_lay8.pddl,True,245.09,328.31,2,0,
852,2026-07-01 15:26:45.399,LAMA-FIRST,GluingBeamHL_b25_r1_m5_lay5,Plannerinputs/generated/problemGluingBeamHL_b25_r1_m5_lay5.pddl,True,2870.35,2920.18,2,0,
853,2026-07-01 15:26:48.370,LAMA-FIRST,GluingBeamHL_b31_r1_m6_lay6,Plannerinputs/generated/problemGluingBeamHL_b31_r1_m6_lay6.pddl,True,2902.18,2949.09,2,0,
854,2026-07-01 15:26:51.362,FF,GluingBeamHL_b40_r1_m7_lay7,Plannerinputs/generated/problemGluingBeamHL_b40_r1_m7_lay7.pddl,True,279.73,340.81,1,0,
855,2026-07-01 15:26:51.982,FF,GluingBeamHL_b43_r1_m8_lay8,Plannerinputs/generated/problemGluingBeamHL_b43_r1_m8_lay8.pddl,True,282.61,357.68,2,0,
856,2026-07-01 15:26:52.496,LAMA-FIRST,GluingBeamHL_b25_r1_m5_lay5,Plannerinputs/generated/problemGluingBeamHL_b25_r1_m5_lay5.pddl,True,3088.05,3135.28,2,0,
857,2026-07-01 15:26:55.683,LAMA-FIRST,GluingBeamHL_b31_r1_m6_lay6,Plannerinputs/generated/problemGluingBeamHL_b31_r1_m6_lay6.pddl,True,3131.82,3192.45,2,0,
858,2026-07-01 15:26:58.954,FF,GluingBeamHL_b39_r1_m7_lay7,Plannerinputs/generated/problemGluingBeamHL_b39_r1_m7_lay7.pddl,True,269.63,336.44,1,0,
859,2026-07-01 15:26:59.601,FF,GluingBeamHL_b43_r1_m8_lay8,Plannerinputs/generated/problemGluingBeamHL_b43_r1_m8_lay8.pddl,True,290.28,382.05,2,0,
860,2026-07-01 15:27:00.134,LAMA-FIRST,GluingBeamHL_b25_r1_m5_lay5,Plannerinputs/generated/problemGluingBeamHL_b25_r1_m5_lay5.pddl,True,3139.08,3179.92,2,0,
861,2026-07-01 15:27:03.359,LAMA-FIRST,GluingBeamHL_b31_r1_m6_lay6,Plannerinputs/generated/problemGluingBeamHL_b31_r1_m6_lay6.pddl,True,3081.91,3126.23,2,0,
862,2026-07-01 15:27:06.547,FF,PickUpHL_tp7_fp53_r1,Plannerinputs/generated/problemPickUpHL_tp7_fp53_r1.pddl,True,280.90,403.39,9,0,
863,2026-07-01 15:27:07.603,LAMA-FIRST,GluingBeamHL_b25_r1_m5_lay5,Plannerinputs/generated/problemGluingBeamHL_b25_r1_m5_lay5.pddl,True,3104.30,3154.33,2,0,
864,2026-07-01 15:27:10.796,LAMA-FIRST,GluingBeamHL_b31_r1_m6_lay6,Plannerinputs/generated/problemGluingBeamHL_b31_r1_m6_lay6.pddl,True,3161.98,3213.85,2,0,
865,2026-07-01 15:27:14.061,FF,PickUpHL_tp7_fp53_r1,Plannerinputs/generated/problemPickUpHL_tp7_fp53_r1.pddl,True,277.82,416.17,9,0,
866,2026-07-01 15:27:14.543,FF,GluingBeamHL_b44_r1_m8_lay8,Plannerinputs/generated/problemGluingBeamHL_b44_r1_m8_lay8.pddl,True,294.10,346.98,1,0,
867,2026-07-01 15:27:15.337,LAMA-FIRST,GluingBeamHL_b25_r1_m5_lay5,Plannerinputs/generated/problemGluingBeamHL_b25_r1_m5_lay5.pddl,True,3085.88,3127.74,2,0,
868,2026-07-01 15:27:18.516,LAMA-FIRST,GluingBeamHL_b31_r1_m6_lay6,Plannerinputs/generated/problemGluingBeamHL_b31_r1_m6_lay6.pddl,True,3079.19,3142.76,2,0,
869,2026-07-01 15:27:21.706,FF,PickUpHL_tp7_fp53_r1,Plannerinputs/generated/problemPickUpHL_tp7_fp53_r1.pddl,True,270.66,380.86,9,0,
870,2026-07-01 15:27:22.125,FF,GluingBeamHL_b47_r1_m8_lay8,Plannerinputs/generated/problemGluingBeamHL_b47_r1_m8_lay8.pddl,True,270.54,325.94,1,0,
871,2026-07-01 15:27:22.938,LAMA-FIRST,GluingBeamHL_b25_r1_m5_lay5,Plannerinputs/generated/problemGluingBeamHL_b25_r1_m5_lay5.pddl,True,3091.04,3142.12,2,0,
872,2026-07-01 15:27:26.138,LAMA-FIRST,GluingBeamHL_b31_r1_m6_lay6,Plannerinputs/generated/problemGluingBeamHL_b31_r1_m6_lay6.pddl,True,3087.77,3145.44,2,0,
873,2026-07-01 15:27:29.340,FF,PickUpHL_tp7_fp53_r1,Plannerinputs/generated/problemPickUpHL_tp7_fp53_r1.pddl,True,279.69,416.29,9,0,
874,2026-07-01 15:27:29.820,FF,GluingBeamHL_b48_r1_m8_lay8,Plannerinputs/generated/problemGluingBeamHL_b48_r1_m8_lay8.pddl,True,273.39,337.64,1,0,
875,2026-07-01 15:27:30.548,LAMA-FIRST,GluingBeamHL_b25_r1_m5_lay5,Plannerinputs/generated/problemGluingBeamHL_b25_r1_m5_lay5.pddl,True,2879.43,2928.72,2,0,
876,2026-07-01 15:27:33.552,LAMA-FIRST,GluingBeamHL_b31_r1_m6_lay6,Plannerinputs/generated/problemGluingBeamHL_b31_r1_m6_lay6.pddl,True,2834.82,2874.47,2,0,
877,2026-07-01 15:27:36.461,FF,PickUpHL_tp7_fp53_r1,Plannerinputs/generated/problemPickUpHL_tp7_fp53_r1.pddl,True,269.10,368.88,9,0,
878,2026-07-01 15:27:36.883,FF,GluingBeamHL_b46_r1_m8_lay8,Plannerinputs/generated/problemGluingBeamHL_b46_r1_m8_lay8.pddl,True,247.91,304.94,1,0,
879,2026-07-01 15:27:37.598,LAMA-FIRST,GluingBeamHL_b25_r1_m5_lay5,Plannerinputs/generated/problemGluingBeamHL_b25_r1_m5_lay5.pddl,True,2871.28,2900.35,2,0,
880,2026-07-01 15:27:40.539,LAMA-FIRST,GluingBeamHL_b31_r1_m6_lay6,Plannerinputs/generated/problemGluingBeamHL_b31_r1_m6_lay6.pddl,True,2877.86,2924.23,2,0,
881,2026-07-01 15:27:43.533,FF,PickUpHL_tp7_fp53_r1,Plannerinputs/generated/problemPickUpHL_tp7_fp53_r1.pddl,True,246.79,362.25,9,0,
882,2026-07-01 15:27:43.966,FF,GluingBeamHL_b45_r1_m8_lay8,Plannerinputs/generated/problemGluingBeamHL_b45_r1_m8_lay8.pddl,True,249.63,306.11,1,0,
883,2026-07-01 15:27:44.686,LAMA-FIRST,GluingBeamHL_b25_r1_m5_lay5,Plannerinputs/generated/problemGluingBeamHL_b25_r1_m5_lay5.pddl,True,2856.97,2903.00,2,0,
884,2026-07-01 15:27:47.631,LAMA-FIRST,GluingBeamHL_b31_r1_m6_lay6,Plannerinputs/generated/problemGluingBeamHL_b31_r1_m6_lay6.pddl,True,2878.79,2928.62,2,0,
885,2026-07-01 15:27:50.602,FF,PickUpHL_tp7_fp53_r1,Plannerinputs/generated/problemPickUpHL_tp7_fp53_r1.pddl,True,253.20,360.49,9,0,
886,2026-07-01 15:27:51.028,FF,PickUpHL_tp8_fp61_r1,Plannerinputs/generated/problemPickUpHL_tp8_fp61_r1.pddl,True,301.95,434.85,8,0,
887,2026-07-01 15:27:52.165,LAMA-FIRST,GluingBeamHL_b31_r1_m6_lay6,Plannerinputs/generated/problemGluingBeamHL_b31_r1_m6_lay6.pddl,True,3103.14,3151.47,2,0,
888,2026-07-01 15:27:55.370,FF,PickUpHL_tp7_fp53_r1,Plannerinputs/generated/problemPickUpHL_tp7_fp53_r1.pddl,True,285.82,404.09,9,0,
889,2026-07-01 15:27:55.829,FF,PickUpHL_tp8_fp61_r1,Plannerinputs/generated/problemPickUpHL_tp8_fp61_r1.pddl,True,270.16,358.42,8,0,
890,2026-07-01 15:27:56.399,LAMA-FIRST,GluingBeamHL_b26_r1_m5_lay5,Plannerinputs/generated/problemGluingBeamHL_b26_r1_m5_lay5.pddl,True,3093.87,3135.29,1,0,
891,2026-07-01 15:27:59.802,LAMA-FIRST,GluingBeamHL_b31_r1_m6_lay6,Plannerinputs/generated/problemGluingBeamHL_b31_r1_m6_lay6.pddl,True,3074.27,3125.80,2,0,
892,2026-07-01 15:28:02.992,FF,PickUpHL_tp7_fp53_r1,Plannerinputs/generated/problemPickUpHL_tp7_fp53_r1.pddl,True,266.81,392.75,9,0,
893,2026-07-01 15:28:03.434,FF,PickUpHL_tp8_fp61_r1,Plannerinputs/generated/problemPickUpHL_tp8_fp61_r1.pddl,True,273.53,351.34,8,0,
894,2026-07-01 15:28:03.992,LAMA-FIRST,GluingBeamHL_b29_r1_m5_lay5,Plannerinputs/generated/problemGluingBeamHL_b29_r1_m5_lay5.pddl,True,3082.77,3119.10,1,0,
895,2026-07-01 15:28:07.439,LAMA-FIRST,GluingBeamHL_b31_r1_m6_lay6,Plannerinputs/generated/problemGluingBeamHL_b31_r1_m6_lay6.pddl,True,3088.82,3135.06,2,0,
896,2026-07-01 15:28:10.614,FF,PickUpHL_tp7_fp53_r1,Plannerinputs/generated/problemPickUpHL_tp7_fp53_r1.pddl,True,279.98,394.74,9,0,
897,2026-07-01 15:28:11.055,FF,PickUpHL_tp8_fp61_r1,Plannerinputs/generated/problemPickUpHL_tp8_fp61_r1.pddl,True,254.74,337.08,8,0,
898,2026-07-01 15:28:11.566,LAMA-FIRST,GluingBeamHL_b30_r1_m5_lay5,Plannerinputs/generated/problemGluingBeamHL_b30_r1_m5_lay5.pddl,True,2938.79,2975.62,1,0,
899,2026-07-01 15:28:14.774,LAMA-FIRST,GluingBeamHL_b31_r1_m6_lay6,Plannerinputs/generated/problemGluingBeamHL_b31_r1_m6_lay6.pddl,True,2891.17,2938.73,2,0,
900,2026-07-01 15:28:17.758,FF,PickUpHL_tp7_fp53_r1,Plannerinputs/generated/problemPickUpHL_tp7_fp53_r1.pddl,True,257.78,370.90,9,0,
901,2026-07-01 15:28:18.186,FF,PickUpHL_tp8_fp61_r1,Plannerinputs/generated/problemPickUpHL_tp8_fp61_r1.pddl,True,256.83,339.43,8,0,
902,2026-07-01 15:28:18.723,LAMA-FIRST,GluingBeamHL_b28_r1_m5_lay5,Plannerinputs/generated/problemGluingBeamHL_b28_r1_m5_lay5.pddl,True,2925.26,2966.20,1,0,
903,2026-07-01 15:28:21.970,LAMA-FIRST,GluingBeamHL_b31_r1_m6_lay6,Plannerinputs/generated/problemGluingBeamHL_b31_r1_m6_lay6.pddl,True,2912.47,2959.43,2,0,
904,2026-07-01 15:28:24.974,FF,PickUpHL_tp7_fp53_r1,Plannerinputs/generated/problemPickUpHL_tp7_fp53_r1.pddl,True,252.11,421.34,9,0,
905,2026-07-01 15:28:25.442,FF,PickUpHL_tp8_fp61_r1,Plannerinputs/generated/problemPickUpHL_tp8_fp61_r1.pddl,True,255.06,339.00,8,0,
906,2026-07-01 15:28:25.962,LAMA-FIRST,GluingBeamHL_b27_r1_m5_lay5,Plannerinputs/generated/problemGluingBeamHL_b27_r1_m5_lay5.pddl,True,2898.69,2937.03,1,0,
907,2026-07-01 15:28:29.169,LAMA-FIRST,GluingBeamHL_b31_r1_m6_lay6,Plannerinputs/generated/problemGluingBeamHL_b31_r1_m6_lay6.pddl,True,2930.20,2976.23,2,0,
908,2026-07-01 15:28:32.188,FF,PickUpHL_tp7_fp53_r1,Plannerinputs/generated/problemPickUpHL_tp7_fp53_r1.pddl,True,246.84,354.87,9,0,
909,2026-07-01 15:28:32.582,FF,PickUpHL_tp8_fp61_r1,Plannerinputs/generated/problemPickUpHL_tp8_fp61_r1.pddl,True,256.48,336.48,8,0,
910,2026-07-01 15:28:33.083,LAMA-FIRST,PickUpHL_tp5_fp37_r1,Plannerinputs/generated/problemPickUpHL_tp5_fp37_r1.pddl,True,2949.54,3041.76,9,0,
911,2026-07-01 15:28:36.622,FF,PickUpHL_tp7_fp53_r1,Plannerinputs/generated/problemPickUpHL_tp7_fp53_r1.pddl,True,257.89,347.82,9,0,
912,2026-07-01 15:28:37.016,FF,PickUpHL_tp8_fp61_r1,Plannerinputs/generated/problemPickUpHL_tp8_fp61_r1.pddl,True,258.28,361.75,8,0,
913,2026-07-01 15:28:37.530,LAMA-FIRST,PickUpHL_tp5_fp37_r1,Plannerinputs/generated/problemPickUpHL_tp5_fp37_r1.pddl,True,3168.23,3261.91,9,0,
914,2026-07-01 15:28:40.845,LAMA-FIRST,GluingBeamHL_b32_r1_m6_lay6,Plannerinputs/generated/problemGluingBeamHL_b32_r1_m6_lay6.pddl,True,2962.20,3000.37,1,0,
915,2026-07-01 15:28:44.135,FF,PickUpHL_tp7_fp53_r1,Plannerinputs/generated/problemPickUpHL_tp7_fp53_r1.pddl,True,256.03,387.02,9,0,
916,2026-07-01 15:28:44.558,FF,PickUpHL_tp8_fp61_r1,Plannerinputs/generated/problemPickUpHL_tp8_fp61_r1.pddl,True,248.57,393.62,8,0,
917,2026-07-01 15:28:45.140,LAMA-FIRST,PickUpHL_tp5_fp37_r1,Plannerinputs/generated/problemPickUpHL_tp5_fp37_r1.pddl,True,3132.20,3204.77,9,0,
918,2026-07-01 15:28:48.385,LAMA-FIRST,GluingBeamHL_b35_r1_m6_lay6,Plannerinputs/generated/problemGluingBeamHL_b35_r1_m6_lay6.pddl,True,3104.44,3150.12,1,0,
919,2026-07-01 15:28:51.815,FF,PickUpHL_tp7_fp53_r1,Plannerinputs/generated/problemPickUpHL_tp7_fp53_r1.pddl,True,271.35,376.06,9,0,
920,2026-07-01 15:28:52.232,FF,PickUpHL_tp8_fp61_r1,Plannerinputs/generated/problemPickUpHL_tp8_fp61_r1.pddl,True,273.11,400.43,8,0,
921,2026-07-01 15:28:52.793,LAMA-FIRST,PickUpHL_tp5_fp37_r1,Plannerinputs/generated/problemPickUpHL_tp5_fp37_r1.pddl,True,3019.11,3114.87,9,0,
922,2026-07-01 15:28:55.954,LAMA-FIRST,GluingBeamHL_b36_r1_m6_lay6,Plannerinputs/generated/problemGluingBeamHL_b36_r1_m6_lay6.pddl,True,2907.67,2943.24,1,0,
923,2026-07-01 15:28:59.185,FF,PickUpHL_tp7_fp53_r1,Plannerinputs/generated/problemPickUpHL_tp7_fp53_r1.pddl,True,246.85,365.88,9,0,
924,2026-07-01 15:28:59.592,FF,PickUpHL_tp8_fp61_r1,Plannerinputs/generated/problemPickUpHL_tp8_fp61_r1.pddl,True,268.14,382.59,8,0,
925,2026-07-01 15:29:00.160,LAMA-FIRST,PickUpHL_tp5_fp37_r1,Plannerinputs/generated/problemPickUpHL_tp5_fp37_r1.pddl,True,2970.61,3051.92,9,0,
926,2026-07-01 15:29:03.252,LAMA-FIRST,GluingBeamHL_b34_r1_m6_lay6,Plannerinputs/generated/problemGluingBeamHL_b34_r1_m6_lay6.pddl,True,2911.74,2951.64,1,0,
927,2026-07-01 15:29:06.491,FF,PickUpHL_tp7_fp53_r1,Plannerinputs/generated/problemPickUpHL_tp7_fp53_r1.pddl,True,254.36,350.67,9,0,
928,2026-07-01 15:29:06.875,FF,PickUpHL_tp8_fp61_r1,Plannerinputs/generated/problemPickUpHL_tp8_fp61_r1.pddl,True,252.79,374.71,8,0,
929,2026-07-01 15:29:07.419,LAMA-FIRST,PickUpHL_tp5_fp37_r1,Plannerinputs/generated/problemPickUpHL_tp5_fp37_r1.pddl,True,2976.27,3081.68,9,0,
930,2026-07-01 15:29:10.557,LAMA-FIRST,GluingBeamHL_b33_r1_m6_lay6,Plannerinputs/generated/problemGluingBeamHL_b33_r1_m6_lay6.pddl,True,2921.70,2960.44,1,0,
931,2026-07-01 15:29:13.804,FF,PickUpHL_tp7_fp53_r1,Plannerinputs/generated/problemPickUpHL_tp7_fp53_r1.pddl,True,267.67,387.27,9,0,
932,2026-07-01 15:29:14.233,FF,PickUpHL_tp8_fp61_r1,Plannerinputs/generated/problemPickUpHL_tp8_fp61_r1.pddl,True,246.69,372.65,8,0,
933,2026-07-01 15:29:14.771,LAMA-FIRST,PickUpHL_tp5_fp37_r1,Plannerinputs/generated/problemPickUpHL_tp5_fp37_r1.pddl,True,2931.42,3061.60,9,0,
934,2026-07-01 15:29:17.886,LAMA-FIRST,PickUpHL_tp6_fp45_r1,Plannerinputs/generated/problemPickUpHL_tp6_fp45_r1.pddl,True,2952.02,3053.93,10,0,
935,2026-07-01 15:29:22.931,LAMA-FIRST,PickUpHL_tp5_fp37_r1,Plannerinputs/generated/problemPickUpHL_tp5_fp37_r1.pddl,True,3130.91,3182.71,3,0,
936,2026-07-01 15:29:26.165,LAMA-FIRST,PickUpHL_tp6_fp45_r1,Plannerinputs/generated/problemPickUpHL_tp6_fp45_r1.pddl,True,3138.82,3196.45,3,0,
937,2026-07-01 15:29:29.394,FF,PickUpHL_tp7_fp53_r1,Plannerinputs/generated/problemPickUpHL_tp7_fp53_r1.pddl,True,278.00,360.07,3,0,
938,2026-07-01 15:29:29.850,FF,StackOnMultipleHL_tp8_r1_pr4_m8_lay8,Plannerinputs/generated/problemStackOnMultipleHL_tp8_r1_pr4_m8_lay8.pddl,True,266.35,329.41,2,0,
939,2026-07-01 15:29:30.818,LAMA-FIRST,PickUpHL_tp5_fp37_r1,Plannerinputs/generated/problemPickUpHL_tp5_fp37_r1.pddl,True,3040.82,3091.53,2,0,
940,2026-07-01 15:29:33.968,LAMA-FIRST,PickUpHL_tp6_fp45_r1,Plannerinputs/generated/problemPickUpHL_tp6_fp45_r1.pddl,True,3029.63,3079.10,2,0,
941,2026-07-01 15:29:37.099,FF,PickUpHL_tp7_fp53_r1,Plannerinputs/generated/problemPickUpHL_tp7_fp53_r1.pddl,True,274.39,353.26,2,0,
942,2026-07-01 15:29:37.511,FF,NailingHL_tp8_r1,Plannerinputs/generated/problemNailingHL_tp8_r1.pddl,True,279.89,388.93,8,0,
943,2026-07-01 15:29:38.527,LAMA-FIRST,PickUpHL_tp6_fp45_r1,Plannerinputs/generated/problemPickUpHL_tp6_fp45_r1.pddl,True,2846.42,2928.85,3,0,
944,2026-07-01 15:29:41.506,FF,PickUpHL_tp7_fp53_r1,Plannerinputs/generated/problemPickUpHL_tp7_fp53_r1.pddl,True,250.67,329.56,3,0,
945,2026-07-01 15:29:41.904,FF,NailingHL_tp8_r1,Plannerinputs/generated/problemNailingHL_tp8_r1.pddl,True,247.99,359.36,11,0,
946,2026-07-01 15:29:42.460,LAMA-FIRST,StackOnMultipleHL_tp5_r1_pr1_m5_lay5,Plannerinputs/generated/problemStackOnMultipleHL_tp5_r1_pr1_m5_lay5.pddl,True,2823.97,2870.79,2,0,
947,2026-07-01 15:29:45.833,LAMA-FIRST,PickUpHL_tp6_fp45_r1,Plannerinputs/generated/problemPickUpHL_tp6_fp45_r1.pddl,True,2786.00,2823.12,2,0,
948,2026-07-01 15:29:48.700,FF,PickUpHL_tp7_fp53_r1,Plannerinputs/generated/problemPickUpHL_tp7_fp53_r1.pddl,True,256.45,330.49,2,0,
949,2026-07-01 15:29:49.078,FF,NailingHL_tp8_r1,Plannerinputs/generated/problemNailingHL_tp8_r1.pddl,True,279.11,362.42,8,0,
950,2026-07-01 15:29:49.638,LAMA-FIRST,NailingHL_tp5_r1,Plannerinputs/generated/problemNailingHL_tp5_r1.pddl,True,2772.24,2857.63,8,0,
951,2026-07-01 15:29:53.088,FF,PickUpHL_tp7_fp53_r1,Plannerinputs/generated/problemPickUpHL_tp7_fp53_r1.pddl,True,254.76,330.46,3,0,
952,2026-07-01 15:29:53.480,FF,NailingHL_tp8_r1,Plannerinputs/generated/problemNailingHL_tp8_r1.pddl,True,252.28,431.74,11,0,
953,2026-07-01 15:29:54.082,LAMA-FIRST,NailingHL_tp5_r1,Plannerinputs/generated/problemNailingHL_tp5_r1.pddl,True,2789.51,2923.85,11,0,
954,2026-07-01 15:29:57.067,LAMA-FIRST,StackOnMultipleHL_tp6_r1_pr2_m6_lay6,Plannerinputs/generated/problemStackOnMultipleHL_tp6_r1_pr2_m6_lay6.pddl,True,2785.50,2831.40,2,0,
955,2026-07-01 15:30:00.476,FF,PickUpHL_tp7_fp53_r1,Plannerinputs/generated/problemPickUpHL_tp7_fp53_r1.pddl,True,279.22,364.46,2,0,
956,2026-07-01 15:30:00.892,FF,NailingHL_tp8_r1,Plannerinputs/generated/problemNailingHL_tp8_r1.pddl,True,274.19,403.40,8,0,
957,2026-07-01 15:30:01.482,LAMA-FIRST,NailingHL_tp5_r1,Plannerinputs/generated/problemNailingHL_tp5_r1.pddl,True,2805.93,2891.07,8,0,
958,2026-07-01 15:30:04.435,LAMA-FIRST,NailingHL_tp6_r1,Plannerinputs/generated/problemNailingHL_tp6_r1.pddl,True,2758.74,2857.33,8,0,
959,2026-07-01 15:30:07.828,FF,NailingHL_tp8_r1,Plannerinputs/generated/problemNailingHL_tp8_r1.pddl,True,252.58,367.86,11,0,
960,2026-07-01 15:30:08.370,LAMA-FIRST,NailingHL_tp5_r1,Plannerinputs/generated/problemNailingHL_tp5_r1.pddl,True,2663.84,2773.80,11,0,
961,2026-07-01 15:30:11.190,LAMA-FIRST,NailingHL_tp6_r1,Plannerinputs/generated/problemNailingHL_tp6_r1.pddl,True,2767.86,2892.61,11,0,
962,2026-07-01 15:30:14.134,FF,StackOnMultipleHL_tp7_r1_pr3_m7_lay7,Plannerinputs/generated/problemStackOnMultipleHL_tp7_r1_pr3_m7_lay7.pddl,True,271.80,350.76,2,0,
963,2026-07-01 15:30:15.005,FF,NailingHL_tp8_r1,Plannerinputs/generated/problemNailingHL_tp8_r1.pddl,True,272.74,390.35,8,0,
964,2026-07-01 15:30:15.559,LAMA-FIRST,NailingHL_tp5_r1,Plannerinputs/generated/problemNailingHL_tp5_r1.pddl,True,2662.76,2759.81,8,0,
965,2026-07-01 15:30:18.367,LAMA-FIRST,NailingHL_tp6_r1,Plannerinputs/generated/problemNailingHL_tp6_r1.pddl,True,2703.03,2770.64,8,0,
966,2026-07-01 15:30:21.188,FF,NailingHL_tp7_r1,Plannerinputs/generated/problemNailingHL_tp7_r1.pddl,True,279.44,377.54,8,0,
967,2026-07-01 15:30:23.413,LAMA-FIRST,NailingHL_tp5_r1,Plannerinputs/generated/problemNailingHL_tp5_r1.pddl,True,2819.03,2853.83,2,0,
968,2026-07-01 15:30:26.306,LAMA-FIRST,NailingHL_tp6_r1,Plannerinputs/generated/problemNailingHL_tp6_r1.pddl,True,2854.85,2903.48,2,0,
969,2026-07-01 15:30:29.262,FF,NailingHL_tp7_r1,Plannerinputs/generated/problemNailingHL_tp7_r1.pddl,True,278.67,375.05,2,0,
970,2026-07-01 15:30:29.717,FF,MoveCassetteToStackHL_tp8_lp8_pr4_sp8_r1_m8_lay8,Plannerinputs/generated/problemMoveCassetteToStackHL_tp8_lp8_pr4_sp8_r1_m8_lay8.pddl,True,277.96,396.63,10,0,
971,2026-07-01 15:30:30.844,LAMA-FIRST,NailingHL_tp6_r1,Plannerinputs/generated/problemNailingHL_tp6_r1.pddl,True,2865.24,2901.27,2,0,
972,2026-07-01 15:30:33.784,FF,NailingHL_tp7_r1,Plannerinputs/generated/problemNailingHL_tp7_r1.pddl,True,272.49,334.58,2,0,
973,2026-07-01 15:30:34.174,FF,MoveCassetteToStackHL_tp8_lp8_pr4_sp8_r1_m8_lay8,Plannerinputs/generated/problemMoveCassetteToStackHL_tp8_lp8_pr4_sp8_r1_m8_lay8.pddl,True,277.35,383.54,10,0,
974,2026-07-01 15:30:34.781,LAMA-FIRST,MoveCassetteToStackHL_tp5_lp5_pr1_sp5_r1_m5_lay5,Plannerinputs/generated/problemMoveCassetteToStackHL_tp5_lp5_pr1_sp5_r1_m5_lay5.pddl,True,2842.44,2953.50,10,0,
975,2026-07-01 15:30:38.270,FF,NailingHL_tp7_r1,Plannerinputs/generated/problemNailingHL_tp7_r1.pddl,True,249.51,328.11,2,0,
976,2026-07-01 15:30:38.709,FF,MoveCassetteToStackHL_tp8_lp8_pr4_sp8_r1_m8_lay8,Plannerinputs/generated/problemMoveCassetteToStackHL_tp8_lp8_pr4_sp8_r1_m8_lay8.pddl,True,250.40,368.53,10,0,
977,2026-07-01 15:30:39.236,LAMA-FIRST,MoveCassetteToStackHL_tp5_lp5_pr1_sp5_r1_m5_lay5,Plannerinputs/generated/problemMoveCassetteToStackHL_tp5_lp5_pr1_sp5_r1_m5_lay5.pddl,True,2981.33,3099.35,11,0,
978,2026-07-01 15:30:42.423,LAMA-FIRST,MoveCassetteToStackHL_tp6_lp6_pr2_sp6_r1_m6_lay6,Plannerinputs/generated/problemMoveCassetteToStackHL_tp6_lp6_pr2_sp6_r1_m6_lay6.pddl,True,2959.97,3054.42,10,0,
979,2026-07-01 15:30:46.022,FF,MoveCassetteToStackHL_tp8_lp8_pr4_sp8_r1_m8_lay8,Plannerinputs/generated/problemMoveCassetteToStackHL_tp8_lp8_pr4_sp8_r1_m8_lay8.pddl,True,278.31,393.71,10,0,
980,2026-07-01 15:30:46.565,LAMA-FIRST,MoveCassetteToStackHL_tp5_lp5_pr1_sp5_r1_m5_lay5,Plannerinputs/generated/problemMoveCassetteToStackHL_tp5_lp5_pr1_sp5_r1_m5_lay5.pddl,True,3252.52,3329.35,11,0,
981,2026-07-01 15:30:49.937,LAMA-FIRST,MoveCassetteToStackHL_tp6_lp6_pr2_sp6_r1_m6_lay6,Plannerinputs/generated/problemMoveCassetteToStackHL_tp6_lp6_pr2_sp6_r1_m6_lay6.pddl,True,3090.50,3195.51,11,0,
982,2026-07-01 15:30:53.186,FF,MoveCassetteToStackHL_tp7_lp7_pr3_sp7_r1_m7_lay7,Plannerinputs/generated/problemMoveCassetteToStackHL_tp7_lp7_pr3_sp7_r1_m7_lay7.pddl,True,269.01,373.47,10,0,
983,2026-07-01 15:30:56.102,LAMA-FIRST,MoveCassetteToStackHL_tp5_lp5_pr1_sp5_r1_m5_lay5,Plannerinputs/generated/problemMoveCassetteToStackHL_tp5_lp5_pr1_sp5_r1_m5_lay5.pddl,True,3121.90,3175.71,4,0,
984,2026-07-01 15:30:59.320,LAMA-FIRST,MoveCassetteToStackHL_tp6_lp6_pr2_sp6_r1_m6_lay6,Plannerinputs/generated/problemMoveCassetteToStackHL_tp6_lp6_pr2_sp6_r1_m6_lay6.pddl,True,3049.84,3114.34,4,0,
985,2026-07-01 15:31:02.499,FF,MoveCassetteToStackHL_tp7_lp7_pr3_sp7_r1_m7_lay7,Plannerinputs/generated/problemMoveCassetteToStackHL_tp7_lp7_pr3_sp7_r1_m7_lay7.pddl,True,258.98,329.49,4,0,
986,2026-07-01 15:31:03.981,LAMA-FIRST,MoveCassetteToStackHL_tp6_lp6_pr2_sp6_r1_m6_lay6,Plannerinputs/generated/problemMoveCassetteToStackHL_tp6_lp6_pr2_sp6_r1_m6_lay6.pddl,True,3137.52,3212.52,4,0,
987,2026-07-01 15:31:07.232,FF,MoveCassetteToStackHL_tp7_lp7_pr3_sp7_r1_m7_lay7,Plannerinputs/generated/problemMoveCassetteToStackHL_tp7_lp7_pr3_sp7_r1_m7_lay7.pddl,True,274.49,355.83,4,0,
988,2026-07-01 15:31:08.644,FF,MoveCassetteToStackHL_tp7_lp7_pr3_sp7_r1_m7_lay7,Plannerinputs/generated/problemMoveCassetteToStackHL_tp7_lp7_pr3_sp7_r1_m7_lay7.pddl,True,260.88,359.89,4,0,
989,2026-07-01 15:31:10.345,ENHSP,cassette9,./Plannerinputs/static/problemC9.pddl,True,1312.27,1560.81,31,0,
990,2026-07-01 15:31:11.909,ENHSP,cassette10,./Plannerinputs/static/problemC10.pddl,True,1286.25,1486.85,31,0,
991,2026-07-01 15:31:13.397,ENHSP,cassette11,./Plannerinputs/static/problemC11.pddl,True,1341.20,1606.57,31,0,
992,2026-07-01 15:31:15.005,ENHSP,cassette12,./Plannerinputs/static/problemC12.pddl,True,1324.57,1554.38,31,0,
993,2026-07-01 15:31:16.721,LAMA-FIRST,PickUpHL_lp9_fp65_r1,Plannerinputs/generated/problemPickUpHL_lp9_fp65_r1.pddl,True,3657.23,3707.84,2,0,
994,2026-07-01 15:31:20.516,LAMA-FIRST,PickUpHL_lp10_fp73_r1,Plannerinputs/generated/problemPickUpHL_lp10_fp73_r1.pddl,True,3618.46,3664.41,2,0,
995,2026-07-01 15:31:24.214,FF,PickUpHL_lp11_fp81_r1,Plannerinputs/generated/problemPickUpHL_lp11_fp81_r1.pddl,True,294.97,369.90,2,0,
996,2026-07-01 15:31:24.660,FF,PickUpHL_lp12_fp89_r1,Plannerinputs/generated/problemPickUpHL_lp12_fp89_r1.pddl,True,296.36,365.02,2,0,
997,2026-07-01 15:31:25.714,LAMA-FIRST,PickUpHL_lp10_fp73_r1,Plannerinputs/generated/problemPickUpHL_lp10_fp73_r1.pddl,True,3643.70,3695.40,3,0,
998,2026-07-01 15:31:29.431,FF,PickUpHL_lp11_fp81_r1,Plannerinputs/generated/problemPickUpHL_lp11_fp81_r1.pddl,True,303.11,372.52,3,0,
999,2026-07-01 15:31:29.848,FF,PickUpHL_lp12_fp89_r1,Plannerinputs/generated/problemPickUpHL_lp12_fp89_r1.pddl,True,311.91,388.30,3,0,
1000,2026-07-01 15:31:30.396,LAMA-FIRST,PlaceHL_lp9_pr1_r1,Plannerinputs/generated/problemPlaceHL_lp9_pr1_r1.pddl,True,4832.11,4889.04,2,0,
1001,2026-07-01 15:31:35.863,LAMA-FIRST,PickUpHL_lp10_fp73_r1,Plannerinputs/generated/problemPickUpHL_lp10_fp73_r1.pddl,True,3473.17,3527.54,2,0,
1002,2026-07-01 15:31:39.464,FF,PickUpHL_lp11_fp81_r1,Plannerinputs/generated/problemPickUpHL_lp11_fp81_r1.pddl,True,280.35,357.06,2,0,
1003,2026-07-01 15:31:39.883,FF,PickUpHL_lp12_fp89_r1,Plannerinputs/generated/problemPickUpHL_lp12_fp89_r1.pddl,True,318.44,386.07,2,0,
1004,2026-07-01 15:31:40.485,LAMA-FIRST,GluingPlateHL_lp9_pr1_r1,Plannerinputs/generated/problemGluingPlateHL_lp9_pr1_r1.pddl,True,3673.70,3761.35,8,0,
1005,2026-07-01 15:31:44.774,FF,PickUpHL_lp11_fp81_r1,Plannerinputs/generated/problemPickUpHL_lp11_fp81_r1.pddl,True,286.75,357.57,3,0,
1006,2026-07-01 15:31:45.174,FF,PickUpHL_lp12_fp89_r1,Plannerinputs/generated/problemPickUpHL_lp12_fp89_r1.pddl,True,278.40,353.72,3,0,
1007,2026-07-01 15:31:45.671,LAMA-FIRST,GluingPlateHL_lp9_pr1_r1,Plannerinputs/generated/problemGluingPlateHL_lp9_pr1_r1.pddl,True,3475.44,3556.63,9,0,
1008,2026-07-01 15:31:49.263,LAMA-FIRST,PlaceHL_lp10_pr2_r1,Plannerinputs/generated/problemPlaceHL_lp10_pr2_r1.pddl,True,4652.48,4713.83,2,0,
1009,2026-07-01 15:31:54.474,FF,PickUpHL_lp11_fp81_r1,Plannerinputs/generated/problemPickUpHL_lp11_fp81_r1.pddl,True,286.57,365.66,2,0,
1010,2026-07-01 15:31:54.880,FF,PickUpHL_lp12_fp89_r1,Plannerinputs/generated/problemPickUpHL_lp12_fp89_r1.pddl,True,277.41,340.92,2,0,
1011,2026-07-01 15:31:55.355,LAMA-FIRST,GluingPlateHL_lp9_pr1_r1,Plannerinputs/generated/problemGluingPlateHL_lp9_pr1_r1.pddl,True,3446.66,3514.44,8,0,
1012,2026-07-01 15:31:58.903,LAMA-FIRST,GluingPlateHL_lp10_pr2_r1,Plannerinputs/generated/problemGluingPlateHL_lp10_pr2_r1.pddl,True,3495.34,3581.08,8,0,
1013,2026-07-01 15:32:03.014,FF,PickUpHL_lp12_fp89_r1,Plannerinputs/generated/problemPickUpHL_lp12_fp89_r1.pddl,True,296.96,388.09,3,0,
1014,2026-07-01 15:32:03.561,LAMA-FIRST,GluingPlateHL_lp9_pr1_r1,Plannerinputs/generated/problemGluingPlateHL_lp9_pr1_r1.pddl,True,3496.04,3579.43,9,0,
1015,2026-07-01 15:32:07.156,LAMA-FIRST,GluingPlateHL_lp10_pr2_r1,Plannerinputs/generated/problemGluingPlateHL_lp10_pr2_r1.pddl,True,3478.07,3570.60,9,0,
1016,2026-07-01 15:32:10.754,FF,PlaceHL_lp11_pr3_r1,Plannerinputs/generated/problemPlaceHL_lp11_pr3_r1.pddl,True,284.03,365.26,2,0,
1017,2026-07-01 15:32:11.671,FF,PickUpHL_lp12_fp89_r1,Plannerinputs/generated/problemPickUpHL_lp12_fp89_r1.pddl,True,276.17,351.87,2,0,
1018,2026-07-01 15:32:12.219,LAMA-FIRST,GluingPlateHL_lp9_pr1_r1,Plannerinputs/generated/problemGluingPlateHL_lp9_pr1_r1.pddl,True,3437.33,3531.81,8,0,
1019,2026-07-01 15:32:15.766,LAMA-FIRST,GluingPlateHL_lp10_pr2_r1,Plannerinputs/generated/problemGluingPlateHL_lp10_pr2_r1.pddl,True,3439.23,3509.85,8,0,
1020,2026-07-01 15:32:19.316,FF,GluingPlateHL_lp11_pr3_r1,Plannerinputs/generated/problemGluingPlateHL_lp11_pr3_r1.pddl,True,284.81,371.94,8,0,
1021,2026-07-01 15:32:20.329,LAMA-FIRST,GluingPlateHL_lp9_pr1_r1,Plannerinputs/generated/problemGluingPlateHL_lp9_pr1_r1.pddl,True,3471.97,3551.56,9,0,
1022,2026-07-01 15:32:23.921,LAMA-FIRST,GluingPlateHL_lp10_pr2_r1,Plannerinputs/generated/problemGluingPlateHL_lp10_pr2_r1.pddl,True,3479.89,3569.33,9,0,
1023,2026-07-01 15:32:27.503,FF,GluingPlateHL_lp11_pr3_r1,Plannerinputs/generated/problemGluingPlateHL_lp11_pr3_r1.pddl,True,309.72,446.00,11,0,
1024,2026-07-01 15:32:28.018,FF,PlaceHL_lp12_pr4_r1,Plannerinputs/generated/problemPlaceHL_lp12_pr4_r1.pddl,True,283.52,354.44,2,0,
1025,2026-07-01 15:32:29.025,LAMA-FIRST,GluingPlateHL_lp9_pr1_r1,Plannerinputs/generated/problemGluingPlateHL_lp9_pr1_r1.pddl,True,3452.90,3530.80,8,0,
1026,2026-07-01 15:32:32.600,LAMA-FIRST,GluingPlateHL_lp10_pr2_r1,Plannerinputs/generated/problemGluingPlateHL_lp10_pr2_r1.pddl,True,3444.74,3516.24,8,0,
1027,2026-07-01 15:32:36.160,FF,GluingPlateHL_lp11_pr3_r1,Plannerinputs/generated/problemGluingPlateHL_lp11_pr3_r1.pddl,True,299.12,376.18,8,0,
1028,2026-07-01 15:32:36.587,FF,GluingPlateHL_lp12_pr4_r1,Plannerinputs/generated/problemGluingPlateHL_lp12_pr4_r1.pddl,True,303.39,417.71,8,0,
1029,2026-07-01 15:32:39.020,LAMA-FIRST,GluingPlateHL_lp10_pr2_r1,Plannerinputs/generated/problemGluingPlateHL_lp10_pr2_r1.pddl,True,3428.59,3476.96,2,0,
1030,2026-07-01 15:32:42.514,FF,GluingPlateHL_lp11_pr3_r1,Plannerinputs/generated/problemGluingPlateHL_lp11_pr3_r1.pddl,True,270.18,340.98,2,0,
1031,2026-07-01 15:32:42.887,FF,GluingPlateHL_lp12_pr4_r1,Plannerinputs/generated/problemGluingPlateHL_lp12_pr4_r1.pddl,True,271.78,315.14,2,0,
1032,2026-07-01 15:32:43.367,LAMA-FIRST,PickUpHL_b49_fp66_r1,Plannerinputs/generated/problemPickUpHL_b49_fp66_r1.pddl,True,3450.35,3538.54,9,0,
1033,2026-07-01 15:32:47.454,FF,GluingPlateHL_lp11_pr3_r1,Plannerinputs/generated/problemGluingPlateHL_lp11_pr3_r1.pddl,True,279.19,356.89,2,0,
1034,2026-07-01 15:32:47.874,FF,GluingPlateHL_lp12_pr4_r1,Plannerinputs/generated/problemGluingPlateHL_lp12_pr4_r1.pddl,True,268.31,338.06,2,0,
1035,2026-07-01 15:32:48.387,LAMA-FIRST,PickUpHL_b49_fp66_r1,Plannerinputs/generated/problemPickUpHL_b49_fp66_r1.pddl,True,3440.42,3522.15,9,0,
1036,2026-07-01 15:32:51.974,LAMA-FIRST,PickUpHL_b55_fp74_r1,Plannerinputs/generated/problemPickUpHL_b55_fp74_r1.pddl,True,3448.52,3529.64,10,0,
1037,2026-07-01 15:32:56.025,FF,GluingPlateHL_lp12_pr4_r1,Plannerinputs/generated/problemGluingPlateHL_lp12_pr4_r1.pddl,True,266.87,321.77,2,0,
1038,2026-07-01 15:32:56.529,LAMA-FIRST,PickUpHL_b49_fp66_r1,Plannerinputs/generated/problemPickUpHL_b49_fp66_r1.pddl,True,3413.11,3510.77,9,0,
1039,2026-07-01 15:33:00.055,LAMA-FIRST,PickUpHL_b55_fp74_r1,Plannerinputs/generated/problemPickUpHL_b55_fp74_r1.pddl,True,3475.42,3545.41,10,0,
1040,2026-07-01 15:33:03.657,FF,PickUpHL_b61_fp82_r1,Plannerinputs/generated/problemPickUpHL_b61_fp82_r1.pddl,True,284.61,412.03,9,0,
1041,2026-07-01 15:33:04.715,LAMA-FIRST,PickUpHL_b49_fp66_r1,Plannerinputs/generated/problemPickUpHL_b49_fp66_r1.pddl,True,3417.25,3505.41,9,0,
1042,2026-07-01 15:33:08.256,LAMA-FIRST,PickUpHL_b55_fp74_r1,Plannerinputs/generated/problemPickUpHL_b55_fp74_r1.pddl,True,3412.07,3490.48,10,0,
1043,2026-07-01 15:33:11.787,FF,PickUpHL_b61_fp82_r1,Plannerinputs/generated/problemPickUpHL_b61_fp82_r1.pddl,True,281.90,371.45,9,0,
1044,2026-07-01 15:33:12.219,FF,PickUpHL_b67_fp90_r1,Plannerinputs/generated/problemPickUpHL_b67_fp90_r1.pddl,True,277.95,389.49,9,0,
1045,2026-07-01 15:33:14.951,LAMA-FIRST,PickUpHL_b55_fp74_r1,Plannerinputs/generated/problemPickUpHL_b55_fp74_r1.pddl,True,3693.98,3754.71,3,0,
1046,2026-07-01 15:33:18.747,FF,PickUpHL_b61_fp82_r1,Plannerinputs/generated/problemPickUpHL_b61_fp82_r1.pddl,True,321.99,418.15,3,0,
1047,2026-07-01 15:33:19.192,FF,PickUpHL_b67_fp90_r1,Plannerinputs/generated/problemPickUpHL_b67_fp90_r1.pddl,True,303.35,360.75,3,0,
1048,2026-07-01 15:33:19.714,LAMA-FIRST,StackHL_b49_lp9_r1_pr1_lay9_m9,Plannerinputs/generated/problemStackHL_b49_lp9_r1_pr1_lay9_m9.pddl,True,5068.64,5119.17,2,0,
1049,2026-07-01 15:33:25.287,LAMA-FIRST,PickUpHL_b55_fp74_r1,Plannerinputs/generated/problemPickUpHL_b55_fp74_r1.pddl,True,3310.69,3349.92,2,0,
1050,2026-07-01 15:33:28.654,FF,PickUpHL_b61_fp82_r1,Plannerinputs/generated/problemPickUpHL_b61_fp82_r1.pddl,True,264.15,310.25,2,0,
1051,2026-07-01 15:33:29.014,FF,PickUpHL_b67_fp90_r1,Plannerinputs/generated/problemPickUpHL_b67_fp90_r1.pddl,True,271.99,328.06,2,0,
1052,2026-07-01 15:33:29.512,LAMA-FIRST,PickUpHL_b50_fp67_r1,Plannerinputs/generated/problemPickUpHL_b50_fp67_r1.pddl,True,3351.04,3405.79,2,0,
1053,2026-07-01 15:33:33.484,FF,PickUpHL_b61_fp82_r1,Plannerinputs/generated/problemPickUpHL_b61_fp82_r1.pddl,True,316.36,388.70,3,0,
1054,2026-07-01 15:33:33.951,FF,PickUpHL_b67_fp90_r1,Plannerinputs/generated/problemPickUpHL_b67_fp90_r1.pddl,True,302.71,425.84,3,0,
1055,2026-07-01 15:33:34.507,LAMA-FIRST,PickUpHL_b50_fp67_r1,Plannerinputs/generated/problemPickUpHL_b50_fp67_r1.pddl,True,3504.99,3560.13,3,0,
1056,2026-07-01 15:33:38.109,LAMA-FIRST,StackHL_b55_lp10_r1_pr2_lay10_m10,Plannerinputs/generated/problemStackHL_b55_lp10_r1_pr2_lay10_m10.pddl,True,4470.45,4517.69,2,0,
1057,2026-07-01 15:33:43.195,FF,PickUpHL_b61_fp82_r1,Plannerinputs/generated/problemPickUpHL_b61_fp82_r1.pddl,True,277.42,346.32,2,0,
1058,2026-07-01 15:33:43.575,FF,PickUpHL_b67_fp90_r1,Plannerinputs/generated/problemPickUpHL_b67_fp90_r1.pddl,True,264.11,331.93,2,0,
1059,2026-07-01 15:33:44.063,LAMA-FIRST,PickUpHL_b50_fp67_r1,Plannerinputs/generated/problemPickUpHL_b50_fp67_r1.pddl,True,3178.55,3228.91,2,0,
1060,2026-07-01 15:33:47.344,LAMA-FIRST,PickUpHL_b56_fp75_r1,Plannerinputs/generated/problemPickUpHL_b56_fp75_r1.pddl,True,3202.24,3248.56,2,0,
1061,2026-07-01 15:33:51.121,FF,PickUpHL_b67_fp90_r1,Plannerinputs/generated/problemPickUpHL_b67_fp90_r1.pddl,True,279.62,359.74,3,0,
1062,2026-07-01 15:33:51.624,LAMA-FIRST,PickUpHL_b50_fp67_r1,Plannerinputs/generated/problemPickUpHL_b50_fp67_r1.pddl,True,3200.75,3257.28,3,0,
1063,2026-07-01 15:33:54.937,LAMA-FIRST,PickUpHL_b56_fp75_r1,Plannerinputs/generated/problemPickUpHL_b56_fp75_r1.pddl,True,3208.52,3270.37,3,0,
1064,2026-07-01 15:33:58.246,FF,StackHL_b61_lp11_r1_pr3_lay11_m11,Plannerinputs/generated/problemStackHL_b61_lp11_r1_pr3_lay11_m11.pddl,True,261.78,317.42,2,0,
1065,2026-07-01 15:33:59.060,FF,PickUpHL_b67_fp90_r1,Plannerinputs/generated/problemPickUpHL_b67_fp90_r1.pddl,True,268.67,345.30,2,0,
1066,2026-07-01 15:33:59.579,LAMA-FIRST,PickUpHL_b50_fp67_r1,Plannerinputs/generated/problemPickUpHL_b50_fp67_r1.pddl,True,3050.70,3097.80,2,0,
1067,2026-07-01 15:34:02.711,LAMA-FIRST,PickUpHL_b56_fp75_r1,Plannerinputs/generated/problemPickUpHL_b56_fp75_r1.pddl,True,3067.46,3111.23,2,0,
1068,2026-07-01 15:34:05.882,FF,PickUpHL_b62_fp83_r1,Plannerinputs/generated/problemPickUpHL_b62_fp83_r1.pddl,True,266.05,341.36,2,0,
1069,2026-07-01 15:34:06.872,LAMA-FIRST,PickUpHL_b50_fp67_r1,Plannerinputs/generated/problemPickUpHL_b50_fp67_r1.pddl,True,3066.37,3167.43,3,0,
1070,2026-07-01 15:34:10.085,LAMA-FIRST,PickUpHL_b56_fp75_r1,Plannerinputs/generated/problemPickUpHL_b56_fp75_r1.pddl,True,3048.48,3120.23,3,0,
1071,2026-07-01 15:34:13.267,FF,PickUpHL_b62_fp83_r1,Plannerinputs/generated/problemPickUpHL_b62_fp83_r1.pddl,True,282.34,353.06,3,0,
1072,2026-07-01 15:34:13.681,FF,StackHL_b67_lp12_r1_pr4_lay12_m12,Plannerinputs/generated/problemStackHL_b67_lp12_r1_pr4_lay12_m12.pddl,True,266.92,329.35,2,0,
1073,2026-07-01 15:34:14.665,LAMA-FIRST,PickUpHL_b50_fp67_r1,Plannerinputs/generated/problemPickUpHL_b50_fp67_r1.pddl,True,2959.45,3005.08,2,0,
1074,2026-07-01 15:34:17.714,LAMA-FIRST,PickUpHL_b56_fp75_r1,Plannerinputs/generated/problemPickUpHL_b56_fp75_r1.pddl,True,2981.73,3027.45,2,0,
1075,2026-07-01 15:34:20.787,FF,PickUpHL_b62_fp83_r1,Plannerinputs/generated/problemPickUpHL_b62_fp83_r1.pddl,True,265.68,336.31,2,0,
1076,2026-07-01 15:34:21.179,FF,PickUpHL_b68_fp91_r1,Plannerinputs/generated/problemPickUpHL_b68_fp91_r1.pddl,True,268.04,330.53,2,0,
1077,2026-07-01 15:34:22.206,LAMA-FIRST,PickUpHL_b56_fp75_r1,Plannerinputs/generated/problemPickUpHL_b56_fp75_r1.pddl,True,2944.26,2998.28,3,0,
1078,2026-07-01 15:34:25.243,FF,PickUpHL_b62_fp83_r1,Plannerinputs/generated/problemPickUpHL_b62_fp83_r1.pddl,True,267.62,346.60,3,0,
1079,2026-07-01 15:34:25.629,FF,PickUpHL_b68_fp91_r1,Plannerinputs/generated/problemPickUpHL_b68_fp91_r1.pddl,True,264.22,345.39,3,0,
1080,2026-07-01 15:34:26.188,LAMA-FIRST,StackHL_b50_lp9_r1_pr1_lay9_m9,Plannerinputs/generated/problemStackHL_b50_lp9_r1_pr1_lay9_m9.pddl,True,4094.96,4140.61,2,0,
1081,2026-07-01 15:34:30.880,LAMA-FIRST,PickUpHL_b56_fp75_r1,Plannerinputs/generated/problemPickUpHL_b56_fp75_r1.pddl,True,2966.71,3004.97,2,0,
1082,2026-07-01 15:34:33.935,FF,PickUpHL_b62_fp83_r1,Plannerinputs/generated/problemPickUpHL_b62_fp83_r1.pddl,True,270.84,339.89,2,0,
1083,2026-07-01 15:34:34.333,FF,PickUpHL_b68_fp91_r1,Plannerinputs/generated/problemPickUpHL_b68_fp91_r1.pddl,True,262.10,326.65,2,0,
1084,2026-07-01 15:34:34.849,LAMA-FIRST,PickUpHL_b54_fp72_r1,Plannerinputs/generated/problemPickUpHL_b54_fp72_r1.pddl,True,2940.52,2976.59,2,0,
1085,2026-07-01 15:34:38.298,FF,PickUpHL_b62_fp83_r1,Plannerinputs/generated/problemPickUpHL_b62_fp83_r1.pddl,True,266.93,323.84,3,0,
1086,2026-07-01 15:34:38.644,FF,PickUpHL_b68_fp91_r1,Plannerinputs/generated/problemPickUpHL_b68_fp91_r1.pddl,True,270.44,338.37,3,0,
1087,2026-07-01 15:34:39.161,LAMA-FIRST,PickUpHL_b54_fp72_r1,Plannerinputs/generated/problemPickUpHL_b54_fp72_r1.pddl,True,2962.31,3016.20,3,0,
1088,2026-07-01 15:34:42.215,LAMA-FIRST,StackHL_b56_lp10_r1_pr2_lay10_m10,Plannerinputs/generated/problemStackHL_b56_lp10_r1_pr2_lay10_m10.pddl,True,4126.77,4186.04,2,0,
1089,2026-07-01 15:34:46.920,FF,PickUpHL_b62_fp83_r1,Plannerinputs/generated/problemPickUpHL_b62_fp83_r1.pddl,True,265.59,337.71,2,0,
1090,2026-07-01 15:34:47.277,FF,PickUpHL_b68_fp91_r1,Plannerinputs/generated/problemPickUpHL_b68_fp91_r1.pddl,True,265.01,347.79,2,0,
1091,2026-07-01 15:34:47.771,LAMA-FIRST,PickUpHL_b54_fp72_r1,Plannerinputs/generated/problemPickUpHL_b54_fp72_r1.pddl,True,2961.55,3009.37,2,0,
1092,2026-07-01 15:34:50.834,LAMA-FIRST,PickUpHL_b60_fp80_r1,Plannerinputs/generated/problemPickUpHL_b60_fp80_r1.pddl,True,2972.41,3026.39,2,0,
1093,2026-07-01 15:34:54.373,FF,PickUpHL_b68_fp91_r1,Plannerinputs/generated/problemPickUpHL_b68_fp91_r1.pddl,True,298.41,377.19,3,0,
1094,2026-07-01 15:34:54.926,LAMA-FIRST,PickUpHL_b54_fp72_r1,Plannerinputs/generated/problemPickUpHL_b54_fp72_r1.pddl,True,3214.40,3268.43,3,0,
1095,2026-07-01 15:34:58.239,LAMA-FIRST,PickUpHL_b60_fp80_r1,Plannerinputs/generated/problemPickUpHL_b60_fp80_r1.pddl,True,3132.18,3219.29,3,0,
1096,2026-07-01 15:35:01.505,FF,StackHL_b62_lp11_r1_pr3_lay11_m11,Plannerinputs/generated/problemStackHL_b62_lp11_r1_pr3_lay11_m11.pddl,True,266.81,324.25,2,0,
1097,2026-07-01 15:35:02.301,FF,PickUpHL_b68_fp91_r1,Plannerinputs/generated/problemPickUpHL_b68_fp91_r1.pddl,True,267.23,349.69,2,0,
1098,2026-07-01 15:35:02.813,LAMA-FIRST,PickUpHL_b54_fp72_r1,Plannerinputs/generated/problemPickUpHL_b54_fp72_r1.pddl,True,2977.26,3028.78,2,0,
1099,2026-07-01 15:35:05.884,LAMA-FIRST,PickUpHL_b60_fp80_r1,Plannerinputs/generated/problemPickUpHL_b60_fp80_r1.pddl,True,2961.88,3006.91,2,0,
1100,2026-07-01 15:35:08.969,FF,PickUpHL_b66_fp88_r1,Plannerinputs/generated/problemPickUpHL_b66_fp88_r1.pddl,True,277.40,351.94,2,0,
1101,2026-07-01 15:35:09.927,LAMA-FIRST,PickUpHL_b54_fp72_r1,Plannerinputs/generated/problemPickUpHL_b54_fp72_r1.pddl,True,3222.71,3284.18,3,0,
1102,2026-07-01 15:35:13.242,LAMA-FIRST,PickUpHL_b60_fp80_r1,Plannerinputs/generated/problemPickUpHL_b60_fp80_r1.pddl,True,3222.20,3277.75,3,0,
1103,2026-07-01 15:35:16.563,FF,PickUpHL_b66_fp88_r1,Plannerinputs/generated/problemPickUpHL_b66_fp88_r1.pddl,True,297.77,354.01,3,0,
1104,2026-07-01 15:35:16.948,FF,StackHL_b68_lp12_r1_pr4_lay12_m12,Plannerinputs/generated/problemStackHL_b68_lp12_r1_pr4_lay12_m12.pddl,True,303.02,363.37,2,0,
1105,2026-07-01 15:35:18.024,LAMA-FIRST,PickUpHL_b54_fp72_r1,Plannerinputs/generated/problemPickUpHL_b54_fp72_r1.pddl,True,3222.65,3297.12,2,0,
1106,2026-07-01 15:35:21.339,LAMA-FIRST,PickUpHL_b60_fp80_r1,Plannerinputs/generated/problemPickUpHL_b60_fp80_r1.pddl,True,2954.49,2997.06,2,0,
1107,2026-07-01 15:35:24.353,FF,PickUpHL_b66_fp88_r1,Plannerinputs/generated/problemPickUpHL_b66_fp88_r1.pddl,True,266.24,343.09,2,0,
1108,2026-07-01 15:35:24.734,FF,PickUpHL_b72_fp96_r1,Plannerinputs/generated/problemPickUpHL_b72_fp96_r1.pddl,True,267.79,326.93,2,0,
1109,2026-07-01 15:35:25.719,LAMA-FIRST,PickUpHL_b60_fp80_r1,Plannerinputs/generated/problemPickUpHL_b60_fp80_r1.pddl,True,2954.93,3008.10,3,0,
1110,2026-07-01 15:35:28.768,FF,PickUpHL_b66_fp88_r1,Plannerinputs/generated/problemPickUpHL_b66_fp88_r1.pddl,True,273.68,361.85,3,0,
1111,2026-07-01 15:35:29.183,FF,PickUpHL_b72_fp96_r1,Plannerinputs/generated/problemPickUpHL_b72_fp96_r1.pddl,True,272.01,351.43,3,0,
1112,2026-07-01 15:35:29.714,LAMA-FIRST,StackHL_b54_lp9_r1_pr1_lay9_m9,Plannerinputs/generated/problemStackHL_b54_lp9_r1_pr1_lay9_m9.pddl,True,4412.30,4461.29,2,0,
1113,2026-07-01 15:35:34.655,LAMA-FIRST,PickUpHL_b60_fp80_r1,Plannerinputs/generated/problemPickUpHL_b60_fp80_r1.pddl,True,2963.20,3018.75,2,0,
1114,2026-07-01 15:35:37.723,FF,PickUpHL_b66_fp88_r1,Plannerinputs/generated/problemPickUpHL_b66_fp88_r1.pddl,True,265.09,342.20,2,0,
1115,2026-07-01 15:35:38.113,FF,PickUpHL_b72_fp96_r1,Plannerinputs/generated/problemPickUpHL_b72_fp96_r1.pddl,True,267.21,328.50,2,0,
1116,2026-07-01 15:35:38.640,LAMA-FIRST,PickUpHL_b52_fp70_r1,Plannerinputs/generated/problemPickUpHL_b52_fp70_r1.pddl,True,2955.25,3007.34,2,0,
1117,2026-07-01 15:35:42.216,FF,PickUpHL_b66_fp88_r1,Plannerinputs/generated/problemPickUpHL_b66_fp88_r1.pddl,True,274.90,370.53,3,0,
1118,2026-07-01 15:35:42.619,FF,PickUpHL_b72_fp96_r1,Plannerinputs/generated/problemPickUpHL_b72_fp96_r1.pddl,True,282.69,354.62,3,0,
1119,2026-07-01 15:35:43.128,LAMA-FIRST,PickUpHL_b52_fp70_r1,Plannerinputs/generated/problemPickUpHL_b52_fp70_r1.pddl,True,2955.99,3005.15,3,0,
1120,2026-07-01 15:35:46.175,LAMA-FIRST,StackHL_b60_lp10_r1_pr2_lay10_m10,Plannerinputs/generated/problemStackHL_b60_lp10_r1_pr2_lay10_m10.pddl,True,4080.84,4131.74,2,0,
1121,2026-07-01 15:35:50.813,FF,PickUpHL_b66_fp88_r1,Plannerinputs/generated/problemPickUpHL_b66_fp88_r1.pddl,True,303.22,379.47,2,0,
1122,2026-07-01 15:35:51.256,FF,PickUpHL_b72_fp96_r1,Plannerinputs/generated/problemPickUpHL_b72_fp96_r1.pddl,True,313.05,388.11,2,0,
1123,2026-07-01 15:35:51.797,LAMA-FIRST,PickUpHL_b52_fp70_r1,Plannerinputs/generated/problemPickUpHL_b52_fp70_r1.pddl,True,3190.45,3239.97,2,0,
1124,2026-07-01 15:35:55.081,LAMA-FIRST,PickUpHL_b58_fp78_r1,Plannerinputs/generated/problemPickUpHL_b58_fp78_r1.pddl,True,3165.39,3219.44,2,0,
1125,2026-07-01 15:35:58.806,FF,PickUpHL_b72_fp96_r1,Plannerinputs/generated/problemPickUpHL_b72_fp96_r1.pddl,True,300.28,363.48,3,0,
1126,2026-07-01 15:35:59.334,LAMA-FIRST,PickUpHL_b52_fp70_r1,Plannerinputs/generated/problemPickUpHL_b52_fp70_r1.pddl,True,3202.31,3260.77,3,0,
1127,2026-07-01 15:36:02.625,LAMA-FIRST,PickUpHL_b58_fp78_r1,Plannerinputs/generated/problemPickUpHL_b58_fp78_r1.pddl,True,3175.33,3228.36,3,0,
1128,2026-07-01 15:36:05.908,FF,StackHL_b66_lp11_r1_pr3_lay11_m11,Plannerinputs/generated/problemStackHL_b66_lp11_r1_pr3_lay11_m11.pddl,True,309.89,388.15,2,0,
1129,2026-07-01 15:36:06.700,FF,PickUpHL_b72_fp96_r1,Plannerinputs/generated/problemPickUpHL_b72_fp96_r1.pddl,True,296.35,370.38,2,0,
1130,2026-07-01 15:36:07.227,LAMA-FIRST,PickUpHL_b52_fp70_r1,Plannerinputs/generated/problemPickUpHL_b52_fp70_r1.pddl,True,3187.82,3232.35,2,0,
1131,2026-07-01 15:36:10.505,LAMA-FIRST,PickUpHL_b58_fp78_r1,Plannerinputs/generated/problemPickUpHL_b58_fp78_r1.pddl,True,3219.85,3260.86,2,0,
1132,2026-07-01 15:36:13.819,FF,PickUpHL_b64_fp86_r1,Plannerinputs/generated/problemPickUpHL_b64_fp86_r1.pddl,True,292.98,370.48,2,0,
1133,2026-07-01 15:36:14.877,LAMA-FIRST,PickUpHL_b52_fp70_r1,Plannerinputs/generated/problemPickUpHL_b52_fp70_r1.pddl,True,3184.34,3258.97,3,0,
1134,2026-07-01 15:36:18.183,LAMA-FIRST,PickUpHL_b58_fp78_r1,Plannerinputs/generated/problemPickUpHL_b58_fp78_r1.pddl,True,3186.20,3249.25,3,0,
1135,2026-07-01 15:36:21.487,FF,PickUpHL_b64_fp86_r1,Plannerinputs/generated/problemPickUpHL_b64_fp86_r1.pddl,True,305.81,387.63,3,0,
1136,2026-07-01 15:36:21.951,FF,StackHL_b72_lp12_r1_pr4_lay12_m12,Plannerinputs/generated/problemStackHL_b72_lp12_r1_pr4_lay12_m12.pddl,True,298.31,375.06,2,0,
1137,2026-07-01 15:36:22.945,LAMA-FIRST,PickUpHL_b52_fp70_r1,Plannerinputs/generated/problemPickUpHL_b52_fp70_r1.pddl,True,2975.86,3023.26,2,0,
1138,2026-07-01 15:36:25.991,LAMA-FIRST,PickUpHL_b58_fp78_r1,Plannerinputs/generated/problemPickUpHL_b58_fp78_r1.pddl,True,2954.03,3001.49,2,0,
1139,2026-07-01 15:36:29.035,FF,PickUpHL_b64_fp86_r1,Plannerinputs/generated/problemPickUpHL_b64_fp86_r1.pddl,True,267.60,352.85,2,0,
1140,2026-07-01 15:36:29.460,FF,PickUpHL_b70_fp94_r1,Plannerinputs/generated/problemPickUpHL_b70_fp94_r1.pddl,True,279.70,353.93,2,0,
1141,2026-07-01 15:36:30.516,LAMA-FIRST,PickUpHL_b58_fp78_r1,Plannerinputs/generated/problemPickUpHL_b58_fp78_r1.pddl,True,2940.65,3009.63,3,0,
1142,2026-07-01 15:36:33.564,FF,PickUpHL_b64_fp86_r1,Plannerinputs/generated/problemPickUpHL_b64_fp86_r1.pddl,True,269.64,331.91,3,0,
1143,2026-07-01 15:36:33.913,FF,PickUpHL_b70_fp94_r1,Plannerinputs/generated/problemPickUpHL_b70_fp94_r1.pddl,True,262.37,321.33,3,0,
1144,2026-07-01 15:36:34.387,LAMA-FIRST,StackHL_b52_lp9_r1_pr1_lay9_m9,Plannerinputs/generated/problemStackHL_b52_lp9_r1_pr1_lay9_m9.pddl,True,4066.50,4131.43,2,0,
1145,2026-07-01 15:36:39.011,LAMA-FIRST,PickUpHL_b58_fp78_r1,Plannerinputs/generated/problemPickUpHL_b58_fp78_r1.pddl,True,2978.73,3042.34,2,0,
1146,2026-07-01 15:36:42.093,FF,PickUpHL_b64_fp86_r1,Plannerinputs/generated/problemPickUpHL_b64_fp86_r1.pddl,True,265.49,339.28,2,0,
1147,2026-07-01 15:36:42.465,FF,PickUpHL_b70_fp94_r1,Plannerinputs/generated/problemPickUpHL_b70_fp94_r1.pddl,True,265.94,326.94,2,0,
1148,2026-07-01 15:36:42.999,LAMA-FIRST,PickUpHL_b51_fp68_r1,Plannerinputs/generated/problemPickUpHL_b51_fp68_r1.pddl,True,2959.86,3000.19,2,0,
1149,2026-07-01 15:36:46.605,FF,PickUpHL_b64_fp86_r1,Plannerinputs/generated/problemPickUpHL_b64_fp86_r1.pddl,True,269.00,355.01,3,0,
1150,2026-07-01 15:36:47.015,FF,PickUpHL_b70_fp94_r1,Plannerinputs/generated/problemPickUpHL_b70_fp94_r1.pddl,True,269.96,349.48,3,0,
1151,2026-07-01 15:36:47.553,LAMA-FIRST,PickUpHL_b51_fp68_r1,Plannerinputs/generated/problemPickUpHL_b51_fp68_r1.pddl,True,2960.98,3016.33,3,0,
1152,2026-07-01 15:36:50.614,LAMA-FIRST,StackHL_b58_lp10_r1_pr2_lay10_m10,Plannerinputs/generated/problemStackHL_b58_lp10_r1_pr2_lay10_m10.pddl,True,4489.17,4545.62,2,0,
1153,2026-07-01 15:36:55.710,FF,PickUpHL_b64_fp86_r1,Plannerinputs/generated/problemPickUpHL_b64_fp86_r1.pddl,True,273.92,340.13,2,0,
1154,2026-07-01 15:36:56.097,FF,PickUpHL_b70_fp94_r1,Plannerinputs/generated/problemPickUpHL_b70_fp94_r1.pddl,True,273.61,349.33,2,0,
1155,2026-07-01 15:36:56.585,LAMA-FIRST,PickUpHL_b51_fp68_r1,Plannerinputs/generated/problemPickUpHL_b51_fp68_r1.pddl,True,2946.94,2996.30,2,0,
1156,2026-07-01 15:36:59.616,LAMA-FIRST,PickUpHL_b57_fp76_r1,Plannerinputs/generated/problemPickUpHL_b57_fp76_r1.pddl,True,2958.51,3015.66,2,0,
1157,2026-07-01 15:37:03.129,FF,PickUpHL_b70_fp94_r1,Plannerinputs/generated/problemPickUpHL_b70_fp94_r1.pddl,True,270.68,338.04,3,0,
1158,2026-07-01 15:37:03.625,LAMA-FIRST,PickUpHL_b51_fp68_r1,Plannerinputs/generated/problemPickUpHL_b51_fp68_r1.pddl,True,2948.27,3019.92,3,0,
1159,2026-07-01 15:37:06.667,LAMA-FIRST,PickUpHL_b57_fp76_r1,Plannerinputs/generated/problemPickUpHL_b57_fp76_r1.pddl,True,2925.13,2972.87,3,0,
1160,2026-07-01 15:37:09.703,FF,StackHL_b64_lp11_r1_pr3_lay11_m11,Plannerinputs/generated/problemStackHL_b64_lp11_r1_pr3_lay11_m11.pddl,True,272.16,346.22,2,0,
1161,2026-07-01 15:37:10.607,FF,PickUpHL_b70_fp94_r1,Plannerinputs/generated/problemPickUpHL_b70_fp94_r1.pddl,True,294.09,364.26,2,0,
1162,2026-07-01 15:37:11.147,LAMA-FIRST,PickUpHL_b51_fp68_r1,Plannerinputs/generated/problemPickUpHL_b51_fp68_r1.pddl,True,3250.39,3371.65,2,0,
1163,2026-07-01 15:37:14.579,LAMA-FIRST,PickUpHL_b57_fp76_r1,Plannerinputs/generated/problemPickUpHL_b57_fp76_r1.pddl,True,3214.21,3317.78,2,0,
1164,2026-07-01 15:37:17.968,FF,PickUpHL_b63_fp84_r1,Plannerinputs/generated/problemPickUpHL_b63_fp84_r1.pddl,True,300.47,389.80,2,0,
1165,2026-07-01 15:37:19.055,LAMA-FIRST,PickUpHL_b51_fp68_r1,Plannerinputs/generated/problemPickUpHL_b51_fp68_r1.pddl,True,3227.57,3277.72,3,0,
1166,2026-07-01 15:37:22.352,LAMA-FIRST,PickUpHL_b57_fp76_r1,Plannerinputs/generated/problemPickUpHL_b57_fp76_r1.pddl,True,3182.67,3256.13,3,0,
1167,2026-07-01 15:37:25.665,FF,PickUpHL_b63_fp84_r1,Plannerinputs/generated/problemPickUpHL_b63_fp84_r1.pddl,True,303.31,386.99,3,0,
1168,2026-07-01 15:37:26.153,FF,StackHL_b70_lp12_r1_pr4_lay12_m12,Plannerinputs/generated/problemStackHL_b70_lp12_r1_pr4_lay12_m12.pddl,True,305.29,360.61,2,0,
1169,2026-07-01 15:37:27.143,LAMA-FIRST,PickUpHL_b51_fp68_r1,Plannerinputs/generated/problemPickUpHL_b51_fp68_r1.pddl,True,2953.19,3007.58,2,0,
1170,2026-07-01 15:37:30.210,LAMA-FIRST,PickUpHL_b57_fp76_r1,Plannerinputs/generated/problemPickUpHL_b57_fp76_r1.pddl,True,2956.67,3010.77,2,0,
1171,2026-07-01 15:37:33.284,FF,PickUpHL_b63_fp84_r1,Plannerinputs/generated/problemPickUpHL_b63_fp84_r1.pddl,True,280.62,354.01,2,0,
1172,2026-07-01 15:37:33.714,FF,PickUpHL_b69_fp92_r1,Plannerinputs/generated/problemPickUpHL_b69_fp92_r1.pddl,True,261.97,327.75,2,0,
1173,2026-07-01 15:37:34.795,LAMA-FIRST,PickUpHL_b57_fp76_r1,Plannerinputs/generated/problemPickUpHL_b57_fp76_r1.pddl,True,2910.64,2967.96,3,0,
1174,2026-07-01 15:37:37.798,FF,PickUpHL_b63_fp84_r1,Plannerinputs/generated/problemPickUpHL_b63_fp84_r1.pddl,True,273.52,368.16,3,0,
1175,2026-07-01 15:37:38.191,FF,PickUpHL_b69_fp92_r1,Plannerinputs/generated/problemPickUpHL_b69_fp92_r1.pddl,True,262.46,332.96,3,0,
1176,2026-07-01 15:37:38.695,LAMA-FIRST,StackHL_b51_lp9_r1_pr1_lay9_m9,Plannerinputs/generated/problemStackHL_b51_lp9_r1_pr1_lay9_m9.pddl,True,4059.07,4108.18,2,0,
1177,2026-07-01 15:37:43.300,LAMA-FIRST,PickUpHL_b57_fp76_r1,Plannerinputs/generated/problemPickUpHL_b57_fp76_r1.pddl,True,2973.58,3013.08,2,0,
1178,2026-07-01 15:37:46.333,FF,PickUpHL_b63_fp84_r1,Plannerinputs/generated/problemPickUpHL_b63_fp84_r1.pddl,True,264.38,344.88,2,0,
1179,2026-07-01 15:37:46.699,FF,PickUpHL_b69_fp92_r1,Plannerinputs/generated/problemPickUpHL_b69_fp92_r1.pddl,True,262.86,324.50,2,0,
1180,2026-07-01 15:37:47.183,LAMA-FIRST,PickUpHL_b53_fp71_r1,Plannerinputs/generated/problemPickUpHL_b53_fp71_r1.pddl,True,2970.30,3018.50,2,0,
1181,2026-07-01 15:37:50.668,FF,PickUpHL_b63_fp84_r1,Plannerinputs/generated/problemPickUpHL_b63_fp84_r1.pddl,True,262.30,334.83,3,0,
1182,2026-07-01 15:37:51.063,FF,PickUpHL_b69_fp92_r1,Plannerinputs/generated/problemPickUpHL_b69_fp92_r1.pddl,True,271.31,344.97,3,0,
1183,2026-07-01 15:37:51.553,LAMA-FIRST,PickUpHL_b53_fp71_r1,Plannerinputs/generated/problemPickUpHL_b53_fp71_r1.pddl,True,2924.53,2986.12,3,0,
1184,2026-07-01 15:37:54.605,LAMA-FIRST,StackHL_b57_lp10_r1_pr2_lay10_m10,Plannerinputs/generated/problemStackHL_b57_lp10_r1_pr2_lay10_m10.pddl,True,4054.73,4101.66,2,0,
1185,2026-07-01 15:37:59.190,FF,PickUpHL_b63_fp84_r1,Plannerinputs/generated/problemPickUpHL_b63_fp84_r1.pddl,True,270.95,341.48,2,0,
1186,2026-07-01 15:37:59.582,FF,PickUpHL_b69_fp92_r1,Plannerinputs/generated/problemPickUpHL_b69_fp92_r1.pddl,True,278.93,361.49,2,0,
1187,2026-07-01 15:38:00.079,LAMA-FIRST,PickUpHL_b53_fp71_r1,Plannerinputs/generated/problemPickUpHL_b53_fp71_r1.pddl,True,2942.13,3004.41,2,0,
1188,2026-07-01 15:38:03.142,LAMA-FIRST,PickUpHL_b59_fp79_r1,Plannerinputs/generated/problemPickUpHL_b59_fp79_r1.pddl,True,2936.64,3006.04,2,0,
1189,2026-07-01 15:38:06.702,FF,PickUpHL_b69_fp92_r1,Plannerinputs/generated/problemPickUpHL_b69_fp92_r1.pddl,True,303.94,391.12,3,0,
1190,2026-07-01 15:38:07.262,LAMA-FIRST,PickUpHL_b53_fp71_r1,Plannerinputs/generated/problemPickUpHL_b53_fp71_r1.pddl,True,2964.95,3023.26,3,0,
1191,2026-07-01 15:38:10.340,LAMA-FIRST,PickUpHL_b59_fp79_r1,Plannerinputs/generated/problemPickUpHL_b59_fp79_r1.pddl,True,2938.49,2997.68,3,0,
1192,2026-07-01 15:38:13.381,FF,StackHL_b63_lp11_r1_pr3_lay11_m11,Plannerinputs/generated/problemStackHL_b63_lp11_r1_pr3_lay11_m11.pddl,True,289.17,359.43,2,0,
1193,2026-07-01 15:38:14.229,FF,PickUpHL_b69_fp92_r1,Plannerinputs/generated/problemPickUpHL_b69_fp92_r1.pddl,True,266.00,343.49,2,0,
1194,2026-07-01 15:38:14.723,LAMA-FIRST,PickUpHL_b53_fp71_r1,Plannerinputs/generated/problemPickUpHL_b53_fp71_r1.pddl,True,2935.44,3000.12,2,0,
1195,2026-07-01 15:38:17.784,LAMA-FIRST,PickUpHL_b59_fp79_r1,Plannerinputs/generated/problemPickUpHL_b59_fp79_r1.pddl,True,2944.28,2998.43,2,0,
1196,2026-07-01 15:38:20.816,FF,PickUpHL_b65_fp87_r1,Plannerinputs/generated/problemPickUpHL_b65_fp87_r1.pddl,True,267.53,344.09,2,0,
1197,2026-07-01 15:38:21.809,LAMA-FIRST,PickUpHL_b53_fp71_r1,Plannerinputs/generated/problemPickUpHL_b53_fp71_r1.pddl,True,2928.80,2984.33,3,0,
1198,2026-07-01 15:38:24.811,LAMA-FIRST,PickUpHL_b59_fp79_r1,Plannerinputs/generated/problemPickUpHL_b59_fp79_r1.pddl,True,2954.82,2999.97,3,0,
1199,2026-07-01 15:38:27.855,FF,PickUpHL_b65_fp87_r1,Plannerinputs/generated/problemPickUpHL_b65_fp87_r1.pddl,True,268.14,333.52,3,0,
1200,2026-07-01 15:38:28.265,FF,StackHL_b69_lp12_r1_pr4_lay12_m12,Plannerinputs/generated/problemStackHL_b69_lp12_r1_pr4_lay12_m12.pddl,True,275.38,347.03,2,0,
1201,2026-07-01 15:38:29.315,LAMA-FIRST,PickUpHL_b53_fp71_r1,Plannerinputs/generated/problemPickUpHL_b53_fp71_r1.pddl,True,2934.67,2993.27,2,0,
1202,2026-07-01 15:38:32.345,LAMA-FIRST,PickUpHL_b59_fp79_r1,Plannerinputs/generated/problemPickUpHL_b59_fp79_r1.pddl,True,2936.72,2998.52,2,0,
1203,2026-07-01 15:38:35.367,FF,PickUpHL_b65_fp87_r1,Plannerinputs/generated/problemPickUpHL_b65_fp87_r1.pddl,True,271.49,349.68,2,0,
1204,2026-07-01 15:38:35.822,FF,PickUpHL_b71_fp95_r1,Plannerinputs/generated/problemPickUpHL_b71_fp95_r1.pddl,True,270.56,338.71,2,0,
1205,2026-07-01 15:38:36.885,LAMA-FIRST,PickUpHL_b59_fp79_r1,Plannerinputs/generated/problemPickUpHL_b59_fp79_r1.pddl,True,2935.42,2994.27,3,0,
1206,2026-07-01 15:38:39.944,FF,PickUpHL_b65_fp87_r1,Plannerinputs/generated/problemPickUpHL_b65_fp87_r1.pddl,True,273.84,347.87,3,0,
1207,2026-07-01 15:38:40.343,FF,PickUpHL_b71_fp95_r1,Plannerinputs/generated/problemPickUpHL_b71_fp95_r1.pddl,True,273.76,344.52,3,0,
1208,2026-07-01 15:38:40.876,LAMA-FIRST,StackHL_b53_lp9_r1_pr1_lay9_m9,Plannerinputs/generated/problemStackHL_b53_lp9_r1_pr1_lay9_m9.pddl,True,4070.22,4148.29,2,0,
1209,2026-07-01 15:38:45.556,LAMA-FIRST,PickUpHL_b59_fp79_r1,Plannerinputs/generated/problemPickUpHL_b59_fp79_r1.pddl,True,2932.37,2982.58,2,0,
1210,2026-07-01 15:38:48.583,FF,PickUpHL_b65_fp87_r1,Plannerinputs/generated/problemPickUpHL_b65_fp87_r1.pddl,True,272.98,357.17,2,0,
1211,2026-07-01 15:38:49.001,FF,PickUpHL_b71_fp95_r1,Plannerinputs/generated/problemPickUpHL_b71_fp95_r1.pddl,True,258.62,340.03,2,0,
1212,2026-07-01 15:38:49.551,LAMA-FIRST,NailingBeamHL_b50_r1_m9_lay9,Plannerinputs/generated/problemNailingBeamHL_b50_r1_m9_lay9.pddl,True,2931.70,3012.88,8,0,
1213,2026-07-01 15:38:53.017,FF,PickUpHL_b65_fp87_r1,Plannerinputs/generated/problemPickUpHL_b65_fp87_r1.pddl,True,266.84,323.69,3,0,
1214,2026-07-01 15:38:53.359,FF,PickUpHL_b71_fp95_r1,Plannerinputs/generated/problemPickUpHL_b71_fp95_r1.pddl,True,273.58,365.23,3,0,
1215,2026-07-01 15:38:53.878,LAMA-FIRST,NailingBeamHL_b50_r1_m9_lay9,Plannerinputs/generated/problemNailingBeamHL_b50_r1_m9_lay9.pddl,True,2920.14,3029.68,11,0,
1216,2026-07-01 15:38:56.938,LAMA-FIRST,StackHL_b59_lp10_r1_pr2_lay10_m10,Plannerinputs/generated/problemStackHL_b59_lp10_r1_pr2_lay10_m10.pddl,True,4094.20,4143.38,2,0,
1217,2026-07-01 15:39:01.584,FF,PickUpHL_b65_fp87_r1,Plannerinputs/generated/problemPickUpHL_b65_fp87_r1.pddl,True,266.32,329.74,2,0,
1218,2026-07-01 15:39:01.942,FF,PickUpHL_b71_fp95_r1,Plannerinputs/generated/problemPickUpHL_b71_fp95_r1.pddl,True,263.20,343.64,2,0,
1219,2026-07-01 15:39:02.408,LAMA-FIRST,NailingBeamHL_b50_r1_m9_lay9,Plannerinputs/generated/problemNailingBeamHL_b50_r1_m9_lay9.pddl,True,2928.40,3014.84,8,0,
1220,2026-07-01 15:39:05.484,LAMA-FIRST,NailingBeamHL_b56_r1_m10_lay10,Plannerinputs/generated/problemNailingBeamHL_b56_r1_m10_lay10.pddl,True,2932.19,3030.93,8,0,
1221,2026-07-01 15:39:09.029,FF,PickUpHL_b71_fp95_r1,Plannerinputs/generated/problemPickUpHL_b71_fp95_r1.pddl,True,268.23,366.10,3,0,
1222,2026-07-01 15:39:09.569,LAMA-FIRST,NailingBeamHL_b50_r1_m9_lay9,Plannerinputs/generated/problemNailingBeamHL_b50_r1_m9_lay9.pddl,True,2945.43,3051.86,11,0,
1223,2026-07-01 15:39:12.680,LAMA-FIRST,NailingBeamHL_b56_r1_m10_lay10,Plannerinputs/generated/problemNailingBeamHL_b56_r1_m10_lay10.pddl,True,2932.47,3044.32,11,0,
1224,2026-07-01 15:39:15.781,FF,StackHL_b65_lp11_r1_pr3_lay11_m11,Plannerinputs/generated/problemStackHL_b65_lp11_r1_pr3_lay11_m11.pddl,True,262.88,333.92,2,0,
1225,2026-07-01 15:39:16.567,FF,PickUpHL_b71_fp95_r1,Plannerinputs/generated/problemPickUpHL_b71_fp95_r1.pddl,True,271.48,349.62,2,0,
1226,2026-07-01 15:39:17.104,LAMA-FIRST,NailingBeamHL_b50_r1_m9_lay9,Plannerinputs/generated/problemNailingBeamHL_b50_r1_m9_lay9.pddl,True,2939.21,3030.62,8,0,
1227,2026-07-01 15:39:20.162,LAMA-FIRST,NailingBeamHL_b56_r1_m10_lay10,Plannerinputs/generated/problemNailingBeamHL_b56_r1_m10_lay10.pddl,True,2940.17,3046.39,8,0,
1228,2026-07-01 15:39:23.236,FF,NailingBeamHL_b62_r1_m11_lay11,Plannerinputs/generated/problemNailingBeamHL_b62_r1_m11_lay11.pddl,True,279.89,402.57,8,0,
1229,2026-07-01 15:39:24.242,LAMA-FIRST,NailingBeamHL_b50_r1_m9_lay9,Plannerinputs/generated/problemNailingBeamHL_b50_r1_m9_lay9.pddl,True,2900.15,3013.38,11,0,
1230,2026-07-01 15:39:27.296,LAMA-FIRST,NailingBeamHL_b56_r1_m10_lay10,Plannerinputs/generated/problemNailingBeamHL_b56_r1_m10_lay10.pddl,True,2948.54,3059.17,11,0,
1231,2026-07-01 15:39:30.376,FF,NailingBeamHL_b62_r1_m11_lay11,Plannerinputs/generated/problemNailingBeamHL_b62_r1_m11_lay11.pddl,True,282.39,421.04,11,0,
1232,2026-07-01 15:39:30.847,FF,StackHL_b71_lp12_r1_pr4_lay12_m12,Plannerinputs/generated/problemStackHL_b71_lp12_r1_pr4_lay12_m12.pddl,True,267.16,333.63,2,0,
1233,2026-07-01 15:39:31.826,LAMA-FIRST,NailingBeamHL_b50_r1_m9_lay9,Plannerinputs/generated/problemNailingBeamHL_b50_r1_m9_lay9.pddl,True,2959.72,3041.85,8,0,
1234,2026-07-01 15:39:34.909,LAMA-FIRST,NailingBeamHL_b56_r1_m10_lay10,Plannerinputs/generated/problemNailingBeamHL_b56_r1_m10_lay10.pddl,True,2923.60,2998.13,8,0,
1235,2026-07-01 15:39:37.946,FF,NailingBeamHL_b62_r1_m11_lay11,Plannerinputs/generated/problemNailingBeamHL_b62_r1_m11_lay11.pddl,True,276.23,366.65,8,0,
1236,2026-07-01 15:39:38.354,FF,NailingBeamHL_b68_r1_m12_lay12,Plannerinputs/generated/problemNailingBeamHL_b68_r1_m12_lay12.pddl,True,277.03,358.71,8,0,
1237,2026-07-01 15:39:40.842,LAMA-FIRST,NailingBeamHL_b56_r1_m10_lay10,Plannerinputs/generated/problemNailingBeamHL_b56_r1_m10_lay10.pddl,True,2873.36,2923.39,2,0,
1238,2026-07-01 15:39:43.814,FF,NailingBeamHL_b62_r1_m11_lay11,Plannerinputs/generated/problemNailingBeamHL_b62_r1_m11_lay11.pddl,True,265.27,318.38,2,0,
1239,2026-07-01 15:39:44.170,FF,NailingBeamHL_b68_r1_m12_lay12,Plannerinputs/generated/problemNailingBeamHL_b68_r1_m12_lay12.pddl,True,264.29,327.35,2,0,
1240,2026-07-01 15:39:44.637,LAMA-FIRST,NailingBeamHL_b52_r1_m9_lay9,Plannerinputs/generated/problemNailingBeamHL_b52_r1_m9_lay9.pddl,True,2892.83,2934.18,1,0,
1241,2026-07-01 15:39:47.852,LAMA-FIRST,NailingBeamHL_b56_r1_m10_lay10,Plannerinputs/generated/problemNailingBeamHL_b56_r1_m10_lay10.pddl,True,2884.88,2932.28,2,0,
1242,2026-07-01 15:39:50.806,FF,NailingBeamHL_b62_r1_m11_lay11,Plannerinputs/generated/problemNailingBeamHL_b62_r1_m11_lay11.pddl,True,279.79,361.56,2,0,
1243,2026-07-01 15:39:51.206,FF,NailingBeamHL_b68_r1_m12_lay12,Plannerinputs/generated/problemNailingBeamHL_b68_r1_m12_lay12.pddl,True,262.16,328.32,2,0,
1244,2026-07-01 15:39:51.724,LAMA-FIRST,NailingBeamHL_b51_r1_m9_lay9,Plannerinputs/generated/problemNailingBeamHL_b51_r1_m9_lay9.pddl,True,3100.58,3150.16,1,0,
1245,2026-07-01 15:39:55.139,LAMA-FIRST,NailingBeamHL_b56_r1_m10_lay10,Plannerinputs/generated/problemNailingBeamHL_b56_r1_m10_lay10.pddl,True,3090.35,3139.92,2,0,
1246,2026-07-01 15:39:58.305,FF,NailingBeamHL_b62_r1_m11_lay11,Plannerinputs/generated/problemNailingBeamHL_b62_r1_m11_lay11.pddl,True,306.24,364.16,2,0,
1247,2026-07-01 15:39:58.718,FF,NailingBeamHL_b68_r1_m12_lay12,Plannerinputs/generated/problemNailingBeamHL_b68_r1_m12_lay12.pddl,True,299.96,376.12,2,0,
1248,2026-07-01 15:39:59.284,LAMA-FIRST,NailingBeamHL_b53_r1_m9_lay9,Plannerinputs/generated/problemNailingBeamHL_b53_r1_m9_lay9.pddl,True,3188.06,3236.57,1,0,
1249,2026-07-01 15:40:02.854,LAMA-FIRST,NailingBeamHL_b56_r1_m10_lay10,Plannerinputs/generated/problemNailingBeamHL_b56_r1_m10_lay10.pddl,True,2878.83,2917.87,2,0,
1250,2026-07-01 15:40:05.793,FF,NailingBeamHL_b62_r1_m11_lay11,Plannerinputs/generated/problemNailingBeamHL_b62_r1_m11_lay11.pddl,True,270.52,350.51,2,0,
1251,2026-07-01 15:40:06.182,FF,NailingBeamHL_b68_r1_m12_lay12,Plannerinputs/generated/problemNailingBeamHL_b68_r1_m12_lay12.pddl,True,259.53,314.30,2,0,
1252,2026-07-01 15:40:06.679,LAMA-FIRST,NailingBeamHL_b49_r1_m9_lay9,Plannerinputs/generated/problemNailingBeamHL_b49_r1_m9_lay9.pddl,True,2915.20,2965.25,1,0,
1253,2026-07-01 15:40:09.949,LAMA-FIRST,NailingBeamHL_b56_r1_m10_lay10,Plannerinputs/generated/problemNailingBeamHL_b56_r1_m10_lay10.pddl,True,2885.96,2936.74,2,0,
1254,2026-07-01 15:40:12.927,FF,NailingBeamHL_b62_r1_m11_lay11,Plannerinputs/generated/problemNailingBeamHL_b62_r1_m11_lay11.pddl,True,268.84,341.22,2,0,
1255,2026-07-01 15:40:13.332,FF,NailingBeamHL_b68_r1_m12_lay12,Plannerinputs/generated/problemNailingBeamHL_b68_r1_m12_lay12.pddl,True,260.68,330.46,2,0,
1256,2026-07-01 15:40:13.854,LAMA-FIRST,NailingBeamHL_b54_r1_m9_lay9,Plannerinputs/generated/problemNailingBeamHL_b54_r1_m9_lay9.pddl,True,2857.34,2911.76,1,0,
1257,2026-07-01 15:40:17.065,LAMA-FIRST,NailingBeamHL_b56_r1_m10_lay10,Plannerinputs/generated/problemNailingBeamHL_b56_r1_m10_lay10.pddl,True,2869.79,2912.31,2,0,
1258,2026-07-01 15:40:20.033,FF,NailingBeamHL_b62_r1_m11_lay11,Plannerinputs/generated/problemNailingBeamHL_b62_r1_m11_lay11.pddl,True,269.74,363.20,2,0,
1259,2026-07-01 15:40:20.446,FF,NailingBeamHL_b68_r1_m12_lay12,Plannerinputs/generated/problemNailingBeamHL_b68_r1_m12_lay12.pddl,True,259.49,324.26,2,0,
1260,2026-07-01 15:40:21.025,LAMA-FIRST,GluingBeamHL_b49_r1_m9_lay9,Plannerinputs/generated/problemGluingBeamHL_b49_r1_m9_lay9.pddl,True,2906.69,2974.87,8,0,
1261,2026-07-01 15:40:24.502,FF,NailingBeamHL_b62_r1_m11_lay11,Plannerinputs/generated/problemNailingBeamHL_b62_r1_m11_lay11.pddl,True,258.62,324.79,2,0,
1262,2026-07-01 15:40:24.869,FF,NailingBeamHL_b68_r1_m12_lay12,Plannerinputs/generated/problemNailingBeamHL_b68_r1_m12_lay12.pddl,True,280.46,357.60,2,0,
1263,2026-07-01 15:40:25.388,LAMA-FIRST,GluingBeamHL_b49_r1_m9_lay9,Plannerinputs/generated/problemGluingBeamHL_b49_r1_m9_lay9.pddl,True,2888.76,2977.24,9,0,
1264,2026-07-01 15:40:28.394,LAMA-FIRST,NailingBeamHL_b58_r1_m10_lay10,Plannerinputs/generated/problemNailingBeamHL_b58_r1_m10_lay10.pddl,True,2852.73,2892.61,1,0,
1265,2026-07-01 15:40:31.551,FF,NailingBeamHL_b62_r1_m11_lay11,Plannerinputs/generated/problemNailingBeamHL_b62_r1_m11_lay11.pddl,True,259.68,345.96,2,0,
1266,2026-07-01 15:40:31.912,FF,NailingBeamHL_b68_r1_m12_lay12,Plannerinputs/generated/problemNailingBeamHL_b68_r1_m12_lay12.pddl,True,255.05,327.97,2,0,
1267,2026-07-01 15:40:32.410,LAMA-FIRST,GluingBeamHL_b49_r1_m9_lay9,Plannerinputs/generated/problemGluingBeamHL_b49_r1_m9_lay9.pddl,True,2877.24,3005.07,9,0,
1268,2026-07-01 15:40:35.466,LAMA-FIRST,NailingBeamHL_b57_r1_m10_lay10,Plannerinputs/generated/problemNailingBeamHL_b57_r1_m10_lay10.pddl,True,2840.04,2882.13,1,0,
1269,2026-07-01 15:40:38.630,FF,NailingBeamHL_b62_r1_m11_lay11,Plannerinputs/generated/problemNailingBeamHL_b62_r1_m11_lay11.pddl,True,267.25,344.19,2,0,
1270,2026-07-01 15:40:39.045,FF,NailingBeamHL_b68_r1_m12_lay12,Plannerinputs/generated/problemNailingBeamHL_b68_r1_m12_lay12.pddl,True,256.51,327.46,2,0,
1271,2026-07-01 15:40:39.545,LAMA-FIRST,GluingBeamHL_b49_r1_m9_lay9,Plannerinputs/generated/problemGluingBeamHL_b49_r1_m9_lay9.pddl,True,2899.27,2995.60,9,0,
1272,2026-07-01 15:40:42.589,LAMA-FIRST,NailingBeamHL_b59_r1_m10_lay10,Plannerinputs/generated/problemNailingBeamHL_b59_r1_m10_lay10.pddl,True,2863.00,2899.40,1,0,
1273,2026-07-01 15:40:45.767,FF,NailingBeamHL_b62_r1_m11_lay11,Plannerinputs/generated/problemNailingBeamHL_b62_r1_m11_lay11.pddl,True,252.18,331.65,2,0,
1274,2026-07-01 15:40:46.137,FF,NailingBeamHL_b68_r1_m12_lay12,Plannerinputs/generated/problemNailingBeamHL_b68_r1_m12_lay12.pddl,True,258.57,335.24,2,0,
1275,2026-07-01 15:40:46.639,LAMA-FIRST,GluingBeamHL_b49_r1_m9_lay9,Plannerinputs/generated/problemGluingBeamHL_b49_r1_m9_lay9.pddl,True,2878.39,2961.79,9,0,
1276,2026-07-01 15:40:49.647,LAMA-FIRST,NailingBeamHL_b55_r1_m10_lay10,Plannerinputs/generated/problemNailingBeamHL_b55_r1_m10_lay10.pddl,True,2874.84,2922.50,1,0,
1277,2026-07-01 15:40:52.836,FF,NailingBeamHL_b62_r1_m11_lay11,Plannerinputs/generated/problemNailingBeamHL_b62_r1_m11_lay11.pddl,True,252.56,317.51,2,0,
1278,2026-07-01 15:40:53.196,FF,NailingBeamHL_b68_r1_m12_lay12,Plannerinputs/generated/problemNailingBeamHL_b68_r1_m12_lay12.pddl,True,253.85,314.65,2,0,
1279,2026-07-01 15:40:53.683,LAMA-FIRST,GluingBeamHL_b49_r1_m9_lay9,Plannerinputs/generated/problemGluingBeamHL_b49_r1_m9_lay9.pddl,True,2859.69,2947.44,9,0,
1280,2026-07-01 15:40:56.675,LAMA-FIRST,NailingBeamHL_b60_r1_m10_lay10,Plannerinputs/generated/problemNailingBeamHL_b60_r1_m10_lay10.pddl,True,2834.37,2883.33,1,0,
1281,2026-07-01 15:40:59.852,FF,NailingBeamHL_b62_r1_m11_lay11,Plannerinputs/generated/problemNailingBeamHL_b62_r1_m11_lay11.pddl,True,252.37,319.50,2,0,
1282,2026-07-01 15:41:00.225,FF,NailingBeamHL_b68_r1_m12_lay12,Plannerinputs/generated/problemNailingBeamHL_b68_r1_m12_lay12.pddl,True,261.47,324.85,2,0,
1283,2026-07-01 15:41:00.736,LAMA-FIRST,GluingBeamHL_b49_r1_m9_lay9,Plannerinputs/generated/problemGluingBeamHL_b49_r1_m9_lay9.pddl,True,2870.78,2976.04,9,0,
1284,2026-07-01 15:41:03.742,LAMA-FIRST,GluingBeamHL_b55_r1_m10_lay10,Plannerinputs/generated/problemGluingBeamHL_b55_r1_m10_lay10.pddl,True,2861.84,2951.34,8,0,
1285,2026-07-01 15:41:07.239,FF,NailingBeamHL_b68_r1_m12_lay12,Plannerinputs/generated/problemNailingBeamHL_b68_r1_m12_lay12.pddl,True,258.07,321.98,2,0,
1286,2026-07-01 15:41:07.746,LAMA-FIRST,GluingBeamHL_b49_r1_m9_lay9,Plannerinputs/generated/problemGluingBeamHL_b49_r1_m9_lay9.pddl,True,2900.78,2982.32,9,0,
1287,2026-07-01 15:41:10.747,LAMA-FIRST,GluingBeamHL_b55_r1_m10_lay10,Plannerinputs/generated/problemGluingBeamHL_b55_r1_m10_lay10.pddl,True,2885.31,2970.77,9,0,
1288,2026-07-01 15:41:13.771,FF,NailingBeamHL_b64_r1_m11_lay11,Plannerinputs/generated/problemNailingBeamHL_b64_r1_m11_lay11.pddl,True,250.38,305.19,1,0,
1289,2026-07-01 15:41:14.337,FF,NailingBeamHL_b68_r1_m12_lay12,Plannerinputs/generated/problemNailingBeamHL_b68_r1_m12_lay12.pddl,True,256.53,351.01,2,0,
1290,2026-07-01 15:41:14.866,LAMA-FIRST,GluingBeamHL_b49_r1_m9_lay9,Plannerinputs/generated/problemGluingBeamHL_b49_r1_m9_lay9.pddl,True,3120.09,3190.29,9,0,
1291,2026-07-01 15:41:18.090,LAMA-FIRST,GluingBeamHL_b55_r1_m10_lay10,Plannerinputs/generated/problemGluingBeamHL_b55_r1_m10_lay10.pddl,True,3142.07,3232.32,9,0,
1292,2026-07-01 15:41:21.386,FF,NailingBeamHL_b63_r1_m11_lay11,Plannerinputs/generated/problemNailingBeamHL_b63_r1_m11_lay11.pddl,True,273.25,337.00,1,0,
1293,2026-07-01 15:41:21.995,FF,NailingBeamHL_b68_r1_m12_lay12,Plannerinputs/generated/problemNailingBeamHL_b68_r1_m12_lay12.pddl,True,247.98,309.79,2,0,
1294,2026-07-01 15:41:22.535,LAMA-FIRST,GluingBeamHL_b49_r1_m9_lay9,Plannerinputs/generated/problemGluingBeamHL_b49_r1_m9_lay9.pddl,True,2851.63,2957.97,9,0,
1295,2026-07-01 15:41:25.512,LAMA-FIRST,GluingBeamHL_b55_r1_m10_lay10,Plannerinputs/generated/problemGluingBeamHL_b55_r1_m10_lay10.pddl,True,2835.62,2922.72,9,0,
1296,2026-07-01 15:41:28.489,FF,NailingBeamHL_b65_r1_m11_lay11,Plannerinputs/generated/problemNailingBeamHL_b65_r1_m11_lay11.pddl,True,248.74,304.84,1,0,
1297,2026-07-01 15:41:29.141,FF,NailingBeamHL_b68_r1_m12_lay12,Plannerinputs/generated/problemNailingBeamHL_b68_r1_m12_lay12.pddl,True,247.65,317.54,2,0,
1298,2026-07-01 15:41:29.607,LAMA-FIRST,GluingBeamHL_b49_r1_m9_lay9,Plannerinputs/generated/problemGluingBeamHL_b49_r1_m9_lay9.pddl,True,2874.69,2976.20,9,0,
1299,2026-07-01 15:41:32.606,LAMA-FIRST,GluingBeamHL_b55_r1_m10_lay10,Plannerinputs/generated/problemGluingBeamHL_b55_r1_m10_lay10.pddl,True,2869.83,2943.73,9,0,
1300,2026-07-01 15:41:35.605,FF,NailingBeamHL_b61_r1_m11_lay11,Plannerinputs/generated/problemNailingBeamHL_b61_r1_m11_lay11.pddl,True,246.26,303.44,1,0,
1301,2026-07-01 15:41:36.198,FF,NailingBeamHL_b68_r1_m12_lay12,Plannerinputs/generated/problemNailingBeamHL_b68_r1_m12_lay12.pddl,True,251.61,324.69,2,0,
1302,2026-07-01 15:41:36.713,LAMA-FIRST,GluingBeamHL_b49_r1_m9_lay9,Plannerinputs/generated/problemGluingBeamHL_b49_r1_m9_lay9.pddl,True,2852.65,2960.47,9,0,
1303,2026-07-01 15:41:39.699,LAMA-FIRST,GluingBeamHL_b55_r1_m10_lay10,Plannerinputs/generated/problemGluingBeamHL_b55_r1_m10_lay10.pddl,True,2865.88,2953.67,9,0,
1304,2026-07-01 15:41:42.684,FF,NailingBeamHL_b66_r1_m11_lay11,Plannerinputs/generated/problemNailingBeamHL_b66_r1_m11_lay11.pddl,True,256.54,326.56,1,0,
1305,2026-07-01 15:41:43.288,FF,NailingBeamHL_b68_r1_m12_lay12,Plannerinputs/generated/problemNailingBeamHL_b68_r1_m12_lay12.pddl,True,249.59,307.52,2,0,
1306,2026-07-01 15:41:43.751,LAMA-FIRST,GluingBeamHL_b49_r1_m9_lay9,Plannerinputs/generated/problemGluingBeamHL_b49_r1_m9_lay9.pddl,True,2862.62,2944.14,9,0,
1307,2026-07-01 15:41:46.738,LAMA-FIRST,GluingBeamHL_b55_r1_m10_lay10,Plannerinputs/generated/problemGluingBeamHL_b55_r1_m10_lay10.pddl,True,2841.51,2932.70,9,0,
1308,2026-07-01 15:41:49.734,FF,GluingBeamHL_b61_r1_m11_lay11,Plannerinputs/generated/problemGluingBeamHL_b61_r1_m11_lay11.pddl,True,254.25,360.07,8,0,
1309,2026-07-01 15:41:50.726,LAMA-FIRST,GluingBeamHL_b49_r1_m9_lay9,Plannerinputs/generated/problemGluingBeamHL_b49_r1_m9_lay9.pddl,True,2846.30,2980.20,9,0,
1310,2026-07-01 15:41:53.747,LAMA-FIRST,GluingBeamHL_b55_r1_m10_lay10,Plannerinputs/generated/problemGluingBeamHL_b55_r1_m10_lay10.pddl,True,2828.26,2911.91,9,0,
1311,2026-07-01 15:41:56.709,FF,GluingBeamHL_b61_r1_m11_lay11,Plannerinputs/generated/problemGluingBeamHL_b61_r1_m11_lay11.pddl,True,247.39,355.84,8,0,
1312,2026-07-01 15:41:57.106,FF,NailingBeamHL_b70_r1_m12_lay12,Plannerinputs/generated/problemNailingBeamHL_b70_r1_m12_lay12.pddl,True,247.47,316.40,1,0,
1313,2026-07-01 15:41:57.814,LAMA-FIRST,GluingBeamHL_b49_r1_m9_lay9,Plannerinputs/generated/problemGluingBeamHL_b49_r1_m9_lay9.pddl,True,2823.05,2907.10,9,0,
1314,2026-07-01 15:42:00.737,LAMA-FIRST,GluingBeamHL_b55_r1_m10_lay10,Plannerinputs/generated/problemGluingBeamHL_b55_r1_m10_lay10.pddl,True,2827.38,2911.13,9,0,
1315,2026-07-01 15:42:03.695,FF,GluingBeamHL_b61_r1_m11_lay11,Plannerinputs/generated/problemGluingBeamHL_b61_r1_m11_lay11.pddl,True,252.24,361.38,8,0,
1316,2026-07-01 15:42:04.124,FF,NailingBeamHL_b69_r1_m12_lay12,Plannerinputs/generated/problemNailingBeamHL_b69_r1_m12_lay12.pddl,True,275.15,327.47,1,0,
1317,2026-07-01 15:42:04.846,LAMA-FIRST,GluingBeamHL_b49_r1_m9_lay9,Plannerinputs/generated/problemGluingBeamHL_b49_r1_m9_lay9.pddl,True,2810.43,2889.34,9,0,
1318,2026-07-01 15:42:07.759,LAMA-FIRST,GluingBeamHL_b55_r1_m10_lay10,Plannerinputs/generated/problemGluingBeamHL_b55_r1_m10_lay10.pddl,True,2831.25,2900.63,9,0,
1319,2026-07-01 15:42:10.674,FF,GluingBeamHL_b61_r1_m11_lay11,Plannerinputs/generated/problemGluingBeamHL_b61_r1_m11_lay11.pddl,True,271.50,347.82,8,0,
1320,2026-07-01 15:42:11.090,FF,NailingBeamHL_b71_r1_m12_lay12,Plannerinputs/generated/problemNailingBeamHL_b71_r1_m12_lay12.pddl,True,246.95,290.74,1,0,
1321,2026-07-01 15:42:11.734,LAMA-FIRST,GluingBeamHL_b49_r1_m9_lay9,Plannerinputs/generated/problemGluingBeamHL_b49_r1_m9_lay9.pddl,True,2847.26,2960.07,9,0,
1322,2026-07-01 15:42:14.735,LAMA-FIRST,GluingBeamHL_b55_r1_m10_lay10,Plannerinputs/generated/problemGluingBeamHL_b55_r1_m10_lay10.pddl,True,2831.42,2898.56,9,0,
1323,2026-07-01 15:42:17.675,FF,GluingBeamHL_b61_r1_m11_lay11,Plannerinputs/generated/problemGluingBeamHL_b61_r1_m11_lay11.pddl,True,248.20,334.76,8,0,
1324,2026-07-01 15:42:18.062,FF,NailingBeamHL_b67_r1_m12_lay12,Plannerinputs/generated/problemNailingBeamHL_b67_r1_m12_lay12.pddl,True,247.60,299.84,1,0,
1325,2026-07-01 15:42:18.725,LAMA-FIRST,GluingBeamHL_b49_r1_m9_lay9,Plannerinputs/generated/problemGluingBeamHL_b49_r1_m9_lay9.pddl,True,2856.65,2935.82,9,0,
1326,2026-07-01 15:42:21.696,LAMA-FIRST,GluingBeamHL_b55_r1_m10_lay10,Plannerinputs/generated/problemGluingBeamHL_b55_r1_m10_lay10.pddl,True,2816.00,2886.08,9,0,
1327,2026-07-01 15:42:24.615,FF,GluingBeamHL_b61_r1_m11_lay11,Plannerinputs/generated/problemGluingBeamHL_b61_r1_m11_lay11.pddl,True,249.60,367.29,8,0,
1328,2026-07-01 15:42:25.036,FF,NailingBeamHL_b72_r1_m12_lay12,Plannerinputs/generated/problemNailingBeamHL_b72_r1_m12_lay12.pddl,True,251.10,306.54,1,0,
1329,2026-07-01 15:42:25.780,LAMA-FIRST,GluingBeamHL_b49_r1_m9_lay9,Plannerinputs/generated/problemGluingBeamHL_b49_r1_m9_lay9.pddl,True,2813.09,2909.40,9,0,
1330,2026-07-01 15:42:28.729,LAMA-FIRST,GluingBeamHL_b55_r1_m10_lay10,Plannerinputs/generated/problemGluingBeamHL_b55_r1_m10_lay10.pddl,True,2830.70,2918.12,9,0,
1331,2026-07-01 15:42:31.686,FF,GluingBeamHL_b61_r1_m11_lay11,Plannerinputs/generated/problemGluingBeamHL_b61_r1_m11_lay11.pddl,True,246.96,361.91,8,0,
1332,2026-07-01 15:42:32.113,FF,GluingBeamHL_b67_r1_m12_lay12,Plannerinputs/generated/problemGluingBeamHL_b67_r1_m12_lay12.pddl,True,242.27,320.92,8,0,
1333,2026-07-01 15:42:34.541,FF,GluingBeamHL_b67_r1_m12_lay12,Plannerinputs/generated/problemGluingBeamHL_b67_r1_m12_lay12.pddl,True,266.92,337.36,2,0,
1334,2026-07-01 15:42:35.066,LAMA-FIRST,GluingBeamHL_b49_r1_m9_lay9,Plannerinputs/generated/problemGluingBeamHL_b49_r1_m9_lay9.pddl,True,2781.61,2839.34,2,0,
1335,2026-07-01 15:42:37.956,LAMA-FIRST,GluingBeamHL_b55_r1_m10_lay10,Plannerinputs/generated/problemGluingBeamHL_b55_r1_m10_lay10.pddl,True,2789.82,2837.47,2,0,
1336,2026-07-01 15:42:40.839,FF,GluingBeamHL_b62_r1_m11_lay11,Plannerinputs/generated/problemGluingBeamHL_b62_r1_m11_lay11.pddl,True,249.20,314.68,1,0,
1337,2026-07-01 15:42:41.434,FF,GluingBeamHL_b67_r1_m12_lay12,Plannerinputs/generated/problemGluingBeamHL_b67_r1_m12_lay12.pddl,True,241.90,309.17,2,0,
1338,2026-07-01 15:42:41.915,LAMA-FIRST,GluingBeamHL_b49_r1_m9_lay9,Plannerinputs/generated/problemGluingBeamHL_b49_r1_m9_lay9.pddl,True,2805.50,2855.57,2,0,
1339,2026-07-01 15:42:44.798,LAMA-FIRST,GluingBeamHL_b55_r1_m10_lay10,Plannerinputs/generated/problemGluingBeamHL_b55_r1_m10_lay10.pddl,True,2784.33,2829.13,2,0,
1340,2026-07-01 15:42:47.730,FF,GluingBeamHL_b65_r1_m11_lay11,Plannerinputs/generated/problemGluingBeamHL_b65_r1_m11_lay11.pddl,True,247.52,324.28,1,0,
1341,2026-07-01 15:42:48.335,FF,GluingBeamHL_b67_r1_m12_lay12,Plannerinputs/generated/problemGluingBeamHL_b67_r1_m12_lay12.pddl,True,240.82,305.03,2,0,
1342,2026-07-01 15:42:48.806,LAMA-FIRST,GluingBeamHL_b49_r1_m9_lay9,Plannerinputs/generated/problemGluingBeamHL_b49_r1_m9_lay9.pddl,True,2803.42,2848.36,2,0,
1343,2026-07-01 15:42:51.703,LAMA-FIRST,GluingBeamHL_b55_r1_m10_lay10,Plannerinputs/generated/problemGluingBeamHL_b55_r1_m10_lay10.pddl,True,2796.37,2844.42,2,0,
1344,2026-07-01 15:42:54.598,FF,GluingBeamHL_b66_r1_m11_lay11,Plannerinputs/generated/problemGluingBeamHL_b66_r1_m11_lay11.pddl,True,243.45,315.69,1,0,
1345,2026-07-01 15:42:55.214,FF,GluingBeamHL_b67_r1_m12_lay12,Plannerinputs/generated/problemGluingBeamHL_b67_r1_m12_lay12.pddl,True,249.93,309.45,2,0,
1346,2026-07-01 15:42:55.704,LAMA-FIRST,GluingBeamHL_b49_r1_m9_lay9,Plannerinputs/generated/problemGluingBeamHL_b49_r1_m9_lay9.pddl,True,2806.22,2851.76,2,0,
1347,2026-07-01 15:42:58.593,LAMA-FIRST,GluingBeamHL_b55_r1_m10_lay10,Plannerinputs/generated/problemGluingBeamHL_b55_r1_m10_lay10.pddl,True,2799.97,2844.34,2,0,
1348,2026-07-01 15:43:01.488,FF,GluingBeamHL_b64_r1_m11_lay11,Plannerinputs/generated/problemGluingBeamHL_b64_r1_m11_lay11.pddl,True,247.02,309.29,1,0,
1349,2026-07-01 15:43:02.048,FF,GluingBeamHL_b67_r1_m12_lay12,Plannerinputs/generated/problemGluingBeamHL_b67_r1_m12_lay12.pddl,True,243.03,305.39,2,0,
1350,2026-07-01 15:43:02.513,LAMA-FIRST,GluingBeamHL_b49_r1_m9_lay9,Plannerinputs/generated/problemGluingBeamHL_b49_r1_m9_lay9.pddl,True,2801.75,2855.41,2,0,
1351,2026-07-01 15:43:05.420,LAMA-FIRST,GluingBeamHL_b55_r1_m10_lay10,Plannerinputs/generated/problemGluingBeamHL_b55_r1_m10_lay10.pddl,True,2802.21,2852.52,2,0,
1352,2026-07-01 15:43:08.338,FF,GluingBeamHL_b63_r1_m11_lay11,Plannerinputs/generated/problemGluingBeamHL_b63_r1_m11_lay11.pddl,True,248.39,300.90,1,0,
1353,2026-07-01 15:43:08.887,FF,GluingBeamHL_b67_r1_m12_lay12,Plannerinputs/generated/problemGluingBeamHL_b67_r1_m12_lay12.pddl,True,249.31,303.49,2,0,
1354,2026-07-01 15:43:09.335,LAMA-FIRST,GluingBeamHL_b49_r1_m9_lay9,Plannerinputs/generated/problemGluingBeamHL_b49_r1_m9_lay9.pddl,True,2813.65,2863.21,2,0,
1355,2026-07-01 15:43:12.251,LAMA-FIRST,GluingBeamHL_b55_r1_m10_lay10,Plannerinputs/generated/problemGluingBeamHL_b55_r1_m10_lay10.pddl,True,2797.38,2851.53,2,0,
1356,2026-07-01 15:43:15.178,FF,PickUpHL_tp11_fp85_r1,Plannerinputs/generated/problemPickUpHL_tp11_fp85_r1.pddl,True,245.15,358.64,9,0,
1357,2026-07-01 15:43:16.129,LAMA-FIRST,GluingBeamHL_b49_r1_m9_lay9,Plannerinputs/generated/problemGluingBeamHL_b49_r1_m9_lay9.pddl,True,2791.03,2848.58,2,0,
1358,2026-07-01 15:43:19.022,LAMA-FIRST,GluingBeamHL_b55_r1_m10_lay10,Plannerinputs/generated/problemGluingBeamHL_b55_r1_m10_lay10.pddl,True,2819.29,2866.90,2,0,
1359,2026-07-01 15:43:21.939,FF,PickUpHL_tp11_fp85_r1,Plannerinputs/generated/problemPickUpHL_tp11_fp85_r1.pddl,True,258.10,378.98,9,0,
1360,2026-07-01 15:43:22.386,FF,GluingBeamHL_b68_r1_m12_lay12,Plannerinputs/generated/problemGluingBeamHL_b68_r1_m12_lay12.pddl,True,242.50,341.90,1,0,
1361,2026-07-01 15:43:23.157,LAMA-FIRST,GluingBeamHL_b49_r1_m9_lay9,Plannerinputs/generated/problemGluingBeamHL_b49_r1_m9_lay9.pddl,True,2783.73,2845.10,2,0,
1362,2026-07-01 15:43:26.041,LAMA-FIRST,GluingBeamHL_b55_r1_m10_lay10,Plannerinputs/generated/problemGluingBeamHL_b55_r1_m10_lay10.pddl,True,2781.66,2832.64,2,0,
1363,2026-07-01 15:43:28.904,FF,PickUpHL_tp11_fp85_r1,Plannerinputs/generated/problemPickUpHL_tp11_fp85_r1.pddl,True,255.70,345.92,9,0,
1364,2026-07-01 15:43:29.312,FF,GluingBeamHL_b71_r1_m12_lay12,Plannerinputs/generated/problemGluingBeamHL_b71_r1_m12_lay12.pddl,True,241.84,292.84,1,0,
1365,2026-07-01 15:43:29.969,LAMA-FIRST,GluingBeamHL_b49_r1_m9_lay9,Plannerinputs/generated/problemGluingBeamHL_b49_r1_m9_lay9.pddl,True,2817.68,2869.62,2,0,
1366,2026-07-01 15:43:32.885,LAMA-FIRST,GluingBeamHL_b55_r1_m10_lay10,Plannerinputs/generated/problemGluingBeamHL_b55_r1_m10_lay10.pddl,True,2795.14,2884.94,2,0,
1367,2026-07-01 15:43:35.838,FF,PickUpHL_tp11_fp85_r1,Plannerinputs/generated/problemPickUpHL_tp11_fp85_r1.pddl,True,244.05,353.32,9,0,
1368,2026-07-01 15:43:36.272,FF,GluingBeamHL_b72_r1_m12_lay12,Plannerinputs/generated/problemGluingBeamHL_b72_r1_m12_lay12.pddl,True,257.17,323.28,1,0,
1369,2026-07-01 15:43:37.046,LAMA-FIRST,GluingBeamHL_b49_r1_m9_lay9,Plannerinputs/generated/problemGluingBeamHL_b49_r1_m9_lay9.pddl,True,2799.28,2856.62,2,0,
1370,2026-07-01 15:43:39.951,LAMA-FIRST,GluingBeamHL_b55_r1_m10_lay10,Plannerinputs/generated/problemGluingBeamHL_b55_r1_m10_lay10.pddl,True,2802.49,2845.65,2,0,
1371,2026-07-01 15:43:42.851,FF,PickUpHL_tp11_fp85_r1,Plannerinputs/generated/problemPickUpHL_tp11_fp85_r1.pddl,True,248.36,369.30,9,0,
1372,2026-07-01 15:43:43.284,FF,GluingBeamHL_b70_r1_m12_lay12,Plannerinputs/generated/problemGluingBeamHL_b70_r1_m12_lay12.pddl,True,251.83,309.24,1,0,
1373,2026-07-01 15:43:44.052,LAMA-FIRST,GluingBeamHL_b49_r1_m9_lay9,Plannerinputs/generated/problemGluingBeamHL_b49_r1_m9_lay9.pddl,True,2802.56,2848.08,2,0,
1374,2026-07-01 15:43:46.959,LAMA-FIRST,GluingBeamHL_b55_r1_m10_lay10,Plannerinputs/generated/problemGluingBeamHL_b55_r1_m10_lay10.pddl,True,2792.98,2842.42,2,0,
1375,2026-07-01 15:43:49.849,FF,PickUpHL_tp11_fp85_r1,Plannerinputs/generated/problemPickUpHL_tp11_fp85_r1.pddl,True,257.19,353.58,9,0,
1376,2026-07-01 15:43:50.258,FF,GluingBeamHL_b69_r1_m12_lay12,Plannerinputs/generated/problemGluingBeamHL_b69_r1_m12_lay12.pddl,True,243.04,298.25,1,0,
1377,2026-07-01 15:43:50.964,LAMA-FIRST,GluingBeamHL_b49_r1_m9_lay9,Plannerinputs/generated/problemGluingBeamHL_b49_r1_m9_lay9.pddl,True,2799.45,2844.71,2,0,
1378,2026-07-01 15:43:53.863,LAMA-FIRST,GluingBeamHL_b55_r1_m10_lay10,Plannerinputs/generated/problemGluingBeamHL_b55_r1_m10_lay10.pddl,True,2783.19,2831.35,2,0,
1379,2026-07-01 15:43:56.725,FF,PickUpHL_tp11_fp85_r1,Plannerinputs/generated/problemPickUpHL_tp11_fp85_r1.pddl,True,239.38,355.52,9,0,
1380,2026-07-01 15:43:57.140,FF,PickUpHL_tp12_fp93_r1,Plannerinputs/generated/problemPickUpHL_tp12_fp93_r1.pddl,True,246.16,335.33,8,0,
1381,2026-07-01 15:43:58.184,LAMA-FIRST,GluingBeamHL_b55_r1_m10_lay10,Plannerinputs/generated/problemGluingBeamHL_b55_r1_m10_lay10.pddl,True,2775.96,2830.39,2,0,
1382,2026-07-01 15:44:01.056,FF,PickUpHL_tp11_fp85_r1,Plannerinputs/generated/problemPickUpHL_tp11_fp85_r1.pddl,True,256.91,366.75,9,0,
1383,2026-07-01 15:44:01.479,FF,PickUpHL_tp12_fp93_r1,Plannerinputs/generated/problemPickUpHL_tp12_fp93_r1.pddl,True,243.39,336.01,8,0,
1384,2026-07-01 15:44:01.986,LAMA-FIRST,GluingBeamHL_b50_r1_m9_lay9,Plannerinputs/generated/problemGluingBeamHL_b50_r1_m9_lay9.pddl,True,2775.40,2829.37,1,0,
1385,2026-07-01 15:44:05.093,LAMA-FIRST,GluingBeamHL_b55_r1_m10_lay10,Plannerinputs/generated/problemGluingBeamHL_b55_r1_m10_lay10.pddl,True,2777.89,2875.99,2,0,
1386,2026-07-01 15:44:08.003,FF,PickUpHL_tp11_fp85_r1,Plannerinputs/generated/problemPickUpHL_tp11_fp85_r1.pddl,True,247.86,361.02,9,0,
1387,2026-07-01 15:44:08.420,FF,PickUpHL_tp12_fp93_r1,Plannerinputs/generated/problemPickUpHL_tp12_fp93_r1.pddl,True,250.24,348.39,8,0,
1388,2026-07-01 15:44:08.960,LAMA-FIRST,GluingBeamHL_b53_r1_m9_lay9,Plannerinputs/generated/problemGluingBeamHL_b53_r1_m9_lay9.pddl,True,2821.80,2862.75,1,0,
1389,2026-07-01 15:44:12.098,LAMA-FIRST,GluingBeamHL_b55_r1_m10_lay10,Plannerinputs/generated/problemGluingBeamHL_b55_r1_m10_lay10.pddl,True,2853.91,2888.89,2,0,
1390,2026-07-01 15:44:15.031,FF,PickUpHL_tp11_fp85_r1,Plannerinputs/generated/problemPickUpHL_tp11_fp85_r1.pddl,True,243.80,366.12,9,0,
1391,2026-07-01 15:44:15.448,FF,PickUpHL_tp12_fp93_r1,Plannerinputs/generated/problemPickUpHL_tp12_fp93_r1.pddl,True,246.58,327.76,8,0,
1392,2026-07-01 15:44:15.986,LAMA-FIRST,GluingBeamHL_b54_r1_m9_lay9,Plannerinputs/generated/problemGluingBeamHL_b54_r1_m9_lay9.pddl,True,2784.70,2827.00,1,0,
1393,2026-07-01 15:44:19.118,LAMA-FIRST,GluingBeamHL_b55_r1_m10_lay10,Plannerinputs/generated/problemGluingBeamHL_b55_r1_m10_lay10.pddl,True,2795.74,2846.32,2,0,
1394,2026-07-01 15:44:22.019,FF,PickUpHL_tp11_fp85_r1,Plannerinputs/generated/problemPickUpHL_tp11_fp85_r1.pddl,True,242.85,384.47,9,0,
1395,2026-07-01 15:44:22.452,FF,PickUpHL_tp12_fp93_r1,Plannerinputs/generated/problemPickUpHL_tp12_fp93_r1.pddl,True,250.73,346.89,8,0,
1396,2026-07-01 15:44:22.974,LAMA-FIRST,GluingBeamHL_b52_r1_m9_lay9,Plannerinputs/generated/problemGluingBeamHL_b52_r1_m9_lay9.pddl,True,2806.68,2844.66,1,0,
1397,2026-07-01 15:44:26.057,LAMA-FIRST,GluingBeamHL_b55_r1_m10_lay10,Plannerinputs/generated/problemGluingBeamHL_b55_r1_m10_lay10.pddl,True,2789.36,2843.09,2,0,
1398,2026-07-01 15:44:28.963,FF,PickUpHL_tp11_fp85_r1,Plannerinputs/generated/problemPickUpHL_tp11_fp85_r1.pddl,True,246.19,374.62,9,0,
1399,2026-07-01 15:44:29.379,FF,PickUpHL_tp12_fp93_r1,Plannerinputs/generated/problemPickUpHL_tp12_fp93_r1.pddl,True,252.75,371.08,8,0,
1400,2026-07-01 15:44:29.901,LAMA-FIRST,GluingBeamHL_b51_r1_m9_lay9,Plannerinputs/generated/problemGluingBeamHL_b51_r1_m9_lay9.pddl,True,2791.22,2832.93,1,0,
1401,2026-07-01 15:44:33.061,LAMA-FIRST,GluingBeamHL_b55_r1_m10_lay10,Plannerinputs/generated/problemGluingBeamHL_b55_r1_m10_lay10.pddl,True,2793.72,2849.21,2,0,
1402,2026-07-01 15:44:35.945,FF,PickUpHL_tp11_fp85_r1,Plannerinputs/generated/problemPickUpHL_tp11_fp85_r1.pddl,True,246.37,347.93,9,0,
1403,2026-07-01 15:44:36.328,FF,PickUpHL_tp12_fp93_r1,Plannerinputs/generated/problemPickUpHL_tp12_fp93_r1.pddl,True,242.28,344.48,8,0,
1404,2026-07-01 15:44:36.860,LAMA-FIRST,PickUpHL_tp9_fp69_r1,Plannerinputs/generated/problemPickUpHL_tp9_fp69_r1.pddl,True,2859.20,2944.89,9,0,
1405,2026-07-01 15:44:40.279,FF,PickUpHL_tp11_fp85_r1,Plannerinputs/generated/problemPickUpHL_tp11_fp85_r1.pddl,True,309.57,404.98,9,0,
1406,2026-07-01 15:44:40.729,FF,PickUpHL_tp12_fp93_r1,Plannerinputs/generated/problemPickUpHL_tp12_fp93_r1.pddl,True,240.93,332.16,8,0,
1407,2026-07-01 15:44:41.226,LAMA-FIRST,PickUpHL_tp9_fp69_r1,Plannerinputs/generated/problemPickUpHL_tp9_fp69_r1.pddl,True,2835.63,2932.06,9,0,
1408,2026-07-01 15:44:44.208,LAMA-FIRST,GluingBeamHL_b56_r1_m10_lay10,Plannerinputs/generated/problemGluingBeamHL_b56_r1_m10_lay10.pddl,True,2804.84,2857.38,1,0,
1409,2026-07-01 15:44:47.384,FF,PickUpHL_tp11_fp85_r1,Plannerinputs/generated/problemPickUpHL_tp11_fp85_r1.pddl,True,246.84,350.59,9,0,
1410,2026-07-01 15:44:47.779,FF,PickUpHL_tp12_fp93_r1,Plannerinputs/generated/problemPickUpHL_tp12_fp93_r1.pddl,True,245.58,337.45,8,0,
1411,2026-07-01 15:44:48.274,LAMA-FIRST,PickUpHL_tp9_fp69_r1,Plannerinputs/generated/problemPickUpHL_tp9_fp69_r1.pddl,True,2826.51,2928.09,9,0,
1412,2026-07-01 15:44:51.257,LAMA-FIRST,GluingBeamHL_b59_r1_m10_lay10,Plannerinputs/generated/problemGluingBeamHL_b59_r1_m10_lay10.pddl,True,3023.71,3066.78,1,0,
1413,2026-07-01 15:44:54.588,FF,PickUpHL_tp11_fp85_r1,Plannerinputs/generated/problemPickUpHL_tp11_fp85_r1.pddl,True,284.41,391.31,9,0,
1414,2026-07-01 15:44:55.015,FF,PickUpHL_tp12_fp93_r1,Plannerinputs/generated/problemPickUpHL_tp12_fp93_r1.pddl,True,241.14,354.01,8,0,
1415,2026-07-01 15:44:55.526,LAMA-FIRST,PickUpHL_tp9_fp69_r1,Plannerinputs/generated/problemPickUpHL_tp9_fp69_r1.pddl,True,2829.32,2925.79,9,0,
1416,2026-07-01 15:44:58.520,LAMA-FIRST,GluingBeamHL_b60_r1_m10_lay10,Plannerinputs/generated/problemGluingBeamHL_b60_r1_m10_lay10.pddl,True,2822.94,2865.81,1,0,
1417,2026-07-01 15:45:01.720,FF,PickUpHL_tp11_fp85_r1,Plannerinputs/generated/problemPickUpHL_tp11_fp85_r1.pddl,True,244.17,377.24,9,0,
1418,2026-07-01 15:45:02.131,FF,PickUpHL_tp12_fp93_r1,Plannerinputs/generated/problemPickUpHL_tp12_fp93_r1.pddl,True,244.42,374.86,8,0,
1419,2026-07-01 15:45:02.681,LAMA-FIRST,PickUpHL_tp9_fp69_r1,Plannerinputs/generated/problemPickUpHL_tp9_fp69_r1.pddl,True,2828.05,2893.18,9,0,
1420,2026-07-01 15:45:05.625,LAMA-FIRST,GluingBeamHL_b58_r1_m10_lay10,Plannerinputs/generated/problemGluingBeamHL_b58_r1_m10_lay10.pddl,True,2797.32,2840.96,1,0,
1421,2026-07-01 15:45:08.798,FF,PickUpHL_tp11_fp85_r1,Plannerinputs/generated/problemPickUpHL_tp11_fp85_r1.pddl,True,244.89,350.36,9,0,
1422,2026-07-01 15:45:09.196,FF,PickUpHL_tp12_fp93_r1,Plannerinputs/generated/problemPickUpHL_tp12_fp93_r1.pddl,True,246.76,332.93,8,0,
1423,2026-07-01 15:45:09.683,LAMA-FIRST,PickUpHL_tp9_fp69_r1,Plannerinputs/generated/problemPickUpHL_tp9_fp69_r1.pddl,True,2888.32,2980.07,9,0,
1424,2026-07-01 15:45:12.755,LAMA-FIRST,GluingBeamHL_b57_r1_m10_lay10,Plannerinputs/generated/problemGluingBeamHL_b57_r1_m10_lay10.pddl,True,2822.73,2869.68,1,0,
1425,2026-07-01 15:45:15.977,FF,PickUpHL_tp11_fp85_r1,Plannerinputs/generated/problemPickUpHL_tp11_fp85_r1.pddl,True,242.44,347.87,9,0,
1426,2026-07-01 15:45:16.363,FF,PickUpHL_tp12_fp93_r1,Plannerinputs/generated/problemPickUpHL_tp12_fp93_r1.pddl,True,244.74,364.39,8,0,
1427,2026-07-01 15:45:16.887,LAMA-FIRST,PickUpHL_tp9_fp69_r1,Plannerinputs/generated/problemPickUpHL_tp9_fp69_r1.pddl,True,2883.77,2983.28,9,0,
1428,2026-07-01 15:45:19.928,LAMA-FIRST,PickUpHL_tp10_fp77_r1,Plannerinputs/generated/problemPickUpHL_tp10_fp77_r1.pddl,True,2854.75,2951.86,9,0,
1429,2026-07-01 15:45:24.982,LAMA-FIRST,PickUpHL_tp9_fp69_r1,Plannerinputs/generated/problemPickUpHL_tp9_fp69_r1.pddl,True,2821.01,2890.36,3,0,
1430,2026-07-01 15:45:27.926,LAMA-FIRST,PickUpHL_tp10_fp77_r1,Plannerinputs/generated/problemPickUpHL_tp10_fp77_r1.pddl,True,2847.02,2911.92,3,0,
1431,2026-07-01 15:45:30.888,FF,PickUpHL_tp11_fp85_r1,Plannerinputs/generated/problemPickUpHL_tp11_fp85_r1.pddl,True,245.80,330.49,3,0,
1432,2026-07-01 15:45:31.295,FF,StackOnMultipleHL_tp12_r1_pr4_m12_lay12,Plannerinputs/generated/problemStackOnMultipleHL_tp12_r1_pr4_m12_lay12.pddl,True,252.85,318.49,2,0,
1433,2026-07-01 15:45:32.335,LAMA-FIRST,PickUpHL_tp9_fp69_r1,Plannerinputs/generated/problemPickUpHL_tp9_fp69_r1.pddl,True,2750.41,2810.43,2,0,
1434,2026-07-01 15:45:35.195,LAMA-FIRST,PickUpHL_tp10_fp77_r1,Plannerinputs/generated/problemPickUpHL_tp10_fp77_r1.pddl,True,2761.75,2806.61,2,0,
1435,2026-07-01 15:45:38.044,FF,PickUpHL_tp11_fp85_r1,Plannerinputs/generated/problemPickUpHL_tp11_fp85_r1.pddl,True,242.02,310.71,2,0,
1436,2026-07-01 15:45:38.432,FF,NailingHL_tp12_r1,Plannerinputs/generated/problemNailingHL_tp12_r1.pddl,True,245.78,360.62,8,0,
1437,2026-07-01 15:45:39.538,LAMA-FIRST,PickUpHL_tp10_fp77_r1,Plannerinputs/generated/problemPickUpHL_tp10_fp77_r1.pddl,True,2766.22,2827.20,3,0,
1438,2026-07-01 15:45:42.419,FF,PickUpHL_tp11_fp85_r1,Plannerinputs/generated/problemPickUpHL_tp11_fp85_r1.pddl,True,239.19,327.98,3,0,
1439,2026-07-01 15:45:42.815,FF,NailingHL_tp12_r1,Plannerinputs/generated/problemNailingHL_tp12_r1.pddl,True,252.88,373.62,11,0,
1440,2026-07-01 15:45:43.353,LAMA-FIRST,StackOnMultipleHL_tp9_r1_pr1_m9_lay9,Plannerinputs/generated/problemStackOnMultipleHL_tp9_r1_pr1_m9_lay9.pddl,True,2738.18,2803.39,2,0,
1441,2026-07-01 15:45:46.716,LAMA-FIRST,PickUpHL_tp10_fp77_r1,Plannerinputs/generated/problemPickUpHL_tp10_fp77_r1.pddl,True,2927.08,2969.20,2,0,
1442,2026-07-01 15:45:49.726,FF,PickUpHL_tp11_fp85_r1,Plannerinputs/generated/problemPickUpHL_tp11_fp85_r1.pddl,True,280.20,360.48,2,0,
1443,2026-07-01 15:45:50.140,FF,NailingHL_tp12_r1,Plannerinputs/generated/problemNailingHL_tp12_r1.pddl,True,304.58,389.21,8,0,
1444,2026-07-01 15:45:50.746,LAMA-FIRST,NailingHL_tp9_r1,Plannerinputs/generated/problemNailingHL_tp9_r1.pddl,True,2731.82,2811.92,8,0,
1445,2026-07-01 15:45:54.137,FF,PickUpHL_tp11_fp85_r1,Plannerinputs/generated/problemPickUpHL_tp11_fp85_r1.pddl,True,245.91,313.80,3,0,
1446,2026-07-01 15:45:54.492,FF,NailingHL_tp12_r1,Plannerinputs/generated/problemNailingHL_tp12_r1.pddl,True,246.33,382.58,11,0,
1447,2026-07-01 15:45:55.024,LAMA-FIRST,NailingHL_tp9_r1,Plannerinputs/generated/problemNailingHL_tp9_r1.pddl,True,2670.73,2775.96,11,0,
1448,2026-07-01 15:45:57.859,LAMA-FIRST,StackOnMultipleHL_tp10_r1_pr2_m10_lay10,Plannerinputs/generated/problemStackOnMultipleHL_tp10_r1_pr2_m10_lay10.pddl,True,2685.59,2740.68,2,0,
1449,2026-07-01 15:46:01.138,FF,PickUpHL_tp11_fp85_r1,Plannerinputs/generated/problemPickUpHL_tp11_fp85_r1.pddl,True,243.92,320.00,2,0,
1450,2026-07-01 15:46:01.524,FF,NailingHL_tp12_r1,Plannerinputs/generated/problemNailingHL_tp12_r1.pddl,True,249.29,360.64,8,0,
1451,2026-07-01 15:46:02.070,LAMA-FIRST,NailingHL_tp9_r1,Plannerinputs/generated/problemNailingHL_tp9_r1.pddl,True,2537.82,2605.94,8,0,
1452,2026-07-01 15:46:04.735,LAMA-FIRST,NailingHL_tp10_r1,Plannerinputs/generated/problemNailingHL_tp10_r1.pddl,True,2530.58,2633.14,8,0,
1453,2026-07-01 15:46:07.888,FF,NailingHL_tp12_r1,Plannerinputs/generated/problemNailingHL_tp12_r1.pddl,True,247.51,361.68,11,0,
1454,2026-07-01 15:46:08.410,LAMA-FIRST,NailingHL_tp9_r1,Plannerinputs/generated/problemNailingHL_tp9_r1.pddl,True,2539.32,2658.77,11,0,
1455,2026-07-01 15:46:11.114,LAMA-FIRST,NailingHL_tp10_r1,Plannerinputs/generated/problemNailingHL_tp10_r1.pddl,True,2555.45,2649.75,11,0,
1456,2026-07-01 15:46:13.815,FF,StackOnMultipleHL_tp11_r1_pr3_m11_lay11,Plannerinputs/generated/problemStackOnMultipleHL_tp11_r1_pr3_m11_lay11.pddl,True,249.45,333.28,2,0,
1457,2026-07-01 15:46:14.694,FF,NailingHL_tp12_r1,Plannerinputs/generated/problemNailingHL_tp12_r1.pddl,True,255.11,373.10,8,0,
1458,2026-07-01 15:46:15.237,LAMA-FIRST,NailingHL_tp9_r1,Plannerinputs/generated/problemNailingHL_tp9_r1.pddl,True,2454.29,2545.84,8,0,
1459,2026-07-01 15:46:17.848,LAMA-FIRST,NailingHL_tp10_r1,Plannerinputs/generated/problemNailingHL_tp10_r1.pddl,True,2471.96,2579.34,8,0,
1460,2026-07-01 15:46:20.476,FF,NailingHL_tp11_r1,Plannerinputs/generated/problemNailingHL_tp11_r1.pddl,True,243.16,358.58,8,0,
1461,2026-07-01 15:46:22.894,LAMA-FIRST,NailingHL_tp9_r1,Plannerinputs/generated/problemNailingHL_tp9_r1.pddl,True,2521.90,2570.79,2,0,
1462,2026-07-01 15:46:25.525,LAMA-FIRST,NailingHL_tp10_r1,Plannerinputs/generated/problemNailingHL_tp10_r1.pddl,True,2509.01,2563.47,2,0,
1463,2026-07-01 15:46:28.147,FF,NailingHL_tp11_r1,Plannerinputs/generated/problemNailingHL_tp11_r1.pddl,True,264.58,325.10,2,0,
1464,2026-07-01 15:46:28.570,FF,MoveCassetteToStackHL_tp12_lp12_pr4_sp12_r1_m12_lay12,Plannerinputs/generated/problemMoveCassetteToStackHL_tp12_lp12_pr4_sp12_r1_m12_lay12.pddl,True,243.89,368.65,10,0,
1465,2026-07-01 15:46:29.610,LAMA-FIRST,NailingHL_tp10_r1,Plannerinputs/generated/problemNailingHL_tp10_r1.pddl,True,2683.51,2736.12,2,0,
1466,2026-07-01 15:46:32.411,FF,NailingHL_tp11_r1,Plannerinputs/generated/problemNailingHL_tp11_r1.pddl,True,244.65,302.77,2,0,
1467,2026-07-01 15:46:32.758,FF,MoveCassetteToStackHL_tp12_lp12_pr4_sp12_r1_m12_lay12,Plannerinputs/generated/problemMoveCassetteToStackHL_tp12_lp12_pr4_sp12_r1_m12_lay12.pddl,True,245.71,357.74,10,0,
1468,2026-07-01 15:46:33.317,LAMA-FIRST,MoveCassetteToStackHL_tp9_lp9_pr1_sp9_r1_m9_lay9,Plannerinputs/generated/problemMoveCassetteToStackHL_tp9_lp9_pr1_sp9_r1_m9_lay9.pddl,True,2712.40,2816.82,10,0,
1469,2026-07-01 15:46:36.717,FF,NailingHL_tp11_r1,Plannerinputs/generated/problemNailingHL_tp11_r1.pddl,True,247.58,310.28,2,0,
1470,2026-07-01 15:46:37.087,FF,MoveCassetteToStackHL_tp12_lp12_pr4_sp12_r1_m12_lay12,Plannerinputs/generated/problemMoveCassetteToStackHL_tp12_lp12_pr4_sp12_r1_m12_lay12.pddl,True,247.82,360.72,10,0,
1471,2026-07-01 15:46:37.624,LAMA-FIRST,MoveCassetteToStackHL_tp9_lp9_pr1_sp9_r1_m9_lay9,Plannerinputs/generated/problemMoveCassetteToStackHL_tp9_lp9_pr1_sp9_r1_m9_lay9.pddl,True,2830.45,2945.27,11,0,
1472,2026-07-01 15:46:40.625,LAMA-FIRST,MoveCassetteToStackHL_tp10_lp10_pr2_sp10_r1_m10_lay10,Plannerinputs/generated/problemMoveCassetteToStackHL_tp10_lp10_pr2_sp10_r1_m10_lay10.pddl,True,2843.52,2927.54,10,0,
1473,2026-07-01 15:46:44.120,FF,MoveCassetteToStackHL_tp12_lp12_pr4_sp12_r1_m12_lay12,Plannerinputs/generated/problemMoveCassetteToStackHL_tp12_lp12_pr4_sp12_r1_m12_lay12.pddl,True,256.09,388.58,10,0,
1474,2026-07-01 15:46:44.692,LAMA-FIRST,MoveCassetteToStackHL_tp9_lp9_pr1_sp9_r1_m9_lay9,Plannerinputs/generated/problemMoveCassetteToStackHL_tp9_lp9_pr1_sp9_r1_m9_lay9.pddl,True,2943.55,3041.41,11,0,
1475,2026-07-01 15:46:47.775,LAMA-FIRST,MoveCassetteToStackHL_tp10_lp10_pr2_sp10_r1_m10_lay10,Plannerinputs/generated/problemMoveCassetteToStackHL_tp10_lp10_pr2_sp10_r1_m10_lay10.pddl,True,2920.03,3016.75,11,0,
1476,2026-07-01 15:46:50.855,FF,MoveCassetteToStackHL_tp11_lp11_pr3_sp11_r1_m11_lay11,Plannerinputs/generated/problemMoveCassetteToStackHL_tp11_lp11_pr3_sp11_r1_m11_lay11.pddl,True,280.22,423.49,10,0,
1477,2026-07-01 15:46:53.826,LAMA-FIRST,MoveCassetteToStackHL_tp9_lp9_pr1_sp9_r1_m9_lay9,Plannerinputs/generated/problemMoveCassetteToStackHL_tp9_lp9_pr1_sp9_r1_m9_lay9.pddl,True,2881.30,2950.01,4,0,
1478,2026-07-01 15:46:56.823,LAMA-FIRST,MoveCassetteToStackHL_tp10_lp10_pr2_sp10_r1_m10_lay10,Plannerinputs/generated/problemMoveCassetteToStackHL_tp10_lp10_pr2_sp10_r1_m10_lay10.pddl,True,2918.96,2986.59,4,0,
1479,2026-07-01 15:46:59.849,FF,MoveCassetteToStackHL_tp11_lp11_pr3_sp11_r1_m11_lay11,Plannerinputs/generated/problemMoveCassetteToStackHL_tp11_lp11_pr3_sp11_r1_m11_lay11.pddl,True,248.73,347.51,4,0,
1480,2026-07-01 15:47:01.267,LAMA-FIRST,MoveCassetteToStackHL_tp10_lp10_pr2_sp10_r1_m10_lay10,Plannerinputs/generated/problemMoveCassetteToStackHL_tp10_lp10_pr2_sp10_r1_m10_lay10.pddl,True,2932.45,2992.83,4,0,
1481,2026-07-01 15:47:04.305,FF,MoveCassetteToStackHL_tp11_lp11_pr3_sp11_r1_m11_lay11,Plannerinputs/generated/problemMoveCassetteToStackHL_tp11_lp11_pr3_sp11_r1_m11_lay11.pddl,True,248.70,319.61,4,0,
1482,2026-07-01 15:47:05.733,FF,MoveCassetteToStackHL_tp11_lp11_pr3_sp11_r1_m11_lay11,Plannerinputs/generated/problemMoveCassetteToStackHL_tp11_lp11_pr3_sp11_r1_m11_lay11.pddl,True,241.36,323.33,4,0,
