CallNumber,Timestamp,PlannerName,HLActionInstance,ProblemFile,Success,PlannerTimeMs,TotalTimeMs,ActionsGenerated,PlanLength,Error
1,2026-07-01 14:05:11.352,ENHSP,cassette1,./Plannerinputs/static/problemC1.pddl,True,1309.60,1510.14,31,0,
2,2026-07-01 14:05:12.865,ENHSP,cassette2,./Plannerinputs/static/problemC2.pddl,True,1317.86,1446.01,31,0,
3,2026-07-01 14:05:14.312,ENHSP,cassette3,./Plannerinputs/static/problemC3.pddl,True,1306.22,1427.06,31,0,
4,2026-07-01 14:05:15.739,ENHSP,cassette4,./Plannerinputs/static/problemC4.pddl,True,1312.72,1404.35,31,0,
5,2026-07-01 14:05:17.230,FF,PickUpHL_lp1_fp1_r1,Plannerinputs/generated/problemPickUpHL_lp1_fp1_r1.pddl,True,286.16,347.61,5,0,
6,2026-07-01 14:05:17.655,FF,PickUpHL_lp2_fp9_r1,Plannerinputs/generated/problemPickUpHL_lp2_fp9_r1.pddl,True,288.83,354.61,5,0,
7,2026-07-01 14:05:18.084,FF,PickUpHL_lp3_fp17_r1,Plannerinputs/generated/problemPickUpHL_lp3_fp17_r1.pddl,True,294.95,412.40,5,0,
8,2026-07-01 14:05:18.566,FF,PickUpHL_lp4_fp25_r1,Plannerinputs/generated/problemPickUpHL_lp4_fp25_r1.pddl,True,292.92,355.03,5,0,
9,2026-07-01 14:05:19.894,FF,PickUpHL_lp2_fp9_r1,Plannerinputs/generated/problemPickUpHL_lp2_fp9_r1.pddl,True,312.18,366.23,3,0,
10,2026-07-01 14:05:20.301,FF,PickUpHL_lp3_fp17_r1,Plannerinputs/generated/problemPickUpHL_lp3_fp17_r1.pddl,True,315.40,372.52,3,0,
11,2026-07-01 14:05:20.724,FF,PickUpHL_lp4_fp25_r1,Plannerinputs/generated/problemPickUpHL_lp4_fp25_r1.pddl,True,292.55,342.96,3,0,
12,2026-07-01 14:05:21.250,FF,PlaceHL_lp1_pr1_r1,Plannerinputs/generated/problemPlaceHL_lp1_pr1_r1.pddl,True,289.52,344.53,2,0,
13,2026-07-01 14:05:21.938,FF,PickUpHL_lp2_fp9_r1,Plannerinputs/generated/problemPickUpHL_lp2_fp9_r1.pddl,True,294.14,353.75,2,0,
14,2026-07-01 14:05:22.329,FF,PickUpHL_lp3_fp17_r1,Plannerinputs/generated/problemPickUpHL_lp3_fp17_r1.pddl,True,282.25,342.38,2,0,
15,2026-07-01 14:05:22.709,FF,PickUpHL_lp4_fp25_r1,Plannerinputs/generated/problemPickUpHL_lp4_fp25_r1.pddl,True,293.78,345.06,2,0,
16,2026-07-01 14:05:23.237,FF,GluingPlateHL_lp1_pr1_r1,Plannerinputs/generated/problemGluingPlateHL_lp1_pr1_r1.pddl,True,299.90,376.33,8,0,
17,2026-07-01 14:05:23.943,FF,PickUpHL_lp3_fp17_r1,Plannerinputs/generated/problemPickUpHL_lp3_fp17_r1.pddl,True,284.13,347.92,3,0,
18,2026-07-01 14:05:24.312,FF,PickUpHL_lp4_fp25_r1,Plannerinputs/generated/problemPickUpHL_lp4_fp25_r1.pddl,True,290.93,377.41,3,0,
19,2026-07-01 14:05:24.824,FF,GluingPlateHL_lp1_pr1_r1,Plannerinputs/generated/problemGluingPlateHL_lp1_pr1_r1.pddl,True,318.43,441.62,11,0,
20,2026-07-01 14:05:25.325,FF,PlaceHL_lp2_pr2_r1,Plannerinputs/generated/problemPlaceHL_lp2_pr2_r1.pddl,True,284.10,339.11,2,0,
21,2026-07-01 14:05:25.995,FF,PickUpHL_lp3_fp17_r1,Plannerinputs/generated/problemPickUpHL_lp3_fp17_r1.pddl,True,288.09,335.82,2,0,
22,2026-07-01 14:05:26.367,FF,PickUpHL_lp4_fp25_r1,Plannerinputs/generated/problemPickUpHL_lp4_fp25_r1.pddl,True,284.24,332.96,2,0,
23,2026-07-01 14:05:26.835,FF,GluingPlateHL_lp1_pr1_r1,Plannerinputs/generated/problemGluingPlateHL_lp1_pr1_r1.pddl,True,304.22,369.94,8,0,
24,2026-07-01 14:05:27.274,FF,GluingPlateHL_lp2_pr2_r1,Plannerinputs/generated/problemGluingPlateHL_lp2_pr2_r1.pddl,True,299.83,367.01,8,0,
25,2026-07-01 14:05:28.001,FF,PickUpHL_lp4_fp25_r1,Plannerinputs/generated/problemPickUpHL_lp4_fp25_r1.pddl,True,291.30,337.90,3,0,
26,2026-07-01 14:05:28.483,FF,GluingPlateHL_lp1_pr1_r1,Plannerinputs/generated/problemGluingPlateHL_lp1_pr1_r1.pddl,True,323.65,399.06,11,0,
27,2026-07-01 14:05:28.920,FF,GluingPlateHL_lp2_pr2_r1,Plannerinputs/generated/problemGluingPlateHL_lp2_pr2_r1.pddl,True,331.18,489.88,11,0,
28,2026-07-01 14:05:29.485,FF,PlaceHL_lp3_pr3_r1,Plannerinputs/generated/problemPlaceHL_lp3_pr3_r1.pddl,True,288.80,334.85,2,0,
29,2026-07-01 14:05:30.161,FF,PickUpHL_lp4_fp25_r1,Plannerinputs/generated/problemPickUpHL_lp4_fp25_r1.pddl,True,286.66,336.27,2,0,
30,2026-07-01 14:05:30.709,FF,GluingPlateHL_lp1_pr1_r1,Plannerinputs/generated/problemGluingPlateHL_lp1_pr1_r1.pddl,True,310.79,378.69,8,0,
31,2026-07-01 14:05:31.124,FF,GluingPlateHL_lp2_pr2_r1,Plannerinputs/generated/problemGluingPlateHL_lp2_pr2_r1.pddl,True,302.35,363.90,8,0,
32,2026-07-01 14:05:31.556,FF,GluingPlateHL_lp3_pr3_r1,Plannerinputs/generated/problemGluingPlateHL_lp3_pr3_r1.pddl,True,299.25,369.33,8,0,
33,2026-07-01 14:05:32.367,FF,GluingPlateHL_lp1_pr1_r1,Plannerinputs/generated/problemGluingPlateHL_lp1_pr1_r1.pddl,True,329.13,407.61,11,0,
34,2026-07-01 14:05:32.813,FF,GluingPlateHL_lp2_pr2_r1,Plannerinputs/generated/problemGluingPlateHL_lp2_pr2_r1.pddl,True,316.90,396.84,11,0,
35,2026-07-01 14:05:33.246,FF,GluingPlateHL_lp3_pr3_r1,Plannerinputs/generated/problemGluingPlateHL_lp3_pr3_r1.pddl,True,325.34,398.48,11,0,
36,2026-07-01 14:05:33.695,FF,PlaceHL_lp4_pr4_r1,Plannerinputs/generated/problemPlaceHL_lp4_pr4_r1.pddl,True,285.63,338.59,2,0,
37,2026-07-01 14:05:34.486,FF,GluingPlateHL_lp1_pr1_r1,Plannerinputs/generated/problemGluingPlateHL_lp1_pr1_r1.pddl,True,300.39,364.88,8,0,
38,2026-07-01 14:05:34.888,FF,GluingPlateHL_lp2_pr2_r1,Plannerinputs/generated/problemGluingPlateHL_lp2_pr2_r1.pddl,True,299.97,369.54,8,0,
39,2026-07-01 14:05:35.282,FF,GluingPlateHL_lp3_pr3_r1,Plannerinputs/generated/problemGluingPlateHL_lp3_pr3_r1.pddl,True,311.59,366.74,8,0,
40,2026-07-01 14:05:35.722,FF,GluingPlateHL_lp4_pr4_r1,Plannerinputs/generated/problemGluingPlateHL_lp4_pr4_r1.pddl,True,295.07,357.45,8,0,
41,2026-07-01 14:05:37.398,FF,GluingPlateHL_lp2_pr2_r1,Plannerinputs/generated/problemGluingPlateHL_lp2_pr2_r1.pddl,True,287.54,331.80,2,0,
42,2026-07-01 14:05:37.767,FF,GluingPlateHL_lp3_pr3_r1,Plannerinputs/generated/problemGluingPlateHL_lp3_pr3_r1.pddl,True,286.80,334.41,2,0,
43,2026-07-01 14:05:38.137,FF,GluingPlateHL_lp4_pr4_r1,Plannerinputs/generated/problemGluingPlateHL_lp4_pr4_r1.pddl,True,288.49,334.55,2,0,
44,2026-07-01 14:05:38.639,FF,PickUpHL_b1_fp2_r1,Plannerinputs/generated/problemPickUpHL_b1_fp2_r1.pddl,True,312.70,376.04,9,0,
45,2026-07-01 14:05:39.359,FF,GluingPlateHL_lp3_pr3_r1,Plannerinputs/generated/problemGluingPlateHL_lp3_pr3_r1.pddl,True,290.31,334.54,2,0,
46,2026-07-01 14:05:39.711,FF,GluingPlateHL_lp4_pr4_r1,Plannerinputs/generated/problemGluingPlateHL_lp4_pr4_r1.pddl,True,307.58,349.33,2,0,
47,2026-07-01 14:05:40.220,FF,PickUpHL_b1_fp2_r1,Plannerinputs/generated/problemPickUpHL_b1_fp2_r1.pddl,True,299.02,362.91,9,0,
48,2026-07-01 14:05:40.637,FF,PickUpHL_b7_fp10_r1,Plannerinputs/generated/problemPickUpHL_b7_fp10_r1.pddl,True,302.25,367.03,9,0,
49,2026-07-01 14:05:41.329,FF,GluingPlateHL_lp4_pr4_r1,Plannerinputs/generated/problemGluingPlateHL_lp4_pr4_r1.pddl,True,283.05,327.72,2,0,
50,2026-07-01 14:05:41.779,FF,PickUpHL_b1_fp2_r1,Plannerinputs/generated/problemPickUpHL_b1_fp2_r1.pddl,True,295.88,366.94,9,0,
51,2026-07-01 14:05:42.184,FF,PickUpHL_b7_fp10_r1,Plannerinputs/generated/problemPickUpHL_b7_fp10_r1.pddl,True,311.15,366.40,9,0,
52,2026-07-01 14:05:42.623,FF,PickUpHL_b13_fp18_r1,Plannerinputs/generated/problemPickUpHL_b13_fp18_r1.pddl,True,298.43,368.40,9,0,
53,2026-07-01 14:05:43.456,FF,PickUpHL_b1_fp2_r1,Plannerinputs/generated/problemPickUpHL_b1_fp2_r1.pddl,True,295.98,378.37,9,0,
54,2026-07-01 14:05:43.867,FF,PickUpHL_b7_fp10_r1,Plannerinputs/generated/problemPickUpHL_b7_fp10_r1.pddl,True,295.37,356.25,9,0,
55,2026-07-01 14:05:44.260,FF,PickUpHL_b13_fp18_r1,Plannerinputs/generated/problemPickUpHL_b13_fp18_r1.pddl,True,305.41,365.84,9,0,
56,2026-07-01 14:05:44.696,FF,PickUpHL_b19_fp26_r1,Plannerinputs/generated/problemPickUpHL_b19_fp26_r1.pddl,True,296.72,365.47,9,0,
57,2026-07-01 14:05:46.525,FF,PickUpHL_b7_fp10_r1,Plannerinputs/generated/problemPickUpHL_b7_fp10_r1.pddl,True,283.33,337.42,3,0,
58,2026-07-01 14:05:46.899,FF,PickUpHL_b13_fp18_r1,Plannerinputs/generated/problemPickUpHL_b13_fp18_r1.pddl,True,285.04,341.81,3,0,
59,2026-07-01 14:05:47.263,FF,PickUpHL_b19_fp26_r1,Plannerinputs/generated/problemPickUpHL_b19_fp26_r1.pddl,True,275.55,324.94,3,0,
60,2026-07-01 14:05:47.760,FF,StackHL_b1_lp1_r1_pr1_lay1_m1,Plannerinputs/generated/problemStackHL_b1_lp1_r1_pr1_lay1_m1.pddl,True,268.03,316.78,2,0,
61,2026-07-01 14:05:48.440,FF,PickUpHL_b7_fp10_r1,Plannerinputs/generated/problemPickUpHL_b7_fp10_r1.pddl,True,282.08,334.00,2,0,
62,2026-07-01 14:05:48.808,FF,PickUpHL_b13_fp18_r1,Plannerinputs/generated/problemPickUpHL_b13_fp18_r1.pddl,True,285.19,340.18,2,0,
63,2026-07-01 14:05:49.184,FF,PickUpHL_b19_fp26_r1,Plannerinputs/generated/problemPickUpHL_b19_fp26_r1.pddl,True,278.83,335.71,2,0,
64,2026-07-01 14:05:49.675,FF,PickUpHL_b2_fp3_r1,Plannerinputs/generated/problemPickUpHL_b2_fp3_r1.pddl,True,278.08,330.64,2,0,
65,2026-07-01 14:05:50.342,FF,PickUpHL_b13_fp18_r1,Plannerinputs/generated/problemPickUpHL_b13_fp18_r1.pddl,True,278.69,333.54,3,0,
66,2026-07-01 14:05:50.712,FF,PickUpHL_b19_fp26_r1,Plannerinputs/generated/problemPickUpHL_b19_fp26_r1.pddl,True,279.12,330.70,3,0,
67,2026-07-01 14:05:51.182,FF,PickUpHL_b2_fp3_r1,Plannerinputs/generated/problemPickUpHL_b2_fp3_r1.pddl,True,287.85,345.73,3,0,
68,2026-07-01 14:05:51.601,FF,StackHL_b7_lp2_r1_pr2_lay2_m2,Plannerinputs/generated/problemStackHL_b7_lp2_r1_pr2_lay2_m2.pddl,True,287.68,338.62,2,0,
69,2026-07-01 14:05:52.288,FF,PickUpHL_b13_fp18_r1,Plannerinputs/generated/problemPickUpHL_b13_fp18_r1.pddl,True,271.58,362.62,2,0,
70,2026-07-01 14:05:52.682,FF,PickUpHL_b19_fp26_r1,Plannerinputs/generated/problemPickUpHL_b19_fp26_r1.pddl,True,294.58,348.21,2,0,
71,2026-07-01 14:05:53.188,FF,PickUpHL_b2_fp3_r1,Plannerinputs/generated/problemPickUpHL_b2_fp3_r1.pddl,True,283.03,336.92,2,0,
72,2026-07-01 14:05:53.595,FF,PickUpHL_b8_fp11_r1,Plannerinputs/generated/problemPickUpHL_b8_fp11_r1.pddl,True,296.59,357.03,2,0,
73,2026-07-01 14:05:54.282,FF,PickUpHL_b19_fp26_r1,Plannerinputs/generated/problemPickUpHL_b19_fp26_r1.pddl,True,282.00,340.23,3,0,
74,2026-07-01 14:05:54.763,FF,PickUpHL_b2_fp3_r1,Plannerinputs/generated/problemPickUpHL_b2_fp3_r1.pddl,True,283.81,333.19,3,0,
75,2026-07-01 14:05:55.129,FF,PickUpHL_b8_fp11_r1,Plannerinputs/generated/problemPickUpHL_b8_fp11_r1.pddl,True,288.50,341.15,3,0,
76,2026-07-01 14:05:55.542,FF,StackHL_b13_lp3_r1_pr3_lay3_m3,Plannerinputs/generated/problemStackHL_b13_lp3_r1_pr3_lay3_m3.pddl,True,280.33,344.86,2,0,
77,2026-07-01 14:05:56.213,FF,PickUpHL_b19_fp26_r1,Plannerinputs/generated/problemPickUpHL_b19_fp26_r1.pddl,True,276.76,333.40,2,0,
78,2026-07-01 14:05:56.687,FF,PickUpHL_b2_fp3_r1,Plannerinputs/generated/problemPickUpHL_b2_fp3_r1.pddl,True,282.33,333.59,2,0,
79,2026-07-01 14:05:57.034,FF,PickUpHL_b8_fp11_r1,Plannerinputs/generated/problemPickUpHL_b8_fp11_r1.pddl,True,284.27,340.29,2,0,
80,2026-07-01 14:05:57.444,FF,PickUpHL_b14_fp19_r1,Plannerinputs/generated/problemPickUpHL_b14_fp19_r1.pddl,True,282.19,325.58,2,0,
81,2026-07-01 14:05:58.216,FF,PickUpHL_b2_fp3_r1,Plannerinputs/generated/problemPickUpHL_b2_fp3_r1.pddl,True,288.92,344.59,3,0,
82,2026-07-01 14:05:58.596,FF,PickUpHL_b8_fp11_r1,Plannerinputs/generated/problemPickUpHL_b8_fp11_r1.pddl,True,281.47,321.62,3,0,
83,2026-07-01 14:05:58.951,FF,PickUpHL_b14_fp19_r1,Plannerinputs/generated/problemPickUpHL_b14_fp19_r1.pddl,True,277.81,340.07,3,0,
84,2026-07-01 14:05:59.359,FF,StackHL_b19_lp4_r1_pr4_lay4_m4,Plannerinputs/generated/problemStackHL_b19_lp4_r1_pr4_lay4_m4.pddl,True,274.09,325.29,2,0,
85,2026-07-01 14:06:00.118,FF,PickUpHL_b2_fp3_r1,Plannerinputs/generated/problemPickUpHL_b2_fp3_r1.pddl,True,288.40,339.99,2,0,
86,2026-07-01 14:06:00.486,FF,PickUpHL_b8_fp11_r1,Plannerinputs/generated/problemPickUpHL_b8_fp11_r1.pddl,True,288.27,329.61,2,0,
87,2026-07-01 14:06:00.852,FF,PickUpHL_b14_fp19_r1,Plannerinputs/generated/problemPickUpHL_b14_fp19_r1.pddl,True,279.15,330.71,2,0,
88,2026-07-01 14:06:01.245,FF,PickUpHL_b20_fp27_r1,Plannerinputs/generated/problemPickUpHL_b20_fp27_r1.pddl,True,280.73,327.36,2,0,
89,2026-07-01 14:06:02.028,FF,PickUpHL_b8_fp11_r1,Plannerinputs/generated/problemPickUpHL_b8_fp11_r1.pddl,True,279.80,340.49,3,0,
90,2026-07-01 14:06:02.387,FF,PickUpHL_b14_fp19_r1,Plannerinputs/generated/problemPickUpHL_b14_fp19_r1.pddl,True,278.42,335.28,3,0,
91,2026-07-01 14:06:02.765,FF,PickUpHL_b20_fp27_r1,Plannerinputs/generated/problemPickUpHL_b20_fp27_r1.pddl,True,280.16,337.94,3,0,
92,2026-07-01 14:06:03.267,FF,StackHL_b2_lp1_r1_pr1_lay1_m1,Plannerinputs/generated/problemStackHL_b2_lp1_r1_pr1_lay1_m1.pddl,True,285.73,342.73,2,0,
93,2026-07-01 14:06:03.916,FF,PickUpHL_b8_fp11_r1,Plannerinputs/generated/problemPickUpHL_b8_fp11_r1.pddl,True,276.23,338.19,2,0,
94,2026-07-01 14:06:04.277,FF,PickUpHL_b14_fp19_r1,Plannerinputs/generated/problemPickUpHL_b14_fp19_r1.pddl,True,280.62,328.94,2,0,
95,2026-07-01 14:06:04.649,FF,PickUpHL_b20_fp27_r1,Plannerinputs/generated/problemPickUpHL_b20_fp27_r1.pddl,True,276.57,331.62,2,0,
96,2026-07-01 14:06:05.147,FF,PickUpHL_b6_fp8_r1,Plannerinputs/generated/problemPickUpHL_b6_fp8_r1.pddl,True,277.11,322.73,2,0,
97,2026-07-01 14:06:05.783,FF,PickUpHL_b14_fp19_r1,Plannerinputs/generated/problemPickUpHL_b14_fp19_r1.pddl,True,283.09,330.74,3,0,
98,2026-07-01 14:06:06.150,FF,PickUpHL_b20_fp27_r1,Plannerinputs/generated/problemPickUpHL_b20_fp27_r1.pddl,True,281.63,331.63,3,0,
99,2026-07-01 14:06:06.640,FF,PickUpHL_b6_fp8_r1,Plannerinputs/generated/problemPickUpHL_b6_fp8_r1.pddl,True,278.30,324.62,3,0,
100,2026-07-01 14:06:07.024,FF,StackHL_b8_lp2_r1_pr2_lay2_m2,Plannerinputs/generated/problemStackHL_b8_lp2_r1_pr2_lay2_m2.pddl,True,292.64,341.43,2,0,
101,2026-07-01 14:06:07.691,FF,PickUpHL_b14_fp19_r1,Plannerinputs/generated/problemPickUpHL_b14_fp19_r1.pddl,True,283.57,362.52,2,0,
102,2026-07-01 14:06:08.086,FF,PickUpHL_b20_fp27_r1,Plannerinputs/generated/problemPickUpHL_b20_fp27_r1.pddl,True,283.93,334.93,2,0,
103,2026-07-01 14:06:08.579,FF,PickUpHL_b6_fp8_r1,Plannerinputs/generated/problemPickUpHL_b6_fp8_r1.pddl,True,284.97,337.25,2,0,
104,2026-07-01 14:06:08.986,FF,PickUpHL_b12_fp16_r1,Plannerinputs/generated/problemPickUpHL_b12_fp16_r1.pddl,True,277.96,334.99,2,0,
105,2026-07-01 14:06:09.639,FF,PickUpHL_b20_fp27_r1,Plannerinputs/generated/problemPickUpHL_b20_fp27_r1.pddl,True,280.29,328.79,3,0,
106,2026-07-01 14:06:10.125,FF,PickUpHL_b6_fp8_r1,Plannerinputs/generated/problemPickUpHL_b6_fp8_r1.pddl,True,281.35,330.32,3,0,
107,2026-07-01 14:06:10.488,FF,PickUpHL_b12_fp16_r1,Plannerinputs/generated/problemPickUpHL_b12_fp16_r1.pddl,True,281.72,336.38,3,0,
108,2026-07-01 14:06:10.895,FF,StackHL_b14_lp3_r1_pr3_lay3_m3,Plannerinputs/generated/problemStackHL_b14_lp3_r1_pr3_lay3_m3.pddl,True,275.14,324.15,2,0,
109,2026-07-01 14:06:11.548,FF,PickUpHL_b20_fp27_r1,Plannerinputs/generated/problemPickUpHL_b20_fp27_r1.pddl,True,281.96,332.08,2,0,
110,2026-07-01 14:06:12.021,FF,PickUpHL_b6_fp8_r1,Plannerinputs/generated/problemPickUpHL_b6_fp8_r1.pddl,True,280.21,323.19,2,0,
111,2026-07-01 14:06:12.380,FF,PickUpHL_b12_fp16_r1,Plannerinputs/generated/problemPickUpHL_b12_fp16_r1.pddl,True,278.31,326.18,2,0,
112,2026-07-01 14:06:12.764,FF,PickUpHL_b18_fp24_r1,Plannerinputs/generated/problemPickUpHL_b18_fp24_r1.pddl,True,278.50,320.29,2,0,
113,2026-07-01 14:06:13.534,FF,PickUpHL_b6_fp8_r1,Plannerinputs/generated/problemPickUpHL_b6_fp8_r1.pddl,True,277.29,349.57,3,0,
114,2026-07-01 14:06:13.919,FF,PickUpHL_b12_fp16_r1,Plannerinputs/generated/problemPickUpHL_b12_fp16_r1.pddl,True,293.35,340.90,3,0,
115,2026-07-01 14:06:14.295,FF,PickUpHL_b18_fp24_r1,Plannerinputs/generated/problemPickUpHL_b18_fp24_r1.pddl,True,296.67,362.76,3,0,
116,2026-07-01 14:06:14.719,FF,StackHL_b20_lp4_r1_pr4_lay4_m4,Plannerinputs/generated/problemStackHL_b20_lp4_r1_pr4_lay4_m4.pddl,True,290.73,348.92,2,0,
117,2026-07-01 14:06:15.523,FF,PickUpHL_b6_fp8_r1,Plannerinputs/generated/problemPickUpHL_b6_fp8_r1.pddl,True,284.04,334.77,2,0,
118,2026-07-01 14:06:15.895,FF,PickUpHL_b12_fp16_r1,Plannerinputs/generated/problemPickUpHL_b12_fp16_r1.pddl,True,267.41,324.97,2,0,
119,2026-07-01 14:06:16.260,FF,PickUpHL_b18_fp24_r1,Plannerinputs/generated/problemPickUpHL_b18_fp24_r1.pddl,True,281.54,349.25,2,0,
120,2026-07-01 14:06:16.643,FF,PickUpHL_b24_fp32_r1,Plannerinputs/generated/problemPickUpHL_b24_fp32_r1.pddl,True,270.01,320.98,2,0,
121,2026-07-01 14:06:17.410,FF,PickUpHL_b12_fp16_r1,Plannerinputs/generated/problemPickUpHL_b12_fp16_r1.pddl,True,288.00,341.41,3,0,
122,2026-07-01 14:06:17.795,FF,PickUpHL_b18_fp24_r1,Plannerinputs/generated/problemPickUpHL_b18_fp24_r1.pddl,True,272.42,330.34,3,0,
123,2026-07-01 14:06:18.161,FF,PickUpHL_b24_fp32_r1,Plannerinputs/generated/problemPickUpHL_b24_fp32_r1.pddl,True,284.17,339.91,3,0,
124,2026-07-01 14:06:18.680,FF,StackHL_b6_lp1_r1_pr1_lay1_m1,Plannerinputs/generated/problemStackHL_b6_lp1_r1_pr1_lay1_m1.pddl,True,270.79,312.29,2,0,
125,2026-07-01 14:06:19.302,FF,PickUpHL_b12_fp16_r1,Plannerinputs/generated/problemPickUpHL_b12_fp16_r1.pddl,True,275.63,315.52,2,0,
126,2026-07-01 14:06:19.651,FF,PickUpHL_b18_fp24_r1,Plannerinputs/generated/problemPickUpHL_b18_fp24_r1.pddl,True,272.70,318.88,2,0,
127,2026-07-01 14:06:19.996,FF,PickUpHL_b24_fp32_r1,Plannerinputs/generated/problemPickUpHL_b24_fp32_r1.pddl,True,285.25,327.11,2,0,
128,2026-07-01 14:06:20.481,FF,PickUpHL_b4_fp6_r1,Plannerinputs/generated/problemPickUpHL_b4_fp6_r1.pddl,True,279.74,334.55,2,0,
129,2026-07-01 14:06:21.138,FF,PickUpHL_b18_fp24_r1,Plannerinputs/generated/problemPickUpHL_b18_fp24_r1.pddl,True,279.02,330.47,3,0,
130,2026-07-01 14:06:21.501,FF,PickUpHL_b24_fp32_r1,Plannerinputs/generated/problemPickUpHL_b24_fp32_r1.pddl,True,278.60,338.40,3,0,
131,2026-07-01 14:06:21.979,FF,PickUpHL_b4_fp6_r1,Plannerinputs/generated/problemPickUpHL_b4_fp6_r1.pddl,True,288.80,338.89,3,0,
132,2026-07-01 14:06:22.405,FF,StackHL_b12_lp2_r1_pr2_lay2_m2,Plannerinputs/generated/problemStackHL_b12_lp2_r1_pr2_lay2_m2.pddl,True,292.20,347.83,2,0,
133,2026-07-01 14:06:23.075,FF,PickUpHL_b18_fp24_r1,Plannerinputs/generated/problemPickUpHL_b18_fp24_r1.pddl,True,322.37,382.56,2,0,
134,2026-07-01 14:06:23.484,FF,PickUpHL_b24_fp32_r1,Plannerinputs/generated/problemPickUpHL_b24_fp32_r1.pddl,True,274.83,327.79,2,0,
135,2026-07-01 14:06:23.962,FF,PickUpHL_b4_fp6_r1,Plannerinputs/generated/problemPickUpHL_b4_fp6_r1.pddl,True,278.18,322.61,2,0,
136,2026-07-01 14:06:24.368,FF,PickUpHL_b10_fp14_r1,Plannerinputs/generated/problemPickUpHL_b10_fp14_r1.pddl,True,279.09,329.45,2,0,
137,2026-07-01 14:06:25.037,FF,PickUpHL_b24_fp32_r1,Plannerinputs/generated/problemPickUpHL_b24_fp32_r1.pddl,True,279.11,334.72,3,0,
138,2026-07-01 14:06:25.511,FF,PickUpHL_b4_fp6_r1,Plannerinputs/generated/problemPickUpHL_b4_fp6_r1.pddl,True,275.45,332.23,3,0,
139,2026-07-01 14:06:25.864,FF,PickUpHL_b10_fp14_r1,Plannerinputs/generated/problemPickUpHL_b10_fp14_r1.pddl,True,290.43,350.39,3,0,
140,2026-07-01 14:06:26.290,FF,StackHL_b18_lp3_r1_pr3_lay3_m3,Plannerinputs/generated/problemStackHL_b18_lp3_r1_pr3_lay3_m3.pddl,True,275.94,329.24,2,0,
141,2026-07-01 14:06:26.967,FF,PickUpHL_b24_fp32_r1,Plannerinputs/generated/problemPickUpHL_b24_fp32_r1.pddl,True,276.03,319.94,2,0,
142,2026-07-01 14:06:27.434,FF,PickUpHL_b4_fp6_r1,Plannerinputs/generated/problemPickUpHL_b4_fp6_r1.pddl,True,275.55,320.12,2,0,
143,2026-07-01 14:06:27.790,FF,PickUpHL_b10_fp14_r1,Plannerinputs/generated/problemPickUpHL_b10_fp14_r1.pddl,True,283.42,332.68,2,0,
144,2026-07-01 14:06:28.188,FF,PickUpHL_b16_fp22_r1,Plannerinputs/generated/problemPickUpHL_b16_fp22_r1.pddl,True,295.98,349.72,2,0,
145,2026-07-01 14:06:28.977,FF,PickUpHL_b4_fp6_r1,Plannerinputs/generated/problemPickUpHL_b4_fp6_r1.pddl,True,290.59,354.24,3,0,
146,2026-07-01 14:06:29.367,FF,PickUpHL_b10_fp14_r1,Plannerinputs/generated/problemPickUpHL_b10_fp14_r1.pddl,True,277.19,328.55,3,0,
147,2026-07-01 14:06:29.729,FF,PickUpHL_b16_fp22_r1,Plannerinputs/generated/problemPickUpHL_b16_fp22_r1.pddl,True,282.68,339.55,3,0,
148,2026-07-01 14:06:30.134,FF,StackHL_b24_lp4_r1_pr4_lay4_m4,Plannerinputs/generated/problemStackHL_b24_lp4_r1_pr4_lay4_m4.pddl,True,291.98,339.65,2,0,
149,2026-07-01 14:06:30.918,FF,PickUpHL_b4_fp6_r1,Plannerinputs/generated/problemPickUpHL_b4_fp6_r1.pddl,True,284.10,343.33,2,0,
150,2026-07-01 14:06:31.296,FF,PickUpHL_b10_fp14_r1,Plannerinputs/generated/problemPickUpHL_b10_fp14_r1.pddl,True,285.04,346.54,2,0,
151,2026-07-01 14:06:31.679,FF,PickUpHL_b16_fp22_r1,Plannerinputs/generated/problemPickUpHL_b16_fp22_r1.pddl,True,272.01,319.78,2,0,
152,2026-07-01 14:06:32.064,FF,PickUpHL_b22_fp30_r1,Plannerinputs/generated/problemPickUpHL_b22_fp30_r1.pddl,True,274.29,339.36,2,0,
153,2026-07-01 14:06:32.848,FF,PickUpHL_b10_fp14_r1,Plannerinputs/generated/problemPickUpHL_b10_fp14_r1.pddl,True,277.09,334.95,3,0,
154,2026-07-01 14:06:33.220,FF,PickUpHL_b16_fp22_r1,Plannerinputs/generated/problemPickUpHL_b16_fp22_r1.pddl,True,280.36,339.13,3,0,
155,2026-07-01 14:06:33.591,FF,PickUpHL_b22_fp30_r1,Plannerinputs/generated/problemPickUpHL_b22_fp30_r1.pddl,True,275.90,331.21,3,0,
156,2026-07-01 14:06:34.105,FF,StackHL_b4_lp1_r1_pr1_lay1_m1,Plannerinputs/generated/problemStackHL_b4_lp1_r1_pr1_lay1_m1.pddl,True,272.18,318.56,2,0,
157,2026-07-01 14:06:34.762,FF,PickUpHL_b10_fp14_r1,Plannerinputs/generated/problemPickUpHL_b10_fp14_r1.pddl,True,279.36,326.91,2,0,
158,2026-07-01 14:06:35.122,FF,PickUpHL_b16_fp22_r1,Plannerinputs/generated/problemPickUpHL_b16_fp22_r1.pddl,True,273.53,323.35,2,0,
159,2026-07-01 14:06:35.462,FF,PickUpHL_b22_fp30_r1,Plannerinputs/generated/problemPickUpHL_b22_fp30_r1.pddl,True,282.44,337.71,2,0,
160,2026-07-01 14:06:35.959,FF,PickUpHL_b3_fp4_r1,Plannerinputs/generated/problemPickUpHL_b3_fp4_r1.pddl,True,275.79,315.47,2,0,
161,2026-07-01 14:06:36.614,FF,PickUpHL_b16_fp22_r1,Plannerinputs/generated/problemPickUpHL_b16_fp22_r1.pddl,True,283.59,332.35,3,0,
162,2026-07-01 14:06:36.984,FF,PickUpHL_b22_fp30_r1,Plannerinputs/generated/problemPickUpHL_b22_fp30_r1.pddl,True,277.81,333.67,3,0,
163,2026-07-01 14:06:37.467,FF,PickUpHL_b3_fp4_r1,Plannerinputs/generated/problemPickUpHL_b3_fp4_r1.pddl,True,283.74,342.38,3,0,
164,2026-07-01 14:06:37.872,FF,StackHL_b10_lp2_r1_pr2_lay2_m2,Plannerinputs/generated/problemStackHL_b10_lp2_r1_pr2_lay2_m2.pddl,True,282.30,339.02,2,0,
165,2026-07-01 14:06:38.526,FF,PickUpHL_b16_fp22_r1,Plannerinputs/generated/problemPickUpHL_b16_fp22_r1.pddl,True,270.73,330.66,2,0,
166,2026-07-01 14:06:38.892,FF,PickUpHL_b22_fp30_r1,Plannerinputs/generated/problemPickUpHL_b22_fp30_r1.pddl,True,277.20,318.91,2,0,
167,2026-07-01 14:06:39.354,FF,PickUpHL_b3_fp4_r1,Plannerinputs/generated/problemPickUpHL_b3_fp4_r1.pddl,True,273.50,325.48,2,0,
168,2026-07-01 14:06:39.746,FF,PickUpHL_b9_fp12_r1,Plannerinputs/generated/problemPickUpHL_b9_fp12_r1.pddl,True,289.29,351.53,2,0,
169,2026-07-01 14:06:40.420,FF,PickUpHL_b22_fp30_r1,Plannerinputs/generated/problemPickUpHL_b22_fp30_r1.pddl,True,285.72,335.23,3,0,
170,2026-07-01 14:06:40.909,FF,PickUpHL_b3_fp4_r1,Plannerinputs/generated/problemPickUpHL_b3_fp4_r1.pddl,True,286.55,352.05,3,0,
171,2026-07-01 14:06:41.296,FF,PickUpHL_b9_fp12_r1,Plannerinputs/generated/problemPickUpHL_b9_fp12_r1.pddl,True,278.23,351.65,3,0,
172,2026-07-01 14:06:41.726,FF,StackHL_b16_lp3_r1_pr3_lay3_m3,Plannerinputs/generated/problemStackHL_b16_lp3_r1_pr3_lay3_m3.pddl,True,280.64,328.69,2,0,
173,2026-07-01 14:06:42.364,FF,PickUpHL_b22_fp30_r1,Plannerinputs/generated/problemPickUpHL_b22_fp30_r1.pddl,True,280.04,324.46,2,0,
174,2026-07-01 14:06:42.847,FF,PickUpHL_b3_fp4_r1,Plannerinputs/generated/problemPickUpHL_b3_fp4_r1.pddl,True,279.11,325.03,2,0,
175,2026-07-01 14:06:43.211,FF,PickUpHL_b9_fp12_r1,Plannerinputs/generated/problemPickUpHL_b9_fp12_r1.pddl,True,269.49,315.52,2,0,
176,2026-07-01 14:06:43.599,FF,PickUpHL_b15_fp20_r1,Plannerinputs/generated/problemPickUpHL_b15_fp20_r1.pddl,True,275.90,329.97,2,0,
177,2026-07-01 14:06:44.363,FF,PickUpHL_b3_fp4_r1,Plannerinputs/generated/problemPickUpHL_b3_fp4_r1.pddl,True,289.85,341.63,3,0,
178,2026-07-01 14:06:44.729,FF,PickUpHL_b9_fp12_r1,Plannerinputs/generated/problemPickUpHL_b9_fp12_r1.pddl,True,276.02,325.12,3,0,
179,2026-07-01 14:06:45.092,FF,PickUpHL_b15_fp20_r1,Plannerinputs/generated/problemPickUpHL_b15_fp20_r1.pddl,True,273.83,328.07,3,0,
180,2026-07-01 14:06:45.487,FF,StackHL_b22_lp4_r1_pr4_lay4_m4,Plannerinputs/generated/problemStackHL_b22_lp4_r1_pr4_lay4_m4.pddl,True,299.83,352.85,2,0,
181,2026-07-01 14:06:46.277,FF,PickUpHL_b3_fp4_r1,Plannerinputs/generated/problemPickUpHL_b3_fp4_r1.pddl,True,281.43,328.55,2,0,
182,2026-07-01 14:06:46.659,FF,PickUpHL_b9_fp12_r1,Plannerinputs/generated/problemPickUpHL_b9_fp12_r1.pddl,True,279.39,328.06,2,0,
183,2026-07-01 14:06:47.021,FF,PickUpHL_b15_fp20_r1,Plannerinputs/generated/problemPickUpHL_b15_fp20_r1.pddl,True,274.02,328.71,2,0,
184,2026-07-01 14:06:47.420,FF,PickUpHL_b21_fp28_r1,Plannerinputs/generated/problemPickUpHL_b21_fp28_r1.pddl,True,276.94,326.91,2,0,
185,2026-07-01 14:06:48.194,FF,PickUpHL_b9_fp12_r1,Plannerinputs/generated/problemPickUpHL_b9_fp12_r1.pddl,True,281.90,333.75,3,0,
186,2026-07-01 14:06:48.562,FF,PickUpHL_b15_fp20_r1,Plannerinputs/generated/problemPickUpHL_b15_fp20_r1.pddl,True,291.55,348.74,3,0,
187,2026-07-01 14:06:48.944,FF,PickUpHL_b21_fp28_r1,Plannerinputs/generated/problemPickUpHL_b21_fp28_r1.pddl,True,281.26,341.34,3,0,
188,2026-07-01 14:06:49.464,FF,StackHL_b3_lp1_r1_pr1_lay1_m1,Plannerinputs/generated/problemStackHL_b3_lp1_r1_pr1_lay1_m1.pddl,True,284.64,362.61,2,0,
189,2026-07-01 14:06:50.150,FF,PickUpHL_b9_fp12_r1,Plannerinputs/generated/problemPickUpHL_b9_fp12_r1.pddl,True,277.54,326.04,2,0,
190,2026-07-01 14:06:50.512,FF,PickUpHL_b15_fp20_r1,Plannerinputs/generated/problemPickUpHL_b15_fp20_r1.pddl,True,280.08,334.78,2,0,
191,2026-07-01 14:06:50.882,FF,PickUpHL_b21_fp28_r1,Plannerinputs/generated/problemPickUpHL_b21_fp28_r1.pddl,True,275.75,324.96,2,0,
192,2026-07-01 14:06:51.381,FF,PickUpHL_b5_fp7_r1,Plannerinputs/generated/problemPickUpHL_b5_fp7_r1.pddl,True,292.06,343.94,2,0,
193,2026-07-01 14:06:52.055,FF,PickUpHL_b15_fp20_r1,Plannerinputs/generated/problemPickUpHL_b15_fp20_r1.pddl,True,279.29,332.36,3,0,
194,2026-07-01 14:06:52.421,FF,PickUpHL_b21_fp28_r1,Plannerinputs/generated/problemPickUpHL_b21_fp28_r1.pddl,True,281.63,317.83,3,0,
195,2026-07-01 14:06:52.885,FF,PickUpHL_b5_fp7_r1,Plannerinputs/generated/problemPickUpHL_b5_fp7_r1.pddl,True,274.17,331.44,3,0,
196,2026-07-01 14:06:53.285,FF,StackHL_b9_lp2_r1_pr2_lay2_m2,Plannerinputs/generated/problemStackHL_b9_lp2_r1_pr2_lay2_m2.pddl,True,279.09,329.01,2,0,
197,2026-07-01 14:06:53.935,FF,PickUpHL_b15_fp20_r1,Plannerinputs/generated/problemPickUpHL_b15_fp20_r1.pddl,True,284.31,328.52,2,0,
198,2026-07-01 14:06:54.301,FF,PickUpHL_b21_fp28_r1,Plannerinputs/generated/problemPickUpHL_b21_fp28_r1.pddl,True,285.93,329.03,2,0,
199,2026-07-01 14:06:54.775,FF,PickUpHL_b5_fp7_r1,Plannerinputs/generated/problemPickUpHL_b5_fp7_r1.pddl,True,274.61,326.64,2,0,
200,2026-07-01 14:06:55.171,FF,PickUpHL_b11_fp15_r1,Plannerinputs/generated/problemPickUpHL_b11_fp15_r1.pddl,True,271.28,315.76,2,0,
201,2026-07-01 14:06:55.816,FF,PickUpHL_b21_fp28_r1,Plannerinputs/generated/problemPickUpHL_b21_fp28_r1.pddl,True,283.99,337.68,3,0,
202,2026-07-01 14:06:56.290,FF,PickUpHL_b5_fp7_r1,Plannerinputs/generated/problemPickUpHL_b5_fp7_r1.pddl,True,274.22,333.21,3,0,
203,2026-07-01 14:06:56.663,FF,PickUpHL_b11_fp15_r1,Plannerinputs/generated/problemPickUpHL_b11_fp15_r1.pddl,True,279.53,328.72,3,0,
204,2026-07-01 14:06:57.065,FF,StackHL_b15_lp3_r1_pr3_lay3_m3,Plannerinputs/generated/problemStackHL_b15_lp3_r1_pr3_lay3_m3.pddl,True,281.78,367.03,2,0,
205,2026-07-01 14:06:57.752,FF,PickUpHL_b21_fp28_r1,Plannerinputs/generated/problemPickUpHL_b21_fp28_r1.pddl,True,274.72,321.41,2,0,
206,2026-07-01 14:06:58.218,FF,PickUpHL_b5_fp7_r1,Plannerinputs/generated/problemPickUpHL_b5_fp7_r1.pddl,True,275.91,331.52,2,0,
207,2026-07-01 14:06:58.584,FF,PickUpHL_b11_fp15_r1,Plannerinputs/generated/problemPickUpHL_b11_fp15_r1.pddl,True,278.13,322.65,2,0,
208,2026-07-01 14:06:58.963,FF,PickUpHL_b17_fp23_r1,Plannerinputs/generated/problemPickUpHL_b17_fp23_r1.pddl,True,274.25,317.43,2,0,
209,2026-07-01 14:06:59.727,FF,PickUpHL_b5_fp7_r1,Plannerinputs/generated/problemPickUpHL_b5_fp7_r1.pddl,True,306.98,353.56,3,0,
210,2026-07-01 14:07:00.118,FF,PickUpHL_b11_fp15_r1,Plannerinputs/generated/problemPickUpHL_b11_fp15_r1.pddl,True,301.73,362.23,3,0,
211,2026-07-01 14:07:00.521,FF,PickUpHL_b17_fp23_r1,Plannerinputs/generated/problemPickUpHL_b17_fp23_r1.pddl,True,303.12,356.33,3,0,
212,2026-07-01 14:07:00.947,FF,StackHL_b21_lp4_r1_pr4_lay4_m4,Plannerinputs/generated/problemStackHL_b21_lp4_r1_pr4_lay4_m4.pddl,True,296.56,354.32,2,0,
213,2026-07-01 14:07:01.754,FF,PickUpHL_b5_fp7_r1,Plannerinputs/generated/problemPickUpHL_b5_fp7_r1.pddl,True,290.81,341.50,2,0,
214,2026-07-01 14:07:02.133,FF,PickUpHL_b11_fp15_r1,Plannerinputs/generated/problemPickUpHL_b11_fp15_r1.pddl,True,313.76,363.73,2,0,
215,2026-07-01 14:07:02.540,FF,PickUpHL_b17_fp23_r1,Plannerinputs/generated/problemPickUpHL_b17_fp23_r1.pddl,True,299.28,350.31,2,0,
216,2026-07-01 14:07:02.976,FF,PickUpHL_b23_fp31_r1,Plannerinputs/generated/problemPickUpHL_b23_fp31_r1.pddl,True,302.15,354.03,2,0,
217,2026-07-01 14:07:03.780,FF,PickUpHL_b11_fp15_r1,Plannerinputs/generated/problemPickUpHL_b11_fp15_r1.pddl,True,301.09,361.38,3,0,
218,2026-07-01 14:07:04.179,FF,PickUpHL_b17_fp23_r1,Plannerinputs/generated/problemPickUpHL_b17_fp23_r1.pddl,True,293.25,356.16,3,0,
219,2026-07-01 14:07:04.578,FF,PickUpHL_b23_fp31_r1,Plannerinputs/generated/problemPickUpHL_b23_fp31_r1.pddl,True,300.68,355.45,3,0,
220,2026-07-01 14:07:05.085,FF,StackHL_b5_lp1_r1_pr1_lay1_m1,Plannerinputs/generated/problemStackHL_b5_lp1_r1_pr1_lay1_m1.pddl,True,295.33,346.55,2,0,
221,2026-07-01 14:07:05.755,FF,PickUpHL_b11_fp15_r1,Plannerinputs/generated/problemPickUpHL_b11_fp15_r1.pddl,True,309.64,426.05,2,0,
222,2026-07-01 14:07:06.210,FF,PickUpHL_b17_fp23_r1,Plannerinputs/generated/problemPickUpHL_b17_fp23_r1.pddl,True,296.16,344.78,2,0,
223,2026-07-01 14:07:06.590,FF,PickUpHL_b23_fp31_r1,Plannerinputs/generated/problemPickUpHL_b23_fp31_r1.pddl,True,291.44,335.35,2,0,
224,2026-07-01 14:07:07.078,FF,NailingBeamHL_b2_r1_m1_lay1,Plannerinputs/generated/problemNailingBeamHL_b2_r1_m1_lay1.pddl,True,300.37,385.80,8,0,
225,2026-07-01 14:07:07.847,FF,PickUpHL_b17_fp23_r1,Plannerinputs/generated/problemPickUpHL_b17_fp23_r1.pddl,True,291.45,355.80,3,0,
226,2026-07-01 14:07:08.233,FF,PickUpHL_b23_fp31_r1,Plannerinputs/generated/problemPickUpHL_b23_fp31_r1.pddl,True,300.30,382.75,3,0,
227,2026-07-01 14:07:08.755,FF,NailingBeamHL_b2_r1_m1_lay1,Plannerinputs/generated/problemNailingBeamHL_b2_r1_m1_lay1.pddl,True,322.94,423.83,11,0,
228,2026-07-01 14:07:09.236,FF,StackHL_b11_lp2_r1_pr2_lay2_m2,Plannerinputs/generated/problemStackHL_b11_lp2_r1_pr2_lay2_m2.pddl,True,295.18,362.50,2,0,
229,2026-07-01 14:07:09.958,FF,PickUpHL_b17_fp23_r1,Plannerinputs/generated/problemPickUpHL_b17_fp23_r1.pddl,True,283.41,329.41,2,0,
230,2026-07-01 14:07:10.325,FF,PickUpHL_b23_fp31_r1,Plannerinputs/generated/problemPickUpHL_b23_fp31_r1.pddl,True,287.39,334.12,2,0,
231,2026-07-01 14:07:10.791,FF,NailingBeamHL_b2_r1_m1_lay1,Plannerinputs/generated/problemNailingBeamHL_b2_r1_m1_lay1.pddl,True,303.56,372.87,8,0,
232,2026-07-01 14:07:11.221,FF,NailingBeamHL_b8_r1_m2_lay2,Plannerinputs/generated/problemNailingBeamHL_b8_r1_m2_lay2.pddl,True,291.72,371.52,8,0,
233,2026-07-01 14:07:11.960,FF,PickUpHL_b23_fp31_r1,Plannerinputs/generated/problemPickUpHL_b23_fp31_r1.pddl,True,291.13,350.72,3,0,
234,2026-07-01 14:07:12.454,FF,NailingBeamHL_b2_r1_m1_lay1,Plannerinputs/generated/problemNailingBeamHL_b2_r1_m1_lay1.pddl,True,307.73,411.65,11,0,
235,2026-07-01 14:07:12.897,FF,NailingBeamHL_b8_r1_m2_lay2,Plannerinputs/generated/problemNailingBeamHL_b8_r1_m2_lay2.pddl,True,295.52,389.13,11,0,
236,2026-07-01 14:07:13.340,FF,StackHL_b17_lp3_r1_pr3_lay3_m3,Plannerinputs/generated/problemStackHL_b17_lp3_r1_pr3_lay3_m3.pddl,True,285.37,338.04,2,0,
237,2026-07-01 14:07:14.041,FF,PickUpHL_b23_fp31_r1,Plannerinputs/generated/problemPickUpHL_b23_fp31_r1.pddl,True,276.64,340.05,2,0,
238,2026-07-01 14:07:14.516,FF,NailingBeamHL_b2_r1_m1_lay1,Plannerinputs/generated/problemNailingBeamHL_b2_r1_m1_lay1.pddl,True,303.17,360.54,8,0,
239,2026-07-01 14:07:14.916,FF,NailingBeamHL_b8_r1_m2_lay2,Plannerinputs/generated/problemNailingBeamHL_b8_r1_m2_lay2.pddl,True,286.61,357.15,8,0,
240,2026-07-01 14:07:15.339,FF,NailingBeamHL_b14_r1_m3_lay3,Plannerinputs/generated/problemNailingBeamHL_b14_r1_m3_lay3.pddl,True,284.75,344.66,8,0,
241,2026-07-01 14:07:16.111,FF,NailingBeamHL_b2_r1_m1_lay1,Plannerinputs/generated/problemNailingBeamHL_b2_r1_m1_lay1.pddl,True,293.42,367.03,11,0,
242,2026-07-01 14:07:16.512,FF,NailingBeamHL_b8_r1_m2_lay2,Plannerinputs/generated/problemNailingBeamHL_b8_r1_m2_lay2.pddl,True,304.28,372.27,11,0,
243,2026-07-01 14:07:16.897,FF,NailingBeamHL_b14_r1_m3_lay3,Plannerinputs/generated/problemNailingBeamHL_b14_r1_m3_lay3.pddl,True,290.77,369.89,11,0,
244,2026-07-01 14:07:17.314,FF,StackHL_b23_lp4_r1_pr4_lay4_m4,Plannerinputs/generated/problemStackHL_b23_lp4_r1_pr4_lay4_m4.pddl,True,291.90,334.78,2,0,
245,2026-07-01 14:07:18.084,FF,NailingBeamHL_b2_r1_m1_lay1,Plannerinputs/generated/problemNailingBeamHL_b2_r1_m1_lay1.pddl,True,287.36,366.70,8,0,
246,2026-07-01 14:07:18.491,FF,NailingBeamHL_b8_r1_m2_lay2,Plannerinputs/generated/problemNailingBeamHL_b8_r1_m2_lay2.pddl,True,286.37,342.75,8,0,
247,2026-07-01 14:07:18.874,FF,NailingBeamHL_b14_r1_m3_lay3,Plannerinputs/generated/problemNailingBeamHL_b14_r1_m3_lay3.pddl,True,287.65,352.82,8,0,
248,2026-07-01 14:07:19.301,FF,NailingBeamHL_b20_r1_m4_lay4,Plannerinputs/generated/problemNailingBeamHL_b20_r1_m4_lay4.pddl,True,280.88,341.13,8,0,
249,2026-07-01 14:07:20.972,FF,NailingBeamHL_b8_r1_m2_lay2,Plannerinputs/generated/problemNailingBeamHL_b8_r1_m2_lay2.pddl,True,299.49,372.55,2,0,
250,2026-07-01 14:07:21.371,FF,NailingBeamHL_b14_r1_m3_lay3,Plannerinputs/generated/problemNailingBeamHL_b14_r1_m3_lay3.pddl,True,284.70,338.56,2,0,
251,2026-07-01 14:07:21.746,FF,NailingBeamHL_b20_r1_m4_lay4,Plannerinputs/generated/problemNailingBeamHL_b20_r1_m4_lay4.pddl,True,283.40,335.21,2,0,
252,2026-07-01 14:07:22.272,FF,NailingBeamHL_b4_r1_m1_lay1,Plannerinputs/generated/problemNailingBeamHL_b4_r1_m1_lay1.pddl,True,277.49,320.27,1,0,
253,2026-07-01 14:07:22.787,FF,NailingBeamHL_b8_r1_m2_lay2,Plannerinputs/generated/problemNailingBeamHL_b8_r1_m2_lay2.pddl,True,274.64,328.36,2,0,
254,2026-07-01 14:07:23.144,FF,NailingBeamHL_b14_r1_m3_lay3,Plannerinputs/generated/problemNailingBeamHL_b14_r1_m3_lay3.pddl,True,275.22,329.49,2,0,
255,2026-07-01 14:07:23.510,FF,NailingBeamHL_b20_r1_m4_lay4,Plannerinputs/generated/problemNailingBeamHL_b20_r1_m4_lay4.pddl,True,283.71,334.43,2,0,
256,2026-07-01 14:07:24.002,FF,NailingBeamHL_b3_r1_m1_lay1,Plannerinputs/generated/problemNailingBeamHL_b3_r1_m1_lay1.pddl,True,281.39,343.62,1,0,
257,2026-07-01 14:07:24.537,FF,NailingBeamHL_b8_r1_m2_lay2,Plannerinputs/generated/problemNailingBeamHL_b8_r1_m2_lay2.pddl,True,275.67,336.34,2,0,
258,2026-07-01 14:07:24.911,FF,NailingBeamHL_b14_r1_m3_lay3,Plannerinputs/generated/problemNailingBeamHL_b14_r1_m3_lay3.pddl,True,278.70,330.03,2,0,
259,2026-07-01 14:07:25.273,FF,NailingBeamHL_b20_r1_m4_lay4,Plannerinputs/generated/problemNailingBeamHL_b20_r1_m4_lay4.pddl,True,273.22,323.97,2,0,
260,2026-07-01 14:07:25.755,FF,NailingBeamHL_b5_r1_m1_lay1,Plannerinputs/generated/problemNailingBeamHL_b5_r1_m1_lay1.pddl,True,278.95,331.90,1,0,
261,2026-07-01 14:07:26.279,FF,NailingBeamHL_b8_r1_m2_lay2,Plannerinputs/generated/problemNailingBeamHL_b8_r1_m2_lay2.pddl,True,273.32,318.99,2,0,
262,2026-07-01 14:07:26.617,FF,NailingBeamHL_b14_r1_m3_lay3,Plannerinputs/generated/problemNailingBeamHL_b14_r1_m3_lay3.pddl,True,288.10,339.88,2,0,
263,2026-07-01 14:07:26.993,FF,NailingBeamHL_b20_r1_m4_lay4,Plannerinputs/generated/problemNailingBeamHL_b20_r1_m4_lay4.pddl,True,276.48,326.43,2,0,
264,2026-07-01 14:07:27.484,FF,NailingBeamHL_b1_r1_m1_lay1,Plannerinputs/generated/problemNailingBeamHL_b1_r1_m1_lay1.pddl,True,274.08,322.46,1,0,
265,2026-07-01 14:07:28.003,FF,NailingBeamHL_b8_r1_m2_lay2,Plannerinputs/generated/problemNailingBeamHL_b8_r1_m2_lay2.pddl,True,270.02,311.69,2,0,
266,2026-07-01 14:07:28.338,FF,NailingBeamHL_b14_r1_m3_lay3,Plannerinputs/generated/problemNailingBeamHL_b14_r1_m3_lay3.pddl,True,269.71,321.85,2,0,
267,2026-07-01 14:07:28.691,FF,NailingBeamHL_b20_r1_m4_lay4,Plannerinputs/generated/problemNailingBeamHL_b20_r1_m4_lay4.pddl,True,343.31,410.00,2,0,
268,2026-07-01 14:07:29.260,FF,NailingBeamHL_b6_r1_m1_lay1,Plannerinputs/generated/problemNailingBeamHL_b6_r1_m1_lay1.pddl,True,275.59,337.36,1,0,
269,2026-07-01 14:07:29.791,FF,NailingBeamHL_b8_r1_m2_lay2,Plannerinputs/generated/problemNailingBeamHL_b8_r1_m2_lay2.pddl,True,275.75,321.66,2,0,
270,2026-07-01 14:07:30.149,FF,NailingBeamHL_b14_r1_m3_lay3,Plannerinputs/generated/problemNailingBeamHL_b14_r1_m3_lay3.pddl,True,301.31,348.92,2,0,
271,2026-07-01 14:07:30.532,FF,NailingBeamHL_b20_r1_m4_lay4,Plannerinputs/generated/problemNailingBeamHL_b20_r1_m4_lay4.pddl,True,278.89,325.89,2,0,
272,2026-07-01 14:07:31.045,FF,GluingBeamHL_b1_r1_m1_lay1,Plannerinputs/generated/problemGluingBeamHL_b1_r1_m1_lay1.pddl,True,467.62,542.50,8,0,
273,2026-07-01 14:07:31.920,FF,NailingBeamHL_b14_r1_m3_lay3,Plannerinputs/generated/problemNailingBeamHL_b14_r1_m3_lay3.pddl,True,269.95,326.51,2,0,
274,2026-07-01 14:07:32.271,FF,NailingBeamHL_b20_r1_m4_lay4,Plannerinputs/generated/problemNailingBeamHL_b20_r1_m4_lay4.pddl,True,277.67,324.20,2,0,
275,2026-07-01 14:07:32.759,FF,GluingBeamHL_b1_r1_m1_lay1,Plannerinputs/generated/problemGluingBeamHL_b1_r1_m1_lay1.pddl,True,280.15,345.31,8,0,
276,2026-07-01 14:07:33.166,FF,NailingBeamHL_b10_r1_m2_lay2,Plannerinputs/generated/problemNailingBeamHL_b10_r1_m2_lay2.pddl,True,268.06,313.61,1,0,
277,2026-07-01 14:07:33.657,FF,NailingBeamHL_b14_r1_m3_lay3,Plannerinputs/generated/problemNailingBeamHL_b14_r1_m3_lay3.pddl,True,271.76,327.30,2,0,
278,2026-07-01 14:07:34.007,FF,NailingBeamHL_b20_r1_m4_lay4,Plannerinputs/generated/problemNailingBeamHL_b20_r1_m4_lay4.pddl,True,268.55,315.82,2,0,
279,2026-07-01 14:07:34.478,FF,GluingBeamHL_b1_r1_m1_lay1,Plannerinputs/generated/problemGluingBeamHL_b1_r1_m1_lay1.pddl,True,272.71,333.15,8,0,
280,2026-07-01 14:07:34.874,FF,NailingBeamHL_b9_r1_m2_lay2,Plannerinputs/generated/problemNailingBeamHL_b9_r1_m2_lay2.pddl,True,275.04,327.03,1,0,
281,2026-07-01 14:07:35.383,FF,NailingBeamHL_b14_r1_m3_lay3,Plannerinputs/generated/problemNailingBeamHL_b14_r1_m3_lay3.pddl,True,270.97,318.23,2,0,
282,2026-07-01 14:07:35.735,FF,NailingBeamHL_b20_r1_m4_lay4,Plannerinputs/generated/problemNailingBeamHL_b20_r1_m4_lay4.pddl,True,271.56,339.74,2,0,
283,2026-07-01 14:07:36.219,FF,GluingBeamHL_b1_r1_m1_lay1,Plannerinputs/generated/problemGluingBeamHL_b1_r1_m1_lay1.pddl,True,271.21,327.49,8,0,
284,2026-07-01 14:07:36.600,FF,NailingBeamHL_b11_r1_m2_lay2,Plannerinputs/generated/problemNailingBeamHL_b11_r1_m2_lay2.pddl,True,274.89,315.87,1,0,
285,2026-07-01 14:07:37.089,FF,NailingBeamHL_b14_r1_m3_lay3,Plannerinputs/generated/problemNailingBeamHL_b14_r1_m3_lay3.pddl,True,262.90,312.79,2,0,
286,2026-07-01 14:07:37.438,FF,NailingBeamHL_b20_r1_m4_lay4,Plannerinputs/generated/problemNailingBeamHL_b20_r1_m4_lay4.pddl,True,288.90,337.92,2,0,
287,2026-07-01 14:07:37.910,FF,GluingBeamHL_b1_r1_m1_lay1,Plannerinputs/generated/problemGluingBeamHL_b1_r1_m1_lay1.pddl,True,265.35,335.40,8,0,
288,2026-07-01 14:07:38.303,FF,NailingBeamHL_b7_r1_m2_lay2,Plannerinputs/generated/problemNailingBeamHL_b7_r1_m2_lay2.pddl,True,265.56,307.74,1,0,
289,2026-07-01 14:07:38.793,FF,NailingBeamHL_b14_r1_m3_lay3,Plannerinputs/generated/problemNailingBeamHL_b14_r1_m3_lay3.pddl,True,272.67,323.27,2,0,
290,2026-07-01 14:07:39.154,FF,NailingBeamHL_b20_r1_m4_lay4,Plannerinputs/generated/problemNailingBeamHL_b20_r1_m4_lay4.pddl,True,267.15,341.80,2,0,
291,2026-07-01 14:07:39.645,FF,GluingBeamHL_b1_r1_m1_lay1,Plannerinputs/generated/problemGluingBeamHL_b1_r1_m1_lay1.pddl,True,274.77,342.38,8,0,
292,2026-07-01 14:07:40.055,FF,NailingBeamHL_b12_r1_m2_lay2,Plannerinputs/generated/problemNailingBeamHL_b12_r1_m2_lay2.pddl,True,263.98,302.49,1,0,
293,2026-07-01 14:07:40.562,FF,NailingBeamHL_b14_r1_m3_lay3,Plannerinputs/generated/problemNailingBeamHL_b14_r1_m3_lay3.pddl,True,264.21,319.99,2,0,
294,2026-07-01 14:07:40.905,FF,NailingBeamHL_b20_r1_m4_lay4,Plannerinputs/generated/problemNailingBeamHL_b20_r1_m4_lay4.pddl,True,267.25,312.53,2,0,
295,2026-07-01 14:07:41.357,FF,GluingBeamHL_b1_r1_m1_lay1,Plannerinputs/generated/problemGluingBeamHL_b1_r1_m1_lay1.pddl,True,264.91,334.42,8,0,
296,2026-07-01 14:07:41.759,FF,GluingBeamHL_b7_r1_m2_lay2,Plannerinputs/generated/problemGluingBeamHL_b7_r1_m2_lay2.pddl,True,272.18,351.68,8,0,
297,2026-07-01 14:07:42.452,FF,NailingBeamHL_b20_r1_m4_lay4,Plannerinputs/generated/problemNailingBeamHL_b20_r1_m4_lay4.pddl,True,270.59,315.62,2,0,
298,2026-07-01 14:07:42.906,FF,GluingBeamHL_b1_r1_m1_lay1,Plannerinputs/generated/problemGluingBeamHL_b1_r1_m1_lay1.pddl,True,263.19,332.57,8,0,
299,2026-07-01 14:07:43.272,FF,GluingBeamHL_b7_r1_m2_lay2,Plannerinputs/generated/problemGluingBeamHL_b7_r1_m2_lay2.pddl,True,261.89,325.38,8,0,
300,2026-07-01 14:07:43.646,FF,NailingBeamHL_b16_r1_m3_lay3,Plannerinputs/generated/problemNailingBeamHL_b16_r1_m3_lay3.pddl,True,261.42,309.76,1,0,
301,2026-07-01 14:07:44.114,FF,NailingBeamHL_b20_r1_m4_lay4,Plannerinputs/generated/problemNailingBeamHL_b20_r1_m4_lay4.pddl,True,258.61,306.93,2,0,
302,2026-07-01 14:07:44.573,FF,GluingBeamHL_b1_r1_m1_lay1,Plannerinputs/generated/problemGluingBeamHL_b1_r1_m1_lay1.pddl,True,267.91,341.88,8,0,
303,2026-07-01 14:07:44.951,FF,GluingBeamHL_b7_r1_m2_lay2,Plannerinputs/generated/problemGluingBeamHL_b7_r1_m2_lay2.pddl,True,269.59,345.14,8,0,
304,2026-07-01 14:07:45.368,FF,NailingBeamHL_b15_r1_m3_lay3,Plannerinputs/generated/problemNailingBeamHL_b15_r1_m3_lay3.pddl,True,258.20,308.67,1,0,
305,2026-07-01 14:07:45.862,FF,NailingBeamHL_b20_r1_m4_lay4,Plannerinputs/generated/problemNailingBeamHL_b20_r1_m4_lay4.pddl,True,272.86,321.19,2,0,
306,2026-07-01 14:07:46.343,FF,GluingBeamHL_b1_r1_m1_lay1,Plannerinputs/generated/problemGluingBeamHL_b1_r1_m1_lay1.pddl,True,263.82,330.31,8,0,
307,2026-07-01 14:07:46.710,FF,GluingBeamHL_b7_r1_m2_lay2,Plannerinputs/generated/problemGluingBeamHL_b7_r1_m2_lay2.pddl,True,266.92,337.07,8,0,
308,2026-07-01 14:07:47.109,FF,NailingBeamHL_b17_r1_m3_lay3,Plannerinputs/generated/problemNailingBeamHL_b17_r1_m3_lay3.pddl,True,259.99,306.72,1,0,
309,2026-07-01 14:07:47.605,FF,NailingBeamHL_b20_r1_m4_lay4,Plannerinputs/generated/problemNailingBeamHL_b20_r1_m4_lay4.pddl,True,275.22,329.88,2,0,
310,2026-07-01 14:07:48.078,FF,GluingBeamHL_b1_r1_m1_lay1,Plannerinputs/generated/problemGluingBeamHL_b1_r1_m1_lay1.pddl,True,261.45,322.39,8,0,
311,2026-07-01 14:07:48.434,FF,GluingBeamHL_b7_r1_m2_lay2,Plannerinputs/generated/problemGluingBeamHL_b7_r1_m2_lay2.pddl,True,262.37,333.89,8,0,
312,2026-07-01 14:07:48.830,FF,NailingBeamHL_b13_r1_m3_lay3,Plannerinputs/generated/problemNailingBeamHL_b13_r1_m3_lay3.pddl,True,262.35,313.74,1,0,
313,2026-07-01 14:07:49.313,FF,NailingBeamHL_b20_r1_m4_lay4,Plannerinputs/generated/problemNailingBeamHL_b20_r1_m4_lay4.pddl,True,280.98,341.17,2,0,
314,2026-07-01 14:07:49.804,FF,GluingBeamHL_b1_r1_m1_lay1,Plannerinputs/generated/problemGluingBeamHL_b1_r1_m1_lay1.pddl,True,270.46,343.11,8,0,
315,2026-07-01 14:07:50.162,FF,GluingBeamHL_b7_r1_m2_lay2,Plannerinputs/generated/problemGluingBeamHL_b7_r1_m2_lay2.pddl,True,284.45,355.32,8,0,
316,2026-07-01 14:07:50.587,FF,NailingBeamHL_b18_r1_m3_lay3,Plannerinputs/generated/problemNailingBeamHL_b18_r1_m3_lay3.pddl,True,271.55,315.83,1,0,
317,2026-07-01 14:07:51.103,FF,NailingBeamHL_b20_r1_m4_lay4,Plannerinputs/generated/problemNailingBeamHL_b20_r1_m4_lay4.pddl,True,268.64,325.66,2,0,
318,2026-07-01 14:07:51.582,FF,GluingBeamHL_b1_r1_m1_lay1,Plannerinputs/generated/problemGluingBeamHL_b1_r1_m1_lay1.pddl,True,271.63,358.46,8,0,
319,2026-07-01 14:07:51.975,FF,GluingBeamHL_b7_r1_m2_lay2,Plannerinputs/generated/problemGluingBeamHL_b7_r1_m2_lay2.pddl,True,266.29,336.39,8,0,
320,2026-07-01 14:07:52.378,FF,GluingBeamHL_b13_r1_m3_lay3,Plannerinputs/generated/problemGluingBeamHL_b13_r1_m3_lay3.pddl,True,260.31,318.70,8,0,
321,2026-07-01 14:07:53.142,FF,GluingBeamHL_b1_r1_m1_lay1,Plannerinputs/generated/problemGluingBeamHL_b1_r1_m1_lay1.pddl,True,271.32,336.01,8,0,
322,2026-07-01 14:07:53.517,FF,GluingBeamHL_b7_r1_m2_lay2,Plannerinputs/generated/problemGluingBeamHL_b7_r1_m2_lay2.pddl,True,260.37,330.00,8,0,
323,2026-07-01 14:07:53.882,FF,GluingBeamHL_b13_r1_m3_lay3,Plannerinputs/generated/problemGluingBeamHL_b13_r1_m3_lay3.pddl,True,267.73,330.94,8,0,
324,2026-07-01 14:07:54.259,FF,NailingBeamHL_b22_r1_m4_lay4,Plannerinputs/generated/problemNailingBeamHL_b22_r1_m4_lay4.pddl,True,277.07,327.33,1,0,
325,2026-07-01 14:07:54.903,FF,GluingBeamHL_b1_r1_m1_lay1,Plannerinputs/generated/problemGluingBeamHL_b1_r1_m1_lay1.pddl,True,270.34,341.11,8,0,
326,2026-07-01 14:07:55.283,FF,GluingBeamHL_b7_r1_m2_lay2,Plannerinputs/generated/problemGluingBeamHL_b7_r1_m2_lay2.pddl,True,261.45,328.82,8,0,
327,2026-07-01 14:07:55.650,FF,GluingBeamHL_b13_r1_m3_lay3,Plannerinputs/generated/problemGluingBeamHL_b13_r1_m3_lay3.pddl,True,277.80,340.20,8,0,
328,2026-07-01 14:07:56.056,FF,NailingBeamHL_b21_r1_m4_lay4,Plannerinputs/generated/problemNailingBeamHL_b21_r1_m4_lay4.pddl,True,267.23,312.06,1,0,
329,2026-07-01 14:07:56.693,FF,GluingBeamHL_b1_r1_m1_lay1,Plannerinputs/generated/problemGluingBeamHL_b1_r1_m1_lay1.pddl,True,267.11,350.57,8,0,
330,2026-07-01 14:07:57.074,FF,GluingBeamHL_b7_r1_m2_lay2,Plannerinputs/generated/problemGluingBeamHL_b7_r1_m2_lay2.pddl,True,265.83,322.94,8,0,
331,2026-07-01 14:07:57.439,FF,GluingBeamHL_b13_r1_m3_lay3,Plannerinputs/generated/problemGluingBeamHL_b13_r1_m3_lay3.pddl,True,257.82,323.74,8,0,
332,2026-07-01 14:07:57.830,FF,NailingBeamHL_b23_r1_m4_lay4,Plannerinputs/generated/problemNailingBeamHL_b23_r1_m4_lay4.pddl,True,258.90,308.58,1,0,
333,2026-07-01 14:07:58.443,FF,GluingBeamHL_b1_r1_m1_lay1,Plannerinputs/generated/problemGluingBeamHL_b1_r1_m1_lay1.pddl,True,270.60,335.75,8,0,
334,2026-07-01 14:07:58.811,FF,GluingBeamHL_b7_r1_m2_lay2,Plannerinputs/generated/problemGluingBeamHL_b7_r1_m2_lay2.pddl,True,260.98,319.73,8,0,
335,2026-07-01 14:07:59.153,FF,GluingBeamHL_b13_r1_m3_lay3,Plannerinputs/generated/problemGluingBeamHL_b13_r1_m3_lay3.pddl,True,267.05,344.96,8,0,
336,2026-07-01 14:07:59.570,FF,NailingBeamHL_b19_r1_m4_lay4,Plannerinputs/generated/problemNailingBeamHL_b19_r1_m4_lay4.pddl,True,268.78,317.74,1,0,
337,2026-07-01 14:08:00.181,FF,GluingBeamHL_b1_r1_m1_lay1,Plannerinputs/generated/problemGluingBeamHL_b1_r1_m1_lay1.pddl,True,271.68,338.06,8,0,
338,2026-07-01 14:08:00.554,FF,GluingBeamHL_b7_r1_m2_lay2,Plannerinputs/generated/problemGluingBeamHL_b7_r1_m2_lay2.pddl,True,258.95,319.62,8,0,
339,2026-07-01 14:08:00.911,FF,GluingBeamHL_b13_r1_m3_lay3,Plannerinputs/generated/problemGluingBeamHL_b13_r1_m3_lay3.pddl,True,267.84,319.39,8,0,
340,2026-07-01 14:08:01.300,FF,NailingBeamHL_b24_r1_m4_lay4,Plannerinputs/generated/problemNailingBeamHL_b24_r1_m4_lay4.pddl,True,258.28,311.02,1,0,
341,2026-07-01 14:08:01.924,FF,GluingBeamHL_b1_r1_m1_lay1,Plannerinputs/generated/problemGluingBeamHL_b1_r1_m1_lay1.pddl,True,263.46,331.70,8,0,
342,2026-07-01 14:08:02.277,FF,GluingBeamHL_b7_r1_m2_lay2,Plannerinputs/generated/problemGluingBeamHL_b7_r1_m2_lay2.pddl,True,256.19,322.32,8,0,
343,2026-07-01 14:08:02.637,FF,GluingBeamHL_b13_r1_m3_lay3,Plannerinputs/generated/problemGluingBeamHL_b13_r1_m3_lay3.pddl,True,266.00,325.48,8,0,
344,2026-07-01 14:08:03.044,FF,GluingBeamHL_b19_r1_m4_lay4,Plannerinputs/generated/problemGluingBeamHL_b19_r1_m4_lay4.pddl,True,274.97,326.30,8,0,
345,2026-07-01 14:08:04.640,FF,GluingBeamHL_b7_r1_m2_lay2,Plannerinputs/generated/problemGluingBeamHL_b7_r1_m2_lay2.pddl,True,259.08,308.96,2,0,
346,2026-07-01 14:08:04.985,FF,GluingBeamHL_b13_r1_m3_lay3,Plannerinputs/generated/problemGluingBeamHL_b13_r1_m3_lay3.pddl,True,258.07,305.87,2,0,
347,2026-07-01 14:08:05.326,FF,GluingBeamHL_b19_r1_m4_lay4,Plannerinputs/generated/problemGluingBeamHL_b19_r1_m4_lay4.pddl,True,251.29,291.10,2,0,
348,2026-07-01 14:08:05.800,FF,GluingBeamHL_b2_r1_m1_lay1,Plannerinputs/generated/problemGluingBeamHL_b2_r1_m1_lay1.pddl,True,262.36,308.03,1,0,
349,2026-07-01 14:08:06.314,FF,GluingBeamHL_b7_r1_m2_lay2,Plannerinputs/generated/problemGluingBeamHL_b7_r1_m2_lay2.pddl,True,250.44,299.89,2,0,
350,2026-07-01 14:08:06.648,FF,GluingBeamHL_b13_r1_m3_lay3,Plannerinputs/generated/problemGluingBeamHL_b13_r1_m3_lay3.pddl,True,287.89,344.15,2,0,
351,2026-07-01 14:08:07.033,FF,GluingBeamHL_b19_r1_m4_lay4,Plannerinputs/generated/problemGluingBeamHL_b19_r1_m4_lay4.pddl,True,278.19,313.87,2,0,
352,2026-07-01 14:08:07.530,FF,GluingBeamHL_b5_r1_m1_lay1,Plannerinputs/generated/problemGluingBeamHL_b5_r1_m1_lay1.pddl,True,280.73,331.12,1,0,
353,2026-07-01 14:08:08.064,FF,GluingBeamHL_b7_r1_m2_lay2,Plannerinputs/generated/problemGluingBeamHL_b7_r1_m2_lay2.pddl,True,269.92,317.20,2,0,
354,2026-07-01 14:08:08.414,FF,GluingBeamHL_b13_r1_m3_lay3,Plannerinputs/generated/problemGluingBeamHL_b13_r1_m3_lay3.pddl,True,272.77,309.42,2,0,
355,2026-07-01 14:08:08.757,FF,GluingBeamHL_b19_r1_m4_lay4,Plannerinputs/generated/problemGluingBeamHL_b19_r1_m4_lay4.pddl,True,266.39,319.31,2,0,
356,2026-07-01 14:08:09.261,FF,GluingBeamHL_b6_r1_m1_lay1,Plannerinputs/generated/problemGluingBeamHL_b6_r1_m1_lay1.pddl,True,283.77,324.84,1,0,
357,2026-07-01 14:08:09.769,FF,GluingBeamHL_b7_r1_m2_lay2,Plannerinputs/generated/problemGluingBeamHL_b7_r1_m2_lay2.pddl,True,282.66,333.60,2,0,
358,2026-07-01 14:08:10.139,FF,GluingBeamHL_b13_r1_m3_lay3,Plannerinputs/generated/problemGluingBeamHL_b13_r1_m3_lay3.pddl,True,283.15,328.19,2,0,
359,2026-07-01 14:08:10.503,FF,GluingBeamHL_b19_r1_m4_lay4,Plannerinputs/generated/problemGluingBeamHL_b19_r1_m4_lay4.pddl,True,272.74,347.19,2,0,
360,2026-07-01 14:08:11.032,FF,GluingBeamHL_b4_r1_m1_lay1,Plannerinputs/generated/problemGluingBeamHL_b4_r1_m1_lay1.pddl,True,260.63,313.09,1,0,
361,2026-07-01 14:08:11.521,FF,GluingBeamHL_b7_r1_m2_lay2,Plannerinputs/generated/problemGluingBeamHL_b7_r1_m2_lay2.pddl,True,252.15,298.84,2,0,
362,2026-07-01 14:08:11.854,FF,GluingBeamHL_b13_r1_m3_lay3,Plannerinputs/generated/problemGluingBeamHL_b13_r1_m3_lay3.pddl,True,263.90,319.01,2,0,
363,2026-07-01 14:08:12.211,FF,GluingBeamHL_b19_r1_m4_lay4,Plannerinputs/generated/problemGluingBeamHL_b19_r1_m4_lay4.pddl,True,251.95,306.26,2,0,
364,2026-07-01 14:08:12.685,FF,GluingBeamHL_b3_r1_m1_lay1,Plannerinputs/generated/problemGluingBeamHL_b3_r1_m1_lay1.pddl,True,286.67,325.09,1,0,
365,2026-07-01 14:08:13.199,FF,GluingBeamHL_b7_r1_m2_lay2,Plannerinputs/generated/problemGluingBeamHL_b7_r1_m2_lay2.pddl,True,273.13,319.60,2,0,
366,2026-07-01 14:08:13.555,FF,GluingBeamHL_b13_r1_m3_lay3,Plannerinputs/generated/problemGluingBeamHL_b13_r1_m3_lay3.pddl,True,273.11,320.05,2,0,
367,2026-07-01 14:08:13.910,FF,GluingBeamHL_b19_r1_m4_lay4,Plannerinputs/generated/problemGluingBeamHL_b19_r1_m4_lay4.pddl,True,269.80,321.43,2,0,
368,2026-07-01 14:08:14.403,FF,PickUpHL_tp1_fp5_r1,Plannerinputs/generated/problemPickUpHL_tp1_fp5_r1.pddl,True,283.29,346.30,9,0,
369,2026-07-01 14:08:15.068,FF,GluingBeamHL_b13_r1_m3_lay3,Plannerinputs/generated/problemGluingBeamHL_b13_r1_m3_lay3.pddl,True,256.53,298.78,2,0,
370,2026-07-01 14:08:15.403,FF,GluingBeamHL_b19_r1_m4_lay4,Plannerinputs/generated/problemGluingBeamHL_b19_r1_m4_lay4.pddl,True,252.81,304.49,2,0,
371,2026-07-01 14:08:15.874,FF,PickUpHL_tp1_fp5_r1,Plannerinputs/generated/problemPickUpHL_tp1_fp5_r1.pddl,True,263.66,330.05,9,0,
372,2026-07-01 14:08:16.269,FF,GluingBeamHL_b8_r1_m2_lay2,Plannerinputs/generated/problemGluingBeamHL_b8_r1_m2_lay2.pddl,True,254.56,308.22,1,0,
373,2026-07-01 14:08:16.775,FF,GluingBeamHL_b13_r1_m3_lay3,Plannerinputs/generated/problemGluingBeamHL_b13_r1_m3_lay3.pddl,True,261.26,307.45,2,0,
374,2026-07-01 14:08:17.117,FF,GluingBeamHL_b19_r1_m4_lay4,Plannerinputs/generated/problemGluingBeamHL_b19_r1_m4_lay4.pddl,True,263.33,318.38,2,0,
375,2026-07-01 14:08:17.583,FF,PickUpHL_tp1_fp5_r1,Plannerinputs/generated/problemPickUpHL_tp1_fp5_r1.pddl,True,264.05,332.07,9,0,
376,2026-07-01 14:08:17.983,FF,GluingBeamHL_b11_r1_m2_lay2,Plannerinputs/generated/problemGluingBeamHL_b11_r1_m2_lay2.pddl,True,260.17,314.49,1,0,
377,2026-07-01 14:08:18.487,FF,GluingBeamHL_b13_r1_m3_lay3,Plannerinputs/generated/problemGluingBeamHL_b13_r1_m3_lay3.pddl,True,261.23,312.71,2,0,
378,2026-07-01 14:08:18.827,FF,GluingBeamHL_b19_r1_m4_lay4,Plannerinputs/generated/problemGluingBeamHL_b19_r1_m4_lay4.pddl,True,259.14,325.09,2,0,
379,2026-07-01 14:08:19.298,FF,PickUpHL_tp1_fp5_r1,Plannerinputs/generated/problemPickUpHL_tp1_fp5_r1.pddl,True,257.88,318.82,9,0,
380,2026-07-01 14:08:19.684,FF,GluingBeamHL_b12_r1_m2_lay2,Plannerinputs/generated/problemGluingBeamHL_b12_r1_m2_lay2.pddl,True,256.61,300.63,1,0,
381,2026-07-01 14:08:20.166,FF,GluingBeamHL_b13_r1_m3_lay3,Plannerinputs/generated/problemGluingBeamHL_b13_r1_m3_lay3.pddl,True,267.12,309.58,2,0,
382,2026-07-01 14:08:20.516,FF,GluingBeamHL_b19_r1_m4_lay4,Plannerinputs/generated/problemGluingBeamHL_b19_r1_m4_lay4.pddl,True,260.90,318.10,2,0,
383,2026-07-01 14:08:20.991,FF,PickUpHL_tp1_fp5_r1,Plannerinputs/generated/problemPickUpHL_tp1_fp5_r1.pddl,True,272.76,346.89,9,0,
384,2026-07-01 14:08:21.407,FF,GluingBeamHL_b10_r1_m2_lay2,Plannerinputs/generated/problemGluingBeamHL_b10_r1_m2_lay2.pddl,True,277.67,332.01,1,0,
385,2026-07-01 14:08:21.939,FF,GluingBeamHL_b13_r1_m3_lay3,Plannerinputs/generated/problemGluingBeamHL_b13_r1_m3_lay3.pddl,True,271.78,322.84,2,0,
386,2026-07-01 14:08:22.295,FF,GluingBeamHL_b19_r1_m4_lay4,Plannerinputs/generated/problemGluingBeamHL_b19_r1_m4_lay4.pddl,True,255.85,306.77,2,0,
387,2026-07-01 14:08:22.743,FF,PickUpHL_tp1_fp5_r1,Plannerinputs/generated/problemPickUpHL_tp1_fp5_r1.pddl,True,254.14,317.89,9,0,
388,2026-07-01 14:08:23.134,FF,GluingBeamHL_b9_r1_m2_lay2,Plannerinputs/generated/problemGluingBeamHL_b9_r1_m2_lay2.pddl,True,261.39,310.10,1,0,
389,2026-07-01 14:08:23.634,FF,GluingBeamHL_b13_r1_m3_lay3,Plannerinputs/generated/problemGluingBeamHL_b13_r1_m3_lay3.pddl,True,260.92,317.70,2,0,
390,2026-07-01 14:08:23.989,FF,GluingBeamHL_b19_r1_m4_lay4,Plannerinputs/generated/problemGluingBeamHL_b19_r1_m4_lay4.pddl,True,263.65,383.63,2,0,
391,2026-07-01 14:08:24.528,FF,PickUpHL_tp1_fp5_r1,Plannerinputs/generated/problemPickUpHL_tp1_fp5_r1.pddl,True,270.48,337.20,9,0,
392,2026-07-01 14:08:24.934,FF,PickUpHL_tp2_fp13_r1,Plannerinputs/generated/problemPickUpHL_tp2_fp13_r1.pddl,True,262.46,327.01,9,0,
393,2026-07-01 14:08:25.620,FF,GluingBeamHL_b19_r1_m4_lay4,Plannerinputs/generated/problemGluingBeamHL_b19_r1_m4_lay4.pddl,True,262.06,309.56,2,0,
394,2026-07-01 14:08:26.081,FF,PickUpHL_tp1_fp5_r1,Plannerinputs/generated/problemPickUpHL_tp1_fp5_r1.pddl,True,262.84,346.78,9,0,
395,2026-07-01 14:08:26.458,FF,PickUpHL_tp2_fp13_r1,Plannerinputs/generated/problemPickUpHL_tp2_fp13_r1.pddl,True,267.08,341.41,9,0,
396,2026-07-01 14:08:26.888,FF,GluingBeamHL_b14_r1_m3_lay3,Plannerinputs/generated/problemGluingBeamHL_b14_r1_m3_lay3.pddl,True,259.38,319.72,1,0,
397,2026-07-01 14:08:27.394,FF,GluingBeamHL_b19_r1_m4_lay4,Plannerinputs/generated/problemGluingBeamHL_b19_r1_m4_lay4.pddl,True,262.49,309.74,2,0,
398,2026-07-01 14:08:27.852,FF,PickUpHL_tp1_fp5_r1,Plannerinputs/generated/problemPickUpHL_tp1_fp5_r1.pddl,True,260.18,341.54,9,0,
399,2026-07-01 14:08:28.228,FF,PickUpHL_tp2_fp13_r1,Plannerinputs/generated/problemPickUpHL_tp2_fp13_r1.pddl,True,257.54,337.39,9,0,
400,2026-07-01 14:08:28.629,FF,GluingBeamHL_b17_r1_m3_lay3,Plannerinputs/generated/problemGluingBeamHL_b17_r1_m3_lay3.pddl,True,262.26,311.02,1,0,
401,2026-07-01 14:08:29.121,FF,GluingBeamHL_b19_r1_m4_lay4,Plannerinputs/generated/problemGluingBeamHL_b19_r1_m4_lay4.pddl,True,260.18,304.35,2,0,
402,2026-07-01 14:08:29.585,FF,PickUpHL_tp1_fp5_r1,Plannerinputs/generated/problemPickUpHL_tp1_fp5_r1.pddl,True,261.65,317.72,9,0,
403,2026-07-01 14:08:29.940,FF,PickUpHL_tp2_fp13_r1,Plannerinputs/generated/problemPickUpHL_tp2_fp13_r1.pddl,True,267.88,330.67,9,0,
404,2026-07-01 14:08:30.331,FF,GluingBeamHL_b18_r1_m3_lay3,Plannerinputs/generated/problemGluingBeamHL_b18_r1_m3_lay3.pddl,True,257.47,300.81,1,0,
405,2026-07-01 14:08:30.816,FF,GluingBeamHL_b19_r1_m4_lay4,Plannerinputs/generated/problemGluingBeamHL_b19_r1_m4_lay4.pddl,True,277.48,322.00,2,0,
406,2026-07-01 14:08:31.279,FF,PickUpHL_tp1_fp5_r1,Plannerinputs/generated/problemPickUpHL_tp1_fp5_r1.pddl,True,260.32,312.23,9,0,
407,2026-07-01 14:08:31.610,FF,PickUpHL_tp2_fp13_r1,Plannerinputs/generated/problemPickUpHL_tp2_fp13_r1.pddl,True,268.60,346.74,9,0,
408,2026-07-01 14:08:32.029,FF,GluingBeamHL_b16_r1_m3_lay3,Plannerinputs/generated/problemGluingBeamHL_b16_r1_m3_lay3.pddl,True,266.95,311.05,1,0,
409,2026-07-01 14:08:32.529,FF,GluingBeamHL_b19_r1_m4_lay4,Plannerinputs/generated/problemGluingBeamHL_b19_r1_m4_lay4.pddl,True,257.82,310.60,2,0,
410,2026-07-01 14:08:32.987,FF,PickUpHL_tp1_fp5_r1,Plannerinputs/generated/problemPickUpHL_tp1_fp5_r1.pddl,True,265.41,327.79,9,0,
411,2026-07-01 14:08:33.339,FF,PickUpHL_tp2_fp13_r1,Plannerinputs/generated/problemPickUpHL_tp2_fp13_r1.pddl,True,262.64,325.12,9,0,
412,2026-07-01 14:08:33.726,FF,GluingBeamHL_b15_r1_m3_lay3,Plannerinputs/generated/problemGluingBeamHL_b15_r1_m3_lay3.pddl,True,255.89,299.64,1,0,
413,2026-07-01 14:08:34.216,FF,GluingBeamHL_b19_r1_m4_lay4,Plannerinputs/generated/problemGluingBeamHL_b19_r1_m4_lay4.pddl,True,257.68,312.62,2,0,
414,2026-07-01 14:08:34.682,FF,PickUpHL_tp1_fp5_r1,Plannerinputs/generated/problemPickUpHL_tp1_fp5_r1.pddl,True,263.91,332.67,9,0,
415,2026-07-01 14:08:35.050,FF,PickUpHL_tp2_fp13_r1,Plannerinputs/generated/problemPickUpHL_tp2_fp13_r1.pddl,True,260.85,323.28,9,0,
416,2026-07-01 14:08:35.444,FF,PickUpHL_tp3_fp21_r1,Plannerinputs/generated/problemPickUpHL_tp3_fp21_r1.pddl,True,257.84,316.25,9,0,
417,2026-07-01 14:08:36.209,FF,PickUpHL_tp1_fp5_r1,Plannerinputs/generated/problemPickUpHL_tp1_fp5_r1.pddl,True,275.31,341.76,9,0,
418,2026-07-01 14:08:36.565,FF,PickUpHL_tp2_fp13_r1,Plannerinputs/generated/problemPickUpHL_tp2_fp13_r1.pddl,True,257.53,330.81,9,0,
419,2026-07-01 14:08:36.930,FF,PickUpHL_tp3_fp21_r1,Plannerinputs/generated/problemPickUpHL_tp3_fp21_r1.pddl,True,258.37,325.29,9,0,
420,2026-07-01 14:08:37.322,FF,GluingBeamHL_b20_r1_m4_lay4,Plannerinputs/generated/problemGluingBeamHL_b20_r1_m4_lay4.pddl,True,258.31,300.79,1,0,
421,2026-07-01 14:08:37.918,FF,PickUpHL_tp1_fp5_r1,Plannerinputs/generated/problemPickUpHL_tp1_fp5_r1.pddl,True,266.65,327.74,9,0,
422,2026-07-01 14:08:38.280,FF,PickUpHL_tp2_fp13_r1,Plannerinputs/generated/problemPickUpHL_tp2_fp13_r1.pddl,True,256.77,328.72,9,0,
423,2026-07-01 14:08:38.629,FF,PickUpHL_tp3_fp21_r1,Plannerinputs/generated/problemPickUpHL_tp3_fp21_r1.pddl,True,260.15,325.28,9,0,
424,2026-07-01 14:08:39.030,FF,GluingBeamHL_b23_r1_m4_lay4,Plannerinputs/generated/problemGluingBeamHL_b23_r1_m4_lay4.pddl,True,256.10,307.62,1,0,
425,2026-07-01 14:08:39.636,FF,PickUpHL_tp1_fp5_r1,Plannerinputs/generated/problemPickUpHL_tp1_fp5_r1.pddl,True,258.03,334.44,9,0,
426,2026-07-01 14:08:40.008,FF,PickUpHL_tp2_fp13_r1,Plannerinputs/generated/problemPickUpHL_tp2_fp13_r1.pddl,True,287.23,356.05,9,0,
427,2026-07-01 14:08:40.400,FF,PickUpHL_tp3_fp21_r1,Plannerinputs/generated/problemPickUpHL_tp3_fp21_r1.pddl,True,264.71,325.91,9,0,
428,2026-07-01 14:08:40.782,FF,GluingBeamHL_b24_r1_m4_lay4,Plannerinputs/generated/problemGluingBeamHL_b24_r1_m4_lay4.pddl,True,252.34,378.70,1,0,
429,2026-07-01 14:08:41.466,FF,PickUpHL_tp1_fp5_r1,Plannerinputs/generated/problemPickUpHL_tp1_fp5_r1.pddl,True,257.12,327.88,9,0,
430,2026-07-01 14:08:41.828,FF,PickUpHL_tp2_fp13_r1,Plannerinputs/generated/problemPickUpHL_tp2_fp13_r1.pddl,True,254.28,316.29,9,0,
431,2026-07-01 14:08:42.179,FF,PickUpHL_tp3_fp21_r1,Plannerinputs/generated/problemPickUpHL_tp3_fp21_r1.pddl,True,252.83,323.99,9,0,
432,2026-07-01 14:08:42.586,FF,GluingBeamHL_b22_r1_m4_lay4,Plannerinputs/generated/problemGluingBeamHL_b22_r1_m4_lay4.pddl,True,266.37,316.86,1,0,
433,2026-07-01 14:08:43.197,FF,PickUpHL_tp1_fp5_r1,Plannerinputs/generated/problemPickUpHL_tp1_fp5_r1.pddl,True,253.32,336.38,9,0,
434,2026-07-01 14:08:43.568,FF,PickUpHL_tp2_fp13_r1,Plannerinputs/generated/problemPickUpHL_tp2_fp13_r1.pddl,True,256.72,344.25,9,0,
435,2026-07-01 14:08:43.945,FF,PickUpHL_tp3_fp21_r1,Plannerinputs/generated/problemPickUpHL_tp3_fp21_r1.pddl,True,261.19,326.78,9,0,
436,2026-07-01 14:08:44.322,FF,GluingBeamHL_b21_r1_m4_lay4,Plannerinputs/generated/problemGluingBeamHL_b21_r1_m4_lay4.pddl,True,254.44,312.49,1,0,
437,2026-07-01 14:08:44.923,FF,PickUpHL_tp1_fp5_r1,Plannerinputs/generated/problemPickUpHL_tp1_fp5_r1.pddl,True,263.19,348.78,9,0,
438,2026-07-01 14:08:45.304,FF,PickUpHL_tp2_fp13_r1,Plannerinputs/generated/problemPickUpHL_tp2_fp13_r1.pddl,True,258.08,323.82,9,0,
439,2026-07-01 14:08:45.659,FF,PickUpHL_tp3_fp21_r1,Plannerinputs/generated/problemPickUpHL_tp3_fp21_r1.pddl,True,252.76,326.71,9,0,
440,2026-07-01 14:08:46.041,FF,PickUpHL_tp4_fp29_r1,Plannerinputs/generated/problemPickUpHL_tp4_fp29_r1.pddl,True,258.31,326.40,8,0,
441,2026-07-01 14:08:47.670,FF,PickUpHL_tp1_fp5_r1,Plannerinputs/generated/problemPickUpHL_tp1_fp5_r1.pddl,True,255.99,318.73,3,0,
442,2026-07-01 14:08:48.027,FF,PickUpHL_tp2_fp13_r1,Plannerinputs/generated/problemPickUpHL_tp2_fp13_r1.pddl,True,266.79,318.20,3,0,
443,2026-07-01 14:08:48.383,FF,PickUpHL_tp3_fp21_r1,Plannerinputs/generated/problemPickUpHL_tp3_fp21_r1.pddl,True,257.61,318.10,3,0,
444,2026-07-01 14:08:48.766,FF,StackOnMultipleHL_tp4_r1_pr4_m4_lay4,Plannerinputs/generated/problemStackOnMultipleHL_tp4_r1_pr4_m4_lay4.pddl,True,253.32,304.90,2,0,
445,2026-07-01 14:08:49.511,FF,PickUpHL_tp1_fp5_r1,Plannerinputs/generated/problemPickUpHL_tp1_fp5_r1.pddl,True,279.68,350.26,2,0,
446,2026-07-01 14:08:49.888,FF,PickUpHL_tp2_fp13_r1,Plannerinputs/generated/problemPickUpHL_tp2_fp13_r1.pddl,True,265.44,329.20,2,0,
447,2026-07-01 14:08:50.256,FF,PickUpHL_tp3_fp21_r1,Plannerinputs/generated/problemPickUpHL_tp3_fp21_r1.pddl,True,259.34,313.97,2,0,
448,2026-07-01 14:08:50.653,FF,NailingHL_tp4_r1,Plannerinputs/generated/problemNailingHL_tp4_r1.pddl,True,287.37,360.49,8,0,
449,2026-07-01 14:08:51.453,FF,PickUpHL_tp2_fp13_r1,Plannerinputs/generated/problemPickUpHL_tp2_fp13_r1.pddl,True,272.81,335.15,3,0,
450,2026-07-01 14:08:51.825,FF,PickUpHL_tp3_fp21_r1,Plannerinputs/generated/problemPickUpHL_tp3_fp21_r1.pddl,True,253.87,310.74,3,0,
451,2026-07-01 14:08:52.172,FF,NailingHL_tp4_r1,Plannerinputs/generated/problemNailingHL_tp4_r1.pddl,True,263.95,364.56,11,0,
452,2026-07-01 14:08:52.700,FF,StackOnMultipleHL_tp1_r1_pr1_m1_lay1,Plannerinputs/generated/problemStackOnMultipleHL_tp1_r1_pr1_m1_lay1.pddl,True,258.33,307.52,2,0,
453,2026-07-01 14:08:53.340,FF,PickUpHL_tp2_fp13_r1,Plannerinputs/generated/problemPickUpHL_tp2_fp13_r1.pddl,True,258.81,315.98,2,0,
454,2026-07-01 14:08:53.673,FF,PickUpHL_tp3_fp21_r1,Plannerinputs/generated/problemPickUpHL_tp3_fp21_r1.pddl,True,253.80,301.13,2,0,
455,2026-07-01 14:08:54.005,FF,NailingHL_tp4_r1,Plannerinputs/generated/problemNailingHL_tp4_r1.pddl,True,268.91,338.97,8,0,
456,2026-07-01 14:08:54.528,FF,NailingHL_tp1_r1,Plannerinputs/generated/problemNailingHL_tp1_r1.pddl,True,259.00,326.60,8,0,
457,2026-07-01 14:08:55.173,FF,PickUpHL_tp3_fp21_r1,Plannerinputs/generated/problemPickUpHL_tp3_fp21_r1.pddl,True,263.78,319.29,3,0,
458,2026-07-01 14:08:55.530,FF,NailingHL_tp4_r1,Plannerinputs/generated/problemNailingHL_tp4_r1.pddl,True,258.86,332.50,11,0,
459,2026-07-01 14:08:56.032,FF,NailingHL_tp1_r1,Plannerinputs/generated/problemNailingHL_tp1_r1.pddl,True,265.11,334.69,11,0,
460,2026-07-01 14:08:56.432,FF,StackOnMultipleHL_tp2_r1_pr2_m2_lay2,Plannerinputs/generated/problemStackOnMultipleHL_tp2_r1_pr2_m2_lay2.pddl,True,254.23,318.69,2,0,
461,2026-07-01 14:08:57.095,FF,PickUpHL_tp3_fp21_r1,Plannerinputs/generated/problemPickUpHL_tp3_fp21_r1.pddl,True,272.26,324.82,2,0,
462,2026-07-01 14:08:57.454,FF,NailingHL_tp4_r1,Plannerinputs/generated/problemNailingHL_tp4_r1.pddl,True,258.07,332.01,8,0,
463,2026-07-01 14:08:57.934,FF,NailingHL_tp1_r1,Plannerinputs/generated/problemNailingHL_tp1_r1.pddl,True,258.30,319.32,8,0,
464,2026-07-01 14:08:58.304,FF,NailingHL_tp2_r1,Plannerinputs/generated/problemNailingHL_tp2_r1.pddl,True,258.86,328.90,8,0,
465,2026-07-01 14:08:58.972,FF,NailingHL_tp4_r1,Plannerinputs/generated/problemNailingHL_tp4_r1.pddl,True,261.22,331.08,11,0,
466,2026-07-01 14:08:59.466,FF,NailingHL_tp1_r1,Plannerinputs/generated/problemNailingHL_tp1_r1.pddl,True,254.43,324.92,11,0,
467,2026-07-01 14:08:59.825,FF,NailingHL_tp2_r1,Plannerinputs/generated/problemNailingHL_tp2_r1.pddl,True,270.31,333.93,11,0,
468,2026-07-01 14:09:00.215,FF,StackOnMultipleHL_tp3_r1_pr3_m3_lay3,Plannerinputs/generated/problemStackOnMultipleHL_tp3_r1_pr3_m3_lay3.pddl,True,253.86,310.60,2,0,
469,2026-07-01 14:09:00.849,FF,NailingHL_tp4_r1,Plannerinputs/generated/problemNailingHL_tp4_r1.pddl,True,253.41,301.81,8,0,
470,2026-07-01 14:09:01.292,FF,NailingHL_tp1_r1,Plannerinputs/generated/problemNailingHL_tp1_r1.pddl,True,284.62,357.91,8,0,
471,2026-07-01 14:09:01.687,FF,NailingHL_tp2_r1,Plannerinputs/generated/problemNailingHL_tp2_r1.pddl,True,248.63,315.18,8,0,
472,2026-07-01 14:09:02.071,FF,NailingHL_tp3_r1,Plannerinputs/generated/problemNailingHL_tp3_r1.pddl,True,261.62,317.46,8,0,
473,2026-07-01 14:09:03.684,FF,NailingHL_tp1_r1,Plannerinputs/generated/problemNailingHL_tp1_r1.pddl,True,255.43,311.64,2,0,
474,2026-07-01 14:09:04.033,FF,NailingHL_tp2_r1,Plannerinputs/generated/problemNailingHL_tp2_r1.pddl,True,264.21,322.69,2,0,
475,2026-07-01 14:09:04.390,FF,NailingHL_tp3_r1,Plannerinputs/generated/problemNailingHL_tp3_r1.pddl,True,258.71,322.92,2,0,
476,2026-07-01 14:09:04.797,FF,MoveCassetteToStackHL_tp4_lp4_pr4_sp4_r1_m4_lay4,Plannerinputs/generated/problemMoveCassetteToStackHL_tp4_lp4_pr4_sp4_r1_m4_lay4.pddl,True,258.29,319.01,10,0,
477,2026-07-01 14:09:05.552,FF,NailingHL_tp2_r1,Plannerinputs/generated/problemNailingHL_tp2_r1.pddl,True,264.45,314.53,2,0,
478,2026-07-01 14:09:05.901,FF,NailingHL_tp3_r1,Plannerinputs/generated/problemNailingHL_tp3_r1.pddl,True,257.38,305.78,2,0,
479,2026-07-01 14:09:06.241,FF,MoveCassetteToStackHL_tp4_lp4_pr4_sp4_r1_m4_lay4,Plannerinputs/generated/problemMoveCassetteToStackHL_tp4_lp4_pr4_sp4_r1_m4_lay4.pddl,True,267.93,341.25,10,0,
480,2026-07-01 14:09:06.762,FF,MoveCassetteToStackHL_tp1_lp1_pr1_sp1_r1_m1_lay1,Plannerinputs/generated/problemMoveCassetteToStackHL_tp1_lp1_pr1_sp1_r1_m1_lay1.pddl,True,258.18,338.40,10,0,
481,2026-07-01 14:09:07.429,FF,NailingHL_tp3_r1,Plannerinputs/generated/problemNailingHL_tp3_r1.pddl,True,262.67,318.53,2,0,
482,2026-07-01 14:09:07.783,FF,MoveCassetteToStackHL_tp4_lp4_pr4_sp4_r1_m4_lay4,Plannerinputs/generated/problemMoveCassetteToStackHL_tp4_lp4_pr4_sp4_r1_m4_lay4.pddl,True,256.37,325.72,10,0,
483,2026-07-01 14:09:08.259,FF,MoveCassetteToStackHL_tp1_lp1_pr1_sp1_r1_m1_lay1,Plannerinputs/generated/problemMoveCassetteToStackHL_tp1_lp1_pr1_sp1_r1_m1_lay1.pddl,True,256.47,318.34,10,0,
484,2026-07-01 14:09:08.649,FF,MoveCassetteToStackHL_tp2_lp2_pr2_sp2_r1_m2_lay2,Plannerinputs/generated/problemMoveCassetteToStackHL_tp2_lp2_pr2_sp2_r1_m2_lay2.pddl,True,258.93,317.58,10,0,
485,2026-07-01 14:09:09.298,FF,MoveCassetteToStackHL_tp4_lp4_pr4_sp4_r1_m4_lay4,Plannerinputs/generated/problemMoveCassetteToStackHL_tp4_lp4_pr4_sp4_r1_m4_lay4.pddl,True,277.63,350.75,10,0,
486,2026-07-01 14:09:09.794,FF,MoveCassetteToStackHL_tp1_lp1_pr1_sp1_r1_m1_lay1,Plannerinputs/generated/problemMoveCassetteToStackHL_tp1_lp1_pr1_sp1_r1_m1_lay1.pddl,True,264.74,339.75,10,0,
487,2026-07-01 14:09:10.169,FF,MoveCassetteToStackHL_tp2_lp2_pr2_sp2_r1_m2_lay2,Plannerinputs/generated/problemMoveCassetteToStackHL_tp2_lp2_pr2_sp2_r1_m2_lay2.pddl,True,267.12,340.16,10,0,
488,2026-07-01 14:09:10.576,FF,MoveCassetteToStackHL_tp3_lp3_pr3_sp3_r1_m3_lay3,Plannerinputs/generated/problemMoveCassetteToStackHL_tp3_lp3_pr3_sp3_r1_m3_lay3.pddl,True,262.90,324.34,10,0,
489,2026-07-01 14:09:12.480,FF,MoveCassetteToStackHL_tp1_lp1_pr1_sp1_r1_m1_lay1,Plannerinputs/generated/problemMoveCassetteToStackHL_tp1_lp1_pr1_sp1_r1_m1_lay1.pddl,True,265.06,314.54,4,0,
490,2026-07-01 14:09:12.831,FF,MoveCassetteToStackHL_tp2_lp2_pr2_sp2_r1_m2_lay2,Plannerinputs/generated/problemMoveCassetteToStackHL_tp2_lp2_pr2_sp2_r1_m2_lay2.pddl,True,252.76,320.82,4,0,
491,2026-07-01 14:09:13.185,FF,MoveCassetteToStackHL_tp3_lp3_pr3_sp3_r1_m3_lay3,Plannerinputs/generated/problemMoveCassetteToStackHL_tp3_lp3_pr3_sp3_r1_m3_lay3.pddl,True,275.93,326.90,4,0,
492,2026-07-01 14:09:14.211,FF,MoveCassetteToStackHL_tp2_lp2_pr2_sp2_r1_m2_lay2,Plannerinputs/generated/problemMoveCassetteToStackHL_tp2_lp2_pr2_sp2_r1_m2_lay2.pddl,True,273.94,333.18,4,0,
493,2026-07-01 14:09:14.579,FF,MoveCassetteToStackHL_tp3_lp3_pr3_sp3_r1_m3_lay3,Plannerinputs/generated/problemMoveCassetteToStackHL_tp3_lp3_pr3_sp3_r1_m3_lay3.pddl,True,308.02,369.95,4,0,
494,2026-07-01 14:09:15.678,FF,MoveCassetteToStackHL_tp3_lp3_pr3_sp3_r1_m3_lay3,Plannerinputs/generated/problemMoveCassetteToStackHL_tp3_lp3_pr3_sp3_r1_m3_lay3.pddl,True,264.24,320.07,4,0,
495,2026-07-01 14:09:16.887,ENHSP,cassette5,./Plannerinputs/static/problemC5.pddl,True,1298.19,1384.66,31,0,
496,2026-07-01 14:09:18.272,ENHSP,cassette6,./Plannerinputs/static/problemC6.pddl,True,1388.41,1487.54,31,0,
497,2026-07-01 14:09:19.760,ENHSP,cassette7,./Plannerinputs/static/problemC7.pddl,True,1304.63,1390.07,31,0,
498,2026-07-01 14:09:21.150,ENHSP,cassette8,./Plannerinputs/static/problemC8.pddl,True,1294.23,1398.16,31,0,
499,2026-07-01 14:09:22.679,FF,PickUpHL_lp5_fp33_r1,Plannerinputs/generated/problemPickUpHL_lp5_fp33_r1.pddl,True,279.24,335.28,2,0,
500,2026-07-01 14:09:23.048,FF,PickUpHL_lp6_fp41_r1,Plannerinputs/generated/problemPickUpHL_lp6_fp41_r1.pddl,True,276.88,326.33,2,0,
501,2026-07-01 14:09:23.406,FF,PickUpHL_lp7_fp49_r1,Plannerinputs/generated/problemPickUpHL_lp7_fp49_r1.pddl,True,288.36,341.48,2,0,
502,2026-07-01 14:09:23.797,FF,PickUpHL_lp8_fp57_r1,Plannerinputs/generated/problemPickUpHL_lp8_fp57_r1.pddl,True,277.02,335.92,2,0,
503,2026-07-01 14:09:24.577,FF,PickUpHL_lp6_fp41_r1,Plannerinputs/generated/problemPickUpHL_lp6_fp41_r1.pddl,True,275.78,341.36,3,0,
504,2026-07-01 14:09:24.949,FF,PickUpHL_lp7_fp49_r1,Plannerinputs/generated/problemPickUpHL_lp7_fp49_r1.pddl,True,275.96,325.81,3,0,
505,2026-07-01 14:09:25.312,FF,PickUpHL_lp8_fp57_r1,Plannerinputs/generated/problemPickUpHL_lp8_fp57_r1.pddl,True,280.79,327.28,3,0,
506,2026-07-01 14:09:25.786,FF,PlaceHL_lp5_pr1_r1,Plannerinputs/generated/problemPlaceHL_lp5_pr1_r1.pddl,True,274.68,322.03,2,0,
507,2026-07-01 14:09:26.428,FF,PickUpHL_lp6_fp41_r1,Plannerinputs/generated/problemPickUpHL_lp6_fp41_r1.pddl,True,285.39,330.68,2,0,
508,2026-07-01 14:09:26.798,FF,PickUpHL_lp7_fp49_r1,Plannerinputs/generated/problemPickUpHL_lp7_fp49_r1.pddl,True,278.73,320.43,2,0,
509,2026-07-01 14:09:27.156,FF,PickUpHL_lp8_fp57_r1,Plannerinputs/generated/problemPickUpHL_lp8_fp57_r1.pddl,True,276.96,328.12,2,0,
510,2026-07-01 14:09:27.637,FF,GluingPlateHL_lp5_pr1_r1,Plannerinputs/generated/problemGluingPlateHL_lp5_pr1_r1.pddl,True,290.63,347.87,8,0,
511,2026-07-01 14:09:28.333,FF,PickUpHL_lp7_fp49_r1,Plannerinputs/generated/problemPickUpHL_lp7_fp49_r1.pddl,True,281.86,344.91,3,0,
512,2026-07-01 14:09:28.712,FF,PickUpHL_lp8_fp57_r1,Plannerinputs/generated/problemPickUpHL_lp8_fp57_r1.pddl,True,274.59,322.42,3,0,
513,2026-07-01 14:09:29.181,FF,GluingPlateHL_lp5_pr1_r1,Plannerinputs/generated/problemGluingPlateHL_lp5_pr1_r1.pddl,True,337.04,404.38,11,0,
514,2026-07-01 14:09:29.608,FF,PlaceHL_lp6_pr2_r1,Plannerinputs/generated/problemPlaceHL_lp6_pr2_r1.pddl,True,281.53,338.48,2,0,
515,2026-07-01 14:09:30.339,FF,PickUpHL_lp7_fp49_r1,Plannerinputs/generated/problemPickUpHL_lp7_fp49_r1.pddl,True,282.47,397.37,2,0,
516,2026-07-01 14:09:30.764,FF,PickUpHL_lp8_fp57_r1,Plannerinputs/generated/problemPickUpHL_lp8_fp57_r1.pddl,True,285.09,335.71,2,0,
517,2026-07-01 14:09:31.247,FF,GluingPlateHL_lp5_pr1_r1,Plannerinputs/generated/problemGluingPlateHL_lp5_pr1_r1.pddl,True,296.41,355.99,8,0,
518,2026-07-01 14:09:31.648,FF,GluingPlateHL_lp6_pr2_r1,Plannerinputs/generated/problemGluingPlateHL_lp6_pr2_r1.pddl,True,289.89,349.48,8,0,
519,2026-07-01 14:09:32.325,FF,PickUpHL_lp8_fp57_r1,Plannerinputs/generated/problemPickUpHL_lp8_fp57_r1.pddl,True,292.82,340.97,3,0,
520,2026-07-01 14:09:32.804,FF,GluingPlateHL_lp5_pr1_r1,Plannerinputs/generated/problemGluingPlateHL_lp5_pr1_r1.pddl,True,336.04,406.91,11,0,
521,2026-07-01 14:09:33.249,FF,GluingPlateHL_lp6_pr2_r1,Plannerinputs/generated/problemGluingPlateHL_lp6_pr2_r1.pddl,True,319.21,383.81,11,0,
522,2026-07-01 14:09:33.648,FF,PlaceHL_lp7_pr3_r1,Plannerinputs/generated/problemPlaceHL_lp7_pr3_r1.pddl,True,277.71,328.28,2,0,
523,2026-07-01 14:09:34.323,FF,PickUpHL_lp8_fp57_r1,Plannerinputs/generated/problemPickUpHL_lp8_fp57_r1.pddl,True,278.50,329.26,2,0,
524,2026-07-01 14:09:34.805,FF,GluingPlateHL_lp5_pr1_r1,Plannerinputs/generated/problemGluingPlateHL_lp5_pr1_r1.pddl,True,298.13,360.63,8,0,
525,2026-07-01 14:09:35.205,FF,GluingPlateHL_lp6_pr2_r1,Plannerinputs/generated/problemGluingPlateHL_lp6_pr2_r1.pddl,True,287.94,344.89,8,0,
526,2026-07-01 14:09:35.620,FF,GluingPlateHL_lp7_pr3_r1,Plannerinputs/generated/problemGluingPlateHL_lp7_pr3_r1.pddl,True,292.22,357.24,8,0,
527,2026-07-01 14:09:36.420,FF,GluingPlateHL_lp5_pr1_r1,Plannerinputs/generated/problemGluingPlateHL_lp5_pr1_r1.pddl,True,320.68,413.23,11,0,
528,2026-07-01 14:09:36.856,FF,GluingPlateHL_lp6_pr2_r1,Plannerinputs/generated/problemGluingPlateHL_lp6_pr2_r1.pddl,True,317.86,429.58,11,0,
529,2026-07-01 14:09:37.325,FF,GluingPlateHL_lp7_pr3_r1,Plannerinputs/generated/problemGluingPlateHL_lp7_pr3_r1.pddl,True,315.58,445.44,11,0,
530,2026-07-01 14:09:37.824,FF,PlaceHL_lp8_pr4_r1,Plannerinputs/generated/problemPlaceHL_lp8_pr4_r1.pddl,True,285.40,399.85,2,0,
531,2026-07-01 14:09:38.669,FF,GluingPlateHL_lp5_pr1_r1,Plannerinputs/generated/problemGluingPlateHL_lp5_pr1_r1.pddl,True,287.99,390.20,8,0,
532,2026-07-01 14:09:39.091,FF,GluingPlateHL_lp6_pr2_r1,Plannerinputs/generated/problemGluingPlateHL_lp6_pr2_r1.pddl,True,298.88,387.95,8,0,
533,2026-07-01 14:09:39.515,FF,GluingPlateHL_lp7_pr3_r1,Plannerinputs/generated/problemGluingPlateHL_lp7_pr3_r1.pddl,True,297.79,367.60,8,0,
534,2026-07-01 14:09:39.934,FF,GluingPlateHL_lp8_pr4_r1,Plannerinputs/generated/problemGluingPlateHL_lp8_pr4_r1.pddl,True,297.05,437.81,8,0,
535,2026-07-01 14:09:41.727,FF,GluingPlateHL_lp6_pr2_r1,Plannerinputs/generated/problemGluingPlateHL_lp6_pr2_r1.pddl,True,276.08,323.95,2,0,
536,2026-07-01 14:09:42.086,FF,GluingPlateHL_lp7_pr3_r1,Plannerinputs/generated/problemGluingPlateHL_lp7_pr3_r1.pddl,True,288.63,337.89,2,0,
537,2026-07-01 14:09:42.461,FF,GluingPlateHL_lp8_pr4_r1,Plannerinputs/generated/problemGluingPlateHL_lp8_pr4_r1.pddl,True,278.69,327.94,2,0,
538,2026-07-01 14:09:42.947,FF,PickUpHL_b25_fp34_r1,Plannerinputs/generated/problemPickUpHL_b25_fp34_r1.pddl,True,296.21,361.36,9,0,
539,2026-07-01 14:09:43.626,FF,GluingPlateHL_lp7_pr3_r1,Plannerinputs/generated/problemGluingPlateHL_lp7_pr3_r1.pddl,True,273.94,326.92,2,0,
540,2026-07-01 14:09:43.992,FF,GluingPlateHL_lp8_pr4_r1,Plannerinputs/generated/problemGluingPlateHL_lp8_pr4_r1.pddl,True,274.08,314.60,2,0,
541,2026-07-01 14:09:44.456,FF,PickUpHL_b25_fp34_r1,Plannerinputs/generated/problemPickUpHL_b25_fp34_r1.pddl,True,296.75,374.91,9,0,
542,2026-07-01 14:09:44.877,FF,PickUpHL_b31_fp42_r1,Plannerinputs/generated/problemPickUpHL_b31_fp42_r1.pddl,True,300.43,367.46,9,0,
543,2026-07-01 14:09:45.586,FF,GluingPlateHL_lp8_pr4_r1,Plannerinputs/generated/problemGluingPlateHL_lp8_pr4_r1.pddl,True,273.14,330.50,2,0,
544,2026-07-01 14:09:46.065,FF,PickUpHL_b25_fp34_r1,Plannerinputs/generated/problemPickUpHL_b25_fp34_r1.pddl,True,311.78,399.58,9,0,
545,2026-07-01 14:09:46.488,FF,PickUpHL_b31_fp42_r1,Plannerinputs/generated/problemPickUpHL_b31_fp42_r1.pddl,True,295.65,360.64,9,0,
546,2026-07-01 14:09:46.894,FF,PickUpHL_b37_fp50_r1,Plannerinputs/generated/problemPickUpHL_b37_fp50_r1.pddl,True,291.16,369.12,9,0,
547,2026-07-01 14:09:47.693,FF,PickUpHL_b25_fp34_r1,Plannerinputs/generated/problemPickUpHL_b25_fp34_r1.pddl,True,293.90,365.23,9,0,
548,2026-07-01 14:09:48.093,FF,PickUpHL_b31_fp42_r1,Plannerinputs/generated/problemPickUpHL_b31_fp42_r1.pddl,True,296.85,367.11,9,0,
549,2026-07-01 14:09:48.484,FF,PickUpHL_b37_fp50_r1,Plannerinputs/generated/problemPickUpHL_b37_fp50_r1.pddl,True,298.40,364.62,9,0,
550,2026-07-01 14:09:48.905,FF,PickUpHL_b43_fp58_r1,Plannerinputs/generated/problemPickUpHL_b43_fp58_r1.pddl,True,299.50,380.77,9,0,
551,2026-07-01 14:09:50.796,FF,PickUpHL_b31_fp42_r1,Plannerinputs/generated/problemPickUpHL_b31_fp42_r1.pddl,True,284.73,346.98,3,0,
552,2026-07-01 14:09:51.175,FF,PickUpHL_b37_fp50_r1,Plannerinputs/generated/problemPickUpHL_b37_fp50_r1.pddl,True,279.56,343.89,3,0,
553,2026-07-01 14:09:51.539,FF,PickUpHL_b43_fp58_r1,Plannerinputs/generated/problemPickUpHL_b43_fp58_r1.pddl,True,279.43,329.42,3,0,
554,2026-07-01 14:09:52.028,FF,StackHL_b25_lp5_r1_pr1_lay5_m5,Plannerinputs/generated/problemStackHL_b25_lp5_r1_pr1_lay5_m5.pddl,True,283.63,349.32,2,0,
555,2026-07-01 14:09:52.725,FF,PickUpHL_b31_fp42_r1,Plannerinputs/generated/problemPickUpHL_b31_fp42_r1.pddl,True,277.00,331.65,2,0,
556,2026-07-01 14:09:53.094,FF,PickUpHL_b37_fp50_r1,Plannerinputs/generated/problemPickUpHL_b37_fp50_r1.pddl,True,278.88,342.11,2,0,
557,2026-07-01 14:09:53.480,FF,PickUpHL_b43_fp58_r1,Plannerinputs/generated/problemPickUpHL_b43_fp58_r1.pddl,True,287.73,334.36,2,0,
558,2026-07-01 14:09:53.942,FF,PickUpHL_b26_fp35_r1,Plannerinputs/generated/problemPickUpHL_b26_fp35_r1.pddl,True,279.63,333.57,2,0,
559,2026-07-01 14:09:54.613,FF,PickUpHL_b37_fp50_r1,Plannerinputs/generated/problemPickUpHL_b37_fp50_r1.pddl,True,284.48,331.56,3,0,
560,2026-07-01 14:09:54.970,FF,PickUpHL_b43_fp58_r1,Plannerinputs/generated/problemPickUpHL_b43_fp58_r1.pddl,True,278.88,330.76,3,0,
561,2026-07-01 14:09:55.444,FF,PickUpHL_b26_fp35_r1,Plannerinputs/generated/problemPickUpHL_b26_fp35_r1.pddl,True,281.15,328.13,3,0,
562,2026-07-01 14:09:55.833,FF,StackHL_b31_lp6_r1_pr2_lay6_m6,Plannerinputs/generated/problemStackHL_b31_lp6_r1_pr2_lay6_m6.pddl,True,276.22,346.09,2,0,
563,2026-07-01 14:09:56.537,FF,PickUpHL_b37_fp50_r1,Plannerinputs/generated/problemPickUpHL_b37_fp50_r1.pddl,True,283.36,331.35,2,0,
564,2026-07-01 14:09:56.901,FF,PickUpHL_b43_fp58_r1,Plannerinputs/generated/problemPickUpHL_b43_fp58_r1.pddl,True,273.57,331.23,2,0,
565,2026-07-01 14:09:57.392,FF,PickUpHL_b26_fp35_r1,Plannerinputs/generated/problemPickUpHL_b26_fp35_r1.pddl,True,282.52,332.31,2,0,
566,2026-07-01 14:09:57.779,FF,PickUpHL_b32_fp43_r1,Plannerinputs/generated/problemPickUpHL_b32_fp43_r1.pddl,True,271.41,327.13,2,0,
567,2026-07-01 14:09:58.430,FF,PickUpHL_b43_fp58_r1,Plannerinputs/generated/problemPickUpHL_b43_fp58_r1.pddl,True,279.15,328.78,3,0,
568,2026-07-01 14:09:58.918,FF,PickUpHL_b26_fp35_r1,Plannerinputs/generated/problemPickUpHL_b26_fp35_r1.pddl,True,291.15,343.76,3,0,
569,2026-07-01 14:09:59.305,FF,PickUpHL_b32_fp43_r1,Plannerinputs/generated/problemPickUpHL_b32_fp43_r1.pddl,True,274.25,327.10,3,0,
570,2026-07-01 14:09:59.690,FF,StackHL_b37_lp7_r1_pr3_lay7_m7,Plannerinputs/generated/problemStackHL_b37_lp7_r1_pr3_lay7_m7.pddl,True,290.38,339.34,2,0,
571,2026-07-01 14:10:00.374,FF,PickUpHL_b43_fp58_r1,Plannerinputs/generated/problemPickUpHL_b43_fp58_r1.pddl,True,292.24,346.93,2,0,
572,2026-07-01 14:10:00.873,FF,PickUpHL_b26_fp35_r1,Plannerinputs/generated/problemPickUpHL_b26_fp35_r1.pddl,True,279.40,321.39,2,0,
573,2026-07-01 14:10:01.231,FF,PickUpHL_b32_fp43_r1,Plannerinputs/generated/problemPickUpHL_b32_fp43_r1.pddl,True,282.84,338.01,2,0,
574,2026-07-01 14:10:01.622,FF,PickUpHL_b38_fp51_r1,Plannerinputs/generated/problemPickUpHL_b38_fp51_r1.pddl,True,278.27,336.60,2,0,
575,2026-07-01 14:10:02.408,FF,PickUpHL_b26_fp35_r1,Plannerinputs/generated/problemPickUpHL_b26_fp35_r1.pddl,True,277.81,363.74,3,0,
576,2026-07-01 14:10:02.808,FF,PickUpHL_b32_fp43_r1,Plannerinputs/generated/problemPickUpHL_b32_fp43_r1.pddl,True,271.93,333.28,3,0,
577,2026-07-01 14:10:03.193,FF,PickUpHL_b38_fp51_r1,Plannerinputs/generated/problemPickUpHL_b38_fp51_r1.pddl,True,278.62,359.91,3,0,
578,2026-07-01 14:10:03.604,FF,StackHL_b43_lp8_r1_pr4_lay8_m8,Plannerinputs/generated/problemStackHL_b43_lp8_r1_pr4_lay8_m8.pddl,True,279.06,328.99,2,0,
579,2026-07-01 14:10:04.397,FF,PickUpHL_b26_fp35_r1,Plannerinputs/generated/problemPickUpHL_b26_fp35_r1.pddl,True,275.25,330.81,2,0,
580,2026-07-01 14:10:04.762,FF,PickUpHL_b32_fp43_r1,Plannerinputs/generated/problemPickUpHL_b32_fp43_r1.pddl,True,275.84,332.06,2,0,
581,2026-07-01 14:10:05.134,FF,PickUpHL_b38_fp51_r1,Plannerinputs/generated/problemPickUpHL_b38_fp51_r1.pddl,True,274.21,318.58,2,0,
582,2026-07-01 14:10:05.494,FF,PickUpHL_b44_fp59_r1,Plannerinputs/generated/problemPickUpHL_b44_fp59_r1.pddl,True,276.38,333.88,2,0,
583,2026-07-01 14:10:06.265,FF,PickUpHL_b32_fp43_r1,Plannerinputs/generated/problemPickUpHL_b32_fp43_r1.pddl,True,293.36,354.99,3,0,
584,2026-07-01 14:10:06.653,FF,PickUpHL_b38_fp51_r1,Plannerinputs/generated/problemPickUpHL_b38_fp51_r1.pddl,True,288.99,351.51,3,0,
585,2026-07-01 14:10:07.040,FF,PickUpHL_b44_fp59_r1,Plannerinputs/generated/problemPickUpHL_b44_fp59_r1.pddl,True,277.21,328.11,3,0,
586,2026-07-01 14:10:07.526,FF,StackHL_b26_lp5_r1_pr1_lay5_m5,Plannerinputs/generated/problemStackHL_b26_lp5_r1_pr1_lay5_m5.pddl,True,280.88,327.02,2,0,
587,2026-07-01 14:10:08.189,FF,PickUpHL_b32_fp43_r1,Plannerinputs/generated/problemPickUpHL_b32_fp43_r1.pddl,True,283.06,346.34,2,0,
588,2026-07-01 14:10:08.570,FF,PickUpHL_b38_fp51_r1,Plannerinputs/generated/problemPickUpHL_b38_fp51_r1.pddl,True,275.32,322.30,2,0,
589,2026-07-01 14:10:08.928,FF,PickUpHL_b44_fp59_r1,Plannerinputs/generated/problemPickUpHL_b44_fp59_r1.pddl,True,287.59,365.87,2,0,
590,2026-07-01 14:10:09.450,FF,PickUpHL_b30_fp40_r1,Plannerinputs/generated/problemPickUpHL_b30_fp40_r1.pddl,True,280.32,316.79,2,0,
591,2026-07-01 14:10:10.100,FF,PickUpHL_b38_fp51_r1,Plannerinputs/generated/problemPickUpHL_b38_fp51_r1.pddl,True,283.51,333.65,3,0,
592,2026-07-01 14:10:10.466,FF,PickUpHL_b44_fp59_r1,Plannerinputs/generated/problemPickUpHL_b44_fp59_r1.pddl,True,326.52,377.18,3,0,
593,2026-07-01 14:10:10.981,FF,PickUpHL_b30_fp40_r1,Plannerinputs/generated/problemPickUpHL_b30_fp40_r1.pddl,True,281.21,336.22,3,0,
594,2026-07-01 14:10:11.349,FF,StackHL_b32_lp6_r1_pr2_lay6_m6,Plannerinputs/generated/problemStackHL_b32_lp6_r1_pr2_lay6_m6.pddl,True,280.71,327.74,2,0,
595,2026-07-01 14:10:12.012,FF,PickUpHL_b38_fp51_r1,Plannerinputs/generated/problemPickUpHL_b38_fp51_r1.pddl,True,287.25,328.36,2,0,
596,2026-07-01 14:10:12.375,FF,PickUpHL_b44_fp59_r1,Plannerinputs/generated/problemPickUpHL_b44_fp59_r1.pddl,True,272.83,318.89,2,0,
597,2026-07-01 14:10:12.843,FF,PickUpHL_b30_fp40_r1,Plannerinputs/generated/problemPickUpHL_b30_fp40_r1.pddl,True,272.28,324.49,2,0,
598,2026-07-01 14:10:13.230,FF,PickUpHL_b36_fp48_r1,Plannerinputs/generated/problemPickUpHL_b36_fp48_r1.pddl,True,274.82,329.58,2,0,
599,2026-07-01 14:10:13.893,FF,PickUpHL_b44_fp59_r1,Plannerinputs/generated/problemPickUpHL_b44_fp59_r1.pddl,True,276.95,342.74,3,0,
600,2026-07-01 14:10:14.398,FF,PickUpHL_b30_fp40_r1,Plannerinputs/generated/problemPickUpHL_b30_fp40_r1.pddl,True,278.39,329.28,3,0,
601,2026-07-01 14:10:14.764,FF,PickUpHL_b36_fp48_r1,Plannerinputs/generated/problemPickUpHL_b36_fp48_r1.pddl,True,283.58,366.30,3,0,
602,2026-07-01 14:10:15.183,FF,StackHL_b38_lp7_r1_pr3_lay7_m7,Plannerinputs/generated/problemStackHL_b38_lp7_r1_pr3_lay7_m7.pddl,True,275.97,367.59,2,0,
603,2026-07-01 14:10:15.876,FF,PickUpHL_b44_fp59_r1,Plannerinputs/generated/problemPickUpHL_b44_fp59_r1.pddl,True,272.87,319.52,2,0,
604,2026-07-01 14:10:16.349,FF,PickUpHL_b30_fp40_r1,Plannerinputs/generated/problemPickUpHL_b30_fp40_r1.pddl,True,275.55,324.63,2,0,
605,2026-07-01 14:10:16.708,FF,PickUpHL_b36_fp48_r1,Plannerinputs/generated/problemPickUpHL_b36_fp48_r1.pddl,True,278.98,341.42,2,0,
606,2026-07-01 14:10:17.104,FF,PickUpHL_b42_fp56_r1,Plannerinputs/generated/problemPickUpHL_b42_fp56_r1.pddl,True,283.28,331.70,2,0,
607,2026-07-01 14:10:17.863,FF,PickUpHL_b30_fp40_r1,Plannerinputs/generated/problemPickUpHL_b30_fp40_r1.pddl,True,276.09,331.09,3,0,
608,2026-07-01 14:10:18.230,FF,PickUpHL_b36_fp48_r1,Plannerinputs/generated/problemPickUpHL_b36_fp48_r1.pddl,True,280.75,338.57,3,0,
609,2026-07-01 14:10:18.603,FF,PickUpHL_b42_fp56_r1,Plannerinputs/generated/problemPickUpHL_b42_fp56_r1.pddl,True,280.92,332.08,3,0,
610,2026-07-01 14:10:18.986,FF,StackHL_b44_lp8_r1_pr4_lay8_m8,Plannerinputs/generated/problemStackHL_b44_lp8_r1_pr4_lay8_m8.pddl,True,278.61,335.82,2,0,
611,2026-07-01 14:10:19.796,FF,PickUpHL_b30_fp40_r1,Plannerinputs/generated/problemPickUpHL_b30_fp40_r1.pddl,True,288.22,346.82,2,0,
612,2026-07-01 14:10:20.182,FF,PickUpHL_b36_fp48_r1,Plannerinputs/generated/problemPickUpHL_b36_fp48_r1.pddl,True,307.47,364.53,2,0,
613,2026-07-01 14:10:20.580,FF,PickUpHL_b42_fp56_r1,Plannerinputs/generated/problemPickUpHL_b42_fp56_r1.pddl,True,305.24,357.01,2,0,
614,2026-07-01 14:10:20.987,FF,PickUpHL_b48_fp64_r1,Plannerinputs/generated/problemPickUpHL_b48_fp64_r1.pddl,True,274.11,329.38,2,0,
615,2026-07-01 14:10:21.775,FF,PickUpHL_b36_fp48_r1,Plannerinputs/generated/problemPickUpHL_b36_fp48_r1.pddl,True,278.96,329.38,3,0,
616,2026-07-01 14:10:22.142,FF,PickUpHL_b42_fp56_r1,Plannerinputs/generated/problemPickUpHL_b42_fp56_r1.pddl,True,278.21,334.21,3,0,
617,2026-07-01 14:10:22.515,FF,PickUpHL_b48_fp64_r1,Plannerinputs/generated/problemPickUpHL_b48_fp64_r1.pddl,True,303.17,354.81,3,0,
618,2026-07-01 14:10:23.030,FF,StackHL_b30_lp5_r1_pr1_lay5_m5,Plannerinputs/generated/problemStackHL_b30_lp5_r1_pr1_lay5_m5.pddl,True,283.46,335.93,2,0,
619,2026-07-01 14:10:23.695,FF,PickUpHL_b36_fp48_r1,Plannerinputs/generated/problemPickUpHL_b36_fp48_r1.pddl,True,277.47,323.52,2,0,
620,2026-07-01 14:10:24.057,FF,PickUpHL_b42_fp56_r1,Plannerinputs/generated/problemPickUpHL_b42_fp56_r1.pddl,True,274.55,319.00,2,0,
621,2026-07-01 14:10:24.413,FF,PickUpHL_b48_fp64_r1,Plannerinputs/generated/problemPickUpHL_b48_fp64_r1.pddl,True,275.18,364.11,2,0,
622,2026-07-01 14:10:24.914,FF,PickUpHL_b28_fp38_r1,Plannerinputs/generated/problemPickUpHL_b28_fp38_r1.pddl,True,272.09,332.14,2,0,
623,2026-07-01 14:10:25.577,FF,PickUpHL_b42_fp56_r1,Plannerinputs/generated/problemPickUpHL_b42_fp56_r1.pddl,True,282.15,332.22,3,0,
624,2026-07-01 14:10:25.948,FF,PickUpHL_b48_fp64_r1,Plannerinputs/generated/problemPickUpHL_b48_fp64_r1.pddl,True,275.64,324.50,3,0,
625,2026-07-01 14:10:26.416,FF,PickUpHL_b28_fp38_r1,Plannerinputs/generated/problemPickUpHL_b28_fp38_r1.pddl,True,280.49,331.43,3,0,
626,2026-07-01 14:10:26.794,FF,StackHL_b36_lp6_r1_pr2_lay6_m6,Plannerinputs/generated/problemStackHL_b36_lp6_r1_pr2_lay6_m6.pddl,True,275.43,322.06,2,0,
627,2026-07-01 14:10:27.430,FF,PickUpHL_b42_fp56_r1,Plannerinputs/generated/problemPickUpHL_b42_fp56_r1.pddl,True,286.39,332.92,2,0,
628,2026-07-01 14:10:27.799,FF,PickUpHL_b48_fp64_r1,Plannerinputs/generated/problemPickUpHL_b48_fp64_r1.pddl,True,278.74,331.08,2,0,
629,2026-07-01 14:10:28.284,FF,PickUpHL_b28_fp38_r1,Plannerinputs/generated/problemPickUpHL_b28_fp38_r1.pddl,True,286.33,333.73,2,0,
630,2026-07-01 14:10:28.658,FF,PickUpHL_b34_fp46_r1,Plannerinputs/generated/problemPickUpHL_b34_fp46_r1.pddl,True,288.03,342.01,2,0,
631,2026-07-01 14:10:29.328,FF,PickUpHL_b48_fp64_r1,Plannerinputs/generated/problemPickUpHL_b48_fp64_r1.pddl,True,276.63,331.20,3,0,
632,2026-07-01 14:10:29.813,FF,PickUpHL_b28_fp38_r1,Plannerinputs/generated/problemPickUpHL_b28_fp38_r1.pddl,True,276.94,329.82,3,0,
633,2026-07-01 14:10:30.188,FF,PickUpHL_b34_fp46_r1,Plannerinputs/generated/problemPickUpHL_b34_fp46_r1.pddl,True,279.56,330.95,3,0,
634,2026-07-01 14:10:30.572,FF,StackHL_b42_lp7_r1_pr3_lay7_m7,Plannerinputs/generated/problemStackHL_b42_lp7_r1_pr3_lay7_m7.pddl,True,278.03,331.91,2,0,
635,2026-07-01 14:10:31.223,FF,PickUpHL_b48_fp64_r1,Plannerinputs/generated/problemPickUpHL_b48_fp64_r1.pddl,True,275.28,328.52,2,0,
636,2026-07-01 14:10:31.697,FF,PickUpHL_b28_fp38_r1,Plannerinputs/generated/problemPickUpHL_b28_fp38_r1.pddl,True,282.44,330.37,2,0,
637,2026-07-01 14:10:32.046,FF,PickUpHL_b34_fp46_r1,Plannerinputs/generated/problemPickUpHL_b34_fp46_r1.pddl,True,275.31,331.11,2,0,
638,2026-07-01 14:10:32.441,FF,PickUpHL_b40_fp54_r1,Plannerinputs/generated/problemPickUpHL_b40_fp54_r1.pddl,True,279.38,328.51,2,0,
639,2026-07-01 14:10:33.231,FF,PickUpHL_b28_fp38_r1,Plannerinputs/generated/problemPickUpHL_b28_fp38_r1.pddl,True,287.15,338.68,3,0,
640,2026-07-01 14:10:33.601,FF,PickUpHL_b34_fp46_r1,Plannerinputs/generated/problemPickUpHL_b34_fp46_r1.pddl,True,280.81,377.70,3,0,
641,2026-07-01 14:10:34.008,FF,PickUpHL_b40_fp54_r1,Plannerinputs/generated/problemPickUpHL_b40_fp54_r1.pddl,True,286.57,349.02,3,0,
642,2026-07-01 14:10:34.408,FF,StackHL_b48_lp8_r1_pr4_lay8_m8,Plannerinputs/generated/problemStackHL_b48_lp8_r1_pr4_lay8_m8.pddl,True,299.68,352.42,2,0,
643,2026-07-01 14:10:35.231,FF,PickUpHL_b28_fp38_r1,Plannerinputs/generated/problemPickUpHL_b28_fp38_r1.pddl,True,280.54,330.98,2,0,
644,2026-07-01 14:10:35.587,FF,PickUpHL_b34_fp46_r1,Plannerinputs/generated/problemPickUpHL_b34_fp46_r1.pddl,True,275.75,332.12,2,0,
645,2026-07-01 14:10:35.958,FF,PickUpHL_b40_fp54_r1,Plannerinputs/generated/problemPickUpHL_b40_fp54_r1.pddl,True,273.85,319.55,2,0,
646,2026-07-01 14:10:36.342,FF,PickUpHL_b46_fp62_r1,Plannerinputs/generated/problemPickUpHL_b46_fp62_r1.pddl,True,276.21,332.07,2,0,
647,2026-07-01 14:10:37.147,FF,PickUpHL_b34_fp46_r1,Plannerinputs/generated/problemPickUpHL_b34_fp46_r1.pddl,True,318.21,380.63,3,0,
648,2026-07-01 14:10:37.564,FF,PickUpHL_b40_fp54_r1,Plannerinputs/generated/problemPickUpHL_b40_fp54_r1.pddl,True,303.93,366.70,3,0,
649,2026-07-01 14:10:37.962,FF,PickUpHL_b46_fp62_r1,Plannerinputs/generated/problemPickUpHL_b46_fp62_r1.pddl,True,299.16,359.19,3,0,
650,2026-07-01 14:10:38.476,FF,StackHL_b28_lp5_r1_pr1_lay5_m5,Plannerinputs/generated/problemStackHL_b28_lp5_r1_pr1_lay5_m5.pddl,True,302.10,347.84,2,0,
651,2026-07-01 14:10:39.168,FF,PickUpHL_b34_fp46_r1,Plannerinputs/generated/problemPickUpHL_b34_fp46_r1.pddl,True,289.46,337.84,2,0,
652,2026-07-01 14:10:39.538,FF,PickUpHL_b40_fp54_r1,Plannerinputs/generated/problemPickUpHL_b40_fp54_r1.pddl,True,300.81,352.33,2,0,
653,2026-07-01 14:10:39.910,FF,PickUpHL_b46_fp62_r1,Plannerinputs/generated/problemPickUpHL_b46_fp62_r1.pddl,True,313.78,386.21,2,0,
654,2026-07-01 14:10:40.463,FF,PickUpHL_b27_fp36_r1,Plannerinputs/generated/problemPickUpHL_b27_fp36_r1.pddl,True,304.99,356.50,2,0,
655,2026-07-01 14:10:41.142,FF,PickUpHL_b40_fp54_r1,Plannerinputs/generated/problemPickUpHL_b40_fp54_r1.pddl,True,293.27,357.22,3,0,
656,2026-07-01 14:10:41.536,FF,PickUpHL_b46_fp62_r1,Plannerinputs/generated/problemPickUpHL_b46_fp62_r1.pddl,True,291.49,346.77,3,0,
657,2026-07-01 14:10:42.028,FF,PickUpHL_b27_fp36_r1,Plannerinputs/generated/problemPickUpHL_b27_fp36_r1.pddl,True,286.36,336.30,3,0,
658,2026-07-01 14:10:42.432,FF,StackHL_b34_lp6_r1_pr2_lay6_m6,Plannerinputs/generated/problemStackHL_b34_lp6_r1_pr2_lay6_m6.pddl,True,285.02,341.46,2,0,
659,2026-07-01 14:10:43.109,FF,PickUpHL_b40_fp54_r1,Plannerinputs/generated/problemPickUpHL_b40_fp54_r1.pddl,True,283.71,341.98,2,0,
660,2026-07-01 14:10:43.488,FF,PickUpHL_b46_fp62_r1,Plannerinputs/generated/problemPickUpHL_b46_fp62_r1.pddl,True,287.25,340.86,2,0,
661,2026-07-01 14:10:43.985,FF,PickUpHL_b27_fp36_r1,Plannerinputs/generated/problemPickUpHL_b27_fp36_r1.pddl,True,286.75,336.60,2,0,
662,2026-07-01 14:10:44.370,FF,PickUpHL_b33_fp44_r1,Plannerinputs/generated/problemPickUpHL_b33_fp44_r1.pddl,True,287.08,335.71,2,0,
663,2026-07-01 14:10:45.039,FF,PickUpHL_b46_fp62_r1,Plannerinputs/generated/problemPickUpHL_b46_fp62_r1.pddl,True,277.63,327.91,3,0,
664,2026-07-01 14:10:45.507,FF,PickUpHL_b27_fp36_r1,Plannerinputs/generated/problemPickUpHL_b27_fp36_r1.pddl,True,293.01,339.57,3,0,
665,2026-07-01 14:10:45.886,FF,PickUpHL_b33_fp44_r1,Plannerinputs/generated/problemPickUpHL_b33_fp44_r1.pddl,True,280.17,333.34,3,0,
666,2026-07-01 14:10:46.265,FF,StackHL_b40_lp7_r1_pr3_lay7_m7,Plannerinputs/generated/problemStackHL_b40_lp7_r1_pr3_lay7_m7.pddl,True,280.45,328.47,2,0,
667,2026-07-01 14:10:46.917,FF,PickUpHL_b46_fp62_r1,Plannerinputs/generated/problemPickUpHL_b46_fp62_r1.pddl,True,271.32,326.99,2,0,
668,2026-07-01 14:10:47.400,FF,PickUpHL_b27_fp36_r1,Plannerinputs/generated/problemPickUpHL_b27_fp36_r1.pddl,True,301.89,353.34,2,0,
669,2026-07-01 14:10:47.787,FF,PickUpHL_b33_fp44_r1,Plannerinputs/generated/problemPickUpHL_b33_fp44_r1.pddl,True,283.35,343.13,2,0,
670,2026-07-01 14:10:48.187,FF,PickUpHL_b39_fp52_r1,Plannerinputs/generated/problemPickUpHL_b39_fp52_r1.pddl,True,284.95,333.62,2,0,
671,2026-07-01 14:10:48.945,FF,PickUpHL_b27_fp36_r1,Plannerinputs/generated/problemPickUpHL_b27_fp36_r1.pddl,True,298.58,352.00,3,0,
672,2026-07-01 14:10:49.333,FF,PickUpHL_b33_fp44_r1,Plannerinputs/generated/problemPickUpHL_b33_fp44_r1.pddl,True,288.16,345.48,3,0,
673,2026-07-01 14:10:49.716,FF,PickUpHL_b39_fp52_r1,Plannerinputs/generated/problemPickUpHL_b39_fp52_r1.pddl,True,302.32,354.33,3,0,
674,2026-07-01 14:10:50.121,FF,StackHL_b46_lp8_r1_pr4_lay8_m8,Plannerinputs/generated/problemStackHL_b46_lp8_r1_pr4_lay8_m8.pddl,True,290.57,341.50,2,0,
675,2026-07-01 14:10:50.904,FF,PickUpHL_b27_fp36_r1,Plannerinputs/generated/problemPickUpHL_b27_fp36_r1.pddl,True,293.12,349.32,2,0,
676,2026-07-01 14:10:51.289,FF,PickUpHL_b33_fp44_r1,Plannerinputs/generated/problemPickUpHL_b33_fp44_r1.pddl,True,292.02,358.34,2,0,
677,2026-07-01 14:10:51.678,FF,PickUpHL_b39_fp52_r1,Plannerinputs/generated/problemPickUpHL_b39_fp52_r1.pddl,True,279.59,341.42,2,0,
678,2026-07-01 14:10:52.057,FF,PickUpHL_b45_fp60_r1,Plannerinputs/generated/problemPickUpHL_b45_fp60_r1.pddl,True,278.11,325.54,2,0,
679,2026-07-01 14:10:52.835,FF,PickUpHL_b33_fp44_r1,Plannerinputs/generated/problemPickUpHL_b33_fp44_r1.pddl,True,282.64,340.56,3,0,
680,2026-07-01 14:10:53.214,FF,PickUpHL_b39_fp52_r1,Plannerinputs/generated/problemPickUpHL_b39_fp52_r1.pddl,True,279.90,330.72,3,0,
681,2026-07-01 14:10:53.580,FF,PickUpHL_b45_fp60_r1,Plannerinputs/generated/problemPickUpHL_b45_fp60_r1.pddl,True,274.83,329.23,3,0,
682,2026-07-01 14:10:54.068,FF,StackHL_b27_lp5_r1_pr1_lay5_m5,Plannerinputs/generated/problemStackHL_b27_lp5_r1_pr1_lay5_m5.pddl,True,283.79,337.36,2,0,
683,2026-07-01 14:10:54.727,FF,PickUpHL_b33_fp44_r1,Plannerinputs/generated/problemPickUpHL_b33_fp44_r1.pddl,True,279.89,332.09,2,0,
684,2026-07-01 14:10:55.101,FF,PickUpHL_b39_fp52_r1,Plannerinputs/generated/problemPickUpHL_b39_fp52_r1.pddl,True,272.87,320.05,2,0,
685,2026-07-01 14:10:55.460,FF,PickUpHL_b45_fp60_r1,Plannerinputs/generated/problemPickUpHL_b45_fp60_r1.pddl,True,269.50,323.05,2,0,
686,2026-07-01 14:10:55.928,FF,PickUpHL_b29_fp39_r1,Plannerinputs/generated/problemPickUpHL_b29_fp39_r1.pddl,True,273.58,326.40,2,0,
687,2026-07-01 14:10:56.597,FF,PickUpHL_b39_fp52_r1,Plannerinputs/generated/problemPickUpHL_b39_fp52_r1.pddl,True,272.79,330.93,3,0,
688,2026-07-01 14:10:56.963,FF,PickUpHL_b45_fp60_r1,Plannerinputs/generated/problemPickUpHL_b45_fp60_r1.pddl,True,283.20,356.36,3,0,
689,2026-07-01 14:10:57.473,FF,PickUpHL_b29_fp39_r1,Plannerinputs/generated/problemPickUpHL_b29_fp39_r1.pddl,True,271.64,322.03,3,0,
690,2026-07-01 14:10:57.825,FF,StackHL_b33_lp6_r1_pr2_lay6_m6,Plannerinputs/generated/problemStackHL_b33_lp6_r1_pr2_lay6_m6.pddl,True,277.98,326.17,2,0,
691,2026-07-01 14:10:58.475,FF,PickUpHL_b39_fp52_r1,Plannerinputs/generated/problemPickUpHL_b39_fp52_r1.pddl,True,300.22,353.54,2,0,
692,2026-07-01 14:10:58.846,FF,PickUpHL_b45_fp60_r1,Plannerinputs/generated/problemPickUpHL_b45_fp60_r1.pddl,True,301.55,355.84,2,0,
693,2026-07-01 14:10:59.363,FF,PickUpHL_b29_fp39_r1,Plannerinputs/generated/problemPickUpHL_b29_fp39_r1.pddl,True,300.77,355.31,2,0,
694,2026-07-01 14:10:59.784,FF,PickUpHL_b35_fp47_r1,Plannerinputs/generated/problemPickUpHL_b35_fp47_r1.pddl,True,322.52,371.05,2,0,
695,2026-07-01 14:11:00.475,FF,PickUpHL_b45_fp60_r1,Plannerinputs/generated/problemPickUpHL_b45_fp60_r1.pddl,True,313.95,374.43,3,0,
696,2026-07-01 14:11:01.001,FF,PickUpHL_b29_fp39_r1,Plannerinputs/generated/problemPickUpHL_b29_fp39_r1.pddl,True,282.44,336.48,3,0,
697,2026-07-01 14:11:01.391,FF,PickUpHL_b35_fp47_r1,Plannerinputs/generated/problemPickUpHL_b35_fp47_r1.pddl,True,281.78,338.43,3,0,
698,2026-07-01 14:11:01.780,FF,StackHL_b39_lp7_r1_pr3_lay7_m7,Plannerinputs/generated/problemStackHL_b39_lp7_r1_pr3_lay7_m7.pddl,True,285.29,342.17,2,0,
699,2026-07-01 14:11:02.459,FF,PickUpHL_b45_fp60_r1,Plannerinputs/generated/problemPickUpHL_b45_fp60_r1.pddl,True,280.90,330.02,2,0,
700,2026-07-01 14:11:02.914,FF,PickUpHL_b29_fp39_r1,Plannerinputs/generated/problemPickUpHL_b29_fp39_r1.pddl,True,289.38,349.83,2,0,
701,2026-07-01 14:11:03.290,FF,PickUpHL_b35_fp47_r1,Plannerinputs/generated/problemPickUpHL_b35_fp47_r1.pddl,True,281.96,334.79,2,0,
702,2026-07-01 14:11:03.670,FF,PickUpHL_b41_fp55_r1,Plannerinputs/generated/problemPickUpHL_b41_fp55_r1.pddl,True,275.92,325.73,2,0,
703,2026-07-01 14:11:04.459,FF,PickUpHL_b29_fp39_r1,Plannerinputs/generated/problemPickUpHL_b29_fp39_r1.pddl,True,288.36,354.15,3,0,
704,2026-07-01 14:11:04.850,FF,PickUpHL_b35_fp47_r1,Plannerinputs/generated/problemPickUpHL_b35_fp47_r1.pddl,True,279.42,328.06,3,0,
705,2026-07-01 14:11:05.220,FF,PickUpHL_b41_fp55_r1,Plannerinputs/generated/problemPickUpHL_b41_fp55_r1.pddl,True,269.90,328.95,3,0,
706,2026-07-01 14:11:05.596,FF,StackHL_b45_lp8_r1_pr4_lay8_m8,Plannerinputs/generated/problemStackHL_b45_lp8_r1_pr4_lay8_m8.pddl,True,285.12,334.74,2,0,
707,2026-07-01 14:11:06.381,FF,PickUpHL_b29_fp39_r1,Plannerinputs/generated/problemPickUpHL_b29_fp39_r1.pddl,True,272.54,331.72,2,0,
708,2026-07-01 14:11:06.754,FF,PickUpHL_b35_fp47_r1,Plannerinputs/generated/problemPickUpHL_b35_fp47_r1.pddl,True,274.51,322.08,2,0,
709,2026-07-01 14:11:07.110,FF,PickUpHL_b41_fp55_r1,Plannerinputs/generated/problemPickUpHL_b41_fp55_r1.pddl,True,269.67,324.54,2,0,
710,2026-07-01 14:11:07.486,FF,PickUpHL_b47_fp63_r1,Plannerinputs/generated/problemPickUpHL_b47_fp63_r1.pddl,True,270.42,323.32,2,0,
711,2026-07-01 14:11:08.266,FF,PickUpHL_b35_fp47_r1,Plannerinputs/generated/problemPickUpHL_b35_fp47_r1.pddl,True,273.24,328.27,3,0,
712,2026-07-01 14:11:08.627,FF,PickUpHL_b41_fp55_r1,Plannerinputs/generated/problemPickUpHL_b41_fp55_r1.pddl,True,281.37,348.71,3,0,
713,2026-07-01 14:11:09.012,FF,PickUpHL_b47_fp63_r1,Plannerinputs/generated/problemPickUpHL_b47_fp63_r1.pddl,True,276.83,350.96,3,0,
714,2026-07-01 14:11:09.524,FF,StackHL_b29_lp5_r1_pr1_lay5_m5,Plannerinputs/generated/problemStackHL_b29_lp5_r1_pr1_lay5_m5.pddl,True,282.11,346.10,2,0,
715,2026-07-01 14:11:10.224,FF,PickUpHL_b35_fp47_r1,Plannerinputs/generated/problemPickUpHL_b35_fp47_r1.pddl,True,274.66,327.38,2,0,
716,2026-07-01 14:11:10.590,FF,PickUpHL_b41_fp55_r1,Plannerinputs/generated/problemPickUpHL_b41_fp55_r1.pddl,True,272.73,322.51,2,0,
717,2026-07-01 14:11:10.950,FF,PickUpHL_b47_fp63_r1,Plannerinputs/generated/problemPickUpHL_b47_fp63_r1.pddl,True,280.61,322.15,2,0,
718,2026-07-01 14:11:11.427,FF,NailingBeamHL_b26_r1_m5_lay5,Plannerinputs/generated/problemNailingBeamHL_b26_r1_m5_lay5.pddl,True,292.27,374.46,8,0,
719,2026-07-01 14:11:12.151,FF,PickUpHL_b41_fp55_r1,Plannerinputs/generated/problemPickUpHL_b41_fp55_r1.pddl,True,276.45,328.13,3,0,
720,2026-07-01 14:11:12.493,FF,PickUpHL_b47_fp63_r1,Plannerinputs/generated/problemPickUpHL_b47_fp63_r1.pddl,True,273.88,337.77,3,0,
721,2026-07-01 14:11:12.965,FF,NailingBeamHL_b26_r1_m5_lay5,Plannerinputs/generated/problemNailingBeamHL_b26_r1_m5_lay5.pddl,True,301.38,376.90,11,0,
722,2026-07-01 14:11:13.393,FF,StackHL_b35_lp6_r1_pr2_lay6_m6,Plannerinputs/generated/problemStackHL_b35_lp6_r1_pr2_lay6_m6.pddl,True,282.90,327.68,2,0,
723,2026-07-01 14:11:14.040,FF,PickUpHL_b41_fp55_r1,Plannerinputs/generated/problemPickUpHL_b41_fp55_r1.pddl,True,283.34,345.04,2,0,
724,2026-07-01 14:11:14.424,FF,PickUpHL_b47_fp63_r1,Plannerinputs/generated/problemPickUpHL_b47_fp63_r1.pddl,True,302.59,359.76,2,0,
725,2026-07-01 14:11:14.933,FF,NailingBeamHL_b26_r1_m5_lay5,Plannerinputs/generated/problemNailingBeamHL_b26_r1_m5_lay5.pddl,True,305.90,365.66,8,0,
726,2026-07-01 14:11:15.346,FF,NailingBeamHL_b32_r1_m6_lay6,Plannerinputs/generated/problemNailingBeamHL_b32_r1_m6_lay6.pddl,True,296.65,362.98,8,0,
727,2026-07-01 14:11:16.032,FF,PickUpHL_b47_fp63_r1,Plannerinputs/generated/problemPickUpHL_b47_fp63_r1.pddl,True,295.58,348.67,3,0,
728,2026-07-01 14:11:16.517,FF,NailingBeamHL_b26_r1_m5_lay5,Plannerinputs/generated/problemNailingBeamHL_b26_r1_m5_lay5.pddl,True,306.36,372.05,11,0,
729,2026-07-01 14:11:16.931,FF,NailingBeamHL_b32_r1_m6_lay6,Plannerinputs/generated/problemNailingBeamHL_b32_r1_m6_lay6.pddl,True,305.41,377.92,11,0,
730,2026-07-01 14:11:17.355,FF,StackHL_b41_lp7_r1_pr3_lay7_m7,Plannerinputs/generated/problemStackHL_b41_lp7_r1_pr3_lay7_m7.pddl,True,289.60,336.01,2,0,
731,2026-07-01 14:11:18.042,FF,PickUpHL_b47_fp63_r1,Plannerinputs/generated/problemPickUpHL_b47_fp63_r1.pddl,True,286.41,330.01,2,0,
732,2026-07-01 14:11:18.505,FF,NailingBeamHL_b26_r1_m5_lay5,Plannerinputs/generated/problemNailingBeamHL_b26_r1_m5_lay5.pddl,True,296.40,396.26,8,0,
733,2026-07-01 14:11:18.937,FF,NailingBeamHL_b32_r1_m6_lay6,Plannerinputs/generated/problemNailingBeamHL_b32_r1_m6_lay6.pddl,True,302.01,374.53,8,0,
734,2026-07-01 14:11:19.340,FF,NailingBeamHL_b38_r1_m7_lay7,Plannerinputs/generated/problemNailingBeamHL_b38_r1_m7_lay7.pddl,True,290.01,399.94,8,0,
735,2026-07-01 14:11:20.358,FF,NailingBeamHL_b26_r1_m5_lay5,Plannerinputs/generated/problemNailingBeamHL_b26_r1_m5_lay5.pddl,True,339.56,447.43,11,0,
736,2026-07-01 14:11:20.841,FF,NailingBeamHL_b32_r1_m6_lay6,Plannerinputs/generated/problemNailingBeamHL_b32_r1_m6_lay6.pddl,True,319.25,426.26,11,0,
737,2026-07-01 14:11:21.324,FF,NailingBeamHL_b38_r1_m7_lay7,Plannerinputs/generated/problemNailingBeamHL_b38_r1_m7_lay7.pddl,True,299.00,413.73,11,0,
738,2026-07-01 14:11:21.783,FF,StackHL_b47_lp8_r1_pr4_lay8_m8,Plannerinputs/generated/problemStackHL_b47_lp8_r1_pr4_lay8_m8.pddl,True,276.97,346.09,2,0,
739,2026-07-01 14:11:22.722,FF,NailingBeamHL_b26_r1_m5_lay5,Plannerinputs/generated/problemNailingBeamHL_b26_r1_m5_lay5.pddl,True,297.21,424.67,8,0,
740,2026-07-01 14:11:23.196,FF,NailingBeamHL_b32_r1_m6_lay6,Plannerinputs/generated/problemNailingBeamHL_b32_r1_m6_lay6.pddl,True,292.56,398.99,8,0,
741,2026-07-01 14:11:23.635,FF,NailingBeamHL_b38_r1_m7_lay7,Plannerinputs/generated/problemNailingBeamHL_b38_r1_m7_lay7.pddl,True,302.58,384.14,8,0,
742,2026-07-01 14:11:24.055,FF,NailingBeamHL_b44_r1_m8_lay8,Plannerinputs/generated/problemNailingBeamHL_b44_r1_m8_lay8.pddl,True,302.61,394.71,8,0,
743,2026-07-01 14:11:26.227,FF,NailingBeamHL_b32_r1_m6_lay6,Plannerinputs/generated/problemNailingBeamHL_b32_r1_m6_lay6.pddl,True,284.99,363.47,2,0,
744,2026-07-01 14:11:26.661,FF,NailingBeamHL_b38_r1_m7_lay7,Plannerinputs/generated/problemNailingBeamHL_b38_r1_m7_lay7.pddl,True,282.10,336.47,2,0,
745,2026-07-01 14:11:27.027,FF,NailingBeamHL_b44_r1_m8_lay8,Plannerinputs/generated/problemNailingBeamHL_b44_r1_m8_lay8.pddl,True,285.06,344.24,2,0,
746,2026-07-01 14:11:27.566,FF,NailingBeamHL_b28_r1_m5_lay5,Plannerinputs/generated/problemNailingBeamHL_b28_r1_m5_lay5.pddl,True,296.92,353.73,1,0,
747,2026-07-01 14:11:28.159,FF,NailingBeamHL_b32_r1_m6_lay6,Plannerinputs/generated/problemNailingBeamHL_b32_r1_m6_lay6.pddl,True,505.01,581.65,2,0,
748,2026-07-01 14:11:28.787,FF,NailingBeamHL_b38_r1_m7_lay7,Plannerinputs/generated/problemNailingBeamHL_b38_r1_m7_lay7.pddl,True,280.45,349.36,2,0,
749,2026-07-01 14:11:29.211,FF,NailingBeamHL_b44_r1_m8_lay8,Plannerinputs/generated/problemNailingBeamHL_b44_r1_m8_lay8.pddl,True,288.07,352.16,2,0,
750,2026-07-01 14:11:29.764,FF,NailingBeamHL_b27_r1_m5_lay5,Plannerinputs/generated/problemNailingBeamHL_b27_r1_m5_lay5.pddl,True,284.90,386.68,1,0,
751,2026-07-01 14:11:30.442,FF,NailingBeamHL_b32_r1_m6_lay6,Plannerinputs/generated/problemNailingBeamHL_b32_r1_m6_lay6.pddl,True,305.32,374.12,2,0,
752,2026-07-01 14:11:30.860,FF,NailingBeamHL_b38_r1_m7_lay7,Plannerinputs/generated/problemNailingBeamHL_b38_r1_m7_lay7.pddl,True,286.28,345.14,2,0,
753,2026-07-01 14:11:31.247,FF,NailingBeamHL_b44_r1_m8_lay8,Plannerinputs/generated/problemNailingBeamHL_b44_r1_m8_lay8.pddl,True,291.37,365.82,2,0,
754,2026-07-01 14:11:31.794,FF,NailingBeamHL_b29_r1_m5_lay5,Plannerinputs/generated/problemNailingBeamHL_b29_r1_m5_lay5.pddl,True,269.36,326.61,1,0,
755,2026-07-01 14:11:32.424,FF,NailingBeamHL_b32_r1_m6_lay6,Plannerinputs/generated/problemNailingBeamHL_b32_r1_m6_lay6.pddl,True,274.03,340.65,2,0,
756,2026-07-01 14:11:32.816,FF,NailingBeamHL_b38_r1_m7_lay7,Plannerinputs/generated/problemNailingBeamHL_b38_r1_m7_lay7.pddl,True,268.68,334.39,2,0,
757,2026-07-01 14:11:33.215,FF,NailingBeamHL_b44_r1_m8_lay8,Plannerinputs/generated/problemNailingBeamHL_b44_r1_m8_lay8.pddl,True,269.85,337.44,2,0,
758,2026-07-01 14:11:33.770,FF,NailingBeamHL_b25_r1_m5_lay5,Plannerinputs/generated/problemNailingBeamHL_b25_r1_m5_lay5.pddl,True,275.09,344.59,1,0,
759,2026-07-01 14:11:34.415,FF,NailingBeamHL_b32_r1_m6_lay6,Plannerinputs/generated/problemNailingBeamHL_b32_r1_m6_lay6.pddl,True,280.76,355.28,2,0,
760,2026-07-01 14:11:34.832,FF,NailingBeamHL_b38_r1_m7_lay7,Plannerinputs/generated/problemNailingBeamHL_b38_r1_m7_lay7.pddl,True,273.63,344.38,2,0,
761,2026-07-01 14:11:35.235,FF,NailingBeamHL_b44_r1_m8_lay8,Plannerinputs/generated/problemNailingBeamHL_b44_r1_m8_lay8.pddl,True,278.55,343.77,2,0,
762,2026-07-01 14:11:35.792,FF,NailingBeamHL_b30_r1_m5_lay5,Plannerinputs/generated/problemNailingBeamHL_b30_r1_m5_lay5.pddl,True,267.33,337.36,1,0,
763,2026-07-01 14:11:36.423,FF,NailingBeamHL_b32_r1_m6_lay6,Plannerinputs/generated/problemNailingBeamHL_b32_r1_m6_lay6.pddl,True,272.22,333.31,2,0,
764,2026-07-01 14:11:36.814,FF,NailingBeamHL_b38_r1_m7_lay7,Plannerinputs/generated/problemNailingBeamHL_b38_r1_m7_lay7.pddl,True,266.50,345.70,2,0,
765,2026-07-01 14:11:37.215,FF,NailingBeamHL_b44_r1_m8_lay8,Plannerinputs/generated/problemNailingBeamHL_b44_r1_m8_lay8.pddl,True,275.56,331.83,2,0,
766,2026-07-01 14:11:37.717,FF,GluingBeamHL_b25_r1_m5_lay5,Plannerinputs/generated/problemGluingBeamHL_b25_r1_m5_lay5.pddl,True,272.23,358.71,8,0,
767,2026-07-01 14:11:38.590,FF,NailingBeamHL_b38_r1_m7_lay7,Plannerinputs/generated/problemNailingBeamHL_b38_r1_m7_lay7.pddl,True,280.35,350.65,2,0,
768,2026-07-01 14:11:39.028,FF,NailingBeamHL_b44_r1_m8_lay8,Plannerinputs/generated/problemNailingBeamHL_b44_r1_m8_lay8.pddl,True,268.44,345.87,2,0,
769,2026-07-01 14:11:39.551,FF,GluingBeamHL_b25_r1_m5_lay5,Plannerinputs/generated/problemGluingBeamHL_b25_r1_m5_lay5.pddl,True,283.37,413.35,8,0,
770,2026-07-01 14:11:40.049,FF,NailingBeamHL_b34_r1_m6_lay6,Plannerinputs/generated/problemNailingBeamHL_b34_r1_m6_lay6.pddl,True,274.93,349.88,1,0,
771,2026-07-01 14:11:40.653,FF,NailingBeamHL_b38_r1_m7_lay7,Plannerinputs/generated/problemNailingBeamHL_b38_r1_m7_lay7.pddl,True,282.18,344.55,2,0,
772,2026-07-01 14:11:41.063,FF,NailingBeamHL_b44_r1_m8_lay8,Plannerinputs/generated/problemNailingBeamHL_b44_r1_m8_lay8.pddl,True,290.19,368.94,2,0,
773,2026-07-01 14:11:41.578,FF,GluingBeamHL_b25_r1_m5_lay5,Plannerinputs/generated/problemGluingBeamHL_b25_r1_m5_lay5.pddl,True,270.33,367.93,8,0,
774,2026-07-01 14:11:42.007,FF,NailingBeamHL_b33_r1_m6_lay6,Plannerinputs/generated/problemNailingBeamHL_b33_r1_m6_lay6.pddl,True,268.10,341.18,1,0,
775,2026-07-01 14:11:42.681,FF,NailingBeamHL_b38_r1_m7_lay7,Plannerinputs/generated/problemNailingBeamHL_b38_r1_m7_lay7.pddl,True,261.36,310.21,2,0,
776,2026-07-01 14:11:43.035,FF,NailingBeamHL_b44_r1_m8_lay8,Plannerinputs/generated/problemNailingBeamHL_b44_r1_m8_lay8.pddl,True,272.51,345.83,2,0,
777,2026-07-01 14:11:43.534,FF,GluingBeamHL_b25_r1_m5_lay5,Plannerinputs/generated/problemGluingBeamHL_b25_r1_m5_lay5.pddl,True,275.16,374.33,8,0,
778,2026-07-01 14:11:43.981,FF,NailingBeamHL_b35_r1_m6_lay6,Plannerinputs/generated/problemNailingBeamHL_b35_r1_m6_lay6.pddl,True,264.20,335.55,1,0,
779,2026-07-01 14:11:44.620,FF,NailingBeamHL_b38_r1_m7_lay7,Plannerinputs/generated/problemNailingBeamHL_b38_r1_m7_lay7.pddl,True,264.86,328.99,2,0,
780,2026-07-01 14:11:44.999,FF,NailingBeamHL_b44_r1_m8_lay8,Plannerinputs/generated/problemNailingBeamHL_b44_r1_m8_lay8.pddl,True,267.64,353.83,2,0,
781,2026-07-01 14:11:45.557,FF,GluingBeamHL_b25_r1_m5_lay5,Plannerinputs/generated/problemGluingBeamHL_b25_r1_m5_lay5.pddl,True,266.74,385.83,8,0,
782,2026-07-01 14:11:46.023,FF,NailingBeamHL_b31_r1_m6_lay6,Plannerinputs/generated/problemNailingBeamHL_b31_r1_m6_lay6.pddl,True,267.42,323.32,1,0,
783,2026-07-01 14:11:46.703,FF,NailingBeamHL_b38_r1_m7_lay7,Plannerinputs/generated/problemNailingBeamHL_b38_r1_m7_lay7.pddl,True,272.42,346.06,2,0,
784,2026-07-01 14:11:47.106,FF,NailingBeamHL_b44_r1_m8_lay8,Plannerinputs/generated/problemNailingBeamHL_b44_r1_m8_lay8.pddl,True,266.98,340.96,2,0,
785,2026-07-01 14:11:47.605,FF,GluingBeamHL_b25_r1_m5_lay5,Plannerinputs/generated/problemGluingBeamHL_b25_r1_m5_lay5.pddl,True,270.70,358.29,8,0,
786,2026-07-01 14:11:48.026,FF,NailingBeamHL_b36_r1_m6_lay6,Plannerinputs/generated/problemNailingBeamHL_b36_r1_m6_lay6.pddl,True,266.82,323.74,1,0,
787,2026-07-01 14:11:48.636,FF,NailingBeamHL_b38_r1_m7_lay7,Plannerinputs/generated/problemNailingBeamHL_b38_r1_m7_lay7.pddl,True,264.76,328.95,2,0,
788,2026-07-01 14:11:49.036,FF,NailingBeamHL_b44_r1_m8_lay8,Plannerinputs/generated/problemNailingBeamHL_b44_r1_m8_lay8.pddl,True,262.22,330.66,2,0,
789,2026-07-01 14:11:49.533,FF,GluingBeamHL_b25_r1_m5_lay5,Plannerinputs/generated/problemGluingBeamHL_b25_r1_m5_lay5.pddl,True,278.89,361.38,8,0,
790,2026-07-01 14:11:49.959,FF,GluingBeamHL_b31_r1_m6_lay6,Plannerinputs/generated/problemGluingBeamHL_b31_r1_m6_lay6.pddl,True,266.95,385.87,8,0,
791,2026-07-01 14:11:50.884,FF,NailingBeamHL_b44_r1_m8_lay8,Plannerinputs/generated/problemNailingBeamHL_b44_r1_m8_lay8.pddl,True,263.20,323.93,2,0,
792,2026-07-01 14:11:51.417,FF,GluingBeamHL_b25_r1_m5_lay5,Plannerinputs/generated/problemGluingBeamHL_b25_r1_m5_lay5.pddl,True,267.21,367.72,8,0,
793,2026-07-01 14:11:51.839,FF,GluingBeamHL_b31_r1_m6_lay6,Plannerinputs/generated/problemGluingBeamHL_b31_r1_m6_lay6.pddl,True,270.11,345.38,8,0,
794,2026-07-01 14:11:52.252,FF,NailingBeamHL_b40_r1_m7_lay7,Plannerinputs/generated/problemNailingBeamHL_b40_r1_m7_lay7.pddl,True,261.90,320.78,1,0,
795,2026-07-01 14:11:52.847,FF,NailingBeamHL_b44_r1_m8_lay8,Plannerinputs/generated/problemNailingBeamHL_b44_r1_m8_lay8.pddl,True,269.83,327.89,2,0,
796,2026-07-01 14:11:53.358,FF,GluingBeamHL_b25_r1_m5_lay5,Plannerinputs/generated/problemGluingBeamHL_b25_r1_m5_lay5.pddl,True,278.28,385.09,8,0,
797,2026-07-01 14:11:53.779,FF,GluingBeamHL_b31_r1_m6_lay6,Plannerinputs/generated/problemGluingBeamHL_b31_r1_m6_lay6.pddl,True,270.11,347.95,8,0,
798,2026-07-01 14:11:54.187,FF,NailingBeamHL_b39_r1_m7_lay7,Plannerinputs/generated/problemNailingBeamHL_b39_r1_m7_lay7.pddl,True,278.33,336.14,1,0,
799,2026-07-01 14:11:54.828,FF,NailingBeamHL_b44_r1_m8_lay8,Plannerinputs/generated/problemNailingBeamHL_b44_r1_m8_lay8.pddl,True,291.98,367.25,2,0,
800,2026-07-01 14:11:55.362,FF,GluingBeamHL_b25_r1_m5_lay5,Plannerinputs/generated/problemGluingBeamHL_b25_r1_m5_lay5.pddl,True,270.77,394.48,8,0,
801,2026-07-01 14:11:55.828,FF,GluingBeamHL_b31_r1_m6_lay6,Plannerinputs/generated/problemGluingBeamHL_b31_r1_m6_lay6.pddl,True,285.32,379.62,8,0,
802,2026-07-01 14:11:56.255,FF,NailingBeamHL_b41_r1_m7_lay7,Plannerinputs/generated/problemNailingBeamHL_b41_r1_m7_lay7.pddl,True,274.35,337.73,1,0,
803,2026-07-01 14:11:56.869,FF,NailingBeamHL_b44_r1_m8_lay8,Plannerinputs/generated/problemNailingBeamHL_b44_r1_m8_lay8.pddl,True,267.36,337.81,2,0,
804,2026-07-01 14:11:57.368,FF,GluingBeamHL_b25_r1_m5_lay5,Plannerinputs/generated/problemGluingBeamHL_b25_r1_m5_lay5.pddl,True,294.19,447.82,8,0,
805,2026-07-01 14:11:57.889,FF,GluingBeamHL_b31_r1_m6_lay6,Plannerinputs/generated/problemGluingBeamHL_b31_r1_m6_lay6.pddl,True,270.55,358.76,8,0,
806,2026-07-01 14:11:58.306,FF,NailingBeamHL_b37_r1_m7_lay7,Plannerinputs/generated/problemNailingBeamHL_b37_r1_m7_lay7.pddl,True,259.72,309.08,1,0,
807,2026-07-01 14:11:58.861,FF,NailingBeamHL_b44_r1_m8_lay8,Plannerinputs/generated/problemNailingBeamHL_b44_r1_m8_lay8.pddl,True,267.57,322.12,2,0,
808,2026-07-01 14:11:59.344,FF,GluingBeamHL_b25_r1_m5_lay5,Plannerinputs/generated/problemGluingBeamHL_b25_r1_m5_lay5.pddl,True,258.88,359.10,8,0,
809,2026-07-01 14:11:59.765,FF,GluingBeamHL_b31_r1_m6_lay6,Plannerinputs/generated/problemGluingBeamHL_b31_r1_m6_lay6.pddl,True,266.25,379.65,8,0,
810,2026-07-01 14:12:00.211,FF,NailingBeamHL_b42_r1_m7_lay7,Plannerinputs/generated/problemNailingBeamHL_b42_r1_m7_lay7.pddl,True,261.30,329.32,1,0,
811,2026-07-01 14:12:00.854,FF,NailingBeamHL_b44_r1_m8_lay8,Plannerinputs/generated/problemNailingBeamHL_b44_r1_m8_lay8.pddl,True,262.18,340.79,2,0,
812,2026-07-01 14:12:01.381,FF,GluingBeamHL_b25_r1_m5_lay5,Plannerinputs/generated/problemGluingBeamHL_b25_r1_m5_lay5.pddl,True,283.23,381.46,8,0,
813,2026-07-01 14:12:01.810,FF,GluingBeamHL_b31_r1_m6_lay6,Plannerinputs/generated/problemGluingBeamHL_b31_r1_m6_lay6.pddl,True,258.19,387.36,8,0,
814,2026-07-01 14:12:02.271,FF,GluingBeamHL_b37_r1_m7_lay7,Plannerinputs/generated/problemGluingBeamHL_b37_r1_m7_lay7.pddl,True,259.60,363.98,8,0,
815,2026-07-01 14:12:03.257,FF,GluingBeamHL_b25_r1_m5_lay5,Plannerinputs/generated/problemGluingBeamHL_b25_r1_m5_lay5.pddl,True,260.08,361.58,8,0,
816,2026-07-01 14:12:03.661,FF,GluingBeamHL_b31_r1_m6_lay6,Plannerinputs/generated/problemGluingBeamHL_b31_r1_m6_lay6.pddl,True,255.91,371.55,8,0,
817,2026-07-01 14:12:04.078,FF,GluingBeamHL_b37_r1_m7_lay7,Plannerinputs/generated/problemGluingBeamHL_b37_r1_m7_lay7.pddl,True,259.82,336.01,8,0,
818,2026-07-01 14:12:04.469,FF,NailingBeamHL_b46_r1_m8_lay8,Plannerinputs/generated/problemNailingBeamHL_b46_r1_m8_lay8.pddl,True,259.71,320.80,1,0,
819,2026-07-01 14:12:05.231,FF,GluingBeamHL_b25_r1_m5_lay5,Plannerinputs/generated/problemGluingBeamHL_b25_r1_m5_lay5.pddl,True,267.23,355.60,8,0,
820,2026-07-01 14:12:05.624,FF,GluingBeamHL_b31_r1_m6_lay6,Plannerinputs/generated/problemGluingBeamHL_b31_r1_m6_lay6.pddl,True,263.91,385.70,8,0,
821,2026-07-01 14:12:06.056,FF,GluingBeamHL_b37_r1_m7_lay7,Plannerinputs/generated/problemGluingBeamHL_b37_r1_m7_lay7.pddl,True,254.93,364.97,8,0,
822,2026-07-01 14:12:06.467,FF,NailingBeamHL_b45_r1_m8_lay8,Plannerinputs/generated/problemNailingBeamHL_b45_r1_m8_lay8.pddl,True,254.96,319.27,1,0,
823,2026-07-01 14:12:07.221,FF,GluingBeamHL_b25_r1_m5_lay5,Plannerinputs/generated/problemGluingBeamHL_b25_r1_m5_lay5.pddl,True,256.70,361.03,8,0,
824,2026-07-01 14:12:07.615,FF,GluingBeamHL_b31_r1_m6_lay6,Plannerinputs/generated/problemGluingBeamHL_b31_r1_m6_lay6.pddl,True,259.62,362.11,8,0,
825,2026-07-01 14:12:08.017,FF,GluingBeamHL_b37_r1_m7_lay7,Plannerinputs/generated/problemGluingBeamHL_b37_r1_m7_lay7.pddl,True,250.47,352.71,8,0,
826,2026-07-01 14:12:08.432,FF,NailingBeamHL_b47_r1_m8_lay8,Plannerinputs/generated/problemNailingBeamHL_b47_r1_m8_lay8.pddl,True,279.38,336.53,1,0,
827,2026-07-01 14:12:09.237,FF,GluingBeamHL_b25_r1_m5_lay5,Plannerinputs/generated/problemGluingBeamHL_b25_r1_m5_lay5.pddl,True,256.46,348.74,8,0,
828,2026-07-01 14:12:09.614,FF,GluingBeamHL_b31_r1_m6_lay6,Plannerinputs/generated/problemGluingBeamHL_b31_r1_m6_lay6.pddl,True,262.95,358.67,8,0,
829,2026-07-01 14:12:10.022,FF,GluingBeamHL_b37_r1_m7_lay7,Plannerinputs/generated/problemGluingBeamHL_b37_r1_m7_lay7.pddl,True,253.14,364.33,8,0,
830,2026-07-01 14:12:10.450,FF,NailingBeamHL_b43_r1_m8_lay8,Plannerinputs/generated/problemNailingBeamHL_b43_r1_m8_lay8.pddl,True,259.97,315.05,1,0,
831,2026-07-01 14:12:11.165,FF,GluingBeamHL_b25_r1_m5_lay5,Plannerinputs/generated/problemGluingBeamHL_b25_r1_m5_lay5.pddl,True,255.73,365.22,8,0,
832,2026-07-01 14:12:11.580,FF,GluingBeamHL_b31_r1_m6_lay6,Plannerinputs/generated/problemGluingBeamHL_b31_r1_m6_lay6.pddl,True,249.55,349.67,8,0,
833,2026-07-01 14:12:11.985,FF,GluingBeamHL_b37_r1_m7_lay7,Plannerinputs/generated/problemGluingBeamHL_b37_r1_m7_lay7.pddl,True,250.70,346.46,8,0,
834,2026-07-01 14:12:12.406,FF,NailingBeamHL_b48_r1_m8_lay8,Plannerinputs/generated/problemNailingBeamHL_b48_r1_m8_lay8.pddl,True,246.92,301.44,1,0,
835,2026-07-01 14:12:13.096,FF,GluingBeamHL_b25_r1_m5_lay5,Plannerinputs/generated/problemGluingBeamHL_b25_r1_m5_lay5.pddl,True,256.17,330.08,8,0,
836,2026-07-01 14:12:13.474,FF,GluingBeamHL_b31_r1_m6_lay6,Plannerinputs/generated/problemGluingBeamHL_b31_r1_m6_lay6.pddl,True,280.64,368.07,8,0,
837,2026-07-01 14:12:13.893,FF,GluingBeamHL_b37_r1_m7_lay7,Plannerinputs/generated/problemGluingBeamHL_b37_r1_m7_lay7.pddl,True,258.58,359.48,8,0,
838,2026-07-01 14:12:14.338,FF,GluingBeamHL_b43_r1_m8_lay8,Plannerinputs/generated/problemGluingBeamHL_b43_r1_m8_lay8.pddl,True,270.12,360.50,8,0,
839,2026-07-01 14:12:16.880,FF,GluingBeamHL_b31_r1_m6_lay6,Plannerinputs/generated/problemGluingBeamHL_b31_r1_m6_lay6.pddl,True,277.56,356.65,2,0,
840,2026-07-01 14:12:17.309,FF,GluingBeamHL_b37_r1_m7_lay7,Plannerinputs/generated/problemGluingBeamHL_b37_r1_m7_lay7.pddl,True,275.30,326.91,2,0,
841,2026-07-01 14:12:17.706,FF,GluingBeamHL_b43_r1_m8_lay8,Plannerinputs/generated/problemGluingBeamHL_b43_r1_m8_lay8.pddl,True,256.64,328.48,2,0,
842,2026-07-01 14:12:18.217,FF,GluingBeamHL_b26_r1_m5_lay5,Plannerinputs/generated/problemGluingBeamHL_b26_r1_m5_lay5.pddl,True,263.38,331.22,1,0,
843,2026-07-01 14:12:18.828,FF,GluingBeamHL_b31_r1_m6_lay6,Plannerinputs/generated/problemGluingBeamHL_b31_r1_m6_lay6.pddl,True,280.26,340.52,2,0,
844,2026-07-01 14:12:19.212,FF,GluingBeamHL_b37_r1_m7_lay7,Plannerinputs/generated/problemGluingBeamHL_b37_r1_m7_lay7.pddl,True,277.34,357.77,2,0,
845,2026-07-01 14:12:19.632,FF,GluingBeamHL_b43_r1_m8_lay8,Plannerinputs/generated/problemGluingBeamHL_b43_r1_m8_lay8.pddl,True,283.32,340.66,2,0,
846,2026-07-01 14:12:20.141,FF,GluingBeamHL_b29_r1_m5_lay5,Plannerinputs/generated/problemGluingBeamHL_b29_r1_m5_lay5.pddl,True,287.15,345.51,1,0,
847,2026-07-01 14:12:20.734,FF,GluingBeamHL_b31_r1_m6_lay6,Plannerinputs/generated/problemGluingBeamHL_b31_r1_m6_lay6.pddl,True,272.90,327.53,2,0,
848,2026-07-01 14:12:21.100,FF,GluingBeamHL_b37_r1_m7_lay7,Plannerinputs/generated/problemGluingBeamHL_b37_r1_m7_lay7.pddl,True,289.80,361.58,2,0,
849,2026-07-01 14:12:21.517,FF,GluingBeamHL_b43_r1_m8_lay8,Plannerinputs/generated/problemGluingBeamHL_b43_r1_m8_lay8.pddl,True,284.82,341.01,2,0,
850,2026-07-01 14:12:22.023,FF,GluingBeamHL_b30_r1_m5_lay5,Plannerinputs/generated/problemGluingBeamHL_b30_r1_m5_lay5.pddl,True,265.91,321.83,1,0,
851,2026-07-01 14:12:22.577,FF,GluingBeamHL_b31_r1_m6_lay6,Plannerinputs/generated/problemGluingBeamHL_b31_r1_m6_lay6.pddl,True,252.83,324.24,2,0,
852,2026-07-01 14:12:22.943,FF,GluingBeamHL_b37_r1_m7_lay7,Plannerinputs/generated/problemGluingBeamHL_b37_r1_m7_lay7.pddl,True,252.47,312.25,2,0,
853,2026-07-01 14:12:23.336,FF,GluingBeamHL_b43_r1_m8_lay8,Plannerinputs/generated/problemGluingBeamHL_b43_r1_m8_lay8.pddl,True,279.01,341.76,2,0,
854,2026-07-01 14:12:23.850,FF,GluingBeamHL_b28_r1_m5_lay5,Plannerinputs/generated/problemGluingBeamHL_b28_r1_m5_lay5.pddl,True,260.07,299.32,1,0,
855,2026-07-01 14:12:24.386,FF,GluingBeamHL_b31_r1_m6_lay6,Plannerinputs/generated/problemGluingBeamHL_b31_r1_m6_lay6.pddl,True,254.33,331.01,2,0,
856,2026-07-01 14:12:24.767,FF,GluingBeamHL_b37_r1_m7_lay7,Plannerinputs/generated/problemGluingBeamHL_b37_r1_m7_lay7.pddl,True,268.46,341.25,2,0,
857,2026-07-01 14:12:25.146,FF,GluingBeamHL_b43_r1_m8_lay8,Plannerinputs/generated/problemGluingBeamHL_b43_r1_m8_lay8.pddl,True,257.54,320.98,2,0,
858,2026-07-01 14:12:25.675,FF,GluingBeamHL_b27_r1_m5_lay5,Plannerinputs/generated/problemGluingBeamHL_b27_r1_m5_lay5.pddl,True,263.12,314.91,1,0,
859,2026-07-01 14:12:26.308,FF,GluingBeamHL_b31_r1_m6_lay6,Plannerinputs/generated/problemGluingBeamHL_b31_r1_m6_lay6.pddl,True,270.63,347.65,2,0,
860,2026-07-01 14:12:26.749,FF,GluingBeamHL_b37_r1_m7_lay7,Plannerinputs/generated/problemGluingBeamHL_b37_r1_m7_lay7.pddl,True,257.30,340.41,2,0,
861,2026-07-01 14:12:27.150,FF,GluingBeamHL_b43_r1_m8_lay8,Plannerinputs/generated/problemGluingBeamHL_b43_r1_m8_lay8.pddl,True,259.89,345.05,2,0,
862,2026-07-01 14:12:27.699,FF,PickUpHL_tp5_fp37_r1,Plannerinputs/generated/problemPickUpHL_tp5_fp37_r1.pddl,True,259.02,357.86,9,0,
863,2026-07-01 14:12:28.556,FF,GluingBeamHL_b37_r1_m7_lay7,Plannerinputs/generated/problemGluingBeamHL_b37_r1_m7_lay7.pddl,True,252.04,333.51,2,0,
864,2026-07-01 14:12:28.976,FF,GluingBeamHL_b43_r1_m8_lay8,Plannerinputs/generated/problemGluingBeamHL_b43_r1_m8_lay8.pddl,True,258.07,320.90,2,0,
865,2026-07-01 14:12:29.431,FF,PickUpHL_tp5_fp37_r1,Plannerinputs/generated/problemPickUpHL_tp5_fp37_r1.pddl,True,276.64,432.98,9,0,
866,2026-07-01 14:12:29.935,FF,GluingBeamHL_b32_r1_m6_lay6,Plannerinputs/generated/problemGluingBeamHL_b32_r1_m6_lay6.pddl,True,266.56,326.65,1,0,
867,2026-07-01 14:12:30.528,FF,GluingBeamHL_b37_r1_m7_lay7,Plannerinputs/generated/problemGluingBeamHL_b37_r1_m7_lay7.pddl,True,258.23,319.68,2,0,
868,2026-07-01 14:12:30.912,FF,GluingBeamHL_b43_r1_m8_lay8,Plannerinputs/generated/problemGluingBeamHL_b43_r1_m8_lay8.pddl,True,266.60,340.86,2,0,
869,2026-07-01 14:12:31.463,FF,PickUpHL_tp5_fp37_r1,Plannerinputs/generated/problemPickUpHL_tp5_fp37_r1.pddl,True,285.51,487.75,9,0,
870,2026-07-01 14:12:32.024,FF,GluingBeamHL_b35_r1_m6_lay6,Plannerinputs/generated/problemGluingBeamHL_b35_r1_m6_lay6.pddl,True,272.36,320.73,1,0,
871,2026-07-01 14:12:32.577,FF,GluingBeamHL_b37_r1_m7_lay7,Plannerinputs/generated/problemGluingBeamHL_b37_r1_m7_lay7.pddl,True,284.44,349.29,2,0,
872,2026-07-01 14:12:33.001,FF,GluingBeamHL_b43_r1_m8_lay8,Plannerinputs/generated/problemGluingBeamHL_b43_r1_m8_lay8.pddl,True,269.80,335.71,2,0,
873,2026-07-01 14:12:33.509,FF,PickUpHL_tp5_fp37_r1,Plannerinputs/generated/problemPickUpHL_tp5_fp37_r1.pddl,True,258.70,387.38,9,0,
874,2026-07-01 14:12:33.955,FF,GluingBeamHL_b36_r1_m6_lay6,Plannerinputs/generated/problemGluingBeamHL_b36_r1_m6_lay6.pddl,True,259.51,312.98,1,0,
875,2026-07-01 14:12:34.564,FF,GluingBeamHL_b37_r1_m7_lay7,Plannerinputs/generated/problemGluingBeamHL_b37_r1_m7_lay7.pddl,True,253.95,316.99,2,0,
876,2026-07-01 14:12:34.927,FF,GluingBeamHL_b43_r1_m8_lay8,Plannerinputs/generated/problemGluingBeamHL_b43_r1_m8_lay8.pddl,True,262.46,331.68,2,0,
877,2026-07-01 14:12:35.431,FF,PickUpHL_tp5_fp37_r1,Plannerinputs/generated/problemPickUpHL_tp5_fp37_r1.pddl,True,264.85,383.00,9,0,
878,2026-07-01 14:12:35.857,FF,GluingBeamHL_b34_r1_m6_lay6,Plannerinputs/generated/problemGluingBeamHL_b34_r1_m6_lay6.pddl,True,259.78,321.94,1,0,
879,2026-07-01 14:12:36.520,FF,GluingBeamHL_b37_r1_m7_lay7,Plannerinputs/generated/problemGluingBeamHL_b37_r1_m7_lay7.pddl,True,265.60,323.24,2,0,
880,2026-07-01 14:12:36.885,FF,GluingBeamHL_b43_r1_m8_lay8,Plannerinputs/generated/problemGluingBeamHL_b43_r1_m8_lay8.pddl,True,258.12,327.22,2,0,
881,2026-07-01 14:12:37.403,FF,PickUpHL_tp5_fp37_r1,Plannerinputs/generated/problemPickUpHL_tp5_fp37_r1.pddl,True,306.82,429.78,9,0,
882,2026-07-01 14:12:37.873,FF,GluingBeamHL_b33_r1_m6_lay6,Plannerinputs/generated/problemGluingBeamHL_b33_r1_m6_lay6.pddl,True,264.51,333.65,1,0,
883,2026-07-01 14:12:38.526,FF,GluingBeamHL_b37_r1_m7_lay7,Plannerinputs/generated/problemGluingBeamHL_b37_r1_m7_lay7.pddl,True,277.66,347.15,2,0,
884,2026-07-01 14:12:38.923,FF,GluingBeamHL_b43_r1_m8_lay8,Plannerinputs/generated/problemGluingBeamHL_b43_r1_m8_lay8.pddl,True,273.83,335.53,2,0,
885,2026-07-01 14:12:39.416,FF,PickUpHL_tp5_fp37_r1,Plannerinputs/generated/problemPickUpHL_tp5_fp37_r1.pddl,True,273.18,371.90,9,0,
886,2026-07-01 14:12:39.846,FF,PickUpHL_tp6_fp45_r1,Plannerinputs/generated/problemPickUpHL_tp6_fp45_r1.pddl,True,269.48,376.08,9,0,
887,2026-07-01 14:12:40.708,FF,GluingBeamHL_b43_r1_m8_lay8,Plannerinputs/generated/problemGluingBeamHL_b43_r1_m8_lay8.pddl,True,267.38,341.83,2,0,
888,2026-07-01 14:12:41.232,FF,PickUpHL_tp5_fp37_r1,Plannerinputs/generated/problemPickUpHL_tp5_fp37_r1.pddl,True,265.53,366.48,9,0,
889,2026-07-01 14:12:41.643,FF,PickUpHL_tp6_fp45_r1,Plannerinputs/generated/problemPickUpHL_tp6_fp45_r1.pddl,True,260.83,354.35,9,0,
890,2026-07-01 14:12:42.071,FF,GluingBeamHL_b38_r1_m7_lay7,Plannerinputs/generated/problemGluingBeamHL_b38_r1_m7_lay7.pddl,True,253.26,318.17,1,0,
891,2026-07-01 14:12:42.655,FF,GluingBeamHL_b43_r1_m8_lay8,Plannerinputs/generated/problemGluingBeamHL_b43_r1_m8_lay8.pddl,True,265.73,313.55,2,0,
892,2026-07-01 14:12:43.117,FF,PickUpHL_tp5_fp37_r1,Plannerinputs/generated/problemPickUpHL_tp5_fp37_r1.pddl,True,265.47,375.38,9,0,
893,2026-07-01 14:12:43.552,FF,PickUpHL_tp6_fp45_r1,Plannerinputs/generated/problemPickUpHL_tp6_fp45_r1.pddl,True,264.45,347.68,9,0,
894,2026-07-01 14:12:43.961,FF,GluingBeamHL_b41_r1_m7_lay7,Plannerinputs/generated/problemGluingBeamHL_b41_r1_m7_lay7.pddl,True,257.11,326.59,1,0,
895,2026-07-01 14:12:44.585,FF,GluingBeamHL_b43_r1_m8_lay8,Plannerinputs/generated/problemGluingBeamHL_b43_r1_m8_lay8.pddl,True,259.21,312.26,2,0,
896,2026-07-01 14:12:45.047,FF,PickUpHL_tp5_fp37_r1,Plannerinputs/generated/problemPickUpHL_tp5_fp37_r1.pddl,True,266.85,370.30,9,0,
897,2026-07-01 14:12:45.469,FF,PickUpHL_tp6_fp45_r1,Plannerinputs/generated/problemPickUpHL_tp6_fp45_r1.pddl,True,261.41,401.28,9,0,
898,2026-07-01 14:12:45.914,FF,GluingBeamHL_b42_r1_m7_lay7,Plannerinputs/generated/problemGluingBeamHL_b42_r1_m7_lay7.pddl,True,259.23,315.97,1,0,
899,2026-07-01 14:12:46.607,FF,GluingBeamHL_b43_r1_m8_lay8,Plannerinputs/generated/problemGluingBeamHL_b43_r1_m8_lay8.pddl,True,257.05,326.33,2,0,
900,2026-07-01 14:12:47.090,FF,PickUpHL_tp5_fp37_r1,Plannerinputs/generated/problemPickUpHL_tp5_fp37_r1.pddl,True,256.93,365.66,9,0,
901,2026-07-01 14:12:47.513,FF,PickUpHL_tp6_fp45_r1,Plannerinputs/generated/problemPickUpHL_tp6_fp45_r1.pddl,True,264.30,378.19,9,0,
902,2026-07-01 14:12:47.976,FF,GluingBeamHL_b40_r1_m7_lay7,Plannerinputs/generated/problemGluingBeamHL_b40_r1_m7_lay7.pddl,True,276.76,346.81,1,0,
903,2026-07-01 14:12:48.639,FF,GluingBeamHL_b43_r1_m8_lay8,Plannerinputs/generated/problemGluingBeamHL_b43_r1_m8_lay8.pddl,True,258.34,324.67,2,0,
904,2026-07-01 14:12:49.125,FF,PickUpHL_tp5_fp37_r1,Plannerinputs/generated/problemPickUpHL_tp5_fp37_r1.pddl,True,266.44,379.26,9,0,
905,2026-07-01 14:12:49.551,FF,PickUpHL_tp6_fp45_r1,Plannerinputs/generated/problemPickUpHL_tp6_fp45_r1.pddl,True,271.94,379.32,9,0,
906,2026-07-01 14:12:49.992,FF,GluingBeamHL_b39_r1_m7_lay7,Plannerinputs/generated/problemGluingBeamHL_b39_r1_m7_lay7.pddl,True,270.90,316.59,1,0,
907,2026-07-01 14:12:50.631,FF,GluingBeamHL_b43_r1_m8_lay8,Plannerinputs/generated/problemGluingBeamHL_b43_r1_m8_lay8.pddl,True,262.86,348.44,2,0,
908,2026-07-01 14:12:51.137,FF,PickUpHL_tp5_fp37_r1,Plannerinputs/generated/problemPickUpHL_tp5_fp37_r1.pddl,True,265.33,396.08,9,0,
909,2026-07-01 14:12:51.568,FF,PickUpHL_tp6_fp45_r1,Plannerinputs/generated/problemPickUpHL_tp6_fp45_r1.pddl,True,304.22,440.18,9,0,
910,2026-07-01 14:12:52.086,FF,PickUpHL_tp7_fp53_r1,Plannerinputs/generated/problemPickUpHL_tp7_fp53_r1.pddl,True,259.77,365.50,9,0,
911,2026-07-01 14:12:53.089,FF,PickUpHL_tp5_fp37_r1,Plannerinputs/generated/problemPickUpHL_tp5_fp37_r1.pddl,True,260.98,375.16,9,0,
912,2026-07-01 14:12:53.528,FF,PickUpHL_tp6_fp45_r1,Plannerinputs/generated/problemPickUpHL_tp6_fp45_r1.pddl,True,261.70,386.84,9,0,
913,2026-07-01 14:12:53.952,FF,PickUpHL_tp7_fp53_r1,Plannerinputs/generated/problemPickUpHL_tp7_fp53_r1.pddl,True,259.25,369.31,9,0,
914,2026-07-01 14:12:54.393,FF,GluingBeamHL_b44_r1_m8_lay8,Plannerinputs/generated/problemGluingBeamHL_b44_r1_m8_lay8.pddl,True,271.18,339.06,1,0,
915,2026-07-01 14:12:55.265,FF,PickUpHL_tp5_fp37_r1,Plannerinputs/generated/problemPickUpHL_tp5_fp37_r1.pddl,True,257.85,366.34,9,0,
916,2026-07-01 14:12:55.663,FF,PickUpHL_tp6_fp45_r1,Plannerinputs/generated/problemPickUpHL_tp6_fp45_r1.pddl,True,255.87,340.57,9,0,
917,2026-07-01 14:12:56.047,FF,PickUpHL_tp7_fp53_r1,Plannerinputs/generated/problemPickUpHL_tp7_fp53_r1.pddl,True,258.67,336.72,9,0,
918,2026-07-01 14:12:56.425,FF,GluingBeamHL_b47_r1_m8_lay8,Plannerinputs/generated/problemGluingBeamHL_b47_r1_m8_lay8.pddl,True,257.35,318.39,1,0,
919,2026-07-01 14:12:57.200,FF,PickUpHL_tp5_fp37_r1,Plannerinputs/generated/problemPickUpHL_tp5_fp37_r1.pddl,True,265.05,357.16,9,0,
920,2026-07-01 14:12:57.600,FF,PickUpHL_tp6_fp45_r1,Plannerinputs/generated/problemPickUpHL_tp6_fp45_r1.pddl,True,256.71,379.29,9,0,
921,2026-07-01 14:12:58.030,FF,PickUpHL_tp7_fp53_r1,Plannerinputs/generated/problemPickUpHL_tp7_fp53_r1.pddl,True,255.56,384.44,9,0,
922,2026-07-01 14:12:58.451,FF,GluingBeamHL_b48_r1_m8_lay8,Plannerinputs/generated/problemGluingBeamHL_b48_r1_m8_lay8.pddl,True,254.96,327.67,1,0,
923,2026-07-01 14:12:59.203,FF,PickUpHL_tp5_fp37_r1,Plannerinputs/generated/problemPickUpHL_tp5_fp37_r1.pddl,True,253.76,345.51,9,0,
924,2026-07-01 14:12:59.604,FF,PickUpHL_tp6_fp45_r1,Plannerinputs/generated/problemPickUpHL_tp6_fp45_r1.pddl,True,265.00,377.22,9,0,
925,2026-07-01 14:13:00.048,FF,PickUpHL_tp7_fp53_r1,Plannerinputs/generated/problemPickUpHL_tp7_fp53_r1.pddl,True,266.41,378.18,9,0,
926,2026-07-01 14:13:00.492,FF,GluingBeamHL_b46_r1_m8_lay8,Plannerinputs/generated/problemGluingBeamHL_b46_r1_m8_lay8.pddl,True,273.89,344.63,1,0,
927,2026-07-01 14:13:01.210,FF,PickUpHL_tp5_fp37_r1,Plannerinputs/generated/problemPickUpHL_tp5_fp37_r1.pddl,True,259.05,343.22,9,0,
928,2026-07-01 14:13:01.586,FF,PickUpHL_tp6_fp45_r1,Plannerinputs/generated/problemPickUpHL_tp6_fp45_r1.pddl,True,263.10,354.28,9,0,
929,2026-07-01 14:13:01.976,FF,PickUpHL_tp7_fp53_r1,Plannerinputs/generated/problemPickUpHL_tp7_fp53_r1.pddl,True,256.35,360.52,9,0,
930,2026-07-01 14:13:02.406,FF,GluingBeamHL_b45_r1_m8_lay8,Plannerinputs/generated/problemGluingBeamHL_b45_r1_m8_lay8.pddl,True,261.40,318.38,1,0,
931,2026-07-01 14:13:03.117,FF,PickUpHL_tp5_fp37_r1,Plannerinputs/generated/problemPickUpHL_tp5_fp37_r1.pddl,True,260.26,367.03,9,0,
932,2026-07-01 14:13:03.531,FF,PickUpHL_tp6_fp45_r1,Plannerinputs/generated/problemPickUpHL_tp6_fp45_r1.pddl,True,252.87,349.93,9,0,
933,2026-07-01 14:13:03.923,FF,PickUpHL_tp7_fp53_r1,Plannerinputs/generated/problemPickUpHL_tp7_fp53_r1.pddl,True,254.86,388.61,9,0,
934,2026-07-01 14:13:04.372,FF,PickUpHL_tp8_fp61_r1,Plannerinputs/generated/problemPickUpHL_tp8_fp61_r1.pddl,True,264.14,337.13,8,0,
935,2026-07-01 14:13:06.573,FF,PickUpHL_tp5_fp37_r1,Plannerinputs/generated/problemPickUpHL_tp5_fp37_r1.pddl,True,256.30,327.09,3,0,
936,2026-07-01 14:13:06.963,FF,PickUpHL_tp6_fp45_r1,Plannerinputs/generated/problemPickUpHL_tp6_fp45_r1.pddl,True,255.75,330.97,3,0,
937,2026-07-01 14:13:07.341,FF,PickUpHL_tp7_fp53_r1,Plannerinputs/generated/problemPickUpHL_tp7_fp53_r1.pddl,True,265.31,342.96,3,0,
938,2026-07-01 14:13:07.738,FF,StackOnMultipleHL_tp8_r1_pr4_m8_lay8,Plannerinputs/generated/problemStackOnMultipleHL_tp8_r1_pr4_m8_lay8.pddl,True,288.80,353.07,2,0,
939,2026-07-01 14:13:08.764,FF,PickUpHL_tp5_fp37_r1,Plannerinputs/generated/problemPickUpHL_tp5_fp37_r1.pddl,True,253.10,338.76,2,0,
940,2026-07-01 14:13:09.159,FF,PickUpHL_tp6_fp45_r1,Plannerinputs/generated/problemPickUpHL_tp6_fp45_r1.pddl,True,256.59,344.77,2,0,
941,2026-07-01 14:13:09.546,FF,PickUpHL_tp7_fp53_r1,Plannerinputs/generated/problemPickUpHL_tp7_fp53_r1.pddl,True,263.25,364.17,2,0,
942,2026-07-01 14:13:09.973,FF,NailingHL_tp8_r1,Plannerinputs/generated/problemNailingHL_tp8_r1.pddl,True,261.89,389.74,8,0,
943,2026-07-01 14:13:11.061,FF,PickUpHL_tp6_fp45_r1,Plannerinputs/generated/problemPickUpHL_tp6_fp45_r1.pddl,True,263.79,342.70,3,0,
944,2026-07-01 14:13:11.495,FF,PickUpHL_tp7_fp53_r1,Plannerinputs/generated/problemPickUpHL_tp7_fp53_r1.pddl,True,259.67,333.82,3,0,
945,2026-07-01 14:13:11.866,FF,NailingHL_tp8_r1,Plannerinputs/generated/problemNailingHL_tp8_r1.pddl,True,255.97,370.66,11,0,
946,2026-07-01 14:13:12.426,FF,StackOnMultipleHL_tp5_r1_pr1_m5_lay5,Plannerinputs/generated/problemStackOnMultipleHL_tp5_r1_pr1_m5_lay5.pddl,True,264.96,332.67,2,0,
947,2026-07-01 14:13:13.299,FF,PickUpHL_tp6_fp45_r1,Plannerinputs/generated/problemPickUpHL_tp6_fp45_r1.pddl,True,270.94,341.42,2,0,
948,2026-07-01 14:13:13.682,FF,PickUpHL_tp7_fp53_r1,Plannerinputs/generated/problemPickUpHL_tp7_fp53_r1.pddl,True,258.03,340.12,2,0,
949,2026-07-01 14:13:14.082,FF,NailingHL_tp8_r1,Plannerinputs/generated/problemNailingHL_tp8_r1.pddl,True,269.79,370.82,8,0,
950,2026-07-01 14:13:14.656,FF,NailingHL_tp5_r1,Plannerinputs/generated/problemNailingHL_tp5_r1.pddl,True,264.46,382.54,8,0,
951,2026-07-01 14:13:15.694,FF,PickUpHL_tp7_fp53_r1,Plannerinputs/generated/problemPickUpHL_tp7_fp53_r1.pddl,True,263.89,338.36,3,0,
952,2026-07-01 14:13:16.124,FF,NailingHL_tp8_r1,Plannerinputs/generated/problemNailingHL_tp8_r1.pddl,True,265.28,379.16,11,0,
953,2026-07-01 14:13:16.741,FF,NailingHL_tp5_r1,Plannerinputs/generated/problemNailingHL_tp5_r1.pddl,True,270.04,401.65,11,0,
954,2026-07-01 14:13:17.230,FF,StackOnMultipleHL_tp6_r1_pr2_m6_lay6,Plannerinputs/generated/problemStackOnMultipleHL_tp6_r1_pr2_m6_lay6.pddl,True,259.59,325.22,2,0,
955,2026-07-01 14:13:18.062,FF,PickUpHL_tp7_fp53_r1,Plannerinputs/generated/problemPickUpHL_tp7_fp53_r1.pddl,True,272.52,351.37,2,0,
956,2026-07-01 14:13:18.510,FF,NailingHL_tp8_r1,Plannerinputs/generated/problemNailingHL_tp8_r1.pddl,True,276.30,366.85,8,0,
957,2026-07-01 14:13:19.038,FF,NailingHL_tp5_r1,Plannerinputs/generated/problemNailingHL_tp5_r1.pddl,True,259.70,342.67,8,0,
958,2026-07-01 14:13:19.417,FF,NailingHL_tp6_r1,Plannerinputs/generated/problemNailingHL_tp6_r1.pddl,True,270.30,373.91,8,0,
959,2026-07-01 14:13:20.441,FF,NailingHL_tp8_r1,Plannerinputs/generated/problemNailingHL_tp8_r1.pddl,True,271.38,412.32,11,0,
960,2026-07-01 14:13:21.011,FF,NailingHL_tp5_r1,Plannerinputs/generated/problemNailingHL_tp5_r1.pddl,True,263.89,377.31,11,0,
961,2026-07-01 14:13:21.478,FF,NailingHL_tp6_r1,Plannerinputs/generated/problemNailingHL_tp6_r1.pddl,True,271.34,428.90,11,0,
962,2026-07-01 14:13:21.948,FF,StackOnMultipleHL_tp7_r1_pr3_m7_lay7,Plannerinputs/generated/problemStackOnMultipleHL_tp7_r1_pr3_m7_lay7.pddl,True,260.63,344.59,2,0,
963,2026-07-01 14:13:22.915,FF,NailingHL_tp8_r1,Plannerinputs/generated/problemNailingHL_tp8_r1.pddl,True,254.64,372.82,8,0,
964,2026-07-01 14:13:23.468,FF,NailingHL_tp5_r1,Plannerinputs/generated/problemNailingHL_tp5_r1.pddl,True,258.99,362.83,8,0,
965,2026-07-01 14:13:23.893,FF,NailingHL_tp6_r1,Plannerinputs/generated/problemNailingHL_tp6_r1.pddl,True,252.38,385.36,8,0,
966,2026-07-01 14:13:24.363,FF,NailingHL_tp7_r1,Plannerinputs/generated/problemNailingHL_tp7_r1.pddl,True,261.06,363.02,8,0,
967,2026-07-01 14:13:26.943,FF,NailingHL_tp5_r1,Plannerinputs/generated/problemNailingHL_tp5_r1.pddl,True,263.42,338.40,2,0,
968,2026-07-01 14:13:27.342,FF,NailingHL_tp6_r1,Plannerinputs/generated/problemNailingHL_tp6_r1.pddl,True,291.69,378.02,2,0,
969,2026-07-01 14:13:27.778,FF,NailingHL_tp7_r1,Plannerinputs/generated/problemNailingHL_tp7_r1.pddl,True,254.84,304.47,2,0,
970,2026-07-01 14:13:28.128,FF,MoveCassetteToStackHL_tp8_lp8_pr4_sp8_r1_m8_lay8,Plannerinputs/generated/problemMoveCassetteToStackHL_tp8_lp8_pr4_sp8_r1_m8_lay8.pddl,True,264.40,376.68,10,0,
971,2026-07-01 14:13:29.220,FF,NailingHL_tp6_r1,Plannerinputs/generated/problemNailingHL_tp6_r1.pddl,True,258.02,341.88,2,0,
972,2026-07-01 14:13:29.611,FF,NailingHL_tp7_r1,Plannerinputs/generated/problemNailingHL_tp7_r1.pddl,True,264.88,332.89,2,0,
973,2026-07-01 14:13:29.991,FF,MoveCassetteToStackHL_tp8_lp8_pr4_sp8_r1_m8_lay8,Plannerinputs/generated/problemMoveCassetteToStackHL_tp8_lp8_pr4_sp8_r1_m8_lay8.pddl,True,270.73,404.40,10,0,
974,2026-07-01 14:13:30.583,FF,MoveCassetteToStackHL_tp5_lp5_pr1_sp5_r1_m5_lay5,Plannerinputs/generated/problemMoveCassetteToStackHL_tp5_lp5_pr1_sp5_r1_m5_lay5.pddl,True,268.58,381.94,10,0,
975,2026-07-01 14:13:31.584,FF,NailingHL_tp7_r1,Plannerinputs/generated/problemNailingHL_tp7_r1.pddl,True,262.45,314.63,2,0,
976,2026-07-01 14:13:31.938,FF,MoveCassetteToStackHL_tp8_lp8_pr4_sp8_r1_m8_lay8,Plannerinputs/generated/problemMoveCassetteToStackHL_tp8_lp8_pr4_sp8_r1_m8_lay8.pddl,True,263.96,379.02,10,0,
977,2026-07-01 14:13:32.495,FF,MoveCassetteToStackHL_tp5_lp5_pr1_sp5_r1_m5_lay5,Plannerinputs/generated/problemMoveCassetteToStackHL_tp5_lp5_pr1_sp5_r1_m5_lay5.pddl,True,266.29,397.66,10,0,
978,2026-07-01 14:13:32.984,FF,MoveCassetteToStackHL_tp6_lp6_pr2_sp6_r1_m6_lay6,Plannerinputs/generated/problemMoveCassetteToStackHL_tp6_lp6_pr2_sp6_r1_m6_lay6.pddl,True,262.27,381.52,10,0,
979,2026-07-01 14:13:33.919,FF,MoveCassetteToStackHL_tp8_lp8_pr4_sp8_r1_m8_lay8,Plannerinputs/generated/problemMoveCassetteToStackHL_tp8_lp8_pr4_sp8_r1_m8_lay8.pddl,True,269.57,393.19,10,0,
980,2026-07-01 14:13:34.484,FF,MoveCassetteToStackHL_tp5_lp5_pr1_sp5_r1_m5_lay5,Plannerinputs/generated/problemMoveCassetteToStackHL_tp5_lp5_pr1_sp5_r1_m5_lay5.pddl,True,264.26,401.85,10,0,
981,2026-07-01 14:13:34.929,FF,MoveCassetteToStackHL_tp6_lp6_pr2_sp6_r1_m6_lay6,Plannerinputs/generated/problemMoveCassetteToStackHL_tp6_lp6_pr2_sp6_r1_m6_lay6.pddl,True,265.88,388.07,10,0,
982,2026-07-01 14:13:35.362,FF,MoveCassetteToStackHL_tp7_lp7_pr3_sp7_r1_m7_lay7,Plannerinputs/generated/problemMoveCassetteToStackHL_tp7_lp7_pr3_sp7_r1_m7_lay7.pddl,True,257.52,397.30,10,0,
983,2026-07-01 14:13:38.468,FF,MoveCassetteToStackHL_tp5_lp5_pr1_sp5_r1_m5_lay5,Plannerinputs/generated/problemMoveCassetteToStackHL_tp5_lp5_pr1_sp5_r1_m5_lay5.pddl,True,275.41,382.33,4,0,
984,2026-07-01 14:13:38.920,FF,MoveCassetteToStackHL_tp6_lp6_pr2_sp6_r1_m6_lay6,Plannerinputs/generated/problemMoveCassetteToStackHL_tp6_lp6_pr2_sp6_r1_m6_lay6.pddl,True,261.39,334.61,4,0,
985,2026-07-01 14:13:39.292,FF,MoveCassetteToStackHL_tp7_lp7_pr3_sp7_r1_m7_lay7,Plannerinputs/generated/problemMoveCassetteToStackHL_tp7_lp7_pr3_sp7_r1_m7_lay7.pddl,True,273.82,367.54,4,0,
986,2026-07-01 14:13:40.740,FF,MoveCassetteToStackHL_tp6_lp6_pr2_sp6_r1_m6_lay6,Plannerinputs/generated/problemMoveCassetteToStackHL_tp6_lp6_pr2_sp6_r1_m6_lay6.pddl,True,280.84,358.60,4,0,
987,2026-07-01 14:13:41.155,FF,MoveCassetteToStackHL_tp7_lp7_pr3_sp7_r1_m7_lay7,Plannerinputs/generated/problemMoveCassetteToStackHL_tp7_lp7_pr3_sp7_r1_m7_lay7.pddl,True,261.24,354.39,4,0,
988,2026-07-01 14:13:42.693,FF,MoveCassetteToStackHL_tp7_lp7_pr3_sp7_r1_m7_lay7,Plannerinputs/generated/problemMoveCassetteToStackHL_tp7_lp7_pr3_sp7_r1_m7_lay7.pddl,True,265.17,355.33,4,0,
989,2026-07-01 14:13:44.373,ENHSP,cassette9,./Plannerinputs/static/problemC9.pddl,True,1338.96,1592.86,31,0,
990,2026-07-01 14:13:45.974,ENHSP,cassette10,./Plannerinputs/static/problemC10.pddl,True,1320.57,1534.76,31,0,
991,2026-07-01 14:13:47.514,ENHSP,cassette11,./Plannerinputs/static/problemC11.pddl,True,1354.76,1544.39,31,0,
992,2026-07-01 14:13:49.063,ENHSP,cassette12,./Plannerinputs/static/problemC12.pddl,True,1331.97,1618.81,31,0,
993,2026-07-01 14:13:50.879,FF,PickUpHL_lp9_fp65_r1,Plannerinputs/generated/problemPickUpHL_lp9_fp65_r1.pddl,True,286.85,349.66,2,0,
994,2026-07-01 14:13:51.339,FF,PickUpHL_lp10_fp73_r1,Plannerinputs/generated/problemPickUpHL_lp10_fp73_r1.pddl,True,292.81,364.85,2,0,
995,2026-07-01 14:13:51.809,FF,PickUpHL_lp11_fp81_r1,Plannerinputs/generated/problemPickUpHL_lp11_fp81_r1.pddl,True,290.38,352.30,2,0,
996,2026-07-01 14:13:52.221,FF,PickUpHL_lp12_fp89_r1,Plannerinputs/generated/problemPickUpHL_lp12_fp89_r1.pddl,True,294.58,353.22,2,0,
997,2026-07-01 14:13:53.190,FF,PickUpHL_lp10_fp73_r1,Plannerinputs/generated/problemPickUpHL_lp10_fp73_r1.pddl,True,304.26,386.23,3,0,
998,2026-07-01 14:13:53.625,FF,PickUpHL_lp11_fp81_r1,Plannerinputs/generated/problemPickUpHL_lp11_fp81_r1.pddl,True,281.78,358.30,3,0,
999,2026-07-01 14:13:54.087,FF,PickUpHL_lp12_fp89_r1,Plannerinputs/generated/problemPickUpHL_lp12_fp89_r1.pddl,True,279.41,357.16,3,0,
1000,2026-07-01 14:13:54.620,FF,PlaceHL_lp9_pr1_r1,Plannerinputs/generated/problemPlaceHL_lp9_pr1_r1.pddl,True,312.37,373.25,2,0,
1001,2026-07-01 14:13:55.527,FF,PickUpHL_lp10_fp73_r1,Plannerinputs/generated/problemPickUpHL_lp10_fp73_r1.pddl,True,284.54,350.18,2,0,
1002,2026-07-01 14:13:55.946,FF,PickUpHL_lp11_fp81_r1,Plannerinputs/generated/problemPickUpHL_lp11_fp81_r1.pddl,True,308.28,381.14,2,0,
1003,2026-07-01 14:13:56.382,FF,PickUpHL_lp12_fp89_r1,Plannerinputs/generated/problemPickUpHL_lp12_fp89_r1.pddl,True,274.23,351.21,2,0,
1004,2026-07-01 14:13:56.927,FF,GluingPlateHL_lp9_pr1_r1,Plannerinputs/generated/problemGluingPlateHL_lp9_pr1_r1.pddl,True,284.20,376.56,8,0,
1005,2026-07-01 14:13:57.873,FF,PickUpHL_lp11_fp81_r1,Plannerinputs/generated/problemPickUpHL_lp11_fp81_r1.pddl,True,274.63,334.44,3,0,
1006,2026-07-01 14:13:58.239,FF,PickUpHL_lp12_fp89_r1,Plannerinputs/generated/problemPickUpHL_lp12_fp89_r1.pddl,True,277.81,341.66,3,0,
1007,2026-07-01 14:13:58.734,FF,GluingPlateHL_lp9_pr1_r1,Plannerinputs/generated/problemGluingPlateHL_lp9_pr1_r1.pddl,True,322.04,410.01,11,0,
1008,2026-07-01 14:13:59.208,FF,PlaceHL_lp10_pr2_r1,Plannerinputs/generated/problemPlaceHL_lp10_pr2_r1.pddl,True,274.01,364.23,2,0,
1009,2026-07-01 14:14:00.142,FF,PickUpHL_lp11_fp81_r1,Plannerinputs/generated/problemPickUpHL_lp11_fp81_r1.pddl,True,280.17,346.17,2,0,
1010,2026-07-01 14:14:00.559,FF,PickUpHL_lp12_fp89_r1,Plannerinputs/generated/problemPickUpHL_lp12_fp89_r1.pddl,True,277.88,347.15,2,0,
1011,2026-07-01 14:14:01.082,FF,GluingPlateHL_lp9_pr1_r1,Plannerinputs/generated/problemGluingPlateHL_lp9_pr1_r1.pddl,True,286.05,388.52,8,0,
1012,2026-07-01 14:14:01.562,FF,GluingPlateHL_lp10_pr2_r1,Plannerinputs/generated/problemGluingPlateHL_lp10_pr2_r1.pddl,True,289.42,403.80,8,0,
1013,2026-07-01 14:14:02.510,FF,PickUpHL_lp12_fp89_r1,Plannerinputs/generated/problemPickUpHL_lp12_fp89_r1.pddl,True,284.56,367.24,3,0,
1014,2026-07-01 14:14:03.034,FF,GluingPlateHL_lp9_pr1_r1,Plannerinputs/generated/problemGluingPlateHL_lp9_pr1_r1.pddl,True,312.81,411.77,11,0,
1015,2026-07-01 14:14:03.491,FF,GluingPlateHL_lp10_pr2_r1,Plannerinputs/generated/problemGluingPlateHL_lp10_pr2_r1.pddl,True,310.05,443.72,11,0,
1016,2026-07-01 14:14:04.006,FF,PlaceHL_lp11_pr3_r1,Plannerinputs/generated/problemPlaceHL_lp11_pr3_r1.pddl,True,289.35,344.44,2,0,
1017,2026-07-01 14:14:04.937,FF,PickUpHL_lp12_fp89_r1,Plannerinputs/generated/problemPickUpHL_lp12_fp89_r1.pddl,True,275.30,377.58,2,0,
1018,2026-07-01 14:14:05.498,FF,GluingPlateHL_lp9_pr1_r1,Plannerinputs/generated/problemGluingPlateHL_lp9_pr1_r1.pddl,True,292.65,420.20,8,0,
1019,2026-07-01 14:14:05.959,FF,GluingPlateHL_lp10_pr2_r1,Plannerinputs/generated/problemGluingPlateHL_lp10_pr2_r1.pddl,True,288.79,410.26,8,0,
1020,2026-07-01 14:14:06.444,FF,GluingPlateHL_lp11_pr3_r1,Plannerinputs/generated/problemGluingPlateHL_lp11_pr3_r1.pddl,True,288.50,421.75,8,0,
1021,2026-07-01 14:14:07.576,FF,GluingPlateHL_lp9_pr1_r1,Plannerinputs/generated/problemGluingPlateHL_lp9_pr1_r1.pddl,True,311.09,447.42,11,0,
1022,2026-07-01 14:14:08.076,FF,GluingPlateHL_lp10_pr2_r1,Plannerinputs/generated/problemGluingPlateHL_lp10_pr2_r1.pddl,True,312.52,430.32,11,0,
1023,2026-07-01 14:14:08.557,FF,GluingPlateHL_lp11_pr3_r1,Plannerinputs/generated/problemGluingPlateHL_lp11_pr3_r1.pddl,True,312.35,471.73,11,0,
1024,2026-07-01 14:14:09.077,FF,PlaceHL_lp12_pr4_r1,Plannerinputs/generated/problemPlaceHL_lp12_pr4_r1.pddl,True,284.41,344.99,2,0,
1025,2026-07-01 14:14:10.074,FF,GluingPlateHL_lp9_pr1_r1,Plannerinputs/generated/problemGluingPlateHL_lp9_pr1_r1.pddl,True,306.28,436.53,8,0,
1026,2026-07-01 14:14:10.560,FF,GluingPlateHL_lp10_pr2_r1,Plannerinputs/generated/problemGluingPlateHL_lp10_pr2_r1.pddl,True,315.73,406.08,8,0,
1027,2026-07-01 14:14:11.005,FF,GluingPlateHL_lp11_pr3_r1,Plannerinputs/generated/problemGluingPlateHL_lp11_pr3_r1.pddl,True,310.76,400.84,8,0,
1028,2026-07-01 14:14:11.472,FF,GluingPlateHL_lp12_pr4_r1,Plannerinputs/generated/problemGluingPlateHL_lp12_pr4_r1.pddl,True,314.75,425.85,8,0,
1029,2026-07-01 14:14:14.132,FF,GluingPlateHL_lp10_pr2_r1,Plannerinputs/generated/problemGluingPlateHL_lp10_pr2_r1.pddl,True,293.99,372.11,2,0,
1030,2026-07-01 14:14:14.572,FF,GluingPlateHL_lp11_pr3_r1,Plannerinputs/generated/problemGluingPlateHL_lp11_pr3_r1.pddl,True,309.31,375.44,2,0,
1031,2026-07-01 14:14:15.012,FF,GluingPlateHL_lp12_pr4_r1,Plannerinputs/generated/problemGluingPlateHL_lp12_pr4_r1.pddl,True,290.44,369.42,2,0,
1032,2026-07-01 14:14:15.592,FF,PickUpHL_b49_fp66_r1,Plannerinputs/generated/problemPickUpHL_b49_fp66_r1.pddl,True,314.71,420.40,9,0,
1033,2026-07-01 14:14:16.566,FF,GluingPlateHL_lp11_pr3_r1,Plannerinputs/generated/problemGluingPlateHL_lp11_pr3_r1.pddl,True,327.67,398.39,2,0,
1034,2026-07-01 14:14:17.031,FF,GluingPlateHL_lp12_pr4_r1,Plannerinputs/generated/problemGluingPlateHL_lp12_pr4_r1.pddl,True,289.83,355.88,2,0,
1035,2026-07-01 14:14:17.540,FF,PickUpHL_b49_fp66_r1,Plannerinputs/generated/problemPickUpHL_b49_fp66_r1.pddl,True,322.17,443.90,9,0,
1036,2026-07-01 14:14:18.067,FF,PickUpHL_b55_fp74_r1,Plannerinputs/generated/problemPickUpHL_b55_fp74_r1.pddl,True,312.83,431.93,9,0,
1037,2026-07-01 14:14:19.084,FF,GluingPlateHL_lp12_pr4_r1,Plannerinputs/generated/problemGluingPlateHL_lp12_pr4_r1.pddl,True,290.35,367.04,2,0,
1038,2026-07-01 14:14:19.634,FF,PickUpHL_b49_fp66_r1,Plannerinputs/generated/problemPickUpHL_b49_fp66_r1.pddl,True,308.48,450.52,9,0,
1039,2026-07-01 14:14:20.129,FF,PickUpHL_b55_fp74_r1,Plannerinputs/generated/problemPickUpHL_b55_fp74_r1.pddl,True,310.87,430.00,9,0,
1040,2026-07-01 14:14:20.615,FF,PickUpHL_b61_fp82_r1,Plannerinputs/generated/problemPickUpHL_b61_fp82_r1.pddl,True,318.22,463.42,9,0,
1041,2026-07-01 14:14:21.737,FF,PickUpHL_b49_fp66_r1,Plannerinputs/generated/problemPickUpHL_b49_fp66_r1.pddl,True,314.55,455.52,9,0,
1042,2026-07-01 14:14:22.222,FF,PickUpHL_b55_fp74_r1,Plannerinputs/generated/problemPickUpHL_b55_fp74_r1.pddl,True,317.62,443.76,9,0,
1043,2026-07-01 14:14:22.749,FF,PickUpHL_b61_fp82_r1,Plannerinputs/generated/problemPickUpHL_b61_fp82_r1.pddl,True,312.02,410.34,9,0,
1044,2026-07-01 14:14:23.228,FF,PickUpHL_b67_fp90_r1,Plannerinputs/generated/problemPickUpHL_b67_fp90_r1.pddl,True,289.56,386.88,9,0,
1045,2026-07-01 14:14:26.013,FF,PickUpHL_b55_fp74_r1,Plannerinputs/generated/problemPickUpHL_b55_fp74_r1.pddl,True,295.75,379.82,3,0,
1046,2026-07-01 14:14:26.436,FF,PickUpHL_b61_fp82_r1,Plannerinputs/generated/problemPickUpHL_b61_fp82_r1.pddl,True,294.80,371.74,3,0,
1047,2026-07-01 14:14:26.860,FF,PickUpHL_b67_fp90_r1,Plannerinputs/generated/problemPickUpHL_b67_fp90_r1.pddl,True,296.39,367.63,3,0,
1048,2026-07-01 14:14:27.388,FF,StackHL_b49_lp9_r1_pr1_lay9_m9,Plannerinputs/generated/problemStackHL_b49_lp9_r1_pr1_lay9_m9.pddl,True,294.34,366.42,2,0,
1049,2026-07-01 14:14:28.249,FF,PickUpHL_b55_fp74_r1,Plannerinputs/generated/problemPickUpHL_b55_fp74_r1.pddl,True,283.36,363.75,2,0,
1050,2026-07-01 14:14:28.694,FF,PickUpHL_b61_fp82_r1,Plannerinputs/generated/problemPickUpHL_b61_fp82_r1.pddl,True,306.12,390.43,2,0,
1051,2026-07-01 14:14:29.130,FF,PickUpHL_b67_fp90_r1,Plannerinputs/generated/problemPickUpHL_b67_fp90_r1.pddl,True,285.24,362.65,2,0,
1052,2026-07-01 14:14:29.707,FF,PickUpHL_b50_fp67_r1,Plannerinputs/generated/problemPickUpHL_b50_fp67_r1.pddl,True,305.05,378.79,2,0,
1053,2026-07-01 14:14:30.750,FF,PickUpHL_b61_fp82_r1,Plannerinputs/generated/problemPickUpHL_b61_fp82_r1.pddl,True,293.03,349.75,3,0,
1054,2026-07-01 14:14:31.142,FF,PickUpHL_b67_fp90_r1,Plannerinputs/generated/problemPickUpHL_b67_fp90_r1.pddl,True,301.60,397.38,3,0,
1055,2026-07-01 14:14:31.751,FF,PickUpHL_b50_fp67_r1,Plannerinputs/generated/problemPickUpHL_b50_fp67_r1.pddl,True,279.98,376.11,3,0,
1056,2026-07-01 14:14:32.187,FF,StackHL_b55_lp10_r1_pr2_lay10_m10,Plannerinputs/generated/problemStackHL_b55_lp10_r1_pr2_lay10_m10.pddl,True,274.31,354.65,2,0,
1057,2026-07-01 14:14:33.103,FF,PickUpHL_b61_fp82_r1,Plannerinputs/generated/problemPickUpHL_b61_fp82_r1.pddl,True,271.10,393.30,2,0,
1058,2026-07-01 14:14:33.556,FF,PickUpHL_b67_fp90_r1,Plannerinputs/generated/problemPickUpHL_b67_fp90_r1.pddl,True,276.10,370.92,2,0,
1059,2026-07-01 14:14:34.105,FF,PickUpHL_b50_fp67_r1,Plannerinputs/generated/problemPickUpHL_b50_fp67_r1.pddl,True,278.05,348.97,2,0,
1060,2026-07-01 14:14:34.552,FF,PickUpHL_b56_fp75_r1,Plannerinputs/generated/problemPickUpHL_b56_fp75_r1.pddl,True,279.08,355.40,2,0,
1061,2026-07-01 14:14:35.473,FF,PickUpHL_b67_fp90_r1,Plannerinputs/generated/problemPickUpHL_b67_fp90_r1.pddl,True,271.39,337.30,3,0,
1062,2026-07-01 14:14:35.978,FF,PickUpHL_b50_fp67_r1,Plannerinputs/generated/problemPickUpHL_b50_fp67_r1.pddl,True,277.87,379.83,3,0,
1063,2026-07-01 14:14:36.428,FF,PickUpHL_b56_fp75_r1,Plannerinputs/generated/problemPickUpHL_b56_fp75_r1.pddl,True,271.23,355.36,3,0,
1064,2026-07-01 14:14:36.857,FF,StackHL_b61_lp11_r1_pr3_lay11_m11,Plannerinputs/generated/problemStackHL_b61_lp11_r1_pr3_lay11_m11.pddl,True,280.48,362.91,2,0,
1065,2026-07-01 14:14:37.802,FF,PickUpHL_b67_fp90_r1,Plannerinputs/generated/problemPickUpHL_b67_fp90_r1.pddl,True,321.41,399.99,2,0,
1066,2026-07-01 14:14:38.377,FF,PickUpHL_b50_fp67_r1,Plannerinputs/generated/problemPickUpHL_b50_fp67_r1.pddl,True,272.30,342.30,2,0,
1067,2026-07-01 14:14:38.778,FF,PickUpHL_b56_fp75_r1,Plannerinputs/generated/problemPickUpHL_b56_fp75_r1.pddl,True,275.36,346.22,2,0,
1068,2026-07-01 14:14:39.229,FF,PickUpHL_b62_fp83_r1,Plannerinputs/generated/problemPickUpHL_b62_fp83_r1.pddl,True,269.13,344.96,2,0,
1069,2026-07-01 14:14:40.281,FF,PickUpHL_b50_fp67_r1,Plannerinputs/generated/problemPickUpHL_b50_fp67_r1.pddl,True,299.50,382.82,3,0,
1070,2026-07-01 14:14:40.710,FF,PickUpHL_b56_fp75_r1,Plannerinputs/generated/problemPickUpHL_b56_fp75_r1.pddl,True,293.54,349.40,3,0,
1071,2026-07-01 14:14:41.110,FF,PickUpHL_b62_fp83_r1,Plannerinputs/generated/problemPickUpHL_b62_fp83_r1.pddl,True,297.38,428.16,3,0,
1072,2026-07-01 14:14:41.606,FF,StackHL_b67_lp12_r1_pr4_lay12_m12,Plannerinputs/generated/problemStackHL_b67_lp12_r1_pr4_lay12_m12.pddl,True,301.18,406.88,2,0,
1073,2026-07-01 14:14:42.656,FF,PickUpHL_b50_fp67_r1,Plannerinputs/generated/problemPickUpHL_b50_fp67_r1.pddl,True,295.73,420.72,2,0,
1074,2026-07-01 14:14:43.139,FF,PickUpHL_b56_fp75_r1,Plannerinputs/generated/problemPickUpHL_b56_fp75_r1.pddl,True,287.60,426.58,2,0,
1075,2026-07-01 14:14:43.617,FF,PickUpHL_b62_fp83_r1,Plannerinputs/generated/problemPickUpHL_b62_fp83_r1.pddl,True,288.28,463.42,2,0,
1076,2026-07-01 14:14:44.178,FF,PickUpHL_b68_fp91_r1,Plannerinputs/generated/problemPickUpHL_b68_fp91_r1.pddl,True,285.95,429.41,2,0,
1077,2026-07-01 14:14:45.359,FF,PickUpHL_b56_fp75_r1,Plannerinputs/generated/problemPickUpHL_b56_fp75_r1.pddl,True,290.57,372.87,3,0,
1078,2026-07-01 14:14:45.773,FF,PickUpHL_b62_fp83_r1,Plannerinputs/generated/problemPickUpHL_b62_fp83_r1.pddl,True,300.75,389.87,3,0,
1079,2026-07-01 14:14:46.270,FF,PickUpHL_b68_fp91_r1,Plannerinputs/generated/problemPickUpHL_b68_fp91_r1.pddl,True,291.20,357.18,3,0,
1080,2026-07-01 14:14:46.837,FF,StackHL_b50_lp9_r1_pr1_lay9_m9,Plannerinputs/generated/problemStackHL_b50_lp9_r1_pr1_lay9_m9.pddl,True,287.55,365.80,2,0,
1081,2026-07-01 14:14:47.724,FF,PickUpHL_b56_fp75_r1,Plannerinputs/generated/problemPickUpHL_b56_fp75_r1.pddl,True,285.54,357.88,2,0,
1082,2026-07-01 14:14:48.140,FF,PickUpHL_b62_fp83_r1,Plannerinputs/generated/problemPickUpHL_b62_fp83_r1.pddl,True,283.33,339.58,2,0,
1083,2026-07-01 14:14:48.513,FF,PickUpHL_b68_fp91_r1,Plannerinputs/generated/problemPickUpHL_b68_fp91_r1.pddl,True,288.02,357.54,2,0,
1084,2026-07-01 14:14:49.049,FF,PickUpHL_b54_fp72_r1,Plannerinputs/generated/problemPickUpHL_b54_fp72_r1.pddl,True,308.57,376.61,2,0,
1085,2026-07-01 14:14:50.029,FF,PickUpHL_b62_fp83_r1,Plannerinputs/generated/problemPickUpHL_b62_fp83_r1.pddl,True,316.89,431.22,3,0,
1086,2026-07-01 14:14:50.526,FF,PickUpHL_b68_fp91_r1,Plannerinputs/generated/problemPickUpHL_b68_fp91_r1.pddl,True,304.78,384.23,3,0,
1087,2026-07-01 14:14:51.127,FF,PickUpHL_b54_fp72_r1,Plannerinputs/generated/problemPickUpHL_b54_fp72_r1.pddl,True,302.27,392.15,3,0,
1088,2026-07-01 14:14:51.626,FF,StackHL_b56_lp10_r1_pr2_lay10_m10,Plannerinputs/generated/problemStackHL_b56_lp10_r1_pr2_lay10_m10.pddl,True,301.05,363.64,2,0,
1089,2026-07-01 14:14:52.569,FF,PickUpHL_b62_fp83_r1,Plannerinputs/generated/problemPickUpHL_b62_fp83_r1.pddl,True,298.90,355.28,2,0,
1090,2026-07-01 14:14:52.975,FF,PickUpHL_b68_fp91_r1,Plannerinputs/generated/problemPickUpHL_b68_fp91_r1.pddl,True,304.18,383.54,2,0,
1091,2026-07-01 14:14:53.515,FF,PickUpHL_b54_fp72_r1,Plannerinputs/generated/problemPickUpHL_b54_fp72_r1.pddl,True,322.85,388.94,2,0,
1092,2026-07-01 14:14:53.965,FF,PickUpHL_b60_fp80_r1,Plannerinputs/generated/problemPickUpHL_b60_fp80_r1.pddl,True,335.66,388.64,2,0,
1093,2026-07-01 14:14:54.930,FF,PickUpHL_b68_fp91_r1,Plannerinputs/generated/problemPickUpHL_b68_fp91_r1.pddl,True,293.46,386.29,3,0,
1094,2026-07-01 14:14:55.479,FF,PickUpHL_b54_fp72_r1,Plannerinputs/generated/problemPickUpHL_b54_fp72_r1.pddl,True,298.34,397.08,3,0,
1095,2026-07-01 14:14:55.959,FF,PickUpHL_b60_fp80_r1,Plannerinputs/generated/problemPickUpHL_b60_fp80_r1.pddl,True,292.68,378.27,3,0,
1096,2026-07-01 14:14:56.422,FF,StackHL_b62_lp11_r1_pr3_lay11_m11,Plannerinputs/generated/problemStackHL_b62_lp11_r1_pr3_lay11_m11.pddl,True,301.91,364.35,2,0,
1097,2026-07-01 14:14:57.324,FF,PickUpHL_b68_fp91_r1,Plannerinputs/generated/problemPickUpHL_b68_fp91_r1.pddl,True,329.99,408.47,2,0,
1098,2026-07-01 14:14:57.897,FF,PickUpHL_b54_fp72_r1,Plannerinputs/generated/problemPickUpHL_b54_fp72_r1.pddl,True,295.60,368.02,2,0,
1099,2026-07-01 14:14:58.352,FF,PickUpHL_b60_fp80_r1,Plannerinputs/generated/problemPickUpHL_b60_fp80_r1.pddl,True,302.37,406.84,2,0,
1100,2026-07-01 14:14:58.816,FF,PickUpHL_b66_fp88_r1,Plannerinputs/generated/problemPickUpHL_b66_fp88_r1.pddl,True,291.58,348.45,2,0,
1101,2026-07-01 14:14:59.879,FF,PickUpHL_b54_fp72_r1,Plannerinputs/generated/problemPickUpHL_b54_fp72_r1.pddl,True,322.65,384.95,3,0,
1102,2026-07-01 14:15:00.296,FF,PickUpHL_b60_fp80_r1,Plannerinputs/generated/problemPickUpHL_b60_fp80_r1.pddl,True,329.35,415.66,3,0,
1103,2026-07-01 14:15:00.780,FF,PickUpHL_b66_fp88_r1,Plannerinputs/generated/problemPickUpHL_b66_fp88_r1.pddl,True,319.76,386.69,3,0,
1104,2026-07-01 14:15:01.232,FF,StackHL_b68_lp12_r1_pr4_lay12_m12,Plannerinputs/generated/problemStackHL_b68_lp12_r1_pr4_lay12_m12.pddl,True,316.74,388.77,2,0,
1105,2026-07-01 14:15:02.247,FF,PickUpHL_b54_fp72_r1,Plannerinputs/generated/problemPickUpHL_b54_fp72_r1.pddl,True,304.98,368.10,2,0,
1106,2026-07-01 14:15:02.655,FF,PickUpHL_b60_fp80_r1,Plannerinputs/generated/problemPickUpHL_b60_fp80_r1.pddl,True,301.41,362.41,2,0,
1107,2026-07-01 14:15:03.065,FF,PickUpHL_b66_fp88_r1,Plannerinputs/generated/problemPickUpHL_b66_fp88_r1.pddl,True,299.43,359.23,2,0,
1108,2026-07-01 14:15:03.487,FF,PickUpHL_b72_fp96_r1,Plannerinputs/generated/problemPickUpHL_b72_fp96_r1.pddl,True,328.03,392.54,2,0,
1109,2026-07-01 14:15:04.511,FF,PickUpHL_b60_fp80_r1,Plannerinputs/generated/problemPickUpHL_b60_fp80_r1.pddl,True,330.50,422.25,3,0,
1110,2026-07-01 14:15:04.996,FF,PickUpHL_b66_fp88_r1,Plannerinputs/generated/problemPickUpHL_b66_fp88_r1.pddl,True,300.38,358.49,3,0,
1111,2026-07-01 14:15:05.388,FF,PickUpHL_b72_fp96_r1,Plannerinputs/generated/problemPickUpHL_b72_fp96_r1.pddl,True,294.98,384.79,3,0,
1112,2026-07-01 14:15:05.969,FF,StackHL_b54_lp9_r1_pr1_lay9_m9,Plannerinputs/generated/problemStackHL_b54_lp9_r1_pr1_lay9_m9.pddl,True,299.41,377.98,2,0,
1113,2026-07-01 14:15:06.924,FF,PickUpHL_b60_fp80_r1,Plannerinputs/generated/problemPickUpHL_b60_fp80_r1.pddl,True,295.63,360.74,2,0,
1114,2026-07-01 14:15:07.337,FF,PickUpHL_b66_fp88_r1,Plannerinputs/generated/problemPickUpHL_b66_fp88_r1.pddl,True,317.50,378.75,2,0,
1115,2026-07-01 14:15:07.771,FF,PickUpHL_b72_fp96_r1,Plannerinputs/generated/problemPickUpHL_b72_fp96_r1.pddl,True,312.05,377.16,2,0,
1116,2026-07-01 14:15:08.315,FF,PickUpHL_b52_fp70_r1,Plannerinputs/generated/problemPickUpHL_b52_fp70_r1.pddl,True,300.31,361.98,2,0,
1117,2026-07-01 14:15:09.206,FF,PickUpHL_b66_fp88_r1,Plannerinputs/generated/problemPickUpHL_b66_fp88_r1.pddl,True,298.58,353.75,3,0,
1118,2026-07-01 14:15:09.591,FF,PickUpHL_b72_fp96_r1,Plannerinputs/generated/problemPickUpHL_b72_fp96_r1.pddl,True,305.02,366.74,3,0,
1119,2026-07-01 14:15:10.107,FF,PickUpHL_b52_fp70_r1,Plannerinputs/generated/problemPickUpHL_b52_fp70_r1.pddl,True,305.19,392.93,3,0,
1120,2026-07-01 14:15:10.552,FF,StackHL_b60_lp10_r1_pr2_lay10_m10,Plannerinputs/generated/problemStackHL_b60_lp10_r1_pr2_lay10_m10.pddl,True,302.83,373.30,2,0,
1121,2026-07-01 14:15:11.497,FF,PickUpHL_b66_fp88_r1,Plannerinputs/generated/problemPickUpHL_b66_fp88_r1.pddl,True,289.92,342.27,2,0,
1122,2026-07-01 14:15:11.885,FF,PickUpHL_b72_fp96_r1,Plannerinputs/generated/problemPickUpHL_b72_fp96_r1.pddl,True,288.83,360.07,2,0,
1123,2026-07-01 14:15:12.397,FF,PickUpHL_b52_fp70_r1,Plannerinputs/generated/problemPickUpHL_b52_fp70_r1.pddl,True,291.43,349.13,2,0,
1124,2026-07-01 14:15:12.793,FF,PickUpHL_b58_fp78_r1,Plannerinputs/generated/problemPickUpHL_b58_fp78_r1.pddl,True,292.96,354.00,2,0,
1125,2026-07-01 14:15:13.687,FF,PickUpHL_b72_fp96_r1,Plannerinputs/generated/problemPickUpHL_b72_fp96_r1.pddl,True,290.49,371.03,3,0,
1126,2026-07-01 14:15:14.275,FF,PickUpHL_b52_fp70_r1,Plannerinputs/generated/problemPickUpHL_b52_fp70_r1.pddl,True,300.60,378.91,3,0,
1127,2026-07-01 14:15:14.691,FF,PickUpHL_b58_fp78_r1,Plannerinputs/generated/problemPickUpHL_b58_fp78_r1.pddl,True,300.15,385.57,3,0,
1128,2026-07-01 14:15:15.163,FF,StackHL_b66_lp11_r1_pr3_lay11_m11,Plannerinputs/generated/problemStackHL_b66_lp11_r1_pr3_lay11_m11.pddl,True,300.22,350.02,2,0,
1129,2026-07-01 14:15:16.031,FF,PickUpHL_b72_fp96_r1,Plannerinputs/generated/problemPickUpHL_b72_fp96_r1.pddl,True,291.71,352.15,2,0,
1130,2026-07-01 14:15:16.535,FF,PickUpHL_b52_fp70_r1,Plannerinputs/generated/problemPickUpHL_b52_fp70_r1.pddl,True,347.74,416.32,2,0,
1131,2026-07-01 14:15:17.031,FF,PickUpHL_b58_fp78_r1,Plannerinputs/generated/problemPickUpHL_b58_fp78_r1.pddl,True,295.64,365.24,2,0,
1132,2026-07-01 14:15:17.493,FF,PickUpHL_b64_fp86_r1,Plannerinputs/generated/problemPickUpHL_b64_fp86_r1.pddl,True,304.28,358.60,2,0,
1133,2026-07-01 14:15:18.520,FF,PickUpHL_b52_fp70_r1,Plannerinputs/generated/problemPickUpHL_b52_fp70_r1.pddl,True,278.89,357.42,3,0,
1134,2026-07-01 14:15:18.918,FF,PickUpHL_b58_fp78_r1,Plannerinputs/generated/problemPickUpHL_b58_fp78_r1.pddl,True,271.50,369.20,3,0,
1135,2026-07-01 14:15:19.343,FF,PickUpHL_b64_fp86_r1,Plannerinputs/generated/problemPickUpHL_b64_fp86_r1.pddl,True,270.44,354.31,3,0,
1136,2026-07-01 14:15:19.774,FF,StackHL_b72_lp12_r1_pr4_lay12_m12,Plannerinputs/generated/problemStackHL_b72_lp12_r1_pr4_lay12_m12.pddl,True,282.64,349.86,2,0,
1137,2026-07-01 14:15:20.812,FF,PickUpHL_b52_fp70_r1,Plannerinputs/generated/problemPickUpHL_b52_fp70_r1.pddl,True,294.68,371.40,2,0,
1138,2026-07-01 14:15:21.244,FF,PickUpHL_b58_fp78_r1,Plannerinputs/generated/problemPickUpHL_b58_fp78_r1.pddl,True,295.20,359.28,2,0,
1139,2026-07-01 14:15:21.653,FF,PickUpHL_b64_fp86_r1,Plannerinputs/generated/problemPickUpHL_b64_fp86_r1.pddl,True,295.74,368.56,2,0,
1140,2026-07-01 14:15:22.094,FF,PickUpHL_b70_fp94_r1,Plannerinputs/generated/problemPickUpHL_b70_fp94_r1.pddl,True,290.42,369.08,2,0,
1141,2026-07-01 14:15:23.195,FF,PickUpHL_b58_fp78_r1,Plannerinputs/generated/problemPickUpHL_b58_fp78_r1.pddl,True,294.58,363.96,3,0,
1142,2026-07-01 14:15:23.601,FF,PickUpHL_b64_fp86_r1,Plannerinputs/generated/problemPickUpHL_b64_fp86_r1.pddl,True,289.83,375.03,3,0,
1143,2026-07-01 14:15:24.034,FF,PickUpHL_b70_fp94_r1,Plannerinputs/generated/problemPickUpHL_b70_fp94_r1.pddl,True,294.68,382.49,3,0,
1144,2026-07-01 14:15:24.612,FF,StackHL_b52_lp9_r1_pr1_lay9_m9,Plannerinputs/generated/problemStackHL_b52_lp9_r1_pr1_lay9_m9.pddl,True,298.39,365.69,2,0,
1145,2026-07-01 14:15:25.535,FF,PickUpHL_b58_fp78_r1,Plannerinputs/generated/problemPickUpHL_b58_fp78_r1.pddl,True,291.08,368.02,2,0,
1146,2026-07-01 14:15:25.977,FF,PickUpHL_b64_fp86_r1,Plannerinputs/generated/problemPickUpHL_b64_fp86_r1.pddl,True,286.24,358.45,2,0,
1147,2026-07-01 14:15:26.410,FF,PickUpHL_b70_fp94_r1,Plannerinputs/generated/problemPickUpHL_b70_fp94_r1.pddl,True,289.60,361.98,2,0,
1148,2026-07-01 14:15:26.973,FF,PickUpHL_b51_fp68_r1,Plannerinputs/generated/problemPickUpHL_b51_fp68_r1.pddl,True,290.41,338.25,2,0,
1149,2026-07-01 14:15:27.966,FF,PickUpHL_b64_fp86_r1,Plannerinputs/generated/problemPickUpHL_b64_fp86_r1.pddl,True,286.88,359.97,3,0,
1150,2026-07-01 14:15:28.366,FF,PickUpHL_b70_fp94_r1,Plannerinputs/generated/problemPickUpHL_b70_fp94_r1.pddl,True,301.00,384.90,3,0,
1151,2026-07-01 14:15:28.949,FF,PickUpHL_b51_fp68_r1,Plannerinputs/generated/problemPickUpHL_b51_fp68_r1.pddl,True,292.25,368.80,3,0,
1152,2026-07-01 14:15:29.382,FF,StackHL_b58_lp10_r1_pr2_lay10_m10,Plannerinputs/generated/problemStackHL_b58_lp10_r1_pr2_lay10_m10.pddl,True,296.34,361.26,2,0,
1153,2026-07-01 14:15:30.308,FF,PickUpHL_b64_fp86_r1,Plannerinputs/generated/problemPickUpHL_b64_fp86_r1.pddl,True,272.80,346.43,2,0,
1154,2026-07-01 14:15:30.711,FF,PickUpHL_b70_fp94_r1,Plannerinputs/generated/problemPickUpHL_b70_fp94_r1.pddl,True,278.68,334.16,2,0,
1155,2026-07-01 14:15:31.191,FF,PickUpHL_b51_fp68_r1,Plannerinputs/generated/problemPickUpHL_b51_fp68_r1.pddl,True,278.56,357.92,2,0,
1156,2026-07-01 14:15:31.603,FF,PickUpHL_b57_fp76_r1,Plannerinputs/generated/problemPickUpHL_b57_fp76_r1.pddl,True,277.81,356.56,2,0,
1157,2026-07-01 14:15:32.545,FF,PickUpHL_b70_fp94_r1,Plannerinputs/generated/problemPickUpHL_b70_fp94_r1.pddl,True,274.16,354.53,3,0,
1158,2026-07-01 14:15:33.078,FF,PickUpHL_b51_fp68_r1,Plannerinputs/generated/problemPickUpHL_b51_fp68_r1.pddl,True,278.15,368.36,3,0,
1159,2026-07-01 14:15:33.494,FF,PickUpHL_b57_fp76_r1,Plannerinputs/generated/problemPickUpHL_b57_fp76_r1.pddl,True,277.99,375.39,3,0,
1160,2026-07-01 14:15:33.947,FF,StackHL_b64_lp11_r1_pr3_lay11_m11,Plannerinputs/generated/problemStackHL_b64_lp11_r1_pr3_lay11_m11.pddl,True,271.77,340.22,2,0,
1161,2026-07-01 14:15:34.811,FF,PickUpHL_b70_fp94_r1,Plannerinputs/generated/problemPickUpHL_b70_fp94_r1.pddl,True,271.87,360.42,2,0,
1162,2026-07-01 14:15:35.342,FF,PickUpHL_b51_fp68_r1,Plannerinputs/generated/problemPickUpHL_b51_fp68_r1.pddl,True,277.45,346.27,2,0,
1163,2026-07-01 14:15:35.733,FF,PickUpHL_b57_fp76_r1,Plannerinputs/generated/problemPickUpHL_b57_fp76_r1.pddl,True,300.72,391.02,2,0,
1164,2026-07-01 14:15:36.196,FF,PickUpHL_b63_fp84_r1,Plannerinputs/generated/problemPickUpHL_b63_fp84_r1.pddl,True,275.17,344.24,2,0,
1165,2026-07-01 14:15:37.176,FF,PickUpHL_b51_fp68_r1,Plannerinputs/generated/problemPickUpHL_b51_fp68_r1.pddl,True,277.66,354.15,3,0,
1166,2026-07-01 14:15:37.586,FF,PickUpHL_b57_fp76_r1,Plannerinputs/generated/problemPickUpHL_b57_fp76_r1.pddl,True,274.35,356.51,3,0,
1167,2026-07-01 14:15:37.992,FF,PickUpHL_b63_fp84_r1,Plannerinputs/generated/problemPickUpHL_b63_fp84_r1.pddl,True,277.00,354.58,3,0,
1168,2026-07-01 14:15:38.431,FF,StackHL_b70_lp12_r1_pr4_lay12_m12,Plannerinputs/generated/problemStackHL_b70_lp12_r1_pr4_lay12_m12.pddl,True,279.83,345.37,2,0,
1169,2026-07-01 14:15:39.414,FF,PickUpHL_b51_fp68_r1,Plannerinputs/generated/problemPickUpHL_b51_fp68_r1.pddl,True,270.79,342.31,2,0,
1170,2026-07-01 14:15:39.813,FF,PickUpHL_b57_fp76_r1,Plannerinputs/generated/problemPickUpHL_b57_fp76_r1.pddl,True,267.40,343.81,2,0,
1171,2026-07-01 14:15:40.255,FF,PickUpHL_b63_fp84_r1,Plannerinputs/generated/problemPickUpHL_b63_fp84_r1.pddl,True,279.19,328.02,2,0,
1172,2026-07-01 14:15:40.690,FF,PickUpHL_b69_fp92_r1,Plannerinputs/generated/problemPickUpHL_b69_fp92_r1.pddl,True,270.37,368.60,2,0,
1173,2026-07-01 14:15:41.744,FF,PickUpHL_b57_fp76_r1,Plannerinputs/generated/problemPickUpHL_b57_fp76_r1.pddl,True,280.59,369.83,3,0,
1174,2026-07-01 14:15:42.176,FF,PickUpHL_b63_fp84_r1,Plannerinputs/generated/problemPickUpHL_b63_fp84_r1.pddl,True,271.60,364.15,3,0,
1175,2026-07-01 14:15:42.596,FF,PickUpHL_b69_fp92_r1,Plannerinputs/generated/problemPickUpHL_b69_fp92_r1.pddl,True,283.46,367.76,3,0,
1176,2026-07-01 14:15:43.160,FF,StackHL_b51_lp9_r1_pr1_lay9_m9,Plannerinputs/generated/problemStackHL_b51_lp9_r1_pr1_lay9_m9.pddl,True,274.19,354.06,2,0,
1177,2026-07-01 14:15:44.089,FF,PickUpHL_b57_fp76_r1,Plannerinputs/generated/problemPickUpHL_b57_fp76_r1.pddl,True,280.56,361.95,2,0,
1178,2026-07-01 14:15:44.501,FF,PickUpHL_b63_fp84_r1,Plannerinputs/generated/problemPickUpHL_b63_fp84_r1.pddl,True,280.46,338.80,2,0,
1179,2026-07-01 14:15:44.877,FF,PickUpHL_b69_fp92_r1,Plannerinputs/generated/problemPickUpHL_b69_fp92_r1.pddl,True,295.73,372.00,2,0,
1180,2026-07-01 14:15:45.499,FF,PickUpHL_b53_fp71_r1,Plannerinputs/generated/problemPickUpHL_b53_fp71_r1.pddl,True,273.86,345.04,2,0,
1181,2026-07-01 14:15:46.400,FF,PickUpHL_b63_fp84_r1,Plannerinputs/generated/problemPickUpHL_b63_fp84_r1.pddl,True,273.36,343.68,3,0,
1182,2026-07-01 14:15:46.797,FF,PickUpHL_b69_fp92_r1,Plannerinputs/generated/problemPickUpHL_b69_fp92_r1.pddl,True,272.53,351.81,3,0,
1183,2026-07-01 14:15:47.324,FF,PickUpHL_b53_fp71_r1,Plannerinputs/generated/problemPickUpHL_b53_fp71_r1.pddl,True,272.12,365.74,3,0,
1184,2026-07-01 14:15:47.795,FF,StackHL_b57_lp10_r1_pr2_lay10_m10,Plannerinputs/generated/problemStackHL_b57_lp10_r1_pr2_lay10_m10.pddl,True,274.67,323.25,2,0,
1185,2026-07-01 14:15:48.648,FF,PickUpHL_b63_fp84_r1,Plannerinputs/generated/problemPickUpHL_b63_fp84_r1.pddl,True,271.54,340.26,2,0,
1186,2026-07-01 14:15:49.028,FF,PickUpHL_b69_fp92_r1,Plannerinputs/generated/problemPickUpHL_b69_fp92_r1.pddl,True,270.64,350.46,2,0,
1187,2026-07-01 14:15:49.577,FF,PickUpHL_b53_fp71_r1,Plannerinputs/generated/problemPickUpHL_b53_fp71_r1.pddl,True,271.22,352.96,2,0,
1188,2026-07-01 14:15:49.998,FF,PickUpHL_b59_fp79_r1,Plannerinputs/generated/problemPickUpHL_b59_fp79_r1.pddl,True,274.15,351.62,2,0,
1189,2026-07-01 14:15:51.023,FF,PickUpHL_b69_fp92_r1,Plannerinputs/generated/problemPickUpHL_b69_fp92_r1.pddl,True,275.88,343.30,3,0,
1190,2026-07-01 14:15:51.565,FF,PickUpHL_b53_fp71_r1,Plannerinputs/generated/problemPickUpHL_b53_fp71_r1.pddl,True,271.14,361.28,3,0,
1191,2026-07-01 14:15:51.976,FF,PickUpHL_b59_fp79_r1,Plannerinputs/generated/problemPickUpHL_b59_fp79_r1.pddl,True,274.59,350.13,3,0,
1192,2026-07-01 14:15:52.397,FF,StackHL_b63_lp11_r1_pr3_lay11_m11,Plannerinputs/generated/problemStackHL_b63_lp11_r1_pr3_lay11_m11.pddl,True,267.83,335.67,2,0,
1193,2026-07-01 14:15:53.250,FF,PickUpHL_b69_fp92_r1,Plannerinputs/generated/problemPickUpHL_b69_fp92_r1.pddl,True,271.03,335.13,2,0,
1194,2026-07-01 14:15:53.771,FF,PickUpHL_b53_fp71_r1,Plannerinputs/generated/problemPickUpHL_b53_fp71_r1.pddl,True,271.42,356.17,2,0,
1195,2026-07-01 14:15:54.192,FF,PickUpHL_b59_fp79_r1,Plannerinputs/generated/problemPickUpHL_b59_fp79_r1.pddl,True,277.27,350.73,2,0,
1196,2026-07-01 14:15:54.631,FF,PickUpHL_b65_fp87_r1,Plannerinputs/generated/problemPickUpHL_b65_fp87_r1.pddl,True,270.02,344.27,2,0,
1197,2026-07-01 14:15:55.692,FF,PickUpHL_b53_fp71_r1,Plannerinputs/generated/problemPickUpHL_b53_fp71_r1.pddl,True,301.67,417.40,3,0,
1198,2026-07-01 14:15:56.179,FF,PickUpHL_b59_fp79_r1,Plannerinputs/generated/problemPickUpHL_b59_fp79_r1.pddl,True,279.28,366.40,3,0,
1199,2026-07-01 14:15:56.609,FF,PickUpHL_b65_fp87_r1,Plannerinputs/generated/problemPickUpHL_b65_fp87_r1.pddl,True,270.04,350.73,3,0,
1200,2026-07-01 14:15:57.054,FF,StackHL_b69_lp12_r1_pr4_lay12_m12,Plannerinputs/generated/problemStackHL_b69_lp12_r1_pr4_lay12_m12.pddl,True,303.16,379.16,2,0,
1201,2026-07-01 14:15:58.207,FF,PickUpHL_b53_fp71_r1,Plannerinputs/generated/problemPickUpHL_b53_fp71_r1.pddl,True,295.41,383.50,2,0,
1202,2026-07-01 14:15:58.634,FF,PickUpHL_b59_fp79_r1,Plannerinputs/generated/problemPickUpHL_b59_fp79_r1.pddl,True,294.92,358.87,2,0,
1203,2026-07-01 14:15:59.043,FF,PickUpHL_b65_fp87_r1,Plannerinputs/generated/problemPickUpHL_b65_fp87_r1.pddl,True,291.75,352.97,2,0,
1204,2026-07-01 14:15:59.452,FF,PickUpHL_b71_fp95_r1,Plannerinputs/generated/problemPickUpHL_b71_fp95_r1.pddl,True,301.39,364.91,2,0,
1205,2026-07-01 14:16:00.554,FF,PickUpHL_b59_fp79_r1,Plannerinputs/generated/problemPickUpHL_b59_fp79_r1.pddl,True,309.84,404.19,3,0,
1206,2026-07-01 14:16:01.031,FF,PickUpHL_b65_fp87_r1,Plannerinputs/generated/problemPickUpHL_b65_fp87_r1.pddl,True,300.34,384.38,3,0,
1207,2026-07-01 14:16:01.484,FF,PickUpHL_b71_fp95_r1,Plannerinputs/generated/problemPickUpHL_b71_fp95_r1.pddl,True,292.87,379.71,3,0,
1208,2026-07-01 14:16:02.068,FF,StackHL_b53_lp9_r1_pr1_lay9_m9,Plannerinputs/generated/problemStackHL_b53_lp9_r1_pr1_lay9_m9.pddl,True,299.70,390.37,2,0,
1209,2026-07-01 14:16:03.048,FF,PickUpHL_b59_fp79_r1,Plannerinputs/generated/problemPickUpHL_b59_fp79_r1.pddl,True,289.33,348.69,2,0,
1210,2026-07-01 14:16:03.464,FF,PickUpHL_b65_fp87_r1,Plannerinputs/generated/problemPickUpHL_b65_fp87_r1.pddl,True,293.04,363.90,2,0,
1211,2026-07-01 14:16:03.888,FF,PickUpHL_b71_fp95_r1,Plannerinputs/generated/problemPickUpHL_b71_fp95_r1.pddl,True,288.56,366.65,2,0,
1212,2026-07-01 14:16:04.453,FF,NailingBeamHL_b50_r1_m9_lay9,Plannerinputs/generated/problemNailingBeamHL_b50_r1_m9_lay9.pddl,True,308.13,393.62,8,0,
1213,2026-07-01 14:16:05.433,FF,PickUpHL_b65_fp87_r1,Plannerinputs/generated/problemPickUpHL_b65_fp87_r1.pddl,True,295.42,379.47,3,0,
1214,2026-07-01 14:16:05.860,FF,PickUpHL_b71_fp95_r1,Plannerinputs/generated/problemPickUpHL_b71_fp95_r1.pddl,True,303.36,372.83,3,0,
1215,2026-07-01 14:16:06.400,FF,NailingBeamHL_b50_r1_m9_lay9,Plannerinputs/generated/problemNailingBeamHL_b50_r1_m9_lay9.pddl,True,315.16,444.10,11,0,
1216,2026-07-01 14:16:06.919,FF,StackHL_b59_lp10_r1_pr2_lay10_m10,Plannerinputs/generated/problemStackHL_b59_lp10_r1_pr2_lay10_m10.pddl,True,296.44,372.81,2,0,
1217,2026-07-01 14:16:07.819,FF,PickUpHL_b65_fp87_r1,Plannerinputs/generated/problemPickUpHL_b65_fp87_r1.pddl,True,290.86,360.70,2,0,
1218,2026-07-01 14:16:08.228,FF,PickUpHL_b71_fp95_r1,Plannerinputs/generated/problemPickUpHL_b71_fp95_r1.pddl,True,293.49,388.61,2,0,
1219,2026-07-01 14:16:08.778,FF,NailingBeamHL_b50_r1_m9_lay9,Plannerinputs/generated/problemNailingBeamHL_b50_r1_m9_lay9.pddl,True,272.51,359.28,8,0,
1220,2026-07-01 14:16:09.185,FF,NailingBeamHL_b56_r1_m10_lay10,Plannerinputs/generated/problemNailingBeamHL_b56_r1_m10_lay10.pddl,True,281.57,405.80,8,0,
1221,2026-07-01 14:16:10.098,FF,PickUpHL_b71_fp95_r1,Plannerinputs/generated/problemPickUpHL_b71_fp95_r1.pddl,True,271.58,337.73,3,0,
1222,2026-07-01 14:16:10.629,FF,NailingBeamHL_b50_r1_m9_lay9,Plannerinputs/generated/problemNailingBeamHL_b50_r1_m9_lay9.pddl,True,287.41,384.59,11,0,
1223,2026-07-01 14:16:11.064,FF,NailingBeamHL_b56_r1_m10_lay10,Plannerinputs/generated/problemNailingBeamHL_b56_r1_m10_lay10.pddl,True,297.23,441.10,11,0,
1224,2026-07-01 14:16:11.581,FF,StackHL_b65_lp11_r1_pr3_lay11_m11,Plannerinputs/generated/problemStackHL_b65_lp11_r1_pr3_lay11_m11.pddl,True,269.97,344.50,2,0,
1225,2026-07-01 14:16:12.512,FF,PickUpHL_b71_fp95_r1,Plannerinputs/generated/problemPickUpHL_b71_fp95_r1.pddl,True,291.50,374.13,2,0,
1226,2026-07-01 14:16:13.057,FF,NailingBeamHL_b50_r1_m9_lay9,Plannerinputs/generated/problemNailingBeamHL_b50_r1_m9_lay9.pddl,True,284.43,388.72,8,0,
1227,2026-07-01 14:16:13.495,FF,NailingBeamHL_b56_r1_m10_lay10,Plannerinputs/generated/problemNailingBeamHL_b56_r1_m10_lay10.pddl,True,278.64,384.32,8,0,
1228,2026-07-01 14:16:13.944,FF,NailingBeamHL_b62_r1_m11_lay11,Plannerinputs/generated/problemNailingBeamHL_b62_r1_m11_lay11.pddl,True,275.73,374.79,8,0,
1229,2026-07-01 14:16:15.073,FF,NailingBeamHL_b50_r1_m9_lay9,Plannerinputs/generated/problemNailingBeamHL_b50_r1_m9_lay9.pddl,True,285.64,418.63,11,0,
1230,2026-07-01 14:16:15.541,FF,NailingBeamHL_b56_r1_m10_lay10,Plannerinputs/generated/problemNailingBeamHL_b56_r1_m10_lay10.pddl,True,282.15,413.52,11,0,
1231,2026-07-01 14:16:16.009,FF,NailingBeamHL_b62_r1_m11_lay11,Plannerinputs/generated/problemNailingBeamHL_b62_r1_m11_lay11.pddl,True,284.74,377.51,11,0,
1232,2026-07-01 14:16:16.451,FF,StackHL_b71_lp12_r1_pr4_lay12_m12,Plannerinputs/generated/problemStackHL_b71_lp12_r1_pr4_lay12_m12.pddl,True,317.63,397.69,2,0,
1233,2026-07-01 14:16:17.515,FF,NailingBeamHL_b50_r1_m9_lay9,Plannerinputs/generated/problemNailingBeamHL_b50_r1_m9_lay9.pddl,True,282.64,415.29,8,0,
1234,2026-07-01 14:16:17.984,FF,NailingBeamHL_b56_r1_m10_lay10,Plannerinputs/generated/problemNailingBeamHL_b56_r1_m10_lay10.pddl,True,275.06,364.54,8,0,
1235,2026-07-01 14:16:18.390,FF,NailingBeamHL_b62_r1_m11_lay11,Plannerinputs/generated/problemNailingBeamHL_b62_r1_m11_lay11.pddl,True,281.32,359.68,8,0,
1236,2026-07-01 14:16:18.794,FF,NailingBeamHL_b68_r1_m12_lay12,Plannerinputs/generated/problemNailingBeamHL_b68_r1_m12_lay12.pddl,True,273.53,382.44,8,0,
1237,2026-07-01 14:16:21.002,FF,NailingBeamHL_b56_r1_m10_lay10,Plannerinputs/generated/problemNailingBeamHL_b56_r1_m10_lay10.pddl,True,266.56,346.60,2,0,
1238,2026-07-01 14:16:21.396,FF,NailingBeamHL_b62_r1_m11_lay11,Plannerinputs/generated/problemNailingBeamHL_b62_r1_m11_lay11.pddl,True,275.62,327.61,2,0,
1239,2026-07-01 14:16:21.780,FF,NailingBeamHL_b68_r1_m12_lay12,Plannerinputs/generated/problemNailingBeamHL_b68_r1_m12_lay12.pddl,True,271.58,325.07,2,0,
1240,2026-07-01 14:16:22.311,FF,NailingBeamHL_b52_r1_m9_lay9,Plannerinputs/generated/problemNailingBeamHL_b52_r1_m9_lay9.pddl,True,267.82,327.85,1,0,
1241,2026-07-01 14:16:22.980,FF,NailingBeamHL_b56_r1_m10_lay10,Plannerinputs/generated/problemNailingBeamHL_b56_r1_m10_lay10.pddl,True,267.03,322.18,2,0,
1242,2026-07-01 14:16:23.350,FF,NailingBeamHL_b62_r1_m11_lay11,Plannerinputs/generated/problemNailingBeamHL_b62_r1_m11_lay11.pddl,True,273.84,370.84,2,0,
1243,2026-07-01 14:16:23.782,FF,NailingBeamHL_b68_r1_m12_lay12,Plannerinputs/generated/problemNailingBeamHL_b68_r1_m12_lay12.pddl,True,265.15,315.49,2,0,
1244,2026-07-01 14:16:24.307,FF,NailingBeamHL_b51_r1_m9_lay9,Plannerinputs/generated/problemNailingBeamHL_b51_r1_m9_lay9.pddl,True,278.32,342.91,1,0,
1245,2026-07-01 14:16:24.991,FF,NailingBeamHL_b56_r1_m10_lay10,Plannerinputs/generated/problemNailingBeamHL_b56_r1_m10_lay10.pddl,True,267.33,338.89,2,0,
1246,2026-07-01 14:16:25.386,FF,NailingBeamHL_b62_r1_m11_lay11,Plannerinputs/generated/problemNailingBeamHL_b62_r1_m11_lay11.pddl,True,270.74,340.62,2,0,
1247,2026-07-01 14:16:25.782,FF,NailingBeamHL_b68_r1_m12_lay12,Plannerinputs/generated/problemNailingBeamHL_b68_r1_m12_lay12.pddl,True,262.43,315.23,2,0,
1248,2026-07-01 14:16:26.267,FF,NailingBeamHL_b53_r1_m9_lay9,Plannerinputs/generated/problemNailingBeamHL_b53_r1_m9_lay9.pddl,True,266.53,333.57,1,0,
1249,2026-07-01 14:16:26.881,FF,NailingBeamHL_b56_r1_m10_lay10,Plannerinputs/generated/problemNailingBeamHL_b56_r1_m10_lay10.pddl,True,262.09,317.55,2,0,
1250,2026-07-01 14:16:27.253,FF,NailingBeamHL_b62_r1_m11_lay11,Plannerinputs/generated/problemNailingBeamHL_b62_r1_m11_lay11.pddl,True,267.31,348.45,2,0,
1251,2026-07-01 14:16:27.653,FF,NailingBeamHL_b68_r1_m12_lay12,Plannerinputs/generated/problemNailingBeamHL_b68_r1_m12_lay12.pddl,True,261.08,331.30,2,0,
1252,2026-07-01 14:16:28.145,FF,NailingBeamHL_b49_r1_m9_lay9,Plannerinputs/generated/problemNailingBeamHL_b49_r1_m9_lay9.pddl,True,259.88,348.70,1,0,
1253,2026-07-01 14:16:28.772,FF,NailingBeamHL_b56_r1_m10_lay10,Plannerinputs/generated/problemNailingBeamHL_b56_r1_m10_lay10.pddl,True,263.35,331.37,2,0,
1254,2026-07-01 14:16:29.146,FF,NailingBeamHL_b62_r1_m11_lay11,Plannerinputs/generated/problemNailingBeamHL_b62_r1_m11_lay11.pddl,True,259.75,330.29,2,0,
1255,2026-07-01 14:16:29.545,FF,NailingBeamHL_b68_r1_m12_lay12,Plannerinputs/generated/problemNailingBeamHL_b68_r1_m12_lay12.pddl,True,305.55,391.12,2,0,
1256,2026-07-01 14:16:30.141,FF,NailingBeamHL_b54_r1_m9_lay9,Plannerinputs/generated/problemNailingBeamHL_b54_r1_m9_lay9.pddl,True,268.42,328.23,1,0,
1257,2026-07-01 14:16:30.780,FF,NailingBeamHL_b56_r1_m10_lay10,Plannerinputs/generated/problemNailingBeamHL_b56_r1_m10_lay10.pddl,True,264.58,342.29,2,0,
1258,2026-07-01 14:16:31.195,FF,NailingBeamHL_b62_r1_m11_lay11,Plannerinputs/generated/problemNailingBeamHL_b62_r1_m11_lay11.pddl,True,260.35,326.41,2,0,
1259,2026-07-01 14:16:31.594,FF,NailingBeamHL_b68_r1_m12_lay12,Plannerinputs/generated/problemNailingBeamHL_b68_r1_m12_lay12.pddl,True,259.28,335.38,2,0,
1260,2026-07-01 14:16:32.076,FF,GluingBeamHL_b49_r1_m9_lay9,Plannerinputs/generated/problemGluingBeamHL_b49_r1_m9_lay9.pddl,True,266.46,339.61,8,0,
1261,2026-07-01 14:16:32.946,FF,NailingBeamHL_b62_r1_m11_lay11,Plannerinputs/generated/problemNailingBeamHL_b62_r1_m11_lay11.pddl,True,258.54,345.00,2,0,
1262,2026-07-01 14:16:33.328,FF,NailingBeamHL_b68_r1_m12_lay12,Plannerinputs/generated/problemNailingBeamHL_b68_r1_m12_lay12.pddl,True,272.52,335.23,2,0,
1263,2026-07-01 14:16:33.864,FF,GluingBeamHL_b49_r1_m9_lay9,Plannerinputs/generated/problemGluingBeamHL_b49_r1_m9_lay9.pddl,True,266.68,383.09,8,0,
1264,2026-07-01 14:16:34.300,FF,NailingBeamHL_b58_r1_m10_lay10,Plannerinputs/generated/problemNailingBeamHL_b58_r1_m10_lay10.pddl,True,257.19,319.42,1,0,
1265,2026-07-01 14:16:34.904,FF,NailingBeamHL_b62_r1_m11_lay11,Plannerinputs/generated/problemNailingBeamHL_b62_r1_m11_lay11.pddl,True,258.45,338.22,2,0,
1266,2026-07-01 14:16:35.315,FF,NailingBeamHL_b68_r1_m12_lay12,Plannerinputs/generated/problemNailingBeamHL_b68_r1_m12_lay12.pddl,True,259.81,337.64,2,0,
1267,2026-07-01 14:16:35.822,FF,GluingBeamHL_b49_r1_m9_lay9,Plannerinputs/generated/problemGluingBeamHL_b49_r1_m9_lay9.pddl,True,260.91,385.60,8,0,
1268,2026-07-01 14:16:36.283,FF,NailingBeamHL_b57_r1_m10_lay10,Plannerinputs/generated/problemNailingBeamHL_b57_r1_m10_lay10.pddl,True,257.56,313.90,1,0,
1269,2026-07-01 14:16:36.845,FF,NailingBeamHL_b62_r1_m11_lay11,Plannerinputs/generated/problemNailingBeamHL_b62_r1_m11_lay11.pddl,True,254.59,324.25,2,0,
1270,2026-07-01 14:16:37.233,FF,NailingBeamHL_b68_r1_m12_lay12,Plannerinputs/generated/problemNailingBeamHL_b68_r1_m12_lay12.pddl,True,260.48,327.89,2,0,
1271,2026-07-01 14:16:37.695,FF,GluingBeamHL_b49_r1_m9_lay9,Plannerinputs/generated/problemGluingBeamHL_b49_r1_m9_lay9.pddl,True,261.45,342.24,8,0,
1272,2026-07-01 14:16:38.078,FF,NailingBeamHL_b59_r1_m10_lay10,Plannerinputs/generated/problemNailingBeamHL_b59_r1_m10_lay10.pddl,True,258.83,325.44,1,0,
1273,2026-07-01 14:16:38.717,FF,NailingBeamHL_b62_r1_m11_lay11,Plannerinputs/generated/problemNailingBeamHL_b62_r1_m11_lay11.pddl,True,271.24,365.25,2,0,
1274,2026-07-01 14:16:39.156,FF,NailingBeamHL_b68_r1_m12_lay12,Plannerinputs/generated/problemNailingBeamHL_b68_r1_m12_lay12.pddl,True,257.02,329.21,2,0,
1275,2026-07-01 14:16:39.667,FF,GluingBeamHL_b49_r1_m9_lay9,Plannerinputs/generated/problemGluingBeamHL_b49_r1_m9_lay9.pddl,True,268.54,394.21,8,0,
1276,2026-07-01 14:16:40.130,FF,NailingBeamHL_b55_r1_m10_lay10,Plannerinputs/generated/problemNailingBeamHL_b55_r1_m10_lay10.pddl,True,257.83,322.04,1,0,
1277,2026-07-01 14:16:40.772,FF,NailingBeamHL_b62_r1_m11_lay11,Plannerinputs/generated/problemNailingBeamHL_b62_r1_m11_lay11.pddl,True,275.16,347.38,2,0,
1278,2026-07-01 14:16:41.195,FF,NailingBeamHL_b68_r1_m12_lay12,Plannerinputs/generated/problemNailingBeamHL_b68_r1_m12_lay12.pddl,True,263.81,342.88,2,0,
1279,2026-07-01 14:16:41.702,FF,GluingBeamHL_b49_r1_m9_lay9,Plannerinputs/generated/problemGluingBeamHL_b49_r1_m9_lay9.pddl,True,295.23,400.94,8,0,
1280,2026-07-01 14:16:42.166,FF,NailingBeamHL_b60_r1_m10_lay10,Plannerinputs/generated/problemNailingBeamHL_b60_r1_m10_lay10.pddl,True,259.68,320.67,1,0,
1281,2026-07-01 14:16:42.774,FF,NailingBeamHL_b62_r1_m11_lay11,Plannerinputs/generated/problemNailingBeamHL_b62_r1_m11_lay11.pddl,True,261.78,321.79,2,0,
1282,2026-07-01 14:16:43.154,FF,NailingBeamHL_b68_r1_m12_lay12,Plannerinputs/generated/problemNailingBeamHL_b68_r1_m12_lay12.pddl,True,259.16,322.53,2,0,
1283,2026-07-01 14:16:43.662,FF,GluingBeamHL_b49_r1_m9_lay9,Plannerinputs/generated/problemGluingBeamHL_b49_r1_m9_lay9.pddl,True,258.65,392.24,8,0,
1284,2026-07-01 14:16:44.107,FF,GluingBeamHL_b55_r1_m10_lay10,Plannerinputs/generated/problemGluingBeamHL_b55_r1_m10_lay10.pddl,True,263.57,399.28,8,0,
1285,2026-07-01 14:16:45.036,FF,NailingBeamHL_b68_r1_m12_lay12,Plannerinputs/generated/problemNailingBeamHL_b68_r1_m12_lay12.pddl,True,268.79,341.31,2,0,
1286,2026-07-01 14:16:45.538,FF,GluingBeamHL_b49_r1_m9_lay9,Plannerinputs/generated/problemGluingBeamHL_b49_r1_m9_lay9.pddl,True,263.73,348.50,8,0,
1287,2026-07-01 14:16:45.923,FF,GluingBeamHL_b55_r1_m10_lay10,Plannerinputs/generated/problemGluingBeamHL_b55_r1_m10_lay10.pddl,True,261.63,363.51,8,0,
1288,2026-07-01 14:16:46.340,FF,NailingBeamHL_b64_r1_m11_lay11,Plannerinputs/generated/problemNailingBeamHL_b64_r1_m11_lay11.pddl,True,254.44,335.19,1,0,
1289,2026-07-01 14:16:46.927,FF,NailingBeamHL_b68_r1_m12_lay12,Plannerinputs/generated/problemNailingBeamHL_b68_r1_m12_lay12.pddl,True,259.17,326.27,2,0,
1290,2026-07-01 14:16:47.415,FF,GluingBeamHL_b49_r1_m9_lay9,Plannerinputs/generated/problemGluingBeamHL_b49_r1_m9_lay9.pddl,True,263.31,399.70,8,0,
1291,2026-07-01 14:16:47.870,FF,GluingBeamHL_b55_r1_m10_lay10,Plannerinputs/generated/problemGluingBeamHL_b55_r1_m10_lay10.pddl,True,268.56,352.17,8,0,
1292,2026-07-01 14:16:48.274,FF,NailingBeamHL_b63_r1_m11_lay11,Plannerinputs/generated/problemNailingBeamHL_b63_r1_m11_lay11.pddl,True,263.28,331.58,1,0,
1293,2026-07-01 14:16:48.894,FF,NailingBeamHL_b68_r1_m12_lay12,Plannerinputs/generated/problemNailingBeamHL_b68_r1_m12_lay12.pddl,True,254.33,325.29,2,0,
1294,2026-07-01 14:16:49.382,FF,GluingBeamHL_b49_r1_m9_lay9,Plannerinputs/generated/problemGluingBeamHL_b49_r1_m9_lay9.pddl,True,264.21,356.70,8,0,
1295,2026-07-01 14:16:49.788,FF,GluingBeamHL_b55_r1_m10_lay10,Plannerinputs/generated/problemGluingBeamHL_b55_r1_m10_lay10.pddl,True,261.80,363.08,8,0,
1296,2026-07-01 14:16:50.225,FF,NailingBeamHL_b65_r1_m11_lay11,Plannerinputs/generated/problemNailingBeamHL_b65_r1_m11_lay11.pddl,True,250.35,324.78,1,0,
1297,2026-07-01 14:16:50.860,FF,NailingBeamHL_b68_r1_m12_lay12,Plannerinputs/generated/problemNailingBeamHL_b68_r1_m12_lay12.pddl,True,264.31,342.82,2,0,
1298,2026-07-01 14:16:51.350,FF,GluingBeamHL_b49_r1_m9_lay9,Plannerinputs/generated/problemGluingBeamHL_b49_r1_m9_lay9.pddl,True,261.19,373.12,8,0,
1299,2026-07-01 14:16:51.783,FF,GluingBeamHL_b55_r1_m10_lay10,Plannerinputs/generated/problemGluingBeamHL_b55_r1_m10_lay10.pddl,True,258.83,340.35,8,0,
1300,2026-07-01 14:16:52.183,FF,NailingBeamHL_b61_r1_m11_lay11,Plannerinputs/generated/problemNailingBeamHL_b61_r1_m11_lay11.pddl,True,250.46,319.70,1,0,
1301,2026-07-01 14:16:52.804,FF,NailingBeamHL_b68_r1_m12_lay12,Plannerinputs/generated/problemNailingBeamHL_b68_r1_m12_lay12.pddl,True,264.30,329.79,2,0,
1302,2026-07-01 14:16:53.305,FF,GluingBeamHL_b49_r1_m9_lay9,Plannerinputs/generated/problemGluingBeamHL_b49_r1_m9_lay9.pddl,True,266.03,391.68,8,0,
1303,2026-07-01 14:16:53.764,FF,GluingBeamHL_b55_r1_m10_lay10,Plannerinputs/generated/problemGluingBeamHL_b55_r1_m10_lay10.pddl,True,265.54,385.88,8,0,
1304,2026-07-01 14:16:54.222,FF,NailingBeamHL_b66_r1_m11_lay11,Plannerinputs/generated/problemNailingBeamHL_b66_r1_m11_lay11.pddl,True,256.43,323.44,1,0,
1305,2026-07-01 14:16:54.887,FF,NailingBeamHL_b68_r1_m12_lay12,Plannerinputs/generated/problemNailingBeamHL_b68_r1_m12_lay12.pddl,True,266.86,331.19,2,0,
1306,2026-07-01 14:16:55.379,FF,GluingBeamHL_b49_r1_m9_lay9,Plannerinputs/generated/problemGluingBeamHL_b49_r1_m9_lay9.pddl,True,254.67,359.71,8,0,
1307,2026-07-01 14:16:55.806,FF,GluingBeamHL_b55_r1_m10_lay10,Plannerinputs/generated/problemGluingBeamHL_b55_r1_m10_lay10.pddl,True,255.76,348.91,8,0,
1308,2026-07-01 14:16:56.230,FF,GluingBeamHL_b61_r1_m11_lay11,Plannerinputs/generated/problemGluingBeamHL_b61_r1_m11_lay11.pddl,True,278.75,388.20,8,0,
1309,2026-07-01 14:16:57.347,FF,GluingBeamHL_b49_r1_m9_lay9,Plannerinputs/generated/problemGluingBeamHL_b49_r1_m9_lay9.pddl,True,278.50,396.39,8,0,
1310,2026-07-01 14:16:57.778,FF,GluingBeamHL_b55_r1_m10_lay10,Plannerinputs/generated/problemGluingBeamHL_b55_r1_m10_lay10.pddl,True,257.52,372.41,8,0,
1311,2026-07-01 14:16:58.208,FF,GluingBeamHL_b61_r1_m11_lay11,Plannerinputs/generated/problemGluingBeamHL_b61_r1_m11_lay11.pddl,True,254.78,359.31,8,0,
1312,2026-07-01 14:16:58.619,FF,NailingBeamHL_b70_r1_m12_lay12,Plannerinputs/generated/problemNailingBeamHL_b70_r1_m12_lay12.pddl,True,259.21,314.98,1,0,
1313,2026-07-01 14:16:59.367,FF,GluingBeamHL_b49_r1_m9_lay9,Plannerinputs/generated/problemGluingBeamHL_b49_r1_m9_lay9.pddl,True,260.14,365.66,8,0,
1314,2026-07-01 14:16:59.797,FF,GluingBeamHL_b55_r1_m10_lay10,Plannerinputs/generated/problemGluingBeamHL_b55_r1_m10_lay10.pddl,True,252.56,384.73,8,0,
1315,2026-07-01 14:17:00.228,FF,GluingBeamHL_b61_r1_m11_lay11,Plannerinputs/generated/problemGluingBeamHL_b61_r1_m11_lay11.pddl,True,267.93,375.46,8,0,
1316,2026-07-01 14:17:00.668,FF,NailingBeamHL_b69_r1_m12_lay12,Plannerinputs/generated/problemNailingBeamHL_b69_r1_m12_lay12.pddl,True,258.18,325.19,1,0,
1317,2026-07-01 14:17:01.446,FF,GluingBeamHL_b49_r1_m9_lay9,Plannerinputs/generated/problemGluingBeamHL_b49_r1_m9_lay9.pddl,True,287.81,395.16,8,0,
1318,2026-07-01 14:17:01.886,FF,GluingBeamHL_b55_r1_m10_lay10,Plannerinputs/generated/problemGluingBeamHL_b55_r1_m10_lay10.pddl,True,273.93,381.32,8,0,
1319,2026-07-01 14:17:02.337,FF,GluingBeamHL_b61_r1_m11_lay11,Plannerinputs/generated/problemGluingBeamHL_b61_r1_m11_lay11.pddl,True,266.63,396.87,8,0,
1320,2026-07-01 14:17:02.773,FF,NailingBeamHL_b71_r1_m12_lay12,Plannerinputs/generated/problemNailingBeamHL_b71_r1_m12_lay12.pddl,True,266.17,342.89,1,0,
1321,2026-07-01 14:17:03.480,FF,GluingBeamHL_b49_r1_m9_lay9,Plannerinputs/generated/problemGluingBeamHL_b49_r1_m9_lay9.pddl,True,284.06,380.17,8,0,
1322,2026-07-01 14:17:03.900,FF,GluingBeamHL_b55_r1_m10_lay10,Plannerinputs/generated/problemGluingBeamHL_b55_r1_m10_lay10.pddl,True,272.26,347.83,8,0,
1323,2026-07-01 14:17:04.292,FF,GluingBeamHL_b61_r1_m11_lay11,Plannerinputs/generated/problemGluingBeamHL_b61_r1_m11_lay11.pddl,True,270.76,385.59,8,0,
1324,2026-07-01 14:17:04.730,FF,NailingBeamHL_b67_r1_m12_lay12,Plannerinputs/generated/problemNailingBeamHL_b67_r1_m12_lay12.pddl,True,270.99,348.26,1,0,
1325,2026-07-01 14:17:05.477,FF,GluingBeamHL_b49_r1_m9_lay9,Plannerinputs/generated/problemGluingBeamHL_b49_r1_m9_lay9.pddl,True,271.36,415.96,8,0,
1326,2026-07-01 14:17:05.951,FF,GluingBeamHL_b55_r1_m10_lay10,Plannerinputs/generated/problemGluingBeamHL_b55_r1_m10_lay10.pddl,True,262.68,375.41,8,0,
1327,2026-07-01 14:17:06.375,FF,GluingBeamHL_b61_r1_m11_lay11,Plannerinputs/generated/problemGluingBeamHL_b61_r1_m11_lay11.pddl,True,286.30,379.10,8,0,
1328,2026-07-01 14:17:06.833,FF,NailingBeamHL_b72_r1_m12_lay12,Plannerinputs/generated/problemNailingBeamHL_b72_r1_m12_lay12.pddl,True,271.85,339.58,1,0,
1329,2026-07-01 14:17:07.590,FF,GluingBeamHL_b49_r1_m9_lay9,Plannerinputs/generated/problemGluingBeamHL_b49_r1_m9_lay9.pddl,True,264.79,375.42,8,0,
1330,2026-07-01 14:17:08.037,FF,GluingBeamHL_b55_r1_m10_lay10,Plannerinputs/generated/problemGluingBeamHL_b55_r1_m10_lay10.pddl,True,255.70,354.48,8,0,
1331,2026-07-01 14:17:08.434,FF,GluingBeamHL_b61_r1_m11_lay11,Plannerinputs/generated/problemGluingBeamHL_b61_r1_m11_lay11.pddl,True,252.30,331.21,8,0,
1332,2026-07-01 14:17:08.819,FF,GluingBeamHL_b67_r1_m12_lay12,Plannerinputs/generated/problemGluingBeamHL_b67_r1_m12_lay12.pddl,True,251.28,329.37,8,0,
1333,2026-07-01 14:17:11.334,FF,GluingBeamHL_b55_r1_m10_lay10,Plannerinputs/generated/problemGluingBeamHL_b55_r1_m10_lay10.pddl,True,251.32,323.91,2,0,
1334,2026-07-01 14:17:11.706,FF,GluingBeamHL_b61_r1_m11_lay11,Plannerinputs/generated/problemGluingBeamHL_b61_r1_m11_lay11.pddl,True,254.69,330.53,2,0,
1335,2026-07-01 14:17:12.141,FF,GluingBeamHL_b67_r1_m12_lay12,Plannerinputs/generated/problemGluingBeamHL_b67_r1_m12_lay12.pddl,True,251.19,323.28,2,0,
1336,2026-07-01 14:17:12.682,FF,GluingBeamHL_b50_r1_m9_lay9,Plannerinputs/generated/problemGluingBeamHL_b50_r1_m9_lay9.pddl,True,254.62,318.92,1,0,
1337,2026-07-01 14:17:13.302,FF,GluingBeamHL_b55_r1_m10_lay10,Plannerinputs/generated/problemGluingBeamHL_b55_r1_m10_lay10.pddl,True,253.05,328.09,2,0,
1338,2026-07-01 14:17:13.699,FF,GluingBeamHL_b61_r1_m11_lay11,Plannerinputs/generated/problemGluingBeamHL_b61_r1_m11_lay11.pddl,True,249.40,326.08,2,0,
1339,2026-07-01 14:17:14.094,FF,GluingBeamHL_b67_r1_m12_lay12,Plannerinputs/generated/problemGluingBeamHL_b67_r1_m12_lay12.pddl,True,248.06,324.71,2,0,
1340,2026-07-01 14:17:14.616,FF,GluingBeamHL_b53_r1_m9_lay9,Plannerinputs/generated/problemGluingBeamHL_b53_r1_m9_lay9.pddl,True,258.55,317.82,1,0,
1341,2026-07-01 14:17:15.350,FF,GluingBeamHL_b55_r1_m10_lay10,Plannerinputs/generated/problemGluingBeamHL_b55_r1_m10_lay10.pddl,True,244.48,329.79,2,0,
1342,2026-07-01 14:17:15.766,FF,GluingBeamHL_b61_r1_m11_lay11,Plannerinputs/generated/problemGluingBeamHL_b61_r1_m11_lay11.pddl,True,248.23,330.65,2,0,
1343,2026-07-01 14:17:16.164,FF,GluingBeamHL_b67_r1_m12_lay12,Plannerinputs/generated/problemGluingBeamHL_b67_r1_m12_lay12.pddl,True,244.31,311.77,2,0,
1344,2026-07-01 14:17:16.686,FF,GluingBeamHL_b54_r1_m9_lay9,Plannerinputs/generated/problemGluingBeamHL_b54_r1_m9_lay9.pddl,True,251.32,310.75,1,0,
1345,2026-07-01 14:17:17.356,FF,GluingBeamHL_b55_r1_m10_lay10,Plannerinputs/generated/problemGluingBeamHL_b55_r1_m10_lay10.pddl,True,250.27,323.35,2,0,
1346,2026-07-01 14:17:17.733,FF,GluingBeamHL_b61_r1_m11_lay11,Plannerinputs/generated/problemGluingBeamHL_b61_r1_m11_lay11.pddl,True,254.01,318.40,2,0,
1347,2026-07-01 14:17:18.126,FF,GluingBeamHL_b67_r1_m12_lay12,Plannerinputs/generated/problemGluingBeamHL_b67_r1_m12_lay12.pddl,True,246.52,342.24,2,0,
1348,2026-07-01 14:17:18.664,FF,GluingBeamHL_b52_r1_m9_lay9,Plannerinputs/generated/problemGluingBeamHL_b52_r1_m9_lay9.pddl,True,255.41,308.93,1,0,
1349,2026-07-01 14:17:19.247,FF,GluingBeamHL_b55_r1_m10_lay10,Plannerinputs/generated/problemGluingBeamHL_b55_r1_m10_lay10.pddl,True,250.51,316.00,2,0,
1350,2026-07-01 14:17:19.623,FF,GluingBeamHL_b61_r1_m11_lay11,Plannerinputs/generated/problemGluingBeamHL_b61_r1_m11_lay11.pddl,True,264.89,352.78,2,0,
1351,2026-07-01 14:17:20.024,FF,GluingBeamHL_b67_r1_m12_lay12,Plannerinputs/generated/problemGluingBeamHL_b67_r1_m12_lay12.pddl,True,268.84,330.48,2,0,
1352,2026-07-01 14:17:20.509,FF,GluingBeamHL_b51_r1_m9_lay9,Plannerinputs/generated/problemGluingBeamHL_b51_r1_m9_lay9.pddl,True,253.16,318.15,1,0,
1353,2026-07-01 14:17:21.119,FF,GluingBeamHL_b55_r1_m10_lay10,Plannerinputs/generated/problemGluingBeamHL_b55_r1_m10_lay10.pddl,True,278.02,345.96,2,0,
1354,2026-07-01 14:17:21.540,FF,GluingBeamHL_b61_r1_m11_lay11,Plannerinputs/generated/problemGluingBeamHL_b61_r1_m11_lay11.pddl,True,248.12,311.85,2,0,
1355,2026-07-01 14:17:21.895,FF,GluingBeamHL_b67_r1_m12_lay12,Plannerinputs/generated/problemGluingBeamHL_b67_r1_m12_lay12.pddl,True,249.90,328.39,2,0,
1356,2026-07-01 14:17:22.413,FF,PickUpHL_tp9_fp69_r1,Plannerinputs/generated/problemPickUpHL_tp9_fp69_r1.pddl,True,251.87,380.97,9,0,
1357,2026-07-01 14:17:23.327,FF,GluingBeamHL_b61_r1_m11_lay11,Plannerinputs/generated/problemGluingBeamHL_b61_r1_m11_lay11.pddl,True,307.21,396.05,2,0,
1358,2026-07-01 14:17:23.784,FF,GluingBeamHL_b67_r1_m12_lay12,Plannerinputs/generated/problemGluingBeamHL_b67_r1_m12_lay12.pddl,True,305.11,368.28,2,0,
1359,2026-07-01 14:17:24.291,FF,PickUpHL_tp9_fp69_r1,Plannerinputs/generated/problemPickUpHL_tp9_fp69_r1.pddl,True,283.14,406.52,9,0,
1360,2026-07-01 14:17:24.795,FF,GluingBeamHL_b56_r1_m10_lay10,Plannerinputs/generated/problemGluingBeamHL_b56_r1_m10_lay10.pddl,True,257.90,320.71,1,0,
1361,2026-07-01 14:17:25.425,FF,GluingBeamHL_b61_r1_m11_lay11,Plannerinputs/generated/problemGluingBeamHL_b61_r1_m11_lay11.pddl,True,249.70,314.21,2,0,
1362,2026-07-01 14:17:25.815,FF,GluingBeamHL_b67_r1_m12_lay12,Plannerinputs/generated/problemGluingBeamHL_b67_r1_m12_lay12.pddl,True,276.07,349.15,2,0,
1363,2026-07-01 14:17:26.321,FF,PickUpHL_tp9_fp69_r1,Plannerinputs/generated/problemPickUpHL_tp9_fp69_r1.pddl,True,258.27,408.09,9,0,
1364,2026-07-01 14:17:26.828,FF,GluingBeamHL_b59_r1_m10_lay10,Plannerinputs/generated/problemGluingBeamHL_b59_r1_m10_lay10.pddl,True,250.72,320.54,1,0,
1365,2026-07-01 14:17:27.467,FF,GluingBeamHL_b61_r1_m11_lay11,Plannerinputs/generated/problemGluingBeamHL_b61_r1_m11_lay11.pddl,True,258.26,333.26,2,0,
1366,2026-07-01 14:17:27.861,FF,GluingBeamHL_b67_r1_m12_lay12,Plannerinputs/generated/problemGluingBeamHL_b67_r1_m12_lay12.pddl,True,248.33,317.59,2,0,
1367,2026-07-01 14:17:28.348,FF,PickUpHL_tp9_fp69_r1,Plannerinputs/generated/problemPickUpHL_tp9_fp69_r1.pddl,True,258.71,409.62,9,0,
1368,2026-07-01 14:17:28.831,FF,GluingBeamHL_b60_r1_m10_lay10,Plannerinputs/generated/problemGluingBeamHL_b60_r1_m10_lay10.pddl,True,248.89,319.88,1,0,
1369,2026-07-01 14:17:29.501,FF,GluingBeamHL_b61_r1_m11_lay11,Plannerinputs/generated/problemGluingBeamHL_b61_r1_m11_lay11.pddl,True,253.16,319.24,2,0,
1370,2026-07-01 14:17:29.895,FF,GluingBeamHL_b67_r1_m12_lay12,Plannerinputs/generated/problemGluingBeamHL_b67_r1_m12_lay12.pddl,True,262.42,336.85,2,0,
1371,2026-07-01 14:17:30.395,FF,PickUpHL_tp9_fp69_r1,Plannerinputs/generated/problemPickUpHL_tp9_fp69_r1.pddl,True,252.74,344.98,9,0,
1372,2026-07-01 14:17:30.805,FF,GluingBeamHL_b58_r1_m10_lay10,Plannerinputs/generated/problemGluingBeamHL_b58_r1_m10_lay10.pddl,True,252.72,317.06,1,0,
1373,2026-07-01 14:17:31.408,FF,GluingBeamHL_b61_r1_m11_lay11,Plannerinputs/generated/problemGluingBeamHL_b61_r1_m11_lay11.pddl,True,251.68,331.34,2,0,
1374,2026-07-01 14:17:31.793,FF,GluingBeamHL_b67_r1_m12_lay12,Plannerinputs/generated/problemGluingBeamHL_b67_r1_m12_lay12.pddl,True,254.91,326.41,2,0,
1375,2026-07-01 14:17:32.304,FF,PickUpHL_tp9_fp69_r1,Plannerinputs/generated/problemPickUpHL_tp9_fp69_r1.pddl,True,259.93,384.29,9,0,
1376,2026-07-01 14:17:32.775,FF,GluingBeamHL_b57_r1_m10_lay10,Plannerinputs/generated/problemGluingBeamHL_b57_r1_m10_lay10.pddl,True,257.47,327.40,1,0,
1377,2026-07-01 14:17:33.388,FF,GluingBeamHL_b61_r1_m11_lay11,Plannerinputs/generated/problemGluingBeamHL_b61_r1_m11_lay11.pddl,True,250.25,320.55,2,0,
1378,2026-07-01 14:17:33.777,FF,GluingBeamHL_b67_r1_m12_lay12,Plannerinputs/generated/problemGluingBeamHL_b67_r1_m12_lay12.pddl,True,255.34,327.75,2,0,
1379,2026-07-01 14:17:34.293,FF,PickUpHL_tp9_fp69_r1,Plannerinputs/generated/problemPickUpHL_tp9_fp69_r1.pddl,True,277.95,400.34,9,0,
1380,2026-07-01 14:17:34.777,FF,PickUpHL_tp10_fp77_r1,Plannerinputs/generated/problemPickUpHL_tp10_fp77_r1.pddl,True,250.79,380.49,9,0,
1381,2026-07-01 14:17:35.727,FF,GluingBeamHL_b67_r1_m12_lay12,Plannerinputs/generated/problemGluingBeamHL_b67_r1_m12_lay12.pddl,True,265.63,343.17,2,0,
1382,2026-07-01 14:17:36.217,FF,PickUpHL_tp9_fp69_r1,Plannerinputs/generated/problemPickUpHL_tp9_fp69_r1.pddl,True,248.84,344.80,9,0,
1383,2026-07-01 14:17:36.614,FF,PickUpHL_tp10_fp77_r1,Plannerinputs/generated/problemPickUpHL_tp10_fp77_r1.pddl,True,264.31,386.20,9,0,
1384,2026-07-01 14:17:37.069,FF,GluingBeamHL_b62_r1_m11_lay11,Plannerinputs/generated/problemGluingBeamHL_b62_r1_m11_lay11.pddl,True,249.33,319.92,1,0,
1385,2026-07-01 14:17:37.662,FF,GluingBeamHL_b67_r1_m12_lay12,Plannerinputs/generated/problemGluingBeamHL_b67_r1_m12_lay12.pddl,True,295.45,376.78,2,0,
1386,2026-07-01 14:17:38.209,FF,PickUpHL_tp9_fp69_r1,Plannerinputs/generated/problemPickUpHL_tp9_fp69_r1.pddl,True,276.37,403.77,9,0,
1387,2026-07-01 14:17:38.679,FF,PickUpHL_tp10_fp77_r1,Plannerinputs/generated/problemPickUpHL_tp10_fp77_r1.pddl,True,261.29,395.04,9,0,
1388,2026-07-01 14:17:39.147,FF,GluingBeamHL_b65_r1_m11_lay11,Plannerinputs/generated/problemGluingBeamHL_b65_r1_m11_lay11.pddl,True,256.90,329.87,1,0,
1389,2026-07-01 14:17:39.811,FF,GluingBeamHL_b67_r1_m12_lay12,Plannerinputs/generated/problemGluingBeamHL_b67_r1_m12_lay12.pddl,True,256.87,329.78,2,0,
1390,2026-07-01 14:17:40.323,FF,PickUpHL_tp9_fp69_r1,Plannerinputs/generated/problemPickUpHL_tp9_fp69_r1.pddl,True,254.53,401.63,9,0,
1391,2026-07-01 14:17:40.820,FF,PickUpHL_tp10_fp77_r1,Plannerinputs/generated/problemPickUpHL_tp10_fp77_r1.pddl,True,266.02,368.81,9,0,
1392,2026-07-01 14:17:41.246,FF,GluingBeamHL_b66_r1_m11_lay11,Plannerinputs/generated/problemGluingBeamHL_b66_r1_m11_lay11.pddl,True,249.18,297.29,1,0,
1393,2026-07-01 14:17:41.847,FF,GluingBeamHL_b67_r1_m12_lay12,Plannerinputs/generated/problemGluingBeamHL_b67_r1_m12_lay12.pddl,True,260.03,328.61,2,0,
1394,2026-07-01 14:17:42.352,FF,PickUpHL_tp9_fp69_r1,Plannerinputs/generated/problemPickUpHL_tp9_fp69_r1.pddl,True,252.79,378.52,9,0,
1395,2026-07-01 14:17:42.774,FF,PickUpHL_tp10_fp77_r1,Plannerinputs/generated/problemPickUpHL_tp10_fp77_r1.pddl,True,257.43,392.41,9,0,
1396,2026-07-01 14:17:43.236,FF,GluingBeamHL_b64_r1_m11_lay11,Plannerinputs/generated/problemGluingBeamHL_b64_r1_m11_lay11.pddl,True,251.44,300.93,1,0,
1397,2026-07-01 14:17:43.834,FF,GluingBeamHL_b67_r1_m12_lay12,Plannerinputs/generated/problemGluingBeamHL_b67_r1_m12_lay12.pddl,True,252.71,320.69,2,0,
1398,2026-07-01 14:17:44.363,FF,PickUpHL_tp9_fp69_r1,Plannerinputs/generated/problemPickUpHL_tp9_fp69_r1.pddl,True,256.36,388.44,9,0,
1399,2026-07-01 14:17:44.814,FF,PickUpHL_tp10_fp77_r1,Plannerinputs/generated/problemPickUpHL_tp10_fp77_r1.pddl,True,257.11,377.32,9,0,
1400,2026-07-01 14:17:45.270,FF,GluingBeamHL_b63_r1_m11_lay11,Plannerinputs/generated/problemGluingBeamHL_b63_r1_m11_lay11.pddl,True,249.01,311.39,1,0,
1401,2026-07-01 14:17:45.866,FF,GluingBeamHL_b67_r1_m12_lay12,Plannerinputs/generated/problemGluingBeamHL_b67_r1_m12_lay12.pddl,True,261.75,342.14,2,0,
1402,2026-07-01 14:17:46.376,FF,PickUpHL_tp9_fp69_r1,Plannerinputs/generated/problemPickUpHL_tp9_fp69_r1.pddl,True,265.76,346.86,9,0,
1403,2026-07-01 14:17:46.779,FF,PickUpHL_tp10_fp77_r1,Plannerinputs/generated/problemPickUpHL_tp10_fp77_r1.pddl,True,255.23,387.27,9,0,
1404,2026-07-01 14:17:47.228,FF,PickUpHL_tp11_fp85_r1,Plannerinputs/generated/problemPickUpHL_tp11_fp85_r1.pddl,True,262.62,355.42,9,0,
1405,2026-07-01 14:17:48.292,FF,PickUpHL_tp9_fp69_r1,Plannerinputs/generated/problemPickUpHL_tp9_fp69_r1.pddl,True,255.66,360.31,9,0,
1406,2026-07-01 14:17:48.710,FF,PickUpHL_tp10_fp77_r1,Plannerinputs/generated/problemPickUpHL_tp10_fp77_r1.pddl,True,292.75,390.61,9,0,
1407,2026-07-01 14:17:49.136,FF,PickUpHL_tp11_fp85_r1,Plannerinputs/generated/problemPickUpHL_tp11_fp85_r1.pddl,True,255.17,367.52,9,0,
1408,2026-07-01 14:17:49.561,FF,GluingBeamHL_b68_r1_m12_lay12,Plannerinputs/generated/problemGluingBeamHL_b68_r1_m12_lay12.pddl,True,254.91,323.33,1,0,
1409,2026-07-01 14:17:50.375,FF,PickUpHL_tp9_fp69_r1,Plannerinputs/generated/problemPickUpHL_tp9_fp69_r1.pddl,True,257.45,340.98,9,0,
1410,2026-07-01 14:17:50.766,FF,PickUpHL_tp10_fp77_r1,Plannerinputs/generated/problemPickUpHL_tp10_fp77_r1.pddl,True,255.74,382.82,9,0,
1411,2026-07-01 14:17:51.205,FF,PickUpHL_tp11_fp85_r1,Plannerinputs/generated/problemPickUpHL_tp11_fp85_r1.pddl,True,252.55,423.28,9,0,
1412,2026-07-01 14:17:51.689,FF,GluingBeamHL_b71_r1_m12_lay12,Plannerinputs/generated/problemGluingBeamHL_b71_r1_m12_lay12.pddl,True,251.46,319.46,1,0,
1413,2026-07-01 14:17:52.483,FF,PickUpHL_tp9_fp69_r1,Plannerinputs/generated/problemPickUpHL_tp9_fp69_r1.pddl,True,273.78,393.44,9,0,
1414,2026-07-01 14:17:52.922,FF,PickUpHL_tp10_fp77_r1,Plannerinputs/generated/problemPickUpHL_tp10_fp77_r1.pddl,True,264.70,387.42,9,0,
1415,2026-07-01 14:17:53.342,FF,PickUpHL_tp11_fp85_r1,Plannerinputs/generated/problemPickUpHL_tp11_fp85_r1.pddl,True,284.20,371.56,9,0,
1416,2026-07-01 14:17:53.785,FF,GluingBeamHL_b72_r1_m12_lay12,Plannerinputs/generated/problemGluingBeamHL_b72_r1_m12_lay12.pddl,True,267.50,311.67,1,0,
1417,2026-07-01 14:17:54.458,FF,PickUpHL_tp9_fp69_r1,Plannerinputs/generated/problemPickUpHL_tp9_fp69_r1.pddl,True,270.19,378.85,9,0,
1418,2026-07-01 14:17:54.877,FF,PickUpHL_tp10_fp77_r1,Plannerinputs/generated/problemPickUpHL_tp10_fp77_r1.pddl,True,269.69,375.20,9,0,
1419,2026-07-01 14:17:55.295,FF,PickUpHL_tp11_fp85_r1,Plannerinputs/generated/problemPickUpHL_tp11_fp85_r1.pddl,True,268.03,356.18,9,0,
1420,2026-07-01 14:17:55.699,FF,GluingBeamHL_b70_r1_m12_lay12,Plannerinputs/generated/problemGluingBeamHL_b70_r1_m12_lay12.pddl,True,260.97,322.42,1,0,
1421,2026-07-01 14:17:56.487,FF,PickUpHL_tp9_fp69_r1,Plannerinputs/generated/problemPickUpHL_tp9_fp69_r1.pddl,True,296.70,425.61,9,0,
1422,2026-07-01 14:17:56.990,FF,PickUpHL_tp10_fp77_r1,Plannerinputs/generated/problemPickUpHL_tp10_fp77_r1.pddl,True,276.48,441.00,9,0,
1423,2026-07-01 14:17:57.483,FF,PickUpHL_tp11_fp85_r1,Plannerinputs/generated/problemPickUpHL_tp11_fp85_r1.pddl,True,290.33,443.92,9,0,
1424,2026-07-01 14:17:58.018,FF,GluingBeamHL_b69_r1_m12_lay12,Plannerinputs/generated/problemGluingBeamHL_b69_r1_m12_lay12.pddl,True,269.32,331.70,1,0,
1425,2026-07-01 14:17:58.734,FF,PickUpHL_tp9_fp69_r1,Plannerinputs/generated/problemPickUpHL_tp9_fp69_r1.pddl,True,271.76,391.12,9,0,
1426,2026-07-01 14:17:59.171,FF,PickUpHL_tp10_fp77_r1,Plannerinputs/generated/problemPickUpHL_tp10_fp77_r1.pddl,True,273.04,399.87,9,0,
1427,2026-07-01 14:17:59.603,FF,PickUpHL_tp11_fp85_r1,Plannerinputs/generated/problemPickUpHL_tp11_fp85_r1.pddl,True,290.03,417.62,9,0,
1428,2026-07-01 14:18:00.083,FF,PickUpHL_tp12_fp93_r1,Plannerinputs/generated/problemPickUpHL_tp12_fp93_r1.pddl,True,262.67,373.38,8,0,
1429,2026-07-01 14:18:02.457,FF,PickUpHL_tp9_fp69_r1,Plannerinputs/generated/problemPickUpHL_tp9_fp69_r1.pddl,True,250.34,320.78,3,0,
1430,2026-07-01 14:18:02.820,FF,PickUpHL_tp10_fp77_r1,Plannerinputs/generated/problemPickUpHL_tp10_fp77_r1.pddl,True,253.11,326.69,3,0,
1431,2026-07-01 14:18:03.197,FF,PickUpHL_tp11_fp85_r1,Plannerinputs/generated/problemPickUpHL_tp11_fp85_r1.pddl,True,246.94,310.38,3,0,
1432,2026-07-01 14:18:03.541,FF,StackOnMultipleHL_tp12_r1_pr4_m12_lay12,Plannerinputs/generated/problemStackOnMultipleHL_tp12_r1_pr4_m12_lay12.pddl,True,257.18,319.54,2,0,
1433,2026-07-01 14:18:04.601,FF,PickUpHL_tp9_fp69_r1,Plannerinputs/generated/problemPickUpHL_tp9_fp69_r1.pddl,True,283.42,341.82,2,0,
1434,2026-07-01 14:18:04.998,FF,PickUpHL_tp10_fp77_r1,Plannerinputs/generated/problemPickUpHL_tp10_fp77_r1.pddl,True,250.60,334.19,2,0,
1435,2026-07-01 14:18:05.378,FF,PickUpHL_tp11_fp85_r1,Plannerinputs/generated/problemPickUpHL_tp11_fp85_r1.pddl,True,252.10,328.10,2,0,
1436,2026-07-01 14:18:05.771,FF,NailingHL_tp12_r1,Plannerinputs/generated/problemNailingHL_tp12_r1.pddl,True,246.88,347.47,8,0,
1437,2026-07-01 14:18:06.713,FF,PickUpHL_tp10_fp77_r1,Plannerinputs/generated/problemPickUpHL_tp10_fp77_r1.pddl,True,254.80,338.99,3,0,
1438,2026-07-01 14:18:07.110,FF,PickUpHL_tp11_fp85_r1,Plannerinputs/generated/problemPickUpHL_tp11_fp85_r1.pddl,True,248.15,319.21,3,0,
1439,2026-07-01 14:18:07.494,FF,NailingHL_tp12_r1,Plannerinputs/generated/problemNailingHL_tp12_r1.pddl,True,260.89,375.67,11,0,
1440,2026-07-01 14:18:08.058,FF,StackOnMultipleHL_tp9_r1_pr1_m9_lay9,Plannerinputs/generated/problemStackOnMultipleHL_tp9_r1_pr1_m9_lay9.pddl,True,247.72,325.12,2,0,
1441,2026-07-01 14:18:08.832,FF,PickUpHL_tp10_fp77_r1,Plannerinputs/generated/problemPickUpHL_tp10_fp77_r1.pddl,True,257.52,327.45,2,0,
1442,2026-07-01 14:18:09.239,FF,PickUpHL_tp11_fp85_r1,Plannerinputs/generated/problemPickUpHL_tp11_fp85_r1.pddl,True,248.94,332.44,2,0,
1443,2026-07-01 14:18:09.636,FF,NailingHL_tp12_r1,Plannerinputs/generated/problemNailingHL_tp12_r1.pddl,True,256.26,341.21,8,0,
1444,2026-07-01 14:18:10.173,FF,NailingHL_tp9_r1,Plannerinputs/generated/problemNailingHL_tp9_r1.pddl,True,255.54,392.74,8,0,
1445,2026-07-01 14:18:11.185,FF,PickUpHL_tp11_fp85_r1,Plannerinputs/generated/problemPickUpHL_tp11_fp85_r1.pddl,True,295.46,368.11,3,0,
1446,2026-07-01 14:18:11.599,FF,NailingHL_tp12_r1,Plannerinputs/generated/problemNailingHL_tp12_r1.pddl,True,282.28,384.57,11,0,
1447,2026-07-01 14:18:12.156,FF,NailingHL_tp9_r1,Plannerinputs/generated/problemNailingHL_tp9_r1.pddl,True,274.73,415.37,11,0,
1448,2026-07-01 14:18:12.632,FF,StackOnMultipleHL_tp10_r1_pr2_m10_lay10,Plannerinputs/generated/problemStackOnMultipleHL_tp10_r1_pr2_m10_lay10.pddl,True,280.58,345.08,2,0,
1449,2026-07-01 14:18:13.442,FF,PickUpHL_tp11_fp85_r1,Plannerinputs/generated/problemPickUpHL_tp11_fp85_r1.pddl,True,303.91,370.21,2,0,
1450,2026-07-01 14:18:13.871,FF,NailingHL_tp12_r1,Plannerinputs/generated/problemNailingHL_tp12_r1.pddl,True,285.72,414.10,8,0,
1451,2026-07-01 14:18:14.461,FF,NailingHL_tp9_r1,Plannerinputs/generated/problemNailingHL_tp9_r1.pddl,True,306.90,412.90,8,0,
1452,2026-07-01 14:18:14.946,FF,NailingHL_tp10_r1,Plannerinputs/generated/problemNailingHL_tp10_r1.pddl,True,283.95,385.79,8,0,
1453,2026-07-01 14:18:15.854,FF,NailingHL_tp12_r1,Plannerinputs/generated/problemNailingHL_tp12_r1.pddl,True,288.77,423.11,11,0,
1454,2026-07-01 14:18:16.440,FF,NailingHL_tp9_r1,Plannerinputs/generated/problemNailingHL_tp9_r1.pddl,True,287.10,415.16,11,0,
1455,2026-07-01 14:18:16.894,FF,NailingHL_tp10_r1,Plannerinputs/generated/problemNailingHL_tp10_r1.pddl,True,285.84,460.94,11,0,
1456,2026-07-01 14:18:17.466,FF,StackOnMultipleHL_tp11_r1_pr3_m11_lay11,Plannerinputs/generated/problemStackOnMultipleHL_tp11_r1_pr3_m11_lay11.pddl,True,277.40,352.92,2,0,
1457,2026-07-01 14:18:18.395,FF,NailingHL_tp12_r1,Plannerinputs/generated/problemNailingHL_tp12_r1.pddl,True,311.46,430.71,8,0,
1458,2026-07-01 14:18:18.976,FF,NailingHL_tp9_r1,Plannerinputs/generated/problemNailingHL_tp9_r1.pddl,True,273.78,393.28,8,0,
1459,2026-07-01 14:18:19.416,FF,NailingHL_tp10_r1,Plannerinputs/generated/problemNailingHL_tp10_r1.pddl,True,276.50,388.64,8,0,
1460,2026-07-01 14:18:19.894,FF,NailingHL_tp11_r1,Plannerinputs/generated/problemNailingHL_tp11_r1.pddl,True,348.29,451.80,8,0,
1461,2026-07-01 14:18:22.626,FF,NailingHL_tp9_r1,Plannerinputs/generated/problemNailingHL_tp9_r1.pddl,True,252.53,342.04,2,0,
1462,2026-07-01 14:18:23.041,FF,NailingHL_tp10_r1,Plannerinputs/generated/problemNailingHL_tp10_r1.pddl,True,254.66,311.76,2,0,
1463,2026-07-01 14:18:23.403,FF,NailingHL_tp11_r1,Plannerinputs/generated/problemNailingHL_tp11_r1.pddl,True,258.43,314.07,2,0,
1464,2026-07-01 14:18:23.770,FF,MoveCassetteToStackHL_tp12_lp12_pr4_sp12_r1_m12_lay12,Plannerinputs/generated/problemMoveCassetteToStackHL_tp12_lp12_pr4_sp12_r1_m12_lay12.pddl,True,254.73,392.06,10,0,
1465,2026-07-01 14:18:24.818,FF,NailingHL_tp10_r1,Plannerinputs/generated/problemNailingHL_tp10_r1.pddl,True,263.48,338.68,2,0,
1466,2026-07-01 14:18:25.227,FF,NailingHL_tp11_r1,Plannerinputs/generated/problemNailingHL_tp11_r1.pddl,True,262.60,345.37,2,0,
1467,2026-07-01 14:18:25.640,FF,MoveCassetteToStackHL_tp12_lp12_pr4_sp12_r1_m12_lay12,Plannerinputs/generated/problemMoveCassetteToStackHL_tp12_lp12_pr4_sp12_r1_m12_lay12.pddl,True,270.51,382.94,10,0,
1468,2026-07-01 14:18:26.245,FF,MoveCassetteToStackHL_tp9_lp9_pr1_sp9_r1_m9_lay9,Plannerinputs/generated/problemMoveCassetteToStackHL_tp9_lp9_pr1_sp9_r1_m9_lay9.pddl,True,270.23,414.14,10,0,
1469,2026-07-01 14:18:27.250,FF,NailingHL_tp11_r1,Plannerinputs/generated/problemNailingHL_tp11_r1.pddl,True,281.36,354.77,2,0,
1470,2026-07-01 14:18:27.682,FF,MoveCassetteToStackHL_tp12_lp12_pr4_sp12_r1_m12_lay12,Plannerinputs/generated/problemMoveCassetteToStackHL_tp12_lp12_pr4_sp12_r1_m12_lay12.pddl,True,273.26,412.50,10,0,
1471,2026-07-01 14:18:28.261,FF,MoveCassetteToStackHL_tp9_lp9_pr1_sp9_r1_m9_lay9,Plannerinputs/generated/problemMoveCassetteToStackHL_tp9_lp9_pr1_sp9_r1_m9_lay9.pddl,True,279.13,419.19,10,0,
1472,2026-07-01 14:18:28.758,FF,MoveCassetteToStackHL_tp10_lp10_pr2_sp10_r1_m10_lay10,Plannerinputs/generated/problemMoveCassetteToStackHL_tp10_lp10_pr2_sp10_r1_m10_lay10.pddl,True,274.68,429.58,10,0,
1473,2026-07-01 14:18:29.761,FF,MoveCassetteToStackHL_tp12_lp12_pr4_sp12_r1_m12_lay12,Plannerinputs/generated/problemMoveCassetteToStackHL_tp12_lp12_pr4_sp12_r1_m12_lay12.pddl,True,276.79,413.33,10,0,
1474,2026-07-01 14:18:30.329,FF,MoveCassetteToStackHL_tp9_lp9_pr1_sp9_r1_m9_lay9,Plannerinputs/generated/problemMoveCassetteToStackHL_tp9_lp9_pr1_sp9_r1_m9_lay9.pddl,True,278.80,414.51,10,0,
1475,2026-07-01 14:18:30.807,FF,MoveCassetteToStackHL_tp10_lp10_pr2_sp10_r1_m10_lay10,Plannerinputs/generated/problemMoveCassetteToStackHL_tp10_lp10_pr2_sp10_r1_m10_lay10.pddl,True,286.09,423.96,10,0,
1476,2026-07-01 14:18:31.301,FF,MoveCassetteToStackHL_tp11_lp11_pr3_sp11_r1_m11_lay11,Plannerinputs/generated/problemMoveCassetteToStackHL_tp11_lp11_pr3_sp11_r1_m11_lay11.pddl,True,273.86,412.31,10,0,
1477,2026-07-01 14:18:34.331,FF,MoveCassetteToStackHL_tp9_lp9_pr1_sp9_r1_m9_lay9,Plannerinputs/generated/problemMoveCassetteToStackHL_tp9_lp9_pr1_sp9_r1_m9_lay9.pddl,True,293.58,402.89,4,0,
1478,2026-07-01 14:18:34.799,FF,MoveCassetteToStackHL_tp10_lp10_pr2_sp10_r1_m10_lay10,Plannerinputs/generated/problemMoveCassetteToStackHL_tp10_lp10_pr2_sp10_r1_m10_lay10.pddl,True,289.68,382.77,4,0,
1479,2026-07-01 14:18:35.228,FF,MoveCassetteToStackHL_tp11_lp11_pr3_sp11_r1_m11_lay11,Plannerinputs/generated/problemMoveCassetteToStackHL_tp11_lp11_pr3_sp11_r1_m11_lay11.pddl,True,275.49,354.28,4,0,
1480,2026-07-01 14:18:36.746,FF,MoveCassetteToStackHL_tp10_lp10_pr2_sp10_r1_m10_lay10,Plannerinputs/generated/problemMoveCassetteToStackHL_tp10_lp10_pr2_sp10_r1_m10_lay10.pddl,True,277.10,376.87,4,0,
1481,2026-07-01 14:18:37.177,FF,MoveCassetteToStackHL_tp11_lp11_pr3_sp11_r1_m11_lay11,Plannerinputs/generated/problemMoveCassetteToStackHL_tp11_lp11_pr3_sp11_r1_m11_lay11.pddl,True,277.11,364.64,4,0,
1482,2026-07-01 14:18:38.697,FF,MoveCassetteToStackHL_tp11_lp11_pr3_sp11_r1_m11_lay11,Plannerinputs/generated/problemMoveCassetteToStackHL_tp11_lp11_pr3_sp11_r1_m11_lay11.pddl,True,251.85,356.63,4,0,
