CmdNumber,Timestamp,LLActionType,InstanceName,CommandType,TargetPosition,EndEffector,Velocity,Acceleration,Pose,Joints,Success,ExecTimeMs,PlanTimeMs,TotalTimeMs,ParentMLAction,Error
1,2026-04-13 17:10:47.056,MoveToLL,MoveToLL_TravelML_robot1_rpmanipulate_rppickup,movej,rppickup,,1.00,0.30,"0.607360;-0.274802;0.339901;0.000000;-3.141590;0.000000","-0.128900;-1.540886;-1.932730;-1.238644;1.554514;1.433690",True,1532.20,0.00,3596.74,,
2,2026-04-13 17:10:53.988,MoveToLL,MoveToLL_PickUpML_stick4_initlocstick4_robot1_gripper1_rppickup,movel,initlocstick4,,0.30,0.30,"0.607370;-0.274820;-0.006000;0.000000;-3.141590;0.000000","",True,5129.98,0.00,7180.28,,
3,2026-04-13 17:11:01.297,CloseGripperLL,CloseGripperLL_PickUpML_stick4_initlocstick4_robot1_gripper1_rppickup,close_gripper,,,0.50,1.00,"","",True,25.90,0.00,2071.52,,
4,2026-04-13 17:11:03.500,MoveToLL,MoveToLL_PickUpML_stick4_initlocstick4_robot1_gripper1_rppickup,movel,rppickup,,1.00,0.30,"0.607360;-0.274802;0.339901;0.000000;-3.141590;0.000000","-0.128900;-1.540886;-1.932730;-1.238644;1.554514;1.433690",True,5246.84,0.00,7265.63,,
5,2026-04-13 17:11:13.004,MoveToLL,MoveToLL_TravelML_robot1_rppickup_rpmanipulate,movej,rpmanipulate,,1.00,0.30,"0.133776;0.348742;0.490041;0.000000;-3.141590;0.000000","1.656148;-0.959557;-2.051016;-1.701770;1.553554;1.650556",True,10973.82,0.00,13000.83,,
6,2026-04-13 17:11:26.279,MoveToLL,MoveToLL_StackML_stick4_table1_robot1_gripper1_finallocstick4_rpmanipulate,planned,finallocstick4,gripper,0.30,0.30,"0.001976;0.864944;-0.010000;3.072941;0.653174;0.000000","",True,19111.85,0.00,21156.39,,
7,2026-04-13 17:11:47.573,MoveToLL,MoveToLL_StackML_stick4_table1_robot1_gripper1_finallocstick4_rpmanipulate,movej,rpmanipulate,,1.00,0.30,"0.133776;0.348742;0.490041;0.000000;-3.141590;0.000000","1.656148;-0.959557;-2.051016;-1.701770;1.553554;1.650556",True,10056.35,0.00,12089.87,,
8,2026-04-13 17:12:02.047,MoveToLL,MoveToLL_TravelML_robot1_rpmanipulate_rppickup_dup2,movej,rppickup,,1.00,0.30,"0.607360;-0.274802;0.339901;0.000000;-3.141590;0.000000","-0.128900;-1.540886;-1.932730;-1.238644;1.554514;1.433690",True,10808.84,0.00,12852.24,,
9,2026-04-13 17:12:17.469,MoveToLL,MoveToLL_PickUpML_stick5_initlocstick5_robot1_gripper1_rppickup,movel,initlocstick5,,0.30,0.30,"0.607370;-0.274820;-0.009000;0.000000;-3.141590;0.000000","",True,6428.28,0.00,8455.64,,
10,2026-04-13 17:12:26.066,CloseGripperLL,CloseGripperLL_PickUpML_stick5_initlocstick5_robot1_gripper1_rppickup,close_gripper,,,0.50,1.00,"","",True,13.10,0.00,2044.82,,
11,2026-04-13 17:12:28.244,MoveToLL,MoveToLL_PickUpML_stick5_initlocstick5_robot1_gripper1_rppickup,movel,rppickup,,1.00,0.30,"0.607360;-0.274802;0.339901;0.000000;-3.141590;0.000000","-0.128900;-1.540886;-1.932730;-1.238644;1.554514;1.433690",True,5245.52,0.00,7275.73,,
12,2026-04-13 17:12:37.882,MoveToLL,MoveToLL_TravelML_robot1_rppickup_rpmanipulate_dup2,movej,rpmanipulate,,1.00,0.30,"0.133776;0.348742;0.490041;0.000000;-3.141590;0.000000","1.656148;-0.959557;-2.051016;-1.701770;1.553554;1.650556",True,10829.16,0.00,12875.74,,
13,2026-04-13 17:12:51.034,MoveToLL,MoveToLL_StackML_stick5_table1_robot1_gripper1_finallocstick5_rpmanipulate,planned,finallocstick5,gripper,0.30,0.30,"-0.177652;0.962300;-0.010000;-1.711034;-2.634761;0.000000","",True,17508.91,0.00,19547.74,,
14,2026-04-13 17:13:10.729,MoveToLL,MoveToLL_StackML_stick5_table1_robot1_gripper1_finallocstick5_rpmanipulate,movej,rpmanipulate,,1.00,0.30,"0.133776;0.348742;0.490041;0.000000;-3.141590;0.000000","1.656148;-0.959557;-2.051016;-1.701770;1.553554;1.650556",True,10048.94,0.00,12088.53,,
15,2026-04-13 17:13:25.123,MoveToLL,MoveToLL_TravelML_robot1_rpmanipulate_rppickup_dup3,movej,rppickup,,1.00,0.30,"0.607360;-0.274802;0.339901;0.000000;-3.141590;0.000000","-0.128900;-1.540886;-1.932730;-1.238644;1.554514;1.433690",True,10864.36,0.00,12927.69,,
16,2026-04-13 17:13:50.056,MoveToLL,MoveToLL_PickUpML_stick2_initlocstick2_robot1_gripper1_rppickup,movel,initlocstick2,,0.30,0.30,"0.607370;-0.274820;-0.006000;0.000000;-3.141590;0.000000","",True,5151.65,0.00,7225.98,,
17,2026-04-13 17:13:57.434,CloseGripperLL,CloseGripperLL_PickUpML_stick2_initlocstick2_robot1_gripper1_rppickup,close_gripper,,,0.50,1.00,"","",True,2.54,0.00,2073.50,,
18,2026-04-13 17:13:59.651,MoveToLL,MoveToLL_PickUpML_stick2_initlocstick2_robot1_gripper1_rppickup,movel,rppickup,,1.00,0.30,"0.607360;-0.274802;0.339901;0.000000;-3.141590;0.000000","-0.128900;-1.540886;-1.932730;-1.238644;1.554514;1.433690",True,5834.40,0.00,7895.79,,
19,2026-04-13 17:14:09.820,MoveToLL,MoveToLL_TravelML_robot1_rppickup_rpmanipulate_dup3,movej,rpmanipulate,,1.00,0.30,"0.133776;0.348742;0.490041;0.000000;-3.141590;0.000000","1.656148;-0.959557;-2.051016;-1.701770;1.553554;1.650556",True,10906.71,0.00,12962.06,,
20,2026-04-13 17:14:23.071,MoveToLL,MoveToLL_StackML_stick2_table1_robot1_gripper1_finallocstick2_rpmanipulate,planned,finallocstick2,gripper,0.30,0.30,"0.329976;0.764397;-0.010000;-0.653174;-3.072941;0.000000","",True,16693.99,0.00,18737.55,,
21,2026-04-13 17:14:41.941,MoveToLL,MoveToLL_StackML_stick2_table1_robot1_gripper1_finallocstick2_rpmanipulate,movej,rpmanipulate,,1.00,0.30,"0.133776;0.348742;0.490041;0.000000;-3.141590;0.000000","1.656148;-0.959557;-2.051016;-1.701770;1.553554;1.650556",True,10756.31,0.00,12801.04,,
22,2026-04-13 17:14:57.077,MoveToLL,MoveToLL_TravelML_robot1_rpmanipulate_rppickup_dup4,movej,rppickup,,1.00,0.30,"0.607360;-0.274802;0.339901;0.000000;-3.141590;0.000000","-0.128900;-1.540886;-1.932730;-1.238644;1.554514;1.433690",True,10839.21,0.00,12903.14,,
23,2026-04-13 17:15:14.014,MoveToLL,MoveToLL_PickUpML_stick9_initlocstick9_robot1_gripper1_rppickup,movel,initlocstick9,,0.30,0.30,"0.607370;-0.274820;-0.006000;0.000000;-3.141590;0.000000","",True,5144.82,0.00,7186.95,,
24,2026-04-13 17:15:21.360,CloseGripperLL,CloseGripperLL_PickUpML_stick9_initlocstick9_robot1_gripper1_rppickup,close_gripper,,,0.50,1.00,"","",True,13.58,0.00,2052.11,,
25,2026-04-13 17:15:23.555,MoveToLL,MoveToLL_PickUpML_stick9_initlocstick9_robot1_gripper1_rppickup,movel,rppickup,,1.00,0.30,"0.607360;-0.274802;0.339901;0.000000;-3.141590;0.000000","-0.128900;-1.540886;-1.932730;-1.238644;1.554514;1.433690",True,5930.80,0.00,7965.35,,
26,2026-04-13 17:15:33.891,MoveToLL,MoveToLL_TravelML_robot1_rppickup_rpmanipulate_dup4,movej,rpmanipulate,,1.00,0.30,"0.133776;0.348742;0.490041;0.000000;-3.141590;0.000000","1.656148;-0.959557;-2.051016;-1.701770;1.553554;1.650556",True,10825.30,0.00,12867.57,,
27,2026-04-13 17:15:47.027,MoveToLL,MoveToLL_StackOnTwoML_stick9_robot1_finallocstick9_rpmanipulate_stick5_stick4_gripper1_layer1_layer2,planned,finallocstick9,gripper,0.30,0.30,"-0.093277;0.952227;0.007500;2.557619;1.824332;0.000000","",True,17521.42,0.00,19562.05,,
28,2026-04-13 17:16:06.735,MoveToLL,MoveToLL_StackOnTwoML_stick9_robot1_finallocstick9_rpmanipulate_stick5_stick4_gripper1_layer1_layer2,movej,rpmanipulate,,1.00,0.30,"0.133776;0.348742;0.490041;0.000000;-3.141590;0.000000","1.656148;-0.959557;-2.051016;-1.701770;1.553554;1.650556",True,10068.90,0.00,12084.69,,
29,2026-04-13 17:16:21.118,MoveToLL,MoveToLL_TravelML_robot1_rpmanipulate_rppickup_dup5,movej,rppickup,,1.00,0.30,"0.607360;-0.274802;0.339901;0.000000;-3.141590;0.000000","-0.128900;-1.540886;-1.932730;-1.238644;1.554514;1.433690",True,10902.42,0.00,12938.23,,
30,2026-04-13 17:16:40.758,MoveToLL,MoveToLL_PickUpML_cube2_initloccube2_robot1_gripper1_rppickup,movel,initloccube2,,0.30,0.30,"0.607370;-0.274820;-0.009000;0.000000;-3.141590;0.000000","",True,6274.41,0.00,8334.81,,
31,2026-04-13 17:16:49.240,CloseGripperLL,CloseGripperLL_PickUpML_cube2_initloccube2_robot1_gripper1_rppickup,close_gripper,,,0.50,1.00,"","",True,1.13,0.00,2065.61,,
32,2026-04-13 17:16:51.455,MoveToLL,MoveToLL_PickUpML_cube2_initloccube2_robot1_gripper1_rppickup,movel,rppickup,,1.00,0.30,"0.607360;-0.274802;0.339901;0.000000;-3.141590;0.000000","-0.128900;-1.540886;-1.932730;-1.238644;1.554514;1.433690",True,5123.49,0.00,7162.21,,
33,2026-04-13 17:17:01.222,MoveToLL,MoveToLL_TravelML_robot1_rppickup_rpmanipulate_dup5,movej,rpmanipulate,,1.00,0.30,"0.133776;0.348742;0.490041;0.000000;-3.141590;0.000000","1.656148;-0.959557;-2.051016;-1.701770;1.553554;1.650556",True,11303.72,0.00,13342.09,,
34,2026-04-13 17:17:14.851,MoveToLL,MoveToLL_StackML_cube2_stick5_robot1_gripper1_finloccube2_rpmanipulate,planned,finloccube2,gripper,0.30,0.30,"-0.226348;0.940619;0.007500;-1.711034;-2.634761;0.000000","",True,17491.88,0.00,19542.49,,
35,2026-04-13 17:17:34.544,MoveToLL,MoveToLL_StackML_cube2_stick5_robot1_gripper1_finloccube2_rpmanipulate,movej,rpmanipulate,,1.00,0.30,"0.133776;0.348742;0.490041;0.000000;-3.141590;0.000000","1.656148;-0.959557;-2.051016;-1.701770;1.553554;1.650556",True,10051.70,0.00,12079.34,,
36,2026-04-13 17:17:49.020,MoveToLL,MoveToLL_TravelML_robot1_rpmanipulate_rppickup_dup6,movej,rppickup,,1.00,0.30,"0.607360;-0.274802;0.339901;0.000000;-3.141590;0.000000","-0.128900;-1.540886;-1.932730;-1.238644;1.554514;1.433690",True,10794.88,0.00,12841.38,,
37,2026-04-13 17:18:17.312,MoveToLL,MoveToLL_PickUpML_stick1_initlocstick1_robot1_gripper1_rppickup,movel,initlocstick1,,0.30,0.30,"0.607370;-0.274820;-0.009000;0.000000;-3.141590;0.000000","",True,6347.41,0.00,8391.20,,
38,2026-04-13 17:18:25.848,CloseGripperLL,CloseGripperLL_PickUpML_stick1_initlocstick1_robot1_gripper1_rppickup,close_gripper,,,0.50,1.00,"","",True,12.54,0.00,2052.99,,
39,2026-04-13 17:18:28.041,MoveToLL,MoveToLL_PickUpML_stick1_initlocstick1_robot1_gripper1_rppickup,movel,rppickup,,1.00,0.30,"0.607360;-0.274802;0.339901;0.000000;-3.141590;0.000000","-0.128900;-1.540886;-1.932730;-1.238644;1.554514;1.433690",True,5217.53,0.00,7268.68,,
40,2026-04-13 17:18:37.780,MoveToLL,MoveToLL_TravelML_robot1_rppickup_rpmanipulate_dup6,movej,rpmanipulate,,1.00,0.30,"0.133776;0.348742;0.490041;0.000000;-3.141590;0.000000","1.656148;-0.959557;-2.051016;-1.701770;1.553554;1.650556",True,10749.17,0.00,12767.93,,
41,2026-04-13 17:18:50.843,MoveToLL,MoveToLL_StackML_stick1_table1_robot1_gripper1_finallocstick1_rpmanipulate,planned,finallocstick1,gripper,0.30,0.30,"0.257008;0.974215;-0.010000;1.711034;-2.634761;0.000000","",True,21487.71,0.00,23536.44,,
42,2026-04-13 17:19:14.520,MoveToLL,MoveToLL_StackML_stick1_table1_robot1_gripper1_finallocstick1_rpmanipulate,movej,rpmanipulate,,1.00,0.30,"0.133776;0.348742;0.490041;0.000000;-3.141590;0.000000","1.656148;-0.959557;-2.051016;-1.701770;1.553554;1.650556",True,14271.06,0.00,16302.88,,
43,2026-04-13 17:19:33.129,MoveToLL,MoveToLL_TravelML_robot1_rpmanipulate_rppickup_dup7,movej,rppickup,,1.00,0.30,"0.607360;-0.274802;0.339901;0.000000;-3.141590;0.000000","-0.128900;-1.540886;-1.932730;-1.238644;1.554514;1.433690",True,10888.82,0.00,12929.23,,
44,2026-04-13 17:19:54.043,MoveToLL,MoveToLL_PickUpML_stick3_initlocstick3_robot1_gripper1_rppickup,movel,initlocstick3,,0.30,0.30,"0.607370;-0.274820;-0.006000;0.000000;-3.141590;0.000000","",True,5205.28,0.00,7243.16,,
45,2026-04-13 17:20:01.431,CloseGripperLL,CloseGripperLL_PickUpML_stick3_initlocstick3_robot1_gripper1_rppickup,close_gripper,,,0.50,1.00,"","",True,11.92,0.00,2067.35,,
46,2026-04-13 17:20:03.649,MoveToLL,MoveToLL_PickUpML_stick3_initlocstick3_robot1_gripper1_rppickup,movel,rppickup,,1.00,0.30,"0.607360;-0.274802;0.339901;0.000000;-3.141590;0.000000","-0.128900;-1.540886;-1.932730;-1.238644;1.554514;1.433690",True,5921.61,0.00,7960.68,,
47,2026-04-13 17:20:14.081,MoveToLL,MoveToLL_TravelML_robot1_rppickup_rpmanipulate_dup7,movej,rpmanipulate,,1.00,0.30,"0.133776;0.348742;0.490041;0.000000;-3.141590;0.000000","1.656148;-0.959557;-2.051016;-1.701770;1.553554;1.650556",True,10747.73,0.00,12795.84,,
48,2026-04-13 17:20:27.190,MoveToLL,MoveToLL_StackML_stick3_table1_robot1_gripper1_finallocstick3_rpmanipulate,planned,finallocstick3,gripper,0.30,0.30,"0.116090;0.682294;-0.010000;2.634761;1.711034;0.000000","",True,15868.28,0.00,17913.18,,
49,2026-04-13 17:20:45.233,MoveToLL,MoveToLL_StackML_stick3_table1_robot1_gripper1_finallocstick3_rpmanipulate,movej,rpmanipulate,,1.00,0.30,"0.133776;0.348742;0.490041;0.000000;-3.141590;0.000000","1.656148;-0.959557;-2.051016;-1.701770;1.553554;1.650556",True,9357.72,0.00,11400.65,,
50,2026-04-13 17:20:59.083,MoveToLL,MoveToLL_TravelML_robot1_rpmanipulate_rppickup_dup8,movej,rppickup,,1.00,0.30,"0.607360;-0.274802;0.339901;0.000000;-3.141590;0.000000","-0.128900;-1.540886;-1.932730;-1.238644;1.554514;1.433690",True,10753.96,0.00,12797.04,,
51,2026-04-13 17:21:26.987,MoveToLL,MoveToLL_PickUpML_cube1_initloccube1_robot1_gripper1_rppickup,movel,initloccube1,,0.30,0.30,"0.607370;-0.274820;-0.009000;0.000000;-3.141590;0.000000","",True,5266.93,0.00,7330.22,,
52,2026-04-13 17:21:34.493,CloseGripperLL,CloseGripperLL_PickUpML_cube1_initloccube1_robot1_gripper1_rppickup,close_gripper,,,0.50,1.00,"","",True,12.84,0.00,2046.10,,
53,2026-04-13 17:21:36.691,MoveToLL,MoveToLL_PickUpML_cube1_initloccube1_robot1_gripper1_rppickup,movel,rppickup,,1.00,0.30,"0.607360;-0.274802;0.339901;0.000000;-3.141590;0.000000","-0.128900;-1.540886;-1.932730;-1.238644;1.554514;1.433690",True,5132.42,0.00,7175.77,,
54,2026-04-13 17:21:46.229,MoveToLL,MoveToLL_TravelML_robot1_rppickup_rpmanipulate_dup8,movej,rpmanipulate,,1.00,0.30,"0.133776;0.348742;0.490041;0.000000;-3.141590;0.000000","1.656148;-0.959557;-2.051016;-1.701770;1.553554;1.650556",True,10824.35,0.00,12872.41,,
55,2026-04-13 17:21:59.422,MoveToLL,MoveToLL_StackML_cube1_stick1_robot1_gripper1_finloccube1_rpmanipulate,planned,finloccube1,gripper,0.30,0.30,"0.193941;1.002295;0.007500;2.634761;1.711034;0.000000","",True,17453.65,0.00,19507.63,,
56,2026-04-13 17:22:19.083,MoveToLL,MoveToLL_StackML_cube1_stick1_robot1_gripper1_finloccube1_rpmanipulate,movej,rpmanipulate,,1.00,0.30,"0.133776;0.348742;0.490041;0.000000;-3.141590;0.000000","1.656148;-0.959557;-2.051016;-1.701770;1.553554;1.650556",True,10045.22,0.00,12080.41,,
57,2026-04-13 17:22:33.691,MoveToLL,MoveToLL_TravelML_robot1_rpmanipulate_rppickup_dup9,movej,rppickup,,1.00,0.30,"0.607360;-0.274802;0.339901;0.000000;-3.141590;0.000000","-0.128900;-1.540886;-1.932730;-1.238644;1.554514;1.433690",True,10750.72,0.00,12809.35,,
58,2026-04-13 17:22:49.885,MoveToLL,MoveToLL_PickUpML_stick7_initlocstick7_robot1_gripper1_rppickup,movel,initlocstick7,,0.30,0.30,"0.607370;-0.274820;-0.006000;0.000000;-3.141590;0.000000","",True,6386.71,0.00,8440.98,,
59,2026-04-13 17:22:58.477,CloseGripperLL,CloseGripperLL_PickUpML_stick7_initlocstick7_robot1_gripper1_rppickup,close_gripper,,,0.50,1.00,"","",True,13.71,0.00,2063.17,,
60,2026-04-13 17:23:00.697,MoveToLL,MoveToLL_PickUpML_stick7_initlocstick7_robot1_gripper1_rppickup,movel,rppickup,,1.00,0.30,"0.607360;-0.274802;0.339901;0.000000;-3.141590;0.000000","-0.128900;-1.540886;-1.932730;-1.238644;1.554514;1.433690",True,5919.65,0.00,7953.54,,
61,2026-04-13 17:23:11.122,MoveToLL,MoveToLL_TravelML_robot1_rppickup_rpmanipulate_dup9,movej,rpmanipulate,,1.00,0.30,"0.133776;0.348742;0.490041;0.000000;-3.141590;0.000000","1.656148;-0.959557;-2.051016;-1.701770;1.553554;1.650556",True,10736.74,0.00,12768.35,,
62,2026-04-13 17:23:24.179,MoveToLL,MoveToLL_StackOnTwoML_stick7_robot1_finallocstick7_rpmanipulate_stick3_stick2_gripper1_layer1_layer2,planned,finallocstick7,gripper,0.30,0.30,"0.234723;0.677114;0.007500;-1.824332;-2.557619;0.000000","",True,15888.27,0.00,17937.31,,
63,2026-04-13 17:23:42.254,MoveToLL,MoveToLL_StackOnTwoML_stick7_robot1_finallocstick7_rpmanipulate_stick3_stick2_gripper1_layer1_layer2,movej,rpmanipulate,,1.00,0.30,"0.133776;0.348742;0.490041;0.000000;-3.141590;0.000000","1.656148;-0.959557;-2.051016;-1.701770;1.553554;1.650556",True,8639.78,0.00,10689.48,,
64,2026-04-13 17:23:55.433,MoveToLL,MoveToLL_TravelML_robot1_rpmanipulate_rppickup_dup10,movej,rppickup,,1.00,0.30,"0.607360;-0.274802;0.339901;0.000000;-3.141590;0.000000","-0.128900;-1.540886;-1.932730;-1.238644;1.554514;1.433690",True,10740.50,0.00,12807.42,,
65,2026-04-13 17:24:18.612,MoveToLL,MoveToLL_PickUpML_stick8_initlocstick8_robot1_gripper1_rppickup,movel,initlocstick8,,0.30,0.30,"0.607370;-0.274820;-0.006000;0.000000;-3.141590;0.000000","",True,5198.68,0.00,7256.93,,
66,2026-04-13 17:24:26.025,CloseGripperLL,CloseGripperLL_PickUpML_stick8_initlocstick8_robot1_gripper1_rppickup,close_gripper,,,0.50,1.00,"","",True,13.52,0.00,2037.56,,
67,2026-04-13 17:24:28.205,MoveToLL,MoveToLL_PickUpML_stick8_initlocstick8_robot1_gripper1_rppickup,movel,rppickup,,1.00,0.30,"0.607360;-0.274802;0.339901;0.000000;-3.141590;0.000000","-0.128900;-1.540886;-1.932730;-1.238644;1.554514;1.433690",True,5933.80,0.00,7967.10,,
68,2026-04-13 17:24:38.530,MoveToLL,MoveToLL_TravelML_robot1_rppickup_rpmanipulate_dup10,movej,rpmanipulate,,1.00,0.30,"0.133776;0.348742;0.490041;0.000000;-3.141590;0.000000","1.656148;-0.959557;-2.051016;-1.701770;1.553554;1.650556",True,10832.64,0.00,12881.91,,
69,2026-04-13 17:24:51.689,MoveToLL,MoveToLL_StackOnTwoML_stick8_robot1_finallocstick8_rpmanipulate_stick4_stick3_gripper1_layer1_layer2,planned,finallocstick8,gripper,0.30,0.30,"0.017773;0.746311;0.007500;3.120133;-0.366573;0.000000","",True,17499.43,0.00,19551.68,,
70,2026-04-13 17:25:11.371,MoveToLL,MoveToLL_StackOnTwoML_stick8_robot1_finallocstick8_rpmanipulate_stick4_stick3_gripper1_layer1_layer2,movej,rpmanipulate,,1.00,0.30,"0.133776;0.348742;0.490041;0.000000;-3.141590;0.000000","1.656148;-0.959557;-2.051016;-1.701770;1.553554;1.650556",True,11472.30,0.00,13504.97,,
71,2026-04-13 17:25:27.309,MoveToLL,MoveToLL_TravelML_robot1_rpmanipulate_rppickup_dup11,movej,rppickup,,1.00,0.30,"0.607360;-0.274802;0.339901;0.000000;-3.141590;0.000000","-0.128900;-1.540886;-1.932730;-1.238644;1.554514;1.433690",True,10758.99,0.00,12808.46,,
72,2026-04-13 17:27:11.173,MoveToLL,MoveToLL_PickUpML_stick6_initlocstick6_robot1_gripper1_rppickup,movel,initlocstick6,,0.30,0.30,"0.607370;-0.274820;-0.006000;0.000000;-3.141590;0.000000","",True,5421.31,0.00,7473.10,,
73,2026-04-13 17:27:18.788,CloseGripperLL,CloseGripperLL_PickUpML_stick6_initlocstick6_robot1_gripper1_rppickup,close_gripper,,,0.50,1.00,"","",True,0.74,0.00,2013.64,,
74,2026-04-13 17:27:20.952,MoveToLL,MoveToLL_PickUpML_stick6_initlocstick6_robot1_gripper1_rppickup,movel,rppickup,,1.00,0.30,"0.607360;-0.274802;0.339901;0.000000;-3.141590;0.000000","-0.128900;-1.540886;-1.932730;-1.238644;1.554514;1.433690",True,5921.00,0.00,7972.15,,
75,2026-04-13 17:27:31.294,MoveToLL,MoveToLL_TravelML_robot1_rppickup_rpmanipulate_dup11,movej,rpmanipulate,,1.00,0.30,"0.133776;0.348742;0.490041;0.000000;-3.141590;0.000000","1.656148;-0.959557;-2.051016;-1.701770;1.553554;1.650556",True,10809.37,0.00,12869.51,,
76,2026-04-13 17:27:44.467,MoveToLL,MoveToLL_StackOnTwoML_stick6_robot1_finallocstick6_rpmanipulate_stick2_stick1_gripper1_layer1_layer2,planned,finallocstick6,gripper,0.30,0.30,"0.335155;0.883030;0.007500;0.518512;-3.098508;0.000000","",True,18274.49,0.00,20324.19,,
77,2026-04-13 17:28:04.928,MoveToLL,MoveToLL_StackOnTwoML_stick6_robot1_finallocstick6_rpmanipulate_stick2_stick1_gripper1_layer1_layer2,movej,rpmanipulate,,1.00,0.30,"0.133776;0.348742;0.490041;0.000000;-3.141590;0.000000","1.656148;-0.959557;-2.051016;-1.701770;1.553554;1.650556",True,12157.34,0.00,14200.76,,
78,2026-04-13 17:28:21.866,MoveToLL,MoveToLL_TravelML_robot1_rpmanipulate_rptoolchange,movej,rptoolchange,,1.00,0.30,"-0.276143;0.385864;0.086921;-3.141491;-0.002589;-0.000081","2.086106;-1.186673;-2.396030;-1.129490;1.555172;0.503193",True,9052.45,0.00,11097.14,,
79,2026-04-13 17:28:33.264,DeequipToolLL,DeequipToolLL_DeequipML_robot1_gripper1_equiplocgripper_rptoolchange,play_program,,gripper,0.50,1.00,"","",True,20739.10,0.00,22778.22,,
80,2026-04-13 17:28:56.318,EquipToolLL,EquipToolLL_EquipeML_robot1_staplergun1_rptoolchange_equiplocstapler,play_program,,nailgun,0.50,1.00,"","",True,10309.99,0.00,12341.17,,
81,2026-04-13 17:29:11.362,MoveToLL,MoveToLL_TravelML_robot1_rptoolchange_rpmanipulate,movej,rpmanipulate,,1.00,0.30,"0.133776;0.348742;0.490041;0.000000;-3.141590;0.000000","1.656148;-0.959557;-2.051016;-1.701770;1.553554;1.650556",True,9715.68,0.00,11740.38,,
82,2026-04-13 17:29:23.386,NailingLL,NailingLL_NailingML_stick6_stick1_robot1_staplergun1_rpmanipulate,planned,unknown,nailgun,0.30,0.30,"0.312000;0.950000;0.028000;0.000000;0.000000;0.000000","",True,27901.81,0.00,29956.74,,
83,2026-04-13 17:29:55.775,NailingLL,NailingLL_NailingML_stick6_stick2_robot1_staplergun1_rpmanipulate,planned,unknown,nailgun,0.30,0.30,"0.356000;0.823000;0.028000;0.000000;0.000000;0.000000","",True,9037.80,0.00,11085.35,,
84,2026-04-13 17:30:09.248,NailingLL,NailingLL_NailingML_stick7_stick2_robot1_staplergun1_rpmanipulate,planned,unknown,nailgun,0.30,0.30,"0.301000;0.700000;0.027000;0.000000;0.000000;0.000000","",True,10696.40,0.00,12731.61,,
85,2026-04-13 17:30:24.454,NailingLL,NailingLL_NailingML_stick7_stick3_robot1_staplergun1_rpmanipulate,planned,unknown,nailgun,0.30,0.30,"0.174000;0.656000;0.027000;0.000000;0.000000;0.000000","",True,14609.64,0.00,16650.92,,
86,2026-04-13 17:30:43.516,NailingLL,NailingLL_NailingML_stick8_stick3_robot1_staplergun1_rpmanipulate,planned,unknown,nailgun,0.30,0.30,"0.013000;0.728000;0.027000;0.000000;0.000000;0.000000","",True,9976.31,0.00,12005.28,,
87,2026-04-13 17:30:57.891,NailingLL,NailingLL_NailingML_stick8_stick4_robot1_staplergun1_rpmanipulate,planned,unknown,nailgun,0.30,0.30,"0.031000;0.800000;0.028000;0.000000;0.000000;0.000000","",True,7476.71,0.00,9528.79,,
88,2026-04-13 17:31:09.802,NailingLL,NailingLL_NailingML_stick9_stick4_robot1_staplergun1_rpmanipulate,planned,unknown,nailgun,0.30,0.30,"-0.027000;0.929000;0.028000;0.000000;0.000000;0.000000","",True,8283.37,0.00,10334.20,,
89,2026-04-13 17:31:22.497,NailingLL,NailingLL_NailingML_stick9_stick5_robot1_staplergun1_rpmanipulate,planned,unknown,nailgun,0.30,0.30,"-0.154000;0.973000;0.028000;0.000000;0.000000;0.000000","",True,6740.29,0.00,8756.53,,
90,2026-04-13 17:31:33.708,NailingLL,NailingLL_NailingML_cube1_stick1_robot1_staplergun1_rpmanipulate,planned,unknown,nailgun,0.30,0.30,"0.194000;1.002000;0.027000;0.000000;0.000000;0.000000","",True,15404.99,0.00,17470.87,,
91,2026-04-13 17:31:53.652,NailingLL,NailingLL_NailingML_cube2_stick5_robot1_staplergun1_rpmanipulate,planned,unknown,nailgun,0.30,0.30,"-0.224000;0.942000;0.027000;0.000000;0.000000;0.000000","",True,11385.84,0.00,13449.57,,
92,2026-04-13 17:32:14.042,MoveToLL,MoveToLL_TravelML_robot1_rpmanipulate_rptoolchange_dup2,movej,rptoolchange,,1.00,0.30,"-0.276143;0.385864;0.086921;-3.141491;-0.002589;-0.000081","2.086106;-1.186673;-2.396030;-1.129490;1.555172;0.503193",True,11034.66,0.00,13101.02,,
93,2026-04-13 17:32:27.713,DeequipToolLL,DeequipToolLL_DeequipML_robot1_staplergun1_equiplocstapler_rptoolchange,play_program,,nailgun,0.50,1.00,"","",True,7381.65,0.00,9443.75,,
94,2026-04-13 17:32:37.434,EquipToolLL,EquipToolLL_EquipeML_robot1_gripper1_rptoolchange_equiplocgripper,play_program,,gripper,0.50,1.00,"","",True,20332.80,0.00,22373.84,,
95,2026-04-13 17:33:02.930,MoveToLL,MoveToLL_TravelML_robot1_rptoolchange_rppickup,movej,rppickup,,1.00,0.30,"0.607360;-0.274802;0.339901;0.000000;-3.141590;0.000000","-0.128900;-1.540886;-1.932730;-1.238644;1.554514;1.433690",True,11970.59,0.00,14001.92,,
96,2026-04-13 17:33:28.979,MoveToLL,MoveToLL_PickUpML_stick11_initlocstick11_robot1_gripper1_rppickup,movel,initlocstick11,,0.30,0.30,"0.607370;-0.274820;-0.006000;0.000000;-3.141590;0.000000","",True,5155.00,0.00,7185.27,,
97,2026-04-13 17:33:36.307,CloseGripperLL,CloseGripperLL_PickUpML_stick11_initlocstick11_robot1_gripper1_rppickup,close_gripper,,,0.50,1.00,"","",True,12.67,0.00,2063.03,,
98,2026-04-13 17:33:38.504,MoveToLL,MoveToLL_PickUpML_stick11_initlocstick11_robot1_gripper1_rppickup,movel,rppickup,,1.00,0.30,"0.607360;-0.274802;0.339901;0.000000;-3.141590;0.000000","-0.128900;-1.540886;-1.932730;-1.238644;1.554514;1.433690",True,5905.77,0.00,7974.47,,
99,2026-04-13 17:33:49.604,MoveToLL,MoveToLL_TravelML_robot1_rppickup_rpmanipulate_dup12,movej,rpmanipulate,,1.00,0.30,"0.133776;0.348742;0.490041;0.000000;-3.141590;0.000000","1.656148;-0.959557;-2.051016;-1.701770;1.553554;1.650556",True,10862.56,0.00,12916.25,,
100,2026-04-13 17:34:02.796,MoveToLL,MoveToLL_StackOnTwoML_stick11_robot1_finallocstick11_rpmanipulate_stick6_stick7_gripper1_layer2_layer3,planned,finallocstick11,gripper,0.30,0.30,"0.325019;0.754234;0.025000;-0.760020;-3.048274;0.000000","",True,19123.75,0.00,21151.71,,
101,2026-04-13 17:34:24.093,MoveToLL,MoveToLL_StackOnTwoML_stick11_robot1_finallocstick11_rpmanipulate_stick6_stick7_gripper1_layer2_layer3,movej,rpmanipulate,,1.00,0.30,"0.133776;0.348742;0.490041;0.000000;-3.141590;0.000000","1.656148;-0.959557;-2.051016;-1.701770;1.553554;1.650556",True,10053.19,0.00,12084.20,,
102,2026-04-13 17:34:39.279,MoveToLL,MoveToLL_TravelML_robot1_rpmanipulate_rppickup_dup12,movej,rppickup,,1.00,0.30,"0.607360;-0.274802;0.339901;0.000000;-3.141590;0.000000","-0.128900;-1.540886;-1.932730;-1.238644;1.554514;1.433690",True,10911.05,0.00,12936.50,,
103,2026-04-13 17:35:09.601,MoveToLL,MoveToLL_PickUpML_stick10_initlocstick10_robot1_gripper1_rppickup,movel,initlocstick10,,0.30,0.30,"0.607370;-0.274820;-0.009000;0.000000;-3.141590;0.000000","",True,5426.04,0.00,7453.76,,
104,2026-04-13 17:35:17.193,CloseGripperLL,CloseGripperLL_PickUpML_stick10_initlocstick10_robot1_gripper1_rppickup,close_gripper,,,0.50,1.00,"","",True,13.95,0.00,2054.65,,
105,2026-04-13 17:35:19.380,MoveToLL,MoveToLL_PickUpML_stick10_initlocstick10_robot1_gripper1_rppickup,movel,rppickup,,1.00,0.30,"0.607360;-0.274802;0.339901;0.000000;-3.141590;0.000000","-0.128900;-1.540886;-1.932730;-1.238644;1.554514;1.433690",True,5251.81,0.00,7274.92,,
106,2026-04-13 17:35:29.950,MoveToLL,MoveToLL_TravelML_robot1_rppickup_rpmanipulate_dup13,movej,rpmanipulate,,1.00,0.30,"0.133776;0.348742;0.490041;0.000000;-3.141590;0.000000","1.656148;-0.959557;-2.051016;-1.701770;1.553554;1.650556",True,10745.88,0.00,12796.38,,
107,2026-04-13 17:35:43.022,MoveToLL,MoveToLL_StackOnTwoML_stick10_robot1_finallocstick10_rpmanipulate_stick6_cube1_gripper1_layer2_layer3,planned,finallocstick10,gripper,0.30,0.30,"0.270176;0.966871;0.025000;1.618040;-2.692871;0.000000","",True,21524.60,0.00,23560.08,,
108,2026-04-13 17:36:06.721,MoveToLL,MoveToLL_StackOnTwoML_stick10_robot1_finallocstick10_rpmanipulate_stick6_cube1_gripper1_layer2_layer3,movej,rpmanipulate,,1.00,0.30,"0.133776;0.348742;0.490041;0.000000;-3.141590;0.000000","1.656148;-0.959557;-2.051016;-1.701770;1.553554;1.650556",True,13589.50,0.00,15599.55,,
109,2026-04-13 17:36:25.583,MoveToLL,MoveToLL_TravelML_robot1_rpmanipulate_rppickup_dup13,movej,rppickup,,1.00,0.30,"0.607360;-0.274802;0.339901;0.000000;-3.141590;0.000000","-0.128900;-1.540886;-1.932730;-1.238644;1.554514;1.433690",True,10749.38,0.00,12780.49,,
110,2026-04-13 17:38:26.548,MoveToLL,MoveToLL_PickUpML_stick13_initlocstick13_robot1_gripper1_rppickup,movel,initlocstick13,,0.30,0.30,"0.607370;-0.274820;-0.006000;0.000000;-3.141590;0.000000","",True,5157.40,0.00,7207.41,,
111,2026-04-13 17:38:33.904,CloseGripperLL,CloseGripperLL_PickUpML_stick13_initlocstick13_robot1_gripper1_rppickup,close_gripper,,,0.50,1.00,"","",True,13.69,0.00,2072.69,,
112,2026-04-13 17:38:36.135,MoveToLL,MoveToLL_PickUpML_stick13_initlocstick13_robot1_gripper1_rppickup,movel,rppickup,,1.00,0.30,"0.607360;-0.274802;0.339901;0.000000;-3.141590;0.000000","-0.128900;-1.540886;-1.932730;-1.238644;1.554514;1.433690",True,5833.87,0.00,7879.80,,
113,2026-04-13 17:38:47.268,MoveToLL,MoveToLL_TravelML_robot1_rppickup_rpmanipulate_dup14,movej,rpmanipulate,,1.00,0.30,"0.133776;0.348742;0.490041;0.000000;-3.141590;0.000000","1.656148;-0.959557;-2.051016;-1.701770;1.553554;1.650556",True,10746.32,0.00,12795.89,,
114,2026-04-13 17:39:00.367,MoveToLL,MoveToLL_StackOnTwoML_stick13_robot1_finallocstick13_rpmanipulate_stick9_stick8_gripper1_layer2_layer3,planned,finallocstick13,gripper,0.30,0.30,"-0.002981;0.875107;0.025000;3.048274;0.760020;0.000000","",True,16671.24,0.00,18724.64,,
115,2026-04-13 17:39:19.227,MoveToLL,MoveToLL_StackOnTwoML_stick13_robot1_finallocstick13_rpmanipulate_stick9_stick8_gripper1_layer2_layer3,movej,rpmanipulate,,1.00,0.30,"0.133776;0.348742;0.490041;0.000000;-3.141590;0.000000","1.656148;-0.959557;-2.051016;-1.701770;1.553554;1.650556",True,9349.51,0.00,11396.86,,
116,2026-04-13 17:39:34.026,MoveToLL,MoveToLL_TravelML_robot1_rpmanipulate_rppickup_dup14,movej,rppickup,,1.00,0.30,"0.607360;-0.274802;0.339901;0.000000;-3.141590;0.000000","-0.128900;-1.540886;-1.932730;-1.238644;1.554514;1.433690",True,11290.81,0.00,13335.59,,
117,2026-04-13 17:40:03.977,MoveToLL,MoveToLL_PickUpML_stick14_initlocstick14_robot1_gripper1_rppickup,movel,initlocstick14,,0.30,0.30,"0.607370;-0.274820;-0.009000;0.000000;-3.141590;0.000000","",True,5379.70,0.00,7426.27,,
118,2026-04-13 17:40:11.541,CloseGripperLL,CloseGripperLL_PickUpML_stick14_initlocstick14_robot1_gripper1_rppickup,close_gripper,,,0.50,1.00,"","",True,12.88,0.00,2051.30,,
119,2026-04-13 17:40:13.727,MoveToLL,MoveToLL_PickUpML_stick14_initlocstick14_robot1_gripper1_rppickup,movel,rppickup,,1.00,0.30,"0.607360;-0.274802;0.339901;0.000000;-3.141590;0.000000","-0.128900;-1.540886;-1.932730;-1.238644;1.554514;1.433690",True,5928.27,0.00,7975.82,,
120,2026-04-13 17:40:24.950,MoveToLL,MoveToLL_TravelML_robot1_rppickup_rpmanipulate_dup15,movej,rpmanipulate,,1.00,0.30,"0.133776;0.348742;0.490041;0.000000;-3.141590;0.000000","1.656148;-0.959557;-2.051016;-1.701770;1.553554;1.650556",True,10752.10,0.00,12793.29,,
121,2026-04-13 17:40:38.043,MoveToLL,MoveToLL_StackOnTwoML_stick14_robot1_finallocstick14_rpmanipulate_cube2_stick9_gripper1_layer2_layer3,planned,finallocstick14,gripper,0.30,0.30,"-0.188963;0.959695;0.025000;-1.618040;-2.692871;0.000000","",True,17483.89,0.00,19527.61,,
122,2026-04-13 17:40:57.699,MoveToLL,MoveToLL_StackOnTwoML_stick14_robot1_finallocstick14_rpmanipulate_cube2_stick9_gripper1_layer2_layer3,movej,rpmanipulate,,1.00,0.30,"0.133776;0.348742;0.490041;0.000000;-3.141590;0.000000","1.656148;-0.959557;-2.051016;-1.701770;1.553554;1.650556",True,10074.70,0.00,12103.09,,
123,2026-04-13 17:41:12.930,MoveToLL,MoveToLL_TravelML_robot1_rpmanipulate_rppickup_dup15,movej,rppickup,,1.00,0.30,"0.607360;-0.274802;0.339901;0.000000;-3.141590;0.000000","-0.128900;-1.540886;-1.932730;-1.238644;1.554514;1.433690",True,10850.19,0.00,12911.17,,
124,2026-04-13 17:41:31.392,MoveToLL,MoveToLL_PickUpML_stick12_initlocstick12_robot1_gripper1_rppickup,movel,initlocstick12,,0.30,0.30,"0.607370;-0.274820;-0.006000;0.000000;-3.141590;0.000000","",True,5250.83,0.00,7275.60,,
125,2026-04-13 17:41:38.818,CloseGripperLL,CloseGripperLL_PickUpML_stick12_initlocstick12_robot1_gripper1_rppickup,close_gripper,,,0.50,1.00,"","",True,13.37,0.00,2045.61,,
126,2026-04-13 17:41:41.021,MoveToLL,MoveToLL_PickUpML_stick12_initlocstick12_robot1_gripper1_rppickup,movel,rppickup,,1.00,0.30,"0.607360;-0.274802;0.339901;0.000000;-3.141590;0.000000","-0.128900;-1.540886;-1.932730;-1.238644;1.554514;1.433690",True,5910.24,0.00,7951.25,,
127,2026-04-13 17:41:52.409,MoveToLL,MoveToLL_TravelML_robot1_rppickup_rpmanipulate_dup16,movej,rpmanipulate,,1.00,0.30,"0.133776;0.348742;0.490041;0.000000;-3.141590;0.000000","1.656148;-0.959557;-2.051016;-1.701770;1.553554;1.650556",True,11293.45,0.00,13307.14,,
128,2026-04-13 17:42:06.006,MoveToLL,MoveToLL_StackOnTwoML_stick12_robot1_finallocstick12_rpmanipulate_stick7_stick8_gripper1_layer2_layer3,planned,finallocstick12,gripper,0.30,0.30,"0.105927;0.687251;0.025000;2.692871;1.618040;0.000000","",True,15097.56,0.00,17133.59,,
129,2026-04-13 17:42:23.268,MoveToLL,MoveToLL_StackOnTwoML_stick12_robot1_finallocstick12_rpmanipulate_stick7_stick8_gripper1_layer2_layer3,movej,rpmanipulate,,1.00,0.30,"0.133776;0.348742;0.490041;0.000000;-3.141590;0.000000","1.656148;-0.959557;-2.051016;-1.701770;1.553554;1.650556",True,8652.20,0.00,10696.35,,
130,2026-04-13 17:42:37.102,MoveToLL,MoveToLL_TravelML_robot1_rpmanipulate_rptoolchange_dup3,movej,rptoolchange,,1.00,0.30,"-0.276143;0.385864;0.086921;-3.141491;-0.002589;-0.000081","2.086106;-1.186673;-2.396030;-1.129490;1.555172;0.503193",True,8746.34,0.00,10795.02,,
131,2026-04-13 17:42:48.167,DeequipToolLL,DeequipToolLL_DeequipML_robot1_gripper1_equiplocgripper_rptoolchange_dup2,play_program,,gripper,0.50,1.00,"","",True,20628.94,0.00,22671.14,,
132,2026-04-13 17:43:11.141,EquipToolLL,EquipToolLL_EquipeML_robot1_staplergun1_rptoolchange_equiplocstapler_dup2,play_program,,nailgun,0.50,1.00,"","",True,10337.09,0.00,12380.72,,
133,2026-04-13 17:43:26.842,MoveToLL,MoveToLL_TravelML_robot1_rptoolchange_rpmanipulate_dup2,movej,rpmanipulate,,1.00,0.30,"0.133776;0.348742;0.490041;0.000000;-3.141590;0.000000","1.656148;-0.959557;-2.051016;-1.701770;1.553554;1.650556",True,8644.40,0.00,10688.61,,
134,2026-04-13 17:43:38.123,NailingLL,NailingLL_NailingML_stick10_stick6_robot1_staplergun1_rpmanipulate,planned,unknown,nailgun,0.30,0.30,"0.314000;0.943000;0.045000;0.000000;0.000000;0.000000","",True,20383.63,0.00,22436.29,,
135,2026-04-13 17:44:03.726,NailingLL,NailingLL_NailingML_stick13_stick8_robot1_staplergun1_rpmanipulate,planned,unknown,nailgun,0.30,0.30,"0.033000;0.808000;0.045000;0.000000;0.000000;0.000000","",True,9908.57,0.00,11952.65,,
136,2026-04-13 17:44:18.832,NailingLL,NailingLL_NailingML_stick10_cube1_robot1_staplergun1_rpmanipulate,planned,unknown,nailgun,0.30,0.30,"0.202000;1.001000;0.045000;0.000000;0.000000;0.000000","",True,15523.88,0.00,17568.56,,
137,2026-04-13 17:44:39.568,NailingLL,NailingLL_NailingML_stick11_stick6_robot1_staplergun1_rpmanipulate,planned,unknown,nailgun,0.30,0.30,"0.358000;0.816000;0.045000;0.000000;0.000000;0.000000","",True,13910.20,0.00,15960.40,,
138,2026-04-13 17:44:58.695,NailingLL,NailingLL_NailingML_stick11_stick7_robot1_staplergun1_rpmanipulate,planned,unknown,nailgun,0.30,0.30,"0.295000;0.698000;0.045000;0.000000;0.000000;0.000000","",True,14703.49,0.00,16753.47,,
139,2026-04-13 17:45:18.712,NailingLL,NailingLL_NailingML_stick12_stick7_robot1_staplergun1_rpmanipulate,planned,unknown,nailgun,0.30,0.30,"0.168000;0.654000;0.045000;0.000000;0.000000;0.000000","",True,14615.04,0.00,16666.63,,
140,2026-04-13 17:45:38.688,NailingLL,NailingLL_NailingML_stick12_stick8_robot1_staplergun1_rpmanipulate,planned,unknown,nailgun,0.30,0.30,"0.015000;0.735000;0.045000;0.000000;0.000000;0.000000","",True,11373.82,0.00,13407.10,,
141,2026-04-13 17:45:55.288,NailingLL,NailingLL_NailingML_stick13_stick9_robot1_staplergun1_rpmanipulate,planned,unknown,nailgun,0.30,0.30,"-0.033000;0.931000;0.045000;0.000000;0.000000;0.000000","",True,7485.56,0.00,9524.51,,
142,2026-04-13 17:46:08.253,NailingLL,NailingLL_NailingML_stick14_cube2_robot1_staplergun1_rpmanipulate,planned,unknown,nailgun,0.30,0.30,"-0.226000;0.941000;0.045000;0.000000;0.000000;0.000000","",True,10430.59,0.00,12479.00,,
143,2026-04-13 17:46:23.923,NailingLL,NailingLL_NailingML_stick14_stick9_robot1_staplergun1_rpmanipulate,planned,unknown,nailgun,0.30,0.30,"-0.160000;0.975000;0.045000;0.000000;0.000000;0.000000","",True,12286.41,0.00,14332.35,,
144,2026-04-13 17:46:42.304,MoveToLL,MoveToLL_TravelML_robot1_rpmanipulate_rptoolchange_dup4,movej,rptoolchange,,1.00,0.30,"-0.276143;0.385864;0.086921;-3.141491;-0.002589;-0.000081","2.086106;-1.186673;-2.396030;-1.129490;1.555172;0.503193",True,10835.97,0.00,12888.93,,
145,2026-04-13 17:46:55.786,DeequipToolLL,DeequipToolLL_DeequipML_robot1_staplergun1_equiplocstapler_rptoolchange_dup2,play_program,,nailgun,0.50,1.00,"","",True,7240.92,0.00,9288.09,,
146,2026-04-13 17:47:05.392,EquipToolLL,EquipToolLL_EquipeML_robot1_gripper1_rptoolchange_equiplocgripper_dup2,play_program,,gripper,0.50,1.00,"","",True,20654.38,0.00,22677.67,,
147,2026-04-13 17:47:31.539,MoveToLL,MoveToLL_TravelML_robot1_rptoolchange_rppickup_dup2,movej,rppickup,,1.00,0.30,"0.607360;-0.274802;0.339901;0.000000;-3.141590;0.000000","-0.128900;-1.540886;-1.932730;-1.238644;1.554514;1.433690",True,11479.11,0.00,13543.50,,
148,2026-04-13 17:48:39.416,MoveToLL,MoveToLL_PickUpML_stick15_initlocstick15_robot1_gripper1_rppickup,movel,initlocstick15,,0.30,0.30,"0.607370;-0.274820;-0.006000;0.000000;-3.141590;0.000000","",True,5278.21,0.00,7352.92,,
149,2026-04-13 17:48:46.908,CloseGripperLL,CloseGripperLL_PickUpML_stick15_initlocstick15_robot1_gripper1_rppickup,close_gripper,,,0.50,1.00,"","",True,14.03,0.00,2061.25,,
150,2026-04-13 17:48:49.118,MoveToLL,MoveToLL_PickUpML_stick15_initlocstick15_robot1_gripper1_rppickup,movel,rppickup,,1.00,0.30,"0.607360;-0.274802;0.339901;0.000000;-3.141590;0.000000","-0.128900;-1.540886;-1.932730;-1.238644;1.554514;1.433690",True,5921.96,0.00,7959.44,,
151,2026-04-13 17:49:00.553,MoveToLL,MoveToLL_TravelML_robot1_rppickup_rpmanipulate_dup17,movej,rpmanipulate,,1.00,0.30,"0.133776;0.348742;0.490041;0.000000;-3.141590;0.000000","1.656148;-0.959557;-2.051016;-1.701770;1.553554;1.650556",True,11223.96,0.00,13264.78,,
152,2026-04-13 17:49:14.099,MoveToLL,MoveToLL_StackOnTwoML_stick15_robot1_finallocstick15_rpmanipulate_stick11_stick10_gripper1_layer3_layer4,planned,finallocstick15,gripper,0.30,0.30,"0.338461;0.872217;0.042500;0.410060;-3.114716;0.000000","",True,20685.36,0.00,22752.08,,
153,2026-04-13 17:49:36.997,MoveToLL,MoveToLL_StackOnTwoML_stick15_robot1_finallocstick15_rpmanipulate_stick11_stick10_gripper1_layer3_layer4,movej,rpmanipulate,,1.00,0.30,"0.133776;0.348742;0.490041;0.000000;-3.141590;0.000000","1.656148;-0.959557;-2.051016;-1.701770;1.553554;1.650556",True,12128.26,0.00,14192.39,,
154,2026-04-13 17:49:54.533,MoveToLL,MoveToLL_TravelML_robot1_rpmanipulate_rppickup_dup16,movej,rppickup,,1.00,0.30,"0.607360;-0.274802;0.339901;0.000000;-3.141590;0.000000","-0.128900;-1.540886;-1.932730;-1.238644;1.554514;1.433690",True,10738.40,0.00,12793.15,,
155,2026-04-13 17:50:13.152,MoveToLL,MoveToLL_PickUpML_cube4_initloccube4_robot1_gripper1_rppickup,movel,initloccube4,,0.30,0.30,"0.607370;-0.274820;-0.009000;0.000000;-3.141590;0.000000","",True,6343.24,0.00,8400.15,,
156,2026-04-13 17:50:21.699,CloseGripperLL,CloseGripperLL_PickUpML_cube4_initloccube4_robot1_gripper1_rppickup,close_gripper,,,0.50,1.00,"","",True,12.76,0.00,2068.41,,
157,2026-04-13 17:50:23.935,MoveToLL,MoveToLL_PickUpML_cube4_initloccube4_robot1_gripper1_rppickup,movel,rppickup,,1.00,0.30,"0.607360;-0.274802;0.339901;0.000000;-3.141590;0.000000","-0.128900;-1.540886;-1.932730;-1.238644;1.554514;1.433690",True,5130.92,0.00,7188.62,,
158,2026-04-13 17:50:34.320,MoveToLL,MoveToLL_TravelML_robot1_rppickup_rpmanipulate_dup18,movej,rpmanipulate,,1.00,0.30,"0.133776;0.348742;0.490041;0.000000;-3.141590;0.000000","1.656148;-0.959557;-2.051016;-1.701770;1.553554;1.650556",True,10790.85,0.00,12839.45,,
159,2026-04-13 17:50:47.477,MoveToLL,MoveToLL_StackML_cube4_stick14_robot1_gripper1_finloccube4_rpmanipulate,planned,finloccube4,gripper,0.30,0.30,"-0.236642;0.934344;0.042500;-1.618040;-2.692871;0.000000","",True,16678.18,0.00,18720.10,,
160,2026-04-13 17:51:06.342,MoveToLL,MoveToLL_StackML_cube4_stick14_robot1_gripper1_finloccube4_rpmanipulate,movej,rpmanipulate,,1.00,0.30,"0.133776;0.348742;0.490041;0.000000;-3.141590;0.000000","1.656148;-0.959557;-2.051016;-1.701770;1.553554;1.650556",True,10046.55,0.00,12087.29,,
161,2026-04-13 17:51:21.796,MoveToLL,MoveToLL_TravelML_robot1_rpmanipulate_rppickup_dup17,movej,rppickup,,1.00,0.30,"0.607360;-0.274802;0.339901;0.000000;-3.141590;0.000000","-0.128900;-1.540886;-1.932730;-1.238644;1.554514;1.433690",True,11330.92,0.00,13376.83,,
162,2026-04-13 17:51:39.900,MoveToLL,MoveToLL_PickUpML_stick18_initlocstick18_robot1_gripper1_rppickup,movel,initlocstick18,,0.30,0.30,"0.607370;-0.274820;-0.006000;0.000000;-3.141590;0.000000","",True,5261.88,0.00,7296.08,,
163,2026-04-13 17:51:47.364,CloseGripperLL,CloseGripperLL_PickUpML_stick18_initlocstick18_robot1_gripper1_rppickup,close_gripper,,,0.50,1.00,"","",True,2.30,0.00,2064.81,,
164,2026-04-13 17:51:49.573,MoveToLL,MoveToLL_PickUpML_stick18_initlocstick18_robot1_gripper1_rppickup,movel,rppickup,,1.00,0.30,"0.607360;-0.274802;0.339901;0.000000;-3.141590;0.000000","-0.128900;-1.540886;-1.932730;-1.238644;1.554514;1.433690",True,5825.12,0.00,7862.42,,
165,2026-04-13 17:52:00.701,MoveToLL,MoveToLL_TravelML_robot1_rppickup_rpmanipulate_dup19,movej,rpmanipulate,,1.00,0.30,"0.133776;0.348742;0.490041;0.000000;-3.141590;0.000000","1.656148;-0.959557;-2.051016;-1.701770;1.553554;1.650556",True,10739.44,0.00,12789.91,,
166,2026-04-13 17:52:13.803,MoveToLL,MoveToLL_StackOnTwoML_stick18_robot1_finallocstick18_rpmanipulate_stick14_stick13_gripper1_layer3_layer4,planned,finallocstick18,gripper,0.30,0.30,"-0.104090;0.955533;0.042500;2.492393;1.912480;0.000000","",True,16660.36,0.00,18717.84,,
167,2026-04-13 17:52:32.665,MoveToLL,MoveToLL_StackOnTwoML_stick18_robot1_finallocstick18_rpmanipulate_stick14_stick13_gripper1_layer3_layer4,movej,rpmanipulate,,1.00,0.30,"0.133776;0.348742;0.490041;0.000000;-3.141590;0.000000","1.656148;-0.959557;-2.051016;-1.701770;1.553554;1.650556",True,9363.65,0.00,11399.51,,
168,2026-04-13 17:52:47.330,MoveToLL,MoveToLL_TravelML_robot1_rpmanipulate_rppickup_dup18,movej,rppickup,,1.00,0.30,"0.607360;-0.274802;0.339901;0.000000;-3.141590;0.000000","-0.128900;-1.540886;-1.932730;-1.238644;1.554514;1.433690",True,10737.07,0.00,12782.36,,
169,2026-04-13 17:53:15.572,MoveToLL,MoveToLL_PickUpML_cube3_initloccube3_robot1_gripper1_rppickup,movel,initloccube3,,0.30,0.30,"0.607370;-0.274820;-0.009000;0.000000;-3.141590;0.000000","",True,6344.44,0.00,8380.41,,
170,2026-04-13 17:53:24.106,CloseGripperLL,CloseGripperLL_PickUpML_cube3_initloccube3_robot1_gripper1_rppickup,close_gripper,,,0.50,1.00,"","",True,1.25,0.00,2035.03,,
171,2026-04-13 17:53:26.287,MoveToLL,MoveToLL_PickUpML_cube3_initloccube3_robot1_gripper1_rppickup,movel,rppickup,,1.00,0.30,"0.607360;-0.274802;0.339901;0.000000;-3.141590;0.000000","-0.128900;-1.540886;-1.932730;-1.238644;1.554514;1.433690",True,5232.68,0.00,7275.47,,
172,2026-04-13 17:53:36.780,MoveToLL,MoveToLL_TravelML_robot1_rppickup_rpmanipulate_dup20,movej,rpmanipulate,,1.00,0.30,"0.133776;0.348742;0.490041;0.000000;-3.141590;0.000000","1.656148;-0.959557;-2.051016;-1.701770;1.553554;1.650556",True,10761.43,0.00,12819.93,,
173,2026-04-13 17:53:49.878,MoveToLL,MoveToLL_StackML_cube3_stick10_robot1_gripper1_finloccube3_rpmanipulate,planned,finloccube3,gripper,0.30,0.30,"0.212575;0.997498;0.042500;2.692871;1.618040;0.000000","",True,17519.61,0.00,19550.25,,
174,2026-04-13 17:54:09.578,MoveToLL,MoveToLL_StackML_cube3_stick10_robot1_gripper1_finloccube3_rpmanipulate,movej,rpmanipulate,,1.00,0.30,"0.133776;0.348742;0.490041;0.000000;-3.141590;0.000000","1.656148;-0.959557;-2.051016;-1.701770;1.553554;1.650556",True,10045.27,0.00,12081.25,,
175,2026-04-13 17:54:24.989,MoveToLL,MoveToLL_TravelML_robot1_rpmanipulate_rppickup_dup19,movej,rppickup,,1.00,0.30,"0.607360;-0.274802;0.339901;0.000000;-3.141590;0.000000","-0.128900;-1.540886;-1.932730;-1.238644;1.554514;1.433690",True,10737.38,0.00,12796.54,,
176,2026-04-13 17:54:44.086,MoveToLL,MoveToLL_PickUpML_stick17_initlocstick17_robot1_gripper1_rppickup,movel,initlocstick17,,0.30,0.30,"0.607370;-0.274820;-0.006000;0.000000;-3.141590;0.000000","",True,5286.29,0.00,7321.42,,
177,2026-04-13 17:54:51.543,CloseGripperLL,CloseGripperLL_PickUpML_stick17_initlocstick17_robot1_gripper1_rppickup,close_gripper,,,0.50,1.00,"","",True,13.71,0.00,2072.78,,
178,2026-04-13 17:54:53.747,MoveToLL,MoveToLL_PickUpML_stick17_initlocstick17_robot1_gripper1_rppickup,movel,rppickup,,1.00,0.30,"0.607360;-0.274802;0.339901;0.000000;-3.141590;0.000000","-0.128900;-1.540886;-1.932730;-1.238644;1.554514;1.433690",True,5933.56,0.00,7965.39,,
179,2026-04-13 17:55:05.043,MoveToLL,MoveToLL_TravelML_robot1_rppickup_rpmanipulate_dup21,movej,rpmanipulate,,1.00,0.30,"0.133776;0.348742;0.490041;0.000000;-3.141590;0.000000","1.656148;-0.959557;-2.051016;-1.701770;1.553554;1.650556",True,11332.23,0.00,13409.65,,
180,2026-04-13 17:55:18.748,MoveToLL,MoveToLL_StackOnTwoML_stick17_robot1_finallocstick17_rpmanipulate_stick12_stick13_gripper1_layer3_layer4,planned,finallocstick17,gripper,0.30,0.30,"0.010461;0.757124;0.042500;3.114716;-0.410060;0.000000","",True,17495.26,0.00,19538.35,,
181,2026-04-13 17:55:38.429,MoveToLL,MoveToLL_StackOnTwoML_stick17_robot1_finallocstick17_rpmanipulate_stick12_stick13_gripper1_layer3_layer4,movej,rpmanipulate,,1.00,0.30,"0.133776;0.348742;0.490041;0.000000;-3.141590;0.000000","1.656148;-0.959557;-2.051016;-1.701770;1.553554;1.650556",True,11422.63,0.00,13489.86,,
182,2026-04-13 17:55:55.309,MoveToLL,MoveToLL_TravelML_robot1_rpmanipulate_rppickup_dup20,movej,rppickup,,1.00,0.30,"0.607360;-0.274802;0.339901;0.000000;-3.141590;0.000000","-0.128900;-1.540886;-1.932730;-1.238644;1.554514;1.433690",True,11286.00,0.00,13350.15,,
183,2026-04-13 17:56:10.131,MoveToLL,MoveToLL_PickUpML_stick16_initlocstick16_robot1_gripper1_rppickup,movel,initlocstick16,,0.30,0.30,"0.607370;-0.274820;-0.006000;0.000000;-3.141590;0.000000","",True,5306.21,0.00,7348.82,,
184,2026-04-13 17:56:17.640,CloseGripperLL,CloseGripperLL_PickUpML_stick16_initlocstick16_robot1_gripper1_rppickup,close_gripper,,,0.50,1.00,"","",True,13.46,0.00,2062.80,,
185,2026-04-13 17:56:19.853,MoveToLL,MoveToLL_PickUpML_stick16_initlocstick16_robot1_gripper1_rppickup,movel,rppickup,,1.00,0.30,"0.607360;-0.274802;0.339901;0.000000;-3.141590;0.000000","-0.128900;-1.540886;-1.932730;-1.238644;1.554514;1.433690",True,5835.05,0.00,7865.34,,
186,2026-04-13 17:56:30.987,MoveToLL,MoveToLL_TravelML_robot1_rppickup_rpmanipulate_dup22,movej,rpmanipulate,,1.00,0.30,"0.133776;0.348742;0.490041;0.000000;-3.141590;0.000000","1.656148;-0.959557;-2.051016;-1.701770;1.553554;1.650556",True,10745.74,0.00,12790.91,,
187,2026-04-13 17:56:44.082,MoveToLL,MoveToLL_StackOnTwoML_stick16_robot1_finallocstick16_rpmanipulate_stick12_stick11_gripper1_layer3_layer4,planned,finallocstick16,gripper,0.30,0.30,"0.223910;0.673808;0.042500;-1.912480;-2.492393;0.000000","",True,15062.30,0.00,17119.48,,
188,2026-04-13 17:57:01.355,MoveToLL,MoveToLL_StackOnTwoML_stick16_robot1_finallocstick16_rpmanipulate_stick12_stick11_gripper1_layer3_layer4,movej,rpmanipulate,,1.00,0.30,"0.133776;0.348742;0.490041;0.000000;-3.141590;0.000000","1.656148;-0.959557;-2.051016;-1.701770;1.553554;1.650556",True,8626.88,0.00,10674.34,,
189,2026-04-13 17:57:15.296,MoveToLL,MoveToLL_TravelML_robot1_rpmanipulate_rptoolchange_dup5,movej,rptoolchange,,1.00,0.30,"-0.276143;0.385864;0.086921;-3.141491;-0.002589;-0.000081","2.086106;-1.186673;-2.396030;-1.129490;1.555172;0.503193",True,8641.18,0.00,10687.20,,
190,2026-04-13 17:57:26.304,DeequipToolLL,DeequipToolLL_DeequipML_robot1_gripper1_equiplocgripper_rptoolchange_dup3,play_program,,gripper,0.50,1.00,"","",True,20525.26,0.00,22547.86,,
191,2026-04-13 17:57:49.169,EquipToolLL,EquipToolLL_EquipeML_robot1_staplergun1_rptoolchange_equiplocstapler_dup3,play_program,,nailgun,0.50,1.00,"","",True,9884.28,0.00,11916.25,,
192,2026-04-13 17:58:04.330,MoveToLL,MoveToLL_TravelML_robot1_rptoolchange_rpmanipulate_dup3,movej,rpmanipulate,,1.00,0.30,"0.133776;0.348742;0.490041;0.000000;-3.141590;0.000000","1.656148;-0.959557;-2.051016;-1.701770;1.553554;1.650556",True,9734.78,0.00,11785.80,,
193,2026-04-13 17:58:16.708,NailingLL,NailingLL_NailingML_cube3_stick10_robot1_staplergun1_rpmanipulate,planned,unknown,nailgun,0.30,0.30,"0.213000;0.997000;0.062000;0.000000;0.000000;0.000000","",True,27583.39,0.00,29648.75,,
194,2026-04-13 17:58:49.910,NailingLL,NailingLL_NailingML_cube4_stick14_robot1_staplergun1_rpmanipulate,planned,unknown,nailgun,0.30,0.30,"-0.234000;0.936000;0.063000;0.000000;0.000000;0.000000","",True,15925.96,0.00,17973.10,,
195,2026-04-13 17:59:11.262,NailingLL,NailingLL_NailingML_stick15_stick10_robot1_staplergun1_rpmanipulate,planned,unknown,nailgun,0.30,0.30,"0.320000;0.940000;0.063000;0.000000;0.000000;0.000000","",True,9703.99,0.00,11741.02,,
196,2026-04-13 17:59:26.246,NailingLL,NailingLL_NailingML_stick15_stick11_robot1_staplergun1_rpmanipulate,planned,unknown,nailgun,0.30,0.30,"0.355000;0.811000;0.062000;0.000000;0.000000;0.000000","",True,7422.46,0.00,9472.34,,
197,2026-04-13 17:59:38.999,NailingLL,NailingLL_NailingML_stick16_stick11_robot1_staplergun1_rpmanipulate,planned,unknown,nailgun,0.30,0.30,"0.292000;0.692000;0.062000;0.000000;0.000000;0.000000","",True,12199.14,0.00,14241.42,,
198,2026-04-13 17:59:56.734,NailingLL,NailingLL_NailingML_stick16_stick12_robot1_staplergun1_rpmanipulate,planned,unknown,nailgun,0.30,0.30,"0.162000;0.657000;0.062000;0.000000;0.000000;0.000000","",True,14382.53,0.00,16429.88,,
199,2026-04-13 18:00:16.638,NailingLL,NailingLL_NailingML_stick17_stick12_robot1_staplergun1_rpmanipulate,planned,unknown,nailgun,0.30,0.30,"0.006000;0.740000;0.062000;0.000000;0.000000;0.000000","",True,12786.09,0.00,14852.85,,
200,2026-04-13 18:00:34.801,NailingLL,NailingLL_NailingML_stick17_stick13_robot1_staplergun1_rpmanipulate,planned,unknown,nailgun,0.30,0.30,"0.027000;0.819000;0.062000;0.000000;0.000000;0.000000","",True,14584.16,0.00,16630.38,,
201,2026-04-13 18:00:54.762,NailingLL,NailingLL_NailingML_stick18_stick13_robot1_staplergun1_rpmanipulate,planned,unknown,nailgun,0.30,0.30,"-0.036000;0.937000;0.062000;0.000000;0.000000;0.000000","",True,8929.58,0.00,10967.36,,
202,2026-04-13 18:01:08.983,NailingLL,NailingLL_NailingML_stick18_stick14_robot1_staplergun1_rpmanipulate,planned,unknown,nailgun,0.30,0.30,"-0.166000;0.972000;0.063000;0.000000;0.000000;0.000000","",True,12210.96,0.00,14265.07,,
203,2026-04-13 18:01:30.418,MoveToLL,MoveToLL_TravelML_robot1_rpmanipulate_rptoolchange_dup6,movej,rptoolchange,,1.00,0.30,"-0.276143;0.385864;0.086921;-3.141491;-0.002589;-0.000081","2.086106;-1.186673;-2.396030;-1.129490;1.555172;0.503193",True,10863.01,0.00,12919.47,,
204,2026-04-13 18:01:43.933,DeequipToolLL,DeequipToolLL_DeequipML_robot1_staplergun1_equiplocstapler_rptoolchange_dup3,play_program,,nailgun,0.50,1.00,"","",True,7342.24,0.00,9395.69,,
205,2026-04-13 18:01:53.646,EquipToolLL,EquipToolLL_EquipeML_robot1_gripper1_rptoolchange_equiplocgripper_dup3,play_program,,gripper,0.50,1.00,"","",True,20622.23,0.00,22647.64,,
206,2026-04-13 18:02:19.445,MoveToLL,MoveToLL_TravelML_robot1_rptoolchange_rppickup_dup3,movej,rppickup,,1.00,0.30,"0.607360;-0.274802;0.339901;0.000000;-3.141590;0.000000","-0.128900;-1.540886;-1.932730;-1.238644;1.554514;1.433690",True,11724.23,0.00,13781.36,,
207,2026-04-13 18:02:56.076,MoveToLL,MoveToLL_PickUpML_stick20_initlocstick20_robot1_gripper1_rppickup,movel,initlocstick20,,0.30,0.30,"0.607370;-0.274820;-0.006000;0.000000;-3.141590;0.000000","",True,6147.76,0.00,8199.20,,
208,2026-04-13 18:03:04.474,CloseGripperLL,CloseGripperLL_PickUpML_stick20_initlocstick20_robot1_gripper1_rppickup,close_gripper,,,0.50,1.00,"","",True,1.08,0.00,2064.23,,
209,2026-04-13 18:03:06.718,MoveToLL,MoveToLL_PickUpML_stick20_initlocstick20_robot1_gripper1_rppickup,movel,rppickup,,1.00,0.30,"0.607360;-0.274802;0.339901;0.000000;-3.141590;0.000000","-0.128900;-1.540886;-1.932730;-1.238644;1.554514;1.433690",True,6435.81,0.00,8483.68,,
210,2026-04-13 18:03:18.973,MoveToLL,MoveToLL_TravelML_robot1_rppickup_rpmanipulate_dup23,movej,rpmanipulate,,1.00,0.30,"0.133776;0.348742;0.490041;0.000000;-3.141590;0.000000","1.656148;-0.959557;-2.051016;-1.701770;1.553554;1.650556",True,11003.24,0.00,13074.69,,
211,2026-04-13 18:03:32.469,MoveToLL,MoveToLL_StackOnTwoML_stick20_robot1_finallocstick20_rpmanipulate_stick15_stick16_gripper1_layer4_layer5,planned,finallocstick20,gripper,0.30,0.30,"0.319365;0.744442;0.060000;-0.865940;-3.019893;0.000000","",True,18144.69,0.00,20202.07,,
212,2026-04-13 18:03:52.965,MoveToLL,MoveToLL_StackOnTwoML_stick20_robot1_finallocstick20_rpmanipulate_stick15_stick16_gripper1_layer4_layer5,movej,rpmanipulate,,1.00,0.30,"0.133776;0.348742;0.490041;0.000000;-3.141590;0.000000","1.656148;-0.959557;-2.051016;-1.701770;1.553554;1.650556",True,9873.42,0.00,11943.01,,
213,2026-04-13 18:04:08.572,MoveToLL,MoveToLL_TravelML_robot1_rpmanipulate_rppickup_dup21,movej,rppickup,,1.00,0.30,"0.607360;-0.274802;0.339901;0.000000;-3.141590;0.000000","-0.128900;-1.540886;-1.932730;-1.238644;1.554514;1.433690",True,11055.44,0.00,13117.09,,
214,2026-04-13 18:04:52.582,MoveToLL,MoveToLL_PickUpML_stick19_initlocstick19_robot1_gripper1_rppickup,movel,initlocstick19,,0.30,0.30,"0.607370;-0.274820;-0.009000;0.000000;-3.141590;0.000000","",True,6158.42,0.00,8230.27,,
215,2026-04-13 18:05:01.065,CloseGripperLL,CloseGripperLL_PickUpML_stick19_initlocstick19_robot1_gripper1_rppickup,close_gripper,,,0.50,1.00,"","",True,25.75,0.00,2070.25,,
216,2026-04-13 18:05:03.342,MoveToLL,MoveToLL_PickUpML_stick19_initlocstick19_robot1_gripper1_rppickup,movel,rppickup,,1.00,0.30,"0.607360;-0.274802;0.339901;0.000000;-3.141590;0.000000","-0.128900;-1.540886;-1.932730;-1.238644;1.554514;1.433690",True,6340.87,0.00,8396.71,,
217,2026-04-13 18:05:15.191,MoveToLL,MoveToLL_TravelML_robot1_rppickup_rpmanipulate_dup24,movej,rpmanipulate,,1.00,0.30,"0.133776;0.348742;0.490041;0.000000;-3.141590;0.000000","1.656148;-0.959557;-2.051016;-1.701770;1.553554;1.650556",True,11250.73,0.00,13291.82,,
218,2026-04-13 18:05:28.949,MoveToLL,MoveToLL_StackOnTwoML_stick19_robot1_finallocstick19_rpmanipulate_stick15_cube3_gripper1_layer4_layer5,planned,finallocstick19,gripper,0.30,0.30,"0.282669;0.958399;0.060000;1.523074;-2.747699;0.000000","",True,20514.94,0.00,22564.48,,
219,2026-04-13 18:05:51.728,MoveToLL,MoveToLL_StackOnTwoML_stick19_robot1_finallocstick19_rpmanipulate_stick15_cube3_gripper1_layer4_layer5,movej,rpmanipulate,,1.00,0.30,"0.133776;0.348742;0.490041;0.000000;-3.141590;0.000000","1.656148;-0.959557;-2.051016;-1.701770;1.553554;1.650556",True,13469.72,0.00,15523.44,,
220,2026-04-13 18:06:10.796,MoveToLL,MoveToLL_TravelML_robot1_rpmanipulate_rppickup_dup22,movej,rppickup,,1.00,0.30,"0.607360;-0.274802;0.339901;0.000000;-3.141590;0.000000","-0.128900;-1.540886;-1.932730;-1.238644;1.554514;1.433690",True,11161.78,0.00,13195.97,,
221,2026-04-13 18:07:04.360,MoveToLL,MoveToLL_PickUpML_stick23_initlocstick23_robot1_gripper1_rppickup,movel,initlocstick23,,0.30,0.30,"0.607370;-0.274820;-0.009000;0.000000;-3.141590;0.000000","",True,5553.22,0.00,7595.57,,
222,2026-04-13 18:07:12.132,CloseGripperLL,CloseGripperLL_PickUpML_stick23_initlocstick23_robot1_gripper1_rppickup,close_gripper,,,0.50,1.00,"","",True,15.63,0.00,2051.62,,
223,2026-04-13 18:07:14.345,MoveToLL,MoveToLL_PickUpML_stick23_initlocstick23_robot1_gripper1_rppickup,movel,rppickup,,1.00,0.30,"0.607360;-0.274802;0.339901;0.000000;-3.141590;0.000000","-0.128900;-1.540886;-1.932730;-1.238644;1.554514;1.433690",True,5838.42,0.00,7899.14,,
224,2026-04-13 18:07:25.704,MoveToLL,MoveToLL_TravelML_robot1_rppickup_rpmanipulate_dup25,movej,rpmanipulate,,1.00,0.30,"0.133776;0.348742;0.490041;0.000000;-3.141590;0.000000","1.656148;-0.959557;-2.051016;-1.701770;1.553554;1.650556",True,11228.65,0.00,13278.42,,
225,2026-04-13 18:07:39.801,MoveToLL,MoveToLL_StackOnTwoML_stick23_robot1_finallocstick23_rpmanipulate_cube4_stick18_gripper1_layer4_layer5,planned,finallocstick23,gripper,0.30,0.30,"-0.200064;0.956308;0.060000;-1.523074;-2.747699;0.000000","",True,17021.80,0.00,19069.71,,
226,2026-04-13 18:07:59.078,MoveToLL,MoveToLL_StackOnTwoML_stick23_robot1_finallocstick23_rpmanipulate_cube4_stick18_gripper1_layer4_layer5,movej,rpmanipulate,,1.00,0.30,"0.133776;0.348742;0.490041;0.000000;-3.141590;0.000000","1.656148;-0.959557;-2.051016;-1.701770;1.553554;1.650556",True,9955.74,0.00,12006.90,,
227,2026-04-13 18:08:14.461,MoveToLL,MoveToLL_TravelML_robot1_rpmanipulate_rppickup_dup23,movej,rppickup,,1.00,0.30,"0.607360;-0.274802;0.339901;0.000000;-3.141590;0.000000","-0.128900;-1.540886;-1.932730;-1.238644;1.554514;1.433690",True,11301.98,0.00,13366.01,,
228,2026-04-13 18:08:35.372,MoveToLL,MoveToLL_PickUpML_stick21_initlocstick21_robot1_gripper1_rppickup,movel,initlocstick21,,0.30,0.30,"0.607370;-0.274820;-0.006000;0.000000;-3.141590;0.000000","",True,6236.51,0.00,8285.28,,
229,2026-04-13 18:08:43.903,CloseGripperLL,CloseGripperLL_PickUpML_stick21_initlocstick21_robot1_gripper1_rppickup,close_gripper,,,0.50,1.00,"","",True,1.18,0.00,2036.63,,
230,2026-04-13 18:08:46.154,MoveToLL,MoveToLL_PickUpML_stick21_initlocstick21_robot1_gripper1_rppickup,movel,rppickup,,1.00,0.30,"0.607360;-0.274802;0.339901;0.000000;-3.141590;0.000000","-0.128900;-1.540886;-1.932730;-1.238644;1.554514;1.433690",True,6375.16,0.00,8429.47,,
231,2026-04-13 18:08:57.965,MoveToLL,MoveToLL_TravelML_robot1_rppickup_rpmanipulate_dup26,movej,rpmanipulate,,1.00,0.30,"0.133776;0.348742;0.490041;0.000000;-3.141590;0.000000","1.656148;-0.959557;-2.051016;-1.701770;1.553554;1.650556",True,11300.13,0.00,13358.82,,
232,2026-04-13 18:09:11.763,MoveToLL,MoveToLL_StackOnTwoML_stick21_robot1_finallocstick21_rpmanipulate_stick16_stick17_gripper1_layer4_layer5,planned,finallocstick21,gripper,0.30,0.30,"0.096134;0.692905;0.060000;2.747699;1.523074;0.000000","",True,14950.23,0.00,16986.49,,
233,2026-04-13 18:09:28.967,MoveToLL,MoveToLL_StackOnTwoML_stick21_robot1_finallocstick21_rpmanipulate_stick16_stick17_gripper1_layer4_layer5,movej,rpmanipulate,,1.00,0.30,"0.133776;0.348742;0.490041;0.000000;-3.141590;0.000000","1.656148;-0.959557;-2.051016;-1.701770;1.553554;1.650556",True,8582.10,0.00,10609.40,,
234,2026-04-13 18:09:42.893,MoveToLL,MoveToLL_TravelML_robot1_rpmanipulate_rppickup_dup24,movej,rppickup,,1.00,0.30,"0.607360;-0.274802;0.339901;0.000000;-3.141590;0.000000","-0.128900;-1.540886;-1.932730;-1.238644;1.554514;1.433690",True,10740.17,0.00,12775.82,,
235,2026-04-13 18:10:13.138,MoveToLL,MoveToLL_PickUpML_stick22_initlocstick22_robot1_gripper1_rppickup,movel,initlocstick22,,0.30,0.30,"0.607370;-0.274820;-0.006000;0.000000;-3.141590;0.000000","",True,5342.93,0.00,7367.91,,
236,2026-04-13 18:10:20.678,CloseGripperLL,CloseGripperLL_PickUpML_stick22_initlocstick22_robot1_gripper1_rppickup,close_gripper,,,0.50,1.00,"","",True,13.11,0.00,2070.38,,
237,2026-04-13 18:10:22.976,MoveToLL,MoveToLL_PickUpML_stick22_initlocstick22_robot1_gripper1_rppickup,movel,rppickup,,1.00,0.30,"0.607360;-0.274802;0.339901;0.000000;-3.141590;0.000000","-0.128900;-1.540886;-1.932730;-1.238644;1.554514;1.433690",True,6390.23,0.00,8455.61,,
238,2026-04-13 18:10:34.933,MoveToLL,MoveToLL_TravelML_robot1_rppickup_rpmanipulate_dup27,movej,rpmanipulate,,1.00,0.30,"0.133776;0.348742;0.490041;0.000000;-3.141590;0.000000","1.656148;-0.959557;-2.051016;-1.701770;1.553554;1.650556",True,11207.21,0.00,13238.40,,
239,2026-04-13 18:10:48.606,MoveToLL,MoveToLL_StackOnTwoML_stick22_robot1_finallocstick22_rpmanipulate_stick18_stick17_gripper1_layer4_layer5,planned,finallocstick22,gripper,0.30,0.30,"-0.008635;0.884899;0.060000;3.019893;0.865940;0.000000","",True,16535.24,0.00,18592.30,,
240,2026-04-13 18:11:07.399,MoveToLL,MoveToLL_StackOnTwoML_stick22_robot1_finallocstick22_rpmanipulate_stick18_stick17_gripper1_layer4_layer5,movej,rpmanipulate,,1.00,0.30,"0.133776;0.348742;0.490041;0.000000;-3.141590;0.000000","1.656148;-0.959557;-2.051016;-1.701770;1.553554;1.650556",True,9288.72,0.00,11327.99,,
241,2026-04-13 18:11:22.268,MoveToLL,MoveToLL_TravelML_robot1_rpmanipulate_rptoolchange_dup7,movej,rptoolchange,,1.00,0.30,"-0.276143;0.385864;0.086921;-3.141491;-0.002589;-0.000081","2.086106;-1.186673;-2.396030;-1.129490;1.555172;0.503193",True,9049.19,0.00,11096.63,,
242,2026-04-13 18:11:33.765,DeequipToolLL,DeequipToolLL_DeequipML_robot1_gripper1_equiplocgripper_rptoolchange_dup4,play_program,,gripper,0.50,1.00,"","",True,20751.11,0.00,22810.43,,
243,2026-04-13 18:11:57.028,EquipToolLL,EquipToolLL_EquipeML_robot1_staplergun1_rptoolchange_equiplocstapler_dup4,play_program,,nailgun,0.50,1.00,"","",True,9792.11,0.00,11842.41,,
244,2026-04-13 18:12:12.758,MoveToLL,MoveToLL_TravelML_robot1_rptoolchange_rpmanipulate_dup4,movej,rpmanipulate,,1.00,0.30,"0.133776;0.348742;0.490041;0.000000;-3.141590;0.000000","1.656148;-0.959557;-2.051016;-1.701770;1.553554;1.650556",True,8891.35,0.00,10974.77,,
245,2026-04-13 18:12:46.585,NailingLL,NailingLL_NailingML_stick19_stick15_robot1_staplergun1_rpmanipulate,planned,unknown,nailgun,0.30,0.30,"0.322000;0.934000;0.080000;0.000000;0.000000;0.000000","",True,18820.89,0.00,20867.39,,
246,2026-04-13 18:13:10.806,NailingLL,NailingLL_NailingML_stick23_stick18_robot1_staplergun1_rpmanipulate,planned,unknown,nailgun,0.30,0.30,"-0.172000;0.974000;0.080000;0.000000;0.000000;0.000000","",True,9700.96,0.00,11766.12,,
247,2026-04-13 18:13:25.929,NailingLL,NailingLL_NailingML_stick19_cube3_robot1_staplergun1_rpmanipulate,planned,unknown,nailgun,0.30,0.30,"0.220000;0.995000;0.080000;0.000000;0.000000;0.000000","",True,19233.51,0.00,21274.41,,
248,2026-04-13 18:13:50.546,NailingLL,NailingLL_NailingML_stick20_stick15_robot1_staplergun1_rpmanipulate,planned,unknown,nailgun,0.30,0.30,"0.357000;0.804000;0.080000;0.000000;0.000000;0.000000","",True,7329.29,0.00,9374.31,,
249,2026-04-13 18:14:03.435,NailingLL,NailingLL_NailingML_stick22_stick18_robot1_staplergun1_rpmanipulate,planned,unknown,nailgun,0.30,0.30,"-0.042000;0.939000;0.080000;0.000000;0.000000;0.000000","",True,11162.96,0.00,13222.74,,
250,2026-04-13 18:14:20.163,NailingLL,NailingLL_NailingML_stick23_cube4_robot1_staplergun1_rpmanipulate,planned,unknown,nailgun,0.30,0.30,"-0.236000;0.934000;0.080000;0.000000;0.000000;0.000000","",True,8737.06,0.00,10794.25,,
251,2026-04-13 18:14:34.442,NailingLL,NailingLL_NailingML_stick20_stick16_robot1_staplergun1_rpmanipulate,planned,unknown,nailgun,0.30,0.30,"0.286000;0.690000;0.080000;0.000000;0.000000;0.000000","",True,14395.48,0.00,16441.62,,
252,2026-04-13 18:14:54.358,NailingLL,NailingLL_NailingML_stick21_stick16_robot1_staplergun1_rpmanipulate,planned,unknown,nailgun,0.30,0.30,"0.156000;0.656000;0.080000;0.000000;0.000000;0.000000","",True,10374.97,0.00,12440.10,,
253,2026-04-13 18:15:10.036,NailingLL,NailingLL_NailingML_stick21_stick17_robot1_staplergun1_rpmanipulate,planned,unknown,nailgun,0.30,0.30,"0.008000;0.748000;0.080000;0.000000;0.000000;0.000000","",True,12226.80,0.00,14311.29,,
254,2026-04-13 18:15:27.808,NailingLL,NailingLL_NailingML_stick22_stick17_robot1_staplergun1_rpmanipulate,planned,unknown,nailgun,0.30,0.30,"0.029000;0.825000;0.080000;0.000000;0.000000;0.000000","",True,5567.72,0.00,7625.57,,
255,2026-04-13 18:15:39.309,MoveToLL,MoveToLL_TravelML_robot1_rpmanipulate_rptoolchange_dup8,movej,rptoolchange,,1.00,0.30,"-0.276143;0.385864;0.086921;-3.141491;-0.002589;-0.000081","2.086106;-1.186673;-2.396030;-1.129490;1.555172;0.503193",True,10219.33,0.00,12263.18,,
256,2026-04-13 18:15:52.440,DeequipToolLL,DeequipToolLL_DeequipML_robot1_staplergun1_equiplocstapler_rptoolchange_dup4,play_program,,nailgun,0.50,1.00,"","",True,7293.16,0.00,9333.46,,
257,2026-04-13 18:16:02.145,EquipToolLL,EquipToolLL_EquipeML_robot1_gripper1_rptoolchange_equiplocgripper_dup4,play_program,,gripper,0.50,1.00,"","",True,20587.24,0.00,22630.54,,
258,2026-04-13 18:16:28.163,MoveToLL,MoveToLL_TravelML_robot1_rptoolchange_rppickup_dup4,movej,rppickup,,1.00,0.30,"0.607360;-0.274802;0.339901;0.000000;-3.141590;0.000000","-0.128900;-1.540886;-1.932730;-1.238644;1.554514;1.433690",True,11443.16,0.00,13504.99,,
259,2026-04-13 18:16:55.508,MoveToLL,MoveToLL_PickUpML_stick24_initlocstick24_robot1_gripper1_rppickup,movel,initlocstick24,,0.30,0.30,"0.607370;-0.274820;-0.006000;0.000000;-3.141590;0.000000","",True,6366.32,0.00,8399.58,,
260,2026-04-13 18:17:04.105,CloseGripperLL,CloseGripperLL_PickUpML_stick24_initlocstick24_robot1_gripper1_rppickup,close_gripper,,,0.50,1.00,"","",True,0.95,0.00,2061.77,,
261,2026-04-13 18:17:06.365,MoveToLL,MoveToLL_PickUpML_stick24_initlocstick24_robot1_gripper1_rppickup,movel,rppickup,,1.00,0.30,"0.607360;-0.274802;0.339901;0.000000;-3.141590;0.000000","-0.128900;-1.540886;-1.932730;-1.238644;1.554514;1.433690",True,6423.05,0.00,8471.85,,
262,2026-04-13 18:17:18.378,MoveToLL,MoveToLL_TravelML_robot1_rppickup_rpmanipulate_dup28,movej,rpmanipulate,,1.00,0.30,"0.133776;0.348742;0.490041;0.000000;-3.141590;0.000000","1.656148;-0.959557;-2.051016;-1.701770;1.553554;1.650556",True,11153.88,0.00,13197.19,,
263,2026-04-13 18:17:31.897,MoveToLL,MoveToLL_StackOnTwoML_stick24_robot1_finallocstick24_rpmanipulate_stick20_stick19_gripper1_layer5_layer6,planned,finallocstick24,gripper,0.30,0.30,"0.341005;0.861199;0.077500;0.301108;-3.127129;0.000000","",True,20648.27,0.00,22708.45,,
264,2026-04-13 18:17:54.797,MoveToLL,MoveToLL_StackOnTwoML_stick24_robot1_finallocstick24_rpmanipulate_stick20_stick19_gripper1_layer5_layer6,movej,rpmanipulate,,1.00,0.30,"0.133776;0.348742;0.490041;0.000000;-3.141590;0.000000","1.656148;-0.959557;-2.051016;-1.701770;1.553554;1.650556",True,12101.43,0.00,14145.00,,
265,2026-04-13 18:18:12.537,MoveToLL,MoveToLL_TravelML_robot1_rpmanipulate_rppickup_dup25,movej,rppickup,,1.00,0.30,"0.607360;-0.274802;0.339901;0.000000;-3.141590;0.000000","-0.128900;-1.540886;-1.932730;-1.238644;1.554514;1.433690",True,11102.48,0.00,13145.15,,
266,2026-04-13 18:18:30.387,MoveToLL,MoveToLL_PickUpML_cube6_initloccube6_robot1_gripper1_rppickup,movel,initloccube6,,0.30,0.30,"0.607370;-0.274820;-0.009000;0.000000;-3.141590;0.000000","",True,5274.36,0.00,7322.17,,
267,2026-04-13 18:18:37.989,CloseGripperLL,CloseGripperLL_PickUpML_cube6_initloccube6_robot1_gripper1_rppickup,close_gripper,,,0.50,1.00,"","",True,1.29,0.00,2055.31,,
268,2026-04-13 18:18:40.260,MoveToLL,MoveToLL_PickUpML_cube6_initloccube6_robot1_gripper1_rppickup,movel,rppickup,,1.00,0.30,"0.607360;-0.274802;0.339901;0.000000;-3.141590;0.000000","-0.128900;-1.540886;-1.932730;-1.238644;1.554514;1.433690",True,6331.33,0.00,8374.55,,
269,2026-04-13 18:18:52.319,MoveToLL,MoveToLL_TravelML_robot1_rppickup_rpmanipulate_dup29,movej,rpmanipulate,,1.00,0.30,"0.133776;0.348742;0.490041;0.000000;-3.141590;0.000000","1.656148;-0.959557;-2.051016;-1.701770;1.553554;1.650556",True,11043.36,0.00,13104.23,,
270,2026-04-13 18:19:05.880,MoveToLL,MoveToLL_StackML_cube6_stick23_robot1_gripper1_finloccube6_rpmanipulate,planned,finloccube6,gripper,0.30,0.30,"-0.245858;0.927693;0.077500;-1.523074;-2.747699;0.000000","",True,16520.66,0.00,18570.15,,
271,2026-04-13 18:19:24.652,MoveToLL,MoveToLL_StackML_cube6_stick23_robot1_gripper1_finloccube6_rpmanipulate,movej,rpmanipulate,,1.00,0.30,"0.133776;0.348742;0.490041;0.000000;-3.141590;0.000000","1.656148;-0.959557;-2.051016;-1.701770;1.553554;1.650556",True,9998.51,0.00,12028.50,,
272,2026-04-13 18:19:40.379,MoveToLL,MoveToLL_TravelML_robot1_rpmanipulate_rppickup_dup26,movej,rppickup,,1.00,0.30,"0.607360;-0.274802;0.339901;0.000000;-3.141590;0.000000","-0.128900;-1.540886;-1.932730;-1.238644;1.554514;1.433690",True,11049.58,0.00,13104.70,,
273,2026-04-13 18:20:01.958,MoveToLL,MoveToLL_PickUpML_stick26_initlocstick26_robot1_gripper1_rppickup,movel,initlocstick26,,0.30,0.30,"0.607370;-0.274820;-0.006000;0.000000;-3.141590;0.000000","",True,6146.82,0.00,8200.90,,
274,2026-04-13 18:20:10.339,CloseGripperLL,CloseGripperLL_PickUpML_stick26_initlocstick26_robot1_gripper1_rppickup,close_gripper,,,0.50,1.00,"","",True,0.90,0.00,2057.61,,
275,2026-04-13 18:20:12.580,MoveToLL,MoveToLL_PickUpML_stick26_initlocstick26_robot1_gripper1_rppickup,movel,rppickup,,1.00,0.30,"0.607360;-0.274802;0.339901;0.000000;-3.141590;0.000000","-0.128900;-1.540886;-1.932730;-1.238644;1.554514;1.433690",True,5821.84,0.00,7862.57,,
276,2026-04-13 18:20:24.171,MoveToLL,MoveToLL_TravelML_robot1_rppickup_rpmanipulate_dup30,movej,rpmanipulate,,1.00,0.30,"0.133776;0.348742;0.490041;0.000000;-3.141590;0.000000","1.656148;-0.959557;-2.051016;-1.701770;1.553554;1.650556",True,11065.05,0.00,13113.21,,
277,2026-04-13 18:20:37.692,MoveToLL,MoveToLL_StackOnTwoML_stick26_robot1_finallocstick26_rpmanipulate_stick21_stick22_gripper1_layer5_layer6,planned,finallocstick26,gripper,0.30,0.30,"0.013005;0.768142;0.077500;3.127129;-0.301108;0.000000","",True,17352.82,0.00,19420.47,,
278,2026-04-13 18:20:57.288,MoveToLL,MoveToLL_StackOnTwoML_stick26_robot1_finallocstick26_rpmanipulate_stick21_stick22_gripper1_layer5_layer6,movej,rpmanipulate,,1.00,0.30,"0.133776;0.348742;0.490041;0.000000;-3.141590;0.000000","1.656148;-0.959557;-2.051016;-1.701770;1.553554;1.650556",True,11391.60,0.00,13475.69,,
279,2026-04-13 18:21:14.726,MoveToLL,MoveToLL_TravelML_robot1_rpmanipulate_rppickup_dup27,movej,rppickup,,1.00,0.30,"0.607360;-0.274802;0.339901;0.000000;-3.141590;0.000000","-0.128900;-1.540886;-1.932730;-1.238644;1.554514;1.433690",True,10808.95,0.00,12862.68,,
280,2026-04-13 18:21:38.399,MoveToLL,MoveToLL_PickUpML_stick25_initlocstick25_robot1_gripper1_rppickup,movel,initlocstick25,,0.30,0.30,"0.607370;-0.274820;-0.006000;0.000000;-3.141590;0.000000","",True,6184.55,0.00,8227.42,,
281,2026-04-13 18:21:46.800,CloseGripperLL,CloseGripperLL_PickUpML_stick25_initlocstick25_robot1_gripper1_rppickup,close_gripper,,,0.50,1.00,"","",True,1.07,0.00,2050.47,,
282,2026-04-13 18:21:49.007,MoveToLL,MoveToLL_PickUpML_stick25_initlocstick25_robot1_gripper1_rppickup,movel,rppickup,,1.00,0.30,"0.607360;-0.274802;0.339901;0.000000;-3.141590;0.000000","-0.128900;-1.540886;-1.932730;-1.238644;1.554514;1.433690",True,5121.09,0.00,7180.48,,
283,2026-04-13 18:21:59.858,MoveToLL,MoveToLL_TravelML_robot1_rppickup_rpmanipulate_dup31,movej,rpmanipulate,,1.00,0.30,"0.133776;0.348742;0.490041;0.000000;-3.141590;0.000000","1.656148;-0.959557;-2.051016;-1.701770;1.553554;1.650556",True,11052.97,0.00,13130.31,,
284,2026-04-13 18:22:13.443,MoveToLL,MoveToLL_StackOnTwoML_stick25_robot1_finallocstick25_rpmanipulate_stick21_stick20_gripper1_layer5_layer6,planned,finallocstick25,gripper,0.30,0.30,"0.212892;0.671265;0.077500;-1.998299;-2.424130;0.000000","",True,14907.20,0.00,16950.88,,
285,2026-04-13 18:22:30.591,MoveToLL,MoveToLL_StackOnTwoML_stick25_robot1_finallocstick25_rpmanipulate_stick21_stick20_gripper1_layer5_layer6,movej,rpmanipulate,,1.00,0.30,"0.133776;0.348742;0.490041;0.000000;-3.141590;0.000000","1.656148;-0.959557;-2.051016;-1.701770;1.553554;1.650556",True,8579.40,0.00,10645.51,,
286,2026-04-13 18:22:44.676,MoveToLL,MoveToLL_TravelML_robot1_rpmanipulate_rppickup_dup28,movej,rppickup,,1.00,0.30,"0.607360;-0.274802;0.339901;0.000000;-3.141590;0.000000","-0.128900;-1.540886;-1.932730;-1.238644;1.554514;1.433690",True,11220.86,0.00,13281.40,,
287,2026-04-13 18:23:00.049,MoveToLL,MoveToLL_PickUpML_cube5_initloccube5_robot1_gripper1_rppickup,movel,initloccube5,,0.30,0.30,"0.607370;-0.274820;-0.009000;0.000000;-3.141590;0.000000","",True,6147.37,0.00,8167.20,,
288,2026-04-13 18:23:08.402,CloseGripperLL,CloseGripperLL_PickUpML_cube5_initloccube5_robot1_gripper1_rppickup,close_gripper,,,0.50,1.00,"","",True,1.40,0.00,2054.01,,
289,2026-04-13 18:23:10.610,MoveToLL,MoveToLL_PickUpML_cube5_initloccube5_robot1_gripper1_rppickup,movel,rppickup,,1.00,0.30,"0.607360;-0.274802;0.339901;0.000000;-3.141590;0.000000","-0.128900;-1.540886;-1.932730;-1.238644;1.554514;1.433690",True,5125.42,0.00,7151.02,,
290,2026-04-13 18:23:21.294,MoveToLL,MoveToLL_TravelML_robot1_rppickup_rpmanipulate_dup32,movej,rpmanipulate,,1.00,0.30,"0.133776;0.348742;0.490041;0.000000;-3.141590;0.000000","1.656148;-0.959557;-2.051016;-1.701770;1.553554;1.650556",True,11144.15,0.00,13207.15,,
291,2026-04-13 18:24:27.450,MoveToLL,MoveToLL_StackML_cube5_stick19_robot1_gripper1_finloccube5_rpmanipulate,planned,finloccube5,gripper,0.30,0.30,"0.230496;0.991004;0.077500;2.747699;1.523074;0.000000","",False,0.00,0.00,26374.00,,HTTP InternalServerError: INTERNAL SERVER ERROR - {   "error": "MoveIt motion planning or execution failed";   "success": false } 
292,2026-04-13 18:24:53.963,MoveToLL,MoveToLL_StackML_cube5_stick19_robot1_gripper1_finloccube5_rpmanipulate,planned,finloccube5,gripper,0.30,0.30,"0.230496;0.991004;0.077500;2.747699;1.523074;0.000000","",False,0.00,0.00,26297.94,,HTTP InternalServerError: INTERNAL SERVER ERROR - {   "error": "MoveIt motion planning or execution failed";   "success": false } 
293,2026-04-13 18:25:20.392,MoveToLL,MoveToLL_StackML_cube5_stick19_robot1_gripper1_finloccube5_rpmanipulate,planned,finloccube5,gripper,0.30,0.30,"0.230496;0.991004;0.077500;2.747699;1.523074;0.000000","",True,17411.56,0.00,19468.22,,
294,2026-04-13 18:25:40.016,MoveToLL,MoveToLL_StackML_cube5_stick19_robot1_gripper1_finloccube5_rpmanipulate,movej,rpmanipulate,,1.00,0.30,"0.133776;0.348742;0.490041;0.000000;-3.141590;0.000000","1.656148;-0.959557;-2.051016;-1.701770;1.553554;1.650556",True,10054.56,0.00,12072.97,,
295,2026-04-13 18:25:55.226,MoveToLL,MoveToLL_TravelML_robot1_rpmanipulate_rppickup_dup29,movej,rppickup,,1.00,0.30,"0.607360;-0.274802;0.339901;0.000000;-3.141590;0.000000","-0.128900;-1.540886;-1.932730;-1.238644;1.554514;1.433690",True,10871.26,0.00,12900.86,,
296,2026-04-13 18:26:09.723,MoveToLL,MoveToLL_PickUpML_stick27_initlocstick27_robot1_gripper1_rppickup,movel,initlocstick27,,0.30,0.30,"0.607370;-0.274820;-0.006000;0.000000;-3.141590;0.000000","",True,5180.99,0.00,7221.11,,
297,2026-04-13 18:26:17.108,CloseGripperLL,CloseGripperLL_PickUpML_stick27_initlocstick27_robot1_gripper1_rppickup,close_gripper,,,0.50,1.00,"","",True,13.46,0.00,2044.95,,
298,2026-04-13 18:26:19.297,MoveToLL,MoveToLL_PickUpML_stick27_initlocstick27_robot1_gripper1_rppickup,movel,rppickup,,1.00,0.30,"0.607360;-0.274802;0.339901;0.000000;-3.141590;0.000000","-0.128900;-1.540886;-1.932730;-1.238644;1.554514;1.433690",True,5945.85,0.00,7980.59,,
299,2026-04-13 18:26:30.538,MoveToLL,MoveToLL_TravelML_robot1_rppickup_rpmanipulate_dup33,movej,rpmanipulate,,1.00,0.30,"0.133776;0.348742;0.490041;0.000000;-3.141590;0.000000","1.656148;-0.959557;-2.051016;-1.701770;1.553554;1.650556",True,10750.47,0.00,12789.42,,
300,2026-04-13 18:26:43.626,MoveToLL,MoveToLL_StackOnTwoML_stick27_robot1_finallocstick27_rpmanipulate_stick23_stick22_gripper1_layer5_layer6,planned,finallocstick27,gripper,0.30,0.30,"-0.115108;0.958076;0.077500;2.424130;1.998299;0.000000","",True,16667.53,0.00,18726.79,,
301,2026-04-13 18:27:02.508,MoveToLL,MoveToLL_StackOnTwoML_stick27_robot1_finallocstick27_rpmanipulate_stick23_stick22_gripper1_layer5_layer6,movej,rpmanipulate,,1.00,0.30,"0.133776;0.348742;0.490041;0.000000;-3.141590;0.000000","1.656148;-0.959557;-2.051016;-1.701770;1.553554;1.650556",True,10020.18,0.00,12076.94,,
302,2026-04-13 18:27:17.870,MoveToLL,MoveToLL_TravelML_robot1_rpmanipulate_rptoolchange_dup9,movej,rptoolchange,,1.00,0.30,"-0.276143;0.385864;0.086921;-3.141491;-0.002589;-0.000081","2.086106;-1.186673;-2.396030;-1.129490;1.555172;0.503193",True,8653.40,0.00,10699.54,,
303,2026-04-13 18:27:28.851,DeequipToolLL,DeequipToolLL_DeequipML_robot1_gripper1_equiplocgripper_rptoolchange_dup5,play_program,,gripper,0.50,1.00,"","",True,20624.33,0.00,22687.57,,
304,2026-04-13 18:27:51.822,EquipToolLL,EquipToolLL_EquipeML_robot1_staplergun1_rptoolchange_equiplocstapler_dup5,play_program,,nailgun,0.50,1.00,"","",True,9932.31,0.00,11992.27,,
305,2026-04-13 18:28:07.216,MoveToLL,MoveToLL_TravelML_robot1_rptoolchange_rpmanipulate_dup5,movej,rpmanipulate,,1.00,0.30,"0.133776;0.348742;0.490041;0.000000;-3.141590;0.000000","1.656148;-0.959557;-2.051016;-1.701770;1.553554;1.650556",True,8893.48,0.00,10955.52,,
306,2026-04-13 18:28:18.760,NailingLL,NailingLL_NailingML_cube5_stick19_robot1_staplergun1_rpmanipulate,planned,unknown,nailgun,0.30,0.30,"0.230000;0.991000;0.097000;0.000000;0.000000;0.000000","",True,27603.36,0.00,29649.86,,
307,2026-04-13 18:28:51.669,NailingLL,NailingLL_NailingML_cube6_stick23_robot1_staplergun1_rpmanipulate,planned,unknown,nailgun,0.30,0.30,"-0.243000;0.929000;0.097000;0.000000;0.000000;0.000000","",True,9099.30,0.00,11128.13,,
308,2026-04-13 18:29:06.134,NailingLL,NailingLL_NailingML_stick24_stick19_robot1_staplergun1_rpmanipulate,planned,unknown,nailgun,0.30,0.30,"0.328000;0.930000;0.098000;0.000000;0.000000;0.000000","",True,15329.75,0.00,17370.54,,
309,2026-04-13 18:29:26.823,NailingLL,NailingLL_NailingML_stick24_stick20_robot1_staplergun1_rpmanipulate,planned,unknown,nailgun,0.30,0.30,"0.353000;0.799000;0.097000;0.000000;0.000000;0.000000","",True,11344.62,0.00,13402.18,,
310,2026-04-13 18:29:43.454,NailingLL,NailingLL_NailingML_stick25_stick20_robot1_staplergun1_rpmanipulate,planned,unknown,nailgun,0.30,0.30,"0.282000;0.685000;0.097000;0.000000;0.000000;0.000000","",True,10643.60,0.00,12693.20,,
311,2026-04-13 18:29:59.428,NailingLL,NailingLL_NailingML_stick25_stick21_robot1_staplergun1_rpmanipulate,planned,unknown,nailgun,0.30,0.30,"0.150000;0.659000;0.097000;0.000000;0.000000;0.000000","",True,5899.05,0.00,7926.54,,
312,2026-04-13 18:30:10.595,NailingLL,NailingLL_NailingML_stick26_stick21_robot1_staplergun1_rpmanipulate,planned,unknown,nailgun,0.30,0.30,"0.009000;0.747000;0.097000;0.000000;0.000000;0.000000","",True,13026.70,0.00,15076.13,,
313,2026-04-13 18:30:28.929,NailingLL,NailingLL_NailingML_stick26_stick22_robot1_staplergun1_rpmanipulate,planned,unknown,nailgun,0.30,0.30,"0.025000;0.831000;0.097000;0.000000;0.000000;0.000000","",True,8184.01,0.00,10248.48,,
314,2026-04-13 18:30:42.370,NailingLL,NailingLL_NailingML_stick27_stick22_robot1_staplergun1_rpmanipulate,planned,unknown,nailgun,0.30,0.30,"-0.046000;0.945000;0.097000;0.000000;0.000000;0.000000","",True,9875.23,0.00,11924.72,,
315,2026-04-13 18:30:57.586,NailingLL,NailingLL_NailingML_stick27_stick23_robot1_staplergun1_rpmanipulate,planned,unknown,nailgun,0.30,0.30,"-0.178000;0.970000;0.097000;0.000000;0.000000;0.000000","",True,12185.96,0.00,14230.62,,
316,2026-04-13 18:31:18.778,MoveToLL,MoveToLL_TravelML_robot1_rpmanipulate_rptoolchange_dup10,movej,rptoolchange,,1.00,0.30,"-0.276143;0.385864;0.086921;-3.141491;-0.002589;-0.000081","2.086106;-1.186673;-2.396030;-1.129490;1.555172;0.503193",True,11042.17,0.00,13084.38,,
317,2026-04-13 18:31:32.451,DeequipToolLL,DeequipToolLL_DeequipML_robot1_staplergun1_equiplocstapler_rptoolchange_dup5,play_program,,nailgun,0.50,1.00,"","",True,7259.65,0.00,9322.11,,
318,2026-04-13 18:31:42.052,EquipToolLL,EquipToolLL_EquipeML_robot1_gripper1_rptoolchange_equiplocgripper_dup5,play_program,,gripper,0.50,1.00,"","",True,20693.74,0.00,22744.80,,
319,2026-04-13 18:32:07.927,MoveToLL,MoveToLL_TravelML_robot1_rptoolchange_rppickup_dup5,movej,rppickup,,1.00,0.30,"0.607360;-0.274802;0.339901;0.000000;-3.141590;0.000000","-0.128900;-1.540886;-1.932730;-1.238644;1.554514;1.433690",True,11766.36,0.00,13804.90,,
320,2026-04-13 18:32:32.969,MoveToLL,MoveToLL_PickUpML_stick29_initlocstick29_robot1_gripper1_rppickup,movel,initlocstick29,,0.30,0.30,"0.607370;-0.274820;-0.006000;0.000000;-3.141590;0.000000","",True,5154.35,0.00,7196.58,,
321,2026-04-13 18:32:40.325,CloseGripperLL,CloseGripperLL_PickUpML_stick29_initlocstick29_robot1_gripper1_rppickup,close_gripper,,,0.50,1.00,"","",True,0.97,0.00,2052.14,,
322,2026-04-13 18:32:42.520,MoveToLL,MoveToLL_PickUpML_stick29_initlocstick29_robot1_gripper1_rppickup,movel,rppickup,,1.00,0.30,"0.607360;-0.274802;0.339901;0.000000;-3.141590;0.000000","-0.128900;-1.540886;-1.932730;-1.238644;1.554514;1.433690",True,5849.32,0.00,7869.30,,
323,2026-04-13 18:32:53.774,MoveToLL,MoveToLL_TravelML_robot1_rppickup_rpmanipulate_dup34,movej,rpmanipulate,,1.00,0.30,"0.133776;0.348742;0.490041;0.000000;-3.141590;0.000000","1.656148;-0.959557;-2.051016;-1.701770;1.553554;1.650556",True,11316.94,0.00,13357.90,,
324,2026-04-13 18:33:07.438,MoveToLL,MoveToLL_StackOnTwoML_stick29_robot1_finallocstick29_rpmanipulate_stick24_stick25_gripper1_layer6_layer7,planned,finallocstick29,gripper,0.30,0.30,"0.313042;0.735067;0.095000;-0.970806;-2.987832;0.000000","",True,18282.01,0.00,20347.22,,
325,2026-04-13 18:33:28.108,MoveToLL,MoveToLL_StackOnTwoML_stick29_robot1_finallocstick29_rpmanipulate_stick24_stick25_gripper1_layer6_layer7,movej,rpmanipulate,,1.00,0.30,"0.133776;0.348742;0.490041;0.000000;-3.141590;0.000000","1.656148;-0.959557;-2.051016;-1.701770;1.553554;1.650556",True,9748.03,0.00,11788.27,,
326,2026-04-13 18:33:43.276,MoveToLL,MoveToLL_TravelML_robot1_rpmanipulate_rppickup_dup30,movej,rppickup,,1.00,0.30,"0.607360;-0.274802;0.339901;0.000000;-3.141590;0.000000","-0.128900;-1.540886;-1.932730;-1.238644;1.554514;1.433690",True,11331.82,0.00,13363.04,,
327,2026-04-13 18:34:15.310,MoveToLL,MoveToLL_PickUpML_stick28_initlocstick28_robot1_gripper1_rppickup,movel,initlocstick28,,0.30,0.30,"0.607370;-0.274820;-0.009000;0.000000;-3.141590;0.000000","",True,6324.31,0.00,8369.93,,
328,2026-04-13 18:34:23.864,CloseGripperLL,CloseGripperLL_PickUpML_stick28_initlocstick28_robot1_gripper1_rppickup,close_gripper,,,0.50,1.00,"","",True,12.60,0.00,2047.47,,
329,2026-04-13 18:34:26.044,MoveToLL,MoveToLL_PickUpML_stick28_initlocstick28_robot1_gripper1_rppickup,movel,rppickup,,1.00,0.30,"0.607360;-0.274802;0.339901;0.000000;-3.141590;0.000000","-0.128900;-1.540886;-1.932730;-1.238644;1.554514;1.433690",True,5120.65,0.00,7175.24,,
330,2026-04-13 18:34:36.547,MoveToLL,MoveToLL_TravelML_robot1_rppickup_rpmanipulate_dup35,movej,rpmanipulate,,1.00,0.30,"0.133776;0.348742;0.490041;0.000000;-3.141590;0.000000","1.656148;-0.959557;-2.051016;-1.701770;1.553554;1.650556",True,10745.74,0.00,12810.43,,
331,2026-04-13 18:34:49.653,MoveToLL,MoveToLL_StackOnTwoML_stick28_robot1_finallocstick28_rpmanipulate_stick24_cube5_gripper1_layer6_layer7,planned,finallocstick28,gripper,0.30,0.30,"0.294394;0.948859;0.095000;1.426253;-2.799180;0.000000","",True,20693.72,0.00,22732.05,,
332,2026-04-13 18:35:12.519,MoveToLL,MoveToLL_StackOnTwoML_stick28_robot1_finallocstick28_rpmanipulate_stick24_cube5_gripper1_layer6_layer7,movej,rpmanipulate,,1.00,0.30,"0.133776;0.348742;0.490041;0.000000;-3.141590;0.000000","1.656148;-0.959557;-2.051016;-1.701770;1.553554;1.650556",True,13560.42,0.00,15605.65,,
333,2026-04-13 18:35:31.505,MoveToLL,MoveToLL_TravelML_robot1_rpmanipulate_rppickup_dup31,movej,rppickup,,1.00,0.30,"0.607360;-0.274802;0.339901;0.000000;-3.141590;0.000000","-0.128900;-1.540886;-1.932730;-1.238644;1.554514;1.433690",True,11331.04,0.00,13367.62,,
334,2026-04-13 18:35:54.907,MoveToLL,MoveToLL_PickUpML_stick30_initlocstick30_robot1_gripper1_rppickup,movel,initlocstick30,,0.30,0.30,"0.607370;-0.274820;-0.006000;0.000000;-3.141590;0.000000","",True,6162.01,0.00,8218.70,,
335,2026-04-13 18:36:03.274,CloseGripperLL,CloseGripperLL_PickUpML_stick30_initlocstick30_robot1_gripper1_rppickup,close_gripper,,,0.50,1.00,"","",True,1.13,0.00,2037.40,,
336,2026-04-13 18:36:05.456,MoveToLL,MoveToLL_PickUpML_stick30_initlocstick30_robot1_gripper1_rppickup,movel,rppickup,,1.00,0.30,"0.607360;-0.274802;0.339901;0.000000;-3.141590;0.000000","-0.128900;-1.540886;-1.932730;-1.238644;1.554514;1.433690",True,5937.12,0.00,7977.03,,
337,2026-04-13 18:36:16.824,MoveToLL,MoveToLL_TravelML_robot1_rppickup_rpmanipulate_dup36,movej,rpmanipulate,,1.00,0.30,"0.133776;0.348742;0.490041;0.000000;-3.141590;0.000000","1.656148;-0.959557;-2.051016;-1.701770;1.553554;1.650556",True,11311.17,0.00,13351.08,,
338,2026-04-13 18:36:30.470,MoveToLL,MoveToLL_StackOnTwoML_stick30_robot1_finallocstick30_rpmanipulate_stick25_stick26_gripper1_layer6_layer7,planned,finallocstick30,gripper,0.30,0.30,"0.086760;0.699228;0.095000;2.799180;1.426253;0.000000","",True,15083.93,0.00,17147.61,,
339,2026-04-13 18:36:47.761,MoveToLL,MoveToLL_StackOnTwoML_stick30_robot1_finallocstick30_rpmanipulate_stick25_stick26_gripper1_layer6_layer7,movej,rpmanipulate,,1.00,0.30,"0.133776;0.348742;0.490041;0.000000;-3.141590;0.000000","1.656148;-0.959557;-2.051016;-1.701770;1.553554;1.650556",True,7926.18,0.00,9981.94,,
340,2026-04-13 18:37:00.924,MoveToLL,MoveToLL_TravelML_robot1_rpmanipulate_rppickup_dup32,movej,rppickup,,1.00,0.30,"0.607360;-0.274802;0.339901;0.000000;-3.141590;0.000000","-0.128900;-1.540886;-1.932730;-1.238644;1.554514;1.433690",True,10789.48,0.00,12837.98,,
341,2026-04-13 18:37:17.711,MoveToLL,MoveToLL_PickUpML_stick31_initlocstick31_robot1_gripper1_rppickup,movel,initlocstick31,,0.30,0.30,"0.607370;-0.274820;-0.006000;0.000000;-3.141590;0.000000","",True,5237.78,0.00,7275.12,,
342,2026-04-13 18:37:25.123,CloseGripperLL,CloseGripperLL_PickUpML_stick31_initlocstick31_robot1_gripper1_rppickup,close_gripper,,,0.50,1.00,"","",True,0.92,0.00,2044.57,,
343,2026-04-13 18:37:27.306,MoveToLL,MoveToLL_PickUpML_stick31_initlocstick31_robot1_gripper1_rppickup,movel,rppickup,,1.00,0.30,"0.607360;-0.274802;0.339901;0.000000;-3.141590;0.000000","-0.128900;-1.540886;-1.932730;-1.238644;1.554514;1.433690",True,5941.58,0.00,7986.28,,
344,2026-04-13 18:37:38.496,MoveToLL,MoveToLL_TravelML_robot1_rppickup_rpmanipulate_dup37,movej,rpmanipulate,,1.00,0.30,"0.133776;0.348742;0.490041;0.000000;-3.141590;0.000000","1.656148;-0.959557;-2.051016;-1.701770;1.553554;1.650556",True,10801.04,0.00,12831.65,,
345,2026-04-13 18:37:51.651,MoveToLL,MoveToLL_StackOnTwoML_stick31_robot1_finallocstick31_rpmanipulate_stick27_stick26_gripper1_layer6_layer7,planned,finallocstick31,gripper,0.30,0.30,"-0.014958;0.894274;0.095000;2.987832;0.970806;0.000000","",True,15838.17,0.00,17900.90,,
346,2026-04-13 18:38:09.690,MoveToLL,MoveToLL_StackOnTwoML_stick31_robot1_finallocstick31_rpmanipulate_stick27_stick26_gripper1_layer6_layer7,movej,rpmanipulate,,1.00,0.30,"0.133776;0.348742;0.490041;0.000000;-3.141590;0.000000","1.656148;-0.959557;-2.051016;-1.701770;1.553554;1.650556",True,9340.25,0.00,11393.12,,
347,2026-04-13 18:38:24.264,MoveToLL,MoveToLL_TravelML_robot1_rpmanipulate_rppickup_dup33,movej,rppickup,,1.00,0.30,"0.607360;-0.274802;0.339901;0.000000;-3.141590;0.000000","-0.128900;-1.540886;-1.932730;-1.238644;1.554514;1.433690",True,10817.85,0.00,12857.83,,
348,2026-04-13 18:38:46.444,MoveToLL,MoveToLL_PickUpML_stick32_initlocstick32_robot1_gripper1_rppickup,movel,initlocstick32,,0.30,0.30,"0.607370;-0.274820;-0.009000;0.000000;-3.141590;0.000000","",True,5446.47,0.00,7507.44,,
349,2026-04-13 18:38:54.087,CloseGripperLL,CloseGripperLL_PickUpML_stick32_initlocstick32_robot1_gripper1_rppickup,close_gripper,,,0.50,1.00,"","",True,12.39,0.00,2063.90,,
350,2026-04-13 18:38:56.298,MoveToLL,MoveToLL_PickUpML_stick32_initlocstick32_robot1_gripper1_rppickup,movel,rppickup,,1.00,0.30,"0.607360;-0.274802;0.339901;0.000000;-3.141590;0.000000","-0.128900;-1.540886;-1.932730;-1.238644;1.554514;1.433690",True,5910.62,0.00,7962.55,,
351,2026-04-13 18:39:07.532,MoveToLL,MoveToLL_TravelML_robot1_rppickup_rpmanipulate_dup38,movej,rpmanipulate,,1.00,0.30,"0.133776;0.348742;0.490041;0.000000;-3.141590;0.000000","1.656148;-0.959557;-2.051016;-1.701770;1.553554;1.650556",True,10739.93,0.00,12778.90,,
352,2026-04-13 18:39:20.595,MoveToLL,MoveToLL_StackOnTwoML_stick32_robot1_finallocstick32_rpmanipulate_cube6_stick27_gripper1_layer6_layer7,planned,finallocstick32,gripper,0.30,0.30,"-0.210902;0.952155;0.095000;-1.426253;-2.799180;0.000000","",True,16689.13,0.00,18762.57,,
353,2026-04-13 18:39:39.496,MoveToLL,MoveToLL_StackOnTwoML_stick32_robot1_finallocstick32_rpmanipulate_cube6_stick27_gripper1_layer6_layer7,movej,rpmanipulate,,1.00,0.30,"0.133776;0.348742;0.490041;0.000000;-3.141590;0.000000","1.656148;-0.959557;-2.051016;-1.701770;1.553554;1.650556",True,10036.13,0.00,12074.77,,
354,2026-04-13 18:39:54.693,MoveToLL,MoveToLL_TravelML_robot1_rpmanipulate_rptoolchange_dup11,movej,rptoolchange,,1.00,0.30,"-0.276143;0.385864;0.086921;-3.141491;-0.002589;-0.000081","2.086106;-1.186673;-2.396030;-1.129490;1.555172;0.503193",True,8783.28,0.00,10805.60,,
355,2026-04-13 18:40:05.820,DeequipToolLL,DeequipToolLL_DeequipML_robot1_gripper1_equiplocgripper_rptoolchange_dup6,play_program,,gripper,0.50,1.00,"","",True,20627.55,0.00,22672.53,,
356,2026-04-13 18:40:28.788,EquipToolLL,EquipToolLL_EquipeML_robot1_staplergun1_rptoolchange_equiplocstapler_dup6,play_program,,nailgun,0.50,1.00,"","",True,9864.02,0.00,11926.07,,
357,2026-04-13 18:40:44.144,MoveToLL,MoveToLL_TravelML_robot1_rptoolchange_rpmanipulate_dup6,movej,rpmanipulate,,1.00,0.30,"0.133776;0.348742;0.490041;0.000000;-3.141590;0.000000","1.656148;-0.959557;-2.051016;-1.701770;1.553554;1.650556",True,8802.67,0.00,10849.13,,
358,2026-04-13 18:40:55.572,NailingLL,NailingLL_NailingML_stick28_stick24_robot1_staplergun1_rpmanipulate,planned,unknown,nailgun,0.30,0.30,"0.329000;0.924000;0.115000;0.000000;0.000000;0.000000","",True,21231.00,0.00,23252.49,,
359,2026-04-13 18:41:22.262,NailingLL,NailingLL_NailingML_stick32_stick27_robot1_staplergun1_rpmanipulate,planned,unknown,nailgun,0.30,0.30,"-0.184000;0.972000;0.115000;0.000000;0.000000;0.000000","",True,14441.92,0.00,16485.33,,
360,2026-04-13 18:41:41.983,NailingLL,NailingLL_NailingML_stick28_cube5_robot1_staplergun1_rpmanipulate,planned,unknown,nailgun,0.30,0.30,"0.238000;0.988000;0.115000;0.000000;0.000000;0.000000","",True,13071.44,0.00,15088.83,,
361,2026-04-13 18:42:00.281,NailingLL,NailingLL_NailingML_stick29_stick24_robot1_staplergun1_rpmanipulate,planned,unknown,nailgun,0.30,0.30,"0.354000;0.792000;0.115000;0.000000;0.000000;0.000000","",True,12277.56,0.00,14315.56,,
362,2026-04-13 18:42:17.952,NailingLL,NailingLL_NailingML_stick31_stick27_robot1_staplergun1_rpmanipulate,planned,unknown,nailgun,0.30,0.30,"-0.052000;0.946000;0.115000;0.000000;0.000000;0.000000","",True,10507.26,0.00,12561.85,,
363,2026-04-13 18:42:33.772,NailingLL,NailingLL_NailingML_stick32_cube6_robot1_staplergun1_rpmanipulate,planned,unknown,nailgun,0.30,0.30,"-0.245000;0.928000;0.115000;0.000000;0.000000;0.000000","",True,14617.21,0.00,16672.05,,
364,2026-04-13 18:42:53.753,NailingLL,NailingLL_NailingML_stick29_stick25_robot1_staplergun1_rpmanipulate,planned,unknown,nailgun,0.30,0.30,"0.276000;0.683000;0.115000;0.000000;0.000000;0.000000","",True,10545.83,0.00,12609.31,,
365,2026-04-13 18:43:09.704,NailingLL,NailingLL_NailingML_stick30_stick25_robot1_staplergun1_rpmanipulate,planned,unknown,nailgun,0.30,0.30,"0.144000;0.658000;0.115000;0.000000;0.000000;0.000000","",True,14535.35,0.00,16582.78,,
366,2026-04-13 18:43:29.451,NailingLL,NailingLL_NailingML_stick30_stick26_robot1_staplergun1_rpmanipulate,planned,unknown,nailgun,0.30,0.30,"0.010000;0.755000;0.115000;0.000000;0.000000;0.000000","",True,7521.32,0.00,9579.79,,
367,2026-04-13 18:43:42.404,NailingLL,NailingLL_NailingML_stick31_stick26_robot1_staplergun1_rpmanipulate,planned,unknown,nailgun,0.30,0.30,"0.026000;0.837000;0.115000;0.000000;0.000000;0.000000","",True,10507.72,0.00,12524.29,,
368,2026-04-13 18:43:58.825,MoveToLL,MoveToLL_TravelML_robot1_rpmanipulate_rptoolchange_dup12,movej,rptoolchange,,1.00,0.30,"-0.276143;0.385864;0.086921;-3.141491;-0.002589;-0.000081","2.086106;-1.186673;-2.396030;-1.129490;1.555172;0.503193",True,10203.03,0.00,12240.98,,
369,2026-04-13 18:44:11.645,DeequipToolLL,DeequipToolLL_DeequipML_robot1_staplergun1_equiplocstapler_rptoolchange_dup6,play_program,,nailgun,0.50,1.00,"","",True,7220.61,0.00,9282.16,,
370,2026-04-13 18:44:21.234,EquipToolLL,EquipToolLL_EquipeML_robot1_gripper1_rptoolchange_equiplocgripper_dup6,play_program,,gripper,0.50,1.00,"","",True,20693.67,0.00,22754.04,,
371,2026-04-13 18:44:47.331,MoveToLL,MoveToLL_TravelML_robot1_rptoolchange_rppickup_dup6,movej,rppickup,,1.00,0.30,"0.607360;-0.274802;0.339901;0.000000;-3.141590;0.000000","-0.128900;-1.540886;-1.932730;-1.238644;1.554514;1.433690",True,11581.97,0.00,13627.23,,
372,2026-04-13 18:45:03.931,MoveToLL,MoveToLL_PickUpML_stick33_initlocstick33_robot1_gripper1_rppickup,movel,initlocstick33,,0.30,0.30,"0.607370;-0.274820;-0.006000;0.000000;-3.141590;0.000000","",True,5390.40,0.00,7454.35,,
373,2026-04-13 18:45:11.540,CloseGripperLL,CloseGripperLL_PickUpML_stick33_initlocstick33_robot1_gripper1_rppickup,close_gripper,,,0.50,1.00,"","",True,25.32,0.00,2105.26,,
374,2026-04-13 18:45:13.788,MoveToLL,MoveToLL_PickUpML_stick33_initlocstick33_robot1_gripper1_rppickup,movel,rppickup,,1.00,0.30,"0.607360;-0.274802;0.339901;0.000000;-3.141590;0.000000","-0.128900;-1.540886;-1.932730;-1.238644;1.554514;1.433690",True,5822.34,0.00,7861.10,,
375,2026-04-13 18:45:24.812,MoveToLL,MoveToLL_TravelML_robot1_rppickup_rpmanipulate_dup39,movej,rpmanipulate,,1.00,0.30,"0.133776;0.348742;0.490041;0.000000;-3.141590;0.000000","1.656148;-0.959557;-2.051016;-1.701770;1.553554;1.650556",True,10839.44,0.00,12874.47,,
376,2026-04-13 18:45:37.992,MoveToLL,MoveToLL_StackOnTwoML_stick33_robot1_finallocstick33_rpmanipulate_stick29_stick28_gripper1_layer7_layer8,planned,finallocstick33,gripper,0.30,0.30,"0.342774;0.850031;0.112500;0.191790;-3.135733;0.000000","",True,19880.17,0.00,21944.08,,
377,2026-04-13 18:46:00.076,MoveToLL,MoveToLL_StackOnTwoML_stick33_robot1_finallocstick33_rpmanipulate_stick29_stick28_gripper1_layer7_layer8,movej,rpmanipulate,,1.00,0.30,"0.133776;0.348742;0.490041;0.000000;-3.141590;0.000000","1.656148;-0.959557;-2.051016;-1.701770;1.553554;1.650556",True,12121.57,0.00,14178.56,,
378,2026-04-13 18:46:17.610,MoveToLL,MoveToLL_TravelML_robot1_rpmanipulate_rppickup_dup34,movej,rppickup,,1.00,0.30,"0.607360;-0.274802;0.339901;0.000000;-3.141590;0.000000","-0.128900;-1.540886;-1.932730;-1.238644;1.554514;1.433690",True,10737.01,0.00,12784.29,,
379,2026-04-13 18:46:37.297,MoveToLL,MoveToLL_PickUpML_cube8_initloccube8_robot1_gripper1_rppickup,movel,initloccube8,,0.30,0.30,"0.607370;-0.274820;-0.009000;0.000000;-3.141590;0.000000","",True,6137.39,0.00,8166.98,,
380,2026-04-13 18:46:45.596,CloseGripperLL,CloseGripperLL_PickUpML_cube8_initloccube8_robot1_gripper1_rppickup,close_gripper,,,0.50,1.00,"","",True,25.96,0.00,2081.98,,
381,2026-04-13 18:46:47.820,MoveToLL,MoveToLL_PickUpML_cube8_initloccube8_robot1_gripper1_rppickup,movel,rppickup,,1.00,0.30,"0.607360;-0.274802;0.339901;0.000000;-3.141590;0.000000","-0.128900;-1.540886;-1.932730;-1.238644;1.554514;1.433690",True,5922.77,0.00,7954.48,,
382,2026-04-13 18:46:58.924,MoveToLL,MoveToLL_TravelML_robot1_rppickup_rpmanipulate_dup40,movej,rpmanipulate,,1.00,0.30,"0.133776;0.348742;0.490041;0.000000;-3.141590;0.000000","1.656148;-0.959557;-2.051016;-1.701770;1.553554;1.650556",True,10840.11,0.00,12895.43,,
383,2026-04-13 18:47:12.104,MoveToLL,MoveToLL_StackML_cube8_stick32_robot1_gripper1_finloccube8_rpmanipulate,planned,finloccube8,gripper,0.30,0.30,"-0.254589;0.920415;0.112500;-1.426253;-2.799180;0.000000","",True,15965.70,0.00,18032.20,,
384,2026-04-13 18:47:30.278,MoveToLL,MoveToLL_StackML_cube8_stick32_robot1_gripper1_finloccube8_rpmanipulate,movej,rpmanipulate,,1.00,0.30,"0.133776;0.348742;0.490041;0.000000;-3.141590;0.000000","1.656148;-0.959557;-2.051016;-1.701770;1.553554;1.650556",True,9343.94,0.00,11372.47,,
385,2026-04-13 18:47:44.830,MoveToLL,MoveToLL_TravelML_robot1_rpmanipulate_rppickup_dup35,movej,rppickup,,1.00,0.30,"0.607360;-0.274802;0.339901;0.000000;-3.141590;0.000000","-0.128900;-1.540886;-1.932730;-1.238644;1.554514;1.433690",True,10838.69,0.00,12859.49,,
386,2026-04-13 18:48:19.245,MoveToLL,MoveToLL_PickUpML_cube7_initloccube7_robot1_gripper1_rppickup,movel,initloccube7,,0.30,0.30,"0.607370;-0.274820;-0.009000;0.000000;-3.141590;0.000000","",True,5249.78,0.00,7287.00,,
387,2026-04-13 18:48:26.667,CloseGripperLL,CloseGripperLL_PickUpML_cube7_initloccube7_robot1_gripper1_rppickup,close_gripper,,,0.50,1.00,"","",True,26.80,0.00,2087.30,,
388,2026-04-13 18:48:28.909,MoveToLL,MoveToLL_PickUpML_cube7_initloccube7_robot1_gripper1_rppickup,movel,rppickup,,1.00,0.30,"0.607360;-0.274802;0.339901;0.000000;-3.141590;0.000000","-0.128900;-1.540886;-1.932730;-1.238644;1.554514;1.433690",True,5194.66,0.00,7240.21,,
389,2026-04-13 18:48:39.216,MoveToLL,MoveToLL_TravelML_robot1_rppickup_rpmanipulate_dup41,movej,rpmanipulate,,1.00,0.30,"0.133776;0.348742;0.490041;0.000000;-3.141590;0.000000","1.656148;-0.959557;-2.051016;-1.701770;1.553554;1.650556",True,10933.56,0.00,12987.93,,
390,2026-04-13 18:48:52.495,MoveToLL,MoveToLL_StackML_cube7_stick28_robot1_gripper1_finloccube7_rpmanipulate,planned,finloccube7,gripper,0.30,0.30,"0.255359;0.977219;0.112500;2.799180;1.426253;0.000000","",True,16682.01,0.00,18715.61,,
391,2026-04-13 18:49:11.351,MoveToLL,MoveToLL_StackML_cube7_stick28_robot1_gripper1_finloccube7_rpmanipulate,movej,rpmanipulate,,1.00,0.30,"0.133776;0.348742;0.490041;0.000000;-3.141590;0.000000","1.656148;-0.959557;-2.051016;-1.701770;1.553554;1.650556",True,10047.84,0.00,12089.77,,
392,2026-04-13 18:49:26.860,MoveToLL,MoveToLL_TravelML_robot1_rpmanipulate_rppickup_dup36,movej,rppickup,,1.00,0.30,"0.607360;-0.274802;0.339901;0.000000;-3.141590;0.000000","-0.128900;-1.540886;-1.932730;-1.238644;1.554514;1.433690",True,11277.01,0.00,13324.53,,
393,2026-04-13 18:49:56.549,MoveToLL,MoveToLL_PickUpML_stick34_initlocstick34_robot1_gripper1_rppickup,movel,initlocstick34,,0.30,0.30,"0.607370;-0.274820;-0.006000;0.000000;-3.141590;0.000000","",True,6250.80,0.00,8280.17,,
394,2026-04-13 18:50:04.974,CloseGripperLL,CloseGripperLL_PickUpML_stick34_initlocstick34_robot1_gripper1_rppickup,close_gripper,,,0.50,1.00,"","",True,0.94,0.00,2052.33,,
395,2026-04-13 18:50:07.172,MoveToLL,MoveToLL_PickUpML_stick34_initlocstick34_robot1_gripper1_rppickup,movel,rppickup,,1.00,0.30,"0.607360;-0.274802;0.339901;0.000000;-3.141590;0.000000","-0.128900;-1.540886;-1.932730;-1.238644;1.554514;1.433690",True,5949.76,0.00,7974.86,,
396,2026-04-13 18:50:18.583,MoveToLL,MoveToLL_TravelML_robot1_rppickup_rpmanipulate_dup42,movej,rpmanipulate,,1.00,0.30,"0.133776;0.348742;0.490041;0.000000;-3.141590;0.000000","1.656148;-0.959557;-2.051016;-1.701770;1.553554;1.650556",True,11257.33,0.00,13303.88,,
397,2026-04-13 18:50:32.183,MoveToLL,MoveToLL_StackOnTwoML_stick34_robot1_finallocstick34_rpmanipulate_stick30_stick29_gripper1_layer7_layer8,planned,finallocstick34,gripper,0.30,0.30,"0.201724;0.669496;0.112500;-2.081682;-2.352914;0.000000","",True,16671.25,0.00,18730.23,,
398,2026-04-13 18:50:51.063,MoveToLL,MoveToLL_StackOnTwoML_stick34_robot1_finallocstick34_rpmanipulate_stick30_stick29_gripper1_layer7_layer8,movej,rpmanipulate,,1.00,0.30,"0.133776;0.348742;0.490041;0.000000;-3.141590;0.000000","1.656148;-0.959557;-2.051016;-1.701770;1.553554;1.650556",True,8624.70,0.00,10677.34,,
399,2026-04-13 18:51:04.956,MoveToLL,MoveToLL_TravelML_robot1_rpmanipulate_rppickup_dup37,movej,rppickup,,1.00,0.30,"0.607360;-0.274802;0.339901;0.000000;-3.141590;0.000000","-0.128900;-1.540886;-1.932730;-1.238644;1.554514;1.433690",True,10776.67,0.00,12823.57,,
400,2026-04-13 18:51:27.614,MoveToLL,MoveToLL_PickUpML_stick35_initlocstick35_robot1_gripper1_rppickup,movel,initlocstick35,,0.30,0.30,"0.607370;-0.274820;-0.006000;0.000000;-3.141590;0.000000","",True,6343.16,0.00,8404.29,,
401,2026-04-13 18:51:36.162,CloseGripperLL,CloseGripperLL_PickUpML_stick35_initlocstick35_robot1_gripper1_rppickup,close_gripper,,,0.50,1.00,"","",True,13.10,0.00,2060.80,,
402,2026-04-13 18:51:38.361,MoveToLL,MoveToLL_PickUpML_stick35_initlocstick35_robot1_gripper1_rppickup,movel,rppickup,,1.00,0.30,"0.607360;-0.274802;0.339901;0.000000;-3.141590;0.000000","-0.128900;-1.540886;-1.932730;-1.238644;1.554514;1.433690",True,5908.55,0.00,7973.46,,
403,2026-04-13 18:51:49.733,MoveToLL,MoveToLL_TravelML_robot1_rppickup_rpmanipulate_dup43,movej,rpmanipulate,,1.00,0.30,"0.133776;0.348742;0.490041;0.000000;-3.141590;0.000000","1.656148;-0.959557;-2.051016;-1.701770;1.553554;1.650556",True,11310.01,0.00,13346.17,,
404,2026-04-13 18:52:03.378,MoveToLL,MoveToLL_StackOnTwoML_stick35_robot1_finallocstick35_rpmanipulate_stick30_stick31_gripper1_layer7_layer8,planned,finallocstick35,gripper,0.30,0.30,"0.014774;0.779310;0.112500;3.135733;-0.191790;0.000000","",True,16693.22,0.00,18729.65,,
405,2026-04-13 18:52:22.249,MoveToLL,MoveToLL_StackOnTwoML_stick35_robot1_finallocstick35_rpmanipulate_stick30_stick31_gripper1_layer7_layer8,movej,rpmanipulate,,1.00,0.30,"0.133776;0.348742;0.490041;0.000000;-3.141590;0.000000","1.656148;-0.959557;-2.051016;-1.701770;1.553554;1.650556",True,11454.50,0.00,13493.16,,
406,2026-04-13 18:52:38.934,MoveToLL,MoveToLL_TravelML_robot1_rpmanipulate_rppickup_dup38,movej,rppickup,,1.00,0.30,"0.607360;-0.274802;0.339901;0.000000;-3.141590;0.000000","-0.128900;-1.540886;-1.932730;-1.238644;1.554514;1.433690",True,10805.21,0.00,12847.10,,
407,2026-04-13 18:52:55.434,MoveToLL,MoveToLL_PickUpML_stick36_initlocstick36_robot1_gripper1_rppickup,movel,initlocstick36,,0.30,0.30,"0.607370;-0.274820;-0.006000;0.000000;-3.141590;0.000000","",True,6149.48,0.00,8196.59,,
408,2026-04-13 18:53:03.781,CloseGripperLL,CloseGripperLL_PickUpML_stick36_initlocstick36_robot1_gripper1_rppickup,close_gripper,,,0.50,1.00,"","",True,12.92,0.00,2044.62,,
409,2026-04-13 18:53:05.972,MoveToLL,MoveToLL_PickUpML_stick36_initlocstick36_robot1_gripper1_rppickup,movel,rppickup,,1.00,0.30,"0.607360;-0.274802;0.339901;0.000000;-3.141590;0.000000","-0.128900;-1.540886;-1.932730;-1.238644;1.554514;1.433690",True,5905.91,0.00,7964.96,,
410,2026-04-13 18:53:17.205,MoveToLL,MoveToLL_TravelML_robot1_rppickup_rpmanipulate_dup44,movej,rpmanipulate,,1.00,0.30,"0.133776;0.348742;0.490041;0.000000;-3.141590;0.000000","1.656148;-0.959557;-2.051016;-1.701770;1.553554;1.650556",True,10747.42,0.00,12792.69,,
411,2026-04-13 18:53:30.285,MoveToLL,MoveToLL_StackOnTwoML_stick36_robot1_finallocstick36_rpmanipulate_stick32_stick31_gripper1_layer7_layer8,planned,finallocstick36,gripper,0.30,0.30,"-0.126276;0.959845;0.112500;2.352914;2.081682;0.000000","",True,16706.61,0.00,18757.99,,
412,2026-04-13 18:53:49.186,MoveToLL,MoveToLL_StackOnTwoML_stick36_robot1_finallocstick36_rpmanipulate_stick32_stick31_gripper1_layer7_layer8,movej,rpmanipulate,,1.00,0.30,"0.133776;0.348742;0.490041;0.000000;-3.141590;0.000000","1.656148;-0.959557;-2.051016;-1.701770;1.553554;1.650556",True,9328.29,0.00,11367.67,,
413,2026-04-13 18:54:03.730,MoveToLL,MoveToLL_TravelML_robot1_rpmanipulate_rptoolchange_dup13,movej,rptoolchange,,1.00,0.30,"-0.276143;0.385864;0.086921;-3.141491;-0.002589;-0.000081","2.086106;-1.186673;-2.396030;-1.129490;1.555172;0.503193",True,8724.58,0.00,10756.87,,
414,2026-04-13 18:54:14.776,DeequipToolLL,DeequipToolLL_DeequipML_robot1_gripper1_equiplocgripper_rptoolchange_dup7,play_program,,gripper,0.50,1.00,"","",True,20499.18,0.00,22535.29,,
415,2026-04-13 18:54:37.605,EquipToolLL,EquipToolLL_EquipeML_robot1_staplergun1_rptoolchange_equiplocstapler_dup7,play_program,,nailgun,0.50,1.00,"","",True,9853.53,0.00,11894.40,,
416,2026-04-13 18:54:52.781,MoveToLL,MoveToLL_TravelML_robot1_rptoolchange_rpmanipulate_dup7,movej,rpmanipulate,,1.00,0.30,"0.133776;0.348742;0.490041;0.000000;-3.141590;0.000000","1.656148;-0.959557;-2.051016;-1.701770;1.553554;1.650556",True,9760.79,0.00,11820.73,,
417,2026-04-13 18:55:05.195,NailingLL,NailingLL_NailingML_cube7_stick28_robot1_staplergun1_rpmanipulate,planned,unknown,nailgun,0.30,0.30,"0.255000;0.977000;0.132000;0.000000;0.000000;0.000000","",True,23628.24,0.00,25678.52,,
418,2026-04-13 18:55:34.239,NailingLL,NailingLL_NailingML_cube8_stick32_robot1_staplergun1_rpmanipulate,planned,unknown,nailgun,0.30,0.30,"-0.252000;0.922000;0.132000;0.000000;0.000000;0.000000","",True,16914.09,0.00,18952.70,,
419,2026-04-13 18:55:56.584,NailingLL,NailingLL_NailingML_stick33_stick28_robot1_staplergun1_rpmanipulate,planned,unknown,nailgun,0.30,0.30,"0.334000;0.920000;0.132000;0.000000;0.000000;0.000000","",True,11292.99,0.00,13329.84,,
420,2026-04-13 18:56:13.233,NailingLL,NailingLL_NailingML_stick33_stick29_robot1_staplergun1_rpmanipulate,planned,unknown,nailgun,0.30,0.30,"0.351000;0.787000;0.132000;0.000000;0.000000;0.000000","",True,14551.21,0.00,16603.05,,
421,2026-04-13 18:56:33.295,NailingLL,NailingLL_NailingML_stick34_stick29_robot1_staplergun1_rpmanipulate,planned,unknown,nailgun,0.30,0.30,"0.272000;0.678000;0.132000;0.000000;0.000000;0.000000","",True,13627.30,0.00,15665.26,,
422,2026-04-13 18:56:52.424,NailingLL,NailingLL_NailingML_stick34_stick30_robot1_staplergun1_rpmanipulate,planned,unknown,nailgun,0.30,0.30,"0.138000;0.662000;0.132000;0.000000;0.000000;0.000000","",True,14442.22,0.00,16468.74,,
423,2026-04-13 18:57:12.328,NailingLL,NailingLL_NailingML_stick35_stick30_robot1_staplergun1_rpmanipulate,planned,unknown,nailgun,0.30,0.30,"0.012000;0.754000;0.132000;0.000000;0.000000;0.000000","",True,10440.07,0.00,12476.84,,
424,2026-04-13 18:57:28.124,NailingLL,NailingLL_NailingML_stick35_stick31_robot1_staplergun1_rpmanipulate,planned,unknown,nailgun,0.30,0.30,"0.023000;0.843000;0.132000;0.000000;0.000000;0.000000","",True,13781.35,0.00,15805.00,,
425,2026-04-13 18:57:47.306,NailingLL,NailingLL_NailingML_stick36_stick31_robot1_staplergun1_rpmanipulate,planned,unknown,nailgun,0.30,0.30,"-0.056000;0.951000;0.132000;0.000000;0.000000;0.000000","",True,14506.23,0.00,16548.04,,
426,2026-04-13 18:58:07.222,NailingLL,NailingLL_NailingML_stick36_stick32_robot1_staplergun1_rpmanipulate,planned,unknown,nailgun,0.30,0.30,"-0.190000;0.968000;0.132000;0.000000;0.000000;0.000000","",True,13758.08,0.00,15793.31,,
427,2026-04-13 18:58:29.784,MoveToLL,MoveToLL_TravelML_robot1_rpmanipulate_rptoolchange_dup14,movej,rptoolchange,,1.00,0.30,"-0.276143;0.385864;0.086921;-3.141491;-0.002589;-0.000081","2.086106;-1.186673;-2.396030;-1.129490;1.555172;0.503193",True,9860.21,0.00,11924.83,,
428,2026-04-13 18:58:42.295,DeequipToolLL,DeequipToolLL_DeequipML_robot1_staplergun1_equiplocstapler_rptoolchange_dup7,play_program,,nailgun,0.50,1.00,"","",True,7323.20,0.00,9371.32,,
429,2026-04-13 18:58:51.938,EquipToolLL,EquipToolLL_EquipeML_robot1_gripper1_rptoolchange_equiplocgripper_dup7,play_program,,gripper,0.50,1.00,"","",True,20596.57,0.00,22630.64,,
430,2026-04-13 18:59:17.713,MoveToLL,MoveToLL_TravelML_robot1_rptoolchange_rppickup_dup7,movej,rppickup,,1.00,0.30,"0.607360;-0.274802;0.339901;0.000000;-3.141590;0.000000","-0.128900;-1.540886;-1.932730;-1.238644;1.554514;1.433690",True,11765.98,0.00,13823.54,,
431,2026-04-13 19:00:00.645,MoveToLL,MoveToLL_PickUpML_stick38_initlocstick38_robot1_gripper1_rppickup,movel,initlocstick38,,0.30,0.30,"0.607370;-0.274820;-0.006000;0.000000;-3.141590;0.000000","",True,6317.99,0.00,8349.17,,
432,2026-04-13 19:00:09.139,CloseGripperLL,CloseGripperLL_PickUpML_stick38_initlocstick38_robot1_gripper1_rppickup,close_gripper,,,0.50,1.00,"","",True,12.84,0.00,2083.44,,
433,2026-04-13 19:00:11.359,MoveToLL,MoveToLL_PickUpML_stick38_initlocstick38_robot1_gripper1_rppickup,movel,rppickup,,1.00,0.30,"0.607360;-0.274802;0.339901;0.000000;-3.141590;0.000000","-0.128900;-1.540886;-1.932730;-1.238644;1.554514;1.433690",True,5226.25,0.00,7248.03,,
434,2026-04-13 19:00:22.089,MoveToLL,MoveToLL_TravelML_robot1_rppickup_rpmanipulate_dup45,movej,rpmanipulate,,1.00,0.30,"0.133776;0.348742;0.490041;0.000000;-3.141590;0.000000","1.656148;-0.959557;-2.051016;-1.701770;1.553554;1.650556",True,11216.47,0.00,13261.20,,
435,2026-04-13 19:00:35.668,MoveToLL,MoveToLL_StackOnTwoML_stick38_robot1_finallocstick38_rpmanipulate_stick33_stick34_gripper1_layer8_layer9,planned,finallocstick38,gripper,0.30,0.30,"0.306080;0.726157;0.130000;-1.074488;-2.952131;0.000000","",True,17458.95,0.00,19508.39,,
436,2026-04-13 19:00:55.304,MoveToLL,MoveToLL_StackOnTwoML_stick38_robot1_finallocstick38_rpmanipulate_stick33_stick34_gripper1_layer8_layer9,movej,rpmanipulate,,1.00,0.30,"0.133776;0.348742;0.490041;0.000000;-3.141590;0.000000","1.656148;-0.959557;-2.051016;-1.701770;1.553554;1.650556",True,9352.01,0.00,11402.03,,
437,2026-04-13 19:01:09.949,MoveToLL,MoveToLL_TravelML_robot1_rpmanipulate_rppickup_dup39,movej,rppickup,,1.00,0.30,"0.607360;-0.274802;0.339901;0.000000;-3.141590;0.000000","-0.128900;-1.540886;-1.932730;-1.238644;1.554514;1.433690",True,10740.69,0.00,12794.16,,
438,2026-04-13 19:01:49.668,MoveToLL,MoveToLL_PickUpML_stick37_initlocstick37_robot1_gripper1_rppickup,movel,initlocstick37,,0.30,0.30,"0.607370;-0.274820;-0.009000;0.000000;-3.141590;0.000000","",True,5476.26,0.00,7529.48,,
439,2026-04-13 19:01:57.349,CloseGripperLL,CloseGripperLL_PickUpML_stick37_initlocstick37_robot1_gripper1_rppickup,close_gripper,,,0.50,1.00,"","",True,13.73,0.00,2050.82,,
440,2026-04-13 19:01:59.545,MoveToLL,MoveToLL_PickUpML_stick37_initlocstick37_robot1_gripper1_rppickup,movel,rppickup,,1.00,0.30,"0.607360;-0.274802;0.339901;0.000000;-3.141590;0.000000","-0.128900;-1.540886;-1.932730;-1.238644;1.554514;1.433690",True,5911.24,0.00,7964.57,,
441,2026-04-13 19:02:10.937,MoveToLL,MoveToLL_TravelML_robot1_rppickup_rpmanipulate_dup46,movej,rpmanipulate,,1.00,0.30,"0.133776;0.348742;0.490041;0.000000;-3.141590;0.000000","1.656148;-0.959557;-2.051016;-1.701770;1.553554;1.650556",True,11258.22,0.00,13314.32,,
442,2026-04-13 19:02:24.619,MoveToLL,MoveToLL_StackOnTwoML_stick37_robot1_finallocstick37_rpmanipulate_stick33_cube7_gripper1_layer8_layer9,planned,finallocstick37,gripper,0.30,0.30,"0.305264;0.938318;0.130000;1.327694;-2.847250;0.000000","",True,20628.87,0.00,22664.98,,
443,2026-04-13 19:02:47.422,MoveToLL,MoveToLL_StackOnTwoML_stick37_robot1_finallocstick37_rpmanipulate_stick33_cube7_gripper1_layer8_layer9,movej,rpmanipulate,,1.00,0.30,"0.133776;0.348742;0.490041;0.000000;-3.141590;0.000000","1.656148;-0.959557;-2.051016;-1.701770;1.553554;1.650556",True,13566.34,0.00,15600.05,,
444,2026-04-13 19:03:06.454,MoveToLL,MoveToLL_TravelML_robot1_rpmanipulate_rppickup_dup40,movej,rppickup,,1.00,0.30,"0.607360;-0.274802;0.339901;0.000000;-3.141590;0.000000","-0.128900;-1.540886;-1.932730;-1.238644;1.554514;1.433690",True,11277.18,0.00,13310.32,,
445,2026-04-13 19:03:38.018,MoveToLL,MoveToLL_PickUpML_stick39_initlocstick39_robot1_gripper1_rppickup,movel,initlocstick39,,0.30,0.30,"0.607370;-0.274820;-0.006000;0.000000;-3.141590;0.000000","",True,5358.21,0.00,7390.02,,
446,2026-04-13 19:03:45.542,CloseGripperLL,CloseGripperLL_PickUpML_stick39_initlocstick39_robot1_gripper1_rppickup,close_gripper,,,0.50,1.00,"","",True,0.93,0.00,2030.44,,
447,2026-04-13 19:03:47.718,MoveToLL,MoveToLL_PickUpML_stick39_initlocstick39_robot1_gripper1_rppickup,movel,rppickup,,1.00,0.30,"0.607360;-0.274802;0.339901;0.000000;-3.141590;0.000000","-0.128900;-1.540886;-1.932730;-1.238644;1.554514;1.433690",True,5945.51,0.00,7981.13,,
448,2026-04-13 19:03:58.995,MoveToLL,MoveToLL_TravelML_robot1_rppickup_rpmanipulate_dup47,movej,rpmanipulate,,1.00,0.30,"0.133776;0.348742;0.490041;0.000000;-3.141590;0.000000","1.656148;-0.959557;-2.051016;-1.701770;1.553554;1.650556",True,10749.02,0.00,12802.00,,
449,2026-04-13 19:04:12.071,MoveToLL,MoveToLL_StackOnTwoML_stick39_robot1_finallocstick39_rpmanipulate_stick34_stick35_gripper1_layer8_layer9,planned,finallocstick39,gripper,0.30,0.30,"0.077850;0.706189;0.130000;2.847250;1.327694;0.000000","",True,16694.54,0.00,18754.23,,
450,2026-04-13 19:04:30.957,MoveToLL,MoveToLL_StackOnTwoML_stick39_robot1_finallocstick39_rpmanipulate_stick34_stick35_gripper1_layer8_layer9,movej,rpmanipulate,,1.00,0.30,"0.133776;0.348742;0.490041;0.000000;-3.141590;0.000000","1.656148;-0.959557;-2.051016;-1.701770;1.553554;1.650556",True,7939.45,0.00,9992.99,,
451,2026-04-13 19:04:44.321,MoveToLL,MoveToLL_TravelML_robot1_rpmanipulate_rppickup_dup41,movej,rppickup,,1.00,0.30,"0.607360;-0.274802;0.339901;0.000000;-3.141590;0.000000","-0.128900;-1.540886;-1.932730;-1.238644;1.554514;1.433690",True,11328.19,0.00,13373.81,,
452,2026-04-13 19:05:32.164,MoveToLL,MoveToLL_PickUpML_stick42_initlocstick42_robot1_gripper1_rppickup,movel,initlocstick42,,0.30,0.30,"0.607370;-0.274820;-0.006000;0.000000;-3.141590;0.000000","",True,5161.14,0.00,7194.39,,
453,2026-04-13 19:05:39.552,CloseGripperLL,CloseGripperLL_PickUpML_stick42_initlocstick42_robot1_gripper1_rppickup,close_gripper,,,0.50,1.00,"","",True,10.50,0.00,2044.02,,
454,2026-04-13 19:05:41.777,MoveToLL,MoveToLL_PickUpML_stick42_initlocstick42_robot1_gripper1_rppickup,movel,rppickup,,1.00,0.30,"0.607360;-0.274802;0.339901;0.000000;-3.141590;0.000000","-0.128900;-1.540886;-1.932730;-1.238644;1.554514;1.433690",True,5147.71,0.00,7194.11,,
455,2026-04-13 19:05:52.535,MoveToLL,MoveToLL_TravelML_robot1_rppickup_rpmanipulate_dup48,movej,rpmanipulate,,1.00,0.30,"0.133776;0.348742;0.490041;0.000000;-3.141590;0.000000","1.656148;-0.959557;-2.051016;-1.701770;1.553554;1.650556",True,11145.34,0.00,13178.63,,
456,2026-04-13 19:06:06.096,MoveToLL,MoveToLL_StackOnTwoML_stick42_robot1_finallocstick42_rpmanipulate_stick38_stick37_gripper1_layer9_layer10,planned,finallocstick42,gripper,0.30,0.30,"0.343759;0.838767;0.147500;0.082237;-3.140516;0.000000","",True,17412.65,0.00,19447.94,,
457,2026-04-13 19:06:25.721,MoveToLL,MoveToLL_StackOnTwoML_stick42_robot1_finallocstick42_rpmanipulate_stick38_stick37_gripper1_layer9_layer10,movej,rpmanipulate,,1.00,0.30,"0.133776;0.348742;0.490041;0.000000;-3.141590;0.000000","1.656148;-0.959557;-2.051016;-1.701770;1.553554;1.650556",True,11400.15,0.00,13451.31,,
458,2026-04-13 19:06:42.955,MoveToLL,MoveToLL_TravelML_robot1_rpmanipulate_rppickup_dup42,movej,rppickup,,1.00,0.30,"0.607360;-0.274802;0.339901;0.000000;-3.141590;0.000000","-0.128900;-1.540886;-1.932730;-1.238644;1.554514;1.433690",True,11003.46,0.00,13056.61,,
459,2026-04-13 19:07:15.018,MoveToLL,MoveToLL_PickUpML_stick41_initlocstick41_robot1_gripper1_rppickup,movel,initlocstick41,,0.30,0.30,"0.607370;-0.274820;-0.009000;0.000000;-3.141590;0.000000","",True,5416.85,0.00,7431.98,,
460,2026-04-13 19:07:22.638,CloseGripperLL,CloseGripperLL_PickUpML_stick41_initlocstick41_robot1_gripper1_rppickup,close_gripper,,,0.50,1.00,"","",True,1.15,0.00,2050.09,,
461,2026-04-13 19:07:24.877,MoveToLL,MoveToLL_PickUpML_stick41_initlocstick41_robot1_gripper1_rppickup,movel,rppickup,,1.00,0.30,"0.607360;-0.274802;0.339901;0.000000;-3.141590;0.000000","-0.128900;-1.540886;-1.932730;-1.238644;1.554514;1.433690",True,5121.78,0.00,7171.97,,
462,2026-04-13 19:07:35.612,MoveToLL,MoveToLL_TravelML_robot1_rppickup_rpmanipulate_dup49,movej,rpmanipulate,,1.00,0.30,"0.133776;0.348742;0.490041;0.000000;-3.141590;0.000000","1.656148;-0.959557;-2.051016;-1.701770;1.553554;1.650556",True,11131.93,0.00,13175.73,,
463,2026-04-13 19:07:49.156,MoveToLL,MoveToLL_StackOnTwoML_stick41_robot1_finallocstick41_rpmanipulate_cube8_stick36_gripper1_layer8_layer9,planned,finallocstick41,gripper,0.30,0.30,"-0.221424;0.947256;0.130000;-1.327694;-2.847250;0.000000","",True,16638.91,0.00,18656.40,,
464,2026-04-13 19:08:08.028,MoveToLL,MoveToLL_StackOnTwoML_stick41_robot1_finallocstick41_rpmanipulate_cube8_stick36_gripper1_layer8_layer9,movej,rpmanipulate,,1.00,0.30,"0.133776;0.348742;0.490041;0.000000;-3.141590;0.000000","1.656148;-0.959557;-2.051016;-1.701770;1.553554;1.650556",True,9277.01,0.00,11316.24,,
465,2026-04-13 19:08:22.928,MoveToLL,MoveToLL_TravelML_robot1_rpmanipulate_rppickup_dup43,movej,rppickup,,1.00,0.30,"0.607360;-0.274802;0.339901;0.000000;-3.141590;0.000000","-0.128900;-1.540886;-1.932730;-1.238644;1.554514;1.433690",True,11099.72,0.00,13154.59,,
466,2026-04-13 19:08:50.286,MoveToLL,MoveToLL_PickUpML_stick40_initlocstick40_robot1_gripper1_rppickup,movel,initlocstick40,,0.30,0.30,"0.607370;-0.274820;-0.006000;0.000000;-3.141590;0.000000","",True,5393.03,0.00,7438.26,,
467,2026-04-13 19:08:57.935,CloseGripperLL,CloseGripperLL_PickUpML_stick40_initlocstick40_robot1_gripper1_rppickup,close_gripper,,,0.50,1.00,"","",True,1.15,0.00,2054.21,,
468,2026-04-13 19:09:00.181,MoveToLL,MoveToLL_PickUpML_stick40_initlocstick40_robot1_gripper1_rppickup,movel,rppickup,,1.00,0.30,"0.607360;-0.274802;0.339901;0.000000;-3.141590;0.000000","-0.128900;-1.540886;-1.932730;-1.238644;1.554514;1.433690",True,5131.59,0.00,7148.64,,
469,2026-04-13 19:09:10.888,MoveToLL,MoveToLL_TravelML_robot1_rppickup_rpmanipulate_dup50,movej,rpmanipulate,,1.00,0.30,"0.133776;0.348742;0.490041;0.000000;-3.141590;0.000000","1.656148;-0.959557;-2.051016;-1.701770;1.553554;1.650556",True,11143.26,0.00,13183.01,,
470,2026-04-13 19:09:24.375,MoveToLL,MoveToLL_StackOnTwoML_stick40_robot1_finallocstick40_rpmanipulate_stick36_stick35_gripper1_layer8_layer9,planned,finallocstick40,gripper,0.30,0.30,"-0.021920;0.903184;0.130000;2.952131;1.074488;0.000000","",True,15902.27,0.00,17922.31,,
471,2026-04-13 19:09:42.439,MoveToLL,MoveToLL_StackOnTwoML_stick40_robot1_finallocstick40_rpmanipulate_stick36_stick35_gripper1_layer8_layer9,movej,rpmanipulate,,1.00,0.30,"0.133776;0.348742;0.490041;0.000000;-3.141590;0.000000","1.656148;-0.959557;-2.051016;-1.701770;1.553554;1.650556",True,9353.22,0.00,11389.54,,
472,2026-04-13 19:09:57.215,MoveToLL,MoveToLL_TravelML_robot1_rpmanipulate_rppickup_dup44,movej,rppickup,,1.00,0.30,"0.607360;-0.274802;0.339901;0.000000;-3.141590;0.000000","-0.128900;-1.540886;-1.932730;-1.238644;1.554514;1.433690",True,11297.86,0.00,13353.58,,
473,2026-04-13 19:10:20.631,MoveToLL,MoveToLL_PickUpML_stick44_initlocstick44_robot1_gripper1_rppickup,movel,initlocstick44,,0.30,0.30,"0.607370;-0.274820;-0.006000;0.000000;-3.141590;0.000000","",True,6124.12,0.00,8173.90,,
474,2026-04-13 19:10:28.948,CloseGripperLL,CloseGripperLL_PickUpML_stick44_initlocstick44_robot1_gripper1_rppickup,close_gripper,,,0.50,1.00,"","",True,11.74,0.00,2069.61,,
475,2026-04-13 19:10:31.171,MoveToLL,MoveToLL_PickUpML_stick44_initlocstick44_robot1_gripper1_rppickup,movel,rppickup,,1.00,0.30,"0.607360;-0.274802;0.339901;0.000000;-3.141590;0.000000","-0.128900;-1.540886;-1.932730;-1.238644;1.554514;1.433690",True,5846.02,0.00,7910.85,,
476,2026-04-13 19:10:42.554,MoveToLL,MoveToLL_TravelML_robot1_rppickup_rpmanipulate_dup51,movej,rpmanipulate,,1.00,0.30,"0.133776;0.348742;0.490041;0.000000;-3.141590;0.000000","1.656148;-0.959557;-2.051016;-1.701770;1.553554;1.650556",True,11204.13,0.00,13271.34,,
477,2026-04-13 19:10:56.147,MoveToLL,MoveToLL_StackOnTwoML_stick44_robot1_finallocstick44_rpmanipulate_stick39_stick40_gripper1_layer9_layer10,planned,finallocstick44,gripper,0.30,0.30,"0.015759;0.790574;0.147500;3.140516;-0.082237;0.000000","",True,16651.88,0.00,18702.62,,
478,2026-04-13 19:11:15.006,MoveToLL,MoveToLL_StackOnTwoML_stick44_robot1_finallocstick44_rpmanipulate_stick39_stick40_gripper1_layer9_layer10,movej,rpmanipulate,,1.00,0.30,"0.133776;0.348742;0.490041;0.000000;-3.141590;0.000000","1.656148;-0.959557;-2.051016;-1.701770;1.553554;1.650556",True,11425.37,0.00,13479.17,,
479,2026-04-13 19:11:31.692,MoveToLL,MoveToLL_TravelML_robot1_rpmanipulate_rppickup_dup45,movej,rppickup,,1.00,0.30,"0.607360;-0.274802;0.339901;0.000000;-3.141590;0.000000","-0.128900;-1.540886;-1.932730;-1.238644;1.554514;1.433690",True,10789.82,0.00,12829.49,,
480,2026-04-13 19:11:51.576,MoveToLL,MoveToLL_PickUpML_stick43_initlocstick43_robot1_gripper1_rppickup,movel,initlocstick43,,0.30,0.30,"0.607370;-0.274820;-0.006000;0.000000;-3.141590;0.000000","",True,5337.86,0.00,7372.52,,
481,2026-04-13 19:11:59.092,CloseGripperLL,CloseGripperLL_PickUpML_stick43_initlocstick43_robot1_gripper1_rppickup,close_gripper,,,0.50,1.00,"","",True,11.74,0.00,2040.38,,
482,2026-04-13 19:12:01.285,MoveToLL,MoveToLL_PickUpML_stick43_initlocstick43_robot1_gripper1_rppickup,movel,rppickup,,1.00,0.30,"0.607360;-0.274802;0.339901;0.000000;-3.141590;0.000000","-0.128900;-1.540886;-1.932730;-1.238644;1.554514;1.433690",True,5898.51,0.00,7959.70,,
483,2026-04-13 19:12:12.676,MoveToLL,MoveToLL_TravelML_robot1_rppickup_rpmanipulate_dup52,movej,rpmanipulate,,1.00,0.30,"0.133776;0.348742;0.490041;0.000000;-3.141590;0.000000","1.656148;-0.959557;-2.051016;-1.701770;1.553554;1.650556",True,11272.46,0.00,13308.95,,
484,2026-04-13 19:12:26.312,MoveToLL,MoveToLL_StackOnTwoML_stick43_robot1_finallocstick43_rpmanipulate_stick39_stick38_gripper1_layer9_layer10,planned,finallocstick43,gripper,0.30,0.30,"0.190460;0.668510;0.147500;-2.162530;-2.278831;0.000000","",True,14241.07,0.00,16296.52,,
485,2026-04-13 19:12:42.769,MoveToLL,MoveToLL_StackOnTwoML_stick43_robot1_finallocstick43_rpmanipulate_stick39_stick38_gripper1_layer9_layer10,movej,rpmanipulate,,1.00,0.30,"0.133776;0.348742;0.490041;0.000000;-3.141590;0.000000","1.656148;-0.959557;-2.051016;-1.701770;1.553554;1.650556",True,7908.62,0.00,9965.77,,
486,2026-04-13 19:12:56.129,MoveToLL,MoveToLL_TravelML_robot1_rpmanipulate_rppickup_dup46,movej,rppickup,,1.00,0.30,"0.607360;-0.274802;0.339901;0.000000;-3.141590;0.000000","-0.128900;-1.540886;-1.932730;-1.238644;1.554514;1.433690",True,11293.32,0.00,13343.68,,
487,2026-04-13 19:13:18.969,MoveToLL,MoveToLL_PickUpML_cube10_initloccube10_robot1_gripper1_rppickup,movel,initloccube10,,0.30,0.30,"0.607370;-0.274820;-0.009000;0.000000;-3.141590;0.000000","",True,5280.39,0.00,7336.32,,
488,2026-04-13 19:13:26.457,CloseGripperLL,CloseGripperLL_PickUpML_cube10_initloccube10_robot1_gripper1_rppickup,close_gripper,,,0.50,1.00,"","",True,14.21,0.00,2041.67,,
489,2026-04-13 19:13:28.650,MoveToLL,MoveToLL_PickUpML_cube10_initloccube10_robot1_gripper1_rppickup,movel,rppickup,,1.00,0.30,"0.607360;-0.274802;0.339901;0.000000;-3.141590;0.000000","-0.128900;-1.540886;-1.932730;-1.238644;1.554514;1.433690",True,5911.89,0.00,7962.58,,
490,2026-04-13 19:13:39.959,MoveToLL,MoveToLL_TravelML_robot1_rppickup_rpmanipulate_dup53,movej,rpmanipulate,,1.00,0.30,"0.133776;0.348742;0.490041;0.000000;-3.141590;0.000000","1.656148;-0.959557;-2.051016;-1.701770;1.553554;1.650556",True,10737.71,0.00,12792.06,,
491,2026-04-13 19:13:53.021,MoveToLL,MoveToLL_StackML_cube10_stick41_robot1_gripper1_finloccube10_rpmanipulate,planned,finloccube10,gripper,0.30,0.30,"-0.262790;0.912546;0.147500;-1.327694;-2.847250;0.000000","",True,16010.76,0.00,18056.79,,
492,2026-04-13 19:14:11.216,MoveToLL,MoveToLL_StackML_cube10_stick41_robot1_gripper1_finloccube10_rpmanipulate,movej,rpmanipulate,,1.00,0.30,"0.133776;0.348742;0.490041;0.000000;-3.141590;0.000000","1.656148;-0.959557;-2.051016;-1.701770;1.553554;1.650556",True,9335.60,0.00,11374.41,,
493,2026-04-13 19:14:25.752,MoveToLL,MoveToLL_TravelML_robot1_rpmanipulate_rppickup_dup47,movej,rppickup,,1.00,0.30,"0.607360;-0.274802;0.339901;0.000000;-3.141590;0.000000","-0.128900;-1.540886;-1.932730;-1.238644;1.554514;1.433690",True,10838.88,0.00,12872.44,,
494,2026-04-13 19:14:47.895,MoveToLL,MoveToLL_PickUpML_cube9_initloccube9_robot1_gripper1_rppickup,movel,initloccube9,,0.30,0.30,"0.607370;-0.274820;-0.009000;0.000000;-3.141590;0.000000","",True,6158.67,0.00,8210.19,,
495,2026-04-13 19:14:56.258,CloseGripperLL,CloseGripperLL_PickUpML_cube9_initloccube9_robot1_gripper1_rppickup,close_gripper,,,0.50,1.00,"","",True,3.38,0.00,2041.50,,
496,2026-04-13 19:14:58.438,MoveToLL,MoveToLL_PickUpML_cube9_initloccube9_robot1_gripper1_rppickup,movel,rppickup,,1.00,0.30,"0.607360;-0.274802;0.339901;0.000000;-3.141590;0.000000","-0.128900;-1.540886;-1.932730;-1.238644;1.554514;1.433690",True,5949.27,0.00,7982.85,,
497,2026-04-13 19:15:09.830,MoveToLL,MoveToLL_TravelML_robot1_rppickup_rpmanipulate_dup54,movej,rpmanipulate,,1.00,0.30,"0.133776;0.348742;0.490041;0.000000;-3.141590;0.000000","1.656148;-0.959557;-2.051016;-1.701770;1.553554;1.650556",True,11273.85,0.00,13330.01,,
498,2026-04-13 19:15:23.464,MoveToLL,MoveToLL_StackML_cube9_stick37_robot1_gripper1_finloccube9_rpmanipulate,planned,finloccube9,gripper,0.30,0.30,"0.263898;0.973028;0.147500;2.847250;1.327694;0.000000","",True,16694.37,0.00,18722.65,,
499,2026-04-13 19:15:42.335,MoveToLL,MoveToLL_StackML_cube9_stick37_robot1_gripper1_finloccube9_rpmanipulate,movej,rpmanipulate,,1.00,0.30,"0.133776;0.348742;0.490041;0.000000;-3.141590;0.000000","1.656148;-0.959557;-2.051016;-1.701770;1.553554;1.650556",True,10055.40,0.00,12088.54,,
500,2026-04-13 19:15:57.853,MoveToLL,MoveToLL_TravelML_robot1_rpmanipulate_rppickup_dup48,movej,rppickup,,1.00,0.30,"0.607360;-0.274802;0.339901;0.000000;-3.141590;0.000000","-0.128900;-1.540886;-1.932730;-1.238644;1.554514;1.433690",True,11261.73,0.00,13307.97,,
501,2026-04-13 19:16:22.254,MoveToLL,MoveToLL_PickUpML_stick45_initlocstick45_robot1_gripper1_rppickup,movel,initlocstick45,,0.30,0.30,"0.607370;-0.274820;-0.006000;0.000000;-3.141590;0.000000","",True,5289.34,0.00,7333.71,,
502,2026-04-13 19:16:29.746,CloseGripperLL,CloseGripperLL_PickUpML_stick45_initlocstick45_robot1_gripper1_rppickup,close_gripper,,,0.50,1.00,"","",True,10.26,0.00,2057.23,,
503,2026-04-13 19:16:31.968,MoveToLL,MoveToLL_PickUpML_stick45_initlocstick45_robot1_gripper1_rppickup,movel,rppickup,,1.00,0.30,"0.607360;-0.274802;0.339901;0.000000;-3.141590;0.000000","-0.128900;-1.540886;-1.932730;-1.238644;1.554514;1.433690",True,5830.67,0.00,7873.46,,
504,2026-04-13 19:16:43.151,MoveToLL,MoveToLL_TravelML_robot1_rppickup_rpmanipulate_dup55,movej,rpmanipulate,,1.00,0.30,"0.133776;0.348742;0.490041;0.000000;-3.141590;0.000000","1.656148;-0.959557;-2.051016;-1.701770;1.553554;1.650556",True,10750.85,0.00,12806.75,,
505,2026-04-13 19:16:56.257,MoveToLL,MoveToLL_StackOnTwoML_stick45_robot1_finallocstick45_rpmanipulate_stick41_stick40_gripper1_layer9_layer10,planned,finallocstick45,gripper,0.30,0.30,"-0.137540;0.960831;0.147500;2.278831;2.162530;0.000000","",True,16682.09,0.00,18723.40,,
506,2026-04-13 19:17:15.129,MoveToLL,MoveToLL_StackOnTwoML_stick45_robot1_finallocstick45_rpmanipulate_stick41_stick40_gripper1_layer9_layer10,movej,rpmanipulate,,1.00,0.30,"0.133776;0.348742;0.490041;0.000000;-3.141590;0.000000","1.656148;-0.959557;-2.051016;-1.701770;1.553554;1.650556",True,9357.19,0.00,11381.38,,
507,2026-04-13 19:17:32.806,MoveToLL,MoveToLL_TravelML_robot1_rpmanipulate_rppickup_dup49,movej,rppickup,,1.00,0.30,"0.607360;-0.274802;0.339901;0.000000;-3.141590;0.000000","-0.128900;-1.540886;-1.932730;-1.238644;1.554514;1.433690",True,10914.84,0.00,12946.00,,
508,2026-04-13 19:17:49.645,MoveToLL,MoveToLL_PickUpML_stick47_initlocstick47_robot1_gripper1_rppickup,movel,initlocstick47,,0.30,0.30,"0.607370;-0.274820;-0.006000;0.000000;-3.141590;0.000000","",True,5278.31,0.00,7330.51,,
509,2026-04-13 19:17:57.123,CloseGripperLL,CloseGripperLL_PickUpML_stick47_initlocstick47_robot1_gripper1_rppickup,close_gripper,,,0.50,1.00,"","",True,13.67,0.00,2051.70,,
510,2026-04-13 19:17:59.315,MoveToLL,MoveToLL_PickUpML_stick47_initlocstick47_robot1_gripper1_rppickup,movel,rppickup,,1.00,0.30,"0.607360;-0.274802;0.339901;0.000000;-3.141590;0.000000","-0.128900;-1.540886;-1.932730;-1.238644;1.554514;1.433690",True,5917.35,0.00,7965.70,,
511,2026-04-13 19:18:10.534,MoveToLL,MoveToLL_TravelML_robot1_rppickup_rpmanipulate_dup56,movej,rpmanipulate,,1.00,0.30,"0.133776;0.348742;0.490041;0.000000;-3.141590;0.000000","1.656148;-0.959557;-2.051016;-1.701770;1.553554;1.650556",True,10758.24,0.00,12785.24,,
512,2026-04-13 19:18:23.619,MoveToLL,MoveToLL_StackOnTwoML_stick47_robot1_finallocstick47_rpmanipulate_stick42_stick43_gripper1_layer10_layer11,planned,finallocstick47,gripper,0.30,0.30,"0.298514;0.717754;0.165000;-1.176861;-2.912834;0.000000","",True,15090.32,0.00,17128.72,,
513,2026-04-13 19:18:40.902,MoveToLL,MoveToLL_StackOnTwoML_stick47_robot1_finallocstick47_rpmanipulate_stick42_stick43_gripper1_layer10_layer11,movej,rpmanipulate,,1.00,0.30,"0.133776;0.348742;0.490041;0.000000;-3.141590;0.000000","1.656148;-0.959557;-2.051016;-1.701770;1.553554;1.650556",True,9312.82,0.00,11390.72,,
514,2026-04-13 19:18:55.591,MoveToLL,MoveToLL_TravelML_robot1_rpmanipulate_rppickup_dup50,movej,rppickup,,1.00,0.30,"0.607360;-0.274802;0.339901;0.000000;-3.141590;0.000000","-0.128900;-1.540886;-1.932730;-1.238644;1.554514;1.433690",True,10735.91,0.00,12770.46,,
515,2026-04-13 19:19:35.758,MoveToLL,MoveToLL_PickUpML_stick46_initlocstick46_robot1_gripper1_rppickup,movel,initlocstick46,,0.30,0.30,"0.607370;-0.274820;-0.009000;0.000000;-3.141590;0.000000","",True,5834.17,0.00,7854.66,,
516,2026-04-13 19:19:43.802,CloseGripperLL,CloseGripperLL_PickUpML_stick46_initlocstick46_robot1_gripper1_rppickup,close_gripper,,,0.50,1.00,"","",True,0.88,0.00,2018.74,,
517,2026-04-13 19:19:45.999,MoveToLL,MoveToLL_PickUpML_stick46_initlocstick46_robot1_gripper1_rppickup,movel,rppickup,,1.00,0.30,"0.607360;-0.274802;0.339901;0.000000;-3.141590;0.000000","-0.128900;-1.540886;-1.932730;-1.238644;1.554514;1.433690",True,5130.32,0.00,7160.33,,
518,2026-04-13 19:19:56.545,MoveToLL,MoveToLL_TravelML_robot1_rppickup_rpmanipulate_dup57,movej,rpmanipulate,,1.00,0.30,"0.133776;0.348742;0.490041;0.000000;-3.141590;0.000000","1.656148;-0.959557;-2.051016;-1.701770;1.553554;1.650556",True,11331.22,0.00,13355.74,,
519,2026-04-13 19:20:10.257,MoveToLL,MoveToLL_StackOnTwoML_stick46_robot1_finallocstick46_rpmanipulate_stick42_cube9_gripper1_layer10_layer11,planned,finallocstick46,gripper,0.30,0.30,"0.315197;0.926850;0.165000;1.227518;-2.891851;0.000000","",True,19829.51,0.00,21871.01,,
520,2026-04-13 19:20:32.364,MoveToLL,MoveToLL_StackOnTwoML_stick46_robot1_finallocstick46_rpmanipulate_stick42_cube9_gripper1_layer10_layer11,movej,rpmanipulate,,1.00,0.30,"0.133776;0.348742;0.490041;0.000000;-3.141590;0.000000","1.656148;-0.959557;-2.051016;-1.701770;1.553554;1.650556",True,12761.51,0.00,14802.51,,
521,2026-04-13 19:20:50.750,MoveToLL,MoveToLL_TravelML_robot1_rpmanipulate_rppickup_dup51,movej,rppickup,,1.00,0.30,"0.607360;-0.274802;0.339901;0.000000;-3.141590;0.000000","-0.128900;-1.540886;-1.932730;-1.238644;1.554514;1.433690",True,11118.55,0.00,13154.92,,
522,2026-04-13 19:21:19.556,MoveToLL,MoveToLL_PickUpML_stick50_initlocstick50_robot1_gripper1_rppickup,movel,initlocstick50,,0.30,0.30,"0.607370;-0.274820;-0.009000;0.000000;-3.141590;0.000000","",True,6144.89,0.00,8217.69,,
523,2026-04-13 19:21:27.946,CloseGripperLL,CloseGripperLL_PickUpML_stick50_initlocstick50_robot1_gripper1_rppickup,close_gripper,,,0.50,1.00,"","",True,11.60,0.00,2073.18,,
524,2026-04-13 19:21:30.183,MoveToLL,MoveToLL_PickUpML_stick50_initlocstick50_robot1_gripper1_rppickup,movel,rppickup,,1.00,0.30,"0.607360;-0.274802;0.339901;0.000000;-3.141590;0.000000","-0.128900;-1.540886;-1.932730;-1.238644;1.554514;1.433690",True,6372.15,0.00,8489.80,,
525,2026-04-13 19:21:42.170,MoveToLL,MoveToLL_TravelML_robot1_rppickup_rpmanipulate_dup58,movej,rpmanipulate,,1.00,0.30,"0.133776;0.348742;0.490041;0.000000;-3.141590;0.000000","1.656148;-0.959557;-2.051016;-1.701770;1.553554;1.650556",True,11185.37,0.00,13240.81,,
526,2026-04-13 19:21:55.757,MoveToLL,MoveToLL_StackOnTwoML_stick50_robot1_finallocstick50_rpmanipulate_cube10_stick45_gripper1_layer10_layer11,planned,finallocstick50,gripper,0.30,0.30,"-0.231578;0.941635;0.165000;-1.227518;-2.891851;0.000000","",True,16630.97,0.00,18682.24,,
527,2026-04-13 19:22:14.592,MoveToLL,MoveToLL_StackOnTwoML_stick50_robot1_finallocstick50_rpmanipulate_cube10_stick45_gripper1_layer10_layer11,movej,rpmanipulate,,1.00,0.30,"0.133776;0.348742;0.490041;0.000000;-3.141590;0.000000","1.656148;-0.959557;-2.051016;-1.701770;1.553554;1.650556",True,9322.73,0.00,11380.59,,
528,2026-04-13 19:22:29.391,MoveToLL,MoveToLL_TravelML_robot1_rpmanipulate_rppickup_dup52,movej,rppickup,,1.00,0.30,"0.607360;-0.274802;0.339901;0.000000;-3.141590;0.000000","-0.128900;-1.540886;-1.932730;-1.238644;1.554514;1.433690",True,11276.26,0.00,13322.54,,
529,2026-04-13 19:22:50.115,MoveToLL,MoveToLL_PickUpML_stick49_initlocstick49_robot1_gripper1_rppickup,movel,initlocstick49,,0.30,0.30,"0.607370;-0.274820;-0.006000;0.000000;-3.141590;0.000000","",True,6354.23,0.00,8430.61,,
530,2026-04-13 19:22:58.707,CloseGripperLL,CloseGripperLL_PickUpML_stick49_initlocstick49_robot1_gripper1_rppickup,close_gripper,,,0.50,1.00,"","",True,15.47,0.00,2056.25,,
531,2026-04-13 19:23:00.922,MoveToLL,MoveToLL_PickUpML_stick49_initlocstick49_robot1_gripper1_rppickup,movel,rppickup,,1.00,0.30,"0.607360;-0.274802;0.339901;0.000000;-3.141590;0.000000","-0.128900;-1.540886;-1.932730;-1.238644;1.554514;1.433690",True,5821.46,0.00,7864.16,,
532,2026-04-13 19:23:12.316,MoveToLL,MoveToLL_TravelML_robot1_rppickup_rpmanipulate_dup59,movej,rpmanipulate,,1.00,0.30,"0.133776;0.348742;0.490041;0.000000;-3.141590;0.000000","1.656148;-0.959557;-2.051016;-1.701770;1.553554;1.650556",True,11163.38,0.00,13213.08,,
533,2026-04-13 19:23:25.911,MoveToLL,MoveToLL_StackOnTwoML_stick49_robot1_finallocstick49_rpmanipulate_stick45_stick44_gripper1_layer10_layer11,planned,finallocstick49,gripper,0.30,0.30,"-0.029486;0.911587;0.165000;2.912834;1.176861;0.000000","",True,15769.31,0.00,17853.25,,
534,2026-04-13 19:23:43.934,MoveToLL,MoveToLL_StackOnTwoML_stick49_robot1_finallocstick49_rpmanipulate_stick45_stick44_gripper1_layer10_layer11,movej,rpmanipulate,,1.00,0.30,"0.133776;0.348742;0.490041;0.000000;-3.141590;0.000000","1.656148;-0.959557;-2.051016;-1.701770;1.553554;1.650556",True,9309.79,0.00,11351.40,,
535,2026-04-13 19:23:58.865,MoveToLL,MoveToLL_TravelML_robot1_rpmanipulate_rppickup_dup53,movej,rppickup,,1.00,0.30,"0.607360;-0.274802;0.339901;0.000000;-3.141590;0.000000","-0.128900;-1.540886;-1.932730;-1.238644;1.554514;1.433690",True,11120.12,0.00,13158.20,,
536,2026-04-13 19:24:31.898,MoveToLL,MoveToLL_PickUpML_stick48_initlocstick48_robot1_gripper1_rppickup,movel,initlocstick48,,0.30,0.30,"0.607370;-0.274820;-0.006000;0.000000;-3.141590;0.000000","",True,5328.41,0.00,7367.55,,
537,2026-04-13 19:24:39.452,CloseGripperLL,CloseGripperLL_PickUpML_stick48_initlocstick48_robot1_gripper1_rppickup,close_gripper,,,0.50,1.00,"","",True,1.35,0.00,2046.39,,
538,2026-04-13 19:24:41.686,MoveToLL,MoveToLL_PickUpML_stick48_initlocstick48_robot1_gripper1_rppickup,movel,rppickup,,1.00,0.30,"0.607360;-0.274802;0.339901;0.000000;-3.141590;0.000000","-0.128900;-1.540886;-1.932730;-1.238644;1.554514;1.433690",True,5824.33,0.00,7873.99,,
539,2026-04-13 19:24:53.142,MoveToLL,MoveToLL_TravelML_robot1_rppickup_rpmanipulate_dup60,movej,rpmanipulate,,1.00,0.30,"0.133776;0.348742;0.490041;0.000000;-3.141590;0.000000","1.656148;-0.959557;-2.051016;-1.701770;1.553554;1.650556",True,11111.40,0.00,13159.96,,
540,2026-04-13 19:25:06.753,MoveToLL,MoveToLL_StackOnTwoML_stick48_robot1_finallocstick48_rpmanipulate_stick43_stick44_gripper1_layer10_layer11,planned,finallocstick48,gripper,0.30,0.30,"0.069447;0.713755;0.165000;2.891851;1.227518;0.000000","",True,16527.31,0.00,18580.66,,
541,2026-04-13 19:25:25.559,MoveToLL,MoveToLL_StackOnTwoML_stick48_robot1_finallocstick48_rpmanipulate_stick43_stick44_gripper1_layer10_layer11,movej,rpmanipulate,,1.00,0.30,"0.133776;0.348742;0.490041;0.000000;-3.141590;0.000000","1.656148;-0.959557;-2.051016;-1.701770;1.553554;1.650556",True,8550.93,0.00,10620.61,,
542,2026-04-13 19:25:40.082,MoveToLL,MoveToLL_TravelML_robot1_rpmanipulate_rppickup_dup54,movej,rppickup,,1.00,0.30,"0.607360;-0.274802;0.339901;0.000000;-3.141590;0.000000","-0.128900;-1.540886;-1.932730;-1.238644;1.554514;1.433690",True,10882.55,0.00,12921.62,,
543,2026-04-13 19:26:27.087,MoveToLL,MoveToLL_PickUpML_cube12_initloccube12_robot1_gripper1_rppickup,movel,initloccube12,,0.30,0.30,"0.607370;-0.274820;-0.009000;0.000000;-3.141590;0.000000","",True,5423.66,0.00,7491.31,,
544,2026-04-13 19:26:34.847,CloseGripperLL,CloseGripperLL_PickUpML_cube12_initloccube12_robot1_gripper1_rppickup,close_gripper,,,0.50,1.00,"","",True,13.10,0.00,2075.50,,
545,2026-04-13 19:26:37.130,MoveToLL,MoveToLL_PickUpML_cube12_initloccube12_robot1_gripper1_rppickup,movel,rppickup,,1.00,0.30,"0.607360;-0.274802;0.339901;0.000000;-3.141590;0.000000","-0.128900;-1.540886;-1.932730;-1.238644;1.554514;1.433690",True,6329.40,0.00,8376.63,,
546,2026-04-13 19:26:49.188,MoveToLL,MoveToLL_TravelML_robot1_rppickup_rpmanipulate_dup61,movej,rpmanipulate,,1.00,0.30,"0.133776;0.348742;0.490041;0.000000;-3.141590;0.000000","1.656148;-0.959557;-2.051016;-1.701770;1.553554;1.650556",True,11066.86,0.00,13080.28,,
547,2026-04-13 19:27:02.613,MoveToLL,MoveToLL_StackML_cube12_stick50_robot1_gripper1_finloccube12_rpmanipulate,planned,finloccube12,gripper,0.30,0.30,"-0.270423;0.904124;0.182500;-1.227518;-2.891851;0.000000","",True,15848.47,0.00,17882.58,,
548,2026-04-13 19:27:20.680,MoveToLL,MoveToLL_StackML_cube12_stick50_robot1_gripper1_finloccube12_rpmanipulate,movej,rpmanipulate,,1.00,0.30,"0.133776;0.348742;0.490041;0.000000;-3.141590;0.000000","1.656148;-0.959557;-2.051016;-1.701770;1.553554;1.650556",True,9307.97,0.00,11346.12,,
549,2026-04-13 19:27:35.462,MoveToLL,MoveToLL_TravelML_robot1_rpmanipulate_rppickup_dup55,movej,rppickup,,1.00,0.30,"0.607360;-0.274802;0.339901;0.000000;-3.141590;0.000000","-0.128900;-1.540886;-1.932730;-1.238644;1.554514;1.433690",True,11270.44,0.00,13309.98,,
550,2026-04-13 19:28:01.381,MoveToLL,MoveToLL_PickUpML_stick54_initlocstick54_robot1_gripper1_rppickup,movel,initlocstick54,,0.30,0.30,"0.607370;-0.274820;-0.006000;0.000000;-3.141590;0.000000","",True,5380.91,0.00,7425.89,,
551,2026-04-13 19:28:08.992,CloseGripperLL,CloseGripperLL_PickUpML_stick54_initlocstick54_robot1_gripper1_rppickup,close_gripper,,,0.50,1.00,"","",True,1.04,0.00,2051.05,,
552,2026-04-13 19:28:11.202,MoveToLL,MoveToLL_PickUpML_stick54_initlocstick54_robot1_gripper1_rppickup,movel,rppickup,,1.00,0.30,"0.607360;-0.274802;0.339901;0.000000;-3.141590;0.000000","-0.128900;-1.540886;-1.932730;-1.238644;1.554514;1.433690",True,5850.81,0.00,7875.86,,
553,2026-04-13 19:28:22.615,MoveToLL,MoveToLL_TravelML_robot1_rppickup_rpmanipulate_dup62,movej,rpmanipulate,,1.00,0.30,"0.133776;0.348742;0.490041;0.000000;-3.141590;0.000000","1.656148;-0.959557;-2.051016;-1.701770;1.553554;1.650556",True,11160.36,0.00,13210.99,,
554,2026-04-13 19:28:36.312,MoveToLL,MoveToLL_StackOnTwoML_stick54_robot1_finallocstick54_rpmanipulate_stick50_stick49_gripper1_layer11_layer12,planned,finallocstick54,gripper,0.30,0.30,"-0.148846;0.961028;0.182500;-2.201971;-2.240742;0.000000","",True,16476.61,0.00,18540.24,,
555,2026-04-13 19:28:55.043,MoveToLL,MoveToLL_StackOnTwoML_stick54_robot1_finallocstick54_rpmanipulate_stick50_stick49_gripper1_layer11_layer12,movej,rpmanipulate,,1.00,0.30,"0.133776;0.348742;0.490041;0.000000;-3.141590;0.000000","1.656148;-0.959557;-2.051016;-1.701770;1.553554;1.650556",True,9294.69,0.00,11341.17,,
556,2026-04-13 19:29:09.898,MoveToLL,MoveToLL_TravelML_robot1_rpmanipulate_rppickup_dup56,movej,rppickup,,1.00,0.30,"0.607360;-0.274802;0.339901;0.000000;-3.141590;0.000000","-0.128900;-1.540886;-1.932730;-1.238644;1.554514;1.433690",True,11185.18,0.00,13230.58,,
557,2026-04-13 19:29:40.496,MoveToLL,MoveToLL_PickUpML_stick51_initlocstick51_robot1_gripper1_rppickup,movel,initlocstick51,,0.30,0.30,"0.607370;-0.274820;-0.006000;0.000000;-3.141590;0.000000","",True,5439.41,0.00,7478.88,,
558,2026-04-13 19:29:48.156,CloseGripperLL,CloseGripperLL_PickUpML_stick51_initlocstick51_robot1_gripper1_rppickup,close_gripper,,,0.50,1.00,"","",True,24.12,0.00,2072.73,,
559,2026-04-13 19:29:50.398,MoveToLL,MoveToLL_PickUpML_stick51_initlocstick51_robot1_gripper1_rppickup,movel,rppickup,,1.00,0.30,"0.607360;-0.274802;0.339901;0.000000;-3.141590;0.000000","-0.128900;-1.540886;-1.932730;-1.238644;1.554514;1.433690",True,5830.29,0.00,7888.50,,
560,2026-04-13 19:30:01.735,MoveToLL,MoveToLL_TravelML_robot1_rppickup_rpmanipulate_dup63,movej,rpmanipulate,,1.00,0.30,"0.133776;0.348742;0.490041;0.000000;-3.141590;0.000000","1.656148;-0.959557;-2.051016;-1.701770;1.553554;1.650556",True,11249.54,0.00,13298.11,,
561,2026-04-13 19:30:15.419,MoveToLL,MoveToLL_StackOnTwoML_stick51_robot1_finallocstick51_rpmanipulate_stick47_stick46_gripper1_layer11_layer12,planned,finallocstick51,gripper,0.30,0.30,"0.343957;0.827461;0.182500;-0.027415;-3.141473;0.000000","",True,16592.91,0.00,18641.92,,
562,2026-04-13 19:30:34.235,MoveToLL,MoveToLL_StackOnTwoML_stick51_robot1_finallocstick51_rpmanipulate_stick47_stick46_gripper1_layer11_layer12,movej,rpmanipulate,,1.00,0.30,"0.133776;0.348742;0.490041;0.000000;-3.141590;0.000000","1.656148;-0.959557;-2.051016;-1.701770;1.553554;1.650556",True,11439.56,0.00,13463.58,,
563,2026-04-13 19:30:51.072,MoveToLL,MoveToLL_TravelML_robot1_rpmanipulate_rppickup_dup57,movej,rppickup,,1.00,0.30,"0.607360;-0.274802;0.339901;0.000000;-3.141590;0.000000","-0.128900;-1.540886;-1.932730;-1.238644;1.554514;1.433690",True,11311.16,0.00,13368.48,,
564,2026-04-13 19:31:51.615,MoveToLL,MoveToLL_PickUpML_cube11_initloccube11_robot1_gripper1_rppickup,movel,initloccube11,,0.30,0.30,"0.607370;-0.274820;-0.009000;0.000000;-3.141590;0.000000","",True,5262.86,0.00,7329.90,,
565,2026-04-13 19:31:59.113,CloseGripperLL,CloseGripperLL_PickUpML_cube11_initloccube11_robot1_gripper1_rppickup,close_gripper,,,0.50,1.00,"","",True,11.24,0.00,2068.25,,
566,2026-04-13 19:32:01.349,MoveToLL,MoveToLL_PickUpML_cube11_initloccube11_robot1_gripper1_rppickup,movel,rppickup,,1.00,0.30,"0.607360;-0.274802;0.339901;0.000000;-3.141590;0.000000","-0.128900;-1.540886;-1.932730;-1.238644;1.554514;1.433690",True,5839.51,0.00,7884.63,,
567,2026-04-13 19:32:12.598,MoveToLL,MoveToLL_TravelML_robot1_rppickup_rpmanipulate_dup64,movej,rpmanipulate,,1.00,0.30,"0.133776;0.348742;0.490041;0.000000;-3.141590;0.000000","1.656148;-0.959557;-2.051016;-1.701770;1.553554;1.650556",True,11337.23,0.00,13371.71,,
568,2026-04-13 19:32:26.460,MoveToLL,MoveToLL_StackML_cube11_stick46_robot1_gripper1_finloccube11_rpmanipulate,planned,finloccube11,gripper,0.30,0.30,"0.279050;0.961757;0.182500;2.891851;1.227518;0.000000","",True,16457.12,0.00,18538.70,,
569,2026-04-13 19:32:45.186,MoveToLL,MoveToLL_StackML_cube11_stick46_robot1_gripper1_finloccube11_rpmanipulate,movej,rpmanipulate,,1.00,0.30,"0.133776;0.348742;0.490041;0.000000;-3.141590;0.000000","1.656148;-0.959557;-2.051016;-1.701770;1.553554;1.650556",True,9299.99,0.00,11343.21,,
570,2026-04-13 19:33:00.151,MoveToLL,MoveToLL_TravelML_robot1_rpmanipulate_rppickup_dup58,movej,rppickup,,1.00,0.30,"0.607360;-0.274802;0.339901;0.000000;-3.141590;0.000000","-0.128900;-1.540886;-1.932730;-1.238644;1.554514;1.433690",True,11093.94,0.00,13120.01,,
571,2026-04-13 19:33:47.985,MoveToLL,MoveToLL_PickUpML_stick52_initlocstick52_robot1_gripper1_rppickup,movel,initlocstick52,,0.30,0.30,"0.607370;-0.274820;-0.006000;0.000000;-3.141590;0.000000","",True,6293.10,0.00,8364.59,,
572,2026-04-13 19:33:56.517,CloseGripperLL,CloseGripperLL_PickUpML_stick52_initlocstick52_robot1_gripper1_rppickup,close_gripper,,,0.50,1.00,"","",True,1.06,0.00,2039.85,,
573,2026-04-13 19:33:58.715,MoveToLL,MoveToLL_PickUpML_stick52_initlocstick52_robot1_gripper1_rppickup,movel,rppickup,,1.00,0.30,"0.607360;-0.274802;0.339901;0.000000;-3.141590;0.000000","-0.128900;-1.540886;-1.932730;-1.238644;1.554514;1.433690",True,5846.38,0.00,7889.64,,
574,2026-04-13 19:34:10.142,MoveToLL,MoveToLL_TravelML_robot1_rppickup_rpmanipulate_dup65,movej,rpmanipulate,,1.00,0.30,"0.133776;0.348742;0.490041;0.000000;-3.141590;0.000000","1.656148;-0.959557;-2.051016;-1.701770;1.553554;1.650556",True,11157.07,0.00,13197.16,,
575,2026-04-13 19:34:23.736,MoveToLL,MoveToLL_StackOnTwoML_stick52_robot1_finallocstick52_rpmanipulate_stick48_stick47_gripper1_layer11_layer12,planned,finallocstick52,gripper,0.30,0.30,"0.179154;0.668313;0.182500;2.240742;2.201971;0.000000","",True,14282.35,0.00,16310.48,,
576,2026-04-13 19:34:40.216,MoveToLL,MoveToLL_StackOnTwoML_stick52_robot1_finallocstick52_rpmanipulate_stick48_stick47_gripper1_layer11_layer12,movej,rpmanipulate,,1.00,0.30,"0.133776;0.348742;0.490041;0.000000;-3.141590;0.000000","1.656148;-0.959557;-2.051016;-1.701770;1.553554;1.650556",True,7826.72,0.00,9954.11,,
577,2026-04-13 19:34:53.621,MoveToLL,MoveToLL_TravelML_robot1_rpmanipulate_rppickup_dup59,movej,rppickup,,1.00,0.30,"0.607360;-0.274802;0.339901;0.000000;-3.141590;0.000000","-0.128900;-1.540886;-1.932730;-1.238644;1.554514;1.433690",True,11235.47,0.00,13270.65,,
578,2026-04-13 19:35:19.509,MoveToLL,MoveToLL_PickUpML_stick53_initlocstick53_robot1_gripper1_rppickup,movel,initlocstick53,,0.30,0.30,"0.607370;-0.274820;-0.006000;0.000000;-3.141590;0.000000","",True,5365.50,0.00,7419.79,,
579,2026-04-13 19:35:27.111,CloseGripperLL,CloseGripperLL_PickUpML_stick53_initlocstick53_robot1_gripper1_rppickup,close_gripper,,,0.50,1.00,"","",True,12.21,0.00,2055.89,,
580,2026-04-13 19:35:29.322,MoveToLL,MoveToLL_PickUpML_stick53_initlocstick53_robot1_gripper1_rppickup,movel,rppickup,,1.00,0.30,"0.607360;-0.274802;0.339901;0.000000;-3.141590;0.000000","-0.128900;-1.540886;-1.932730;-1.238644;1.554514;1.433690",True,5849.12,0.00,7905.82,,
581,2026-04-13 19:35:40.656,MoveToLL,MoveToLL_TravelML_robot1_rppickup_rpmanipulate_dup66,movej,rpmanipulate,,1.00,0.30,"0.133776;0.348742;0.490041;0.000000;-3.141590;0.000000","1.656148;-0.959557;-2.051016;-1.701770;1.553554;1.650556",True,11263.29,0.00,13313.80,,
582,2026-04-13 19:35:54.376,MoveToLL,MoveToLL_StackOnTwoML_stick53_robot1_finallocstick53_rpmanipulate_stick48_stick49_gripper1_layer11_layer12,planned,finallocstick53,gripper,0.30,0.30,"0.015957;0.801880;0.182500;3.141473;0.027415;0.000000","",True,16573.11,0.00,18626.22,,
583,2026-04-13 19:36:13.209,MoveToLL,MoveToLL_StackOnTwoML_stick53_robot1_finallocstick53_rpmanipulate_stick48_stick49_gripper1_layer11_layer12,movej,rpmanipulate,,1.00,0.30,"0.133776;0.348742;0.490041;0.000000;-3.141590;0.000000","1.656148;-0.959557;-2.051016;-1.701770;1.553554;1.650556",True,10660.39,0.00,12727.06,,
584,2026-04-13 19:36:29.479,MoveToLL,MoveToLL_TravelML_robot1_rpmanipulate_rptoolchange_dup15,movej,rptoolchange,,1.00,0.30,"-0.276143;0.385864;0.086921;-3.141491;-0.002589;-0.000081","2.086106;-1.186673;-2.396030;-1.129490;1.555172;0.503193",True,9033.16,0.00,11094.07,,
585,2026-04-13 19:36:40.927,DeequipToolLL,DeequipToolLL_DeequipML_robot1_gripper1_equiplocgripper_rptoolchange_dup8,play_program,,gripper,0.50,1.00,"","",True,20563.74,0.00,22595.85,,
586,2026-04-13 19:37:03.966,EquipToolLL,EquipToolLL_EquipeML_robot1_staplergun1_rptoolchange_equiplocstapler_dup8,play_program,,nailgun,0.50,1.00,"","",True,10406.61,0.00,12441.28,,
587,2026-04-13 19:37:19.910,MoveToLL,MoveToLL_TravelML_robot1_rptoolchange_rpmanipulate_dup8,movej,rpmanipulate,,1.00,0.30,"0.133776;0.348742;0.490041;0.000000;-3.141590;0.000000","1.656148;-0.959557;-2.051016;-1.701770;1.553554;1.650556",True,9659.59,0.00,11691.51,,
588,2026-04-13 19:37:32.301,NailingLL,NailingLL_NailingML_stick54_stick50_robot1_staplergun1_rpmanipulate,planned,unknown,nailgun,0.30,0.30,"-0.213000;0.960000;0.202000;0.000000;0.000000;0.000000","",True,23492.92,0.00,25543.33,,
589,2026-04-13 19:38:04.585,MoveToLL,MoveToLL_TravelML_robot1_rpmanipulate_rptoolchange_dup16,movej,rptoolchange,,1.00,0.30,"-0.276143;0.385864;0.086921;-3.141491;-0.002589;-0.000081","2.086106;-1.186673;-2.396030;-1.129490;1.555172;0.503193",True,10564.54,0.00,12605.66,,
590,2026-04-13 19:38:18.112,DeequipToolLL,DeequipToolLL_DeequipML_robot1_staplergun1_equiplocstapler_rptoolchange_dup8,play_program,,nailgun,0.50,1.00,"","",True,7271.96,0.00,9338.16,,
591,2026-04-13 19:38:27.762,EquipToolLL,EquipToolLL_EquipeML_robot1_gripper1_rptoolchange_equiplocgripper_dup8,play_program,,gripper,0.50,1.00,"","",True,20760.96,0.00,22823.69,,
592,2026-04-13 19:38:53.905,MoveToLL,MoveToLL_TravelML_robot1_rptoolchange_rppickup_dup8,movej,rppickup,,1.00,0.30,"0.607360;-0.274802;0.339901;0.000000;-3.141590;0.000000","-0.128900;-1.540886;-1.932730;-1.238644;1.554514;1.433690",True,11891.74,0.00,13935.74,,
593,2026-04-13 19:40:11.749,MoveToLL,MoveToLL_PickUpML_stick56_initlocstick56_robot1_gripper1_rppickup,movel,initlocstick56,,0.30,0.30,"0.607370;-0.274820;-0.006000;0.000000;-3.141590;0.000000","",True,5353.18,0.00,7393.23,,
594,2026-04-13 19:40:19.282,CloseGripperLL,CloseGripperLL_PickUpML_stick56_initlocstick56_robot1_gripper1_rppickup,close_gripper,,,0.50,1.00,"","",True,12.88,0.00,2062.37,,
595,2026-04-13 19:40:21.498,MoveToLL,MoveToLL_PickUpML_stick56_initlocstick56_robot1_gripper1_rppickup,movel,rppickup,,1.00,0.30,"0.607360;-0.274802;0.339901;0.000000;-3.141590;0.000000","-0.128900;-1.540886;-1.932730;-1.238644;1.554514;1.433690",True,5895.47,0.00,7958.31,,
596,2026-04-13 19:40:32.847,MoveToLL,MoveToLL_TravelML_robot1_rppickup_rpmanipulate_dup67,movej,rpmanipulate,,1.00,0.30,"0.133776;0.348742;0.490041;0.000000;-3.141590;0.000000","1.656148;-0.959557;-2.051016;-1.701770;1.553554;1.650556",True,11288.21,0.00,13350.52,,
597,2026-04-13 19:40:46.509,MoveToLL,MoveToLL_StackOnTwoML_stick56_robot1_finallocstick56_rpmanipulate_stick51_stick52_gripper1_layer12_layer13,planned,finallocstick56,gripper,0.30,0.30,"0.290380;0.709899;0.200000;-1.277801;-2.869988;0.000000","",True,17479.91,0.00,19520.98,,
598,2026-04-13 19:41:06.196,MoveToLL,MoveToLL_StackOnTwoML_stick56_robot1_finallocstick56_rpmanipulate_stick51_stick52_gripper1_layer12_layer13,movej,rpmanipulate,,1.00,0.30,"0.133776;0.348742;0.490041;0.000000;-3.141590;0.000000","1.656148;-0.959557;-2.051016;-1.701770;1.553554;1.650556",True,8621.70,0.00,10665.39,,
599,2026-04-13 19:41:20.355,MoveToLL,MoveToLL_TravelML_robot1_rpmanipulate_rppickup_dup60,movej,rppickup,,1.00,0.30,"0.607360;-0.274802;0.339901;0.000000;-3.141590;0.000000","-0.128900;-1.540886;-1.932730;-1.238644;1.554514;1.433690",True,11195.77,0.00,13245.23,,
600,2026-04-13 19:43:25.768,MoveToLL,MoveToLL_PickUpML_stick55_initlocstick55_robot1_gripper1_rppickup,movel,initlocstick55,,0.30,0.30,"0.607370;-0.274820;-0.009000;0.000000;-3.141590;0.000000","",True,5164.04,0.00,7194.49,,
601,2026-04-13 19:43:33.120,CloseGripperLL,CloseGripperLL_PickUpML_stick55_initlocstick55_robot1_gripper1_rppickup,close_gripper,,,0.50,1.00,"","",True,24.98,0.00,2079.46,,
602,2026-04-13 19:43:35.349,MoveToLL,MoveToLL_PickUpML_stick55_initlocstick55_robot1_gripper1_rppickup,movel,rppickup,,1.00,0.30,"0.607360;-0.274802;0.339901;0.000000;-3.141590;0.000000","-0.128900;-1.540886;-1.932730;-1.238644;1.554514;1.433690",True,5131.78,0.00,7163.62,,
603,2026-04-13 19:44:00.835,MoveToLL,MoveToLL_TravelML_robot1_rppickup_rpmanipulate_dup68,movej,rpmanipulate,,1.00,0.30,"0.133776;0.348742;0.490041;0.000000;-3.141590;0.000000","1.656148;-0.959557;-2.051016;-1.701770;1.553554;1.650556",True,10891.25,0.00,12933.96,,
604,2026-04-13 19:44:14.062,MoveToLL,MoveToLL_StackOnTwoML_stick55_robot1_finallocstick55_rpmanipulate_stick51_cube11_gripper1_layer12_layer13,planned,finallocstick55,gripper,0.30,0.30,"0.324117;0.914535;0.201000;1.125846;-2.932929;0.000000","",True,19912.62,0.00,21948.57,,
605,2026-04-13 19:44:36.182,MoveToLL,MoveToLL_StackOnTwoML_stick55_robot1_finallocstick55_rpmanipulate_stick51_cube11_gripper1_layer12_layer13,movej,rpmanipulate,,1.00,0.30,"0.133776;0.348742;0.490041;0.000000;-3.141590;0.000000","1.656148;-0.959557;-2.051016;-1.701770;1.553554;1.650556",True,13519.13,0.00,15561.78,,
606,2026-04-13 19:44:55.271,MoveToLL,MoveToLL_TravelML_robot1_rpmanipulate_rppickup_dup61,movej,rppickup,,1.00,0.30,"0.607360;-0.274802;0.339901;0.000000;-3.141590;0.000000","-0.128900;-1.540886;-1.932730;-1.238644;1.554514;1.433690",True,11166.65,0.00,13220.52,,
607,2026-04-13 19:45:24.490,MoveToLL,MoveToLL_PickUpML_stick57_initlocstick57_robot1_gripper1_rppickup,movel,initlocstick57,,0.30,0.30,"0.607370;-0.274820;-0.006000;0.000000;-3.141590;0.000000","",True,5167.79,0.00,7235.35,,
608,2026-04-13 19:45:31.916,CloseGripperLL,CloseGripperLL_PickUpML_stick57_initlocstick57_robot1_gripper1_rppickup,close_gripper,,,0.50,1.00,"","",True,1.21,0.00,2049.45,,
609,2026-04-13 19:45:34.148,MoveToLL,MoveToLL_PickUpML_stick57_initlocstick57_robot1_gripper1_rppickup,movel,rppickup,,1.00,0.30,"0.607360;-0.274802;0.339901;0.000000;-3.141590;0.000000","-0.128900;-1.540886;-1.932730;-1.238644;1.554514;1.433690",True,5137.13,0.00,7161.77,,
610,2026-04-13 19:45:44.880,MoveToLL,MoveToLL_TravelML_robot1_rppickup_rpmanipulate_dup69,movej,rpmanipulate,,1.00,0.30,"0.133776;0.348742;0.490041;0.000000;-3.141590;0.000000","1.656148;-0.959557;-2.051016;-1.701770;1.553554;1.650556",True,11112.35,0.00,13177.65,,
611,2026-04-13 19:45:58.476,MoveToLL,MoveToLL_StackOnTwoML_stick57_robot1_finallocstick57_rpmanipulate_stick52_stick53_gripper1_layer12_layer13,planned,finallocstick57,gripper,0.30,0.30,"0.061592;0.721889;0.200000;2.932929;1.125846;0.000000","",True,14142.42,0.00,16203.50,,
612,2026-04-13 19:46:15.000,MoveToLL,MoveToLL_StackOnTwoML_stick57_robot1_finallocstick57_rpmanipulate_stick52_stick53_gripper1_layer12_layer13,movej,rpmanipulate,,1.00,0.30,"0.133776;0.348742;0.490041;0.000000;-3.141590;0.000000","1.656148;-0.959557;-2.051016;-1.701770;1.553554;1.650556",True,8466.71,0.00,10533.06,,
613,2026-04-13 19:46:29.132,MoveToLL,MoveToLL_TravelML_robot1_rpmanipulate_rppickup_dup62,movej,rppickup,,1.00,0.30,"0.607360;-0.274802;0.339901;0.000000;-3.141590;0.000000","-0.128900;-1.540886;-1.932730;-1.238644;1.554514;1.433690",True,11091.41,0.00,13146.16,,
614,2026-04-13 19:47:45.335,MoveToLL,MoveToLL_PickUpML_stick60_initlocstick60_robot1_gripper1_rppickup,movel,initlocstick60,,0.30,0.30,"0.607370;-0.274820;-0.006000;0.000000;-3.141590;0.000000","",True,5363.48,0.00,7423.63,,
615,2026-04-13 19:47:52.916,CloseGripperLL,CloseGripperLL_PickUpML_stick60_initlocstick60_robot1_gripper1_rppickup,close_gripper,,,0.50,1.00,"","",True,13.98,0.00,2056.89,,
616,2026-04-13 19:47:55.124,MoveToLL,MoveToLL_PickUpML_stick60_initlocstick60_robot1_gripper1_rppickup,movel,rppickup,,1.00,0.30,"0.607360;-0.274802;0.339901;0.000000;-3.141590;0.000000","-0.128900;-1.540886;-1.932730;-1.238644;1.554514;1.433690",True,5924.31,0.00,7958.60,,
617,2026-04-13 19:48:06.364,MoveToLL,MoveToLL_TravelML_robot1_rppickup_rpmanipulate_dup70,movej,rpmanipulate,,1.00,0.30,"0.133776;0.348742;0.490041;0.000000;-3.141590;0.000000","1.656148;-0.959557;-2.051016;-1.701770;1.553554;1.650556",True,10758.56,0.00,12808.84,,
618,2026-04-13 19:48:19.467,MoveToLL,MoveToLL_StackOnTwoML_stick60_robot1_finallocstick60_rpmanipulate_stick56_stick55_gripper1_layer13_layer14,planned,finallocstick60,gripper,0.30,0.30,"0.343365;0.816169;0.217500;-0.137034;-3.138603;0.000000","",True,16662.14,0.00,18734.16,,
619,2026-04-13 19:49:41.000,MoveToLL,MoveToLL_StackOnTwoML_stick60_robot1_finallocstick60_rpmanipulate_stick56_stick55_gripper1_layer13_layer14,movej,rpmanipulate,,1.00,0.30,"0.133776;0.348742;0.490041;0.000000;-3.141590;0.000000","1.656148;-0.959557;-2.051016;-1.701770;1.553554;1.650556",True,11302.66,0.00,13325.62,,
620,2026-04-13 19:49:57.472,MoveToLL,MoveToLL_TravelML_robot1_rpmanipulate_rppickup_dup63,movej,rppickup,,1.00,0.30,"0.607360;-0.274802;0.339901;0.000000;-3.141590;0.000000","-0.128900;-1.540886;-1.932730;-1.238644;1.554514;1.433690",True,10842.06,0.00,12892.99,,
621,2026-04-13 19:50:14.364,MoveToLL,MoveToLL_PickUpML_stick58_initlocstick58_robot1_gripper1_rppickup,movel,initlocstick58,,0.30,0.30,"0.607370;-0.274820;-0.006000;0.000000;-3.141590;0.000000","",True,5176.41,0.00,7225.81,,
622,2026-04-13 19:50:21.718,CloseGripperLL,CloseGripperLL_PickUpML_stick58_initlocstick58_robot1_gripper1_rppickup,close_gripper,,,0.50,1.00,"","",True,1.07,0.00,2034.06,,
623,2026-04-13 19:50:23.894,MoveToLL,MoveToLL_PickUpML_stick58_initlocstick58_robot1_gripper1_rppickup,movel,rppickup,,1.00,0.30,"0.607360;-0.274802;0.339901;0.000000;-3.141590;0.000000","-0.128900;-1.540886;-1.932730;-1.238644;1.554514;1.433690",True,5949.67,0.00,7981.33,,
624,2026-04-13 19:50:35.030,MoveToLL,MoveToLL_TravelML_robot1_rppickup_rpmanipulate_dup71,movej,rpmanipulate,,1.00,0.30,"0.133776;0.348742;0.490041;0.000000;-3.141590;0.000000","1.656148;-0.959557;-2.051016;-1.701770;1.553554;1.650556",True,10853.54,0.00,12889.87,,
625,2026-04-13 19:50:48.299,MoveToLL,MoveToLL_StackOnTwoML_stick58_robot1_finallocstick58_rpmanipulate_stick54_stick53_gripper1_layer12_layer13,planned,finallocstick58,gripper,0.30,0.30,"-0.037620;0.919442;0.200000;2.869988;1.277801;0.000000","",True,15806.28,0.00,17849.56,,
626,2026-04-13 19:51:06.321,MoveToLL,MoveToLL_StackOnTwoML_stick58_robot1_finallocstick58_rpmanipulate_stick54_stick53_gripper1_layer12_layer13,movej,rpmanipulate,,1.00,0.30,"0.133776;0.348742;0.490041;0.000000;-3.141590;0.000000","1.656148;-0.959557;-2.051016;-1.701770;1.553554;1.650556",True,9289.28,0.00,11353.88,,
