CallNumber,Timestamp,PlannerName,HLActionInstance,ProblemFile,Success,PlannerTimeMs,TotalTimeMs,ActionsGenerated,PlanLength,Error
1,2026-07-06 17:12:41.052,ENHSP,cassette1,./Plannerinputs/static/problemC1.pddl,True,1263.42,1448.33,31,0,
2,2026-07-06 17:12:42.502,ENHSP,cassette2,./Plannerinputs/static/problemC2.pddl,True,1321.65,1426.74,31,0,
3,2026-07-06 17:12:43.929,ENHSP,cassette3,./Plannerinputs/static/problemC3.pddl,True,1310.12,1420.06,31,0,
4,2026-07-06 17:12:45.350,ENHSP,cassette4,./Plannerinputs/static/problemC4.pddl,True,1290.05,1394.91,31,0,
5,2026-07-06 17:12:46.793,FF,PickUpHL_lp1_fp1_r1,Plannerinputs/generated/problemPickUpHL_lp1_fp1_r1.pddl,True,269.74,340.72,5,0,
6,2026-07-06 17:12:47.167,FF,PickUpHL_lp2_fp9_r1,Plannerinputs/generated/problemPickUpHL_lp2_fp9_r1.pddl,True,280.56,347.80,5,0,
7,2026-07-06 17:12:47.554,FF,PickUpHL_lp3_fp17_r1,Plannerinputs/generated/problemPickUpHL_lp3_fp17_r1.pddl,True,271.53,342.66,5,0,
8,2026-07-06 17:12:47.933,FF,PickUpHL_lp4_fp25_r1,Plannerinputs/generated/problemPickUpHL_lp4_fp25_r1.pddl,True,274.01,342.09,5,0,
9,2026-07-06 17:12:49.160,FF,PickUpHL_lp2_fp9_r1,Plannerinputs/generated/problemPickUpHL_lp2_fp9_r1.pddl,True,279.78,352.39,3,0,
10,2026-07-06 17:12:49.519,FF,PickUpHL_lp3_fp17_r1,Plannerinputs/generated/problemPickUpHL_lp3_fp17_r1.pddl,True,287.56,350.86,3,0,
11,2026-07-06 17:12:49.878,FF,PickUpHL_lp4_fp25_r1,Plannerinputs/generated/problemPickUpHL_lp4_fp25_r1.pddl,True,278.70,345.98,3,0,
12,2026-07-06 17:12:50.384,FF,PlaceHL_lp1_pr1_r1,Plannerinputs/generated/problemPlaceHL_lp1_pr1_r1.pddl,True,271.93,333.57,2,0,
13,2026-07-06 17:12:51.029,FF,PickUpHL_lp2_fp9_r1,Plannerinputs/generated/problemPickUpHL_lp2_fp9_r1.pddl,True,276.98,335.75,2,0,
14,2026-07-06 17:12:51.396,FF,PickUpHL_lp3_fp17_r1,Plannerinputs/generated/problemPickUpHL_lp3_fp17_r1.pddl,True,266.43,322.22,2,0,
15,2026-07-06 17:12:51.726,FF,PickUpHL_lp4_fp25_r1,Plannerinputs/generated/problemPickUpHL_lp4_fp25_r1.pddl,True,267.94,340.14,2,0,
16,2026-07-06 17:12:52.214,FF,GluingPlateHL_lp1_pr1_r1,Plannerinputs/generated/problemGluingPlateHL_lp1_pr1_r1.pddl,True,290.78,362.85,8,0,
17,2026-07-06 17:12:52.883,FF,PickUpHL_lp3_fp17_r1,Plannerinputs/generated/problemPickUpHL_lp3_fp17_r1.pddl,True,279.41,341.89,3,0,
18,2026-07-06 17:12:53.258,FF,PickUpHL_lp4_fp25_r1,Plannerinputs/generated/problemPickUpHL_lp4_fp25_r1.pddl,True,269.75,339.26,3,0,
19,2026-07-06 17:12:53.719,FF,GluingPlateHL_lp1_pr1_r1,Plannerinputs/generated/problemGluingPlateHL_lp1_pr1_r1.pddl,True,303.40,386.61,11,0,
20,2026-07-06 17:12:54.144,FF,PlaceHL_lp2_pr2_r1,Plannerinputs/generated/problemPlaceHL_lp2_pr2_r1.pddl,True,280.97,337.28,2,0,
21,2026-07-06 17:12:54.767,FF,PickUpHL_lp3_fp17_r1,Plannerinputs/generated/problemPickUpHL_lp3_fp17_r1.pddl,True,269.30,331.25,2,0,
22,2026-07-06 17:12:55.106,FF,PickUpHL_lp4_fp25_r1,Plannerinputs/generated/problemPickUpHL_lp4_fp25_r1.pddl,True,275.95,336.98,2,0,
23,2026-07-06 17:12:55.557,FF,GluingPlateHL_lp1_pr1_r1,Plannerinputs/generated/problemGluingPlateHL_lp1_pr1_r1.pddl,True,278.10,345.23,8,0,
24,2026-07-06 17:12:55.970,FF,GluingPlateHL_lp2_pr2_r1,Plannerinputs/generated/problemGluingPlateHL_lp2_pr2_r1.pddl,True,286.50,364.11,8,0,
25,2026-07-06 17:12:56.634,FF,PickUpHL_lp4_fp25_r1,Plannerinputs/generated/problemPickUpHL_lp4_fp25_r1.pddl,True,272.50,347.72,3,0,
26,2026-07-06 17:12:57.103,FF,GluingPlateHL_lp1_pr1_r1,Plannerinputs/generated/problemGluingPlateHL_lp1_pr1_r1.pddl,True,309.94,388.72,11,0,
27,2026-07-06 17:12:57.533,FF,GluingPlateHL_lp2_pr2_r1,Plannerinputs/generated/problemGluingPlateHL_lp2_pr2_r1.pddl,True,299.34,381.46,11,0,
28,2026-07-06 17:12:57.952,FF,PlaceHL_lp3_pr3_r1,Plannerinputs/generated/problemPlaceHL_lp3_pr3_r1.pddl,True,277.79,341.81,2,0,
29,2026-07-06 17:12:58.584,FF,PickUpHL_lp4_fp25_r1,Plannerinputs/generated/problemPickUpHL_lp4_fp25_r1.pddl,True,302.85,367.60,2,0,
30,2026-07-06 17:12:59.075,FF,GluingPlateHL_lp1_pr1_r1,Plannerinputs/generated/problemGluingPlateHL_lp1_pr1_r1.pddl,True,318.52,395.93,8,0,
31,2026-07-06 17:12:59.479,FF,GluingPlateHL_lp2_pr2_r1,Plannerinputs/generated/problemGluingPlateHL_lp2_pr2_r1.pddl,True,283.44,358.05,8,0,
32,2026-07-06 17:12:59.870,FF,GluingPlateHL_lp3_pr3_r1,Plannerinputs/generated/problemGluingPlateHL_lp3_pr3_r1.pddl,True,277.36,385.91,8,0,
33,2026-07-06 17:13:00.677,FF,GluingPlateHL_lp1_pr1_r1,Plannerinputs/generated/problemGluingPlateHL_lp1_pr1_r1.pddl,True,311.49,392.42,11,0,
34,2026-07-06 17:13:01.104,FF,GluingPlateHL_lp2_pr2_r1,Plannerinputs/generated/problemGluingPlateHL_lp2_pr2_r1.pddl,True,324.39,404.15,11,0,
35,2026-07-06 17:13:01.515,FF,GluingPlateHL_lp3_pr3_r1,Plannerinputs/generated/problemGluingPlateHL_lp3_pr3_r1.pddl,True,304.61,397.26,11,0,
36,2026-07-06 17:13:01.959,FF,PlaceHL_lp4_pr4_r1,Plannerinputs/generated/problemPlaceHL_lp4_pr4_r1.pddl,True,268.37,363.20,2,0,
37,2026-07-06 17:13:02.760,FF,GluingPlateHL_lp1_pr1_r1,Plannerinputs/generated/problemGluingPlateHL_lp1_pr1_r1.pddl,True,285.03,369.39,8,0,
38,2026-07-06 17:13:03.136,FF,GluingPlateHL_lp2_pr2_r1,Plannerinputs/generated/problemGluingPlateHL_lp2_pr2_r1.pddl,True,279.32,354.35,8,0,
39,2026-07-06 17:13:03.497,FF,GluingPlateHL_lp3_pr3_r1,Plannerinputs/generated/problemGluingPlateHL_lp3_pr3_r1.pddl,True,274.10,341.99,8,0,
40,2026-07-06 17:13:03.877,FF,GluingPlateHL_lp4_pr4_r1,Plannerinputs/generated/problemGluingPlateHL_lp4_pr4_r1.pddl,True,283.39,365.37,8,0,
41,2026-07-06 17:13:05.554,FF,GluingPlateHL_lp2_pr2_r1,Plannerinputs/generated/problemGluingPlateHL_lp2_pr2_r1.pddl,True,265.64,331.39,2,0,
42,2026-07-06 17:13:05.893,FF,GluingPlateHL_lp3_pr3_r1,Plannerinputs/generated/problemGluingPlateHL_lp3_pr3_r1.pddl,True,264.76,318.06,2,0,
43,2026-07-06 17:13:06.218,FF,GluingPlateHL_lp4_pr4_r1,Plannerinputs/generated/problemGluingPlateHL_lp4_pr4_r1.pddl,True,268.97,327.87,2,0,
44,2026-07-06 17:13:06.692,FF,PickUpHL_b1_fp2_r1,Plannerinputs/generated/problemPickUpHL_b1_fp2_r1.pddl,True,290.46,373.97,9,0,
45,2026-07-06 17:13:07.404,FF,GluingPlateHL_lp3_pr3_r1,Plannerinputs/generated/problemGluingPlateHL_lp3_pr3_r1.pddl,True,308.26,367.24,2,0,
46,2026-07-06 17:13:07.779,FF,GluingPlateHL_lp4_pr4_r1,Plannerinputs/generated/problemGluingPlateHL_lp4_pr4_r1.pddl,True,298.59,369.10,2,0,
47,2026-07-06 17:13:08.276,FF,PickUpHL_b1_fp2_r1,Plannerinputs/generated/problemPickUpHL_b1_fp2_r1.pddl,True,282.83,355.96,9,0,
48,2026-07-06 17:13:08.669,FF,PickUpHL_b7_fp10_r1,Plannerinputs/generated/problemPickUpHL_b7_fp10_r1.pddl,True,280.37,362.39,9,0,
49,2026-07-06 17:13:09.513,FF,GluingPlateHL_lp4_pr4_r1,Plannerinputs/generated/problemGluingPlateHL_lp4_pr4_r1.pddl,True,267.37,343.66,2,0,
50,2026-07-06 17:13:10.000,FF,PickUpHL_b1_fp2_r1,Plannerinputs/generated/problemPickUpHL_b1_fp2_r1.pddl,True,282.18,416.22,9,0,
51,2026-07-06 17:13:10.438,FF,PickUpHL_b7_fp10_r1,Plannerinputs/generated/problemPickUpHL_b7_fp10_r1.pddl,True,279.79,408.99,9,0,
52,2026-07-06 17:13:10.905,FF,PickUpHL_b13_fp18_r1,Plannerinputs/generated/problemPickUpHL_b13_fp18_r1.pddl,True,322.51,434.49,9,0,
53,2026-07-06 17:13:11.927,FF,PickUpHL_b1_fp2_r1,Plannerinputs/generated/problemPickUpHL_b1_fp2_r1.pddl,True,279.60,413.41,9,0,
54,2026-07-06 17:13:12.358,FF,PickUpHL_b7_fp10_r1,Plannerinputs/generated/problemPickUpHL_b7_fp10_r1.pddl,True,287.35,401.87,9,0,
55,2026-07-06 17:13:12.799,FF,PickUpHL_b13_fp18_r1,Plannerinputs/generated/problemPickUpHL_b13_fp18_r1.pddl,True,312.28,437.41,9,0,
56,2026-07-06 17:13:13.320,FF,PickUpHL_b19_fp26_r1,Plannerinputs/generated/problemPickUpHL_b19_fp26_r1.pddl,True,319.90,417.03,9,0,
57,2026-07-06 17:13:15.777,FF,PickUpHL_b7_fp10_r1,Plannerinputs/generated/problemPickUpHL_b7_fp10_r1.pddl,True,278.22,356.45,3,0,
58,2026-07-06 17:13:16.182,FF,PickUpHL_b13_fp18_r1,Plannerinputs/generated/problemPickUpHL_b13_fp18_r1.pddl,True,271.00,368.70,3,0,
59,2026-07-06 17:13:16.580,FF,PickUpHL_b19_fp26_r1,Plannerinputs/generated/problemPickUpHL_b19_fp26_r1.pddl,True,266.68,348.26,3,0,
60,2026-07-06 17:13:17.111,FF,StackHL_b1_lp1_r1_pr1_lay1_m1,Plannerinputs/generated/problemStackHL_b1_lp1_r1_pr1_lay1_m1.pddl,True,265.20,340.15,2,0,
61,2026-07-06 17:13:17.889,FF,PickUpHL_b7_fp10_r1,Plannerinputs/generated/problemPickUpHL_b7_fp10_r1.pddl,True,265.22,336.43,2,0,
62,2026-07-06 17:13:18.250,FF,PickUpHL_b13_fp18_r1,Plannerinputs/generated/problemPickUpHL_b13_fp18_r1.pddl,True,281.34,358.46,2,0,
63,2026-07-06 17:13:18.632,FF,PickUpHL_b19_fp26_r1,Plannerinputs/generated/problemPickUpHL_b19_fp26_r1.pddl,True,263.09,338.78,2,0,
64,2026-07-06 17:13:19.163,FF,PickUpHL_b2_fp3_r1,Plannerinputs/generated/problemPickUpHL_b2_fp3_r1.pddl,True,268.31,347.73,2,0,
65,2026-07-06 17:13:20.051,FF,PickUpHL_b13_fp18_r1,Plannerinputs/generated/problemPickUpHL_b13_fp18_r1.pddl,True,269.14,360.32,3,0,
66,2026-07-06 17:13:20.438,FF,PickUpHL_b19_fp26_r1,Plannerinputs/generated/problemPickUpHL_b19_fp26_r1.pddl,True,270.04,347.47,3,0,
67,2026-07-06 17:13:20.929,FF,PickUpHL_b2_fp3_r1,Plannerinputs/generated/problemPickUpHL_b2_fp3_r1.pddl,True,266.97,346.39,3,0,
68,2026-07-06 17:13:21.358,FF,StackHL_b7_lp2_r1_pr2_lay2_m2,Plannerinputs/generated/problemStackHL_b7_lp2_r1_pr2_lay2_m2.pddl,True,270.43,336.91,2,0,
69,2026-07-06 17:13:22.151,FF,PickUpHL_b13_fp18_r1,Plannerinputs/generated/problemPickUpHL_b13_fp18_r1.pddl,True,262.41,339.96,2,0,
70,2026-07-06 17:13:22.513,FF,PickUpHL_b19_fp26_r1,Plannerinputs/generated/problemPickUpHL_b19_fp26_r1.pddl,True,274.28,368.92,2,0,
71,2026-07-06 17:13:23.028,FF,PickUpHL_b2_fp3_r1,Plannerinputs/generated/problemPickUpHL_b2_fp3_r1.pddl,True,276.29,361.49,2,0,
72,2026-07-06 17:13:23.453,FF,PickUpHL_b8_fp11_r1,Plannerinputs/generated/problemPickUpHL_b8_fp11_r1.pddl,True,270.99,347.99,2,0,
73,2026-07-06 17:13:24.264,FF,PickUpHL_b19_fp26_r1,Plannerinputs/generated/problemPickUpHL_b19_fp26_r1.pddl,True,271.22,381.02,3,0,
74,2026-07-06 17:13:24.800,FF,PickUpHL_b2_fp3_r1,Plannerinputs/generated/problemPickUpHL_b2_fp3_r1.pddl,True,267.18,343.76,3,0,
75,2026-07-06 17:13:25.167,FF,PickUpHL_b8_fp11_r1,Plannerinputs/generated/problemPickUpHL_b8_fp11_r1.pddl,True,271.36,349.35,3,0,
76,2026-07-06 17:13:25.581,FF,StackHL_b13_lp3_r1_pr3_lay3_m3,Plannerinputs/generated/problemStackHL_b13_lp3_r1_pr3_lay3_m3.pddl,True,264.90,334.54,2,0,
77,2026-07-06 17:13:26.331,FF,PickUpHL_b19_fp26_r1,Plannerinputs/generated/problemPickUpHL_b19_fp26_r1.pddl,True,269.83,341.77,2,0,
78,2026-07-06 17:13:26.817,FF,PickUpHL_b2_fp3_r1,Plannerinputs/generated/problemPickUpHL_b2_fp3_r1.pddl,True,259.84,344.05,2,0,
79,2026-07-06 17:13:27.186,FF,PickUpHL_b8_fp11_r1,Plannerinputs/generated/problemPickUpHL_b8_fp11_r1.pddl,True,264.19,340.77,2,0,
80,2026-07-06 17:13:27.596,FF,PickUpHL_b14_fp19_r1,Plannerinputs/generated/problemPickUpHL_b14_fp19_r1.pddl,True,260.38,322.30,2,0,
81,2026-07-06 17:13:28.516,FF,PickUpHL_b2_fp3_r1,Plannerinputs/generated/problemPickUpHL_b2_fp3_r1.pddl,True,309.26,414.44,3,0,
82,2026-07-06 17:13:28.963,FF,PickUpHL_b8_fp11_r1,Plannerinputs/generated/problemPickUpHL_b8_fp11_r1.pddl,True,320.94,389.19,3,0,
83,2026-07-06 17:13:29.362,FF,PickUpHL_b14_fp19_r1,Plannerinputs/generated/problemPickUpHL_b14_fp19_r1.pddl,True,325.48,388.17,3,0,
84,2026-07-06 17:13:29.783,FF,StackHL_b19_lp4_r1_pr4_lay4_m4,Plannerinputs/generated/problemStackHL_b19_lp4_r1_pr4_lay4_m4.pddl,True,300.04,360.92,2,0,
85,2026-07-06 17:13:30.574,FF,PickUpHL_b2_fp3_r1,Plannerinputs/generated/problemPickUpHL_b2_fp3_r1.pddl,True,305.04,385.01,2,0,
86,2026-07-06 17:13:30.968,FF,PickUpHL_b8_fp11_r1,Plannerinputs/generated/problemPickUpHL_b8_fp11_r1.pddl,True,325.79,387.25,2,0,
87,2026-07-06 17:13:31.362,FF,PickUpHL_b14_fp19_r1,Plannerinputs/generated/problemPickUpHL_b14_fp19_r1.pddl,True,305.77,390.47,2,0,
88,2026-07-06 17:13:31.790,FF,PickUpHL_b20_fp27_r1,Plannerinputs/generated/problemPickUpHL_b20_fp27_r1.pddl,True,302.73,363.90,2,0,
89,2026-07-06 17:13:32.570,FF,PickUpHL_b8_fp11_r1,Plannerinputs/generated/problemPickUpHL_b8_fp11_r1.pddl,True,305.25,366.70,3,0,
90,2026-07-06 17:13:32.943,FF,PickUpHL_b14_fp19_r1,Plannerinputs/generated/problemPickUpHL_b14_fp19_r1.pddl,True,299.77,357.73,3,0,
91,2026-07-06 17:13:33.309,FF,PickUpHL_b20_fp27_r1,Plannerinputs/generated/problemPickUpHL_b20_fp27_r1.pddl,True,303.09,371.27,3,0,
92,2026-07-06 17:13:33.809,FF,StackHL_b2_lp1_r1_pr1_lay1_m1,Plannerinputs/generated/problemStackHL_b2_lp1_r1_pr1_lay1_m1.pddl,True,299.19,357.35,2,0,
93,2026-07-06 17:13:34.450,FF,PickUpHL_b8_fp11_r1,Plannerinputs/generated/problemPickUpHL_b8_fp11_r1.pddl,True,295.68,353.02,2,0,
94,2026-07-06 17:13:34.810,FF,PickUpHL_b14_fp19_r1,Plannerinputs/generated/problemPickUpHL_b14_fp19_r1.pddl,True,302.00,361.04,2,0,
95,2026-07-06 17:13:35.178,FF,PickUpHL_b20_fp27_r1,Plannerinputs/generated/problemPickUpHL_b20_fp27_r1.pddl,True,292.39,348.01,2,0,
96,2026-07-06 17:13:35.663,FF,PickUpHL_b6_fp8_r1,Plannerinputs/generated/problemPickUpHL_b6_fp8_r1.pddl,True,308.91,365.61,2,0,
97,2026-07-06 17:13:36.313,FF,PickUpHL_b14_fp19_r1,Plannerinputs/generated/problemPickUpHL_b14_fp19_r1.pddl,True,297.01,360.18,3,0,
98,2026-07-06 17:13:36.682,FF,PickUpHL_b20_fp27_r1,Plannerinputs/generated/problemPickUpHL_b20_fp27_r1.pddl,True,298.80,362.28,3,0,
99,2026-07-06 17:13:37.167,FF,PickUpHL_b6_fp8_r1,Plannerinputs/generated/problemPickUpHL_b6_fp8_r1.pddl,True,293.05,357.45,3,0,
100,2026-07-06 17:13:37.561,FF,StackHL_b8_lp2_r1_pr2_lay2_m2,Plannerinputs/generated/problemStackHL_b8_lp2_r1_pr2_lay2_m2.pddl,True,347.67,409.11,2,0,
101,2026-07-06 17:13:38.252,FF,PickUpHL_b14_fp19_r1,Plannerinputs/generated/problemPickUpHL_b14_fp19_r1.pddl,True,316.19,371.70,2,0,
102,2026-07-06 17:13:38.631,FF,PickUpHL_b20_fp27_r1,Plannerinputs/generated/problemPickUpHL_b20_fp27_r1.pddl,True,300.76,357.34,2,0,
103,2026-07-06 17:13:39.109,FF,PickUpHL_b6_fp8_r1,Plannerinputs/generated/problemPickUpHL_b6_fp8_r1.pddl,True,295.24,385.61,2,0,
104,2026-07-06 17:13:39.533,FF,PickUpHL_b12_fp16_r1,Plannerinputs/generated/problemPickUpHL_b12_fp16_r1.pddl,True,313.72,371.33,2,0,
105,2026-07-06 17:13:40.201,FF,PickUpHL_b20_fp27_r1,Plannerinputs/generated/problemPickUpHL_b20_fp27_r1.pddl,True,296.73,364.57,3,0,
106,2026-07-06 17:13:40.711,FF,PickUpHL_b6_fp8_r1,Plannerinputs/generated/problemPickUpHL_b6_fp8_r1.pddl,True,274.93,328.05,3,0,
107,2026-07-06 17:13:41.046,FF,PickUpHL_b12_fp16_r1,Plannerinputs/generated/problemPickUpHL_b12_fp16_r1.pddl,True,270.09,326.79,3,0,
108,2026-07-06 17:13:41.412,FF,StackHL_b14_lp3_r1_pr3_lay3_m3,Plannerinputs/generated/problemStackHL_b14_lp3_r1_pr3_lay3_m3.pddl,True,272.17,339.00,2,0,
109,2026-07-06 17:13:42.034,FF,PickUpHL_b20_fp27_r1,Plannerinputs/generated/problemPickUpHL_b20_fp27_r1.pddl,True,264.76,314.83,2,0,
110,2026-07-06 17:13:42.500,FF,PickUpHL_b6_fp8_r1,Plannerinputs/generated/problemPickUpHL_b6_fp8_r1.pddl,True,267.85,335.87,2,0,
111,2026-07-06 17:13:42.842,FF,PickUpHL_b12_fp16_r1,Plannerinputs/generated/problemPickUpHL_b12_fp16_r1.pddl,True,264.26,320.12,2,0,
112,2026-07-06 17:13:43.201,FF,PickUpHL_b18_fp24_r1,Plannerinputs/generated/problemPickUpHL_b18_fp24_r1.pddl,True,294.28,352.52,2,0,
113,2026-07-06 17:13:43.965,FF,PickUpHL_b6_fp8_r1,Plannerinputs/generated/problemPickUpHL_b6_fp8_r1.pddl,True,267.13,322.14,3,0,
114,2026-07-06 17:13:44.321,FF,PickUpHL_b12_fp16_r1,Plannerinputs/generated/problemPickUpHL_b12_fp16_r1.pddl,True,266.56,332.12,3,0,
115,2026-07-06 17:13:44.660,FF,PickUpHL_b18_fp24_r1,Plannerinputs/generated/problemPickUpHL_b18_fp24_r1.pddl,True,260.55,323.10,3,0,
116,2026-07-06 17:13:45.020,FF,StackHL_b20_lp4_r1_pr4_lay4_m4,Plannerinputs/generated/problemStackHL_b20_lp4_r1_pr4_lay4_m4.pddl,True,273.46,339.74,2,0,
117,2026-07-06 17:13:45.764,FF,PickUpHL_b6_fp8_r1,Plannerinputs/generated/problemPickUpHL_b6_fp8_r1.pddl,True,268.03,325.90,2,0,
118,2026-07-06 17:13:46.127,FF,PickUpHL_b12_fp16_r1,Plannerinputs/generated/problemPickUpHL_b12_fp16_r1.pddl,True,264.18,319.45,2,0,
119,2026-07-06 17:13:46.453,FF,PickUpHL_b18_fp24_r1,Plannerinputs/generated/problemPickUpHL_b18_fp24_r1.pddl,True,263.70,317.67,2,0,
120,2026-07-06 17:13:46.805,FF,PickUpHL_b24_fp32_r1,Plannerinputs/generated/problemPickUpHL_b24_fp32_r1.pddl,True,263.55,338.89,2,0,
121,2026-07-06 17:13:47.538,FF,PickUpHL_b12_fp16_r1,Plannerinputs/generated/problemPickUpHL_b12_fp16_r1.pddl,True,270.77,341.74,3,0,
122,2026-07-06 17:13:47.886,FF,PickUpHL_b18_fp24_r1,Plannerinputs/generated/problemPickUpHL_b18_fp24_r1.pddl,True,259.84,326.92,3,0,
123,2026-07-06 17:13:48.219,FF,PickUpHL_b24_fp32_r1,Plannerinputs/generated/problemPickUpHL_b24_fp32_r1.pddl,True,268.38,336.33,3,0,
124,2026-07-06 17:13:48.714,FF,StackHL_b6_lp1_r1_pr1_lay1_m1,Plannerinputs/generated/problemStackHL_b6_lp1_r1_pr1_lay1_m1.pddl,True,268.29,322.86,2,0,
125,2026-07-06 17:13:49.317,FF,PickUpHL_b12_fp16_r1,Plannerinputs/generated/problemPickUpHL_b12_fp16_r1.pddl,True,295.00,365.10,2,0,
126,2026-07-06 17:13:49.690,FF,PickUpHL_b18_fp24_r1,Plannerinputs/generated/problemPickUpHL_b18_fp24_r1.pddl,True,264.84,328.73,2,0,
127,2026-07-06 17:13:50.025,FF,PickUpHL_b24_fp32_r1,Plannerinputs/generated/problemPickUpHL_b24_fp32_r1.pddl,True,266.21,331.25,2,0,
128,2026-07-06 17:13:50.511,FF,PickUpHL_b4_fp6_r1,Plannerinputs/generated/problemPickUpHL_b4_fp6_r1.pddl,True,270.47,329.77,2,0,
129,2026-07-06 17:13:51.162,FF,PickUpHL_b18_fp24_r1,Plannerinputs/generated/problemPickUpHL_b18_fp24_r1.pddl,True,265.99,321.37,3,0,
130,2026-07-06 17:13:51.491,FF,PickUpHL_b24_fp32_r1,Plannerinputs/generated/problemPickUpHL_b24_fp32_r1.pddl,True,267.65,321.67,3,0,
131,2026-07-06 17:13:51.940,FF,PickUpHL_b4_fp6_r1,Plannerinputs/generated/problemPickUpHL_b4_fp6_r1.pddl,True,267.14,338.02,3,0,
132,2026-07-06 17:13:52.310,FF,StackHL_b12_lp2_r1_pr2_lay2_m2,Plannerinputs/generated/problemStackHL_b12_lp2_r1_pr2_lay2_m2.pddl,True,259.04,313.66,2,0,
133,2026-07-06 17:13:52.911,FF,PickUpHL_b18_fp24_r1,Plannerinputs/generated/problemPickUpHL_b18_fp24_r1.pddl,True,260.36,320.31,2,0,
134,2026-07-06 17:13:53.273,FF,PickUpHL_b24_fp32_r1,Plannerinputs/generated/problemPickUpHL_b24_fp32_r1.pddl,True,261.99,331.31,2,0,
135,2026-07-06 17:13:53.723,FF,PickUpHL_b4_fp6_r1,Plannerinputs/generated/problemPickUpHL_b4_fp6_r1.pddl,True,265.42,321.98,2,0,
136,2026-07-06 17:13:54.106,FF,PickUpHL_b10_fp14_r1,Plannerinputs/generated/problemPickUpHL_b10_fp14_r1.pddl,True,267.61,329.29,2,0,
137,2026-07-06 17:13:54.734,FF,PickUpHL_b24_fp32_r1,Plannerinputs/generated/problemPickUpHL_b24_fp32_r1.pddl,True,268.07,323.82,3,0,
138,2026-07-06 17:13:55.196,FF,PickUpHL_b4_fp6_r1,Plannerinputs/generated/problemPickUpHL_b4_fp6_r1.pddl,True,260.75,318.63,3,0,
139,2026-07-06 17:13:55.521,FF,PickUpHL_b10_fp14_r1,Plannerinputs/generated/problemPickUpHL_b10_fp14_r1.pddl,True,273.97,335.67,3,0,
140,2026-07-06 17:13:55.895,FF,StackHL_b18_lp3_r1_pr3_lay3_m3,Plannerinputs/generated/problemStackHL_b18_lp3_r1_pr3_lay3_m3.pddl,True,265.03,326.40,2,0,
141,2026-07-06 17:13:56.517,FF,PickUpHL_b24_fp32_r1,Plannerinputs/generated/problemPickUpHL_b24_fp32_r1.pddl,True,272.28,357.38,2,0,
142,2026-07-06 17:13:57.015,FF,PickUpHL_b4_fp6_r1,Plannerinputs/generated/problemPickUpHL_b4_fp6_r1.pddl,True,261.44,321.36,2,0,
143,2026-07-06 17:13:57.344,FF,PickUpHL_b10_fp14_r1,Plannerinputs/generated/problemPickUpHL_b10_fp14_r1.pddl,True,260.93,323.90,2,0,
144,2026-07-06 17:13:57.710,FF,PickUpHL_b16_fp22_r1,Plannerinputs/generated/problemPickUpHL_b16_fp22_r1.pddl,True,263.72,321.54,2,0,
145,2026-07-06 17:13:58.481,FF,PickUpHL_b4_fp6_r1,Plannerinputs/generated/problemPickUpHL_b4_fp6_r1.pddl,True,266.60,326.79,3,0,
146,2026-07-06 17:13:58.823,FF,PickUpHL_b10_fp14_r1,Plannerinputs/generated/problemPickUpHL_b10_fp14_r1.pddl,True,266.09,325.84,3,0,
147,2026-07-06 17:13:59.156,FF,PickUpHL_b16_fp22_r1,Plannerinputs/generated/problemPickUpHL_b16_fp22_r1.pddl,True,271.03,333.80,3,0,
148,2026-07-06 17:13:59.526,FF,StackHL_b24_lp4_r1_pr4_lay4_m4,Plannerinputs/generated/problemStackHL_b24_lp4_r1_pr4_lay4_m4.pddl,True,281.73,342.89,2,0,
149,2026-07-06 17:14:00.280,FF,PickUpHL_b4_fp6_r1,Plannerinputs/generated/problemPickUpHL_b4_fp6_r1.pddl,True,268.80,332.82,2,0,
150,2026-07-06 17:14:00.648,FF,PickUpHL_b10_fp14_r1,Plannerinputs/generated/problemPickUpHL_b10_fp14_r1.pddl,True,271.82,334.88,2,0,
151,2026-07-06 17:14:01.016,FF,PickUpHL_b16_fp22_r1,Plannerinputs/generated/problemPickUpHL_b16_fp22_r1.pddl,True,264.10,323.32,2,0,
152,2026-07-06 17:14:01.429,FF,PickUpHL_b22_fp30_r1,Plannerinputs/generated/problemPickUpHL_b22_fp30_r1.pddl,True,267.22,332.10,2,0,
153,2026-07-06 17:14:02.173,FF,PickUpHL_b10_fp14_r1,Plannerinputs/generated/problemPickUpHL_b10_fp14_r1.pddl,True,261.38,338.04,3,0,
154,2026-07-06 17:14:02.563,FF,PickUpHL_b16_fp22_r1,Plannerinputs/generated/problemPickUpHL_b16_fp22_r1.pddl,True,277.75,355.79,3,0,
155,2026-07-06 17:14:02.943,FF,PickUpHL_b22_fp30_r1,Plannerinputs/generated/problemPickUpHL_b22_fp30_r1.pddl,True,267.06,332.17,3,0,
156,2026-07-06 17:14:03.472,FF,StackHL_b4_lp1_r1_pr1_lay1_m1,Plannerinputs/generated/problemStackHL_b4_lp1_r1_pr1_lay1_m1.pddl,True,267.02,351.49,2,0,
157,2026-07-06 17:14:04.263,FF,PickUpHL_b10_fp14_r1,Plannerinputs/generated/problemPickUpHL_b10_fp14_r1.pddl,True,270.48,346.97,2,0,
158,2026-07-06 17:14:04.629,FF,PickUpHL_b16_fp22_r1,Plannerinputs/generated/problemPickUpHL_b16_fp22_r1.pddl,True,268.50,331.67,2,0,
159,2026-07-06 17:14:04.988,FF,PickUpHL_b22_fp30_r1,Plannerinputs/generated/problemPickUpHL_b22_fp30_r1.pddl,True,267.50,347.38,2,0,
160,2026-07-06 17:14:05.491,FF,PickUpHL_b3_fp4_r1,Plannerinputs/generated/problemPickUpHL_b3_fp4_r1.pddl,True,277.76,368.95,2,0,
161,2026-07-06 17:14:06.328,FF,PickUpHL_b16_fp22_r1,Plannerinputs/generated/problemPickUpHL_b16_fp22_r1.pddl,True,270.05,351.20,3,0,
162,2026-07-06 17:14:06.725,FF,PickUpHL_b22_fp30_r1,Plannerinputs/generated/problemPickUpHL_b22_fp30_r1.pddl,True,275.39,368.35,3,0,
163,2026-07-06 17:14:07.235,FF,PickUpHL_b3_fp4_r1,Plannerinputs/generated/problemPickUpHL_b3_fp4_r1.pddl,True,282.36,372.82,3,0,
164,2026-07-06 17:14:07.685,FF,StackHL_b10_lp2_r1_pr2_lay2_m2,Plannerinputs/generated/problemStackHL_b10_lp2_r1_pr2_lay2_m2.pddl,True,264.97,338.46,2,0,
165,2026-07-06 17:14:08.429,FF,PickUpHL_b16_fp22_r1,Plannerinputs/generated/problemPickUpHL_b16_fp22_r1.pddl,True,264.17,340.98,2,0,
166,2026-07-06 17:14:08.787,FF,PickUpHL_b22_fp30_r1,Plannerinputs/generated/problemPickUpHL_b22_fp30_r1.pddl,True,268.51,346.60,2,0,
167,2026-07-06 17:14:09.284,FF,PickUpHL_b3_fp4_r1,Plannerinputs/generated/problemPickUpHL_b3_fp4_r1.pddl,True,271.83,345.06,2,0,
168,2026-07-06 17:14:09.693,FF,PickUpHL_b9_fp12_r1,Plannerinputs/generated/problemPickUpHL_b9_fp12_r1.pddl,True,316.91,375.92,2,0,
169,2026-07-06 17:14:10.508,FF,PickUpHL_b22_fp30_r1,Plannerinputs/generated/problemPickUpHL_b22_fp30_r1.pddl,True,271.04,359.63,3,0,
170,2026-07-06 17:14:11.014,FF,PickUpHL_b3_fp4_r1,Plannerinputs/generated/problemPickUpHL_b3_fp4_r1.pddl,True,269.34,345.85,3,0,
171,2026-07-06 17:14:11.403,FF,PickUpHL_b9_fp12_r1,Plannerinputs/generated/problemPickUpHL_b9_fp12_r1.pddl,True,267.96,351.29,3,0,
172,2026-07-06 17:14:11.802,FF,StackHL_b16_lp3_r1_pr3_lay3_m3,Plannerinputs/generated/problemStackHL_b16_lp3_r1_pr3_lay3_m3.pddl,True,275.09,343.12,2,0,
173,2026-07-06 17:14:12.545,FF,PickUpHL_b22_fp30_r1,Plannerinputs/generated/problemPickUpHL_b22_fp30_r1.pddl,True,263.33,327.26,2,0,
174,2026-07-06 17:14:13.038,FF,PickUpHL_b3_fp4_r1,Plannerinputs/generated/problemPickUpHL_b3_fp4_r1.pddl,True,300.65,374.77,2,0,
175,2026-07-06 17:14:13.448,FF,PickUpHL_b9_fp12_r1,Plannerinputs/generated/problemPickUpHL_b9_fp12_r1.pddl,True,286.12,351.01,2,0,
176,2026-07-06 17:14:13.846,FF,PickUpHL_b15_fp20_r1,Plannerinputs/generated/problemPickUpHL_b15_fp20_r1.pddl,True,266.81,335.56,2,0,
177,2026-07-06 17:14:14.723,FF,PickUpHL_b3_fp4_r1,Plannerinputs/generated/problemPickUpHL_b3_fp4_r1.pddl,True,273.10,339.99,3,0,
178,2026-07-06 17:14:15.078,FF,PickUpHL_b9_fp12_r1,Plannerinputs/generated/problemPickUpHL_b9_fp12_r1.pddl,True,265.75,328.40,3,0,
179,2026-07-06 17:14:15.423,FF,PickUpHL_b15_fp20_r1,Plannerinputs/generated/problemPickUpHL_b15_fp20_r1.pddl,True,277.65,354.07,3,0,
180,2026-07-06 17:14:15.852,FF,StackHL_b22_lp4_r1_pr4_lay4_m4,Plannerinputs/generated/problemStackHL_b22_lp4_r1_pr4_lay4_m4.pddl,True,259.21,329.38,2,0,
181,2026-07-06 17:14:16.726,FF,PickUpHL_b3_fp4_r1,Plannerinputs/generated/problemPickUpHL_b3_fp4_r1.pddl,True,275.98,339.17,2,0,
182,2026-07-06 17:14:17.103,FF,PickUpHL_b9_fp12_r1,Plannerinputs/generated/problemPickUpHL_b9_fp12_r1.pddl,True,261.77,335.89,2,0,
183,2026-07-06 17:14:17.485,FF,PickUpHL_b15_fp20_r1,Plannerinputs/generated/problemPickUpHL_b15_fp20_r1.pddl,True,271.24,344.69,2,0,
184,2026-07-06 17:14:17.873,FF,PickUpHL_b21_fp28_r1,Plannerinputs/generated/problemPickUpHL_b21_fp28_r1.pddl,True,267.56,328.58,2,0,
185,2026-07-06 17:14:18.773,FF,PickUpHL_b9_fp12_r1,Plannerinputs/generated/problemPickUpHL_b9_fp12_r1.pddl,True,272.25,334.73,3,0,
186,2026-07-06 17:14:19.140,FF,PickUpHL_b15_fp20_r1,Plannerinputs/generated/problemPickUpHL_b15_fp20_r1.pddl,True,273.34,363.86,3,0,
187,2026-07-06 17:14:19.541,FF,PickUpHL_b21_fp28_r1,Plannerinputs/generated/problemPickUpHL_b21_fp28_r1.pddl,True,267.56,336.29,3,0,
188,2026-07-06 17:14:20.046,FF,StackHL_b3_lp1_r1_pr1_lay1_m1,Plannerinputs/generated/problemStackHL_b3_lp1_r1_pr1_lay1_m1.pddl,True,271.15,359.26,2,0,
189,2026-07-06 17:14:20.904,FF,PickUpHL_b9_fp12_r1,Plannerinputs/generated/problemPickUpHL_b9_fp12_r1.pddl,True,267.56,351.19,2,0,
190,2026-07-06 17:14:21.303,FF,PickUpHL_b15_fp20_r1,Plannerinputs/generated/problemPickUpHL_b15_fp20_r1.pddl,True,261.69,331.59,2,0,
191,2026-07-06 17:14:21.653,FF,PickUpHL_b21_fp28_r1,Plannerinputs/generated/problemPickUpHL_b21_fp28_r1.pddl,True,265.91,321.35,2,0,
192,2026-07-06 17:14:22.193,FF,PickUpHL_b5_fp7_r1,Plannerinputs/generated/problemPickUpHL_b5_fp7_r1.pddl,True,263.13,348.23,2,0,
193,2026-07-06 17:14:23.029,FF,PickUpHL_b15_fp20_r1,Plannerinputs/generated/problemPickUpHL_b15_fp20_r1.pddl,True,267.36,349.28,3,0,
194,2026-07-06 17:14:23.431,FF,PickUpHL_b21_fp28_r1,Plannerinputs/generated/problemPickUpHL_b21_fp28_r1.pddl,True,272.59,353.14,3,0,
195,2026-07-06 17:14:23.917,FF,PickUpHL_b5_fp7_r1,Plannerinputs/generated/problemPickUpHL_b5_fp7_r1.pddl,True,263.68,324.54,3,0,
196,2026-07-06 17:14:24.281,FF,StackHL_b9_lp2_r1_pr2_lay2_m2,Plannerinputs/generated/problemStackHL_b9_lp2_r1_pr2_lay2_m2.pddl,True,274.17,342.27,2,0,
197,2026-07-06 17:14:24.910,FF,PickUpHL_b15_fp20_r1,Plannerinputs/generated/problemPickUpHL_b15_fp20_r1.pddl,True,260.12,329.52,2,0,
198,2026-07-06 17:14:25.274,FF,PickUpHL_b21_fp28_r1,Plannerinputs/generated/problemPickUpHL_b21_fp28_r1.pddl,True,258.66,317.20,2,0,
199,2026-07-06 17:14:25.740,FF,PickUpHL_b5_fp7_r1,Plannerinputs/generated/problemPickUpHL_b5_fp7_r1.pddl,True,263.12,317.19,2,0,
200,2026-07-06 17:14:26.100,FF,PickUpHL_b11_fp15_r1,Plannerinputs/generated/problemPickUpHL_b11_fp15_r1.pddl,True,272.91,329.92,2,0,
201,2026-07-06 17:14:26.740,FF,PickUpHL_b21_fp28_r1,Plannerinputs/generated/problemPickUpHL_b21_fp28_r1.pddl,True,266.73,337.63,3,0,
202,2026-07-06 17:14:27.223,FF,PickUpHL_b5_fp7_r1,Plannerinputs/generated/problemPickUpHL_b5_fp7_r1.pddl,True,264.88,330.11,3,0,
203,2026-07-06 17:14:27.561,FF,PickUpHL_b11_fp15_r1,Plannerinputs/generated/problemPickUpHL_b11_fp15_r1.pddl,True,264.23,326.60,3,0,
204,2026-07-06 17:14:27.921,FF,StackHL_b15_lp3_r1_pr3_lay3_m3,Plannerinputs/generated/problemStackHL_b15_lp3_r1_pr3_lay3_m3.pddl,True,272.26,336.58,2,0,
205,2026-07-06 17:14:28.553,FF,PickUpHL_b21_fp28_r1,Plannerinputs/generated/problemPickUpHL_b21_fp28_r1.pddl,True,266.72,321.68,2,0,
206,2026-07-06 17:14:29.018,FF,PickUpHL_b5_fp7_r1,Plannerinputs/generated/problemPickUpHL_b5_fp7_r1.pddl,True,268.16,340.83,2,0,
207,2026-07-06 17:14:29.366,FF,PickUpHL_b11_fp15_r1,Plannerinputs/generated/problemPickUpHL_b11_fp15_r1.pddl,True,271.26,334.84,2,0,
208,2026-07-06 17:14:29.766,FF,PickUpHL_b17_fp23_r1,Plannerinputs/generated/problemPickUpHL_b17_fp23_r1.pddl,True,269.25,328.00,2,0,
209,2026-07-06 17:14:30.506,FF,PickUpHL_b5_fp7_r1,Plannerinputs/generated/problemPickUpHL_b5_fp7_r1.pddl,True,267.18,338.49,3,0,
210,2026-07-06 17:14:30.866,FF,PickUpHL_b11_fp15_r1,Plannerinputs/generated/problemPickUpHL_b11_fp15_r1.pddl,True,264.35,344.90,3,0,
211,2026-07-06 17:14:31.247,FF,PickUpHL_b17_fp23_r1,Plannerinputs/generated/problemPickUpHL_b17_fp23_r1.pddl,True,271.61,346.71,3,0,
212,2026-07-06 17:14:31.671,FF,StackHL_b21_lp4_r1_pr4_lay4_m4,Plannerinputs/generated/problemStackHL_b21_lp4_r1_pr4_lay4_m4.pddl,True,266.30,350.17,2,0,
213,2026-07-06 17:14:32.618,FF,PickUpHL_b5_fp7_r1,Plannerinputs/generated/problemPickUpHL_b5_fp7_r1.pddl,True,272.67,344.73,2,0,
214,2026-07-06 17:14:33.009,FF,PickUpHL_b11_fp15_r1,Plannerinputs/generated/problemPickUpHL_b11_fp15_r1.pddl,True,264.57,333.12,2,0,
215,2026-07-06 17:14:33.368,FF,PickUpHL_b17_fp23_r1,Plannerinputs/generated/problemPickUpHL_b17_fp23_r1.pddl,True,261.56,329.33,2,0,
216,2026-07-06 17:14:33.793,FF,PickUpHL_b23_fp31_r1,Plannerinputs/generated/problemPickUpHL_b23_fp31_r1.pddl,True,264.83,335.22,2,0,
217,2026-07-06 17:14:34.751,FF,PickUpHL_b11_fp15_r1,Plannerinputs/generated/problemPickUpHL_b11_fp15_r1.pddl,True,278.90,360.42,3,0,
218,2026-07-06 17:14:35.152,FF,PickUpHL_b17_fp23_r1,Plannerinputs/generated/problemPickUpHL_b17_fp23_r1.pddl,True,261.42,331.27,3,0,
219,2026-07-06 17:14:35.526,FF,PickUpHL_b23_fp31_r1,Plannerinputs/generated/problemPickUpHL_b23_fp31_r1.pddl,True,267.03,353.44,3,0,
220,2026-07-06 17:14:36.046,FF,StackHL_b5_lp1_r1_pr1_lay1_m1,Plannerinputs/generated/problemStackHL_b5_lp1_r1_pr1_lay1_m1.pddl,True,260.26,348.63,2,0,
221,2026-07-06 17:14:36.905,FF,PickUpHL_b11_fp15_r1,Plannerinputs/generated/problemPickUpHL_b11_fp15_r1.pddl,True,271.80,356.69,2,0,
222,2026-07-06 17:14:37.284,FF,PickUpHL_b17_fp23_r1,Plannerinputs/generated/problemPickUpHL_b17_fp23_r1.pddl,True,263.09,335.23,2,0,
223,2026-07-06 17:14:37.667,FF,PickUpHL_b23_fp31_r1,Plannerinputs/generated/problemPickUpHL_b23_fp31_r1.pddl,True,277.01,358.26,2,0,
224,2026-07-06 17:14:38.217,FF,NailingBeamHL_b2_r1_m1_lay1,Plannerinputs/generated/problemNailingBeamHL_b2_r1_m1_lay1.pddl,True,273.53,392.66,8,0,
225,2026-07-06 17:14:39.067,FF,PickUpHL_b17_fp23_r1,Plannerinputs/generated/problemPickUpHL_b17_fp23_r1.pddl,True,297.12,381.80,3,0,
226,2026-07-06 17:14:39.466,FF,PickUpHL_b23_fp31_r1,Plannerinputs/generated/problemPickUpHL_b23_fp31_r1.pddl,True,305.42,386.53,3,0,
227,2026-07-06 17:14:40.017,FF,NailingBeamHL_b2_r1_m1_lay1,Plannerinputs/generated/problemNailingBeamHL_b2_r1_m1_lay1.pddl,True,310.39,448.45,11,0,
228,2026-07-06 17:14:40.548,FF,StackHL_b11_lp2_r1_pr2_lay2_m2,Plannerinputs/generated/problemStackHL_b11_lp2_r1_pr2_lay2_m2.pddl,True,308.13,376.49,2,0,
229,2026-07-06 17:14:41.438,FF,PickUpHL_b17_fp23_r1,Plannerinputs/generated/problemPickUpHL_b17_fp23_r1.pddl,True,299.82,388.61,2,0,
230,2026-07-06 17:14:41.882,FF,PickUpHL_b23_fp31_r1,Plannerinputs/generated/problemPickUpHL_b23_fp31_r1.pddl,True,311.89,392.50,2,0,
231,2026-07-06 17:14:42.478,FF,NailingBeamHL_b2_r1_m1_lay1,Plannerinputs/generated/problemNailingBeamHL_b2_r1_m1_lay1.pddl,True,302.00,396.08,8,0,
232,2026-07-06 17:14:42.941,FF,NailingBeamHL_b8_r1_m2_lay2,Plannerinputs/generated/problemNailingBeamHL_b8_r1_m2_lay2.pddl,True,310.78,402.79,8,0,
233,2026-07-06 17:14:43.820,FF,PickUpHL_b23_fp31_r1,Plannerinputs/generated/problemPickUpHL_b23_fp31_r1.pddl,True,301.83,396.49,3,0,
234,2026-07-06 17:14:44.401,FF,NailingBeamHL_b2_r1_m1_lay1,Plannerinputs/generated/problemNailingBeamHL_b2_r1_m1_lay1.pddl,True,287.94,389.84,11,0,
235,2026-07-06 17:14:44.838,FF,NailingBeamHL_b8_r1_m2_lay2,Plannerinputs/generated/problemNailingBeamHL_b8_r1_m2_lay2.pddl,True,288.13,424.89,11,0,
236,2026-07-06 17:14:45.342,FF,StackHL_b17_lp3_r1_pr3_lay3_m3,Plannerinputs/generated/problemStackHL_b17_lp3_r1_pr3_lay3_m3.pddl,True,259.85,365.79,2,0,
237,2026-07-06 17:14:46.197,FF,PickUpHL_b23_fp31_r1,Plannerinputs/generated/problemPickUpHL_b23_fp31_r1.pddl,True,268.48,365.39,2,0,
238,2026-07-06 17:14:46.708,FF,NailingBeamHL_b2_r1_m1_lay1,Plannerinputs/generated/problemNailingBeamHL_b2_r1_m1_lay1.pddl,True,273.15,401.96,8,0,
239,2026-07-06 17:14:47.132,FF,NailingBeamHL_b8_r1_m2_lay2,Plannerinputs/generated/problemNailingBeamHL_b8_r1_m2_lay2.pddl,True,271.87,382.59,8,0,
240,2026-07-06 17:14:47.596,FF,NailingBeamHL_b14_r1_m3_lay3,Plannerinputs/generated/problemNailingBeamHL_b14_r1_m3_lay3.pddl,True,277.44,401.98,8,0,
241,2026-07-06 17:14:48.652,FF,NailingBeamHL_b2_r1_m1_lay1,Plannerinputs/generated/problemNailingBeamHL_b2_r1_m1_lay1.pddl,True,295.52,410.47,11,0,
242,2026-07-06 17:14:49.098,FF,NailingBeamHL_b8_r1_m2_lay2,Plannerinputs/generated/problemNailingBeamHL_b8_r1_m2_lay2.pddl,True,286.01,402.90,11,0,
243,2026-07-06 17:14:49.519,FF,NailingBeamHL_b14_r1_m3_lay3,Plannerinputs/generated/problemNailingBeamHL_b14_r1_m3_lay3.pddl,True,285.12,388.94,11,0,
244,2026-07-06 17:14:49.946,FF,StackHL_b23_lp4_r1_pr4_lay4_m4,Plannerinputs/generated/problemStackHL_b23_lp4_r1_pr4_lay4_m4.pddl,True,276.86,342.14,2,0,
245,2026-07-06 17:14:50.820,FF,NailingBeamHL_b2_r1_m1_lay1,Plannerinputs/generated/problemNailingBeamHL_b2_r1_m1_lay1.pddl,True,269.70,367.63,8,0,
246,2026-07-06 17:14:51.236,FF,NailingBeamHL_b8_r1_m2_lay2,Plannerinputs/generated/problemNailingBeamHL_b8_r1_m2_lay2.pddl,True,318.84,417.38,8,0,
247,2026-07-06 17:14:51.694,FF,NailingBeamHL_b14_r1_m3_lay3,Plannerinputs/generated/problemNailingBeamHL_b14_r1_m3_lay3.pddl,True,311.22,425.05,8,0,
248,2026-07-06 17:14:52.204,FF,NailingBeamHL_b20_r1_m4_lay4,Plannerinputs/generated/problemNailingBeamHL_b20_r1_m4_lay4.pddl,True,330.32,440.09,8,0,
249,2026-07-06 17:14:54.552,FF,NailingBeamHL_b8_r1_m2_lay2,Plannerinputs/generated/problemNailingBeamHL_b8_r1_m2_lay2.pddl,True,260.35,341.89,2,0,
250,2026-07-06 17:14:54.924,FF,NailingBeamHL_b14_r1_m3_lay3,Plannerinputs/generated/problemNailingBeamHL_b14_r1_m3_lay3.pddl,True,269.54,362.57,2,0,
251,2026-07-06 17:14:55.339,FF,NailingBeamHL_b20_r1_m4_lay4,Plannerinputs/generated/problemNailingBeamHL_b20_r1_m4_lay4.pddl,True,263.80,335.33,2,0,
252,2026-07-06 17:14:55.876,FF,NailingBeamHL_b4_r1_m1_lay1,Plannerinputs/generated/problemNailingBeamHL_b4_r1_m1_lay1.pddl,True,268.63,334.25,1,0,
253,2026-07-06 17:14:56.458,FF,NailingBeamHL_b8_r1_m2_lay2,Plannerinputs/generated/problemNailingBeamHL_b8_r1_m2_lay2.pddl,True,259.55,341.21,2,0,
254,2026-07-06 17:14:56.832,FF,NailingBeamHL_b14_r1_m3_lay3,Plannerinputs/generated/problemNailingBeamHL_b14_r1_m3_lay3.pddl,True,260.81,380.87,2,0,
255,2026-07-06 17:14:57.259,FF,NailingBeamHL_b20_r1_m4_lay4,Plannerinputs/generated/problemNailingBeamHL_b20_r1_m4_lay4.pddl,True,261.80,324.05,2,0,
256,2026-07-06 17:14:57.805,FF,NailingBeamHL_b3_r1_m1_lay1,Plannerinputs/generated/problemNailingBeamHL_b3_r1_m1_lay1.pddl,True,268.20,339.65,1,0,
257,2026-07-06 17:14:58.410,FF,NailingBeamHL_b8_r1_m2_lay2,Plannerinputs/generated/problemNailingBeamHL_b8_r1_m2_lay2.pddl,True,258.47,359.99,2,0,
258,2026-07-06 17:14:58.798,FF,NailingBeamHL_b14_r1_m3_lay3,Plannerinputs/generated/problemNailingBeamHL_b14_r1_m3_lay3.pddl,True,268.77,351.24,2,0,
259,2026-07-06 17:14:59.208,FF,NailingBeamHL_b20_r1_m4_lay4,Plannerinputs/generated/problemNailingBeamHL_b20_r1_m4_lay4.pddl,True,262.45,340.90,2,0,
260,2026-07-06 17:14:59.760,FF,NailingBeamHL_b5_r1_m1_lay1,Plannerinputs/generated/problemNailingBeamHL_b5_r1_m1_lay1.pddl,True,257.13,328.32,1,0,
261,2026-07-06 17:15:00.345,FF,NailingBeamHL_b8_r1_m2_lay2,Plannerinputs/generated/problemNailingBeamHL_b8_r1_m2_lay2.pddl,True,262.02,316.70,2,0,
262,2026-07-06 17:15:00.678,FF,NailingBeamHL_b14_r1_m3_lay3,Plannerinputs/generated/problemNailingBeamHL_b14_r1_m3_lay3.pddl,True,260.35,342.15,2,0,
263,2026-07-06 17:15:01.087,FF,NailingBeamHL_b20_r1_m4_lay4,Plannerinputs/generated/problemNailingBeamHL_b20_r1_m4_lay4.pddl,True,260.40,335.01,2,0,
264,2026-07-06 17:15:01.622,FF,NailingBeamHL_b1_r1_m1_lay1,Plannerinputs/generated/problemNailingBeamHL_b1_r1_m1_lay1.pddl,True,267.81,329.65,1,0,
265,2026-07-06 17:15:02.181,FF,NailingBeamHL_b8_r1_m2_lay2,Plannerinputs/generated/problemNailingBeamHL_b8_r1_m2_lay2.pddl,True,259.04,348.74,2,0,
266,2026-07-06 17:15:02.559,FF,NailingBeamHL_b14_r1_m3_lay3,Plannerinputs/generated/problemNailingBeamHL_b14_r1_m3_lay3.pddl,True,259.65,330.73,2,0,
267,2026-07-06 17:15:02.931,FF,NailingBeamHL_b20_r1_m4_lay4,Plannerinputs/generated/problemNailingBeamHL_b20_r1_m4_lay4.pddl,True,274.49,356.75,2,0,
268,2026-07-06 17:15:03.494,FF,NailingBeamHL_b6_r1_m1_lay1,Plannerinputs/generated/problemNailingBeamHL_b6_r1_m1_lay1.pddl,True,256.16,333.21,1,0,
269,2026-07-06 17:15:04.063,FF,NailingBeamHL_b8_r1_m2_lay2,Plannerinputs/generated/problemNailingBeamHL_b8_r1_m2_lay2.pddl,True,264.83,347.63,2,0,
270,2026-07-06 17:15:04.461,FF,NailingBeamHL_b14_r1_m3_lay3,Plannerinputs/generated/problemNailingBeamHL_b14_r1_m3_lay3.pddl,True,260.25,329.51,2,0,
271,2026-07-06 17:15:04.807,FF,NailingBeamHL_b20_r1_m4_lay4,Plannerinputs/generated/problemNailingBeamHL_b20_r1_m4_lay4.pddl,True,263.16,332.91,2,0,
272,2026-07-06 17:15:05.336,FF,GluingBeamHL_b1_r1_m1_lay1,Plannerinputs/generated/problemGluingBeamHL_b1_r1_m1_lay1.pddl,True,261.79,369.39,8,0,
273,2026-07-06 17:15:06.177,FF,NailingBeamHL_b14_r1_m3_lay3,Plannerinputs/generated/problemNailingBeamHL_b14_r1_m3_lay3.pddl,True,253.83,327.64,2,0,
274,2026-07-06 17:15:06.522,FF,NailingBeamHL_b20_r1_m4_lay4,Plannerinputs/generated/problemNailingBeamHL_b20_r1_m4_lay4.pddl,True,258.34,337.46,2,0,
275,2026-07-06 17:15:06.984,FF,GluingBeamHL_b1_r1_m1_lay1,Plannerinputs/generated/problemGluingBeamHL_b1_r1_m1_lay1.pddl,True,269.47,396.94,8,0,
276,2026-07-06 17:15:07.479,FF,NailingBeamHL_b10_r1_m2_lay2,Plannerinputs/generated/problemNailingBeamHL_b10_r1_m2_lay2.pddl,True,265.01,320.94,1,0,
277,2026-07-06 17:15:08.085,FF,NailingBeamHL_b14_r1_m3_lay3,Plannerinputs/generated/problemNailingBeamHL_b14_r1_m3_lay3.pddl,True,252.44,324.30,2,0,
278,2026-07-06 17:15:08.468,FF,NailingBeamHL_b20_r1_m4_lay4,Plannerinputs/generated/problemNailingBeamHL_b20_r1_m4_lay4.pddl,True,254.51,328.67,2,0,
279,2026-07-06 17:15:08.928,FF,GluingBeamHL_b1_r1_m1_lay1,Plannerinputs/generated/problemGluingBeamHL_b1_r1_m1_lay1.pddl,True,259.47,338.39,8,0,
280,2026-07-06 17:15:09.353,FF,NailingBeamHL_b9_r1_m2_lay2,Plannerinputs/generated/problemNailingBeamHL_b9_r1_m2_lay2.pddl,True,256.89,331.25,1,0,
281,2026-07-06 17:15:09.960,FF,NailingBeamHL_b14_r1_m3_lay3,Plannerinputs/generated/problemNailingBeamHL_b14_r1_m3_lay3.pddl,True,260.30,343.19,2,0,
282,2026-07-06 17:15:10.351,FF,NailingBeamHL_b20_r1_m4_lay4,Plannerinputs/generated/problemNailingBeamHL_b20_r1_m4_lay4.pddl,True,269.01,339.90,2,0,
283,2026-07-06 17:15:10.844,FF,GluingBeamHL_b1_r1_m1_lay1,Plannerinputs/generated/problemGluingBeamHL_b1_r1_m1_lay1.pddl,True,262.98,368.99,8,0,
284,2026-07-06 17:15:11.268,FF,NailingBeamHL_b11_r1_m2_lay2,Plannerinputs/generated/problemNailingBeamHL_b11_r1_m2_lay2.pddl,True,255.58,317.00,1,0,
285,2026-07-06 17:15:11.871,FF,NailingBeamHL_b14_r1_m3_lay3,Plannerinputs/generated/problemNailingBeamHL_b14_r1_m3_lay3.pddl,True,271.41,355.19,2,0,
286,2026-07-06 17:15:12.267,FF,NailingBeamHL_b20_r1_m4_lay4,Plannerinputs/generated/problemNailingBeamHL_b20_r1_m4_lay4.pddl,True,256.24,333.27,2,0,
287,2026-07-06 17:15:12.754,FF,GluingBeamHL_b1_r1_m1_lay1,Plannerinputs/generated/problemGluingBeamHL_b1_r1_m1_lay1.pddl,True,254.90,376.38,8,0,
288,2026-07-06 17:15:13.189,FF,NailingBeamHL_b7_r1_m2_lay2,Plannerinputs/generated/problemNailingBeamHL_b7_r1_m2_lay2.pddl,True,268.33,336.50,1,0,
289,2026-07-06 17:15:13.779,FF,NailingBeamHL_b14_r1_m3_lay3,Plannerinputs/generated/problemNailingBeamHL_b14_r1_m3_lay3.pddl,True,255.45,333.13,2,0,
290,2026-07-06 17:15:14.131,FF,NailingBeamHL_b20_r1_m4_lay4,Plannerinputs/generated/problemNailingBeamHL_b20_r1_m4_lay4.pddl,True,261.05,321.26,2,0,
291,2026-07-06 17:15:14.599,FF,GluingBeamHL_b1_r1_m1_lay1,Plannerinputs/generated/problemGluingBeamHL_b1_r1_m1_lay1.pddl,True,254.93,410.83,8,0,
292,2026-07-06 17:15:15.077,FF,NailingBeamHL_b12_r1_m2_lay2,Plannerinputs/generated/problemNailingBeamHL_b12_r1_m2_lay2.pddl,True,254.96,326.70,1,0,
293,2026-07-06 17:15:15.660,FF,NailingBeamHL_b14_r1_m3_lay3,Plannerinputs/generated/problemNailingBeamHL_b14_r1_m3_lay3.pddl,True,252.45,340.00,2,0,
294,2026-07-06 17:15:16.043,FF,NailingBeamHL_b20_r1_m4_lay4,Plannerinputs/generated/problemNailingBeamHL_b20_r1_m4_lay4.pddl,True,260.50,325.47,2,0,
295,2026-07-06 17:15:16.539,FF,GluingBeamHL_b1_r1_m1_lay1,Plannerinputs/generated/problemGluingBeamHL_b1_r1_m1_lay1.pddl,True,263.56,358.32,8,0,
296,2026-07-06 17:15:16.940,FF,GluingBeamHL_b7_r1_m2_lay2,Plannerinputs/generated/problemGluingBeamHL_b7_r1_m2_lay2.pddl,True,259.75,353.78,8,0,
297,2026-07-06 17:15:17.767,FF,NailingBeamHL_b20_r1_m4_lay4,Plannerinputs/generated/problemNailingBeamHL_b20_r1_m4_lay4.pddl,True,249.55,321.98,2,0,
298,2026-07-06 17:15:18.266,FF,GluingBeamHL_b1_r1_m1_lay1,Plannerinputs/generated/problemGluingBeamHL_b1_r1_m1_lay1.pddl,True,257.48,366.23,8,0,
299,2026-07-06 17:15:18.653,FF,GluingBeamHL_b7_r1_m2_lay2,Plannerinputs/generated/problemGluingBeamHL_b7_r1_m2_lay2.pddl,True,263.32,381.33,8,0,
300,2026-07-06 17:15:19.113,FF,NailingBeamHL_b16_r1_m3_lay3,Plannerinputs/generated/problemNailingBeamHL_b16_r1_m3_lay3.pddl,True,256.15,341.50,1,0,
301,2026-07-06 17:15:19.715,FF,NailingBeamHL_b20_r1_m4_lay4,Plannerinputs/generated/problemNailingBeamHL_b20_r1_m4_lay4.pddl,True,289.29,359.23,2,0,
302,2026-07-06 17:15:20.211,FF,GluingBeamHL_b1_r1_m1_lay1,Plannerinputs/generated/problemGluingBeamHL_b1_r1_m1_lay1.pddl,True,274.45,388.10,8,0,
303,2026-07-06 17:15:20.631,FF,GluingBeamHL_b7_r1_m2_lay2,Plannerinputs/generated/problemGluingBeamHL_b7_r1_m2_lay2.pddl,True,249.30,353.11,8,0,
304,2026-07-06 17:15:21.065,FF,NailingBeamHL_b15_r1_m3_lay3,Plannerinputs/generated/problemNailingBeamHL_b15_r1_m3_lay3.pddl,True,255.56,333.27,1,0,
305,2026-07-06 17:15:21.654,FF,NailingBeamHL_b20_r1_m4_lay4,Plannerinputs/generated/problemNailingBeamHL_b20_r1_m4_lay4.pddl,True,261.85,340.65,2,0,
306,2026-07-06 17:15:22.144,FF,GluingBeamHL_b1_r1_m1_lay1,Plannerinputs/generated/problemGluingBeamHL_b1_r1_m1_lay1.pddl,True,260.67,362.17,8,0,
307,2026-07-06 17:15:22.531,FF,GluingBeamHL_b7_r1_m2_lay2,Plannerinputs/generated/problemGluingBeamHL_b7_r1_m2_lay2.pddl,True,251.88,372.82,8,0,
308,2026-07-06 17:15:22.990,FF,NailingBeamHL_b17_r1_m3_lay3,Plannerinputs/generated/problemNailingBeamHL_b17_r1_m3_lay3.pddl,True,253.77,337.85,1,0,
309,2026-07-06 17:15:23.558,FF,NailingBeamHL_b20_r1_m4_lay4,Plannerinputs/generated/problemNailingBeamHL_b20_r1_m4_lay4.pddl,True,254.01,329.18,2,0,
310,2026-07-06 17:15:24.063,FF,GluingBeamHL_b1_r1_m1_lay1,Plannerinputs/generated/problemGluingBeamHL_b1_r1_m1_lay1.pddl,True,257.32,382.99,8,0,
311,2026-07-06 17:15:24.472,FF,GluingBeamHL_b7_r1_m2_lay2,Plannerinputs/generated/problemGluingBeamHL_b7_r1_m2_lay2.pddl,True,265.13,361.04,8,0,
312,2026-07-06 17:15:24.881,FF,NailingBeamHL_b13_r1_m3_lay3,Plannerinputs/generated/problemNailingBeamHL_b13_r1_m3_lay3.pddl,True,250.17,318.67,1,0,
313,2026-07-06 17:15:25.455,FF,NailingBeamHL_b20_r1_m4_lay4,Plannerinputs/generated/problemNailingBeamHL_b20_r1_m4_lay4.pddl,True,250.06,327.01,2,0,
314,2026-07-06 17:15:25.912,FF,GluingBeamHL_b1_r1_m1_lay1,Plannerinputs/generated/problemGluingBeamHL_b1_r1_m1_lay1.pddl,True,253.72,383.87,8,0,
315,2026-07-06 17:15:26.337,FF,GluingBeamHL_b7_r1_m2_lay2,Plannerinputs/generated/problemGluingBeamHL_b7_r1_m2_lay2.pddl,True,253.29,352.37,8,0,
316,2026-07-06 17:15:26.772,FF,NailingBeamHL_b18_r1_m3_lay3,Plannerinputs/generated/problemNailingBeamHL_b18_r1_m3_lay3.pddl,True,255.69,318.78,1,0,
317,2026-07-06 17:15:27.323,FF,NailingBeamHL_b20_r1_m4_lay4,Plannerinputs/generated/problemNailingBeamHL_b20_r1_m4_lay4.pddl,True,251.30,321.76,2,0,
318,2026-07-06 17:15:27.785,FF,GluingBeamHL_b1_r1_m1_lay1,Plannerinputs/generated/problemGluingBeamHL_b1_r1_m1_lay1.pddl,True,244.42,353.80,8,0,
319,2026-07-06 17:15:28.187,FF,GluingBeamHL_b7_r1_m2_lay2,Plannerinputs/generated/problemGluingBeamHL_b7_r1_m2_lay2.pddl,True,252.90,371.99,8,0,
320,2026-07-06 17:15:28.639,FF,GluingBeamHL_b13_r1_m3_lay3,Plannerinputs/generated/problemGluingBeamHL_b13_r1_m3_lay3.pddl,True,255.68,372.60,8,0,
321,2026-07-06 17:15:29.602,FF,GluingBeamHL_b1_r1_m1_lay1,Plannerinputs/generated/problemGluingBeamHL_b1_r1_m1_lay1.pddl,True,252.09,351.74,8,0,
322,2026-07-06 17:15:29.974,FF,GluingBeamHL_b7_r1_m2_lay2,Plannerinputs/generated/problemGluingBeamHL_b7_r1_m2_lay2.pddl,True,259.84,369.49,8,0,
323,2026-07-06 17:15:30.386,FF,GluingBeamHL_b13_r1_m3_lay3,Plannerinputs/generated/problemGluingBeamHL_b13_r1_m3_lay3.pddl,True,252.11,359.57,8,0,
324,2026-07-06 17:15:30.787,FF,NailingBeamHL_b22_r1_m4_lay4,Plannerinputs/generated/problemNailingBeamHL_b22_r1_m4_lay4.pddl,True,257.51,312.68,1,0,
325,2026-07-06 17:15:31.511,FF,GluingBeamHL_b1_r1_m1_lay1,Plannerinputs/generated/problemGluingBeamHL_b1_r1_m1_lay1.pddl,True,250.05,358.70,8,0,
326,2026-07-06 17:15:31.894,FF,GluingBeamHL_b7_r1_m2_lay2,Plannerinputs/generated/problemGluingBeamHL_b7_r1_m2_lay2.pddl,True,253.09,412.42,8,0,
327,2026-07-06 17:15:32.356,FF,GluingBeamHL_b13_r1_m3_lay3,Plannerinputs/generated/problemGluingBeamHL_b13_r1_m3_lay3.pddl,True,246.64,374.43,8,0,
328,2026-07-06 17:15:32.805,FF,NailingBeamHL_b21_r1_m4_lay4,Plannerinputs/generated/problemNailingBeamHL_b21_r1_m4_lay4.pddl,True,242.62,305.70,1,0,
329,2026-07-06 17:15:33.521,FF,GluingBeamHL_b1_r1_m1_lay1,Plannerinputs/generated/problemGluingBeamHL_b1_r1_m1_lay1.pddl,True,248.48,355.03,8,0,
330,2026-07-06 17:15:33.899,FF,GluingBeamHL_b7_r1_m2_lay2,Plannerinputs/generated/problemGluingBeamHL_b7_r1_m2_lay2.pddl,True,246.90,374.89,8,0,
331,2026-07-06 17:15:34.318,FF,GluingBeamHL_b13_r1_m3_lay3,Plannerinputs/generated/problemGluingBeamHL_b13_r1_m3_lay3.pddl,True,244.58,345.65,8,0,
332,2026-07-06 17:15:34.717,FF,NailingBeamHL_b23_r1_m4_lay4,Plannerinputs/generated/problemNailingBeamHL_b23_r1_m4_lay4.pddl,True,244.81,315.16,1,0,
333,2026-07-06 17:15:35.419,FF,GluingBeamHL_b1_r1_m1_lay1,Plannerinputs/generated/problemGluingBeamHL_b1_r1_m1_lay1.pddl,True,246.41,358.82,8,0,
334,2026-07-06 17:15:35.824,FF,GluingBeamHL_b7_r1_m2_lay2,Plannerinputs/generated/problemGluingBeamHL_b7_r1_m2_lay2.pddl,True,274.60,361.91,8,0,
335,2026-07-06 17:15:36.217,FF,GluingBeamHL_b13_r1_m3_lay3,Plannerinputs/generated/problemGluingBeamHL_b13_r1_m3_lay3.pddl,True,275.11,374.33,8,0,
336,2026-07-06 17:15:36.673,FF,NailingBeamHL_b19_r1_m4_lay4,Plannerinputs/generated/problemNailingBeamHL_b19_r1_m4_lay4.pddl,True,248.87,322.86,1,0,
337,2026-07-06 17:15:37.361,FF,GluingBeamHL_b1_r1_m1_lay1,Plannerinputs/generated/problemGluingBeamHL_b1_r1_m1_lay1.pddl,True,242.99,347.81,8,0,
338,2026-07-06 17:15:37.724,FF,GluingBeamHL_b7_r1_m2_lay2,Plannerinputs/generated/problemGluingBeamHL_b7_r1_m2_lay2.pddl,True,246.43,371.36,8,0,
339,2026-07-06 17:15:38.140,FF,GluingBeamHL_b13_r1_m3_lay3,Plannerinputs/generated/problemGluingBeamHL_b13_r1_m3_lay3.pddl,True,251.12,340.75,8,0,
340,2026-07-06 17:15:38.561,FF,NailingBeamHL_b24_r1_m4_lay4,Plannerinputs/generated/problemNailingBeamHL_b24_r1_m4_lay4.pddl,True,243.67,315.50,1,0,
341,2026-07-06 17:15:39.304,FF,GluingBeamHL_b1_r1_m1_lay1,Plannerinputs/generated/problemGluingBeamHL_b1_r1_m1_lay1.pddl,True,240.10,346.23,8,0,
342,2026-07-06 17:15:39.671,FF,GluingBeamHL_b7_r1_m2_lay2,Plannerinputs/generated/problemGluingBeamHL_b7_r1_m2_lay2.pddl,True,246.32,353.73,8,0,
343,2026-07-06 17:15:40.056,FF,GluingBeamHL_b13_r1_m3_lay3,Plannerinputs/generated/problemGluingBeamHL_b13_r1_m3_lay3.pddl,True,254.67,372.28,8,0,
344,2026-07-06 17:15:40.472,FF,GluingBeamHL_b19_r1_m4_lay4,Plannerinputs/generated/problemGluingBeamHL_b19_r1_m4_lay4.pddl,True,252.17,377.25,8,0,
345,2026-07-06 17:15:42.691,FF,GluingBeamHL_b7_r1_m2_lay2,Plannerinputs/generated/problemGluingBeamHL_b7_r1_m2_lay2.pddl,True,243.32,314.40,2,0,
346,2026-07-06 17:15:43.028,FF,GluingBeamHL_b13_r1_m3_lay3,Plannerinputs/generated/problemGluingBeamHL_b13_r1_m3_lay3.pddl,True,253.46,320.02,2,0,
347,2026-07-06 17:15:43.367,FF,GluingBeamHL_b19_r1_m4_lay4,Plannerinputs/generated/problemGluingBeamHL_b19_r1_m4_lay4.pddl,True,238.81,317.51,2,0,
348,2026-07-06 17:15:43.857,FF,GluingBeamHL_b2_r1_m1_lay1,Plannerinputs/generated/problemGluingBeamHL_b2_r1_m1_lay1.pddl,True,278.10,346.46,1,0,
349,2026-07-06 17:15:44.513,FF,GluingBeamHL_b7_r1_m2_lay2,Plannerinputs/generated/problemGluingBeamHL_b7_r1_m2_lay2.pddl,True,269.36,347.32,2,0,
350,2026-07-06 17:15:44.902,FF,GluingBeamHL_b13_r1_m3_lay3,Plannerinputs/generated/problemGluingBeamHL_b13_r1_m3_lay3.pddl,True,242.48,317.81,2,0,
351,2026-07-06 17:15:45.278,FF,GluingBeamHL_b19_r1_m4_lay4,Plannerinputs/generated/problemGluingBeamHL_b19_r1_m4_lay4.pddl,True,238.85,315.71,2,0,
352,2026-07-06 17:15:45.798,FF,GluingBeamHL_b5_r1_m1_lay1,Plannerinputs/generated/problemGluingBeamHL_b5_r1_m1_lay1.pddl,True,247.16,339.70,1,0,
353,2026-07-06 17:15:46.424,FF,GluingBeamHL_b7_r1_m2_lay2,Plannerinputs/generated/problemGluingBeamHL_b7_r1_m2_lay2.pddl,True,238.41,297.31,2,0,
354,2026-07-06 17:15:46.753,FF,GluingBeamHL_b13_r1_m3_lay3,Plannerinputs/generated/problemGluingBeamHL_b13_r1_m3_lay3.pddl,True,236.78,308.59,2,0,
355,2026-07-06 17:15:47.085,FF,GluingBeamHL_b19_r1_m4_lay4,Plannerinputs/generated/problemGluingBeamHL_b19_r1_m4_lay4.pddl,True,249.11,346.39,2,0,
356,2026-07-06 17:15:47.610,FF,GluingBeamHL_b6_r1_m1_lay1,Plannerinputs/generated/problemGluingBeamHL_b6_r1_m1_lay1.pddl,True,237.01,310.98,1,0,
357,2026-07-06 17:15:48.168,FF,GluingBeamHL_b7_r1_m2_lay2,Plannerinputs/generated/problemGluingBeamHL_b7_r1_m2_lay2.pddl,True,251.37,316.63,2,0,
358,2026-07-06 17:15:48.501,FF,GluingBeamHL_b13_r1_m3_lay3,Plannerinputs/generated/problemGluingBeamHL_b13_r1_m3_lay3.pddl,True,246.74,321.85,2,0,
359,2026-07-06 17:15:48.855,FF,GluingBeamHL_b19_r1_m4_lay4,Plannerinputs/generated/problemGluingBeamHL_b19_r1_m4_lay4.pddl,True,242.74,328.86,2,0,
360,2026-07-06 17:15:49.390,FF,GluingBeamHL_b4_r1_m1_lay1,Plannerinputs/generated/problemGluingBeamHL_b4_r1_m1_lay1.pddl,True,247.89,343.02,1,0,
361,2026-07-06 17:15:49.994,FF,GluingBeamHL_b7_r1_m2_lay2,Plannerinputs/generated/problemGluingBeamHL_b7_r1_m2_lay2.pddl,True,249.15,335.37,2,0,
362,2026-07-06 17:15:50.367,FF,GluingBeamHL_b13_r1_m3_lay3,Plannerinputs/generated/problemGluingBeamHL_b13_r1_m3_lay3.pddl,True,245.41,315.16,2,0,
363,2026-07-06 17:15:50.740,FF,GluingBeamHL_b19_r1_m4_lay4,Plannerinputs/generated/problemGluingBeamHL_b19_r1_m4_lay4.pddl,True,242.66,330.24,2,0,
364,2026-07-06 17:15:51.279,FF,GluingBeamHL_b3_r1_m1_lay1,Plannerinputs/generated/problemGluingBeamHL_b3_r1_m1_lay1.pddl,True,268.99,339.78,1,0,
365,2026-07-06 17:15:51.873,FF,GluingBeamHL_b7_r1_m2_lay2,Plannerinputs/generated/problemGluingBeamHL_b7_r1_m2_lay2.pddl,True,240.69,317.98,2,0,
366,2026-07-06 17:15:52.236,FF,GluingBeamHL_b13_r1_m3_lay3,Plannerinputs/generated/problemGluingBeamHL_b13_r1_m3_lay3.pddl,True,243.45,324.49,2,0,
367,2026-07-06 17:15:52.626,FF,GluingBeamHL_b19_r1_m4_lay4,Plannerinputs/generated/problemGluingBeamHL_b19_r1_m4_lay4.pddl,True,239.60,313.09,2,0,
368,2026-07-06 17:15:53.142,FF,PickUpHL_tp1_fp5_r1,Plannerinputs/generated/problemPickUpHL_tp1_fp5_r1.pddl,True,251.42,354.64,9,0,
369,2026-07-06 17:15:53.957,FF,GluingBeamHL_b13_r1_m3_lay3,Plannerinputs/generated/problemGluingBeamHL_b13_r1_m3_lay3.pddl,True,243.20,308.96,2,0,
370,2026-07-06 17:15:54.297,FF,GluingBeamHL_b19_r1_m4_lay4,Plannerinputs/generated/problemGluingBeamHL_b19_r1_m4_lay4.pddl,True,247.23,326.85,2,0,
371,2026-07-06 17:15:54.768,FF,PickUpHL_tp1_fp5_r1,Plannerinputs/generated/problemPickUpHL_tp1_fp5_r1.pddl,True,246.45,354.70,9,0,
372,2026-07-06 17:15:55.184,FF,GluingBeamHL_b8_r1_m2_lay2,Plannerinputs/generated/problemGluingBeamHL_b8_r1_m2_lay2.pddl,True,249.23,309.39,1,0,
373,2026-07-06 17:15:55.779,FF,GluingBeamHL_b13_r1_m3_lay3,Plannerinputs/generated/problemGluingBeamHL_b13_r1_m3_lay3.pddl,True,242.35,310.44,2,0,
374,2026-07-06 17:15:56.141,FF,GluingBeamHL_b19_r1_m4_lay4,Plannerinputs/generated/problemGluingBeamHL_b19_r1_m4_lay4.pddl,True,251.27,335.69,2,0,
375,2026-07-06 17:15:56.627,FF,PickUpHL_tp1_fp5_r1,Plannerinputs/generated/problemPickUpHL_tp1_fp5_r1.pddl,True,243.81,381.13,9,0,
376,2026-07-06 17:15:57.102,FF,GluingBeamHL_b11_r1_m2_lay2,Plannerinputs/generated/problemGluingBeamHL_b11_r1_m2_lay2.pddl,True,259.42,325.28,1,0,
377,2026-07-06 17:15:57.709,FF,GluingBeamHL_b13_r1_m3_lay3,Plannerinputs/generated/problemGluingBeamHL_b13_r1_m3_lay3.pddl,True,238.21,305.40,2,0,
378,2026-07-06 17:15:58.078,FF,GluingBeamHL_b19_r1_m4_lay4,Plannerinputs/generated/problemGluingBeamHL_b19_r1_m4_lay4.pddl,True,244.37,334.11,2,0,
379,2026-07-06 17:15:58.561,FF,PickUpHL_tp1_fp5_r1,Plannerinputs/generated/problemPickUpHL_tp1_fp5_r1.pddl,True,244.08,371.38,9,0,
380,2026-07-06 17:15:59.012,FF,GluingBeamHL_b12_r1_m2_lay2,Plannerinputs/generated/problemGluingBeamHL_b12_r1_m2_lay2.pddl,True,243.20,318.01,1,0,
381,2026-07-06 17:15:59.608,FF,GluingBeamHL_b13_r1_m3_lay3,Plannerinputs/generated/problemGluingBeamHL_b13_r1_m3_lay3.pddl,True,252.87,332.43,2,0,
382,2026-07-06 17:15:59.956,FF,GluingBeamHL_b19_r1_m4_lay4,Plannerinputs/generated/problemGluingBeamHL_b19_r1_m4_lay4.pddl,True,258.12,319.94,2,0,
383,2026-07-06 17:16:00.433,FF,PickUpHL_tp1_fp5_r1,Plannerinputs/generated/problemPickUpHL_tp1_fp5_r1.pddl,True,248.85,392.02,9,0,
384,2026-07-06 17:16:00.918,FF,GluingBeamHL_b10_r1_m2_lay2,Plannerinputs/generated/problemGluingBeamHL_b10_r1_m2_lay2.pddl,True,254.44,328.01,1,0,
385,2026-07-06 17:16:01.468,FF,GluingBeamHL_b13_r1_m3_lay3,Plannerinputs/generated/problemGluingBeamHL_b13_r1_m3_lay3.pddl,True,239.87,310.65,2,0,
386,2026-07-06 17:16:01.824,FF,GluingBeamHL_b19_r1_m4_lay4,Plannerinputs/generated/problemGluingBeamHL_b19_r1_m4_lay4.pddl,True,237.51,322.27,2,0,
387,2026-07-06 17:16:02.305,FF,PickUpHL_tp1_fp5_r1,Plannerinputs/generated/problemPickUpHL_tp1_fp5_r1.pddl,True,249.35,358.17,9,0,
388,2026-07-06 17:16:02.761,FF,GluingBeamHL_b9_r1_m2_lay2,Plannerinputs/generated/problemGluingBeamHL_b9_r1_m2_lay2.pddl,True,253.27,337.79,1,0,
389,2026-07-06 17:16:03.345,FF,GluingBeamHL_b13_r1_m3_lay3,Plannerinputs/generated/problemGluingBeamHL_b13_r1_m3_lay3.pddl,True,244.46,332.84,2,0,
390,2026-07-06 17:16:03.730,FF,GluingBeamHL_b19_r1_m4_lay4,Plannerinputs/generated/problemGluingBeamHL_b19_r1_m4_lay4.pddl,True,244.32,312.04,2,0,
391,2026-07-06 17:16:04.175,FF,PickUpHL_tp1_fp5_r1,Plannerinputs/generated/problemPickUpHL_tp1_fp5_r1.pddl,True,248.84,352.92,9,0,
392,2026-07-06 17:16:04.571,FF,PickUpHL_tp2_fp13_r1,Plannerinputs/generated/problemPickUpHL_tp2_fp13_r1.pddl,True,244.59,345.50,9,0,
393,2026-07-06 17:16:05.367,FF,GluingBeamHL_b19_r1_m4_lay4,Plannerinputs/generated/problemGluingBeamHL_b19_r1_m4_lay4.pddl,True,239.81,316.62,2,0,
394,2026-07-06 17:16:05.821,FF,PickUpHL_tp1_fp5_r1,Plannerinputs/generated/problemPickUpHL_tp1_fp5_r1.pddl,True,247.73,410.10,9,0,
395,2026-07-06 17:16:06.272,FF,PickUpHL_tp2_fp13_r1,Plannerinputs/generated/problemPickUpHL_tp2_fp13_r1.pddl,True,249.16,350.24,9,0,
396,2026-07-06 17:16:06.685,FF,GluingBeamHL_b14_r1_m3_lay3,Plannerinputs/generated/problemGluingBeamHL_b14_r1_m3_lay3.pddl,True,242.33,317.86,1,0,
397,2026-07-06 17:16:07.242,FF,GluingBeamHL_b19_r1_m4_lay4,Plannerinputs/generated/problemGluingBeamHL_b19_r1_m4_lay4.pddl,True,250.26,324.40,2,0,
398,2026-07-06 17:16:07.699,FF,PickUpHL_tp1_fp5_r1,Plannerinputs/generated/problemPickUpHL_tp1_fp5_r1.pddl,True,247.21,372.23,9,0,
399,2026-07-06 17:16:08.092,FF,PickUpHL_tp2_fp13_r1,Plannerinputs/generated/problemPickUpHL_tp2_fp13_r1.pddl,True,254.68,353.89,9,0,
400,2026-07-06 17:16:08.484,FF,GluingBeamHL_b17_r1_m3_lay3,Plannerinputs/generated/problemGluingBeamHL_b17_r1_m3_lay3.pddl,True,250.60,315.62,1,0,
401,2026-07-06 17:16:09.038,FF,GluingBeamHL_b19_r1_m4_lay4,Plannerinputs/generated/problemGluingBeamHL_b19_r1_m4_lay4.pddl,True,281.18,360.66,2,0,
402,2026-07-06 17:16:09.544,FF,PickUpHL_tp1_fp5_r1,Plannerinputs/generated/problemPickUpHL_tp1_fp5_r1.pddl,True,258.75,360.94,9,0,
403,2026-07-06 17:16:09.926,FF,PickUpHL_tp2_fp13_r1,Plannerinputs/generated/problemPickUpHL_tp2_fp13_r1.pddl,True,242.27,355.83,9,0,
404,2026-07-06 17:16:10.351,FF,GluingBeamHL_b18_r1_m3_lay3,Plannerinputs/generated/problemGluingBeamHL_b18_r1_m3_lay3.pddl,True,249.39,306.77,1,0,
405,2026-07-06 17:16:10.914,FF,GluingBeamHL_b19_r1_m4_lay4,Plannerinputs/generated/problemGluingBeamHL_b19_r1_m4_lay4.pddl,True,256.67,346.04,2,0,
406,2026-07-06 17:16:11.411,FF,PickUpHL_tp1_fp5_r1,Plannerinputs/generated/problemPickUpHL_tp1_fp5_r1.pddl,True,250.17,363.27,9,0,
407,2026-07-06 17:16:11.814,FF,PickUpHL_tp2_fp13_r1,Plannerinputs/generated/problemPickUpHL_tp2_fp13_r1.pddl,True,242.52,345.06,9,0,
408,2026-07-06 17:16:12.231,FF,GluingBeamHL_b16_r1_m3_lay3,Plannerinputs/generated/problemGluingBeamHL_b16_r1_m3_lay3.pddl,True,246.86,299.60,1,0,
409,2026-07-06 17:16:12.788,FF,GluingBeamHL_b19_r1_m4_lay4,Plannerinputs/generated/problemGluingBeamHL_b19_r1_m4_lay4.pddl,True,244.96,317.10,2,0,
410,2026-07-06 17:16:13.266,FF,PickUpHL_tp1_fp5_r1,Plannerinputs/generated/problemPickUpHL_tp1_fp5_r1.pddl,True,251.94,383.70,9,0,
411,2026-07-06 17:16:13.672,FF,PickUpHL_tp2_fp13_r1,Plannerinputs/generated/problemPickUpHL_tp2_fp13_r1.pddl,True,249.28,367.80,9,0,
412,2026-07-06 17:16:14.120,FF,GluingBeamHL_b15_r1_m3_lay3,Plannerinputs/generated/problemGluingBeamHL_b15_r1_m3_lay3.pddl,True,247.78,337.66,1,0,
413,2026-07-06 17:16:14.705,FF,GluingBeamHL_b19_r1_m4_lay4,Plannerinputs/generated/problemGluingBeamHL_b19_r1_m4_lay4.pddl,True,242.29,308.06,2,0,
414,2026-07-06 17:16:15.144,FF,PickUpHL_tp1_fp5_r1,Plannerinputs/generated/problemPickUpHL_tp1_fp5_r1.pddl,True,241.03,366.83,9,0,
415,2026-07-06 17:16:15.538,FF,PickUpHL_tp2_fp13_r1,Plannerinputs/generated/problemPickUpHL_tp2_fp13_r1.pddl,True,244.16,346.52,9,0,
416,2026-07-06 17:16:15.948,FF,PickUpHL_tp3_fp21_r1,Plannerinputs/generated/problemPickUpHL_tp3_fp21_r1.pddl,True,239.69,355.37,9,0,
417,2026-07-06 17:16:16.852,FF,PickUpHL_tp1_fp5_r1,Plannerinputs/generated/problemPickUpHL_tp1_fp5_r1.pddl,True,242.13,342.12,9,0,
418,2026-07-06 17:16:17.241,FF,PickUpHL_tp2_fp13_r1,Plannerinputs/generated/problemPickUpHL_tp2_fp13_r1.pddl,True,256.23,377.74,9,0,
419,2026-07-06 17:16:17.639,FF,PickUpHL_tp3_fp21_r1,Plannerinputs/generated/problemPickUpHL_tp3_fp21_r1.pddl,True,245.85,353.46,9,0,
420,2026-07-06 17:16:18.037,FF,GluingBeamHL_b20_r1_m4_lay4,Plannerinputs/generated/problemGluingBeamHL_b20_r1_m4_lay4.pddl,True,250.11,318.62,1,0,
421,2026-07-06 17:16:18.717,FF,PickUpHL_tp1_fp5_r1,Plannerinputs/generated/problemPickUpHL_tp1_fp5_r1.pddl,True,248.89,345.11,9,0,
422,2026-07-06 17:16:19.107,FF,PickUpHL_tp2_fp13_r1,Plannerinputs/generated/problemPickUpHL_tp2_fp13_r1.pddl,True,257.50,354.20,9,0,
423,2026-07-06 17:16:19.482,FF,PickUpHL_tp3_fp21_r1,Plannerinputs/generated/problemPickUpHL_tp3_fp21_r1.pddl,True,246.71,343.80,9,0,
424,2026-07-06 17:16:19.889,FF,GluingBeamHL_b23_r1_m4_lay4,Plannerinputs/generated/problemGluingBeamHL_b23_r1_m4_lay4.pddl,True,253.14,319.58,1,0,
425,2026-07-06 17:16:20.564,FF,PickUpHL_tp1_fp5_r1,Plannerinputs/generated/problemPickUpHL_tp1_fp5_r1.pddl,True,253.55,370.36,9,0,
426,2026-07-06 17:16:20.972,FF,PickUpHL_tp2_fp13_r1,Plannerinputs/generated/problemPickUpHL_tp2_fp13_r1.pddl,True,241.60,343.58,9,0,
427,2026-07-06 17:16:21.374,FF,PickUpHL_tp3_fp21_r1,Plannerinputs/generated/problemPickUpHL_tp3_fp21_r1.pddl,True,263.15,372.60,9,0,
428,2026-07-06 17:16:21.828,FF,GluingBeamHL_b24_r1_m4_lay4,Plannerinputs/generated/problemGluingBeamHL_b24_r1_m4_lay4.pddl,True,244.86,307.25,1,0,
429,2026-07-06 17:16:22.515,FF,PickUpHL_tp1_fp5_r1,Plannerinputs/generated/problemPickUpHL_tp1_fp5_r1.pddl,True,245.17,359.66,9,0,
430,2026-07-06 17:16:22.891,FF,PickUpHL_tp2_fp13_r1,Plannerinputs/generated/problemPickUpHL_tp2_fp13_r1.pddl,True,253.71,346.34,9,0,
431,2026-07-06 17:16:23.255,FF,PickUpHL_tp3_fp21_r1,Plannerinputs/generated/problemPickUpHL_tp3_fp21_r1.pddl,True,250.54,359.01,9,0,
432,2026-07-06 17:16:23.664,FF,GluingBeamHL_b22_r1_m4_lay4,Plannerinputs/generated/problemGluingBeamHL_b22_r1_m4_lay4.pddl,True,241.86,304.27,1,0,
433,2026-07-06 17:16:24.331,FF,PickUpHL_tp1_fp5_r1,Plannerinputs/generated/problemPickUpHL_tp1_fp5_r1.pddl,True,245.94,347.99,9,0,
434,2026-07-06 17:16:24.723,FF,PickUpHL_tp2_fp13_r1,Plannerinputs/generated/problemPickUpHL_tp2_fp13_r1.pddl,True,245.41,354.16,9,0,
435,2026-07-06 17:16:25.097,FF,PickUpHL_tp3_fp21_r1,Plannerinputs/generated/problemPickUpHL_tp3_fp21_r1.pddl,True,242.94,340.90,9,0,
436,2026-07-06 17:16:25.541,FF,GluingBeamHL_b21_r1_m4_lay4,Plannerinputs/generated/problemGluingBeamHL_b21_r1_m4_lay4.pddl,True,255.85,318.89,1,0,
437,2026-07-06 17:16:26.206,FF,PickUpHL_tp1_fp5_r1,Plannerinputs/generated/problemPickUpHL_tp1_fp5_r1.pddl,True,241.07,355.21,9,0,
438,2026-07-06 17:16:26.583,FF,PickUpHL_tp2_fp13_r1,Plannerinputs/generated/problemPickUpHL_tp2_fp13_r1.pddl,True,247.29,364.18,9,0,
439,2026-07-06 17:16:26.966,FF,PickUpHL_tp3_fp21_r1,Plannerinputs/generated/problemPickUpHL_tp3_fp21_r1.pddl,True,240.65,372.02,9,0,
440,2026-07-06 17:16:27.383,FF,PickUpHL_tp4_fp29_r1,Plannerinputs/generated/problemPickUpHL_tp4_fp29_r1.pddl,True,252.84,342.97,8,0,
441,2026-07-06 17:16:29.643,FF,PickUpHL_tp1_fp5_r1,Plannerinputs/generated/problemPickUpHL_tp1_fp5_r1.pddl,True,246.65,328.50,3,0,
442,2026-07-06 17:16:30.031,FF,PickUpHL_tp2_fp13_r1,Plannerinputs/generated/problemPickUpHL_tp2_fp13_r1.pddl,True,253.83,365.11,3,0,
443,2026-07-06 17:16:30.440,FF,PickUpHL_tp3_fp21_r1,Plannerinputs/generated/problemPickUpHL_tp3_fp21_r1.pddl,True,316.41,424.16,3,0,
444,2026-07-06 17:16:30.918,FF,StackOnMultipleHL_tp4_r1_pr4_m4_lay4,Plannerinputs/generated/problemStackOnMultipleHL_tp4_r1_pr4_m4_lay4.pddl,True,274.78,340.33,2,0,
445,2026-07-06 17:16:31.796,FF,PickUpHL_tp1_fp5_r1,Plannerinputs/generated/problemPickUpHL_tp1_fp5_r1.pddl,True,274.14,350.77,2,0,
446,2026-07-06 17:16:32.197,FF,PickUpHL_tp2_fp13_r1,Plannerinputs/generated/problemPickUpHL_tp2_fp13_r1.pddl,True,244.71,326.06,2,0,
447,2026-07-06 17:16:32.560,FF,PickUpHL_tp3_fp21_r1,Plannerinputs/generated/problemPickUpHL_tp3_fp21_r1.pddl,True,241.90,325.32,2,0,
448,2026-07-06 17:16:32.987,FF,NailingHL_tp4_r1,Plannerinputs/generated/problemNailingHL_tp4_r1.pddl,True,250.42,353.83,8,0,
449,2026-07-06 17:16:33.858,FF,PickUpHL_tp2_fp13_r1,Plannerinputs/generated/problemPickUpHL_tp2_fp13_r1.pddl,True,295.78,373.72,3,0,
450,2026-07-06 17:16:34.250,FF,PickUpHL_tp3_fp21_r1,Plannerinputs/generated/problemPickUpHL_tp3_fp21_r1.pddl,True,270.68,352.72,3,0,
451,2026-07-06 17:16:34.643,FF,NailingHL_tp4_r1,Plannerinputs/generated/problemNailingHL_tp4_r1.pddl,True,272.38,400.07,11,0,
452,2026-07-06 17:16:35.234,FF,StackOnMultipleHL_tp1_r1_pr1_m1_lay1,Plannerinputs/generated/problemStackOnMultipleHL_tp1_r1_pr1_m1_lay1.pddl,True,240.03,320.62,2,0,
453,2026-07-06 17:16:36.026,FF,PickUpHL_tp2_fp13_r1,Plannerinputs/generated/problemPickUpHL_tp2_fp13_r1.pddl,True,246.99,340.19,2,0,
454,2026-07-06 17:16:36.453,FF,PickUpHL_tp3_fp21_r1,Plannerinputs/generated/problemPickUpHL_tp3_fp21_r1.pddl,True,251.42,325.79,2,0,
455,2026-07-06 17:16:36.798,FF,NailingHL_tp4_r1,Plannerinputs/generated/problemNailingHL_tp4_r1.pddl,True,240.49,346.19,8,0,
456,2026-07-06 17:16:37.356,FF,NailingHL_tp1_r1,Plannerinputs/generated/problemNailingHL_tp1_r1.pddl,True,241.40,354.86,8,0,
457,2026-07-06 17:16:38.183,FF,PickUpHL_tp3_fp21_r1,Plannerinputs/generated/problemPickUpHL_tp3_fp21_r1.pddl,True,240.06,325.37,3,0,
458,2026-07-06 17:16:38.544,FF,NailingHL_tp4_r1,Plannerinputs/generated/problemNailingHL_tp4_r1.pddl,True,242.26,373.64,11,0,
459,2026-07-06 17:16:39.099,FF,NailingHL_tp1_r1,Plannerinputs/generated/problemNailingHL_tp1_r1.pddl,True,248.86,438.91,11,0,
460,2026-07-06 17:16:39.577,FF,StackOnMultipleHL_tp2_r1_pr2_m2_lay2,Plannerinputs/generated/problemStackOnMultipleHL_tp2_r1_pr2_m2_lay2.pddl,True,247.55,349.56,2,0,
461,2026-07-06 17:16:40.357,FF,PickUpHL_tp3_fp21_r1,Plannerinputs/generated/problemPickUpHL_tp3_fp21_r1.pddl,True,249.92,336.42,2,0,
462,2026-07-06 17:16:40.715,FF,NailingHL_tp4_r1,Plannerinputs/generated/problemNailingHL_tp4_r1.pddl,True,242.95,362.04,8,0,
463,2026-07-06 17:16:41.203,FF,NailingHL_tp1_r1,Plannerinputs/generated/problemNailingHL_tp1_r1.pddl,True,244.46,367.26,8,0,
464,2026-07-06 17:16:41.668,FF,NailingHL_tp2_r1,Plannerinputs/generated/problemNailingHL_tp2_r1.pddl,True,240.84,345.05,8,0,
465,2026-07-06 17:16:42.475,FF,NailingHL_tp4_r1,Plannerinputs/generated/problemNailingHL_tp4_r1.pddl,True,255.94,369.84,11,0,
466,2026-07-06 17:16:43.006,FF,NailingHL_tp1_r1,Plannerinputs/generated/problemNailingHL_tp1_r1.pddl,True,243.40,370.38,11,0,
467,2026-07-06 17:16:43.419,FF,NailingHL_tp2_r1,Plannerinputs/generated/problemNailingHL_tp2_r1.pddl,True,244.15,403.60,11,0,
468,2026-07-06 17:16:43.896,FF,StackOnMultipleHL_tp3_r1_pr3_m3_lay3,Plannerinputs/generated/problemStackOnMultipleHL_tp3_r1_pr3_m3_lay3.pddl,True,243.75,307.66,2,0,
469,2026-07-06 17:16:44.689,FF,NailingHL_tp4_r1,Plannerinputs/generated/problemNailingHL_tp4_r1.pddl,True,243.57,358.60,8,0,
470,2026-07-06 17:16:45.217,FF,NailingHL_tp1_r1,Plannerinputs/generated/problemNailingHL_tp1_r1.pddl,True,257.46,375.73,8,0,
471,2026-07-06 17:16:45.609,FF,NailingHL_tp2_r1,Plannerinputs/generated/problemNailingHL_tp2_r1.pddl,True,271.01,391.49,8,0,
472,2026-07-06 17:16:46.080,FF,NailingHL_tp3_r1,Plannerinputs/generated/problemNailingHL_tp3_r1.pddl,True,242.83,366.57,8,0,
473,2026-07-06 17:16:48.362,FF,NailingHL_tp1_r1,Plannerinputs/generated/problemNailingHL_tp1_r1.pddl,True,248.79,336.13,2,0,
474,2026-07-06 17:16:48.748,FF,NailingHL_tp2_r1,Plannerinputs/generated/problemNailingHL_tp2_r1.pddl,True,247.03,351.18,2,0,
475,2026-07-06 17:16:49.122,FF,NailingHL_tp3_r1,Plannerinputs/generated/problemNailingHL_tp3_r1.pddl,True,239.38,304.84,2,0,
476,2026-07-06 17:16:49.517,FF,MoveCassetteToStackHL_tp4_lp4_pr4_sp4_r1_m4_lay4,Plannerinputs/generated/problemMoveCassetteToStackHL_tp4_lp4_pr4_sp4_r1_m4_lay4.pddl,True,243.88,362.64,10,0,
477,2026-07-06 17:16:50.465,FF,NailingHL_tp2_r1,Plannerinputs/generated/problemNailingHL_tp2_r1.pddl,True,262.53,339.33,2,0,
478,2026-07-06 17:16:50.868,FF,NailingHL_tp3_r1,Plannerinputs/generated/problemNailingHL_tp3_r1.pddl,True,244.05,355.39,2,0,
479,2026-07-06 17:16:51.239,FF,MoveCassetteToStackHL_tp4_lp4_pr4_sp4_r1_m4_lay4,Plannerinputs/generated/problemMoveCassetteToStackHL_tp4_lp4_pr4_sp4_r1_m4_lay4.pddl,True,261.45,379.16,10,0,
480,2026-07-06 17:16:51.824,FF,MoveCassetteToStackHL_tp1_lp1_pr1_sp1_r1_m1_lay1,Plannerinputs/generated/problemMoveCassetteToStackHL_tp1_lp1_pr1_sp1_r1_m1_lay1.pddl,True,246.31,369.61,10,0,
481,2026-07-06 17:16:52.776,FF,NailingHL_tp3_r1,Plannerinputs/generated/problemNailingHL_tp3_r1.pddl,True,251.00,330.80,2,0,
482,2026-07-06 17:16:53.136,FF,MoveCassetteToStackHL_tp4_lp4_pr4_sp4_r1_m4_lay4,Plannerinputs/generated/problemMoveCassetteToStackHL_tp4_lp4_pr4_sp4_r1_m4_lay4.pddl,True,248.03,352.83,10,0,
483,2026-07-06 17:16:53.645,FF,MoveCassetteToStackHL_tp1_lp1_pr1_sp1_r1_m1_lay1,Plannerinputs/generated/problemMoveCassetteToStackHL_tp1_lp1_pr1_sp1_r1_m1_lay1.pddl,True,260.74,394.72,10,0,
484,2026-07-06 17:16:54.112,FF,MoveCassetteToStackHL_tp2_lp2_pr2_sp2_r1_m2_lay2,Plannerinputs/generated/problemMoveCassetteToStackHL_tp2_lp2_pr2_sp2_r1_m2_lay2.pddl,True,248.81,383.02,10,0,
485,2026-07-06 17:16:54.990,FF,MoveCassetteToStackHL_tp4_lp4_pr4_sp4_r1_m4_lay4,Plannerinputs/generated/problemMoveCassetteToStackHL_tp4_lp4_pr4_sp4_r1_m4_lay4.pddl,True,260.52,400.33,10,0,
486,2026-07-06 17:16:55.571,FF,MoveCassetteToStackHL_tp1_lp1_pr1_sp1_r1_m1_lay1,Plannerinputs/generated/problemMoveCassetteToStackHL_tp1_lp1_pr1_sp1_r1_m1_lay1.pddl,True,247.96,387.13,10,0,
487,2026-07-06 17:16:56.056,FF,MoveCassetteToStackHL_tp2_lp2_pr2_sp2_r1_m2_lay2,Plannerinputs/generated/problemMoveCassetteToStackHL_tp2_lp2_pr2_sp2_r1_m2_lay2.pddl,True,247.23,390.47,10,0,
488,2026-07-06 17:16:56.515,FF,MoveCassetteToStackHL_tp3_lp3_pr3_sp3_r1_m3_lay3,Plannerinputs/generated/problemMoveCassetteToStackHL_tp3_lp3_pr3_sp3_r1_m3_lay3.pddl,True,251.45,378.49,10,0,
489,2026-07-06 17:16:59.292,FF,MoveCassetteToStackHL_tp1_lp1_pr1_sp1_r1_m1_lay1,Plannerinputs/generated/problemMoveCassetteToStackHL_tp1_lp1_pr1_sp1_r1_m1_lay1.pddl,True,256.52,380.93,4,0,
490,2026-07-06 17:16:59.718,FF,MoveCassetteToStackHL_tp2_lp2_pr2_sp2_r1_m2_lay2,Plannerinputs/generated/problemMoveCassetteToStackHL_tp2_lp2_pr2_sp2_r1_m2_lay2.pddl,True,261.28,352.31,4,0,
491,2026-07-06 17:17:00.124,FF,MoveCassetteToStackHL_tp3_lp3_pr3_sp3_r1_m3_lay3,Plannerinputs/generated/problemMoveCassetteToStackHL_tp3_lp3_pr3_sp3_r1_m3_lay3.pddl,True,246.18,341.75,4,0,
492,2026-07-06 17:17:01.550,FF,MoveCassetteToStackHL_tp2_lp2_pr2_sp2_r1_m2_lay2,Plannerinputs/generated/problemMoveCassetteToStackHL_tp2_lp2_pr2_sp2_r1_m2_lay2.pddl,True,251.98,333.01,4,0,
493,2026-07-06 17:17:01.900,FF,MoveCassetteToStackHL_tp3_lp3_pr3_sp3_r1_m3_lay3,Plannerinputs/generated/problemMoveCassetteToStackHL_tp3_lp3_pr3_sp3_r1_m3_lay3.pddl,True,253.27,346.21,4,0,
494,2026-07-06 17:17:03.289,FF,MoveCassetteToStackHL_tp3_lp3_pr3_sp3_r1_m3_lay3,Plannerinputs/generated/problemMoveCassetteToStackHL_tp3_lp3_pr3_sp3_r1_m3_lay3.pddl,True,267.34,355.75,4,0,
495,2026-07-06 17:17:04.714,ENHSP,cassette5,./Plannerinputs/static/problemC5.pddl,True,1276.31,1503.38,31,0,
496,2026-07-06 17:17:06.218,ENHSP,cassette6,./Plannerinputs/static/problemC6.pddl,True,1265.81,1492.47,31,0,
497,2026-07-06 17:17:07.724,ENHSP,cassette7,./Plannerinputs/static/problemC7.pddl,True,1265.45,1475.82,31,0,
498,2026-07-06 17:17:09.201,ENHSP,cassette8,./Plannerinputs/static/problemC8.pddl,True,1278.92,1490.02,31,0,
499,2026-07-06 17:17:10.884,FF,PickUpHL_lp5_fp33_r1,Plannerinputs/generated/problemPickUpHL_lp5_fp33_r1.pddl,True,286.33,356.71,2,0,
500,2026-07-06 17:17:11.279,FF,PickUpHL_lp6_fp41_r1,Plannerinputs/generated/problemPickUpHL_lp6_fp41_r1.pddl,True,277.27,409.80,2,0,
501,2026-07-06 17:17:11.735,FF,PickUpHL_lp7_fp49_r1,Plannerinputs/generated/problemPickUpHL_lp7_fp49_r1.pddl,True,273.86,364.80,2,0,
502,2026-07-06 17:17:12.173,FF,PickUpHL_lp8_fp57_r1,Plannerinputs/generated/problemPickUpHL_lp8_fp57_r1.pddl,True,270.10,362.66,2,0,
503,2026-07-06 17:17:13.181,FF,PickUpHL_lp6_fp41_r1,Plannerinputs/generated/problemPickUpHL_lp6_fp41_r1.pddl,True,280.57,355.32,3,0,
504,2026-07-06 17:17:13.581,FF,PickUpHL_lp7_fp49_r1,Plannerinputs/generated/problemPickUpHL_lp7_fp49_r1.pddl,True,280.86,360.38,3,0,
505,2026-07-06 17:17:13.982,FF,PickUpHL_lp8_fp57_r1,Plannerinputs/generated/problemPickUpHL_lp8_fp57_r1.pddl,True,276.63,372.44,3,0,
506,2026-07-06 17:17:14.548,FF,PlaceHL_lp5_pr1_r1,Plannerinputs/generated/problemPlaceHL_lp5_pr1_r1.pddl,True,274.16,355.82,2,0,
507,2026-07-06 17:17:15.389,FF,PickUpHL_lp6_fp41_r1,Plannerinputs/generated/problemPickUpHL_lp6_fp41_r1.pddl,True,270.79,351.10,2,0,
508,2026-07-06 17:17:15.767,FF,PickUpHL_lp7_fp49_r1,Plannerinputs/generated/problemPickUpHL_lp7_fp49_r1.pddl,True,270.10,364.68,2,0,
509,2026-07-06 17:17:16.192,FF,PickUpHL_lp8_fp57_r1,Plannerinputs/generated/problemPickUpHL_lp8_fp57_r1.pddl,True,273.52,355.59,2,0,
510,2026-07-06 17:17:16.732,FF,GluingPlateHL_lp5_pr1_r1,Plannerinputs/generated/problemGluingPlateHL_lp5_pr1_r1.pddl,True,291.89,405.01,8,0,
511,2026-07-06 17:17:17.649,FF,PickUpHL_lp7_fp49_r1,Plannerinputs/generated/problemPickUpHL_lp7_fp49_r1.pddl,True,284.33,367.28,3,0,
512,2026-07-06 17:17:18.032,FF,PickUpHL_lp8_fp57_r1,Plannerinputs/generated/problemPickUpHL_lp8_fp57_r1.pddl,True,286.04,348.74,3,0,
513,2026-07-06 17:17:18.541,FF,GluingPlateHL_lp5_pr1_r1,Plannerinputs/generated/problemGluingPlateHL_lp5_pr1_r1.pddl,True,308.00,421.71,11,0,
514,2026-07-06 17:17:19.000,FF,PlaceHL_lp6_pr2_r1,Plannerinputs/generated/problemPlaceHL_lp6_pr2_r1.pddl,True,275.15,351.71,2,0,
515,2026-07-06 17:17:19.792,FF,PickUpHL_lp7_fp49_r1,Plannerinputs/generated/problemPickUpHL_lp7_fp49_r1.pddl,True,275.91,360.84,2,0,
516,2026-07-06 17:17:20.180,FF,PickUpHL_lp8_fp57_r1,Plannerinputs/generated/problemPickUpHL_lp8_fp57_r1.pddl,True,281.87,380.64,2,0,
517,2026-07-06 17:17:20.728,FF,GluingPlateHL_lp5_pr1_r1,Plannerinputs/generated/problemGluingPlateHL_lp5_pr1_r1.pddl,True,288.75,432.53,8,0,
518,2026-07-06 17:17:21.252,FF,GluingPlateHL_lp6_pr2_r1,Plannerinputs/generated/problemGluingPlateHL_lp6_pr2_r1.pddl,True,296.58,382.01,8,0,
519,2026-07-06 17:17:22.143,FF,PickUpHL_lp8_fp57_r1,Plannerinputs/generated/problemPickUpHL_lp8_fp57_r1.pddl,True,274.30,374.62,3,0,
520,2026-07-06 17:17:22.684,FF,GluingPlateHL_lp5_pr1_r1,Plannerinputs/generated/problemGluingPlateHL_lp5_pr1_r1.pddl,True,313.75,461.38,11,0,
521,2026-07-06 17:17:23.189,FF,GluingPlateHL_lp6_pr2_r1,Plannerinputs/generated/problemGluingPlateHL_lp6_pr2_r1.pddl,True,333.44,436.80,11,0,
522,2026-07-06 17:17:23.651,FF,PlaceHL_lp7_pr3_r1,Plannerinputs/generated/problemPlaceHL_lp7_pr3_r1.pddl,True,287.54,364.41,2,0,
523,2026-07-06 17:17:24.544,FF,PickUpHL_lp8_fp57_r1,Plannerinputs/generated/problemPickUpHL_lp8_fp57_r1.pddl,True,272.86,340.83,2,0,
524,2026-07-06 17:17:25.027,FF,GluingPlateHL_lp5_pr1_r1,Plannerinputs/generated/problemGluingPlateHL_lp5_pr1_r1.pddl,True,283.75,389.76,8,0,
525,2026-07-06 17:17:25.458,FF,GluingPlateHL_lp6_pr2_r1,Plannerinputs/generated/problemGluingPlateHL_lp6_pr2_r1.pddl,True,284.86,407.46,8,0,
526,2026-07-06 17:17:25.911,FF,GluingPlateHL_lp7_pr3_r1,Plannerinputs/generated/problemGluingPlateHL_lp7_pr3_r1.pddl,True,290.10,416.98,8,0,
527,2026-07-06 17:17:26.978,FF,GluingPlateHL_lp5_pr1_r1,Plannerinputs/generated/problemGluingPlateHL_lp5_pr1_r1.pddl,True,316.63,506.82,11,0,
528,2026-07-06 17:17:27.532,FF,GluingPlateHL_lp6_pr2_r1,Plannerinputs/generated/problemGluingPlateHL_lp6_pr2_r1.pddl,True,321.61,461.02,11,0,
529,2026-07-06 17:17:28.043,FF,GluingPlateHL_lp7_pr3_r1,Plannerinputs/generated/problemGluingPlateHL_lp7_pr3_r1.pddl,True,314.93,428.39,11,0,
530,2026-07-06 17:17:28.522,FF,PlaceHL_lp8_pr4_r1,Plannerinputs/generated/problemPlaceHL_lp8_pr4_r1.pddl,True,271.00,346.84,2,0,
531,2026-07-06 17:17:29.499,FF,GluingPlateHL_lp5_pr1_r1,Plannerinputs/generated/problemGluingPlateHL_lp5_pr1_r1.pddl,True,314.73,432.85,8,0,
532,2026-07-06 17:17:29.972,FF,GluingPlateHL_lp6_pr2_r1,Plannerinputs/generated/problemGluingPlateHL_lp6_pr2_r1.pddl,True,285.76,400.83,8,0,
533,2026-07-06 17:17:30.442,FF,GluingPlateHL_lp7_pr3_r1,Plannerinputs/generated/problemGluingPlateHL_lp7_pr3_r1.pddl,True,288.11,396.20,8,0,
534,2026-07-06 17:17:30.904,FF,GluingPlateHL_lp8_pr4_r1,Plannerinputs/generated/problemGluingPlateHL_lp8_pr4_r1.pddl,True,300.76,442.48,8,0,
535,2026-07-06 17:17:33.347,FF,GluingPlateHL_lp6_pr2_r1,Plannerinputs/generated/problemGluingPlateHL_lp6_pr2_r1.pddl,True,272.24,356.33,2,0,
536,2026-07-06 17:17:33.742,FF,GluingPlateHL_lp7_pr3_r1,Plannerinputs/generated/problemGluingPlateHL_lp7_pr3_r1.pddl,True,281.28,357.42,2,0,
537,2026-07-06 17:17:34.158,FF,GluingPlateHL_lp8_pr4_r1,Plannerinputs/generated/problemGluingPlateHL_lp8_pr4_r1.pddl,True,273.10,380.39,2,0,
538,2026-07-06 17:17:34.705,FF,PickUpHL_b25_fp34_r1,Plannerinputs/generated/problemPickUpHL_b25_fp34_r1.pddl,True,293.54,406.39,9,0,
539,2026-07-06 17:17:35.557,FF,GluingPlateHL_lp7_pr3_r1,Plannerinputs/generated/problemGluingPlateHL_lp7_pr3_r1.pddl,True,275.59,346.15,2,0,
540,2026-07-06 17:17:35.938,FF,GluingPlateHL_lp8_pr4_r1,Plannerinputs/generated/problemGluingPlateHL_lp8_pr4_r1.pddl,True,275.28,361.94,2,0,
541,2026-07-06 17:17:36.456,FF,PickUpHL_b25_fp34_r1,Plannerinputs/generated/problemPickUpHL_b25_fp34_r1.pddl,True,294.95,455.92,9,0,
542,2026-07-06 17:17:36.979,FF,PickUpHL_b31_fp42_r1,Plannerinputs/generated/problemPickUpHL_b31_fp42_r1.pddl,True,303.57,430.12,9,0,
543,2026-07-06 17:17:37.842,FF,GluingPlateHL_lp8_pr4_r1,Plannerinputs/generated/problemGluingPlateHL_lp8_pr4_r1.pddl,True,275.07,348.18,2,0,
544,2026-07-06 17:17:38.327,FF,PickUpHL_b25_fp34_r1,Plannerinputs/generated/problemPickUpHL_b25_fp34_r1.pddl,True,287.87,419.80,9,0,
545,2026-07-06 17:17:38.779,FF,PickUpHL_b31_fp42_r1,Plannerinputs/generated/problemPickUpHL_b31_fp42_r1.pddl,True,337.08,466.10,9,0,
546,2026-07-06 17:17:39.298,FF,PickUpHL_b37_fp50_r1,Plannerinputs/generated/problemPickUpHL_b37_fp50_r1.pddl,True,284.92,439.05,9,0,
547,2026-07-06 17:17:40.394,FF,PickUpHL_b25_fp34_r1,Plannerinputs/generated/problemPickUpHL_b25_fp34_r1.pddl,True,296.37,428.18,9,0,
548,2026-07-06 17:17:40.864,FF,PickUpHL_b31_fp42_r1,Plannerinputs/generated/problemPickUpHL_b31_fp42_r1.pddl,True,299.85,421.23,9,0,
549,2026-07-06 17:17:41.331,FF,PickUpHL_b37_fp50_r1,Plannerinputs/generated/problemPickUpHL_b37_fp50_r1.pddl,True,286.42,445.70,9,0,
550,2026-07-06 17:17:41.870,FF,PickUpHL_b43_fp58_r1,Plannerinputs/generated/problemPickUpHL_b43_fp58_r1.pddl,True,285.40,385.47,9,0,
551,2026-07-06 17:17:44.662,FF,PickUpHL_b31_fp42_r1,Plannerinputs/generated/problemPickUpHL_b31_fp42_r1.pddl,True,280.47,381.10,3,0,
552,2026-07-06 17:17:45.127,FF,PickUpHL_b37_fp50_r1,Plannerinputs/generated/problemPickUpHL_b37_fp50_r1.pddl,True,276.83,354.18,3,0,
553,2026-07-06 17:17:45.504,FF,PickUpHL_b43_fp58_r1,Plannerinputs/generated/problemPickUpHL_b43_fp58_r1.pddl,True,274.78,353.37,3,0,
554,2026-07-06 17:17:46.074,FF,StackHL_b25_lp5_r1_pr1_lay5_m5,Plannerinputs/generated/problemStackHL_b25_lp5_r1_pr1_lay5_m5.pddl,True,279.08,378.17,2,0,
555,2026-07-06 17:17:47.006,FF,PickUpHL_b31_fp42_r1,Plannerinputs/generated/problemPickUpHL_b31_fp42_r1.pddl,True,263.31,347.57,2,0,
556,2026-07-06 17:17:47.432,FF,PickUpHL_b37_fp50_r1,Plannerinputs/generated/problemPickUpHL_b37_fp50_r1.pddl,True,272.25,353.17,2,0,
557,2026-07-06 17:17:47.866,FF,PickUpHL_b43_fp58_r1,Plannerinputs/generated/problemPickUpHL_b43_fp58_r1.pddl,True,306.38,390.54,2,0,
558,2026-07-06 17:17:48.462,FF,PickUpHL_b26_fp35_r1,Plannerinputs/generated/problemPickUpHL_b26_fp35_r1.pddl,True,308.53,391.50,2,0,
559,2026-07-06 17:17:49.402,FF,PickUpHL_b37_fp50_r1,Plannerinputs/generated/problemPickUpHL_b37_fp50_r1.pddl,True,311.94,443.21,3,0,
560,2026-07-06 17:17:49.897,FF,PickUpHL_b43_fp58_r1,Plannerinputs/generated/problemPickUpHL_b43_fp58_r1.pddl,True,308.76,404.64,3,0,
561,2026-07-06 17:17:50.447,FF,PickUpHL_b26_fp35_r1,Plannerinputs/generated/problemPickUpHL_b26_fp35_r1.pddl,True,304.65,397.75,3,0,
562,2026-07-06 17:17:50.876,FF,StackHL_b31_lp6_r1_pr2_lay6_m6,Plannerinputs/generated/problemStackHL_b31_lp6_r1_pr2_lay6_m6.pddl,True,315.54,400.91,2,0,
563,2026-07-06 17:17:51.770,FF,PickUpHL_b37_fp50_r1,Plannerinputs/generated/problemPickUpHL_b37_fp50_r1.pddl,True,315.84,385.05,2,0,
564,2026-07-06 17:17:52.215,FF,PickUpHL_b43_fp58_r1,Plannerinputs/generated/problemPickUpHL_b43_fp58_r1.pddl,True,296.44,379.11,2,0,
565,2026-07-06 17:17:52.750,FF,PickUpHL_b26_fp35_r1,Plannerinputs/generated/problemPickUpHL_b26_fp35_r1.pddl,True,294.49,390.23,2,0,
566,2026-07-06 17:17:53.178,FF,PickUpHL_b32_fp43_r1,Plannerinputs/generated/problemPickUpHL_b32_fp43_r1.pddl,True,294.83,397.61,2,0,
567,2026-07-06 17:17:54.097,FF,PickUpHL_b43_fp58_r1,Plannerinputs/generated/problemPickUpHL_b43_fp58_r1.pddl,True,294.98,373.33,3,0,
568,2026-07-06 17:17:54.616,FF,PickUpHL_b26_fp35_r1,Plannerinputs/generated/problemPickUpHL_b26_fp35_r1.pddl,True,302.67,385.58,3,0,
569,2026-07-06 17:17:55.025,FF,PickUpHL_b32_fp43_r1,Plannerinputs/generated/problemPickUpHL_b32_fp43_r1.pddl,True,327.15,419.83,3,0,
570,2026-07-06 17:17:55.504,FF,StackHL_b37_lp7_r1_pr3_lay7_m7,Plannerinputs/generated/problemStackHL_b37_lp7_r1_pr3_lay7_m7.pddl,True,295.62,365.62,2,0,
571,2026-07-06 17:17:56.379,FF,PickUpHL_b43_fp58_r1,Plannerinputs/generated/problemPickUpHL_b43_fp58_r1.pddl,True,308.50,429.31,2,0,
572,2026-07-06 17:17:56.940,FF,PickUpHL_b26_fp35_r1,Plannerinputs/generated/problemPickUpHL_b26_fp35_r1.pddl,True,277.74,363.47,2,0,
573,2026-07-06 17:17:57.357,FF,PickUpHL_b32_fp43_r1,Plannerinputs/generated/problemPickUpHL_b32_fp43_r1.pddl,True,265.78,353.70,2,0,
574,2026-07-06 17:17:57.806,FF,PickUpHL_b38_fp51_r1,Plannerinputs/generated/problemPickUpHL_b38_fp51_r1.pddl,True,280.23,357.25,2,0,
575,2026-07-06 17:17:58.751,FF,PickUpHL_b26_fp35_r1,Plannerinputs/generated/problemPickUpHL_b26_fp35_r1.pddl,True,272.94,358.76,3,0,
576,2026-07-06 17:17:59.142,FF,PickUpHL_b32_fp43_r1,Plannerinputs/generated/problemPickUpHL_b32_fp43_r1.pddl,True,273.94,350.54,3,0,
577,2026-07-06 17:17:59.584,FF,PickUpHL_b38_fp51_r1,Plannerinputs/generated/problemPickUpHL_b38_fp51_r1.pddl,True,280.06,387.55,3,0,
578,2026-07-06 17:18:00.023,FF,StackHL_b43_lp8_r1_pr4_lay8_m8,Plannerinputs/generated/problemStackHL_b43_lp8_r1_pr4_lay8_m8.pddl,True,272.48,357.26,2,0,
579,2026-07-06 17:18:00.984,FF,PickUpHL_b26_fp35_r1,Plannerinputs/generated/problemPickUpHL_b26_fp35_r1.pddl,True,266.58,342.32,2,0,
580,2026-07-06 17:18:01.349,FF,PickUpHL_b32_fp43_r1,Plannerinputs/generated/problemPickUpHL_b32_fp43_r1.pddl,True,274.15,365.30,2,0,
581,2026-07-06 17:18:01.759,FF,PickUpHL_b38_fp51_r1,Plannerinputs/generated/problemPickUpHL_b38_fp51_r1.pddl,True,284.63,378.54,2,0,
582,2026-07-06 17:18:02.189,FF,PickUpHL_b44_fp59_r1,Plannerinputs/generated/problemPickUpHL_b44_fp59_r1.pddl,True,262.68,337.98,2,0,
583,2026-07-06 17:18:03.220,FF,PickUpHL_b32_fp43_r1,Plannerinputs/generated/problemPickUpHL_b32_fp43_r1.pddl,True,269.23,351.86,3,0,
584,2026-07-06 17:18:03.615,FF,PickUpHL_b38_fp51_r1,Plannerinputs/generated/problemPickUpHL_b38_fp51_r1.pddl,True,265.81,343.00,3,0,
585,2026-07-06 17:18:04.023,FF,PickUpHL_b44_fp59_r1,Plannerinputs/generated/problemPickUpHL_b44_fp59_r1.pddl,True,277.67,364.10,3,0,
586,2026-07-06 17:18:04.560,FF,StackHL_b26_lp5_r1_pr1_lay5_m5,Plannerinputs/generated/problemStackHL_b26_lp5_r1_pr1_lay5_m5.pddl,True,272.81,364.94,2,0,
587,2026-07-06 17:18:05.401,FF,PickUpHL_b32_fp43_r1,Plannerinputs/generated/problemPickUpHL_b32_fp43_r1.pddl,True,264.48,347.79,2,0,
588,2026-07-06 17:18:05.777,FF,PickUpHL_b38_fp51_r1,Plannerinputs/generated/problemPickUpHL_b38_fp51_r1.pddl,True,269.78,363.37,2,0,
589,2026-07-06 17:18:06.187,FF,PickUpHL_b44_fp59_r1,Plannerinputs/generated/problemPickUpHL_b44_fp59_r1.pddl,True,268.04,334.43,2,0,
590,2026-07-06 17:18:06.699,FF,PickUpHL_b30_fp40_r1,Plannerinputs/generated/problemPickUpHL_b30_fp40_r1.pddl,True,274.10,356.80,2,0,
591,2026-07-06 17:18:07.530,FF,PickUpHL_b38_fp51_r1,Plannerinputs/generated/problemPickUpHL_b38_fp51_r1.pddl,True,269.30,348.91,3,0,
592,2026-07-06 17:18:07.895,FF,PickUpHL_b44_fp59_r1,Plannerinputs/generated/problemPickUpHL_b44_fp59_r1.pddl,True,281.99,357.54,3,0,
593,2026-07-06 17:18:08.438,FF,PickUpHL_b30_fp40_r1,Plannerinputs/generated/problemPickUpHL_b30_fp40_r1.pddl,True,328.90,420.14,3,0,
594,2026-07-06 17:18:08.931,FF,StackHL_b32_lp6_r1_pr2_lay6_m6,Plannerinputs/generated/problemStackHL_b32_lp6_r1_pr2_lay6_m6.pddl,True,321.68,458.48,2,0,
595,2026-07-06 17:18:09.857,FF,PickUpHL_b38_fp51_r1,Plannerinputs/generated/problemPickUpHL_b38_fp51_r1.pddl,True,306.23,391.27,2,0,
596,2026-07-06 17:18:10.293,FF,PickUpHL_b44_fp59_r1,Plannerinputs/generated/problemPickUpHL_b44_fp59_r1.pddl,True,318.20,400.39,2,0,
597,2026-07-06 17:18:10.855,FF,PickUpHL_b30_fp40_r1,Plannerinputs/generated/problemPickUpHL_b30_fp40_r1.pddl,True,314.53,390.17,2,0,
598,2026-07-06 17:18:11.339,FF,PickUpHL_b36_fp48_r1,Plannerinputs/generated/problemPickUpHL_b36_fp48_r1.pddl,True,313.36,386.41,2,0,
599,2026-07-06 17:18:12.272,FF,PickUpHL_b44_fp59_r1,Plannerinputs/generated/problemPickUpHL_b44_fp59_r1.pddl,True,299.36,396.50,3,0,
600,2026-07-06 17:18:12.826,FF,PickUpHL_b30_fp40_r1,Plannerinputs/generated/problemPickUpHL_b30_fp40_r1.pddl,True,276.44,351.53,3,0,
601,2026-07-06 17:18:13.230,FF,PickUpHL_b36_fp48_r1,Plannerinputs/generated/problemPickUpHL_b36_fp48_r1.pddl,True,282.04,360.29,3,0,
602,2026-07-06 17:18:13.646,FF,StackHL_b38_lp7_r1_pr3_lay7_m7,Plannerinputs/generated/problemStackHL_b38_lp7_r1_pr3_lay7_m7.pddl,True,269.33,343.26,2,0,
603,2026-07-06 17:18:14.564,FF,PickUpHL_b44_fp59_r1,Plannerinputs/generated/problemPickUpHL_b44_fp59_r1.pddl,True,263.73,329.09,2,0,
604,2026-07-06 17:18:15.029,FF,PickUpHL_b30_fp40_r1,Plannerinputs/generated/problemPickUpHL_b30_fp40_r1.pddl,True,280.04,358.00,2,0,
605,2026-07-06 17:18:15.461,FF,PickUpHL_b36_fp48_r1,Plannerinputs/generated/problemPickUpHL_b36_fp48_r1.pddl,True,263.31,358.92,2,0,
606,2026-07-06 17:18:15.856,FF,PickUpHL_b42_fp56_r1,Plannerinputs/generated/problemPickUpHL_b42_fp56_r1.pddl,True,274.38,346.44,2,0,
607,2026-07-06 17:18:16.875,FF,PickUpHL_b30_fp40_r1,Plannerinputs/generated/problemPickUpHL_b30_fp40_r1.pddl,True,268.49,341.22,3,0,
608,2026-07-06 17:18:17.278,FF,PickUpHL_b36_fp48_r1,Plannerinputs/generated/problemPickUpHL_b36_fp48_r1.pddl,True,269.49,366.43,3,0,
609,2026-07-06 17:18:17.698,FF,PickUpHL_b42_fp56_r1,Plannerinputs/generated/problemPickUpHL_b42_fp56_r1.pddl,True,262.96,354.58,3,0,
610,2026-07-06 17:18:18.082,FF,StackHL_b44_lp8_r1_pr4_lay8_m8,Plannerinputs/generated/problemStackHL_b44_lp8_r1_pr4_lay8_m8.pddl,True,275.70,365.03,2,0,
611,2026-07-06 17:18:19.004,FF,PickUpHL_b30_fp40_r1,Plannerinputs/generated/problemPickUpHL_b30_fp40_r1.pddl,True,276.74,358.61,2,0,
612,2026-07-06 17:18:19.410,FF,PickUpHL_b36_fp48_r1,Plannerinputs/generated/problemPickUpHL_b36_fp48_r1.pddl,True,279.01,357.39,2,0,
613,2026-07-06 17:18:19.822,FF,PickUpHL_b42_fp56_r1,Plannerinputs/generated/problemPickUpHL_b42_fp56_r1.pddl,True,302.60,387.61,2,0,
614,2026-07-06 17:18:20.274,FF,PickUpHL_b48_fp64_r1,Plannerinputs/generated/problemPickUpHL_b48_fp64_r1.pddl,True,301.21,395.44,2,0,
615,2026-07-06 17:18:21.285,FF,PickUpHL_b36_fp48_r1,Plannerinputs/generated/problemPickUpHL_b36_fp48_r1.pddl,True,296.47,449.66,3,0,
616,2026-07-06 17:18:21.752,FF,PickUpHL_b42_fp56_r1,Plannerinputs/generated/problemPickUpHL_b42_fp56_r1.pddl,True,272.97,371.54,3,0,
617,2026-07-06 17:18:22.139,FF,PickUpHL_b48_fp64_r1,Plannerinputs/generated/problemPickUpHL_b48_fp64_r1.pddl,True,267.74,357.85,3,0,
618,2026-07-06 17:18:22.667,FF,StackHL_b30_lp5_r1_pr1_lay5_m5,Plannerinputs/generated/problemStackHL_b30_lp5_r1_pr1_lay5_m5.pddl,True,271.54,369.01,2,0,
619,2026-07-06 17:18:23.493,FF,PickUpHL_b36_fp48_r1,Plannerinputs/generated/problemPickUpHL_b36_fp48_r1.pddl,True,262.01,328.49,2,0,
620,2026-07-06 17:18:23.860,FF,PickUpHL_b42_fp56_r1,Plannerinputs/generated/problemPickUpHL_b42_fp56_r1.pddl,True,270.58,338.75,2,0,
621,2026-07-06 17:18:24.218,FF,PickUpHL_b48_fp64_r1,Plannerinputs/generated/problemPickUpHL_b48_fp64_r1.pddl,True,266.31,345.57,2,0,
622,2026-07-06 17:18:24.737,FF,PickUpHL_b28_fp38_r1,Plannerinputs/generated/problemPickUpHL_b28_fp38_r1.pddl,True,278.04,371.35,2,0,
623,2026-07-06 17:18:25.548,FF,PickUpHL_b42_fp56_r1,Plannerinputs/generated/problemPickUpHL_b42_fp56_r1.pddl,True,265.82,337.27,3,0,
624,2026-07-06 17:18:25.941,FF,PickUpHL_b48_fp64_r1,Plannerinputs/generated/problemPickUpHL_b48_fp64_r1.pddl,True,273.25,356.12,3,0,
625,2026-07-06 17:18:26.475,FF,PickUpHL_b28_fp38_r1,Plannerinputs/generated/problemPickUpHL_b28_fp38_r1.pddl,True,267.89,343.25,3,0,
626,2026-07-06 17:18:26.901,FF,StackHL_b36_lp6_r1_pr2_lay6_m6,Plannerinputs/generated/problemStackHL_b36_lp6_r1_pr2_lay6_m6.pddl,True,269.83,355.40,2,0,
627,2026-07-06 17:18:27.777,FF,PickUpHL_b42_fp56_r1,Plannerinputs/generated/problemPickUpHL_b42_fp56_r1.pddl,True,265.40,336.66,2,0,
628,2026-07-06 17:18:28.137,FF,PickUpHL_b48_fp64_r1,Plannerinputs/generated/problemPickUpHL_b48_fp64_r1.pddl,True,278.79,380.99,2,0,
629,2026-07-06 17:18:28.688,FF,PickUpHL_b28_fp38_r1,Plannerinputs/generated/problemPickUpHL_b28_fp38_r1.pddl,True,262.34,334.29,2,0,
630,2026-07-06 17:18:29.090,FF,PickUpHL_b34_fp46_r1,Plannerinputs/generated/problemPickUpHL_b34_fp46_r1.pddl,True,269.48,340.48,2,0,
631,2026-07-06 17:18:29.926,FF,PickUpHL_b48_fp64_r1,Plannerinputs/generated/problemPickUpHL_b48_fp64_r1.pddl,True,273.26,369.05,3,0,
632,2026-07-06 17:18:30.425,FF,PickUpHL_b28_fp38_r1,Plannerinputs/generated/problemPickUpHL_b28_fp38_r1.pddl,True,277.28,350.62,3,0,
633,2026-07-06 17:18:30.797,FF,PickUpHL_b34_fp46_r1,Plannerinputs/generated/problemPickUpHL_b34_fp46_r1.pddl,True,271.05,373.24,3,0,
634,2026-07-06 17:18:31.222,FF,StackHL_b42_lp7_r1_pr3_lay7_m7,Plannerinputs/generated/problemStackHL_b42_lp7_r1_pr3_lay7_m7.pddl,True,285.37,376.46,2,0,
635,2026-07-06 17:18:32.119,FF,PickUpHL_b48_fp64_r1,Plannerinputs/generated/problemPickUpHL_b48_fp64_r1.pddl,True,272.77,346.80,2,0,
636,2026-07-06 17:18:32.644,FF,PickUpHL_b28_fp38_r1,Plannerinputs/generated/problemPickUpHL_b28_fp38_r1.pddl,True,262.99,340.79,2,0,
637,2026-07-06 17:18:33.019,FF,PickUpHL_b34_fp46_r1,Plannerinputs/generated/problemPickUpHL_b34_fp46_r1.pddl,True,265.88,346.79,2,0,
638,2026-07-06 17:18:33.441,FF,PickUpHL_b40_fp54_r1,Plannerinputs/generated/problemPickUpHL_b40_fp54_r1.pddl,True,263.72,339.50,2,0,
639,2026-07-06 17:18:34.350,FF,PickUpHL_b28_fp38_r1,Plannerinputs/generated/problemPickUpHL_b28_fp38_r1.pddl,True,268.46,362.97,3,0,
640,2026-07-06 17:18:34.735,FF,PickUpHL_b34_fp46_r1,Plannerinputs/generated/problemPickUpHL_b34_fp46_r1.pddl,True,278.51,372.06,3,0,
641,2026-07-06 17:18:35.174,FF,PickUpHL_b40_fp54_r1,Plannerinputs/generated/problemPickUpHL_b40_fp54_r1.pddl,True,267.24,348.96,3,0,
642,2026-07-06 17:18:35.563,FF,StackHL_b48_lp8_r1_pr4_lay8_m8,Plannerinputs/generated/problemStackHL_b48_lp8_r1_pr4_lay8_m8.pddl,True,266.32,349.18,2,0,
643,2026-07-06 17:18:36.451,FF,PickUpHL_b28_fp38_r1,Plannerinputs/generated/problemPickUpHL_b28_fp38_r1.pddl,True,263.24,348.90,2,0,
644,2026-07-06 17:18:36.861,FF,PickUpHL_b34_fp46_r1,Plannerinputs/generated/problemPickUpHL_b34_fp46_r1.pddl,True,287.72,376.96,2,0,
645,2026-07-06 17:18:37.269,FF,PickUpHL_b40_fp54_r1,Plannerinputs/generated/problemPickUpHL_b40_fp54_r1.pddl,True,260.20,341.20,2,0,
646,2026-07-06 17:18:37.651,FF,PickUpHL_b46_fp62_r1,Plannerinputs/generated/problemPickUpHL_b46_fp62_r1.pddl,True,267.17,361.11,2,0,
647,2026-07-06 17:18:38.631,FF,PickUpHL_b34_fp46_r1,Plannerinputs/generated/problemPickUpHL_b34_fp46_r1.pddl,True,264.76,352.80,3,0,
648,2026-07-06 17:18:39.009,FF,PickUpHL_b40_fp54_r1,Plannerinputs/generated/problemPickUpHL_b40_fp54_r1.pddl,True,274.02,375.49,3,0,
649,2026-07-06 17:18:39.445,FF,PickUpHL_b46_fp62_r1,Plannerinputs/generated/problemPickUpHL_b46_fp62_r1.pddl,True,265.58,364.14,3,0,
650,2026-07-06 17:18:39.996,FF,StackHL_b28_lp5_r1_pr1_lay5_m5,Plannerinputs/generated/problemStackHL_b28_lp5_r1_pr1_lay5_m5.pddl,True,282.40,368.90,2,0,
651,2026-07-06 17:18:40.882,FF,PickUpHL_b34_fp46_r1,Plannerinputs/generated/problemPickUpHL_b34_fp46_r1.pddl,True,266.51,336.74,2,0,
652,2026-07-06 17:18:41.270,FF,PickUpHL_b40_fp54_r1,Plannerinputs/generated/problemPickUpHL_b40_fp54_r1.pddl,True,272.89,353.76,2,0,
653,2026-07-06 17:18:41.665,FF,PickUpHL_b46_fp62_r1,Plannerinputs/generated/problemPickUpHL_b46_fp62_r1.pddl,True,264.91,388.79,2,0,
654,2026-07-06 17:18:42.228,FF,PickUpHL_b27_fp36_r1,Plannerinputs/generated/problemPickUpHL_b27_fp36_r1.pddl,True,262.95,354.26,2,0,
655,2026-07-06 17:18:43.080,FF,PickUpHL_b40_fp54_r1,Plannerinputs/generated/problemPickUpHL_b40_fp54_r1.pddl,True,279.80,352.01,3,0,
656,2026-07-06 17:18:43.473,FF,PickUpHL_b46_fp62_r1,Plannerinputs/generated/problemPickUpHL_b46_fp62_r1.pddl,True,268.62,354.60,3,0,
657,2026-07-06 17:18:43.958,FF,PickUpHL_b27_fp36_r1,Plannerinputs/generated/problemPickUpHL_b27_fp36_r1.pddl,True,272.81,369.98,3,0,
658,2026-07-06 17:18:44.390,FF,StackHL_b34_lp6_r1_pr2_lay6_m6,Plannerinputs/generated/problemStackHL_b34_lp6_r1_pr2_lay6_m6.pddl,True,270.53,342.08,2,0,
659,2026-07-06 17:18:45.204,FF,PickUpHL_b40_fp54_r1,Plannerinputs/generated/problemPickUpHL_b40_fp54_r1.pddl,True,265.20,354.17,2,0,
660,2026-07-06 17:18:45.628,FF,PickUpHL_b46_fp62_r1,Plannerinputs/generated/problemPickUpHL_b46_fp62_r1.pddl,True,268.50,350.62,2,0,
661,2026-07-06 17:18:46.148,FF,PickUpHL_b27_fp36_r1,Plannerinputs/generated/problemPickUpHL_b27_fp36_r1.pddl,True,265.94,344.49,2,0,
662,2026-07-06 17:18:46.598,FF,PickUpHL_b33_fp44_r1,Plannerinputs/generated/problemPickUpHL_b33_fp44_r1.pddl,True,260.83,346.16,2,0,
663,2026-07-06 17:18:47.540,FF,PickUpHL_b46_fp62_r1,Plannerinputs/generated/problemPickUpHL_b46_fp62_r1.pddl,True,269.12,347.39,3,0,
664,2026-07-06 17:18:48.034,FF,PickUpHL_b27_fp36_r1,Plannerinputs/generated/problemPickUpHL_b27_fp36_r1.pddl,True,282.74,398.14,3,0,
665,2026-07-06 17:18:48.473,FF,PickUpHL_b33_fp44_r1,Plannerinputs/generated/problemPickUpHL_b33_fp44_r1.pddl,True,273.85,365.21,3,0,
666,2026-07-06 17:18:48.880,FF,StackHL_b40_lp7_r1_pr3_lay7_m7,Plannerinputs/generated/problemStackHL_b40_lp7_r1_pr3_lay7_m7.pddl,True,268.94,365.51,2,0,
667,2026-07-06 17:18:49.810,FF,PickUpHL_b46_fp62_r1,Plannerinputs/generated/problemPickUpHL_b46_fp62_r1.pddl,True,309.79,378.74,2,0,
668,2026-07-06 17:18:50.345,FF,PickUpHL_b27_fp36_r1,Plannerinputs/generated/problemPickUpHL_b27_fp36_r1.pddl,True,302.71,390.30,2,0,
669,2026-07-06 17:18:50.817,FF,PickUpHL_b33_fp44_r1,Plannerinputs/generated/problemPickUpHL_b33_fp44_r1.pddl,True,265.25,353.51,2,0,
670,2026-07-06 17:18:51.267,FF,PickUpHL_b39_fp52_r1,Plannerinputs/generated/problemPickUpHL_b39_fp52_r1.pddl,True,297.95,373.29,2,0,
671,2026-07-06 17:18:52.334,FF,PickUpHL_b27_fp36_r1,Plannerinputs/generated/problemPickUpHL_b27_fp36_r1.pddl,True,297.95,395.36,3,0,
672,2026-07-06 17:18:52.803,FF,PickUpHL_b33_fp44_r1,Plannerinputs/generated/problemPickUpHL_b33_fp44_r1.pddl,True,296.80,394.85,3,0,
673,2026-07-06 17:18:53.250,FF,PickUpHL_b39_fp52_r1,Plannerinputs/generated/problemPickUpHL_b39_fp52_r1.pddl,True,293.27,402.56,3,0,
674,2026-07-06 17:18:53.685,FF,StackHL_b46_lp8_r1_pr4_lay8_m8,Plannerinputs/generated/problemStackHL_b46_lp8_r1_pr4_lay8_m8.pddl,True,306.70,380.28,2,0,
675,2026-07-06 17:18:54.715,FF,PickUpHL_b27_fp36_r1,Plannerinputs/generated/problemPickUpHL_b27_fp36_r1.pddl,True,311.48,380.60,2,0,
676,2026-07-06 17:18:55.140,FF,PickUpHL_b33_fp44_r1,Plannerinputs/generated/problemPickUpHL_b33_fp44_r1.pddl,True,319.02,408.93,2,0,
677,2026-07-06 17:18:55.575,FF,PickUpHL_b39_fp52_r1,Plannerinputs/generated/problemPickUpHL_b39_fp52_r1.pddl,True,302.50,389.40,2,0,
678,2026-07-06 17:18:56.027,FF,PickUpHL_b45_fp60_r1,Plannerinputs/generated/problemPickUpHL_b45_fp60_r1.pddl,True,310.70,397.52,2,0,
679,2026-07-06 17:18:57.031,FF,PickUpHL_b33_fp44_r1,Plannerinputs/generated/problemPickUpHL_b33_fp44_r1.pddl,True,273.22,352.89,3,0,
680,2026-07-06 17:18:57.445,FF,PickUpHL_b39_fp52_r1,Plannerinputs/generated/problemPickUpHL_b39_fp52_r1.pddl,True,266.30,357.99,3,0,
681,2026-07-06 17:18:57.853,FF,PickUpHL_b45_fp60_r1,Plannerinputs/generated/problemPickUpHL_b45_fp60_r1.pddl,True,265.66,358.78,3,0,
682,2026-07-06 17:18:58.414,FF,StackHL_b27_lp5_r1_pr1_lay5_m5,Plannerinputs/generated/problemStackHL_b27_lp5_r1_pr1_lay5_m5.pddl,True,280.00,354.40,2,0,
683,2026-07-06 17:18:59.286,FF,PickUpHL_b33_fp44_r1,Plannerinputs/generated/problemPickUpHL_b33_fp44_r1.pddl,True,263.17,336.45,2,0,
684,2026-07-06 17:18:59.697,FF,PickUpHL_b39_fp52_r1,Plannerinputs/generated/problemPickUpHL_b39_fp52_r1.pddl,True,269.76,339.40,2,0,
685,2026-07-06 17:19:00.079,FF,PickUpHL_b45_fp60_r1,Plannerinputs/generated/problemPickUpHL_b45_fp60_r1.pddl,True,276.13,362.06,2,0,
686,2026-07-06 17:19:00.636,FF,PickUpHL_b29_fp39_r1,Plannerinputs/generated/problemPickUpHL_b29_fp39_r1.pddl,True,272.83,345.96,2,0,
687,2026-07-06 17:19:01.524,FF,PickUpHL_b39_fp52_r1,Plannerinputs/generated/problemPickUpHL_b39_fp52_r1.pddl,True,281.07,352.15,3,0,
688,2026-07-06 17:19:01.922,FF,PickUpHL_b45_fp60_r1,Plannerinputs/generated/problemPickUpHL_b45_fp60_r1.pddl,True,276.21,364.80,3,0,
689,2026-07-06 17:19:02.424,FF,PickUpHL_b29_fp39_r1,Plannerinputs/generated/problemPickUpHL_b29_fp39_r1.pddl,True,271.91,363.78,3,0,
690,2026-07-06 17:19:02.834,FF,StackHL_b33_lp6_r1_pr2_lay6_m6,Plannerinputs/generated/problemStackHL_b33_lp6_r1_pr2_lay6_m6.pddl,True,269.60,342.35,2,0,
691,2026-07-06 17:19:03.678,FF,PickUpHL_b39_fp52_r1,Plannerinputs/generated/problemPickUpHL_b39_fp52_r1.pddl,True,270.33,340.84,2,0,
692,2026-07-06 17:19:04.098,FF,PickUpHL_b45_fp60_r1,Plannerinputs/generated/problemPickUpHL_b45_fp60_r1.pddl,True,271.34,388.55,2,0,
693,2026-07-06 17:19:04.662,FF,PickUpHL_b29_fp39_r1,Plannerinputs/generated/problemPickUpHL_b29_fp39_r1.pddl,True,273.31,358.66,2,0,
694,2026-07-06 17:19:05.094,FF,PickUpHL_b35_fp47_r1,Plannerinputs/generated/problemPickUpHL_b35_fp47_r1.pddl,True,269.80,340.27,2,0,
695,2026-07-06 17:19:05.961,FF,PickUpHL_b45_fp60_r1,Plannerinputs/generated/problemPickUpHL_b45_fp60_r1.pddl,True,264.74,344.21,3,0,
696,2026-07-06 17:19:06.456,FF,PickUpHL_b29_fp39_r1,Plannerinputs/generated/problemPickUpHL_b29_fp39_r1.pddl,True,305.59,404.34,3,0,
697,2026-07-06 17:19:06.880,FF,PickUpHL_b35_fp47_r1,Plannerinputs/generated/problemPickUpHL_b35_fp47_r1.pddl,True,262.93,339.74,3,0,
698,2026-07-06 17:19:07.256,FF,StackHL_b39_lp7_r1_pr3_lay7_m7,Plannerinputs/generated/problemStackHL_b39_lp7_r1_pr3_lay7_m7.pddl,True,275.43,353.13,2,0,
699,2026-07-06 17:19:08.093,FF,PickUpHL_b45_fp60_r1,Plannerinputs/generated/problemPickUpHL_b45_fp60_r1.pddl,True,282.38,346.66,2,0,
700,2026-07-06 17:19:08.605,FF,PickUpHL_b29_fp39_r1,Plannerinputs/generated/problemPickUpHL_b29_fp39_r1.pddl,True,270.69,350.88,2,0,
701,2026-07-06 17:19:08.977,FF,PickUpHL_b35_fp47_r1,Plannerinputs/generated/problemPickUpHL_b35_fp47_r1.pddl,True,275.53,352.15,2,0,
702,2026-07-06 17:19:09.400,FF,PickUpHL_b41_fp55_r1,Plannerinputs/generated/problemPickUpHL_b41_fp55_r1.pddl,True,270.69,340.60,2,0,
703,2026-07-06 17:19:10.388,FF,PickUpHL_b29_fp39_r1,Plannerinputs/generated/problemPickUpHL_b29_fp39_r1.pddl,True,305.38,393.28,3,0,
704,2026-07-06 17:19:10.853,FF,PickUpHL_b35_fp47_r1,Plannerinputs/generated/problemPickUpHL_b35_fp47_r1.pddl,True,303.24,397.96,3,0,
705,2026-07-06 17:19:11.305,FF,PickUpHL_b41_fp55_r1,Plannerinputs/generated/problemPickUpHL_b41_fp55_r1.pddl,True,311.94,396.84,3,0,
706,2026-07-06 17:19:11.751,FF,StackHL_b45_lp8_r1_pr4_lay8_m8,Plannerinputs/generated/problemStackHL_b45_lp8_r1_pr4_lay8_m8.pddl,True,293.90,369.02,2,0,
707,2026-07-06 17:19:12.656,FF,PickUpHL_b29_fp39_r1,Plannerinputs/generated/problemPickUpHL_b29_fp39_r1.pddl,True,298.59,371.33,2,0,
708,2026-07-06 17:19:13.068,FF,PickUpHL_b35_fp47_r1,Plannerinputs/generated/problemPickUpHL_b35_fp47_r1.pddl,True,302.35,377.70,2,0,
709,2026-07-06 17:19:13.483,FF,PickUpHL_b41_fp55_r1,Plannerinputs/generated/problemPickUpHL_b41_fp55_r1.pddl,True,299.35,370.49,2,0,
710,2026-07-06 17:19:13.883,FF,PickUpHL_b47_fp63_r1,Plannerinputs/generated/problemPickUpHL_b47_fp63_r1.pddl,True,294.77,385.72,2,0,
711,2026-07-06 17:19:14.942,FF,PickUpHL_b35_fp47_r1,Plannerinputs/generated/problemPickUpHL_b35_fp47_r1.pddl,True,307.45,413.63,3,0,
712,2026-07-06 17:19:15.396,FF,PickUpHL_b41_fp55_r1,Plannerinputs/generated/problemPickUpHL_b41_fp55_r1.pddl,True,298.07,380.49,3,0,
713,2026-07-06 17:19:15.794,FF,PickUpHL_b47_fp63_r1,Plannerinputs/generated/problemPickUpHL_b47_fp63_r1.pddl,True,302.32,393.14,3,0,
714,2026-07-06 17:19:16.360,FF,StackHL_b29_lp5_r1_pr1_lay5_m5,Plannerinputs/generated/problemStackHL_b29_lp5_r1_pr1_lay5_m5.pddl,True,297.12,372.44,2,0,
715,2026-07-06 17:19:17.212,FF,PickUpHL_b35_fp47_r1,Plannerinputs/generated/problemPickUpHL_b35_fp47_r1.pddl,True,302.43,370.74,2,0,
716,2026-07-06 17:19:17.629,FF,PickUpHL_b41_fp55_r1,Plannerinputs/generated/problemPickUpHL_b41_fp55_r1.pddl,True,301.24,400.90,2,0,
717,2026-07-06 17:19:18.074,FF,PickUpHL_b47_fp63_r1,Plannerinputs/generated/problemPickUpHL_b47_fp63_r1.pddl,True,309.44,399.26,2,0,
718,2026-07-06 17:19:18.638,FF,NailingBeamHL_b26_r1_m5_lay5,Plannerinputs/generated/problemNailingBeamHL_b26_r1_m5_lay5.pddl,True,311.03,426.18,8,0,
719,2026-07-06 17:19:19.593,FF,PickUpHL_b41_fp55_r1,Plannerinputs/generated/problemPickUpHL_b41_fp55_r1.pddl,True,305.26,421.60,3,0,
720,2026-07-06 17:19:20.057,FF,PickUpHL_b47_fp63_r1,Plannerinputs/generated/problemPickUpHL_b47_fp63_r1.pddl,True,312.17,402.39,3,0,
721,2026-07-06 17:19:20.621,FF,NailingBeamHL_b26_r1_m5_lay5,Plannerinputs/generated/problemNailingBeamHL_b26_r1_m5_lay5.pddl,True,326.58,470.78,11,0,
722,2026-07-06 17:19:21.139,FF,StackHL_b35_lp6_r1_pr2_lay6_m6,Plannerinputs/generated/problemStackHL_b35_lp6_r1_pr2_lay6_m6.pddl,True,275.28,351.69,2,0,
723,2026-07-06 17:19:21.940,FF,PickUpHL_b41_fp55_r1,Plannerinputs/generated/problemPickUpHL_b41_fp55_r1.pddl,True,297.54,382.18,2,0,
724,2026-07-06 17:19:22.413,FF,PickUpHL_b47_fp63_r1,Plannerinputs/generated/problemPickUpHL_b47_fp63_r1.pddl,True,268.71,356.84,2,0,
725,2026-07-06 17:19:22.925,FF,NailingBeamHL_b26_r1_m5_lay5,Plannerinputs/generated/problemNailingBeamHL_b26_r1_m5_lay5.pddl,True,283.47,406.41,8,0,
726,2026-07-06 17:19:23.392,FF,NailingBeamHL_b32_r1_m6_lay6,Plannerinputs/generated/problemNailingBeamHL_b32_r1_m6_lay6.pddl,True,276.69,371.68,8,0,
727,2026-07-06 17:19:24.232,FF,PickUpHL_b47_fp63_r1,Plannerinputs/generated/problemPickUpHL_b47_fp63_r1.pddl,True,270.43,356.02,3,0,
728,2026-07-06 17:19:24.761,FF,NailingBeamHL_b26_r1_m5_lay5,Plannerinputs/generated/problemNailingBeamHL_b26_r1_m5_lay5.pddl,True,292.23,439.66,11,0,
729,2026-07-06 17:19:25.238,FF,NailingBeamHL_b32_r1_m6_lay6,Plannerinputs/generated/problemNailingBeamHL_b32_r1_m6_lay6.pddl,True,299.83,423.58,11,0,
730,2026-07-06 17:19:25.712,FF,StackHL_b41_lp7_r1_pr3_lay7_m7,Plannerinputs/generated/problemStackHL_b41_lp7_r1_pr3_lay7_m7.pddl,True,269.28,337.88,2,0,
731,2026-07-06 17:19:26.511,FF,PickUpHL_b47_fp63_r1,Plannerinputs/generated/problemPickUpHL_b47_fp63_r1.pddl,True,267.35,338.94,2,0,
732,2026-07-06 17:19:27.003,FF,NailingBeamHL_b26_r1_m5_lay5,Plannerinputs/generated/problemNailingBeamHL_b26_r1_m5_lay5.pddl,True,276.40,385.45,8,0,
733,2026-07-06 17:19:27.435,FF,NailingBeamHL_b32_r1_m6_lay6,Plannerinputs/generated/problemNailingBeamHL_b32_r1_m6_lay6.pddl,True,273.62,398.69,8,0,
734,2026-07-06 17:19:27.894,FF,NailingBeamHL_b38_r1_m7_lay7,Plannerinputs/generated/problemNailingBeamHL_b38_r1_m7_lay7.pddl,True,274.51,381.48,8,0,
735,2026-07-06 17:19:28.883,FF,NailingBeamHL_b26_r1_m5_lay5,Plannerinputs/generated/problemNailingBeamHL_b26_r1_m5_lay5.pddl,True,297.70,443.95,11,0,
736,2026-07-06 17:19:29.387,FF,NailingBeamHL_b32_r1_m6_lay6,Plannerinputs/generated/problemNailingBeamHL_b32_r1_m6_lay6.pddl,True,297.12,435.54,11,0,
737,2026-07-06 17:19:29.890,FF,NailingBeamHL_b38_r1_m7_lay7,Plannerinputs/generated/problemNailingBeamHL_b38_r1_m7_lay7.pddl,True,294.80,419.82,11,0,
738,2026-07-06 17:19:30.366,FF,StackHL_b47_lp8_r1_pr4_lay8_m8,Plannerinputs/generated/problemStackHL_b47_lp8_r1_pr4_lay8_m8.pddl,True,273.67,354.41,2,0,
739,2026-07-06 17:19:31.314,FF,NailingBeamHL_b26_r1_m5_lay5,Plannerinputs/generated/problemNailingBeamHL_b26_r1_m5_lay5.pddl,True,280.39,340.42,8,0,
740,2026-07-06 17:19:31.662,FF,NailingBeamHL_b32_r1_m6_lay6,Plannerinputs/generated/problemNailingBeamHL_b32_r1_m6_lay6.pddl,True,282.22,351.16,8,0,
741,2026-07-06 17:19:32.046,FF,NailingBeamHL_b38_r1_m7_lay7,Plannerinputs/generated/problemNailingBeamHL_b38_r1_m7_lay7.pddl,True,286.97,359.71,8,0,
742,2026-07-06 17:19:32.449,FF,NailingBeamHL_b44_r1_m8_lay8,Plannerinputs/generated/problemNailingBeamHL_b44_r1_m8_lay8.pddl,True,275.73,353.75,8,0,
743,2026-07-06 17:19:34.106,FF,NailingBeamHL_b32_r1_m6_lay6,Plannerinputs/generated/problemNailingBeamHL_b32_r1_m6_lay6.pddl,True,306.59,367.11,2,0,
744,2026-07-06 17:19:34.480,FF,NailingBeamHL_b38_r1_m7_lay7,Plannerinputs/generated/problemNailingBeamHL_b38_r1_m7_lay7.pddl,True,297.97,358.74,2,0,
745,2026-07-06 17:19:34.875,FF,NailingBeamHL_b44_r1_m8_lay8,Plannerinputs/generated/problemNailingBeamHL_b44_r1_m8_lay8.pddl,True,271.59,331.04,2,0,
746,2026-07-06 17:19:35.345,FF,NailingBeamHL_b28_r1_m5_lay5,Plannerinputs/generated/problemNailingBeamHL_b28_r1_m5_lay5.pddl,True,270.21,331.65,1,0,
747,2026-07-06 17:19:35.865,FF,NailingBeamHL_b32_r1_m6_lay6,Plannerinputs/generated/problemNailingBeamHL_b32_r1_m6_lay6.pddl,True,278.10,344.13,2,0,
748,2026-07-06 17:19:36.241,FF,NailingBeamHL_b38_r1_m7_lay7,Plannerinputs/generated/problemNailingBeamHL_b38_r1_m7_lay7.pddl,True,266.51,321.76,2,0,
749,2026-07-06 17:19:36.594,FF,NailingBeamHL_b44_r1_m8_lay8,Plannerinputs/generated/problemNailingBeamHL_b44_r1_m8_lay8.pddl,True,267.26,328.77,2,0,
750,2026-07-06 17:19:37.076,FF,NailingBeamHL_b27_r1_m5_lay5,Plannerinputs/generated/problemNailingBeamHL_b27_r1_m5_lay5.pddl,True,268.96,318.30,1,0,
751,2026-07-06 17:19:37.551,FF,NailingBeamHL_b32_r1_m6_lay6,Plannerinputs/generated/problemNailingBeamHL_b32_r1_m6_lay6.pddl,True,292.68,348.69,2,0,
752,2026-07-06 17:19:37.907,FF,NailingBeamHL_b38_r1_m7_lay7,Plannerinputs/generated/problemNailingBeamHL_b38_r1_m7_lay7.pddl,True,266.84,325.00,2,0,
753,2026-07-06 17:19:38.267,FF,NailingBeamHL_b44_r1_m8_lay8,Plannerinputs/generated/problemNailingBeamHL_b44_r1_m8_lay8.pddl,True,273.45,328.88,2,0,
754,2026-07-06 17:19:38.742,FF,NailingBeamHL_b29_r1_m5_lay5,Plannerinputs/generated/problemNailingBeamHL_b29_r1_m5_lay5.pddl,True,271.85,324.34,1,0,
755,2026-07-06 17:19:39.235,FF,NailingBeamHL_b32_r1_m6_lay6,Plannerinputs/generated/problemNailingBeamHL_b32_r1_m6_lay6.pddl,True,264.74,334.15,2,0,
756,2026-07-06 17:19:39.601,FF,NailingBeamHL_b38_r1_m7_lay7,Plannerinputs/generated/problemNailingBeamHL_b38_r1_m7_lay7.pddl,True,264.76,325.67,2,0,
757,2026-07-06 17:19:39.957,FF,NailingBeamHL_b44_r1_m8_lay8,Plannerinputs/generated/problemNailingBeamHL_b44_r1_m8_lay8.pddl,True,267.08,323.75,2,0,
758,2026-07-06 17:19:40.454,FF,NailingBeamHL_b25_r1_m5_lay5,Plannerinputs/generated/problemNailingBeamHL_b25_r1_m5_lay5.pddl,True,270.52,341.70,1,0,
759,2026-07-06 17:19:41.120,FF,NailingBeamHL_b32_r1_m6_lay6,Plannerinputs/generated/problemNailingBeamHL_b32_r1_m6_lay6.pddl,True,267.93,345.21,2,0,
760,2026-07-06 17:19:41.481,FF,NailingBeamHL_b38_r1_m7_lay7,Plannerinputs/generated/problemNailingBeamHL_b38_r1_m7_lay7.pddl,True,267.30,336.13,2,0,
761,2026-07-06 17:19:41.859,FF,NailingBeamHL_b44_r1_m8_lay8,Plannerinputs/generated/problemNailingBeamHL_b44_r1_m8_lay8.pddl,True,260.81,359.36,2,0,
762,2026-07-06 17:19:42.421,FF,NailingBeamHL_b30_r1_m5_lay5,Plannerinputs/generated/problemNailingBeamHL_b30_r1_m5_lay5.pddl,True,258.87,337.25,1,0,
763,2026-07-06 17:19:43.036,FF,NailingBeamHL_b32_r1_m6_lay6,Plannerinputs/generated/problemNailingBeamHL_b32_r1_m6_lay6.pddl,True,262.61,336.87,2,0,
764,2026-07-06 17:19:43.434,FF,NailingBeamHL_b38_r1_m7_lay7,Plannerinputs/generated/problemNailingBeamHL_b38_r1_m7_lay7.pddl,True,261.19,342.68,2,0,
765,2026-07-06 17:19:43.810,FF,NailingBeamHL_b44_r1_m8_lay8,Plannerinputs/generated/problemNailingBeamHL_b44_r1_m8_lay8.pddl,True,265.88,335.53,2,0,
766,2026-07-06 17:19:44.323,FF,GluingBeamHL_b25_r1_m5_lay5,Plannerinputs/generated/problemGluingBeamHL_b25_r1_m5_lay5.pddl,True,269.99,374.92,8,0,
767,2026-07-06 17:19:45.226,FF,NailingBeamHL_b38_r1_m7_lay7,Plannerinputs/generated/problemNailingBeamHL_b38_r1_m7_lay7.pddl,True,264.30,336.18,2,0,
768,2026-07-06 17:19:45.610,FF,NailingBeamHL_b44_r1_m8_lay8,Plannerinputs/generated/problemNailingBeamHL_b44_r1_m8_lay8.pddl,True,254.40,338.68,2,0,
769,2026-07-06 17:19:46.089,FF,GluingBeamHL_b25_r1_m5_lay5,Plannerinputs/generated/problemGluingBeamHL_b25_r1_m5_lay5.pddl,True,260.34,377.64,8,0,
770,2026-07-06 17:19:46.505,FF,NailingBeamHL_b34_r1_m6_lay6,Plannerinputs/generated/problemNailingBeamHL_b34_r1_m6_lay6.pddl,True,262.10,325.98,1,0,
771,2026-07-06 17:19:47.072,FF,NailingBeamHL_b38_r1_m7_lay7,Plannerinputs/generated/problemNailingBeamHL_b38_r1_m7_lay7.pddl,True,266.46,349.95,2,0,
772,2026-07-06 17:19:47.462,FF,NailingBeamHL_b44_r1_m8_lay8,Plannerinputs/generated/problemNailingBeamHL_b44_r1_m8_lay8.pddl,True,266.27,346.98,2,0,
773,2026-07-06 17:19:47.936,FF,GluingBeamHL_b25_r1_m5_lay5,Plannerinputs/generated/problemGluingBeamHL_b25_r1_m5_lay5.pddl,True,261.49,391.31,8,0,
774,2026-07-06 17:19:48.359,FF,NailingBeamHL_b33_r1_m6_lay6,Plannerinputs/generated/problemNailingBeamHL_b33_r1_m6_lay6.pddl,True,257.95,324.84,1,0,
775,2026-07-06 17:19:48.990,FF,NailingBeamHL_b38_r1_m7_lay7,Plannerinputs/generated/problemNailingBeamHL_b38_r1_m7_lay7.pddl,True,257.20,347.22,2,0,
776,2026-07-06 17:19:49.365,FF,NailingBeamHL_b44_r1_m8_lay8,Plannerinputs/generated/problemNailingBeamHL_b44_r1_m8_lay8.pddl,True,265.75,345.88,2,0,
777,2026-07-06 17:19:49.865,FF,GluingBeamHL_b25_r1_m5_lay5,Plannerinputs/generated/problemGluingBeamHL_b25_r1_m5_lay5.pddl,True,269.48,398.31,8,0,
778,2026-07-06 17:19:50.335,FF,NailingBeamHL_b35_r1_m6_lay6,Plannerinputs/generated/problemNailingBeamHL_b35_r1_m6_lay6.pddl,True,262.67,332.91,1,0,
779,2026-07-06 17:19:50.913,FF,NailingBeamHL_b38_r1_m7_lay7,Plannerinputs/generated/problemNailingBeamHL_b38_r1_m7_lay7.pddl,True,283.17,401.65,2,0,
780,2026-07-06 17:19:51.334,FF,NailingBeamHL_b44_r1_m8_lay8,Plannerinputs/generated/problemNailingBeamHL_b44_r1_m8_lay8.pddl,True,263.56,356.69,2,0,
781,2026-07-06 17:19:51.810,FF,GluingBeamHL_b25_r1_m5_lay5,Plannerinputs/generated/problemGluingBeamHL_b25_r1_m5_lay5.pddl,True,258.19,399.39,8,0,
782,2026-07-06 17:19:52.250,FF,NailingBeamHL_b31_r1_m6_lay6,Plannerinputs/generated/problemNailingBeamHL_b31_r1_m6_lay6.pddl,True,259.33,329.57,1,0,
783,2026-07-06 17:19:52.840,FF,NailingBeamHL_b38_r1_m7_lay7,Plannerinputs/generated/problemNailingBeamHL_b38_r1_m7_lay7.pddl,True,250.43,323.96,2,0,
784,2026-07-06 17:19:53.211,FF,NailingBeamHL_b44_r1_m8_lay8,Plannerinputs/generated/problemNailingBeamHL_b44_r1_m8_lay8.pddl,True,256.63,338.83,2,0,
785,2026-07-06 17:19:53.696,FF,GluingBeamHL_b25_r1_m5_lay5,Plannerinputs/generated/problemGluingBeamHL_b25_r1_m5_lay5.pddl,True,259.14,388.79,8,0,
786,2026-07-06 17:19:54.149,FF,NailingBeamHL_b36_r1_m6_lay6,Plannerinputs/generated/problemNailingBeamHL_b36_r1_m6_lay6.pddl,True,253.38,342.18,1,0,
787,2026-07-06 17:19:54.797,FF,NailingBeamHL_b38_r1_m7_lay7,Plannerinputs/generated/problemNailingBeamHL_b38_r1_m7_lay7.pddl,True,256.75,352.82,2,0,
788,2026-07-06 17:19:55.216,FF,NailingBeamHL_b44_r1_m8_lay8,Plannerinputs/generated/problemNailingBeamHL_b44_r1_m8_lay8.pddl,True,258.60,335.95,2,0,
789,2026-07-06 17:19:55.724,FF,GluingBeamHL_b25_r1_m5_lay5,Plannerinputs/generated/problemGluingBeamHL_b25_r1_m5_lay5.pddl,True,258.35,377.32,8,0,
790,2026-07-06 17:19:56.172,FF,GluingBeamHL_b31_r1_m6_lay6,Plannerinputs/generated/problemGluingBeamHL_b31_r1_m6_lay6.pddl,True,260.51,376.66,8,0,
791,2026-07-06 17:19:57.023,FF,NailingBeamHL_b44_r1_m8_lay8,Plannerinputs/generated/problemNailingBeamHL_b44_r1_m8_lay8.pddl,True,263.86,325.75,2,0,
792,2026-07-06 17:19:57.516,FF,GluingBeamHL_b25_r1_m5_lay5,Plannerinputs/generated/problemGluingBeamHL_b25_r1_m5_lay5.pddl,True,259.49,388.07,8,0,
793,2026-07-06 17:19:57.920,FF,GluingBeamHL_b31_r1_m6_lay6,Plannerinputs/generated/problemGluingBeamHL_b31_r1_m6_lay6.pddl,True,254.37,359.27,8,0,
794,2026-07-06 17:19:58.317,FF,NailingBeamHL_b40_r1_m7_lay7,Plannerinputs/generated/problemNailingBeamHL_b40_r1_m7_lay7.pddl,True,264.32,345.72,1,0,
795,2026-07-06 17:19:58.931,FF,NailingBeamHL_b44_r1_m8_lay8,Plannerinputs/generated/problemNailingBeamHL_b44_r1_m8_lay8.pddl,True,258.73,346.07,2,0,
796,2026-07-06 17:19:59.457,FF,GluingBeamHL_b25_r1_m5_lay5,Plannerinputs/generated/problemGluingBeamHL_b25_r1_m5_lay5.pddl,True,263.41,390.82,8,0,
797,2026-07-06 17:19:59.877,FF,GluingBeamHL_b31_r1_m6_lay6,Plannerinputs/generated/problemGluingBeamHL_b31_r1_m6_lay6.pddl,True,260.19,377.91,8,0,
798,2026-07-06 17:20:00.320,FF,NailingBeamHL_b39_r1_m7_lay7,Plannerinputs/generated/problemNailingBeamHL_b39_r1_m7_lay7.pddl,True,254.21,368.70,1,0,
799,2026-07-06 17:20:01.024,FF,NailingBeamHL_b44_r1_m8_lay8,Plannerinputs/generated/problemNailingBeamHL_b44_r1_m8_lay8.pddl,True,256.49,334.54,2,0,
800,2026-07-06 17:20:01.549,FF,GluingBeamHL_b25_r1_m5_lay5,Plannerinputs/generated/problemGluingBeamHL_b25_r1_m5_lay5.pddl,True,258.48,385.67,8,0,
801,2026-07-06 17:20:01.991,FF,GluingBeamHL_b31_r1_m6_lay6,Plannerinputs/generated/problemGluingBeamHL_b31_r1_m6_lay6.pddl,True,250.50,386.54,8,0,
802,2026-07-06 17:20:02.443,FF,NailingBeamHL_b41_r1_m7_lay7,Plannerinputs/generated/problemNailingBeamHL_b41_r1_m7_lay7.pddl,True,253.97,326.50,1,0,
803,2026-07-06 17:20:03.095,FF,NailingBeamHL_b44_r1_m8_lay8,Plannerinputs/generated/problemNailingBeamHL_b44_r1_m8_lay8.pddl,True,250.95,332.36,2,0,
804,2026-07-06 17:20:03.567,FF,GluingBeamHL_b25_r1_m5_lay5,Plannerinputs/generated/problemGluingBeamHL_b25_r1_m5_lay5.pddl,True,256.33,375.43,8,0,
805,2026-07-06 17:20:03.994,FF,GluingBeamHL_b31_r1_m6_lay6,Plannerinputs/generated/problemGluingBeamHL_b31_r1_m6_lay6.pddl,True,254.89,352.67,8,0,
806,2026-07-06 17:20:04.416,FF,NailingBeamHL_b37_r1_m7_lay7,Plannerinputs/generated/problemNailingBeamHL_b37_r1_m7_lay7.pddl,True,250.61,308.14,1,0,
807,2026-07-06 17:20:05.027,FF,NailingBeamHL_b44_r1_m8_lay8,Plannerinputs/generated/problemNailingBeamHL_b44_r1_m8_lay8.pddl,True,242.75,313.91,2,0,
808,2026-07-06 17:20:05.504,FF,GluingBeamHL_b25_r1_m5_lay5,Plannerinputs/generated/problemGluingBeamHL_b25_r1_m5_lay5.pddl,True,288.57,395.94,8,0,
809,2026-07-06 17:20:05.923,FF,GluingBeamHL_b31_r1_m6_lay6,Plannerinputs/generated/problemGluingBeamHL_b31_r1_m6_lay6.pddl,True,250.75,354.27,8,0,
810,2026-07-06 17:20:06.303,FF,NailingBeamHL_b42_r1_m7_lay7,Plannerinputs/generated/problemNailingBeamHL_b42_r1_m7_lay7.pddl,True,247.22,313.25,1,0,
811,2026-07-06 17:20:06.889,FF,NailingBeamHL_b44_r1_m8_lay8,Plannerinputs/generated/problemNailingBeamHL_b44_r1_m8_lay8.pddl,True,256.07,343.35,2,0,
812,2026-07-06 17:20:07.376,FF,GluingBeamHL_b25_r1_m5_lay5,Plannerinputs/generated/problemGluingBeamHL_b25_r1_m5_lay5.pddl,True,254.80,339.50,8,0,
813,2026-07-06 17:20:07.736,FF,GluingBeamHL_b31_r1_m6_lay6,Plannerinputs/generated/problemGluingBeamHL_b31_r1_m6_lay6.pddl,True,249.11,377.30,8,0,
814,2026-07-06 17:20:08.174,FF,GluingBeamHL_b37_r1_m7_lay7,Plannerinputs/generated/problemGluingBeamHL_b37_r1_m7_lay7.pddl,True,250.27,363.91,8,0,
815,2026-07-06 17:20:09.149,FF,GluingBeamHL_b25_r1_m5_lay5,Plannerinputs/generated/problemGluingBeamHL_b25_r1_m5_lay5.pddl,True,257.08,356.45,8,0,
816,2026-07-06 17:20:09.535,FF,GluingBeamHL_b31_r1_m6_lay6,Plannerinputs/generated/problemGluingBeamHL_b31_r1_m6_lay6.pddl,True,252.03,367.41,8,0,
817,2026-07-06 17:20:09.957,FF,GluingBeamHL_b37_r1_m7_lay7,Plannerinputs/generated/problemGluingBeamHL_b37_r1_m7_lay7.pddl,True,260.76,382.15,8,0,
818,2026-07-06 17:20:10.391,FF,NailingBeamHL_b46_r1_m8_lay8,Plannerinputs/generated/problemNailingBeamHL_b46_r1_m8_lay8.pddl,True,250.95,326.95,1,0,
819,2026-07-06 17:20:11.169,FF,GluingBeamHL_b25_r1_m5_lay5,Plannerinputs/generated/problemGluingBeamHL_b25_r1_m5_lay5.pddl,True,265.13,361.98,8,0,
820,2026-07-06 17:20:11.567,FF,GluingBeamHL_b31_r1_m6_lay6,Plannerinputs/generated/problemGluingBeamHL_b31_r1_m6_lay6.pddl,True,272.64,372.76,8,0,
821,2026-07-06 17:20:11.989,FF,GluingBeamHL_b37_r1_m7_lay7,Plannerinputs/generated/problemGluingBeamHL_b37_r1_m7_lay7.pddl,True,246.83,411.15,8,0,
822,2026-07-06 17:20:12.443,FF,NailingBeamHL_b45_r1_m8_lay8,Plannerinputs/generated/problemNailingBeamHL_b45_r1_m8_lay8.pddl,True,254.91,318.33,1,0,
823,2026-07-06 17:20:13.151,FF,GluingBeamHL_b25_r1_m5_lay5,Plannerinputs/generated/problemGluingBeamHL_b25_r1_m5_lay5.pddl,True,274.98,374.65,8,0,
824,2026-07-06 17:20:13.545,FF,GluingBeamHL_b31_r1_m6_lay6,Plannerinputs/generated/problemGluingBeamHL_b31_r1_m6_lay6.pddl,True,251.63,340.07,8,0,
825,2026-07-06 17:20:13.909,FF,GluingBeamHL_b37_r1_m7_lay7,Plannerinputs/generated/problemGluingBeamHL_b37_r1_m7_lay7.pddl,True,249.60,349.36,8,0,
826,2026-07-06 17:20:14.292,FF,NailingBeamHL_b47_r1_m8_lay8,Plannerinputs/generated/problemNailingBeamHL_b47_r1_m8_lay8.pddl,True,245.59,314.93,1,0,
827,2026-07-06 17:20:14.972,FF,GluingBeamHL_b25_r1_m5_lay5,Plannerinputs/generated/problemGluingBeamHL_b25_r1_m5_lay5.pddl,True,253.89,374.10,8,0,
828,2026-07-06 17:20:15.385,FF,GluingBeamHL_b31_r1_m6_lay6,Plannerinputs/generated/problemGluingBeamHL_b31_r1_m6_lay6.pddl,True,244.08,332.11,8,0,
829,2026-07-06 17:20:15.741,FF,GluingBeamHL_b37_r1_m7_lay7,Plannerinputs/generated/problemGluingBeamHL_b37_r1_m7_lay7.pddl,True,252.55,350.09,8,0,
830,2026-07-06 17:20:16.118,FF,NailingBeamHL_b43_r1_m8_lay8,Plannerinputs/generated/problemNailingBeamHL_b43_r1_m8_lay8.pddl,True,243.90,308.34,1,0,
831,2026-07-06 17:20:16.828,FF,GluingBeamHL_b25_r1_m5_lay5,Plannerinputs/generated/problemGluingBeamHL_b25_r1_m5_lay5.pddl,True,247.03,376.10,8,0,
832,2026-07-06 17:20:17.226,FF,GluingBeamHL_b31_r1_m6_lay6,Plannerinputs/generated/problemGluingBeamHL_b31_r1_m6_lay6.pddl,True,243.96,369.77,8,0,
833,2026-07-06 17:20:17.614,FF,GluingBeamHL_b37_r1_m7_lay7,Plannerinputs/generated/problemGluingBeamHL_b37_r1_m7_lay7.pddl,True,254.29,351.98,8,0,
834,2026-07-06 17:20:17.995,FF,NailingBeamHL_b48_r1_m8_lay8,Plannerinputs/generated/problemNailingBeamHL_b48_r1_m8_lay8.pddl,True,251.71,311.82,1,0,
835,2026-07-06 17:20:18.723,FF,GluingBeamHL_b25_r1_m5_lay5,Plannerinputs/generated/problemGluingBeamHL_b25_r1_m5_lay5.pddl,True,252.89,348.23,8,0,
836,2026-07-06 17:20:19.110,FF,GluingBeamHL_b31_r1_m6_lay6,Plannerinputs/generated/problemGluingBeamHL_b31_r1_m6_lay6.pddl,True,252.27,350.72,8,0,
837,2026-07-06 17:20:19.508,FF,GluingBeamHL_b37_r1_m7_lay7,Plannerinputs/generated/problemGluingBeamHL_b37_r1_m7_lay7.pddl,True,288.66,406.19,8,0,
838,2026-07-06 17:20:19.975,FF,GluingBeamHL_b43_r1_m8_lay8,Plannerinputs/generated/problemGluingBeamHL_b43_r1_m8_lay8.pddl,True,248.11,347.34,8,0,
839,2026-07-06 17:20:22.247,FF,GluingBeamHL_b31_r1_m6_lay6,Plannerinputs/generated/problemGluingBeamHL_b31_r1_m6_lay6.pddl,True,283.68,377.87,2,0,
840,2026-07-06 17:20:22.673,FF,GluingBeamHL_b37_r1_m7_lay7,Plannerinputs/generated/problemGluingBeamHL_b37_r1_m7_lay7.pddl,True,275.96,343.22,2,0,
841,2026-07-06 17:20:23.040,FF,GluingBeamHL_b43_r1_m8_lay8,Plannerinputs/generated/problemGluingBeamHL_b43_r1_m8_lay8.pddl,True,255.25,317.90,2,0,
842,2026-07-06 17:20:23.561,FF,GluingBeamHL_b26_r1_m5_lay5,Plannerinputs/generated/problemGluingBeamHL_b26_r1_m5_lay5.pddl,True,247.59,323.64,1,0,
843,2026-07-06 17:20:24.176,FF,GluingBeamHL_b31_r1_m6_lay6,Plannerinputs/generated/problemGluingBeamHL_b31_r1_m6_lay6.pddl,True,249.64,334.89,2,0,
844,2026-07-06 17:20:24.572,FF,GluingBeamHL_b37_r1_m7_lay7,Plannerinputs/generated/problemGluingBeamHL_b37_r1_m7_lay7.pddl,True,246.92,329.38,2,0,
845,2026-07-06 17:20:24.963,FF,GluingBeamHL_b43_r1_m8_lay8,Plannerinputs/generated/problemGluingBeamHL_b43_r1_m8_lay8.pddl,True,245.09,308.99,2,0,
846,2026-07-06 17:20:25.462,FF,GluingBeamHL_b29_r1_m5_lay5,Plannerinputs/generated/problemGluingBeamHL_b29_r1_m5_lay5.pddl,True,240.77,315.16,1,0,
847,2026-07-06 17:20:26.071,FF,GluingBeamHL_b31_r1_m6_lay6,Plannerinputs/generated/problemGluingBeamHL_b31_r1_m6_lay6.pddl,True,253.20,316.62,2,0,
848,2026-07-06 17:20:26.421,FF,GluingBeamHL_b37_r1_m7_lay7,Plannerinputs/generated/problemGluingBeamHL_b37_r1_m7_lay7.pddl,True,241.65,336.52,2,0,
849,2026-07-06 17:20:26.813,FF,GluingBeamHL_b43_r1_m8_lay8,Plannerinputs/generated/problemGluingBeamHL_b43_r1_m8_lay8.pddl,True,241.01,311.11,2,0,
850,2026-07-06 17:20:27.309,FF,GluingBeamHL_b30_r1_m5_lay5,Plannerinputs/generated/problemGluingBeamHL_b30_r1_m5_lay5.pddl,True,240.25,349.42,1,0,
851,2026-07-06 17:20:27.951,FF,GluingBeamHL_b31_r1_m6_lay6,Plannerinputs/generated/problemGluingBeamHL_b31_r1_m6_lay6.pddl,True,243.69,329.21,2,0,
852,2026-07-06 17:20:28.334,FF,GluingBeamHL_b37_r1_m7_lay7,Plannerinputs/generated/problemGluingBeamHL_b37_r1_m7_lay7.pddl,True,241.20,307.87,2,0,
853,2026-07-06 17:20:28.687,FF,GluingBeamHL_b43_r1_m8_lay8,Plannerinputs/generated/problemGluingBeamHL_b43_r1_m8_lay8.pddl,True,251.72,323.21,2,0,
854,2026-07-06 17:20:29.192,FF,GluingBeamHL_b28_r1_m5_lay5,Plannerinputs/generated/problemGluingBeamHL_b28_r1_m5_lay5.pddl,True,256.65,369.17,1,0,
855,2026-07-06 17:20:29.815,FF,GluingBeamHL_b31_r1_m6_lay6,Plannerinputs/generated/problemGluingBeamHL_b31_r1_m6_lay6.pddl,True,248.07,330.11,2,0,
856,2026-07-06 17:20:30.176,FF,GluingBeamHL_b37_r1_m7_lay7,Plannerinputs/generated/problemGluingBeamHL_b37_r1_m7_lay7.pddl,True,249.44,315.80,2,0,
857,2026-07-06 17:20:30.531,FF,GluingBeamHL_b43_r1_m8_lay8,Plannerinputs/generated/problemGluingBeamHL_b43_r1_m8_lay8.pddl,True,249.43,329.38,2,0,
858,2026-07-06 17:20:31.026,FF,GluingBeamHL_b27_r1_m5_lay5,Plannerinputs/generated/problemGluingBeamHL_b27_r1_m5_lay5.pddl,True,244.94,321.22,1,0,
859,2026-07-06 17:20:31.644,FF,GluingBeamHL_b31_r1_m6_lay6,Plannerinputs/generated/problemGluingBeamHL_b31_r1_m6_lay6.pddl,True,251.51,320.34,2,0,
860,2026-07-06 17:20:32.011,FF,GluingBeamHL_b37_r1_m7_lay7,Plannerinputs/generated/problemGluingBeamHL_b37_r1_m7_lay7.pddl,True,245.20,325.66,2,0,
861,2026-07-06 17:20:32.390,FF,GluingBeamHL_b43_r1_m8_lay8,Plannerinputs/generated/problemGluingBeamHL_b43_r1_m8_lay8.pddl,True,243.51,318.60,2,0,
862,2026-07-06 17:20:32.917,FF,PickUpHL_tp5_fp37_r1,Plannerinputs/generated/problemPickUpHL_tp5_fp37_r1.pddl,True,290.57,417.67,9,0,
863,2026-07-06 17:20:33.805,FF,GluingBeamHL_b37_r1_m7_lay7,Plannerinputs/generated/problemGluingBeamHL_b37_r1_m7_lay7.pddl,True,243.42,315.76,2,0,
864,2026-07-06 17:20:34.167,FF,GluingBeamHL_b43_r1_m8_lay8,Plannerinputs/generated/problemGluingBeamHL_b43_r1_m8_lay8.pddl,True,240.19,321.15,2,0,
865,2026-07-06 17:20:34.635,FF,PickUpHL_tp5_fp37_r1,Plannerinputs/generated/problemPickUpHL_tp5_fp37_r1.pddl,True,267.16,388.82,9,0,
866,2026-07-06 17:20:35.079,FF,GluingBeamHL_b32_r1_m6_lay6,Plannerinputs/generated/problemGluingBeamHL_b32_r1_m6_lay6.pddl,True,258.52,326.22,1,0,
867,2026-07-06 17:20:35.686,FF,GluingBeamHL_b37_r1_m7_lay7,Plannerinputs/generated/problemGluingBeamHL_b37_r1_m7_lay7.pddl,True,274.21,335.68,2,0,
868,2026-07-06 17:20:36.077,FF,GluingBeamHL_b43_r1_m8_lay8,Plannerinputs/generated/problemGluingBeamHL_b43_r1_m8_lay8.pddl,True,248.49,324.68,2,0,
869,2026-07-06 17:20:36.557,FF,PickUpHL_tp5_fp37_r1,Plannerinputs/generated/problemPickUpHL_tp5_fp37_r1.pddl,True,248.32,390.97,9,0,
870,2026-07-06 17:20:37.032,FF,GluingBeamHL_b35_r1_m6_lay6,Plannerinputs/generated/problemGluingBeamHL_b35_r1_m6_lay6.pddl,True,248.17,334.70,1,0,
871,2026-07-06 17:20:37.660,FF,GluingBeamHL_b37_r1_m7_lay7,Plannerinputs/generated/problemGluingBeamHL_b37_r1_m7_lay7.pddl,True,248.44,324.37,2,0,
872,2026-07-06 17:20:38.056,FF,GluingBeamHL_b43_r1_m8_lay8,Plannerinputs/generated/problemGluingBeamHL_b43_r1_m8_lay8.pddl,True,246.21,316.91,2,0,
873,2026-07-06 17:20:38.541,FF,PickUpHL_tp5_fp37_r1,Plannerinputs/generated/problemPickUpHL_tp5_fp37_r1.pddl,True,246.86,346.97,9,0,
874,2026-07-06 17:20:38.922,FF,GluingBeamHL_b36_r1_m6_lay6,Plannerinputs/generated/problemGluingBeamHL_b36_r1_m6_lay6.pddl,True,239.26,313.23,1,0,
875,2026-07-06 17:20:39.501,FF,GluingBeamHL_b37_r1_m7_lay7,Plannerinputs/generated/problemGluingBeamHL_b37_r1_m7_lay7.pddl,True,240.92,323.73,2,0,
876,2026-07-06 17:20:39.844,FF,GluingBeamHL_b43_r1_m8_lay8,Plannerinputs/generated/problemGluingBeamHL_b43_r1_m8_lay8.pddl,True,244.27,321.53,2,0,
877,2026-07-06 17:20:40.328,FF,PickUpHL_tp5_fp37_r1,Plannerinputs/generated/problemPickUpHL_tp5_fp37_r1.pddl,True,254.25,388.17,9,0,
878,2026-07-06 17:20:40.782,FF,GluingBeamHL_b34_r1_m6_lay6,Plannerinputs/generated/problemGluingBeamHL_b34_r1_m6_lay6.pddl,True,247.06,317.95,1,0,
879,2026-07-06 17:20:41.419,FF,GluingBeamHL_b37_r1_m7_lay7,Plannerinputs/generated/problemGluingBeamHL_b37_r1_m7_lay7.pddl,True,243.83,332.93,2,0,
880,2026-07-06 17:20:41.830,FF,GluingBeamHL_b43_r1_m8_lay8,Plannerinputs/generated/problemGluingBeamHL_b43_r1_m8_lay8.pddl,True,244.60,322.67,2,0,
881,2026-07-06 17:20:42.310,FF,PickUpHL_tp5_fp37_r1,Plannerinputs/generated/problemPickUpHL_tp5_fp37_r1.pddl,True,242.14,377.72,9,0,
882,2026-07-06 17:20:42.755,FF,GluingBeamHL_b33_r1_m6_lay6,Plannerinputs/generated/problemGluingBeamHL_b33_r1_m6_lay6.pddl,True,243.58,318.08,1,0,
883,2026-07-06 17:20:43.401,FF,GluingBeamHL_b37_r1_m7_lay7,Plannerinputs/generated/problemGluingBeamHL_b37_r1_m7_lay7.pddl,True,248.58,346.07,2,0,
884,2026-07-06 17:20:43.799,FF,GluingBeamHL_b43_r1_m8_lay8,Plannerinputs/generated/problemGluingBeamHL_b43_r1_m8_lay8.pddl,True,244.65,329.64,2,0,
885,2026-07-06 17:20:44.278,FF,PickUpHL_tp5_fp37_r1,Plannerinputs/generated/problemPickUpHL_tp5_fp37_r1.pddl,True,247.10,355.23,9,0,
886,2026-07-06 17:20:44.674,FF,PickUpHL_tp6_fp45_r1,Plannerinputs/generated/problemPickUpHL_tp6_fp45_r1.pddl,True,247.40,422.31,9,0,
887,2026-07-06 17:20:45.599,FF,GluingBeamHL_b43_r1_m8_lay8,Plannerinputs/generated/problemGluingBeamHL_b43_r1_m8_lay8.pddl,True,245.95,323.19,2,0,
888,2026-07-06 17:20:46.080,FF,PickUpHL_tp5_fp37_r1,Plannerinputs/generated/problemPickUpHL_tp5_fp37_r1.pddl,True,242.77,378.53,9,0,
889,2026-07-06 17:20:46.479,FF,PickUpHL_tp6_fp45_r1,Plannerinputs/generated/problemPickUpHL_tp6_fp45_r1.pddl,True,252.36,386.64,9,0,
890,2026-07-06 17:20:46.915,FF,GluingBeamHL_b38_r1_m7_lay7,Plannerinputs/generated/problemGluingBeamHL_b38_r1_m7_lay7.pddl,True,240.35,330.87,1,0,
891,2026-07-06 17:20:47.529,FF,GluingBeamHL_b43_r1_m8_lay8,Plannerinputs/generated/problemGluingBeamHL_b43_r1_m8_lay8.pddl,True,240.53,303.94,2,0,
892,2026-07-06 17:20:48.011,FF,PickUpHL_tp5_fp37_r1,Plannerinputs/generated/problemPickUpHL_tp5_fp37_r1.pddl,True,255.85,388.02,9,0,
893,2026-07-06 17:20:48.424,FF,PickUpHL_tp6_fp45_r1,Plannerinputs/generated/problemPickUpHL_tp6_fp45_r1.pddl,True,247.58,344.93,9,0,
894,2026-07-06 17:20:48.795,FF,GluingBeamHL_b41_r1_m7_lay7,Plannerinputs/generated/problemGluingBeamHL_b41_r1_m7_lay7.pddl,True,251.15,348.87,1,0,
895,2026-07-06 17:20:49.389,FF,GluingBeamHL_b43_r1_m8_lay8,Plannerinputs/generated/problemGluingBeamHL_b43_r1_m8_lay8.pddl,True,259.66,336.31,2,0,
896,2026-07-06 17:20:49.876,FF,PickUpHL_tp5_fp37_r1,Plannerinputs/generated/problemPickUpHL_tp5_fp37_r1.pddl,True,286.38,403.61,9,0,
897,2026-07-06 17:20:50.312,FF,PickUpHL_tp6_fp45_r1,Plannerinputs/generated/problemPickUpHL_tp6_fp45_r1.pddl,True,250.47,370.31,9,0,
898,2026-07-06 17:20:50.733,FF,GluingBeamHL_b42_r1_m7_lay7,Plannerinputs/generated/problemGluingBeamHL_b42_r1_m7_lay7.pddl,True,279.77,354.51,1,0,
899,2026-07-06 17:20:51.373,FF,GluingBeamHL_b43_r1_m8_lay8,Plannerinputs/generated/problemGluingBeamHL_b43_r1_m8_lay8.pddl,True,239.45,309.70,2,0,
900,2026-07-06 17:20:51.852,FF,PickUpHL_tp5_fp37_r1,Plannerinputs/generated/problemPickUpHL_tp5_fp37_r1.pddl,True,292.02,438.04,9,0,
901,2026-07-06 17:20:52.326,FF,PickUpHL_tp6_fp45_r1,Plannerinputs/generated/problemPickUpHL_tp6_fp45_r1.pddl,True,257.47,391.45,9,0,
902,2026-07-06 17:20:52.774,FF,GluingBeamHL_b40_r1_m7_lay7,Plannerinputs/generated/problemGluingBeamHL_b40_r1_m7_lay7.pddl,True,246.84,329.40,1,0,
903,2026-07-06 17:20:53.415,FF,GluingBeamHL_b43_r1_m8_lay8,Plannerinputs/generated/problemGluingBeamHL_b43_r1_m8_lay8.pddl,True,241.38,314.15,2,0,
904,2026-07-06 17:20:53.875,FF,PickUpHL_tp5_fp37_r1,Plannerinputs/generated/problemPickUpHL_tp5_fp37_r1.pddl,True,269.19,412.32,9,0,
905,2026-07-06 17:20:54.315,FF,PickUpHL_tp6_fp45_r1,Plannerinputs/generated/problemPickUpHL_tp6_fp45_r1.pddl,True,247.79,375.40,9,0,
906,2026-07-06 17:20:54.759,FF,GluingBeamHL_b39_r1_m7_lay7,Plannerinputs/generated/problemGluingBeamHL_b39_r1_m7_lay7.pddl,True,253.21,367.19,1,0,
907,2026-07-06 17:20:55.426,FF,GluingBeamHL_b43_r1_m8_lay8,Plannerinputs/generated/problemGluingBeamHL_b43_r1_m8_lay8.pddl,True,241.65,332.37,2,0,
908,2026-07-06 17:20:55.944,FF,PickUpHL_tp5_fp37_r1,Plannerinputs/generated/problemPickUpHL_tp5_fp37_r1.pddl,True,245.84,373.64,9,0,
909,2026-07-06 17:20:56.345,FF,PickUpHL_tp6_fp45_r1,Plannerinputs/generated/problemPickUpHL_tp6_fp45_r1.pddl,True,241.12,381.99,9,0,
910,2026-07-06 17:20:56.813,FF,PickUpHL_tp7_fp53_r1,Plannerinputs/generated/problemPickUpHL_tp7_fp53_r1.pddl,True,247.69,360.11,9,0,
911,2026-07-06 17:20:57.816,FF,PickUpHL_tp5_fp37_r1,Plannerinputs/generated/problemPickUpHL_tp5_fp37_r1.pddl,True,245.27,368.46,9,0,
912,2026-07-06 17:20:58.221,FF,PickUpHL_tp6_fp45_r1,Plannerinputs/generated/problemPickUpHL_tp6_fp45_r1.pddl,True,250.23,377.47,9,0,
913,2026-07-06 17:20:58.632,FF,PickUpHL_tp7_fp53_r1,Plannerinputs/generated/problemPickUpHL_tp7_fp53_r1.pddl,True,247.90,398.11,9,0,
914,2026-07-06 17:20:59.087,FF,GluingBeamHL_b44_r1_m8_lay8,Plannerinputs/generated/problemGluingBeamHL_b44_r1_m8_lay8.pddl,True,247.17,321.64,1,0,
915,2026-07-06 17:20:59.753,FF,PickUpHL_tp5_fp37_r1,Plannerinputs/generated/problemPickUpHL_tp5_fp37_r1.pddl,True,249.79,350.61,9,0,
916,2026-07-06 17:21:00.125,FF,PickUpHL_tp6_fp45_r1,Plannerinputs/generated/problemPickUpHL_tp6_fp45_r1.pddl,True,245.12,373.91,9,0,
917,2026-07-06 17:21:00.554,FF,PickUpHL_tp7_fp53_r1,Plannerinputs/generated/problemPickUpHL_tp7_fp53_r1.pddl,True,246.34,389.17,9,0,
918,2026-07-06 17:21:00.987,FF,GluingBeamHL_b47_r1_m8_lay8,Plannerinputs/generated/problemGluingBeamHL_b47_r1_m8_lay8.pddl,True,241.05,304.51,1,0,
919,2026-07-06 17:21:01.628,FF,PickUpHL_tp5_fp37_r1,Plannerinputs/generated/problemPickUpHL_tp5_fp37_r1.pddl,True,248.71,377.73,9,0,
920,2026-07-06 17:21:02.057,FF,PickUpHL_tp6_fp45_r1,Plannerinputs/generated/problemPickUpHL_tp6_fp45_r1.pddl,True,239.70,347.42,9,0,
921,2026-07-06 17:21:02.418,FF,PickUpHL_tp7_fp53_r1,Plannerinputs/generated/problemPickUpHL_tp7_fp53_r1.pddl,True,243.23,348.51,9,0,
922,2026-07-06 17:21:02.809,FF,GluingBeamHL_b48_r1_m8_lay8,Plannerinputs/generated/problemGluingBeamHL_b48_r1_m8_lay8.pddl,True,244.39,315.45,1,0,
923,2026-07-06 17:21:03.511,FF,PickUpHL_tp5_fp37_r1,Plannerinputs/generated/problemPickUpHL_tp5_fp37_r1.pddl,True,251.85,358.50,9,0,
924,2026-07-06 17:21:03.884,FF,PickUpHL_tp6_fp45_r1,Plannerinputs/generated/problemPickUpHL_tp6_fp45_r1.pddl,True,249.20,367.86,9,0,
925,2026-07-06 17:21:04.267,FF,PickUpHL_tp7_fp53_r1,Plannerinputs/generated/problemPickUpHL_tp7_fp53_r1.pddl,True,251.54,381.37,9,0,
926,2026-07-06 17:21:04.706,FF,GluingBeamHL_b46_r1_m8_lay8,Plannerinputs/generated/problemGluingBeamHL_b46_r1_m8_lay8.pddl,True,248.86,371.41,1,0,
927,2026-07-06 17:21:05.479,FF,PickUpHL_tp5_fp37_r1,Plannerinputs/generated/problemPickUpHL_tp5_fp37_r1.pddl,True,241.76,376.09,9,0,
928,2026-07-06 17:21:05.897,FF,PickUpHL_tp6_fp45_r1,Plannerinputs/generated/problemPickUpHL_tp6_fp45_r1.pddl,True,247.96,366.51,9,0,
929,2026-07-06 17:21:06.294,FF,PickUpHL_tp7_fp53_r1,Plannerinputs/generated/problemPickUpHL_tp7_fp53_r1.pddl,True,282.41,394.63,9,0,
930,2026-07-06 17:21:06.735,FF,GluingBeamHL_b45_r1_m8_lay8,Plannerinputs/generated/problemGluingBeamHL_b45_r1_m8_lay8.pddl,True,251.96,331.21,1,0,
931,2026-07-06 17:21:07.514,FF,PickUpHL_tp5_fp37_r1,Plannerinputs/generated/problemPickUpHL_tp5_fp37_r1.pddl,True,245.78,365.29,9,0,
932,2026-07-06 17:21:07.933,FF,PickUpHL_tp6_fp45_r1,Plannerinputs/generated/problemPickUpHL_tp6_fp45_r1.pddl,True,246.00,391.56,9,0,
933,2026-07-06 17:21:08.357,FF,PickUpHL_tp7_fp53_r1,Plannerinputs/generated/problemPickUpHL_tp7_fp53_r1.pddl,True,248.42,370.87,9,0,
934,2026-07-06 17:21:08.753,FF,PickUpHL_tp8_fp61_r1,Plannerinputs/generated/problemPickUpHL_tp8_fp61_r1.pddl,True,247.08,358.32,8,0,
935,2026-07-06 17:21:11.114,FF,PickUpHL_tp5_fp37_r1,Plannerinputs/generated/problemPickUpHL_tp5_fp37_r1.pddl,True,253.62,362.02,3,0,
936,2026-07-06 17:21:11.525,FF,PickUpHL_tp6_fp45_r1,Plannerinputs/generated/problemPickUpHL_tp6_fp45_r1.pddl,True,246.26,337.30,3,0,
937,2026-07-06 17:21:11.894,FF,PickUpHL_tp7_fp53_r1,Plannerinputs/generated/problemPickUpHL_tp7_fp53_r1.pddl,True,243.35,323.06,3,0,
938,2026-07-06 17:21:12.258,FF,StackOnMultipleHL_tp8_r1_pr4_m8_lay8,Plannerinputs/generated/problemStackOnMultipleHL_tp8_r1_pr4_m8_lay8.pddl,True,238.06,327.06,2,0,
939,2026-07-06 17:21:13.232,FF,PickUpHL_tp5_fp37_r1,Plannerinputs/generated/problemPickUpHL_tp5_fp37_r1.pddl,True,254.11,328.71,2,0,
940,2026-07-06 17:21:13.629,FF,PickUpHL_tp6_fp45_r1,Plannerinputs/generated/problemPickUpHL_tp6_fp45_r1.pddl,True,247.79,324.53,2,0,
941,2026-07-06 17:21:14.015,FF,PickUpHL_tp7_fp53_r1,Plannerinputs/generated/problemPickUpHL_tp7_fp53_r1.pddl,True,251.95,334.49,2,0,
942,2026-07-06 17:21:14.420,FF,NailingHL_tp8_r1,Plannerinputs/generated/problemNailingHL_tp8_r1.pddl,True,243.40,367.45,8,0,
943,2026-07-06 17:21:15.437,FF,PickUpHL_tp6_fp45_r1,Plannerinputs/generated/problemPickUpHL_tp6_fp45_r1.pddl,True,244.02,328.39,3,0,
944,2026-07-06 17:21:15.829,FF,PickUpHL_tp7_fp53_r1,Plannerinputs/generated/problemPickUpHL_tp7_fp53_r1.pddl,True,248.30,399.98,3,0,
945,2026-07-06 17:21:16.251,FF,NailingHL_tp8_r1,Plannerinputs/generated/problemNailingHL_tp8_r1.pddl,True,244.16,373.13,11,0,
946,2026-07-06 17:21:16.819,FF,StackOnMultipleHL_tp5_r1_pr1_m5_lay5,Plannerinputs/generated/problemStackOnMultipleHL_tp5_r1_pr1_m5_lay5.pddl,True,249.55,331.79,2,0,
947,2026-07-06 17:21:17.660,FF,PickUpHL_tp6_fp45_r1,Plannerinputs/generated/problemPickUpHL_tp6_fp45_r1.pddl,True,242.93,325.47,2,0,
948,2026-07-06 17:21:18.032,FF,PickUpHL_tp7_fp53_r1,Plannerinputs/generated/problemPickUpHL_tp7_fp53_r1.pddl,True,241.08,328.72,2,0,
949,2026-07-06 17:21:18.394,FF,NailingHL_tp8_r1,Plannerinputs/generated/problemNailingHL_tp8_r1.pddl,True,244.29,368.64,8,0,
950,2026-07-06 17:21:18.902,FF,NailingHL_tp5_r1,Plannerinputs/generated/problemNailingHL_tp5_r1.pddl,True,248.02,383.74,8,0,
951,2026-07-06 17:21:19.802,FF,PickUpHL_tp7_fp53_r1,Plannerinputs/generated/problemPickUpHL_tp7_fp53_r1.pddl,True,290.65,370.56,3,0,
952,2026-07-06 17:21:20.225,FF,NailingHL_tp8_r1,Plannerinputs/generated/problemNailingHL_tp8_r1.pddl,True,279.45,411.14,11,0,
953,2026-07-06 17:21:20.759,FF,NailingHL_tp5_r1,Plannerinputs/generated/problemNailingHL_tp5_r1.pddl,True,258.42,378.05,11,0,
954,2026-07-06 17:21:21.180,FF,StackOnMultipleHL_tp6_r1_pr2_m6_lay6,Plannerinputs/generated/problemStackOnMultipleHL_tp6_r1_pr2_m6_lay6.pddl,True,247.10,319.30,2,0,
955,2026-07-06 17:21:21.992,FF,PickUpHL_tp7_fp53_r1,Plannerinputs/generated/problemPickUpHL_tp7_fp53_r1.pddl,True,250.59,341.74,2,0,
956,2026-07-06 17:21:22.370,FF,NailingHL_tp8_r1,Plannerinputs/generated/problemNailingHL_tp8_r1.pddl,True,247.71,366.39,8,0,
957,2026-07-06 17:21:22.880,FF,NailingHL_tp5_r1,Plannerinputs/generated/problemNailingHL_tp5_r1.pddl,True,251.29,379.88,8,0,
958,2026-07-06 17:21:23.318,FF,NailingHL_tp6_r1,Plannerinputs/generated/problemNailingHL_tp6_r1.pddl,True,247.60,380.97,8,0,
959,2026-07-06 17:21:24.166,FF,NailingHL_tp8_r1,Plannerinputs/generated/problemNailingHL_tp8_r1.pddl,True,254.08,360.49,11,0,
960,2026-07-06 17:21:24.709,FF,NailingHL_tp5_r1,Plannerinputs/generated/problemNailingHL_tp5_r1.pddl,True,248.48,375.45,11,0,
961,2026-07-06 17:21:25.135,FF,NailingHL_tp6_r1,Plannerinputs/generated/problemNailingHL_tp6_r1.pddl,True,264.78,381.75,11,0,
962,2026-07-06 17:21:25.572,FF,StackOnMultipleHL_tp7_r1_pr3_m7_lay7,Plannerinputs/generated/problemStackOnMultipleHL_tp7_r1_pr3_m7_lay7.pddl,True,244.45,314.82,2,0,
963,2026-07-06 17:21:26.409,FF,NailingHL_tp8_r1,Plannerinputs/generated/problemNailingHL_tp8_r1.pddl,True,244.68,359.94,8,0,
964,2026-07-06 17:21:26.920,FF,NailingHL_tp5_r1,Plannerinputs/generated/problemNailingHL_tp5_r1.pddl,True,249.24,377.52,8,0,
965,2026-07-06 17:21:27.354,FF,NailingHL_tp6_r1,Plannerinputs/generated/problemNailingHL_tp6_r1.pddl,True,249.98,358.35,8,0,
966,2026-07-06 17:21:27.744,FF,NailingHL_tp7_r1,Plannerinputs/generated/problemNailingHL_tp7_r1.pddl,True,247.93,353.32,8,0,
967,2026-07-06 17:21:29.991,FF,NailingHL_tp5_r1,Plannerinputs/generated/problemNailingHL_tp5_r1.pddl,True,286.12,390.90,2,0,
968,2026-07-06 17:21:30.428,FF,NailingHL_tp6_r1,Plannerinputs/generated/problemNailingHL_tp6_r1.pddl,True,284.17,375.85,2,0,
969,2026-07-06 17:21:30.843,FF,NailingHL_tp7_r1,Plannerinputs/generated/problemNailingHL_tp7_r1.pddl,True,256.16,339.40,2,0,
970,2026-07-06 17:21:31.253,FF,MoveCassetteToStackHL_tp8_lp8_pr4_sp8_r1_m8_lay8,Plannerinputs/generated/problemMoveCassetteToStackHL_tp8_lp8_pr4_sp8_r1_m8_lay8.pddl,True,249.04,376.62,10,0,
971,2026-07-06 17:21:32.218,FF,NailingHL_tp6_r1,Plannerinputs/generated/problemNailingHL_tp6_r1.pddl,True,280.00,370.03,2,0,
972,2026-07-06 17:21:32.645,FF,NailingHL_tp7_r1,Plannerinputs/generated/problemNailingHL_tp7_r1.pddl,True,247.99,315.74,2,0,
973,2026-07-06 17:21:32.984,FF,MoveCassetteToStackHL_tp8_lp8_pr4_sp8_r1_m8_lay8,Plannerinputs/generated/problemMoveCassetteToStackHL_tp8_lp8_pr4_sp8_r1_m8_lay8.pddl,True,255.99,387.25,10,0,
974,2026-07-06 17:21:33.538,FF,MoveCassetteToStackHL_tp5_lp5_pr1_sp5_r1_m5_lay5,Plannerinputs/generated/problemMoveCassetteToStackHL_tp5_lp5_pr1_sp5_r1_m5_lay5.pddl,True,251.83,360.25,10,0,
975,2026-07-06 17:21:34.377,FF,NailingHL_tp7_r1,Plannerinputs/generated/problemNailingHL_tp7_r1.pddl,True,241.36,332.72,2,0,
976,2026-07-06 17:21:34.767,FF,MoveCassetteToStackHL_tp8_lp8_pr4_sp8_r1_m8_lay8,Plannerinputs/generated/problemMoveCassetteToStackHL_tp8_lp8_pr4_sp8_r1_m8_lay8.pddl,True,257.29,363.37,10,0,
977,2026-07-06 17:21:35.252,FF,MoveCassetteToStackHL_tp5_lp5_pr1_sp5_r1_m5_lay5,Plannerinputs/generated/problemMoveCassetteToStackHL_tp5_lp5_pr1_sp5_r1_m5_lay5.pddl,True,247.04,411.24,10,0,
978,2026-07-06 17:21:35.722,FF,MoveCassetteToStackHL_tp6_lp6_pr2_sp6_r1_m6_lay6,Plannerinputs/generated/problemMoveCassetteToStackHL_tp6_lp6_pr2_sp6_r1_m6_lay6.pddl,True,250.40,369.72,10,0,
979,2026-07-06 17:21:36.590,FF,MoveCassetteToStackHL_tp8_lp8_pr4_sp8_r1_m8_lay8,Plannerinputs/generated/problemMoveCassetteToStackHL_tp8_lp8_pr4_sp8_r1_m8_lay8.pddl,True,255.61,384.27,10,0,
980,2026-07-06 17:21:37.113,FF,MoveCassetteToStackHL_tp5_lp5_pr1_sp5_r1_m5_lay5,Plannerinputs/generated/problemMoveCassetteToStackHL_tp5_lp5_pr1_sp5_r1_m5_lay5.pddl,True,254.08,400.86,10,0,
981,2026-07-06 17:21:37.543,FF,MoveCassetteToStackHL_tp6_lp6_pr2_sp6_r1_m6_lay6,Plannerinputs/generated/problemMoveCassetteToStackHL_tp6_lp6_pr2_sp6_r1_m6_lay6.pddl,True,251.15,372.20,10,0,
982,2026-07-06 17:21:37.966,FF,MoveCassetteToStackHL_tp7_lp7_pr3_sp7_r1_m7_lay7,Plannerinputs/generated/problemMoveCassetteToStackHL_tp7_lp7_pr3_sp7_r1_m7_lay7.pddl,True,258.64,397.12,10,0,
983,2026-07-06 17:21:40.771,FF,MoveCassetteToStackHL_tp5_lp5_pr1_sp5_r1_m5_lay5,Plannerinputs/generated/problemMoveCassetteToStackHL_tp5_lp5_pr1_sp5_r1_m5_lay5.pddl,True,250.23,351.79,4,0,
984,2026-07-06 17:21:41.139,FF,MoveCassetteToStackHL_tp6_lp6_pr2_sp6_r1_m6_lay6,Plannerinputs/generated/problemMoveCassetteToStackHL_tp6_lp6_pr2_sp6_r1_m6_lay6.pddl,True,246.57,334.67,4,0,
985,2026-07-06 17:21:41.521,FF,MoveCassetteToStackHL_tp7_lp7_pr3_sp7_r1_m7_lay7,Plannerinputs/generated/problemMoveCassetteToStackHL_tp7_lp7_pr3_sp7_r1_m7_lay7.pddl,True,250.36,345.16,4,0,
986,2026-07-06 17:21:42.992,FF,MoveCassetteToStackHL_tp6_lp6_pr2_sp6_r1_m6_lay6,Plannerinputs/generated/problemMoveCassetteToStackHL_tp6_lp6_pr2_sp6_r1_m6_lay6.pddl,True,284.46,390.93,4,0,
987,2026-07-06 17:21:43.444,FF,MoveCassetteToStackHL_tp7_lp7_pr3_sp7_r1_m7_lay7,Plannerinputs/generated/problemMoveCassetteToStackHL_tp7_lp7_pr3_sp7_r1_m7_lay7.pddl,True,253.13,375.32,4,0,
988,2026-07-06 17:21:44.942,FF,MoveCassetteToStackHL_tp7_lp7_pr3_sp7_r1_m7_lay7,Plannerinputs/generated/problemMoveCassetteToStackHL_tp7_lp7_pr3_sp7_r1_m7_lay7.pddl,True,287.96,404.07,4,0,
989,2026-07-06 17:21:46.668,ENHSP,cassette9,./Plannerinputs/static/problemC9.pddl,True,1549.97,1789.14,31,0,
990,2026-07-06 17:21:48.458,ENHSP,cassette10,./Plannerinputs/static/problemC10.pddl,True,1255.41,1473.07,31,0,
991,2026-07-06 17:21:49.932,ENHSP,cassette11,./Plannerinputs/static/problemC11.pddl,True,1309.39,1513.35,31,0,
992,2026-07-06 17:21:51.451,ENHSP,cassette12,./Plannerinputs/static/problemC12.pddl,True,1256.76,1493.70,31,0,
993,2026-07-06 17:21:53.142,FF,PickUpHL_lp9_fp65_r1,Plannerinputs/generated/problemPickUpHL_lp9_fp65_r1.pddl,True,278.57,375.26,2,0,
994,2026-07-06 17:21:53.572,FF,PickUpHL_lp10_fp73_r1,Plannerinputs/generated/problemPickUpHL_lp10_fp73_r1.pddl,True,273.00,344.80,2,0,
995,2026-07-06 17:21:53.955,FF,PickUpHL_lp11_fp81_r1,Plannerinputs/generated/problemPickUpHL_lp11_fp81_r1.pddl,True,273.10,343.74,2,0,
996,2026-07-06 17:21:54.349,FF,PickUpHL_lp12_fp89_r1,Plannerinputs/generated/problemPickUpHL_lp12_fp89_r1.pddl,True,268.61,367.85,2,0,
997,2026-07-06 17:21:55.415,FF,PickUpHL_lp10_fp73_r1,Plannerinputs/generated/problemPickUpHL_lp10_fp73_r1.pddl,True,273.89,353.17,3,0,
998,2026-07-06 17:21:55.823,FF,PickUpHL_lp11_fp81_r1,Plannerinputs/generated/problemPickUpHL_lp11_fp81_r1.pddl,True,282.61,381.96,3,0,
999,2026-07-06 17:21:56.255,FF,PickUpHL_lp12_fp89_r1,Plannerinputs/generated/problemPickUpHL_lp12_fp89_r1.pddl,True,274.89,381.85,3,0,
1000,2026-07-06 17:21:56.819,FF,PlaceHL_lp9_pr1_r1,Plannerinputs/generated/problemPlaceHL_lp9_pr1_r1.pddl,True,266.79,347.45,2,0,
1001,2026-07-06 17:21:57.635,FF,PickUpHL_lp10_fp73_r1,Plannerinputs/generated/problemPickUpHL_lp10_fp73_r1.pddl,True,273.82,346.66,2,0,
1002,2026-07-06 17:21:58.002,FF,PickUpHL_lp11_fp81_r1,Plannerinputs/generated/problemPickUpHL_lp11_fp81_r1.pddl,True,271.25,337.78,2,0,
1003,2026-07-06 17:21:58.379,FF,PickUpHL_lp12_fp89_r1,Plannerinputs/generated/problemPickUpHL_lp12_fp89_r1.pddl,True,265.42,359.87,2,0,
1004,2026-07-06 17:21:58.893,FF,GluingPlateHL_lp9_pr1_r1,Plannerinputs/generated/problemGluingPlateHL_lp9_pr1_r1.pddl,True,285.73,417.58,8,0,
1005,2026-07-06 17:21:59.870,FF,PickUpHL_lp11_fp81_r1,Plannerinputs/generated/problemPickUpHL_lp11_fp81_r1.pddl,True,307.39,404.41,3,0,
1006,2026-07-06 17:22:00.307,FF,PickUpHL_lp12_fp89_r1,Plannerinputs/generated/problemPickUpHL_lp12_fp89_r1.pddl,True,300.91,400.45,3,0,
1007,2026-07-06 17:22:00.904,FF,GluingPlateHL_lp9_pr1_r1,Plannerinputs/generated/problemGluingPlateHL_lp9_pr1_r1.pddl,True,319.66,484.35,11,0,
1008,2026-07-06 17:22:01.415,FF,PlaceHL_lp10_pr2_r1,Plannerinputs/generated/problemPlaceHL_lp10_pr2_r1.pddl,True,269.39,338.31,2,0,
1009,2026-07-06 17:22:02.053,FF,PickUpHL_lp11_fp81_r1,Plannerinputs/generated/problemPickUpHL_lp11_fp81_r1.pddl,True,282.42,341.84,2,0,
1010,2026-07-06 17:22:02.426,FF,PickUpHL_lp12_fp89_r1,Plannerinputs/generated/problemPickUpHL_lp12_fp89_r1.pddl,True,269.06,328.42,2,0,
1011,2026-07-06 17:22:02.889,FF,GluingPlateHL_lp9_pr1_r1,Plannerinputs/generated/problemGluingPlateHL_lp9_pr1_r1.pddl,True,283.03,339.46,8,0,
1012,2026-07-06 17:22:03.268,FF,GluingPlateHL_lp10_pr2_r1,Plannerinputs/generated/problemGluingPlateHL_lp10_pr2_r1.pddl,True,282.22,360.67,8,0,
1013,2026-07-06 17:22:03.962,FF,PickUpHL_lp12_fp89_r1,Plannerinputs/generated/problemPickUpHL_lp12_fp89_r1.pddl,True,288.31,354.00,3,0,
1014,2026-07-06 17:22:04.474,FF,GluingPlateHL_lp9_pr1_r1,Plannerinputs/generated/problemGluingPlateHL_lp9_pr1_r1.pddl,True,317.74,404.72,11,0,
1015,2026-07-06 17:22:04.914,FF,GluingPlateHL_lp10_pr2_r1,Plannerinputs/generated/problemGluingPlateHL_lp10_pr2_r1.pddl,True,335.19,415.78,11,0,
1016,2026-07-06 17:22:05.346,FF,PlaceHL_lp11_pr3_r1,Plannerinputs/generated/problemPlaceHL_lp11_pr3_r1.pddl,True,272.57,344.13,2,0,
1017,2026-07-06 17:22:06.003,FF,PickUpHL_lp12_fp89_r1,Plannerinputs/generated/problemPickUpHL_lp12_fp89_r1.pddl,True,282.03,336.73,2,0,
1018,2026-07-06 17:22:06.454,FF,GluingPlateHL_lp9_pr1_r1,Plannerinputs/generated/problemGluingPlateHL_lp9_pr1_r1.pddl,True,306.17,376.33,8,0,
1019,2026-07-06 17:22:06.855,FF,GluingPlateHL_lp10_pr2_r1,Plannerinputs/generated/problemGluingPlateHL_lp10_pr2_r1.pddl,True,277.27,347.19,8,0,
1020,2026-07-06 17:22:07.244,FF,GluingPlateHL_lp11_pr3_r1,Plannerinputs/generated/problemGluingPlateHL_lp11_pr3_r1.pddl,True,280.08,354.52,8,0,
1021,2026-07-06 17:22:08.033,FF,GluingPlateHL_lp9_pr1_r1,Plannerinputs/generated/problemGluingPlateHL_lp9_pr1_r1.pddl,True,322.67,400.37,11,0,
1022,2026-07-06 17:22:08.463,FF,GluingPlateHL_lp10_pr2_r1,Plannerinputs/generated/problemGluingPlateHL_lp10_pr2_r1.pddl,True,306.38,389.14,11,0,
1023,2026-07-06 17:22:08.859,FF,GluingPlateHL_lp11_pr3_r1,Plannerinputs/generated/problemGluingPlateHL_lp11_pr3_r1.pddl,True,306.70,406.84,11,0,
1024,2026-07-06 17:22:09.311,FF,PlaceHL_lp12_pr4_r1,Plannerinputs/generated/problemPlaceHL_lp12_pr4_r1.pddl,True,265.49,325.45,2,0,
1025,2026-07-06 17:22:10.064,FF,GluingPlateHL_lp9_pr1_r1,Plannerinputs/generated/problemGluingPlateHL_lp9_pr1_r1.pddl,True,288.14,364.42,8,0,
1026,2026-07-06 17:22:10.463,FF,GluingPlateHL_lp10_pr2_r1,Plannerinputs/generated/problemGluingPlateHL_lp10_pr2_r1.pddl,True,316.00,391.82,8,0,
1027,2026-07-06 17:22:10.883,FF,GluingPlateHL_lp11_pr3_r1,Plannerinputs/generated/problemGluingPlateHL_lp11_pr3_r1.pddl,True,329.32,402.61,8,0,
1028,2026-07-06 17:22:11.329,FF,GluingPlateHL_lp12_pr4_r1,Plannerinputs/generated/problemGluingPlateHL_lp12_pr4_r1.pddl,True,308.64,427.37,8,0,
1029,2026-07-06 17:22:13.050,FF,GluingPlateHL_lp10_pr2_r1,Plannerinputs/generated/problemGluingPlateHL_lp10_pr2_r1.pddl,True,277.45,333.90,2,0,
1030,2026-07-06 17:22:13.397,FF,GluingPlateHL_lp11_pr3_r1,Plannerinputs/generated/problemGluingPlateHL_lp11_pr3_r1.pddl,True,266.97,321.30,2,0,
1031,2026-07-06 17:22:13.730,FF,GluingPlateHL_lp12_pr4_r1,Plannerinputs/generated/problemGluingPlateHL_lp12_pr4_r1.pddl,True,268.88,330.82,2,0,
1032,2026-07-06 17:22:14.212,FF,PickUpHL_b49_fp66_r1,Plannerinputs/generated/problemPickUpHL_b49_fp66_r1.pddl,True,290.93,362.20,9,0,
1033,2026-07-06 17:22:14.909,FF,GluingPlateHL_lp11_pr3_r1,Plannerinputs/generated/problemGluingPlateHL_lp11_pr3_r1.pddl,True,270.70,332.43,2,0,
1034,2026-07-06 17:22:15.278,FF,GluingPlateHL_lp12_pr4_r1,Plannerinputs/generated/problemGluingPlateHL_lp12_pr4_r1.pddl,True,268.66,323.99,2,0,
1035,2026-07-06 17:22:15.735,FF,PickUpHL_b49_fp66_r1,Plannerinputs/generated/problemPickUpHL_b49_fp66_r1.pddl,True,282.60,359.42,9,0,
1036,2026-07-06 17:22:16.151,FF,PickUpHL_b55_fp74_r1,Plannerinputs/generated/problemPickUpHL_b55_fp74_r1.pddl,True,285.95,371.85,9,0,
1037,2026-07-06 17:22:16.856,FF,GluingPlateHL_lp12_pr4_r1,Plannerinputs/generated/problemGluingPlateHL_lp12_pr4_r1.pddl,True,268.02,334.71,2,0,
1038,2026-07-06 17:22:17.336,FF,PickUpHL_b49_fp66_r1,Plannerinputs/generated/problemPickUpHL_b49_fp66_r1.pddl,True,289.94,364.99,9,0,
1039,2026-07-06 17:22:17.746,FF,PickUpHL_b55_fp74_r1,Plannerinputs/generated/problemPickUpHL_b55_fp74_r1.pddl,True,282.00,366.61,9,0,
1040,2026-07-06 17:22:18.134,FF,PickUpHL_b61_fp82_r1,Plannerinputs/generated/problemPickUpHL_b61_fp82_r1.pddl,True,310.48,377.81,9,0,
1041,2026-07-06 17:22:18.944,FF,PickUpHL_b49_fp66_r1,Plannerinputs/generated/problemPickUpHL_b49_fp66_r1.pddl,True,316.83,391.09,9,0,
1042,2026-07-06 17:22:19.371,FF,PickUpHL_b55_fp74_r1,Plannerinputs/generated/problemPickUpHL_b55_fp74_r1.pddl,True,317.48,391.15,9,0,
1043,2026-07-06 17:22:19.791,FF,PickUpHL_b61_fp82_r1,Plannerinputs/generated/problemPickUpHL_b61_fp82_r1.pddl,True,327.88,407.84,9,0,
1044,2026-07-06 17:22:20.249,FF,PickUpHL_b67_fp90_r1,Plannerinputs/generated/problemPickUpHL_b67_fp90_r1.pddl,True,297.94,369.58,9,0,
1045,2026-07-06 17:22:22.049,FF,PickUpHL_b55_fp74_r1,Plannerinputs/generated/problemPickUpHL_b55_fp74_r1.pddl,True,264.01,330.76,3,0,
1046,2026-07-06 17:22:22.388,FF,PickUpHL_b61_fp82_r1,Plannerinputs/generated/problemPickUpHL_b61_fp82_r1.pddl,True,262.52,350.93,3,0,
1047,2026-07-06 17:22:22.775,FF,PickUpHL_b67_fp90_r1,Plannerinputs/generated/problemPickUpHL_b67_fp90_r1.pddl,True,267.80,339.06,3,0,
1048,2026-07-06 17:22:23.252,FF,StackHL_b49_lp9_r1_pr1_lay9_m9,Plannerinputs/generated/problemStackHL_b49_lp9_r1_pr1_lay9_m9.pddl,True,272.12,342.82,2,0,
1049,2026-07-06 17:22:23.894,FF,PickUpHL_b55_fp74_r1,Plannerinputs/generated/problemPickUpHL_b55_fp74_r1.pddl,True,280.26,339.77,2,0,
1050,2026-07-06 17:22:24.267,FF,PickUpHL_b61_fp82_r1,Plannerinputs/generated/problemPickUpHL_b61_fp82_r1.pddl,True,272.07,340.23,2,0,
1051,2026-07-06 17:22:24.647,FF,PickUpHL_b67_fp90_r1,Plannerinputs/generated/problemPickUpHL_b67_fp90_r1.pddl,True,266.67,323.98,2,0,
1052,2026-07-06 17:22:25.097,FF,PickUpHL_b50_fp67_r1,Plannerinputs/generated/problemPickUpHL_b50_fp67_r1.pddl,True,261.83,322.35,2,0,
1053,2026-07-06 17:22:25.748,FF,PickUpHL_b61_fp82_r1,Plannerinputs/generated/problemPickUpHL_b61_fp82_r1.pddl,True,267.27,329.48,3,0,
1054,2026-07-06 17:22:26.084,FF,PickUpHL_b67_fp90_r1,Plannerinputs/generated/problemPickUpHL_b67_fp90_r1.pddl,True,274.08,341.94,3,0,
1055,2026-07-06 17:22:26.540,FF,PickUpHL_b50_fp67_r1,Plannerinputs/generated/problemPickUpHL_b50_fp67_r1.pddl,True,272.83,336.89,3,0,
1056,2026-07-06 17:22:26.927,FF,StackHL_b55_lp10_r1_pr2_lay10_m10,Plannerinputs/generated/problemStackHL_b55_lp10_r1_pr2_lay10_m10.pddl,True,269.83,330.32,2,0,
1057,2026-07-06 17:22:27.548,FF,PickUpHL_b61_fp82_r1,Plannerinputs/generated/problemPickUpHL_b61_fp82_r1.pddl,True,261.68,323.91,2,0,
1058,2026-07-06 17:22:27.894,FF,PickUpHL_b67_fp90_r1,Plannerinputs/generated/problemPickUpHL_b67_fp90_r1.pddl,True,265.49,349.03,2,0,
1059,2026-07-06 17:22:28.362,FF,PickUpHL_b50_fp67_r1,Plannerinputs/generated/problemPickUpHL_b50_fp67_r1.pddl,True,264.17,323.06,2,0,
1060,2026-07-06 17:22:28.708,FF,PickUpHL_b56_fp75_r1,Plannerinputs/generated/problemPickUpHL_b56_fp75_r1.pddl,True,265.51,317.53,2,0,
1061,2026-07-06 17:22:29.327,FF,PickUpHL_b67_fp90_r1,Plannerinputs/generated/problemPickUpHL_b67_fp90_r1.pddl,True,285.64,349.92,3,0,
1062,2026-07-06 17:22:29.832,FF,PickUpHL_b50_fp67_r1,Plannerinputs/generated/problemPickUpHL_b50_fp67_r1.pddl,True,265.24,334.41,3,0,
1063,2026-07-06 17:22:30.200,FF,PickUpHL_b56_fp75_r1,Plannerinputs/generated/problemPickUpHL_b56_fp75_r1.pddl,True,270.05,339.54,3,0,
1064,2026-07-06 17:22:30.584,FF,StackHL_b61_lp11_r1_pr3_lay11_m11,Plannerinputs/generated/problemStackHL_b61_lp11_r1_pr3_lay11_m11.pddl,True,267.58,337.14,2,0,
1065,2026-07-06 17:22:31.232,FF,PickUpHL_b67_fp90_r1,Plannerinputs/generated/problemPickUpHL_b67_fp90_r1.pddl,True,268.23,353.70,2,0,
1066,2026-07-06 17:22:31.733,FF,PickUpHL_b50_fp67_r1,Plannerinputs/generated/problemPickUpHL_b50_fp67_r1.pddl,True,288.91,386.22,2,0,
1067,2026-07-06 17:22:32.154,FF,PickUpHL_b56_fp75_r1,Plannerinputs/generated/problemPickUpHL_b56_fp75_r1.pddl,True,268.92,328.22,2,0,
1068,2026-07-06 17:22:32.526,FF,PickUpHL_b62_fp83_r1,Plannerinputs/generated/problemPickUpHL_b62_fp83_r1.pddl,True,263.56,322.81,2,0,
1069,2026-07-06 17:22:33.265,FF,PickUpHL_b50_fp67_r1,Plannerinputs/generated/problemPickUpHL_b50_fp67_r1.pddl,True,275.21,338.15,3,0,
1070,2026-07-06 17:22:33.635,FF,PickUpHL_b56_fp75_r1,Plannerinputs/generated/problemPickUpHL_b56_fp75_r1.pddl,True,279.57,337.84,3,0,
1071,2026-07-06 17:22:34.011,FF,PickUpHL_b62_fp83_r1,Plannerinputs/generated/problemPickUpHL_b62_fp83_r1.pddl,True,276.18,354.35,3,0,
1072,2026-07-06 17:22:34.387,FF,StackHL_b67_lp12_r1_pr4_lay12_m12,Plannerinputs/generated/problemStackHL_b67_lp12_r1_pr4_lay12_m12.pddl,True,277.27,335.24,2,0,
1073,2026-07-06 17:22:35.162,FF,PickUpHL_b50_fp67_r1,Plannerinputs/generated/problemPickUpHL_b50_fp67_r1.pddl,True,273.14,331.06,2,0,
1074,2026-07-06 17:22:35.527,FF,PickUpHL_b56_fp75_r1,Plannerinputs/generated/problemPickUpHL_b56_fp75_r1.pddl,True,269.21,347.91,2,0,
1075,2026-07-06 17:22:35.891,FF,PickUpHL_b62_fp83_r1,Plannerinputs/generated/problemPickUpHL_b62_fp83_r1.pddl,True,266.48,325.84,2,0,
1076,2026-07-06 17:22:36.243,FF,PickUpHL_b68_fp91_r1,Plannerinputs/generated/problemPickUpHL_b68_fp91_r1.pddl,True,272.04,327.76,2,0,
1077,2026-07-06 17:22:36.987,FF,PickUpHL_b56_fp75_r1,Plannerinputs/generated/problemPickUpHL_b56_fp75_r1.pddl,True,266.04,340.24,3,0,
1078,2026-07-06 17:22:37.364,FF,PickUpHL_b62_fp83_r1,Plannerinputs/generated/problemPickUpHL_b62_fp83_r1.pddl,True,277.98,336.45,3,0,
1079,2026-07-06 17:22:37.735,FF,PickUpHL_b68_fp91_r1,Plannerinputs/generated/problemPickUpHL_b68_fp91_r1.pddl,True,265.95,352.23,3,0,
1080,2026-07-06 17:22:38.235,FF,StackHL_b50_lp9_r1_pr1_lay9_m9,Plannerinputs/generated/problemStackHL_b50_lp9_r1_pr1_lay9_m9.pddl,True,277.33,333.51,2,0,
1081,2026-07-06 17:22:38.897,FF,PickUpHL_b56_fp75_r1,Plannerinputs/generated/problemPickUpHL_b56_fp75_r1.pddl,True,264.99,330.06,2,0,
1082,2026-07-06 17:22:39.236,FF,PickUpHL_b62_fp83_r1,Plannerinputs/generated/problemPickUpHL_b62_fp83_r1.pddl,True,269.45,323.77,2,0,
1083,2026-07-06 17:22:39.567,FF,PickUpHL_b68_fp91_r1,Plannerinputs/generated/problemPickUpHL_b68_fp91_r1.pddl,True,264.87,324.43,2,0,
1084,2026-07-06 17:22:40.021,FF,PickUpHL_b54_fp72_r1,Plannerinputs/generated/problemPickUpHL_b54_fp72_r1.pddl,True,273.29,353.47,2,0,
1085,2026-07-06 17:22:40.681,FF,PickUpHL_b62_fp83_r1,Plannerinputs/generated/problemPickUpHL_b62_fp83_r1.pddl,True,276.31,372.05,3,0,
1086,2026-07-06 17:22:41.062,FF,PickUpHL_b68_fp91_r1,Plannerinputs/generated/problemPickUpHL_b68_fp91_r1.pddl,True,265.18,344.28,3,0,
1087,2026-07-06 17:22:41.550,FF,PickUpHL_b54_fp72_r1,Plannerinputs/generated/problemPickUpHL_b54_fp72_r1.pddl,True,267.55,341.80,3,0,
1088,2026-07-06 17:22:41.940,FF,StackHL_b56_lp10_r1_pr2_lay10_m10,Plannerinputs/generated/problemStackHL_b56_lp10_r1_pr2_lay10_m10.pddl,True,264.26,321.70,2,0,
1089,2026-07-06 17:22:42.617,FF,PickUpHL_b62_fp83_r1,Plannerinputs/generated/problemPickUpHL_b62_fp83_r1.pddl,True,265.40,332.08,2,0,
1090,2026-07-06 17:22:42.956,FF,PickUpHL_b68_fp91_r1,Plannerinputs/generated/problemPickUpHL_b68_fp91_r1.pddl,True,268.60,327.53,2,0,
1091,2026-07-06 17:22:43.405,FF,PickUpHL_b54_fp72_r1,Plannerinputs/generated/problemPickUpHL_b54_fp72_r1.pddl,True,267.28,329.57,2,0,
1092,2026-07-06 17:22:43.781,FF,PickUpHL_b60_fp80_r1,Plannerinputs/generated/problemPickUpHL_b60_fp80_r1.pddl,True,265.88,324.38,2,0,
1093,2026-07-06 17:22:44.436,FF,PickUpHL_b68_fp91_r1,Plannerinputs/generated/problemPickUpHL_b68_fp91_r1.pddl,True,298.92,362.22,3,0,
1094,2026-07-06 17:22:44.947,FF,PickUpHL_b54_fp72_r1,Plannerinputs/generated/problemPickUpHL_b54_fp72_r1.pddl,True,267.57,329.53,3,0,
1095,2026-07-06 17:22:45.311,FF,PickUpHL_b60_fp80_r1,Plannerinputs/generated/problemPickUpHL_b60_fp80_r1.pddl,True,270.08,341.27,3,0,
1096,2026-07-06 17:22:45.701,FF,StackHL_b62_lp11_r1_pr3_lay11_m11,Plannerinputs/generated/problemStackHL_b62_lp11_r1_pr3_lay11_m11.pddl,True,268.23,325.20,2,0,
1097,2026-07-06 17:22:46.321,FF,PickUpHL_b68_fp91_r1,Plannerinputs/generated/problemPickUpHL_b68_fp91_r1.pddl,True,264.33,331.14,2,0,
1098,2026-07-06 17:22:46.793,FF,PickUpHL_b54_fp72_r1,Plannerinputs/generated/problemPickUpHL_b54_fp72_r1.pddl,True,263.65,319.46,2,0,
1099,2026-07-06 17:22:47.120,FF,PickUpHL_b60_fp80_r1,Plannerinputs/generated/problemPickUpHL_b60_fp80_r1.pddl,True,271.26,343.50,2,0,
1100,2026-07-06 17:22:47.499,FF,PickUpHL_b66_fp88_r1,Plannerinputs/generated/problemPickUpHL_b66_fp88_r1.pddl,True,268.47,324.58,2,0,
1101,2026-07-06 17:22:48.255,FF,PickUpHL_b54_fp72_r1,Plannerinputs/generated/problemPickUpHL_b54_fp72_r1.pddl,True,271.17,334.41,3,0,
1102,2026-07-06 17:22:48.600,FF,PickUpHL_b60_fp80_r1,Plannerinputs/generated/problemPickUpHL_b60_fp80_r1.pddl,True,266.17,371.26,3,0,
1103,2026-07-06 17:22:49.005,FF,PickUpHL_b66_fp88_r1,Plannerinputs/generated/problemPickUpHL_b66_fp88_r1.pddl,True,266.59,326.05,3,0,
1104,2026-07-06 17:22:49.382,FF,StackHL_b68_lp12_r1_pr4_lay12_m12,Plannerinputs/generated/problemStackHL_b68_lp12_r1_pr4_lay12_m12.pddl,True,271.49,340.72,2,0,
1105,2026-07-06 17:22:50.179,FF,PickUpHL_b54_fp72_r1,Plannerinputs/generated/problemPickUpHL_b54_fp72_r1.pddl,True,295.84,354.33,2,0,
1106,2026-07-06 17:22:50.573,FF,PickUpHL_b60_fp80_r1,Plannerinputs/generated/problemPickUpHL_b60_fp80_r1.pddl,True,264.69,332.53,2,0,
1107,2026-07-06 17:22:50.940,FF,PickUpHL_b66_fp88_r1,Plannerinputs/generated/problemPickUpHL_b66_fp88_r1.pddl,True,274.05,329.25,2,0,
1108,2026-07-06 17:22:51.289,FF,PickUpHL_b72_fp96_r1,Plannerinputs/generated/problemPickUpHL_b72_fp96_r1.pddl,True,268.13,333.03,2,0,
1109,2026-07-06 17:22:52.071,FF,PickUpHL_b60_fp80_r1,Plannerinputs/generated/problemPickUpHL_b60_fp80_r1.pddl,True,270.85,332.64,3,0,
1110,2026-07-06 17:22:52.410,FF,PickUpHL_b66_fp88_r1,Plannerinputs/generated/problemPickUpHL_b66_fp88_r1.pddl,True,267.17,335.69,3,0,
1111,2026-07-06 17:22:52.766,FF,PickUpHL_b72_fp96_r1,Plannerinputs/generated/problemPickUpHL_b72_fp96_r1.pddl,True,264.97,324.01,3,0,
1112,2026-07-06 17:22:53.234,FF,StackHL_b54_lp9_r1_pr1_lay9_m9,Plannerinputs/generated/problemStackHL_b54_lp9_r1_pr1_lay9_m9.pddl,True,268.43,323.14,2,0,
1113,2026-07-06 17:22:53.845,FF,PickUpHL_b60_fp80_r1,Plannerinputs/generated/problemPickUpHL_b60_fp80_r1.pddl,True,268.32,331.70,2,0,
1114,2026-07-06 17:22:54.185,FF,PickUpHL_b66_fp88_r1,Plannerinputs/generated/problemPickUpHL_b66_fp88_r1.pddl,True,262.85,325.34,2,0,
1115,2026-07-06 17:22:54.544,FF,PickUpHL_b72_fp96_r1,Plannerinputs/generated/problemPickUpHL_b72_fp96_r1.pddl,True,267.69,328.87,2,0,
1116,2026-07-06 17:22:55.018,FF,PickUpHL_b52_fp70_r1,Plannerinputs/generated/problemPickUpHL_b52_fp70_r1.pddl,True,262.20,319.13,2,0,
1117,2026-07-06 17:22:55.665,FF,PickUpHL_b66_fp88_r1,Plannerinputs/generated/problemPickUpHL_b66_fp88_r1.pddl,True,268.86,332.64,3,0,
1118,2026-07-06 17:22:56.034,FF,PickUpHL_b72_fp96_r1,Plannerinputs/generated/problemPickUpHL_b72_fp96_r1.pddl,True,268.03,330.76,3,0,
1119,2026-07-06 17:22:56.484,FF,PickUpHL_b52_fp70_r1,Plannerinputs/generated/problemPickUpHL_b52_fp70_r1.pddl,True,272.24,335.70,3,0,
1120,2026-07-06 17:22:56.838,FF,StackHL_b60_lp10_r1_pr2_lay10_m10,Plannerinputs/generated/problemStackHL_b60_lp10_r1_pr2_lay10_m10.pddl,True,314.36,404.09,2,0,
1121,2026-07-06 17:22:57.540,FF,PickUpHL_b66_fp88_r1,Plannerinputs/generated/problemPickUpHL_b66_fp88_r1.pddl,True,266.40,324.34,2,0,
1122,2026-07-06 17:22:57.873,FF,PickUpHL_b72_fp96_r1,Plannerinputs/generated/problemPickUpHL_b72_fp96_r1.pddl,True,261.88,345.19,2,0,
1123,2026-07-06 17:22:58.341,FF,PickUpHL_b52_fp70_r1,Plannerinputs/generated/problemPickUpHL_b52_fp70_r1.pddl,True,267.27,332.09,2,0,
1124,2026-07-06 17:22:58.696,FF,PickUpHL_b58_fp78_r1,Plannerinputs/generated/problemPickUpHL_b58_fp78_r1.pddl,True,262.06,322.57,2,0,
1125,2026-07-06 17:22:59.355,FF,PickUpHL_b72_fp96_r1,Plannerinputs/generated/problemPickUpHL_b72_fp96_r1.pddl,True,269.35,335.69,3,0,
1126,2026-07-06 17:22:59.819,FF,PickUpHL_b52_fp70_r1,Plannerinputs/generated/problemPickUpHL_b52_fp70_r1.pddl,True,266.66,335.17,3,0,
1127,2026-07-06 17:23:00.194,FF,PickUpHL_b58_fp78_r1,Plannerinputs/generated/problemPickUpHL_b58_fp78_r1.pddl,True,272.35,334.23,3,0,
1128,2026-07-06 17:23:00.567,FF,StackHL_b66_lp11_r1_pr3_lay11_m11,Plannerinputs/generated/problemStackHL_b66_lp11_r1_pr3_lay11_m11.pddl,True,264.50,330.21,2,0,
1129,2026-07-06 17:23:01.194,FF,PickUpHL_b72_fp96_r1,Plannerinputs/generated/problemPickUpHL_b72_fp96_r1.pddl,True,264.77,352.21,2,0,
1130,2026-07-06 17:23:01.693,FF,PickUpHL_b52_fp70_r1,Plannerinputs/generated/problemPickUpHL_b52_fp70_r1.pddl,True,260.01,317.77,2,0,
1131,2026-07-06 17:23:02.042,FF,PickUpHL_b58_fp78_r1,Plannerinputs/generated/problemPickUpHL_b58_fp78_r1.pddl,True,263.35,320.33,2,0,
1132,2026-07-06 17:23:02.385,FF,PickUpHL_b64_fp86_r1,Plannerinputs/generated/problemPickUpHL_b64_fp86_r1.pddl,True,265.18,328.57,2,0,
1133,2026-07-06 17:23:03.158,FF,PickUpHL_b52_fp70_r1,Plannerinputs/generated/problemPickUpHL_b52_fp70_r1.pddl,True,271.01,337.20,3,0,
1134,2026-07-06 17:23:03.531,FF,PickUpHL_b58_fp78_r1,Plannerinputs/generated/problemPickUpHL_b58_fp78_r1.pddl,True,269.16,347.03,3,0,
1135,2026-07-06 17:23:03.912,FF,PickUpHL_b64_fp86_r1,Plannerinputs/generated/problemPickUpHL_b64_fp86_r1.pddl,True,277.40,331.63,3,0,
1136,2026-07-06 17:23:04.286,FF,StackHL_b72_lp12_r1_pr4_lay12_m12,Plannerinputs/generated/problemStackHL_b72_lp12_r1_pr4_lay12_m12.pddl,True,262.22,323.88,2,0,
1137,2026-07-06 17:23:05.033,FF,PickUpHL_b52_fp70_r1,Plannerinputs/generated/problemPickUpHL_b52_fp70_r1.pddl,True,268.31,338.16,2,0,
1138,2026-07-06 17:23:05.380,FF,PickUpHL_b58_fp78_r1,Plannerinputs/generated/problemPickUpHL_b58_fp78_r1.pddl,True,263.00,322.63,2,0,
1139,2026-07-06 17:23:05.710,FF,PickUpHL_b64_fp86_r1,Plannerinputs/generated/problemPickUpHL_b64_fp86_r1.pddl,True,265.32,325.28,2,0,
1140,2026-07-06 17:23:06.065,FF,PickUpHL_b70_fp94_r1,Plannerinputs/generated/problemPickUpHL_b70_fp94_r1.pddl,True,269.70,327.37,2,0,
1141,2026-07-06 17:23:06.817,FF,PickUpHL_b58_fp78_r1,Plannerinputs/generated/problemPickUpHL_b58_fp78_r1.pddl,True,269.35,341.23,3,0,
1142,2026-07-06 17:23:07.198,FF,PickUpHL_b64_fp86_r1,Plannerinputs/generated/problemPickUpHL_b64_fp86_r1.pddl,True,265.44,357.52,3,0,
1143,2026-07-06 17:23:07.590,FF,PickUpHL_b70_fp94_r1,Plannerinputs/generated/problemPickUpHL_b70_fp94_r1.pddl,True,304.07,367.17,3,0,
1144,2026-07-06 17:23:08.097,FF,StackHL_b52_lp9_r1_pr1_lay9_m9,Plannerinputs/generated/problemStackHL_b52_lp9_r1_pr1_lay9_m9.pddl,True,307.33,362.54,2,0,
1145,2026-07-06 17:23:08.774,FF,PickUpHL_b58_fp78_r1,Plannerinputs/generated/problemPickUpHL_b58_fp78_r1.pddl,True,266.40,331.36,2,0,
1146,2026-07-06 17:23:09.141,FF,PickUpHL_b64_fp86_r1,Plannerinputs/generated/problemPickUpHL_b64_fp86_r1.pddl,True,262.15,326.77,2,0,
1147,2026-07-06 17:23:09.500,FF,PickUpHL_b70_fp94_r1,Plannerinputs/generated/problemPickUpHL_b70_fp94_r1.pddl,True,300.35,362.18,2,0,
1148,2026-07-06 17:23:10.021,FF,PickUpHL_b51_fp68_r1,Plannerinputs/generated/problemPickUpHL_b51_fp68_r1.pddl,True,269.93,332.67,2,0,
1149,2026-07-06 17:23:10.648,FF,PickUpHL_b64_fp86_r1,Plannerinputs/generated/problemPickUpHL_b64_fp86_r1.pddl,True,266.06,329.84,3,0,
1150,2026-07-06 17:23:11.010,FF,PickUpHL_b70_fp94_r1,Plannerinputs/generated/problemPickUpHL_b70_fp94_r1.pddl,True,277.12,345.13,3,0,
1151,2026-07-06 17:23:11.480,FF,PickUpHL_b51_fp68_r1,Plannerinputs/generated/problemPickUpHL_b51_fp68_r1.pddl,True,268.90,343.02,3,0,
1152,2026-07-06 17:23:11.848,FF,StackHL_b58_lp10_r1_pr2_lay10_m10,Plannerinputs/generated/problemStackHL_b58_lp10_r1_pr2_lay10_m10.pddl,True,263.39,321.34,2,0,
1153,2026-07-06 17:23:12.485,FF,PickUpHL_b64_fp86_r1,Plannerinputs/generated/problemPickUpHL_b64_fp86_r1.pddl,True,265.63,330.84,2,0,
1154,2026-07-06 17:23:12.850,FF,PickUpHL_b70_fp94_r1,Plannerinputs/generated/problemPickUpHL_b70_fp94_r1.pddl,True,263.59,319.74,2,0,
1155,2026-07-06 17:23:13.314,FF,PickUpHL_b51_fp68_r1,Plannerinputs/generated/problemPickUpHL_b51_fp68_r1.pddl,True,270.40,331.94,2,0,
1156,2026-07-06 17:23:13.664,FF,PickUpHL_b57_fp76_r1,Plannerinputs/generated/problemPickUpHL_b57_fp76_r1.pddl,True,269.88,330.95,2,0,
1157,2026-07-06 17:23:14.292,FF,PickUpHL_b70_fp94_r1,Plannerinputs/generated/problemPickUpHL_b70_fp94_r1.pddl,True,268.46,338.83,3,0,
1158,2026-07-06 17:23:14.754,FF,PickUpHL_b51_fp68_r1,Plannerinputs/generated/problemPickUpHL_b51_fp68_r1.pddl,True,267.71,338.29,3,0,
1159,2026-07-06 17:23:15.127,FF,PickUpHL_b57_fp76_r1,Plannerinputs/generated/problemPickUpHL_b57_fp76_r1.pddl,True,270.35,324.28,3,0,
1160,2026-07-06 17:23:15.474,FF,StackHL_b64_lp11_r1_pr3_lay11_m11,Plannerinputs/generated/problemStackHL_b64_lp11_r1_pr3_lay11_m11.pddl,True,270.26,334.03,2,0,
1161,2026-07-06 17:23:16.128,FF,PickUpHL_b70_fp94_r1,Plannerinputs/generated/problemPickUpHL_b70_fp94_r1.pddl,True,262.21,320.02,2,0,
1162,2026-07-06 17:23:16.566,FF,PickUpHL_b51_fp68_r1,Plannerinputs/generated/problemPickUpHL_b51_fp68_r1.pddl,True,274.80,346.05,2,0,
1163,2026-07-06 17:23:16.921,FF,PickUpHL_b57_fp76_r1,Plannerinputs/generated/problemPickUpHL_b57_fp76_r1.pddl,True,267.00,338.35,2,0,
1164,2026-07-06 17:23:17.307,FF,PickUpHL_b63_fp84_r1,Plannerinputs/generated/problemPickUpHL_b63_fp84_r1.pddl,True,264.05,326.40,2,0,
1165,2026-07-06 17:23:18.038,FF,PickUpHL_b51_fp68_r1,Plannerinputs/generated/problemPickUpHL_b51_fp68_r1.pddl,True,272.70,338.97,3,0,
1166,2026-07-06 17:23:18.412,FF,PickUpHL_b57_fp76_r1,Plannerinputs/generated/problemPickUpHL_b57_fp76_r1.pddl,True,267.74,335.94,3,0,
1167,2026-07-06 17:23:18.784,FF,PickUpHL_b63_fp84_r1,Plannerinputs/generated/problemPickUpHL_b63_fp84_r1.pddl,True,270.81,338.56,3,0,
1168,2026-07-06 17:23:19.167,FF,StackHL_b70_lp12_r1_pr4_lay12_m12,Plannerinputs/generated/problemStackHL_b70_lp12_r1_pr4_lay12_m12.pddl,True,264.57,325.91,2,0,
1169,2026-07-06 17:23:19.926,FF,PickUpHL_b51_fp68_r1,Plannerinputs/generated/problemPickUpHL_b51_fp68_r1.pddl,True,267.78,320.50,2,0,
1170,2026-07-06 17:23:20.285,FF,PickUpHL_b57_fp76_r1,Plannerinputs/generated/problemPickUpHL_b57_fp76_r1.pddl,True,266.52,320.95,2,0,
1171,2026-07-06 17:23:20.638,FF,PickUpHL_b63_fp84_r1,Plannerinputs/generated/problemPickUpHL_b63_fp84_r1.pddl,True,273.15,339.50,2,0,
1172,2026-07-06 17:23:20.998,FF,PickUpHL_b69_fp92_r1,Plannerinputs/generated/problemPickUpHL_b69_fp92_r1.pddl,True,270.33,329.90,2,0,
1173,2026-07-06 17:23:21.772,FF,PickUpHL_b57_fp76_r1,Plannerinputs/generated/problemPickUpHL_b57_fp76_r1.pddl,True,265.98,324.53,3,0,
1174,2026-07-06 17:23:22.131,FF,PickUpHL_b63_fp84_r1,Plannerinputs/generated/problemPickUpHL_b63_fp84_r1.pddl,True,275.83,361.97,3,0,
1175,2026-07-06 17:23:22.500,FF,PickUpHL_b69_fp92_r1,Plannerinputs/generated/problemPickUpHL_b69_fp92_r1.pddl,True,292.09,363.04,3,0,
1176,2026-07-06 17:23:23.013,FF,StackHL_b51_lp9_r1_pr1_lay9_m9,Plannerinputs/generated/problemStackHL_b51_lp9_r1_pr1_lay9_m9.pddl,True,279.73,345.91,2,0,
1177,2026-07-06 17:23:23.653,FF,PickUpHL_b57_fp76_r1,Plannerinputs/generated/problemPickUpHL_b57_fp76_r1.pddl,True,266.51,326.34,2,0,
1178,2026-07-06 17:23:24.010,FF,PickUpHL_b63_fp84_r1,Plannerinputs/generated/problemPickUpHL_b63_fp84_r1.pddl,True,263.39,318.52,2,0,
1179,2026-07-06 17:23:24.336,FF,PickUpHL_b69_fp92_r1,Plannerinputs/generated/problemPickUpHL_b69_fp92_r1.pddl,True,271.07,344.86,2,0,
1180,2026-07-06 17:23:24.837,FF,PickUpHL_b53_fp71_r1,Plannerinputs/generated/problemPickUpHL_b53_fp71_r1.pddl,True,266.46,325.66,2,0,
1181,2026-07-06 17:23:25.506,FF,PickUpHL_b63_fp84_r1,Plannerinputs/generated/problemPickUpHL_b63_fp84_r1.pddl,True,275.64,349.98,3,0,
1182,2026-07-06 17:23:25.866,FF,PickUpHL_b69_fp92_r1,Plannerinputs/generated/problemPickUpHL_b69_fp92_r1.pddl,True,262.75,357.58,3,0,
1183,2026-07-06 17:23:26.378,FF,PickUpHL_b53_fp71_r1,Plannerinputs/generated/problemPickUpHL_b53_fp71_r1.pddl,True,266.95,341.32,3,0,
1184,2026-07-06 17:23:26.737,FF,StackHL_b57_lp10_r1_pr2_lay10_m10,Plannerinputs/generated/problemStackHL_b57_lp10_r1_pr2_lay10_m10.pddl,True,267.93,322.80,2,0,
1185,2026-07-06 17:23:27.384,FF,PickUpHL_b63_fp84_r1,Plannerinputs/generated/problemPickUpHL_b63_fp84_r1.pddl,True,276.11,347.47,2,0,
1186,2026-07-06 17:23:27.774,FF,PickUpHL_b69_fp92_r1,Plannerinputs/generated/problemPickUpHL_b69_fp92_r1.pddl,True,269.48,321.88,2,0,
1187,2026-07-06 17:23:28.228,FF,PickUpHL_b53_fp71_r1,Plannerinputs/generated/problemPickUpHL_b53_fp71_r1.pddl,True,258.80,317.45,2,0,
1188,2026-07-06 17:23:28.594,FF,PickUpHL_b59_fp79_r1,Plannerinputs/generated/problemPickUpHL_b59_fp79_r1.pddl,True,267.36,336.01,2,0,
1189,2026-07-06 17:23:29.248,FF,PickUpHL_b69_fp92_r1,Plannerinputs/generated/problemPickUpHL_b69_fp92_r1.pddl,True,261.79,319.20,3,0,
1190,2026-07-06 17:23:29.706,FF,PickUpHL_b53_fp71_r1,Plannerinputs/generated/problemPickUpHL_b53_fp71_r1.pddl,True,268.80,335.34,3,0,
1191,2026-07-06 17:23:30.048,FF,PickUpHL_b59_fp79_r1,Plannerinputs/generated/problemPickUpHL_b59_fp79_r1.pddl,True,267.00,329.83,3,0,
1192,2026-07-06 17:23:30.395,FF,StackHL_b63_lp11_r1_pr3_lay11_m11,Plannerinputs/generated/problemStackHL_b63_lp11_r1_pr3_lay11_m11.pddl,True,277.01,342.26,2,0,
1193,2026-07-06 17:23:31.076,FF,PickUpHL_b69_fp92_r1,Plannerinputs/generated/problemPickUpHL_b69_fp92_r1.pddl,True,275.96,338.20,2,0,
1194,2026-07-06 17:23:31.529,FF,PickUpHL_b53_fp71_r1,Plannerinputs/generated/problemPickUpHL_b53_fp71_r1.pddl,True,267.24,325.82,2,0,
1195,2026-07-06 17:23:31.889,FF,PickUpHL_b59_fp79_r1,Plannerinputs/generated/problemPickUpHL_b59_fp79_r1.pddl,True,263.97,331.56,2,0,
1196,2026-07-06 17:23:32.267,FF,PickUpHL_b65_fp87_r1,Plannerinputs/generated/problemPickUpHL_b65_fp87_r1.pddl,True,260.48,338.03,2,0,
1197,2026-07-06 17:23:33.021,FF,PickUpHL_b53_fp71_r1,Plannerinputs/generated/problemPickUpHL_b53_fp71_r1.pddl,True,269.06,328.04,3,0,
1198,2026-07-06 17:23:33.356,FF,PickUpHL_b59_fp79_r1,Plannerinputs/generated/problemPickUpHL_b59_fp79_r1.pddl,True,273.96,356.57,3,0,
1199,2026-07-06 17:23:33.741,FF,PickUpHL_b65_fp87_r1,Plannerinputs/generated/problemPickUpHL_b65_fp87_r1.pddl,True,276.29,341.86,3,0,
1200,2026-07-06 17:23:34.128,FF,StackHL_b69_lp12_r1_pr4_lay12_m12,Plannerinputs/generated/problemStackHL_b69_lp12_r1_pr4_lay12_m12.pddl,True,270.22,337.98,2,0,
1201,2026-07-06 17:23:34.891,FF,PickUpHL_b53_fp71_r1,Plannerinputs/generated/problemPickUpHL_b53_fp71_r1.pddl,True,269.12,336.16,2,0,
1202,2026-07-06 17:23:35.262,FF,PickUpHL_b59_fp79_r1,Plannerinputs/generated/problemPickUpHL_b59_fp79_r1.pddl,True,267.17,324.52,2,0,
1203,2026-07-06 17:23:35.594,FF,PickUpHL_b65_fp87_r1,Plannerinputs/generated/problemPickUpHL_b65_fp87_r1.pddl,True,272.39,333.00,2,0,
1204,2026-07-06 17:23:35.972,FF,PickUpHL_b71_fp95_r1,Plannerinputs/generated/problemPickUpHL_b71_fp95_r1.pddl,True,286.53,350.08,2,0,
1205,2026-07-06 17:23:36.792,FF,PickUpHL_b59_fp79_r1,Plannerinputs/generated/problemPickUpHL_b59_fp79_r1.pddl,True,262.77,331.06,3,0,
1206,2026-07-06 17:23:37.131,FF,PickUpHL_b65_fp87_r1,Plannerinputs/generated/problemPickUpHL_b65_fp87_r1.pddl,True,261.65,322.53,3,0,
1207,2026-07-06 17:23:37.490,FF,PickUpHL_b71_fp95_r1,Plannerinputs/generated/problemPickUpHL_b71_fp95_r1.pddl,True,275.70,336.50,3,0,
1208,2026-07-06 17:23:37.984,FF,StackHL_b53_lp9_r1_pr1_lay9_m9,Plannerinputs/generated/problemStackHL_b53_lp9_r1_pr1_lay9_m9.pddl,True,260.58,322.08,2,0,
1209,2026-07-06 17:23:38.620,FF,PickUpHL_b59_fp79_r1,Plannerinputs/generated/problemPickUpHL_b59_fp79_r1.pddl,True,269.84,325.73,2,0,
1210,2026-07-06 17:23:38.967,FF,PickUpHL_b65_fp87_r1,Plannerinputs/generated/problemPickUpHL_b65_fp87_r1.pddl,True,262.30,324.49,2,0,
1211,2026-07-06 17:23:39.298,FF,PickUpHL_b71_fp95_r1,Plannerinputs/generated/problemPickUpHL_b71_fp95_r1.pddl,True,262.74,327.40,2,0,
1212,2026-07-06 17:23:39.775,FF,NailingBeamHL_b50_r1_m9_lay9,Plannerinputs/generated/problemNailingBeamHL_b50_r1_m9_lay9.pddl,True,278.58,352.14,8,0,
1213,2026-07-06 17:23:40.427,FF,PickUpHL_b65_fp87_r1,Plannerinputs/generated/problemPickUpHL_b65_fp87_r1.pddl,True,274.65,339.80,3,0,
1214,2026-07-06 17:23:40.800,FF,PickUpHL_b71_fp95_r1,Plannerinputs/generated/problemPickUpHL_b71_fp95_r1.pddl,True,281.34,345.64,3,0,
1215,2026-07-06 17:23:41.291,FF,NailingBeamHL_b50_r1_m9_lay9,Plannerinputs/generated/problemNailingBeamHL_b50_r1_m9_lay9.pddl,True,293.03,372.78,11,0,
1216,2026-07-06 17:23:41.681,FF,StackHL_b59_lp10_r1_pr2_lay10_m10,Plannerinputs/generated/problemStackHL_b59_lp10_r1_pr2_lay10_m10.pddl,True,273.45,332.56,2,0,
1217,2026-07-06 17:23:42.306,FF,PickUpHL_b65_fp87_r1,Plannerinputs/generated/problemPickUpHL_b65_fp87_r1.pddl,True,268.79,329.89,2,0,
1218,2026-07-06 17:23:42.668,FF,PickUpHL_b71_fp95_r1,Plannerinputs/generated/problemPickUpHL_b71_fp95_r1.pddl,True,268.63,368.21,2,0,
1219,2026-07-06 17:23:43.188,FF,NailingBeamHL_b50_r1_m9_lay9,Plannerinputs/generated/problemNailingBeamHL_b50_r1_m9_lay9.pddl,True,279.89,358.70,8,0,
1220,2026-07-06 17:23:43.592,FF,NailingBeamHL_b56_r1_m10_lay10,Plannerinputs/generated/problemNailingBeamHL_b56_r1_m10_lay10.pddl,True,277.36,361.84,8,0,
1221,2026-07-06 17:23:44.291,FF,PickUpHL_b71_fp95_r1,Plannerinputs/generated/problemPickUpHL_b71_fp95_r1.pddl,True,279.04,343.59,3,0,
1222,2026-07-06 17:23:44.777,FF,NailingBeamHL_b50_r1_m9_lay9,Plannerinputs/generated/problemNailingBeamHL_b50_r1_m9_lay9.pddl,True,285.06,364.82,11,0,
1223,2026-07-06 17:23:45.148,FF,NailingBeamHL_b56_r1_m10_lay10,Plannerinputs/generated/problemNailingBeamHL_b56_r1_m10_lay10.pddl,True,286.52,373.07,11,0,
1224,2026-07-06 17:23:45.537,FF,StackHL_b65_lp11_r1_pr3_lay11_m11,Plannerinputs/generated/problemStackHL_b65_lp11_r1_pr3_lay11_m11.pddl,True,273.63,344.09,2,0,
1225,2026-07-06 17:23:46.177,FF,PickUpHL_b71_fp95_r1,Plannerinputs/generated/problemPickUpHL_b71_fp95_r1.pddl,True,266.35,341.43,2,0,
1226,2026-07-06 17:23:46.642,FF,NailingBeamHL_b50_r1_m9_lay9,Plannerinputs/generated/problemNailingBeamHL_b50_r1_m9_lay9.pddl,True,280.11,351.93,8,0,
1227,2026-07-06 17:23:47.001,FF,NailingBeamHL_b56_r1_m10_lay10,Plannerinputs/generated/problemNailingBeamHL_b56_r1_m10_lay10.pddl,True,280.02,350.83,8,0,
1228,2026-07-06 17:23:47.375,FF,NailingBeamHL_b62_r1_m11_lay11,Plannerinputs/generated/problemNailingBeamHL_b62_r1_m11_lay11.pddl,True,281.26,365.79,8,0,
1229,2026-07-06 17:23:48.195,FF,NailingBeamHL_b50_r1_m9_lay9,Plannerinputs/generated/problemNailingBeamHL_b50_r1_m9_lay9.pddl,True,285.27,383.05,11,0,
1230,2026-07-06 17:23:48.586,FF,NailingBeamHL_b56_r1_m10_lay10,Plannerinputs/generated/problemNailingBeamHL_b56_r1_m10_lay10.pddl,True,288.39,376.81,11,0,
1231,2026-07-06 17:23:48.995,FF,NailingBeamHL_b62_r1_m11_lay11,Plannerinputs/generated/problemNailingBeamHL_b62_r1_m11_lay11.pddl,True,282.06,364.95,11,0,
1232,2026-07-06 17:23:49.408,FF,StackHL_b71_lp12_r1_pr4_lay12_m12,Plannerinputs/generated/problemStackHL_b71_lp12_r1_pr4_lay12_m12.pddl,True,270.22,330.22,2,0,
1233,2026-07-06 17:23:50.161,FF,NailingBeamHL_b50_r1_m9_lay9,Plannerinputs/generated/problemNailingBeamHL_b50_r1_m9_lay9.pddl,True,313.51,387.66,8,0,
1234,2026-07-06 17:23:50.582,FF,NailingBeamHL_b56_r1_m10_lay10,Plannerinputs/generated/problemNailingBeamHL_b56_r1_m10_lay10.pddl,True,314.17,409.74,8,0,
1235,2026-07-06 17:23:50.999,FF,NailingBeamHL_b62_r1_m11_lay11,Plannerinputs/generated/problemNailingBeamHL_b62_r1_m11_lay11.pddl,True,282.96,353.07,8,0,
1236,2026-07-06 17:23:51.367,FF,NailingBeamHL_b68_r1_m12_lay12,Plannerinputs/generated/problemNailingBeamHL_b68_r1_m12_lay12.pddl,True,271.75,345.26,8,0,
1237,2026-07-06 17:23:52.997,FF,NailingBeamHL_b56_r1_m10_lay10,Plannerinputs/generated/problemNailingBeamHL_b56_r1_m10_lay10.pddl,True,263.86,329.95,2,0,
1238,2026-07-06 17:23:53.335,FF,NailingBeamHL_b62_r1_m11_lay11,Plannerinputs/generated/problemNailingBeamHL_b62_r1_m11_lay11.pddl,True,263.20,317.41,2,0,
1239,2026-07-06 17:23:53.659,FF,NailingBeamHL_b68_r1_m12_lay12,Plannerinputs/generated/problemNailingBeamHL_b68_r1_m12_lay12.pddl,True,272.07,358.09,2,0,
1240,2026-07-06 17:23:54.150,FF,NailingBeamHL_b52_r1_m9_lay9,Plannerinputs/generated/problemNailingBeamHL_b52_r1_m9_lay9.pddl,True,296.49,362.07,1,0,
1241,2026-07-06 17:23:54.703,FF,NailingBeamHL_b56_r1_m10_lay10,Plannerinputs/generated/problemNailingBeamHL_b56_r1_m10_lay10.pddl,True,268.40,326.83,2,0,
1242,2026-07-06 17:23:55.039,FF,NailingBeamHL_b62_r1_m11_lay11,Plannerinputs/generated/problemNailingBeamHL_b62_r1_m11_lay11.pddl,True,259.20,318.62,2,0,
1243,2026-07-06 17:23:55.366,FF,NailingBeamHL_b68_r1_m12_lay12,Plannerinputs/generated/problemNailingBeamHL_b68_r1_m12_lay12.pddl,True,266.08,329.34,2,0,
1244,2026-07-06 17:23:55.859,FF,NailingBeamHL_b51_r1_m9_lay9,Plannerinputs/generated/problemNailingBeamHL_b51_r1_m9_lay9.pddl,True,272.08,330.75,1,0,
1245,2026-07-06 17:23:56.349,FF,NailingBeamHL_b56_r1_m10_lay10,Plannerinputs/generated/problemNailingBeamHL_b56_r1_m10_lay10.pddl,True,260.81,319.79,2,0,
1246,2026-07-06 17:23:56.706,FF,NailingBeamHL_b62_r1_m11_lay11,Plannerinputs/generated/problemNailingBeamHL_b62_r1_m11_lay11.pddl,True,267.24,320.01,2,0,
1247,2026-07-06 17:23:57.058,FF,NailingBeamHL_b68_r1_m12_lay12,Plannerinputs/generated/problemNailingBeamHL_b68_r1_m12_lay12.pddl,True,263.75,322.64,2,0,
1248,2026-07-06 17:23:57.512,FF,NailingBeamHL_b53_r1_m9_lay9,Plannerinputs/generated/problemNailingBeamHL_b53_r1_m9_lay9.pddl,True,261.67,337.97,1,0,
1249,2026-07-06 17:23:58.022,FF,NailingBeamHL_b56_r1_m10_lay10,Plannerinputs/generated/problemNailingBeamHL_b56_r1_m10_lay10.pddl,True,265.77,328.20,2,0,
1250,2026-07-06 17:23:58.382,FF,NailingBeamHL_b62_r1_m11_lay11,Plannerinputs/generated/problemNailingBeamHL_b62_r1_m11_lay11.pddl,True,267.14,323.78,2,0,
1251,2026-07-06 17:23:58.746,FF,NailingBeamHL_b68_r1_m12_lay12,Plannerinputs/generated/problemNailingBeamHL_b68_r1_m12_lay12.pddl,True,263.71,324.80,2,0,
1252,2026-07-06 17:23:59.218,FF,NailingBeamHL_b49_r1_m9_lay9,Plannerinputs/generated/problemNailingBeamHL_b49_r1_m9_lay9.pddl,True,258.70,310.06,1,0,
1253,2026-07-06 17:23:59.718,FF,NailingBeamHL_b56_r1_m10_lay10,Plannerinputs/generated/problemNailingBeamHL_b56_r1_m10_lay10.pddl,True,270.47,330.62,2,0,
1254,2026-07-06 17:24:00.080,FF,NailingBeamHL_b62_r1_m11_lay11,Plannerinputs/generated/problemNailingBeamHL_b62_r1_m11_lay11.pddl,True,258.08,318.90,2,0,
1255,2026-07-06 17:24:00.406,FF,NailingBeamHL_b68_r1_m12_lay12,Plannerinputs/generated/problemNailingBeamHL_b68_r1_m12_lay12.pddl,True,263.01,331.46,2,0,
1256,2026-07-06 17:24:00.886,FF,NailingBeamHL_b54_r1_m9_lay9,Plannerinputs/generated/problemNailingBeamHL_b54_r1_m9_lay9.pddl,True,258.73,313.08,1,0,
1257,2026-07-06 17:24:01.384,FF,NailingBeamHL_b56_r1_m10_lay10,Plannerinputs/generated/problemNailingBeamHL_b56_r1_m10_lay10.pddl,True,261.42,320.44,2,0,
1258,2026-07-06 17:24:01.712,FF,NailingBeamHL_b62_r1_m11_lay11,Plannerinputs/generated/problemNailingBeamHL_b62_r1_m11_lay11.pddl,True,263.89,318.46,2,0,
1259,2026-07-06 17:24:02.038,FF,NailingBeamHL_b68_r1_m12_lay12,Plannerinputs/generated/problemNailingBeamHL_b68_r1_m12_lay12.pddl,True,258.46,318.55,2,0,
1260,2026-07-06 17:24:02.505,FF,GluingBeamHL_b49_r1_m9_lay9,Plannerinputs/generated/problemGluingBeamHL_b49_r1_m9_lay9.pddl,True,258.35,337.53,8,0,
1261,2026-07-06 17:24:03.175,FF,NailingBeamHL_b62_r1_m11_lay11,Plannerinputs/generated/problemNailingBeamHL_b62_r1_m11_lay11.pddl,True,266.94,331.63,2,0,
1262,2026-07-06 17:24:03.537,FF,NailingBeamHL_b68_r1_m12_lay12,Plannerinputs/generated/problemNailingBeamHL_b68_r1_m12_lay12.pddl,True,264.09,322.32,2,0,
1263,2026-07-06 17:24:04.006,FF,GluingBeamHL_b49_r1_m9_lay9,Plannerinputs/generated/problemGluingBeamHL_b49_r1_m9_lay9.pddl,True,304.15,382.20,8,0,
1264,2026-07-06 17:24:04.404,FF,NailingBeamHL_b58_r1_m10_lay10,Plannerinputs/generated/problemNailingBeamHL_b58_r1_m10_lay10.pddl,True,254.46,316.01,1,0,
1265,2026-07-06 17:24:04.894,FF,NailingBeamHL_b62_r1_m11_lay11,Plannerinputs/generated/problemNailingBeamHL_b62_r1_m11_lay11.pddl,True,252.85,316.98,2,0,
1266,2026-07-06 17:24:05.244,FF,NailingBeamHL_b68_r1_m12_lay12,Plannerinputs/generated/problemNailingBeamHL_b68_r1_m12_lay12.pddl,True,252.82,314.46,2,0,
1267,2026-07-06 17:24:05.715,FF,GluingBeamHL_b49_r1_m9_lay9,Plannerinputs/generated/problemGluingBeamHL_b49_r1_m9_lay9.pddl,True,268.42,346.53,8,0,
1268,2026-07-06 17:24:06.105,FF,NailingBeamHL_b57_r1_m10_lay10,Plannerinputs/generated/problemNailingBeamHL_b57_r1_m10_lay10.pddl,True,257.86,315.41,1,0,
1269,2026-07-06 17:24:06.573,FF,NailingBeamHL_b62_r1_m11_lay11,Plannerinputs/generated/problemNailingBeamHL_b62_r1_m11_lay11.pddl,True,259.18,318.79,2,0,
1270,2026-07-06 17:24:06.900,FF,NailingBeamHL_b68_r1_m12_lay12,Plannerinputs/generated/problemNailingBeamHL_b68_r1_m12_lay12.pddl,True,263.77,325.39,2,0,
1271,2026-07-06 17:24:07.345,FF,GluingBeamHL_b49_r1_m9_lay9,Plannerinputs/generated/problemGluingBeamHL_b49_r1_m9_lay9.pddl,True,258.53,365.55,8,0,
1272,2026-07-06 17:24:07.726,FF,NailingBeamHL_b59_r1_m10_lay10,Plannerinputs/generated/problemNailingBeamHL_b59_r1_m10_lay10.pddl,True,261.73,319.11,1,0,
1273,2026-07-06 17:24:08.226,FF,NailingBeamHL_b62_r1_m11_lay11,Plannerinputs/generated/problemNailingBeamHL_b62_r1_m11_lay11.pddl,True,258.81,316.47,2,0,
1274,2026-07-06 17:24:08.550,FF,NailingBeamHL_b68_r1_m12_lay12,Plannerinputs/generated/problemNailingBeamHL_b68_r1_m12_lay12.pddl,True,250.27,311.98,2,0,
1275,2026-07-06 17:24:08.980,FF,GluingBeamHL_b49_r1_m9_lay9,Plannerinputs/generated/problemGluingBeamHL_b49_r1_m9_lay9.pddl,True,262.96,337.60,8,0,
1276,2026-07-06 17:24:09.335,FF,NailingBeamHL_b55_r1_m10_lay10,Plannerinputs/generated/problemNailingBeamHL_b55_r1_m10_lay10.pddl,True,255.36,326.83,1,0,
1277,2026-07-06 17:24:09.845,FF,NailingBeamHL_b62_r1_m11_lay11,Plannerinputs/generated/problemNailingBeamHL_b62_r1_m11_lay11.pddl,True,258.30,318.99,2,0,
1278,2026-07-06 17:24:10.200,FF,NailingBeamHL_b68_r1_m12_lay12,Plannerinputs/generated/problemNailingBeamHL_b68_r1_m12_lay12.pddl,True,263.66,313.81,2,0,
1279,2026-07-06 17:24:10.636,FF,GluingBeamHL_b49_r1_m9_lay9,Plannerinputs/generated/problemGluingBeamHL_b49_r1_m9_lay9.pddl,True,292.46,440.29,8,0,
1280,2026-07-06 17:24:11.127,FF,NailingBeamHL_b60_r1_m10_lay10,Plannerinputs/generated/problemNailingBeamHL_b60_r1_m10_lay10.pddl,True,303.04,410.01,1,0,
1281,2026-07-06 17:24:11.697,FF,NailingBeamHL_b62_r1_m11_lay11,Plannerinputs/generated/problemNailingBeamHL_b62_r1_m11_lay11.pddl,True,303.74,429.38,2,0,
1282,2026-07-06 17:24:12.162,FF,NailingBeamHL_b68_r1_m12_lay12,Plannerinputs/generated/problemNailingBeamHL_b68_r1_m12_lay12.pddl,True,289.94,390.48,2,0,
1283,2026-07-06 17:24:12.707,FF,GluingBeamHL_b49_r1_m9_lay9,Plannerinputs/generated/problemGluingBeamHL_b49_r1_m9_lay9.pddl,True,267.35,456.45,8,0,
1284,2026-07-06 17:24:13.208,FF,GluingBeamHL_b55_r1_m10_lay10,Plannerinputs/generated/problemGluingBeamHL_b55_r1_m10_lay10.pddl,True,265.90,391.93,8,0,
1285,2026-07-06 17:24:13.939,FF,NailingBeamHL_b68_r1_m12_lay12,Plannerinputs/generated/problemNailingBeamHL_b68_r1_m12_lay12.pddl,True,262.34,328.19,2,0,
1286,2026-07-06 17:24:14.405,FF,GluingBeamHL_b49_r1_m9_lay9,Plannerinputs/generated/problemGluingBeamHL_b49_r1_m9_lay9.pddl,True,256.79,325.32,8,0,
1287,2026-07-06 17:24:14.740,FF,GluingBeamHL_b55_r1_m10_lay10,Plannerinputs/generated/problemGluingBeamHL_b55_r1_m10_lay10.pddl,True,260.41,343.82,8,0,
1288,2026-07-06 17:24:15.107,FF,NailingBeamHL_b64_r1_m11_lay11,Plannerinputs/generated/problemNailingBeamHL_b64_r1_m11_lay11.pddl,True,250.75,310.53,1,0,
1289,2026-07-06 17:24:15.600,FF,NailingBeamHL_b68_r1_m12_lay12,Plannerinputs/generated/problemNailingBeamHL_b68_r1_m12_lay12.pddl,True,256.38,320.75,2,0,
1290,2026-07-06 17:24:16.063,FF,GluingBeamHL_b49_r1_m9_lay9,Plannerinputs/generated/problemGluingBeamHL_b49_r1_m9_lay9.pddl,True,251.53,336.20,8,0,
1291,2026-07-06 17:24:16.423,FF,GluingBeamHL_b55_r1_m10_lay10,Plannerinputs/generated/problemGluingBeamHL_b55_r1_m10_lay10.pddl,True,260.26,360.03,8,0,
1292,2026-07-06 17:24:16.826,FF,NailingBeamHL_b63_r1_m11_lay11,Plannerinputs/generated/problemNailingBeamHL_b63_r1_m11_lay11.pddl,True,253.59,300.08,1,0,
1293,2026-07-06 17:24:17.310,FF,NailingBeamHL_b68_r1_m12_lay12,Plannerinputs/generated/problemNailingBeamHL_b68_r1_m12_lay12.pddl,True,282.16,349.40,2,0,
1294,2026-07-06 17:24:17.792,FF,GluingBeamHL_b49_r1_m9_lay9,Plannerinputs/generated/problemGluingBeamHL_b49_r1_m9_lay9.pddl,True,256.40,378.96,8,0,
1295,2026-07-06 17:24:18.210,FF,GluingBeamHL_b55_r1_m10_lay10,Plannerinputs/generated/problemGluingBeamHL_b55_r1_m10_lay10.pddl,True,255.45,329.41,8,0,
1296,2026-07-06 17:24:18.559,FF,NailingBeamHL_b65_r1_m11_lay11,Plannerinputs/generated/problemNailingBeamHL_b65_r1_m11_lay11.pddl,True,254.69,314.16,1,0,
1297,2026-07-06 17:24:19.060,FF,NailingBeamHL_b68_r1_m12_lay12,Plannerinputs/generated/problemNailingBeamHL_b68_r1_m12_lay12.pddl,True,266.71,331.81,2,0,
1298,2026-07-06 17:24:19.513,FF,GluingBeamHL_b49_r1_m9_lay9,Plannerinputs/generated/problemGluingBeamHL_b49_r1_m9_lay9.pddl,True,256.12,329.14,8,0,
1299,2026-07-06 17:24:19.848,FF,GluingBeamHL_b55_r1_m10_lay10,Plannerinputs/generated/problemGluingBeamHL_b55_r1_m10_lay10.pddl,True,257.59,332.84,8,0,
1300,2026-07-06 17:24:20.226,FF,NailingBeamHL_b61_r1_m11_lay11,Plannerinputs/generated/problemNailingBeamHL_b61_r1_m11_lay11.pddl,True,250.97,330.46,1,0,
1301,2026-07-06 17:24:20.706,FF,NailingBeamHL_b68_r1_m12_lay12,Plannerinputs/generated/problemNailingBeamHL_b68_r1_m12_lay12.pddl,True,251.82,308.53,2,0,
1302,2026-07-06 17:24:21.134,FF,GluingBeamHL_b49_r1_m9_lay9,Plannerinputs/generated/problemGluingBeamHL_b49_r1_m9_lay9.pddl,True,258.08,348.09,8,0,
1303,2026-07-06 17:24:21.523,FF,GluingBeamHL_b55_r1_m10_lay10,Plannerinputs/generated/problemGluingBeamHL_b55_r1_m10_lay10.pddl,True,256.54,338.62,8,0,
1304,2026-07-06 17:24:21.907,FF,NailingBeamHL_b66_r1_m11_lay11,Plannerinputs/generated/problemNailingBeamHL_b66_r1_m11_lay11.pddl,True,251.78,313.07,1,0,
1305,2026-07-06 17:24:22.408,FF,NailingBeamHL_b68_r1_m12_lay12,Plannerinputs/generated/problemNailingBeamHL_b68_r1_m12_lay12.pddl,True,245.13,304.44,2,0,
1306,2026-07-06 17:24:22.827,FF,GluingBeamHL_b49_r1_m9_lay9,Plannerinputs/generated/problemGluingBeamHL_b49_r1_m9_lay9.pddl,True,248.44,326.67,8,0,
1307,2026-07-06 17:24:23.162,FF,GluingBeamHL_b55_r1_m10_lay10,Plannerinputs/generated/problemGluingBeamHL_b55_r1_m10_lay10.pddl,True,257.67,333.09,8,0,
1308,2026-07-06 17:24:23.540,FF,GluingBeamHL_b61_r1_m11_lay11,Plannerinputs/generated/problemGluingBeamHL_b61_r1_m11_lay11.pddl,True,253.47,333.52,8,0,
1309,2026-07-06 17:24:24.330,FF,GluingBeamHL_b49_r1_m9_lay9,Plannerinputs/generated/problemGluingBeamHL_b49_r1_m9_lay9.pddl,True,260.67,328.29,8,0,
1310,2026-07-06 17:24:24.692,FF,GluingBeamHL_b55_r1_m10_lay10,Plannerinputs/generated/problemGluingBeamHL_b55_r1_m10_lay10.pddl,True,249.39,343.60,8,0,
1311,2026-07-06 17:24:25.073,FF,GluingBeamHL_b61_r1_m11_lay11,Plannerinputs/generated/problemGluingBeamHL_b61_r1_m11_lay11.pddl,True,252.99,328.69,8,0,
1312,2026-07-06 17:24:25.418,FF,NailingBeamHL_b70_r1_m12_lay12,Plannerinputs/generated/problemNailingBeamHL_b70_r1_m12_lay12.pddl,True,250.46,308.81,1,0,
1313,2026-07-06 17:24:26.018,FF,GluingBeamHL_b49_r1_m9_lay9,Plannerinputs/generated/problemGluingBeamHL_b49_r1_m9_lay9.pddl,True,249.71,320.83,8,0,
1314,2026-07-06 17:24:26.369,FF,GluingBeamHL_b55_r1_m10_lay10,Plannerinputs/generated/problemGluingBeamHL_b55_r1_m10_lay10.pddl,True,248.88,325.66,8,0,
1315,2026-07-06 17:24:26.702,FF,GluingBeamHL_b61_r1_m11_lay11,Plannerinputs/generated/problemGluingBeamHL_b61_r1_m11_lay11.pddl,True,255.91,322.91,8,0,
1316,2026-07-06 17:24:27.039,FF,NailingBeamHL_b69_r1_m12_lay12,Plannerinputs/generated/problemNailingBeamHL_b69_r1_m12_lay12.pddl,True,246.43,304.26,1,0,
1317,2026-07-06 17:24:27.636,FF,GluingBeamHL_b49_r1_m9_lay9,Plannerinputs/generated/problemGluingBeamHL_b49_r1_m9_lay9.pddl,True,262.21,359.17,8,0,
1318,2026-07-06 17:24:28.023,FF,GluingBeamHL_b55_r1_m10_lay10,Plannerinputs/generated/problemGluingBeamHL_b55_r1_m10_lay10.pddl,True,254.78,329.99,8,0,
1319,2026-07-06 17:24:28.360,FF,GluingBeamHL_b61_r1_m11_lay11,Plannerinputs/generated/problemGluingBeamHL_b61_r1_m11_lay11.pddl,True,251.38,323.06,8,0,
1320,2026-07-06 17:24:28.727,FF,NailingBeamHL_b71_r1_m12_lay12,Plannerinputs/generated/problemNailingBeamHL_b71_r1_m12_lay12.pddl,True,247.31,312.07,1,0,
1321,2026-07-06 17:24:29.308,FF,GluingBeamHL_b49_r1_m9_lay9,Plannerinputs/generated/problemGluingBeamHL_b49_r1_m9_lay9.pddl,True,259.89,336.80,8,0,
1322,2026-07-06 17:24:29.652,FF,GluingBeamHL_b55_r1_m10_lay10,Plannerinputs/generated/problemGluingBeamHL_b55_r1_m10_lay10.pddl,True,244.07,320.79,8,0,
1323,2026-07-06 17:24:30.006,FF,GluingBeamHL_b61_r1_m11_lay11,Plannerinputs/generated/problemGluingBeamHL_b61_r1_m11_lay11.pddl,True,243.77,328.85,8,0,
1324,2026-07-06 17:24:30.386,FF,NailingBeamHL_b67_r1_m12_lay12,Plannerinputs/generated/problemNailingBeamHL_b67_r1_m12_lay12.pddl,True,275.29,336.22,1,0,
1325,2026-07-06 17:24:31.025,FF,GluingBeamHL_b49_r1_m9_lay9,Plannerinputs/generated/problemGluingBeamHL_b49_r1_m9_lay9.pddl,True,271.90,348.75,8,0,
1326,2026-07-06 17:24:31.407,FF,GluingBeamHL_b55_r1_m10_lay10,Plannerinputs/generated/problemGluingBeamHL_b55_r1_m10_lay10.pddl,True,276.93,351.27,8,0,
1327,2026-07-06 17:24:31.765,FF,GluingBeamHL_b61_r1_m11_lay11,Plannerinputs/generated/problemGluingBeamHL_b61_r1_m11_lay11.pddl,True,284.57,362.24,8,0,
1328,2026-07-06 17:24:32.170,FF,NailingBeamHL_b72_r1_m12_lay12,Plannerinputs/generated/problemNailingBeamHL_b72_r1_m12_lay12.pddl,True,253.60,317.02,1,0,
1329,2026-07-06 17:24:32.758,FF,GluingBeamHL_b49_r1_m9_lay9,Plannerinputs/generated/problemGluingBeamHL_b49_r1_m9_lay9.pddl,True,239.44,301.51,8,0,
1330,2026-07-06 17:24:33.067,FF,GluingBeamHL_b55_r1_m10_lay10,Plannerinputs/generated/problemGluingBeamHL_b55_r1_m10_lay10.pddl,True,245.78,315.36,8,0,
1331,2026-07-06 17:24:33.388,FF,GluingBeamHL_b61_r1_m11_lay11,Plannerinputs/generated/problemGluingBeamHL_b61_r1_m11_lay11.pddl,True,240.16,311.29,8,0,
1332,2026-07-06 17:24:33.750,FF,GluingBeamHL_b67_r1_m12_lay12,Plannerinputs/generated/problemGluingBeamHL_b67_r1_m12_lay12.pddl,True,240.63,311.30,8,0,
1333,2026-07-06 17:24:35.370,FF,GluingBeamHL_b55_r1_m10_lay10,Plannerinputs/generated/problemGluingBeamHL_b55_r1_m10_lay10.pddl,True,249.32,310.00,2,0,
1334,2026-07-06 17:24:35.687,FF,GluingBeamHL_b61_r1_m11_lay11,Plannerinputs/generated/problemGluingBeamHL_b61_r1_m11_lay11.pddl,True,245.81,304.31,2,0,
1335,2026-07-06 17:24:36.027,FF,GluingBeamHL_b67_r1_m12_lay12,Plannerinputs/generated/problemGluingBeamHL_b67_r1_m12_lay12.pddl,True,246.90,335.59,2,0,
1336,2026-07-06 17:24:36.513,FF,GluingBeamHL_b50_r1_m9_lay9,Plannerinputs/generated/problemGluingBeamHL_b50_r1_m9_lay9.pddl,True,245.56,328.30,1,0,
1337,2026-07-06 17:24:37.036,FF,GluingBeamHL_b55_r1_m10_lay10,Plannerinputs/generated/problemGluingBeamHL_b55_r1_m10_lay10.pddl,True,244.56,307.64,2,0,
1338,2026-07-06 17:24:37.351,FF,GluingBeamHL_b61_r1_m11_lay11,Plannerinputs/generated/problemGluingBeamHL_b61_r1_m11_lay11.pddl,True,248.21,300.22,2,0,
1339,2026-07-06 17:24:37.688,FF,GluingBeamHL_b67_r1_m12_lay12,Plannerinputs/generated/problemGluingBeamHL_b67_r1_m12_lay12.pddl,True,251.22,314.86,2,0,
1340,2026-07-06 17:24:38.146,FF,GluingBeamHL_b53_r1_m9_lay9,Plannerinputs/generated/problemGluingBeamHL_b53_r1_m9_lay9.pddl,True,251.14,312.72,1,0,
1341,2026-07-06 17:24:38.656,FF,GluingBeamHL_b55_r1_m10_lay10,Plannerinputs/generated/problemGluingBeamHL_b55_r1_m10_lay10.pddl,True,243.32,307.83,2,0,
1342,2026-07-06 17:24:38.999,FF,GluingBeamHL_b61_r1_m11_lay11,Plannerinputs/generated/problemGluingBeamHL_b61_r1_m11_lay11.pddl,True,248.09,310.05,2,0,
1343,2026-07-06 17:24:39.343,FF,GluingBeamHL_b67_r1_m12_lay12,Plannerinputs/generated/problemGluingBeamHL_b67_r1_m12_lay12.pddl,True,244.47,314.57,2,0,
1344,2026-07-06 17:24:39.802,FF,GluingBeamHL_b54_r1_m9_lay9,Plannerinputs/generated/problemGluingBeamHL_b54_r1_m9_lay9.pddl,True,248.34,317.60,1,0,
1345,2026-07-06 17:24:40.304,FF,GluingBeamHL_b55_r1_m10_lay10,Plannerinputs/generated/problemGluingBeamHL_b55_r1_m10_lay10.pddl,True,245.98,301.46,2,0,
1346,2026-07-06 17:24:40.614,FF,GluingBeamHL_b61_r1_m11_lay11,Plannerinputs/generated/problemGluingBeamHL_b61_r1_m11_lay11.pddl,True,244.30,309.17,2,0,
1347,2026-07-06 17:24:40.959,FF,GluingBeamHL_b67_r1_m12_lay12,Plannerinputs/generated/problemGluingBeamHL_b67_r1_m12_lay12.pddl,True,247.13,305.26,2,0,
1348,2026-07-06 17:24:41.424,FF,GluingBeamHL_b52_r1_m9_lay9,Plannerinputs/generated/problemGluingBeamHL_b52_r1_m9_lay9.pddl,True,240.76,300.29,1,0,
1349,2026-07-06 17:24:41.901,FF,GluingBeamHL_b55_r1_m10_lay10,Plannerinputs/generated/problemGluingBeamHL_b55_r1_m10_lay10.pddl,True,249.62,309.52,2,0,
1350,2026-07-06 17:24:42.218,FF,GluingBeamHL_b61_r1_m11_lay11,Plannerinputs/generated/problemGluingBeamHL_b61_r1_m11_lay11.pddl,True,246.40,301.46,2,0,
1351,2026-07-06 17:24:42.548,FF,GluingBeamHL_b67_r1_m12_lay12,Plannerinputs/generated/problemGluingBeamHL_b67_r1_m12_lay12.pddl,True,245.17,342.54,2,0,
1352,2026-07-06 17:24:43.011,FF,GluingBeamHL_b51_r1_m9_lay9,Plannerinputs/generated/problemGluingBeamHL_b51_r1_m9_lay9.pddl,True,244.81,302.44,1,0,
1353,2026-07-06 17:24:43.504,FF,GluingBeamHL_b55_r1_m10_lay10,Plannerinputs/generated/problemGluingBeamHL_b55_r1_m10_lay10.pddl,True,246.20,309.31,2,0,
1354,2026-07-06 17:24:43.841,FF,GluingBeamHL_b61_r1_m11_lay11,Plannerinputs/generated/problemGluingBeamHL_b61_r1_m11_lay11.pddl,True,248.03,313.62,2,0,
1355,2026-07-06 17:24:44.195,FF,GluingBeamHL_b67_r1_m12_lay12,Plannerinputs/generated/problemGluingBeamHL_b67_r1_m12_lay12.pddl,True,251.78,320.73,2,0,
1356,2026-07-06 17:24:44.646,FF,PickUpHL_tp9_fp69_r1,Plannerinputs/generated/problemPickUpHL_tp9_fp69_r1.pddl,True,279.75,365.77,9,0,
1357,2026-07-06 17:24:45.309,FF,GluingBeamHL_b61_r1_m11_lay11,Plannerinputs/generated/problemGluingBeamHL_b61_r1_m11_lay11.pddl,True,241.30,299.23,2,0,
1358,2026-07-06 17:24:45.641,FF,GluingBeamHL_b67_r1_m12_lay12,Plannerinputs/generated/problemGluingBeamHL_b67_r1_m12_lay12.pddl,True,245.97,308.15,2,0,
1359,2026-07-06 17:24:46.086,FF,PickUpHL_tp9_fp69_r1,Plannerinputs/generated/problemPickUpHL_tp9_fp69_r1.pddl,True,245.93,333.55,9,0,
1360,2026-07-06 17:24:46.437,FF,GluingBeamHL_b56_r1_m10_lay10,Plannerinputs/generated/problemGluingBeamHL_b56_r1_m10_lay10.pddl,True,241.36,299.00,1,0,
1361,2026-07-06 17:24:46.938,FF,GluingBeamHL_b61_r1_m11_lay11,Plannerinputs/generated/problemGluingBeamHL_b61_r1_m11_lay11.pddl,True,250.39,311.93,2,0,
1362,2026-07-06 17:24:47.265,FF,GluingBeamHL_b67_r1_m12_lay12,Plannerinputs/generated/problemGluingBeamHL_b67_r1_m12_lay12.pddl,True,250.19,313.21,2,0,
1363,2026-07-06 17:24:47.721,FF,PickUpHL_tp9_fp69_r1,Plannerinputs/generated/problemPickUpHL_tp9_fp69_r1.pddl,True,245.32,328.16,9,0,
1364,2026-07-06 17:24:48.091,FF,GluingBeamHL_b59_r1_m10_lay10,Plannerinputs/generated/problemGluingBeamHL_b59_r1_m10_lay10.pddl,True,241.41,304.92,1,0,
1365,2026-07-06 17:24:48.561,FF,GluingBeamHL_b61_r1_m11_lay11,Plannerinputs/generated/problemGluingBeamHL_b61_r1_m11_lay11.pddl,True,244.98,301.56,2,0,
1366,2026-07-06 17:24:48.878,FF,GluingBeamHL_b67_r1_m12_lay12,Plannerinputs/generated/problemGluingBeamHL_b67_r1_m12_lay12.pddl,True,247.88,307.31,2,0,
1367,2026-07-06 17:24:49.333,FF,PickUpHL_tp9_fp69_r1,Plannerinputs/generated/problemPickUpHL_tp9_fp69_r1.pddl,True,245.54,320.55,9,0,
1368,2026-07-06 17:24:49.670,FF,GluingBeamHL_b60_r1_m10_lay10,Plannerinputs/generated/problemGluingBeamHL_b60_r1_m10_lay10.pddl,True,247.10,309.00,1,0,
1369,2026-07-06 17:24:50.157,FF,GluingBeamHL_b61_r1_m11_lay11,Plannerinputs/generated/problemGluingBeamHL_b61_r1_m11_lay11.pddl,True,250.63,315.94,2,0,
1370,2026-07-06 17:24:50.480,FF,GluingBeamHL_b67_r1_m12_lay12,Plannerinputs/generated/problemGluingBeamHL_b67_r1_m12_lay12.pddl,True,244.71,301.56,2,0,
1371,2026-07-06 17:24:50.932,FF,PickUpHL_tp9_fp69_r1,Plannerinputs/generated/problemPickUpHL_tp9_fp69_r1.pddl,True,257.41,332.55,9,0,
1372,2026-07-06 17:24:51.284,FF,GluingBeamHL_b58_r1_m10_lay10,Plannerinputs/generated/problemGluingBeamHL_b58_r1_m10_lay10.pddl,True,241.18,300.72,1,0,
1373,2026-07-06 17:24:51.768,FF,GluingBeamHL_b61_r1_m11_lay11,Plannerinputs/generated/problemGluingBeamHL_b61_r1_m11_lay11.pddl,True,249.37,307.73,2,0,
1374,2026-07-06 17:24:52.114,FF,GluingBeamHL_b67_r1_m12_lay12,Plannerinputs/generated/problemGluingBeamHL_b67_r1_m12_lay12.pddl,True,250.00,323.14,2,0,
1375,2026-07-06 17:24:52.575,FF,PickUpHL_tp9_fp69_r1,Plannerinputs/generated/problemPickUpHL_tp9_fp69_r1.pddl,True,240.80,325.45,9,0,
1376,2026-07-06 17:24:52.945,FF,GluingBeamHL_b57_r1_m10_lay10,Plannerinputs/generated/problemGluingBeamHL_b57_r1_m10_lay10.pddl,True,247.63,306.73,1,0,
1377,2026-07-06 17:24:53.443,FF,GluingBeamHL_b61_r1_m11_lay11,Plannerinputs/generated/problemGluingBeamHL_b61_r1_m11_lay11.pddl,True,277.78,330.69,2,0,
1378,2026-07-06 17:24:53.780,FF,GluingBeamHL_b67_r1_m12_lay12,Plannerinputs/generated/problemGluingBeamHL_b67_r1_m12_lay12.pddl,True,267.98,318.06,2,0,
1379,2026-07-06 17:24:54.216,FF,PickUpHL_tp9_fp69_r1,Plannerinputs/generated/problemPickUpHL_tp9_fp69_r1.pddl,True,276.17,369.49,9,0,
1380,2026-07-06 17:24:54.629,FF,PickUpHL_tp10_fp77_r1,Plannerinputs/generated/problemPickUpHL_tp10_fp77_r1.pddl,True,279.11,356.01,9,0,
1381,2026-07-06 17:24:55.334,FF,GluingBeamHL_b67_r1_m12_lay12,Plannerinputs/generated/problemGluingBeamHL_b67_r1_m12_lay12.pddl,True,270.84,363.36,2,0,
1382,2026-07-06 17:24:55.841,FF,PickUpHL_tp9_fp69_r1,Plannerinputs/generated/problemPickUpHL_tp9_fp69_r1.pddl,True,266.42,344.39,9,0,
1383,2026-07-06 17:24:56.192,FF,PickUpHL_tp10_fp77_r1,Plannerinputs/generated/problemPickUpHL_tp10_fp77_r1.pddl,True,274.26,351.40,9,0,
1384,2026-07-06 17:24:56.564,FF,GluingBeamHL_b62_r1_m11_lay11,Plannerinputs/generated/problemGluingBeamHL_b62_r1_m11_lay11.pddl,True,267.54,333.67,1,0,
1385,2026-07-06 17:24:57.070,FF,GluingBeamHL_b67_r1_m12_lay12,Plannerinputs/generated/problemGluingBeamHL_b67_r1_m12_lay12.pddl,True,270.92,330.45,2,0,
1386,2026-07-06 17:24:57.518,FF,PickUpHL_tp9_fp69_r1,Plannerinputs/generated/problemPickUpHL_tp9_fp69_r1.pddl,True,275.95,353.09,9,0,
1387,2026-07-06 17:24:57.907,FF,PickUpHL_tp10_fp77_r1,Plannerinputs/generated/problemPickUpHL_tp10_fp77_r1.pddl,True,280.75,352.13,9,0,
1388,2026-07-06 17:24:58.277,FF,GluingBeamHL_b65_r1_m11_lay11,Plannerinputs/generated/problemGluingBeamHL_b65_r1_m11_lay11.pddl,True,323.62,385.61,1,0,
1389,2026-07-06 17:24:58.836,FF,GluingBeamHL_b67_r1_m12_lay12,Plannerinputs/generated/problemGluingBeamHL_b67_r1_m12_lay12.pddl,True,266.98,325.80,2,0,
1390,2026-07-06 17:24:59.295,FF,PickUpHL_tp9_fp69_r1,Plannerinputs/generated/problemPickUpHL_tp9_fp69_r1.pddl,True,280.26,356.07,9,0,
1391,2026-07-06 17:24:59.659,FF,PickUpHL_tp10_fp77_r1,Plannerinputs/generated/problemPickUpHL_tp10_fp77_r1.pddl,True,282.82,358.52,9,0,
1392,2026-07-06 17:25:00.039,FF,GluingBeamHL_b66_r1_m11_lay11,Plannerinputs/generated/problemGluingBeamHL_b66_r1_m11_lay11.pddl,True,290.75,343.34,1,0,
1393,2026-07-06 17:25:00.531,FF,GluingBeamHL_b67_r1_m12_lay12,Plannerinputs/generated/problemGluingBeamHL_b67_r1_m12_lay12.pddl,True,248.19,303.72,2,0,
1394,2026-07-06 17:25:00.984,FF,PickUpHL_tp9_fp69_r1,Plannerinputs/generated/problemPickUpHL_tp9_fp69_r1.pddl,True,257.99,331.25,9,0,
1395,2026-07-06 17:25:01.325,FF,PickUpHL_tp10_fp77_r1,Plannerinputs/generated/problemPickUpHL_tp10_fp77_r1.pddl,True,256.67,333.99,9,0,
1396,2026-07-06 17:25:01.705,FF,GluingBeamHL_b64_r1_m11_lay11,Plannerinputs/generated/problemGluingBeamHL_b64_r1_m11_lay11.pddl,True,240.34,297.51,1,0,
1397,2026-07-06 17:25:02.171,FF,GluingBeamHL_b67_r1_m12_lay12,Plannerinputs/generated/problemGluingBeamHL_b67_r1_m12_lay12.pddl,True,244.24,301.83,2,0,
1398,2026-07-06 17:25:02.624,FF,PickUpHL_tp9_fp69_r1,Plannerinputs/generated/problemPickUpHL_tp9_fp69_r1.pddl,True,252.09,318.72,9,0,
1399,2026-07-06 17:25:02.978,FF,PickUpHL_tp10_fp77_r1,Plannerinputs/generated/problemPickUpHL_tp10_fp77_r1.pddl,True,254.29,328.21,9,0,
1400,2026-07-06 17:25:03.350,FF,GluingBeamHL_b63_r1_m11_lay11,Plannerinputs/generated/problemGluingBeamHL_b63_r1_m11_lay11.pddl,True,240.22,299.86,1,0,
1401,2026-07-06 17:25:03.822,FF,GluingBeamHL_b67_r1_m12_lay12,Plannerinputs/generated/problemGluingBeamHL_b67_r1_m12_lay12.pddl,True,245.18,308.82,2,0,
1402,2026-07-06 17:25:04.253,FF,PickUpHL_tp9_fp69_r1,Plannerinputs/generated/problemPickUpHL_tp9_fp69_r1.pddl,True,250.23,326.45,9,0,
1403,2026-07-06 17:25:04.616,FF,PickUpHL_tp10_fp77_r1,Plannerinputs/generated/problemPickUpHL_tp10_fp77_r1.pddl,True,244.09,315.76,9,0,
1404,2026-07-06 17:25:04.948,FF,PickUpHL_tp11_fp85_r1,Plannerinputs/generated/problemPickUpHL_tp11_fp85_r1.pddl,True,254.98,353.14,9,0,
1405,2026-07-06 17:25:05.723,FF,PickUpHL_tp9_fp69_r1,Plannerinputs/generated/problemPickUpHL_tp9_fp69_r1.pddl,True,251.87,332.26,9,0,
1406,2026-07-06 17:25:06.092,FF,PickUpHL_tp10_fp77_r1,Plannerinputs/generated/problemPickUpHL_tp10_fp77_r1.pddl,True,250.53,322.14,9,0,
1407,2026-07-06 17:25:06.446,FF,PickUpHL_tp11_fp85_r1,Plannerinputs/generated/problemPickUpHL_tp11_fp85_r1.pddl,True,251.73,330.27,9,0,
1408,2026-07-06 17:25:06.800,FF,GluingBeamHL_b68_r1_m12_lay12,Plannerinputs/generated/problemGluingBeamHL_b68_r1_m12_lay12.pddl,True,242.37,322.97,1,0,
1409,2026-07-06 17:25:07.443,FF,PickUpHL_tp9_fp69_r1,Plannerinputs/generated/problemPickUpHL_tp9_fp69_r1.pddl,True,248.58,317.46,9,0,
1410,2026-07-06 17:25:07.767,FF,PickUpHL_tp10_fp77_r1,Plannerinputs/generated/problemPickUpHL_tp10_fp77_r1.pddl,True,246.66,326.32,9,0,
1411,2026-07-06 17:25:08.100,FF,PickUpHL_tp11_fp85_r1,Plannerinputs/generated/problemPickUpHL_tp11_fp85_r1.pddl,True,249.76,331.57,9,0,
1412,2026-07-06 17:25:08.446,FF,GluingBeamHL_b71_r1_m12_lay12,Plannerinputs/generated/problemGluingBeamHL_b71_r1_m12_lay12.pddl,True,239.94,298.18,1,0,
1413,2026-07-06 17:25:09.023,FF,PickUpHL_tp9_fp69_r1,Plannerinputs/generated/problemPickUpHL_tp9_fp69_r1.pddl,True,253.83,329.85,9,0,
1414,2026-07-06 17:25:09.359,FF,PickUpHL_tp10_fp77_r1,Plannerinputs/generated/problemPickUpHL_tp10_fp77_r1.pddl,True,261.07,339.78,9,0,
1415,2026-07-06 17:25:09.707,FF,PickUpHL_tp11_fp85_r1,Plannerinputs/generated/problemPickUpHL_tp11_fp85_r1.pddl,True,257.00,338.16,9,0,
1416,2026-07-06 17:25:10.091,FF,GluingBeamHL_b72_r1_m12_lay12,Plannerinputs/generated/problemGluingBeamHL_b72_r1_m12_lay12.pddl,True,245.08,307.85,1,0,
1417,2026-07-06 17:25:10.672,FF,PickUpHL_tp9_fp69_r1,Plannerinputs/generated/problemPickUpHL_tp9_fp69_r1.pddl,True,246.89,320.26,9,0,
1418,2026-07-06 17:25:11.000,FF,PickUpHL_tp10_fp77_r1,Plannerinputs/generated/problemPickUpHL_tp10_fp77_r1.pddl,True,253.24,329.70,9,0,
1419,2026-07-06 17:25:11.338,FF,PickUpHL_tp11_fp85_r1,Plannerinputs/generated/problemPickUpHL_tp11_fp85_r1.pddl,True,242.73,335.06,9,0,
1420,2026-07-06 17:25:11.691,FF,GluingBeamHL_b70_r1_m12_lay12,Plannerinputs/generated/problemGluingBeamHL_b70_r1_m12_lay12.pddl,True,239.01,317.88,1,0,
1421,2026-07-06 17:25:12.313,FF,PickUpHL_tp9_fp69_r1,Plannerinputs/generated/problemPickUpHL_tp9_fp69_r1.pddl,True,297.41,382.24,9,0,
1422,2026-07-06 17:25:12.728,FF,PickUpHL_tp10_fp77_r1,Plannerinputs/generated/problemPickUpHL_tp10_fp77_r1.pddl,True,247.75,323.95,9,0,
1423,2026-07-06 17:25:13.059,FF,PickUpHL_tp11_fp85_r1,Plannerinputs/generated/problemPickUpHL_tp11_fp85_r1.pddl,True,249.05,337.00,9,0,
1424,2026-07-06 17:25:13.442,FF,GluingBeamHL_b69_r1_m12_lay12,Plannerinputs/generated/problemGluingBeamHL_b69_r1_m12_lay12.pddl,True,244.17,310.09,1,0,
1425,2026-07-06 17:25:14.014,FF,PickUpHL_tp9_fp69_r1,Plannerinputs/generated/problemPickUpHL_tp9_fp69_r1.pddl,True,251.75,330.05,9,0,
1426,2026-07-06 17:25:14.382,FF,PickUpHL_tp10_fp77_r1,Plannerinputs/generated/problemPickUpHL_tp10_fp77_r1.pddl,True,247.65,312.74,9,0,
1427,2026-07-06 17:25:14.725,FF,PickUpHL_tp11_fp85_r1,Plannerinputs/generated/problemPickUpHL_tp11_fp85_r1.pddl,True,251.95,321.57,9,0,
1428,2026-07-06 17:25:15.087,FF,PickUpHL_tp12_fp93_r1,Plannerinputs/generated/problemPickUpHL_tp12_fp93_r1.pddl,True,244.75,327.63,8,0,
1429,2026-07-06 17:25:16.720,FF,PickUpHL_tp9_fp69_r1,Plannerinputs/generated/problemPickUpHL_tp9_fp69_r1.pddl,True,241.62,312.68,3,0,
1430,2026-07-06 17:25:17.050,FF,PickUpHL_tp10_fp77_r1,Plannerinputs/generated/problemPickUpHL_tp10_fp77_r1.pddl,True,247.46,313.26,3,0,
1431,2026-07-06 17:25:17.395,FF,PickUpHL_tp11_fp85_r1,Plannerinputs/generated/problemPickUpHL_tp11_fp85_r1.pddl,True,244.50,307.14,3,0,
1432,2026-07-06 17:25:17.720,FF,StackOnMultipleHL_tp12_r1_pr4_m12_lay12,Plannerinputs/generated/problemStackOnMultipleHL_tp12_r1_pr4_m12_lay12.pddl,True,249.59,331.62,2,0,
1433,2026-07-06 17:25:18.450,FF,PickUpHL_tp9_fp69_r1,Plannerinputs/generated/problemPickUpHL_tp9_fp69_r1.pddl,True,245.76,310.20,2,0,
1434,2026-07-06 17:25:18.767,FF,PickUpHL_tp10_fp77_r1,Plannerinputs/generated/problemPickUpHL_tp10_fp77_r1.pddl,True,246.93,296.58,2,0,
1435,2026-07-06 17:25:19.098,FF,PickUpHL_tp11_fp85_r1,Plannerinputs/generated/problemPickUpHL_tp11_fp85_r1.pddl,True,252.02,317.20,2,0,
1436,2026-07-06 17:25:19.436,FF,NailingHL_tp12_r1,Plannerinputs/generated/problemNailingHL_tp12_r1.pddl,True,247.58,340.11,8,0,
1437,2026-07-06 17:25:20.496,FF,PickUpHL_tp10_fp77_r1,Plannerinputs/generated/problemPickUpHL_tp10_fp77_r1.pddl,True,247.32,348.20,3,0,
1438,2026-07-06 17:25:20.896,FF,PickUpHL_tp11_fp85_r1,Plannerinputs/generated/problemPickUpHL_tp11_fp85_r1.pddl,True,252.28,356.89,3,0,
1439,2026-07-06 17:25:21.337,FF,NailingHL_tp12_r1,Plannerinputs/generated/problemNailingHL_tp12_r1.pddl,True,257.57,385.88,11,0,
1440,2026-07-06 17:25:21.906,FF,StackOnMultipleHL_tp9_r1_pr1_m9_lay9,Plannerinputs/generated/problemStackOnMultipleHL_tp9_r1_pr1_m9_lay9.pddl,True,245.68,339.84,2,0,
1441,2026-07-06 17:25:22.616,FF,PickUpHL_tp10_fp77_r1,Plannerinputs/generated/problemPickUpHL_tp10_fp77_r1.pddl,True,240.26,305.23,2,0,
1442,2026-07-06 17:25:22.929,FF,PickUpHL_tp11_fp85_r1,Plannerinputs/generated/problemPickUpHL_tp11_fp85_r1.pddl,True,241.57,299.14,2,0,
1443,2026-07-06 17:25:23.261,FF,NailingHL_tp12_r1,Plannerinputs/generated/problemNailingHL_tp12_r1.pddl,True,239.23,305.81,8,0,
1444,2026-07-06 17:25:23.694,FF,NailingHL_tp9_r1,Plannerinputs/generated/problemNailingHL_tp9_r1.pddl,True,245.64,315.47,8,0,
1445,2026-07-06 17:25:24.327,FF,PickUpHL_tp11_fp85_r1,Plannerinputs/generated/problemPickUpHL_tp11_fp85_r1.pddl,True,243.30,306.93,3,0,
1446,2026-07-06 17:25:24.670,FF,NailingHL_tp12_r1,Plannerinputs/generated/problemNailingHL_tp12_r1.pddl,True,244.73,317.42,11,0,
1447,2026-07-06 17:25:25.121,FF,NailingHL_tp9_r1,Plannerinputs/generated/problemNailingHL_tp9_r1.pddl,True,245.83,338.41,11,0,
1448,2026-07-06 17:25:25.475,FF,StackOnMultipleHL_tp10_r1_pr2_m10_lay10,Plannerinputs/generated/problemStackOnMultipleHL_tp10_r1_pr2_m10_lay10.pddl,True,247.85,319.21,2,0,
1449,2026-07-06 17:25:26.091,FF,PickUpHL_tp11_fp85_r1,Plannerinputs/generated/problemPickUpHL_tp11_fp85_r1.pddl,True,245.08,306.91,2,0,
1450,2026-07-06 17:25:26.406,FF,NailingHL_tp12_r1,Plannerinputs/generated/problemNailingHL_tp12_r1.pddl,True,250.18,321.91,8,0,
1451,2026-07-06 17:25:26.864,FF,NailingHL_tp9_r1,Plannerinputs/generated/problemNailingHL_tp9_r1.pddl,True,244.62,320.61,8,0,
1452,2026-07-06 17:25:27.235,FF,NailingHL_tp10_r1,Plannerinputs/generated/problemNailingHL_tp10_r1.pddl,True,243.04,314.91,8,0,
1453,2026-07-06 17:25:27.884,FF,NailingHL_tp12_r1,Plannerinputs/generated/problemNailingHL_tp12_r1.pddl,True,242.46,319.82,11,0,
1454,2026-07-06 17:25:28.341,FF,NailingHL_tp9_r1,Plannerinputs/generated/problemNailingHL_tp9_r1.pddl,True,246.58,328.44,11,0,
1455,2026-07-06 17:25:28.708,FF,NailingHL_tp10_r1,Plannerinputs/generated/problemNailingHL_tp10_r1.pddl,True,241.62,323.06,11,0,
1456,2026-07-06 17:25:29.074,FF,StackOnMultipleHL_tp11_r1_pr3_m11_lay11,Plannerinputs/generated/problemStackOnMultipleHL_tp11_r1_pr3_m11_lay11.pddl,True,254.31,309.33,2,0,
1457,2026-07-06 17:25:29.704,FF,NailingHL_tp12_r1,Plannerinputs/generated/problemNailingHL_tp12_r1.pddl,True,243.42,314.98,8,0,
1458,2026-07-06 17:25:30.150,FF,NailingHL_tp9_r1,Plannerinputs/generated/problemNailingHL_tp9_r1.pddl,True,245.97,322.06,8,0,
1459,2026-07-06 17:25:30.505,FF,NailingHL_tp10_r1,Plannerinputs/generated/problemNailingHL_tp10_r1.pddl,True,246.77,324.01,8,0,
1460,2026-07-06 17:25:30.875,FF,NailingHL_tp11_r1,Plannerinputs/generated/problemNailingHL_tp11_r1.pddl,True,245.77,335.36,8,0,
1461,2026-07-06 17:25:32.500,FF,NailingHL_tp9_r1,Plannerinputs/generated/problemNailingHL_tp9_r1.pddl,True,241.75,298.64,2,0,
1462,2026-07-06 17:25:32.832,FF,NailingHL_tp10_r1,Plannerinputs/generated/problemNailingHL_tp10_r1.pddl,True,252.65,315.50,2,0,
1463,2026-07-06 17:25:33.185,FF,NailingHL_tp11_r1,Plannerinputs/generated/problemNailingHL_tp11_r1.pddl,True,250.40,305.51,2,0,
1464,2026-07-06 17:25:33.514,FF,MoveCassetteToStackHL_tp12_lp12_pr4_sp12_r1_m12_lay12,Plannerinputs/generated/problemMoveCassetteToStackHL_tp12_lp12_pr4_sp12_r1_m12_lay12.pddl,True,245.20,324.72,10,0,
1465,2026-07-06 17:25:34.286,FF,NailingHL_tp10_r1,Plannerinputs/generated/problemNailingHL_tp10_r1.pddl,True,247.50,316.21,2,0,
1466,2026-07-06 17:25:34.619,FF,NailingHL_tp11_r1,Plannerinputs/generated/problemNailingHL_tp11_r1.pddl,True,242.58,303.32,2,0,
1467,2026-07-06 17:25:34.937,FF,MoveCassetteToStackHL_tp12_lp12_pr4_sp12_r1_m12_lay12,Plannerinputs/generated/problemMoveCassetteToStackHL_tp12_lp12_pr4_sp12_r1_m12_lay12.pddl,True,264.29,347.48,10,0,
1468,2026-07-06 17:25:35.430,FF,MoveCassetteToStackHL_tp9_lp9_pr1_sp9_r1_m9_lay9,Plannerinputs/generated/problemMoveCassetteToStackHL_tp9_lp9_pr1_sp9_r1_m9_lay9.pddl,True,244.71,323.46,10,0,
1469,2026-07-06 17:25:36.084,FF,NailingHL_tp11_r1,Plannerinputs/generated/problemNailingHL_tp11_r1.pddl,True,254.01,313.17,2,0,
1470,2026-07-06 17:25:36.429,FF,MoveCassetteToStackHL_tp12_lp12_pr4_sp12_r1_m12_lay12,Plannerinputs/generated/problemMoveCassetteToStackHL_tp12_lp12_pr4_sp12_r1_m12_lay12.pddl,True,252.77,330.13,10,0,
1471,2026-07-06 17:25:36.871,FF,MoveCassetteToStackHL_tp9_lp9_pr1_sp9_r1_m9_lay9,Plannerinputs/generated/problemMoveCassetteToStackHL_tp9_lp9_pr1_sp9_r1_m9_lay9.pddl,True,247.51,328.14,10,0,
1472,2026-07-06 17:25:37.213,FF,MoveCassetteToStackHL_tp10_lp10_pr2_sp10_r1_m10_lay10,Plannerinputs/generated/problemMoveCassetteToStackHL_tp10_lp10_pr2_sp10_r1_m10_lay10.pddl,True,251.64,332.71,10,0,
1473,2026-07-06 17:25:37.897,FF,MoveCassetteToStackHL_tp12_lp12_pr4_sp12_r1_m12_lay12,Plannerinputs/generated/problemMoveCassetteToStackHL_tp12_lp12_pr4_sp12_r1_m12_lay12.pddl,True,313.62,409.83,10,0,
1474,2026-07-06 17:25:38.417,FF,MoveCassetteToStackHL_tp9_lp9_pr1_sp9_r1_m9_lay9,Plannerinputs/generated/problemMoveCassetteToStackHL_tp9_lp9_pr1_sp9_r1_m9_lay9.pddl,True,253.35,333.84,10,0,
1475,2026-07-06 17:25:38.767,FF,MoveCassetteToStackHL_tp10_lp10_pr2_sp10_r1_m10_lay10,Plannerinputs/generated/problemMoveCassetteToStackHL_tp10_lp10_pr2_sp10_r1_m10_lay10.pddl,True,258.99,342.26,10,0,
1476,2026-07-06 17:25:39.151,FF,MoveCassetteToStackHL_tp11_lp11_pr3_sp11_r1_m11_lay11,Plannerinputs/generated/problemMoveCassetteToStackHL_tp11_lp11_pr3_sp11_r1_m11_lay11.pddl,True,257.33,342.87,10,0,
1477,2026-07-06 17:25:41.059,FF,MoveCassetteToStackHL_tp9_lp9_pr1_sp9_r1_m9_lay9,Plannerinputs/generated/problemMoveCassetteToStackHL_tp9_lp9_pr1_sp9_r1_m9_lay9.pddl,True,251.21,319.72,4,0,
1478,2026-07-06 17:25:41.410,FF,MoveCassetteToStackHL_tp10_lp10_pr2_sp10_r1_m10_lay10,Plannerinputs/generated/problemMoveCassetteToStackHL_tp10_lp10_pr2_sp10_r1_m10_lay10.pddl,True,250.25,314.57,4,0,
1479,2026-07-06 17:25:41.731,FF,MoveCassetteToStackHL_tp11_lp11_pr3_sp11_r1_m11_lay11,Plannerinputs/generated/problemMoveCassetteToStackHL_tp11_lp11_pr3_sp11_r1_m11_lay11.pddl,True,252.54,322.80,4,0,
1480,2026-07-06 17:25:42.774,FF,MoveCassetteToStackHL_tp10_lp10_pr2_sp10_r1_m10_lay10,Plannerinputs/generated/problemMoveCassetteToStackHL_tp10_lp10_pr2_sp10_r1_m10_lay10.pddl,True,244.47,307.29,4,0,
1481,2026-07-06 17:25:43.115,FF,MoveCassetteToStackHL_tp11_lp11_pr3_sp11_r1_m11_lay11,Plannerinputs/generated/problemMoveCassetteToStackHL_tp11_lp11_pr3_sp11_r1_m11_lay11.pddl,True,254.82,329.96,4,0,
1482,2026-07-06 17:25:44.241,FF,MoveCassetteToStackHL_tp11_lp11_pr3_sp11_r1_m11_lay11,Plannerinputs/generated/problemMoveCassetteToStackHL_tp11_lp11_pr3_sp11_r1_m11_lay11.pddl,True,247.53,303.63,4,0,
