ReplanNumber,Timestamp,SubtreeName,OldPlanNodes,NodesReplaced,NodesAlreadyFinished,NewPlanNodes,TotalBTNodes,TotalFlowNodes,TotalActionNodes,TotalMLActions,PRR_Subtree_Percent,BTNodeSize_Percent,BTWidthChange_Percent
1,2026-07-06 17:12:49.146,FF_Default_DynamicFlow_PickUpHL_lp2_fp9_r1,5,5,0,3,163,19,144,20,100.0,3.1,1.61
2,2026-07-06 17:12:49.148,FF_Default_DynamicFlow_PickUpHL_lp3_fp17_r1,5,5,0,3,158,19,139,15,100.0,3.2,1.61
3,2026-07-06 17:12:49.148,FF_Default_DynamicFlow_PickUpHL_lp4_fp25_r1,5,5,0,3,153,19,134,10,100.0,3.3,1.61
4,2026-07-06 17:12:51.007,FF_Default_DynamicFlow_PickUpHL_lp2_fp9_r1,3,3,0,2,160,20,140,16,100.0,1.9,0.81
5,2026-07-06 17:12:51.009,FF_Default_DynamicFlow_PickUpHL_lp3_fp17_r1,3,3,0,2,157,20,137,13,100.0,1.9,0.81
6,2026-07-06 17:12:51.009,FF_Default_DynamicFlow_PickUpHL_lp4_fp25_r1,3,3,0,2,154,20,134,10,100.0,1.9,0.81
7,2026-07-06 17:12:52.869,FF_Default_DynamicFlow_PickUpHL_lp3_fp17_r1,2,2,0,3,166,21,145,21,100.0,1.2,-0.81
8,2026-07-06 17:12:52.870,FF_Default_DynamicFlow_PickUpHL_lp4_fp25_r1,2,2,0,3,164,21,143,19,100.0,1.2,-0.81
9,2026-07-06 17:12:52.871,FF_Default_DynamicFlow_GluingPlateHL_lp1_pr1_r1,8,8,0,11,162,21,141,17,100.0,4.9,-2.42
10,2026-07-06 17:12:54.757,FF_Default_DynamicFlow_PickUpHL_lp3_fp17_r1,3,3,0,2,174,22,152,28,100.0,1.7,0.81
11,2026-07-06 17:12:54.758,FF_Default_DynamicFlow_PickUpHL_lp4_fp25_r1,3,3,0,2,171,22,149,25,100.0,1.8,0.81
12,2026-07-06 17:12:54.758,FF_Default_DynamicFlow_GluingPlateHL_lp1_pr1_r1,11,11,0,8,168,22,146,22,100.0,6.5,2.42
13,2026-07-06 17:12:56.623,FF_Default_DynamicFlow_PickUpHL_lp4_fp25_r1,2,2,0,3,178,23,155,31,100.0,1.1,-0.81
14,2026-07-06 17:12:56.624,FF_Default_DynamicFlow_GluingPlateHL_lp1_pr1_r1,8,8,0,11,176,23,153,29,100.0,4.5,-2.42
15,2026-07-06 17:12:56.624,FF_Default_DynamicFlow_GluingPlateHL_lp2_pr2_r1,8,8,0,11,168,23,145,21,100.0,4.8,-2.42
16,2026-07-06 17:12:58.573,FF_Default_DynamicFlow_PickUpHL_lp4_fp25_r1,3,3,0,2,188,24,164,40,100.0,1.6,0.81
17,2026-07-06 17:12:58.574,FF_Default_DynamicFlow_GluingPlateHL_lp1_pr1_r1,11,11,0,8,185,24,161,37,100.0,5.9,2.42
18,2026-07-06 17:12:58.574,FF_Default_DynamicFlow_GluingPlateHL_lp2_pr2_r1,11,11,0,8,174,24,150,26,100.0,6.3,2.42
19,2026-07-06 17:13:00.544,FF_Default_DynamicFlow_GluingPlateHL_lp1_pr1_r1,8,8,0,11,190,25,165,41,100.0,4.2,-2.42
20,2026-07-06 17:13:00.545,FF_Default_DynamicFlow_GluingPlateHL_lp2_pr2_r1,8,8,0,11,182,25,157,33,100.0,4.4,-2.42
21,2026-07-06 17:13:00.545,FF_Default_DynamicFlow_GluingPlateHL_lp3_pr3_r1,8,8,0,11,174,25,149,25,100.0,4.6,-2.42
22,2026-07-06 17:13:02.610,FF_Default_DynamicFlow_GluingPlateHL_lp1_pr1_r1,11,11,0,8,202,26,176,52,100.0,5.4,2.42
23,2026-07-06 17:13:02.610,FF_Default_DynamicFlow_GluingPlateHL_lp2_pr2_r1,11,11,0,8,191,26,165,41,100.0,5.8,2.42
24,2026-07-06 17:13:02.611,FF_Default_DynamicFlow_GluingPlateHL_lp3_pr3_r1,11,11,0,8,180,26,154,30,100.0,6.1,2.42
25,2026-07-06 17:13:05.542,FF_Default_DynamicFlow_GluingPlateHL_lp2_pr2_r1,8,8,0,2,202,27,175,51,100.0,4.0,4.84
26,2026-07-06 17:13:05.543,FF_Default_DynamicFlow_GluingPlateHL_lp3_pr3_r1,8,8,0,2,194,27,167,43,100.0,4.1,4.84
27,2026-07-06 17:13:05.544,FF_Default_DynamicFlow_GluingPlateHL_lp4_pr4_r1,8,8,0,2,186,27,159,35,100.0,4.3,4.84
28,2026-07-06 17:13:07.365,FF_Default_DynamicFlow_GluingPlateHL_lp3_pr3_r1,2,2,0,2,194,28,166,42,100.0,1.0,0.00
29,2026-07-06 17:13:07.365,FF_Default_DynamicFlow_GluingPlateHL_lp4_pr4_r1,2,2,0,2,192,28,164,40,100.0,1.0,0.00
30,2026-07-06 17:13:07.366,FF_Default_DynamicFlow_PickUpHL_b1_fp2_r1,9,9,0,9,190,28,162,38,100.0,4.7,0.00
31,2026-07-06 17:13:09.489,FF_Default_DynamicFlow_GluingPlateHL_lp4_pr4_r1,2,2,0,2,204,29,175,51,100.0,1.0,0.00
32,2026-07-06 17:13:09.490,FF_Default_DynamicFlow_PickUpHL_b1_fp2_r1,9,9,0,9,202,29,173,49,100.0,4.5,0.00
33,2026-07-06 17:13:09.491,FF_Default_DynamicFlow_PickUpHL_b7_fp10_r1,9,9,0,9,193,29,164,40,100.0,4.7,0.00
34,2026-07-06 17:13:11.760,FF_Default_DynamicFlow_PickUpHL_b1_fp2_r1,9,9,0,9,214,30,184,60,100.0,4.2,0.00
35,2026-07-06 17:13:11.764,FF_Default_DynamicFlow_PickUpHL_b7_fp10_r1,9,9,0,9,205,30,175,51,100.0,4.4,0.00
36,2026-07-06 17:13:11.765,FF_Default_DynamicFlow_PickUpHL_b13_fp18_r1,9,9,0,9,196,30,166,42,100.0,4.6,0.00
37,2026-07-06 17:13:15.726,FF_Default_DynamicFlow_PickUpHL_b7_fp10_r1,9,9,0,3,224,31,193,69,100.0,4.0,4.84
38,2026-07-06 17:13:15.730,FF_Default_DynamicFlow_PickUpHL_b13_fp18_r1,9,9,0,3,215,31,184,60,100.0,4.2,4.84
39,2026-07-06 17:13:15.734,FF_Default_DynamicFlow_PickUpHL_b19_fp26_r1,9,9,0,3,206,31,175,51,100.0,4.4,4.84
40,2026-07-06 17:13:17.856,FF_Default_DynamicFlow_PickUpHL_b7_fp10_r1,3,3,0,2,209,32,177,53,100.0,1.4,0.81
41,2026-07-06 17:13:17.857,FF_Default_DynamicFlow_PickUpHL_b13_fp18_r1,3,3,0,2,206,32,174,50,100.0,1.5,0.81
42,2026-07-06 17:13:17.860,FF_Default_DynamicFlow_PickUpHL_b19_fp26_r1,3,3,0,2,203,32,171,47,100.0,1.5,0.81
43,2026-07-06 17:13:20.024,FF_Default_DynamicFlow_PickUpHL_b13_fp18_r1,2,2,0,3,209,33,176,52,100.0,1.0,-0.81
44,2026-07-06 17:13:20.025,FF_Default_DynamicFlow_PickUpHL_b19_fp26_r1,2,2,0,3,207,33,174,50,100.0,1.0,-0.81
45,2026-07-06 17:13:20.026,FF_Default_DynamicFlow_PickUpHL_b2_fp3_r1,2,2,0,3,205,33,172,48,100.0,1.0,-0.81
46,2026-07-06 17:13:22.116,FF_Default_DynamicFlow_PickUpHL_b13_fp18_r1,3,3,0,2,215,34,181,57,100.0,1.4,0.81
47,2026-07-06 17:13:22.119,FF_Default_DynamicFlow_PickUpHL_b19_fp26_r1,3,3,0,2,212,34,178,54,100.0,1.4,0.81
48,2026-07-06 17:13:22.120,FF_Default_DynamicFlow_PickUpHL_b2_fp3_r1,3,3,0,2,209,34,175,51,100.0,1.4,0.81
49,2026-07-06 17:13:24.230,FF_Default_DynamicFlow_PickUpHL_b19_fp26_r1,2,2,0,3,215,35,180,56,100.0,0.9,-0.81
50,2026-07-06 17:13:24.232,FF_Default_DynamicFlow_PickUpHL_b2_fp3_r1,2,2,0,3,213,35,178,54,100.0,0.9,-0.81
51,2026-07-06 17:13:24.233,FF_Default_DynamicFlow_PickUpHL_b8_fp11_r1,2,2,0,3,211,35,176,52,100.0,0.9,-0.81
52,2026-07-06 17:13:26.303,FF_Default_DynamicFlow_PickUpHL_b19_fp26_r1,3,3,0,2,221,36,185,61,100.0,1.4,0.81
53,2026-07-06 17:13:26.305,FF_Default_DynamicFlow_PickUpHL_b2_fp3_r1,3,3,0,2,218,36,182,58,100.0,1.4,0.81
54,2026-07-06 17:13:26.307,FF_Default_DynamicFlow_PickUpHL_b8_fp11_r1,3,3,0,2,215,36,179,55,100.0,1.4,0.81
55,2026-07-06 17:13:28.352,FF_Default_DynamicFlow_PickUpHL_b2_fp3_r1,2,2,0,3,221,37,184,60,100.0,0.9,-0.81
56,2026-07-06 17:13:28.355,FF_Default_DynamicFlow_PickUpHL_b8_fp11_r1,2,2,0,3,219,37,182,58,100.0,0.9,-0.81
57,2026-07-06 17:13:28.356,FF_Default_DynamicFlow_PickUpHL_b14_fp19_r1,2,2,0,3,217,37,180,56,100.0,0.9,-0.81
58,2026-07-06 17:13:30.413,FF_Default_DynamicFlow_PickUpHL_b2_fp3_r1,3,3,0,2,227,38,189,65,100.0,1.3,0.81
59,2026-07-06 17:13:30.414,FF_Default_DynamicFlow_PickUpHL_b8_fp11_r1,3,3,0,2,224,38,186,62,100.0,1.3,0.81
60,2026-07-06 17:13:30.414,FF_Default_DynamicFlow_PickUpHL_b14_fp19_r1,3,3,0,2,221,38,183,59,100.0,1.4,0.81
61,2026-07-06 17:13:32.560,FF_Default_DynamicFlow_PickUpHL_b8_fp11_r1,2,2,0,3,227,39,188,64,100.0,0.9,-0.81
62,2026-07-06 17:13:32.560,FF_Default_DynamicFlow_PickUpHL_b14_fp19_r1,2,2,0,3,225,39,186,62,100.0,0.9,-0.81
63,2026-07-06 17:13:32.561,FF_Default_DynamicFlow_PickUpHL_b20_fp27_r1,2,2,0,3,223,39,184,60,100.0,0.9,-0.81
64,2026-07-06 17:13:34.438,FF_Default_DynamicFlow_PickUpHL_b8_fp11_r1,3,3,0,2,233,40,193,69,100.0,1.3,0.81
65,2026-07-06 17:13:34.438,FF_Default_DynamicFlow_PickUpHL_b14_fp19_r1,3,3,0,2,230,40,190,66,100.0,1.3,0.81
66,2026-07-06 17:13:34.439,FF_Default_DynamicFlow_PickUpHL_b20_fp27_r1,3,3,0,2,227,40,187,63,100.0,1.3,0.81
67,2026-07-06 17:13:36.302,FF_Default_DynamicFlow_PickUpHL_b14_fp19_r1,2,2,0,3,233,41,192,68,100.0,0.9,-0.81
68,2026-07-06 17:13:36.303,FF_Default_DynamicFlow_PickUpHL_b20_fp27_r1,2,2,0,3,231,41,190,66,100.0,0.9,-0.81
69,2026-07-06 17:13:36.303,FF_Default_DynamicFlow_PickUpHL_b6_fp8_r1,2,2,0,3,229,41,188,64,100.0,0.9,-0.81
70,2026-07-06 17:13:38.242,FF_Default_DynamicFlow_PickUpHL_b14_fp19_r1,3,3,0,2,239,42,197,73,100.0,1.3,0.81
71,2026-07-06 17:13:38.243,FF_Default_DynamicFlow_PickUpHL_b20_fp27_r1,3,3,0,2,236,42,194,70,100.0,1.3,0.81
72,2026-07-06 17:13:38.243,FF_Default_DynamicFlow_PickUpHL_b6_fp8_r1,3,3,0,2,233,42,191,67,100.0,1.3,0.81
73,2026-07-06 17:13:40.190,FF_Default_DynamicFlow_PickUpHL_b20_fp27_r1,2,2,0,3,239,43,196,72,100.0,0.8,-0.81
74,2026-07-06 17:13:40.190,FF_Default_DynamicFlow_PickUpHL_b6_fp8_r1,2,2,0,3,237,43,194,70,100.0,0.8,-0.81
75,2026-07-06 17:13:40.191,FF_Default_DynamicFlow_PickUpHL_b12_fp16_r1,2,2,0,3,235,43,192,68,100.0,0.9,-0.81
76,2026-07-06 17:13:42.024,FF_Default_DynamicFlow_PickUpHL_b20_fp27_r1,3,3,0,2,245,44,201,77,100.0,1.2,0.81
77,2026-07-06 17:13:42.025,FF_Default_DynamicFlow_PickUpHL_b6_fp8_r1,3,3,0,2,242,44,198,74,100.0,1.2,0.81
78,2026-07-06 17:13:42.025,FF_Default_DynamicFlow_PickUpHL_b12_fp16_r1,3,3,0,2,239,44,195,71,100.0,1.3,0.81
79,2026-07-06 17:13:43.829,FF_Default_DynamicFlow_PickUpHL_b6_fp8_r1,2,2,0,3,245,45,200,76,100.0,0.8,-0.81
80,2026-07-06 17:13:43.829,FF_Default_DynamicFlow_PickUpHL_b12_fp16_r1,2,2,0,3,243,45,198,74,100.0,0.8,-0.81
81,2026-07-06 17:13:43.830,FF_Default_DynamicFlow_PickUpHL_b18_fp24_r1,2,2,0,3,241,45,196,72,100.0,0.8,-0.81
82,2026-07-06 17:13:45.643,FF_Default_DynamicFlow_PickUpHL_b6_fp8_r1,3,3,0,2,251,46,205,81,100.0,1.2,0.81
83,2026-07-06 17:13:45.643,FF_Default_DynamicFlow_PickUpHL_b12_fp16_r1,3,3,0,2,248,46,202,78,100.0,1.2,0.81
84,2026-07-06 17:13:45.643,FF_Default_DynamicFlow_PickUpHL_b18_fp24_r1,3,3,0,2,245,46,199,75,100.0,1.2,0.81
85,2026-07-06 17:13:47.527,FF_Default_DynamicFlow_PickUpHL_b12_fp16_r1,2,2,0,3,251,47,204,80,100.0,0.8,-0.81
86,2026-07-06 17:13:47.527,FF_Default_DynamicFlow_PickUpHL_b18_fp24_r1,2,2,0,3,249,47,202,78,100.0,0.8,-0.81
87,2026-07-06 17:13:47.528,FF_Default_DynamicFlow_PickUpHL_b24_fp32_r1,2,2,0,3,247,47,200,76,100.0,0.8,-0.81
88,2026-07-06 17:13:49.306,FF_Default_DynamicFlow_PickUpHL_b12_fp16_r1,3,3,0,2,257,48,209,85,100.0,1.2,0.81
89,2026-07-06 17:13:49.306,FF_Default_DynamicFlow_PickUpHL_b18_fp24_r1,3,3,0,2,254,48,206,82,100.0,1.2,0.81
90,2026-07-06 17:13:49.307,FF_Default_DynamicFlow_PickUpHL_b24_fp32_r1,3,3,0,2,251,48,203,79,100.0,1.2,0.81
91,2026-07-06 17:13:51.121,FF_Default_DynamicFlow_PickUpHL_b18_fp24_r1,2,2,0,3,257,49,208,84,100.0,0.8,-0.81
92,2026-07-06 17:13:51.123,FF_Default_DynamicFlow_PickUpHL_b24_fp32_r1,2,2,0,3,255,49,206,82,100.0,0.8,-0.81
93,2026-07-06 17:13:51.123,FF_Default_DynamicFlow_PickUpHL_b4_fp6_r1,2,2,0,3,253,49,204,80,100.0,0.8,-0.81
94,2026-07-06 17:13:52.901,FF_Default_DynamicFlow_PickUpHL_b18_fp24_r1,3,3,0,2,263,50,213,89,100.0,1.1,0.81
95,2026-07-06 17:13:52.901,FF_Default_DynamicFlow_PickUpHL_b24_fp32_r1,3,3,0,2,260,50,210,86,100.0,1.2,0.81
96,2026-07-06 17:13:52.902,FF_Default_DynamicFlow_PickUpHL_b4_fp6_r1,3,3,0,2,257,50,207,83,100.0,1.2,0.81
97,2026-07-06 17:13:54.720,FF_Default_DynamicFlow_PickUpHL_b24_fp32_r1,2,2,0,3,263,51,212,88,100.0,0.8,-0.81
98,2026-07-06 17:13:54.721,FF_Default_DynamicFlow_PickUpHL_b4_fp6_r1,2,2,0,3,261,51,210,86,100.0,0.8,-0.81
99,2026-07-06 17:13:54.721,FF_Default_DynamicFlow_PickUpHL_b10_fp14_r1,2,2,0,3,259,51,208,84,100.0,0.8,-0.81
100,2026-07-06 17:13:56.506,FF_Default_DynamicFlow_PickUpHL_b24_fp32_r1,3,3,0,2,269,52,217,93,100.0,1.1,0.81
101,2026-07-06 17:13:56.506,FF_Default_DynamicFlow_PickUpHL_b4_fp6_r1,3,3,0,2,266,52,214,90,100.0,1.1,0.81
102,2026-07-06 17:13:56.506,FF_Default_DynamicFlow_PickUpHL_b10_fp14_r1,3,3,0,2,263,52,211,87,100.0,1.1,0.81
103,2026-07-06 17:13:58.323,FF_Default_DynamicFlow_PickUpHL_b4_fp6_r1,2,2,0,3,269,53,216,92,100.0,0.7,-0.81
104,2026-07-06 17:13:58.323,FF_Default_DynamicFlow_PickUpHL_b10_fp14_r1,2,2,0,3,267,53,214,90,100.0,0.7,-0.81
105,2026-07-06 17:13:58.324,FF_Default_DynamicFlow_PickUpHL_b16_fp22_r1,2,2,0,3,265,53,212,88,100.0,0.8,-0.81
106,2026-07-06 17:14:00.127,FF_Default_DynamicFlow_PickUpHL_b4_fp6_r1,3,3,0,2,275,54,221,97,100.0,1.1,0.81
107,2026-07-06 17:14:00.128,FF_Default_DynamicFlow_PickUpHL_b10_fp14_r1,3,3,0,2,272,54,218,94,100.0,1.1,0.81
108,2026-07-06 17:14:00.128,FF_Default_DynamicFlow_PickUpHL_b16_fp22_r1,3,3,0,2,269,54,215,91,100.0,1.1,0.81
109,2026-07-06 17:14:02.154,FF_Default_DynamicFlow_PickUpHL_b10_fp14_r1,2,2,0,3,275,55,220,96,100.0,0.7,-0.81
110,2026-07-06 17:14:02.154,FF_Default_DynamicFlow_PickUpHL_b16_fp22_r1,2,2,0,3,273,55,218,94,100.0,0.7,-0.81
111,2026-07-06 17:14:02.155,FF_Default_DynamicFlow_PickUpHL_b22_fp30_r1,2,2,0,3,271,55,216,92,100.0,0.7,-0.81
112,2026-07-06 17:14:04.212,FF_Default_DynamicFlow_PickUpHL_b10_fp14_r1,3,3,0,2,281,56,225,101,100.0,1.1,0.81
113,2026-07-06 17:14:04.214,FF_Default_DynamicFlow_PickUpHL_b16_fp22_r1,3,3,0,2,278,56,222,98,100.0,1.1,0.81
114,2026-07-06 17:14:04.216,FF_Default_DynamicFlow_PickUpHL_b22_fp30_r1,3,3,0,2,275,56,219,95,100.0,1.1,0.81
115,2026-07-06 17:14:06.291,FF_Default_DynamicFlow_PickUpHL_b16_fp22_r1,2,2,0,3,281,57,224,100,100.0,0.7,-0.81
116,2026-07-06 17:14:06.293,FF_Default_DynamicFlow_PickUpHL_b22_fp30_r1,2,2,0,3,279,57,222,98,100.0,0.7,-0.81
117,2026-07-06 17:14:06.295,FF_Default_DynamicFlow_PickUpHL_b3_fp4_r1,2,2,0,3,277,57,220,96,100.0,0.7,-0.81
118,2026-07-06 17:14:08.400,FF_Default_DynamicFlow_PickUpHL_b16_fp22_r1,3,3,0,2,287,58,229,105,100.0,1.0,0.81
119,2026-07-06 17:14:08.402,FF_Default_DynamicFlow_PickUpHL_b22_fp30_r1,3,3,0,2,284,58,226,102,100.0,1.1,0.81
120,2026-07-06 17:14:08.404,FF_Default_DynamicFlow_PickUpHL_b3_fp4_r1,3,3,0,2,281,58,223,99,100.0,1.1,0.81
121,2026-07-06 17:14:10.469,FF_Default_DynamicFlow_PickUpHL_b22_fp30_r1,2,2,0,3,287,59,228,104,100.0,0.7,-0.81
122,2026-07-06 17:14:10.470,FF_Default_DynamicFlow_PickUpHL_b3_fp4_r1,2,2,0,3,285,59,226,102,100.0,0.7,-0.81
123,2026-07-06 17:14:10.471,FF_Default_DynamicFlow_PickUpHL_b9_fp12_r1,2,2,0,3,283,59,224,100,100.0,0.7,-0.81
124,2026-07-06 17:14:12.522,FF_Default_DynamicFlow_PickUpHL_b22_fp30_r1,3,3,0,2,293,60,233,109,100.0,1.0,0.81
125,2026-07-06 17:14:12.523,FF_Default_DynamicFlow_PickUpHL_b3_fp4_r1,3,3,0,2,290,60,230,106,100.0,1.0,0.81
126,2026-07-06 17:14:12.524,FF_Default_DynamicFlow_PickUpHL_b9_fp12_r1,3,3,0,2,287,60,227,103,100.0,1.0,0.81
127,2026-07-06 17:14:14.585,FF_Default_DynamicFlow_PickUpHL_b3_fp4_r1,2,2,0,3,293,61,232,108,100.0,0.7,-0.81
128,2026-07-06 17:14:14.587,FF_Default_DynamicFlow_PickUpHL_b9_fp12_r1,2,2,0,3,291,61,230,106,100.0,0.7,-0.81
129,2026-07-06 17:14:14.588,FF_Default_DynamicFlow_PickUpHL_b15_fp20_r1,2,2,0,3,289,61,228,104,100.0,0.7,-0.81
130,2026-07-06 17:14:16.578,FF_Default_DynamicFlow_PickUpHL_b3_fp4_r1,3,3,0,2,299,62,237,113,100.0,1.0,0.81
131,2026-07-06 17:14:16.579,FF_Default_DynamicFlow_PickUpHL_b9_fp12_r1,3,3,0,2,296,62,234,110,100.0,1.0,0.81
132,2026-07-06 17:14:16.580,FF_Default_DynamicFlow_PickUpHL_b15_fp20_r1,3,3,0,2,293,62,231,107,100.0,1.0,0.81
133,2026-07-06 17:14:18.734,FF_Default_DynamicFlow_PickUpHL_b9_fp12_r1,2,2,0,3,299,63,236,112,100.0,0.7,-0.81
134,2026-07-06 17:14:18.735,FF_Default_DynamicFlow_PickUpHL_b15_fp20_r1,2,2,0,3,297,63,234,110,100.0,0.7,-0.81
135,2026-07-06 17:14:18.736,FF_Default_DynamicFlow_PickUpHL_b21_fp28_r1,2,2,0,3,295,63,232,108,100.0,0.7,-0.81
136,2026-07-06 17:14:20.818,FF_Default_DynamicFlow_PickUpHL_b9_fp12_r1,3,3,0,2,305,64,241,117,100.0,1.0,0.81
137,2026-07-06 17:14:20.820,FF_Default_DynamicFlow_PickUpHL_b15_fp20_r1,3,3,0,2,302,64,238,114,100.0,1.0,0.81
138,2026-07-06 17:14:20.821,FF_Default_DynamicFlow_PickUpHL_b21_fp28_r1,3,3,0,2,299,64,235,111,100.0,1.0,0.81
139,2026-07-06 17:14:22.972,FF_Default_DynamicFlow_PickUpHL_b15_fp20_r1,2,2,0,3,305,65,240,116,100.0,0.7,-0.81
140,2026-07-06 17:14:22.973,FF_Default_DynamicFlow_PickUpHL_b21_fp28_r1,2,2,0,3,303,65,238,114,100.0,0.7,-0.81
141,2026-07-06 17:14:22.975,FF_Default_DynamicFlow_PickUpHL_b5_fp7_r1,2,2,0,3,301,65,236,112,100.0,0.7,-0.81
142,2026-07-06 17:14:24.896,FF_Default_DynamicFlow_PickUpHL_b15_fp20_r1,3,3,0,2,311,66,245,121,100.0,1.0,0.81
143,2026-07-06 17:14:24.897,FF_Default_DynamicFlow_PickUpHL_b21_fp28_r1,3,3,0,2,308,66,242,118,100.0,1.0,0.81
144,2026-07-06 17:14:24.897,FF_Default_DynamicFlow_PickUpHL_b5_fp7_r1,3,3,0,2,305,66,239,115,100.0,1.0,0.81
145,2026-07-06 17:14:26.713,FF_Default_DynamicFlow_PickUpHL_b21_fp28_r1,2,2,0,3,311,67,244,120,100.0,0.6,-0.81
146,2026-07-06 17:14:26.713,FF_Default_DynamicFlow_PickUpHL_b5_fp7_r1,2,2,0,3,309,67,242,118,100.0,0.6,-0.81
147,2026-07-06 17:14:26.714,FF_Default_DynamicFlow_PickUpHL_b11_fp15_r1,2,2,0,3,307,67,240,116,100.0,0.7,-0.81
148,2026-07-06 17:14:28.542,FF_Default_DynamicFlow_PickUpHL_b21_fp28_r1,3,3,0,2,317,68,249,125,100.0,0.9,0.80
149,2026-07-06 17:14:28.543,FF_Default_DynamicFlow_PickUpHL_b5_fp7_r1,3,3,0,2,314,68,246,122,100.0,1.0,0.81
150,2026-07-06 17:14:28.543,FF_Default_DynamicFlow_PickUpHL_b11_fp15_r1,3,3,0,2,311,68,243,119,100.0,1.0,0.81
151,2026-07-06 17:14:30.357,FF_Default_DynamicFlow_PickUpHL_b5_fp7_r1,2,2,0,3,317,69,248,124,100.0,0.6,-0.81
152,2026-07-06 17:14:30.357,FF_Default_DynamicFlow_PickUpHL_b11_fp15_r1,2,2,0,3,315,69,246,122,100.0,0.6,-0.81
153,2026-07-06 17:14:30.358,FF_Default_DynamicFlow_PickUpHL_b17_fp23_r1,2,2,0,3,313,69,244,120,100.0,0.6,-0.81
154,2026-07-06 17:14:32.462,FF_Default_DynamicFlow_PickUpHL_b5_fp7_r1,3,3,0,2,323,70,253,129,100.0,0.9,0.78
155,2026-07-06 17:14:32.463,FF_Default_DynamicFlow_PickUpHL_b11_fp15_r1,3,3,0,2,320,70,250,126,100.0,0.9,0.79
156,2026-07-06 17:14:32.464,FF_Default_DynamicFlow_PickUpHL_b17_fp23_r1,3,3,0,2,317,70,247,123,100.0,0.9,0.81
157,2026-07-06 17:14:34.694,FF_Default_DynamicFlow_PickUpHL_b11_fp15_r1,2,2,0,3,323,71,252,128,100.0,0.6,-0.78
158,2026-07-06 17:14:34.696,FF_Default_DynamicFlow_PickUpHL_b17_fp23_r1,2,2,0,3,321,71,250,126,100.0,0.6,-0.79
159,2026-07-06 17:14:34.697,FF_Default_DynamicFlow_PickUpHL_b23_fp31_r1,2,2,0,3,319,71,248,124,100.0,0.6,-0.81
160,2026-07-06 17:14:36.823,FF_Default_DynamicFlow_PickUpHL_b11_fp15_r1,3,3,0,2,329,72,257,133,100.0,0.9,0.75
161,2026-07-06 17:14:36.825,FF_Default_DynamicFlow_PickUpHL_b17_fp23_r1,3,3,0,2,326,72,254,130,100.0,0.9,0.77
162,2026-07-06 17:14:36.827,FF_Default_DynamicFlow_PickUpHL_b23_fp31_r1,3,3,0,2,323,72,251,127,100.0,0.9,0.79
163,2026-07-06 17:14:39.015,FF_Default_DynamicFlow_PickUpHL_b17_fp23_r1,2,2,0,3,335,73,262,138,100.0,0.6,-0.72
164,2026-07-06 17:14:39.017,FF_Default_DynamicFlow_PickUpHL_b23_fp31_r1,2,2,0,3,333,73,260,136,100.0,0.6,-0.74
165,2026-07-06 17:14:39.018,FF_Default_DynamicFlow_NailingBeamHL_b2_r1_m1_lay1,8,8,0,11,331,73,258,134,100.0,2.4,-2.24
166,2026-07-06 17:14:41.376,FF_Default_DynamicFlow_PickUpHL_b17_fp23_r1,3,3,0,2,343,74,269,145,100.0,0.9,0.69
167,2026-07-06 17:14:41.378,FF_Default_DynamicFlow_PickUpHL_b23_fp31_r1,3,3,0,2,340,74,266,142,100.0,0.9,0.70
168,2026-07-06 17:14:41.380,FF_Default_DynamicFlow_NailingBeamHL_b2_r1_m1_lay1,11,11,0,8,337,74,263,139,100.0,3.3,2.16
169,2026-07-06 17:14:43.787,FF_Default_DynamicFlow_PickUpHL_b23_fp31_r1,2,2,0,3,347,75,272,148,100.0,0.6,-0.68
170,2026-07-06 17:14:43.789,FF_Default_DynamicFlow_NailingBeamHL_b2_r1_m1_lay1,8,8,0,11,345,75,270,146,100.0,2.3,-2.05
171,2026-07-06 17:14:43.792,FF_Default_DynamicFlow_NailingBeamHL_b8_r1_m2_lay2,8,8,0,11,337,75,262,138,100.0,2.4,-2.17
172,2026-07-06 17:14:46.155,FF_Default_DynamicFlow_PickUpHL_b23_fp31_r1,3,3,0,2,357,76,281,157,100.0,0.8,0.64
173,2026-07-06 17:14:46.158,FF_Default_DynamicFlow_NailingBeamHL_b2_r1_m1_lay1,11,11,0,8,354,76,278,154,100.0,3.1,1.95
174,2026-07-06 17:14:46.159,FF_Default_DynamicFlow_NailingBeamHL_b8_r1_m2_lay2,11,11,0,8,343,76,267,143,100.0,3.2,2.10
175,2026-07-06 17:14:48.519,FF_Default_DynamicFlow_NailingBeamHL_b2_r1_m1_lay1,8,8,0,11,359,77,282,158,100.0,2.2,-1.90
176,2026-07-06 17:14:48.520,FF_Default_DynamicFlow_NailingBeamHL_b8_r1_m2_lay2,8,8,0,11,351,77,274,150,100.0,2.3,-2.00
177,2026-07-06 17:14:48.521,FF_Default_DynamicFlow_NailingBeamHL_b14_r1_m3_lay3,8,8,0,11,343,77,266,142,100.0,2.3,-2.11
178,2026-07-06 17:14:50.686,FF_Default_DynamicFlow_NailingBeamHL_b2_r1_m1_lay1,11,11,0,8,371,78,293,169,100.0,3.0,1.78
179,2026-07-06 17:14:50.688,FF_Default_DynamicFlow_NailingBeamHL_b8_r1_m2_lay2,11,11,0,8,360,78,282,158,100.0,3.1,1.90
180,2026-07-06 17:14:50.689,FF_Default_DynamicFlow_NailingBeamHL_b14_r1_m3_lay3,11,11,0,8,349,78,271,147,100.0,3.2,2.04
181,2026-07-06 17:14:54.482,FF_Default_DynamicFlow_NailingBeamHL_b8_r1_m2_lay2,8,8,0,2,371,79,292,168,100.0,2.2,3.57
182,2026-07-06 17:14:54.485,FF_Default_DynamicFlow_NailingBeamHL_b14_r1_m3_lay3,8,8,0,2,363,79,284,160,100.0,2.2,3.75
183,2026-07-06 17:14:54.490,FF_Default_DynamicFlow_NailingBeamHL_b20_r1_m4_lay4,8,8,0,2,355,79,276,152,100.0,2.3,3.95
184,2026-07-06 17:14:56.427,FF_Default_DynamicFlow_NailingBeamHL_b8_r1_m2_lay2,2,2,0,2,355,80,275,151,100.0,0.6,0.00
185,2026-07-06 17:14:56.428,FF_Default_DynamicFlow_NailingBeamHL_b14_r1_m3_lay3,2,2,0,2,353,80,273,149,100.0,0.6,0.00
186,2026-07-06 17:14:56.429,FF_Default_DynamicFlow_NailingBeamHL_b20_r1_m4_lay4,2,2,0,2,351,80,271,147,100.0,0.6,0.00
187,2026-07-06 17:14:58.354,FF_Default_DynamicFlow_NailingBeamHL_b8_r1_m2_lay2,2,2,0,2,357,81,276,152,100.0,0.6,0.00
188,2026-07-06 17:14:58.357,FF_Default_DynamicFlow_NailingBeamHL_b14_r1_m3_lay3,2,2,0,2,355,81,274,150,100.0,0.6,0.00
189,2026-07-06 17:14:58.358,FF_Default_DynamicFlow_NailingBeamHL_b20_r1_m4_lay4,2,2,0,2,353,81,272,148,100.0,0.6,0.00
190,2026-07-06 17:15:00.297,FF_Default_DynamicFlow_NailingBeamHL_b8_r1_m2_lay2,2,2,0,2,359,82,277,153,100.0,0.6,0.00
191,2026-07-06 17:15:00.299,FF_Default_DynamicFlow_NailingBeamHL_b14_r1_m3_lay3,2,2,0,2,357,82,275,151,100.0,0.6,0.00
192,2026-07-06 17:15:00.301,FF_Default_DynamicFlow_NailingBeamHL_b20_r1_m4_lay4,2,2,0,2,355,82,273,149,100.0,0.6,0.00
193,2026-07-06 17:15:02.150,FF_Default_DynamicFlow_NailingBeamHL_b8_r1_m2_lay2,2,2,0,2,361,83,278,154,100.0,0.6,0.00
194,2026-07-06 17:15:02.152,FF_Default_DynamicFlow_NailingBeamHL_b14_r1_m3_lay3,2,2,0,2,359,83,276,152,100.0,0.6,0.00
195,2026-07-06 17:15:02.154,FF_Default_DynamicFlow_NailingBeamHL_b20_r1_m4_lay4,2,2,0,2,357,83,274,150,100.0,0.6,0.00
196,2026-07-06 17:15:04.032,FF_Default_DynamicFlow_NailingBeamHL_b8_r1_m2_lay2,2,2,0,2,363,84,279,155,100.0,0.6,0.00
197,2026-07-06 17:15:04.035,FF_Default_DynamicFlow_NailingBeamHL_b14_r1_m3_lay3,2,2,0,2,361,84,277,153,100.0,0.6,0.00
198,2026-07-06 17:15:04.035,FF_Default_DynamicFlow_NailingBeamHL_b20_r1_m4_lay4,2,2,0,2,359,84,275,151,100.0,0.6,0.00
199,2026-07-06 17:15:06.128,FF_Default_DynamicFlow_NailingBeamHL_b14_r1_m3_lay3,2,2,0,2,372,85,287,163,100.0,0.5,0.00
200,2026-07-06 17:15:06.130,FF_Default_DynamicFlow_NailingBeamHL_b20_r1_m4_lay4,2,2,0,2,370,85,285,161,100.0,0.5,0.00
201,2026-07-06 17:15:06.131,FF_Default_DynamicFlow_GluingBeamHL_b1_r1_m1_lay1,8,8,0,8,368,85,283,159,100.0,2.2,0.00
202,2026-07-06 17:15:08.037,FF_Default_DynamicFlow_NailingBeamHL_b14_r1_m3_lay3,2,2,0,2,374,86,288,164,100.0,0.5,0.00
203,2026-07-06 17:15:08.038,FF_Default_DynamicFlow_NailingBeamHL_b20_r1_m4_lay4,2,2,0,2,372,86,286,162,100.0,0.5,0.00
204,2026-07-06 17:15:08.039,FF_Default_DynamicFlow_GluingBeamHL_b1_r1_m1_lay1,8,8,0,8,370,86,284,160,100.0,2.2,0.00
205,2026-07-06 17:15:09.914,FF_Default_DynamicFlow_NailingBeamHL_b14_r1_m3_lay3,2,2,0,2,376,87,289,165,100.0,0.5,0.00
206,2026-07-06 17:15:09.915,FF_Default_DynamicFlow_NailingBeamHL_b20_r1_m4_lay4,2,2,0,2,374,87,287,163,100.0,0.5,0.00
207,2026-07-06 17:15:09.916,FF_Default_DynamicFlow_GluingBeamHL_b1_r1_m1_lay1,8,8,0,8,372,87,285,161,100.0,2.2,0.00
208,2026-07-06 17:15:11.821,FF_Default_DynamicFlow_NailingBeamHL_b14_r1_m3_lay3,2,2,0,2,378,88,290,166,100.0,0.5,0.00
209,2026-07-06 17:15:11.822,FF_Default_DynamicFlow_NailingBeamHL_b20_r1_m4_lay4,2,2,0,2,376,88,288,164,100.0,0.5,0.00
210,2026-07-06 17:15:11.824,FF_Default_DynamicFlow_GluingBeamHL_b1_r1_m1_lay1,8,8,0,8,374,88,286,162,100.0,2.1,0.00
211,2026-07-06 17:15:13.750,FF_Default_DynamicFlow_NailingBeamHL_b14_r1_m3_lay3,2,2,0,2,380,89,291,167,100.0,0.5,0.00
212,2026-07-06 17:15:13.751,FF_Default_DynamicFlow_NailingBeamHL_b20_r1_m4_lay4,2,2,0,2,378,89,289,165,100.0,0.5,0.00
213,2026-07-06 17:15:13.752,FF_Default_DynamicFlow_GluingBeamHL_b1_r1_m1_lay1,8,8,0,8,376,89,287,163,100.0,2.1,0.00
214,2026-07-06 17:15:15.635,FF_Default_DynamicFlow_NailingBeamHL_b14_r1_m3_lay3,2,2,0,2,382,90,292,168,100.0,0.5,0.00
215,2026-07-06 17:15:15.637,FF_Default_DynamicFlow_NailingBeamHL_b20_r1_m4_lay4,2,2,0,2,380,90,290,166,100.0,0.5,0.00
216,2026-07-06 17:15:15.639,FF_Default_DynamicFlow_GluingBeamHL_b1_r1_m1_lay1,8,8,0,8,378,90,288,164,100.0,2.1,0.00
217,2026-07-06 17:15:17.723,FF_Default_DynamicFlow_NailingBeamHL_b20_r1_m4_lay4,2,2,0,2,391,91,300,176,100.0,0.5,0.00
218,2026-07-06 17:15:17.725,FF_Default_DynamicFlow_GluingBeamHL_b1_r1_m1_lay1,8,8,0,8,389,91,298,174,100.0,2.1,0.00
219,2026-07-06 17:15:17.727,FF_Default_DynamicFlow_GluingBeamHL_b7_r1_m2_lay2,8,8,0,8,381,91,290,166,100.0,2.1,0.00
220,2026-07-06 17:15:19.669,FF_Default_DynamicFlow_NailingBeamHL_b20_r1_m4_lay4,2,2,0,2,393,92,301,177,100.0,0.5,0.00
221,2026-07-06 17:15:19.670,FF_Default_DynamicFlow_GluingBeamHL_b1_r1_m1_lay1,8,8,0,8,391,92,299,175,100.0,2.0,0.00
222,2026-07-06 17:15:19.671,FF_Default_DynamicFlow_GluingBeamHL_b7_r1_m2_lay2,8,8,0,8,383,92,291,167,100.0,2.1,0.00
223,2026-07-06 17:15:21.626,FF_Default_DynamicFlow_NailingBeamHL_b20_r1_m4_lay4,2,2,0,2,395,93,302,178,100.0,0.5,0.00
224,2026-07-06 17:15:21.628,FF_Default_DynamicFlow_GluingBeamHL_b1_r1_m1_lay1,8,8,0,8,393,93,300,176,100.0,2.0,0.00
225,2026-07-06 17:15:21.629,FF_Default_DynamicFlow_GluingBeamHL_b7_r1_m2_lay2,8,8,0,8,385,93,292,168,100.0,2.1,0.00
226,2026-07-06 17:15:23.536,FF_Default_DynamicFlow_NailingBeamHL_b20_r1_m4_lay4,2,2,0,2,397,94,303,179,100.0,0.5,0.00
227,2026-07-06 17:15:23.537,FF_Default_DynamicFlow_GluingBeamHL_b1_r1_m1_lay1,8,8,0,8,395,94,301,177,100.0,2.0,0.00
228,2026-07-06 17:15:23.538,FF_Default_DynamicFlow_GluingBeamHL_b7_r1_m2_lay2,8,8,0,8,387,94,293,169,100.0,2.1,0.00
229,2026-07-06 17:15:25.432,FF_Default_DynamicFlow_NailingBeamHL_b20_r1_m4_lay4,2,2,0,2,399,95,304,180,100.0,0.5,0.00
230,2026-07-06 17:15:25.433,FF_Default_DynamicFlow_GluingBeamHL_b1_r1_m1_lay1,8,8,0,8,397,95,302,178,100.0,2.0,0.00
231,2026-07-06 17:15:25.434,FF_Default_DynamicFlow_GluingBeamHL_b7_r1_m2_lay2,8,8,0,8,389,95,294,170,100.0,2.1,0.00
232,2026-07-06 17:15:27.283,FF_Default_DynamicFlow_NailingBeamHL_b20_r1_m4_lay4,2,2,0,2,401,96,305,181,100.0,0.5,0.00
233,2026-07-06 17:15:27.284,FF_Default_DynamicFlow_GluingBeamHL_b1_r1_m1_lay1,8,8,0,8,399,96,303,179,100.0,2.0,0.00
234,2026-07-06 17:15:27.285,FF_Default_DynamicFlow_GluingBeamHL_b7_r1_m2_lay2,8,8,0,8,391,96,295,171,100.0,2.0,0.00
235,2026-07-06 17:15:29.443,FF_Default_DynamicFlow_GluingBeamHL_b1_r1_m1_lay1,8,8,0,8,410,97,313,189,100.0,2.0,0.00
236,2026-07-06 17:15:29.445,FF_Default_DynamicFlow_GluingBeamHL_b7_r1_m2_lay2,8,8,0,8,402,97,305,181,100.0,2.0,0.00
237,2026-07-06 17:15:29.446,FF_Default_DynamicFlow_GluingBeamHL_b13_r1_m3_lay3,8,8,0,8,394,97,297,173,100.0,2.0,0.00
238,2026-07-06 17:15:31.345,FF_Default_DynamicFlow_GluingBeamHL_b1_r1_m1_lay1,8,8,0,8,412,98,314,190,100.0,1.9,0.00
239,2026-07-06 17:15:31.346,FF_Default_DynamicFlow_GluingBeamHL_b7_r1_m2_lay2,8,8,0,8,404,98,306,182,100.0,2.0,0.00
240,2026-07-06 17:15:31.348,FF_Default_DynamicFlow_GluingBeamHL_b13_r1_m3_lay3,8,8,0,8,396,98,298,174,100.0,2.0,0.00
241,2026-07-06 17:15:33.344,FF_Default_DynamicFlow_GluingBeamHL_b1_r1_m1_lay1,8,8,0,8,414,99,315,191,100.0,1.9,0.00
242,2026-07-06 17:15:33.345,FF_Default_DynamicFlow_GluingBeamHL_b7_r1_m2_lay2,8,8,0,8,406,99,307,183,100.0,2.0,0.00
243,2026-07-06 17:15:33.345,FF_Default_DynamicFlow_GluingBeamHL_b13_r1_m3_lay3,8,8,0,8,398,99,299,175,100.0,2.0,0.00
244,2026-07-06 17:15:35.252,FF_Default_DynamicFlow_GluingBeamHL_b1_r1_m1_lay1,8,8,0,8,416,100,316,192,100.0,1.9,0.00
245,2026-07-06 17:15:35.253,FF_Default_DynamicFlow_GluingBeamHL_b7_r1_m2_lay2,8,8,0,8,408,100,308,184,100.0,2.0,0.00
246,2026-07-06 17:15:35.255,FF_Default_DynamicFlow_GluingBeamHL_b13_r1_m3_lay3,8,8,0,8,400,100,300,176,100.0,2.0,0.00
247,2026-07-06 17:15:37.199,FF_Default_DynamicFlow_GluingBeamHL_b1_r1_m1_lay1,8,8,0,8,418,101,317,193,100.0,1.9,0.00
248,2026-07-06 17:15:37.201,FF_Default_DynamicFlow_GluingBeamHL_b7_r1_m2_lay2,8,8,0,8,410,101,309,185,100.0,2.0,0.00
249,2026-07-06 17:15:37.202,FF_Default_DynamicFlow_GluingBeamHL_b13_r1_m3_lay3,8,8,0,8,402,101,301,177,100.0,2.0,0.00
250,2026-07-06 17:15:39.139,FF_Default_DynamicFlow_GluingBeamHL_b1_r1_m1_lay1,8,8,0,8,420,102,318,194,100.0,1.9,0.00
251,2026-07-06 17:15:39.142,FF_Default_DynamicFlow_GluingBeamHL_b7_r1_m2_lay2,8,8,0,8,412,102,310,186,100.0,1.9,0.00
252,2026-07-06 17:15:39.144,FF_Default_DynamicFlow_GluingBeamHL_b13_r1_m3_lay3,8,8,0,8,404,102,302,178,100.0,2.0,0.00
253,2026-07-06 17:15:42.652,FF_Default_DynamicFlow_GluingBeamHL_b7_r1_m2_lay2,8,8,0,2,429,103,326,202,100.0,1.9,2.97
254,2026-07-06 17:15:42.654,FF_Default_DynamicFlow_GluingBeamHL_b13_r1_m3_lay3,8,8,0,2,421,103,318,194,100.0,1.9,3.09
255,2026-07-06 17:15:42.655,FF_Default_DynamicFlow_GluingBeamHL_b19_r1_m4_lay4,8,8,0,2,413,103,310,186,100.0,1.9,3.23
256,2026-07-06 17:15:44.456,FF_Default_DynamicFlow_GluingBeamHL_b7_r1_m2_lay2,2,2,0,2,413,104,309,185,100.0,0.5,0.00
257,2026-07-06 17:15:44.458,FF_Default_DynamicFlow_GluingBeamHL_b13_r1_m3_lay3,2,2,0,2,411,104,307,183,100.0,0.5,0.00
258,2026-07-06 17:15:44.462,FF_Default_DynamicFlow_GluingBeamHL_b19_r1_m4_lay4,2,2,0,2,409,104,305,181,100.0,0.5,0.00
259,2026-07-06 17:15:46.363,FF_Default_DynamicFlow_GluingBeamHL_b7_r1_m2_lay2,2,2,0,2,415,105,310,186,100.0,0.5,0.00
260,2026-07-06 17:15:46.365,FF_Default_DynamicFlow_GluingBeamHL_b13_r1_m3_lay3,2,2,0,2,413,105,308,184,100.0,0.5,0.00
261,2026-07-06 17:15:46.367,FF_Default_DynamicFlow_GluingBeamHL_b19_r1_m4_lay4,2,2,0,2,411,105,306,182,100.0,0.5,0.00
262,2026-07-06 17:15:48.140,FF_Default_DynamicFlow_GluingBeamHL_b7_r1_m2_lay2,2,2,0,2,417,106,311,187,100.0,0.5,0.00
263,2026-07-06 17:15:48.142,FF_Default_DynamicFlow_GluingBeamHL_b13_r1_m3_lay3,2,2,0,2,415,106,309,185,100.0,0.5,0.00
264,2026-07-06 17:15:48.144,FF_Default_DynamicFlow_GluingBeamHL_b19_r1_m4_lay4,2,2,0,2,413,106,307,183,100.0,0.5,0.00
265,2026-07-06 17:15:49.939,FF_Default_DynamicFlow_GluingBeamHL_b7_r1_m2_lay2,2,2,0,2,419,107,312,188,100.0,0.5,0.00
266,2026-07-06 17:15:49.941,FF_Default_DynamicFlow_GluingBeamHL_b13_r1_m3_lay3,2,2,0,2,417,107,310,186,100.0,0.5,0.00
267,2026-07-06 17:15:49.945,FF_Default_DynamicFlow_GluingBeamHL_b19_r1_m4_lay4,2,2,0,2,415,107,308,184,100.0,0.5,0.00
268,2026-07-06 17:15:51.829,FF_Default_DynamicFlow_GluingBeamHL_b7_r1_m2_lay2,2,2,0,2,421,108,313,189,100.0,0.5,0.00
269,2026-07-06 17:15:51.830,FF_Default_DynamicFlow_GluingBeamHL_b13_r1_m3_lay3,2,2,0,2,419,108,311,187,100.0,0.5,0.00
270,2026-07-06 17:15:51.833,FF_Default_DynamicFlow_GluingBeamHL_b19_r1_m4_lay4,2,2,0,2,417,108,309,185,100.0,0.5,0.00
271,2026-07-06 17:15:53.914,FF_Default_DynamicFlow_GluingBeamHL_b13_r1_m3_lay3,2,2,0,2,431,109,322,198,100.0,0.5,0.00
272,2026-07-06 17:15:53.915,FF_Default_DynamicFlow_GluingBeamHL_b19_r1_m4_lay4,2,2,0,2,429,109,320,196,100.0,0.5,0.00
273,2026-07-06 17:15:53.916,FF_Default_DynamicFlow_PickUpHL_tp1_fp5_r1,9,9,0,9,427,109,318,194,100.0,2.1,0.00
274,2026-07-06 17:15:55.733,FF_Default_DynamicFlow_GluingBeamHL_b13_r1_m3_lay3,2,2,0,2,433,110,323,199,100.0,0.5,0.00
275,2026-07-06 17:15:55.734,FF_Default_DynamicFlow_GluingBeamHL_b19_r1_m4_lay4,2,2,0,2,431,110,321,197,100.0,0.5,0.00
276,2026-07-06 17:15:55.736,FF_Default_DynamicFlow_PickUpHL_tp1_fp5_r1,9,9,0,9,429,110,319,195,100.0,2.1,0.00
277,2026-07-06 17:15:57.651,FF_Default_DynamicFlow_GluingBeamHL_b13_r1_m3_lay3,2,2,0,2,435,111,324,200,100.0,0.5,0.00
278,2026-07-06 17:15:57.652,FF_Default_DynamicFlow_GluingBeamHL_b19_r1_m4_lay4,2,2,0,2,433,111,322,198,100.0,0.5,0.00
279,2026-07-06 17:15:57.653,FF_Default_DynamicFlow_PickUpHL_tp1_fp5_r1,9,9,0,9,431,111,320,196,100.0,2.1,0.00
280,2026-07-06 17:15:59.563,FF_Default_DynamicFlow_GluingBeamHL_b13_r1_m3_lay3,2,2,0,2,437,112,325,201,100.0,0.5,0.00
281,2026-07-06 17:15:59.565,FF_Default_DynamicFlow_GluingBeamHL_b19_r1_m4_lay4,2,2,0,2,435,112,323,199,100.0,0.5,0.00
282,2026-07-06 17:15:59.567,FF_Default_DynamicFlow_PickUpHL_tp1_fp5_r1,9,9,0,9,433,112,321,197,100.0,2.1,0.00
283,2026-07-06 17:16:01.444,FF_Default_DynamicFlow_GluingBeamHL_b13_r1_m3_lay3,2,2,0,2,439,113,326,202,100.0,0.5,0.00
284,2026-07-06 17:16:01.446,FF_Default_DynamicFlow_GluingBeamHL_b19_r1_m4_lay4,2,2,0,2,437,113,324,200,100.0,0.5,0.00
285,2026-07-06 17:16:01.448,FF_Default_DynamicFlow_PickUpHL_tp1_fp5_r1,9,9,0,9,435,113,322,198,100.0,2.1,0.00
286,2026-07-06 17:16:03.319,FF_Default_DynamicFlow_GluingBeamHL_b13_r1_m3_lay3,2,2,0,2,441,114,327,203,100.0,0.5,0.00
287,2026-07-06 17:16:03.321,FF_Default_DynamicFlow_GluingBeamHL_b19_r1_m4_lay4,2,2,0,2,439,114,325,201,100.0,0.5,0.00
288,2026-07-06 17:16:03.322,FF_Default_DynamicFlow_PickUpHL_tp1_fp5_r1,9,9,0,9,437,114,323,199,100.0,2.1,0.00
289,2026-07-06 17:16:05.330,FF_Default_DynamicFlow_GluingBeamHL_b19_r1_m4_lay4,2,2,0,2,451,115,336,212,100.0,0.4,0.00
290,2026-07-06 17:16:05.331,FF_Default_DynamicFlow_PickUpHL_tp1_fp5_r1,9,9,0,9,449,115,334,210,100.0,2.0,0.00
291,2026-07-06 17:16:05.333,FF_Default_DynamicFlow_PickUpHL_tp2_fp13_r1,9,9,0,9,440,115,325,201,100.0,2.0,0.00
292,2026-07-06 17:16:07.217,FF_Default_DynamicFlow_GluingBeamHL_b19_r1_m4_lay4,2,2,0,2,453,116,337,213,100.0,0.4,0.00
293,2026-07-06 17:16:07.218,FF_Default_DynamicFlow_PickUpHL_tp1_fp5_r1,9,9,0,9,451,116,335,211,100.0,2.0,0.00
294,2026-07-06 17:16:07.220,FF_Default_DynamicFlow_PickUpHL_tp2_fp13_r1,9,9,0,9,442,116,326,202,100.0,2.0,0.00
295,2026-07-06 17:16:08.990,FF_Default_DynamicFlow_GluingBeamHL_b19_r1_m4_lay4,2,2,0,2,455,117,338,214,100.0,0.4,0.00
296,2026-07-06 17:16:08.991,FF_Default_DynamicFlow_PickUpHL_tp1_fp5_r1,9,9,0,9,453,117,336,212,100.0,2.0,0.00
297,2026-07-06 17:16:08.993,FF_Default_DynamicFlow_PickUpHL_tp2_fp13_r1,9,9,0,9,444,117,327,203,100.0,2.0,0.00
298,2026-07-06 17:16:10.862,FF_Default_DynamicFlow_GluingBeamHL_b19_r1_m4_lay4,2,2,0,2,457,118,339,215,100.0,0.4,0.00
299,2026-07-06 17:16:10.863,FF_Default_DynamicFlow_PickUpHL_tp1_fp5_r1,9,9,0,9,455,118,337,213,100.0,2.0,0.00
300,2026-07-06 17:16:10.865,FF_Default_DynamicFlow_PickUpHL_tp2_fp13_r1,9,9,0,9,446,118,328,204,100.0,2.0,0.00
301,2026-07-06 17:16:12.745,FF_Default_DynamicFlow_GluingBeamHL_b19_r1_m4_lay4,2,2,0,2,459,119,340,216,100.0,0.4,0.00
302,2026-07-06 17:16:12.746,FF_Default_DynamicFlow_PickUpHL_tp1_fp5_r1,9,9,0,9,457,119,338,214,100.0,2.0,0.00
303,2026-07-06 17:16:12.747,FF_Default_DynamicFlow_PickUpHL_tp2_fp13_r1,9,9,0,9,448,119,329,205,100.0,2.0,0.00
304,2026-07-06 17:16:14.663,FF_Default_DynamicFlow_GluingBeamHL_b19_r1_m4_lay4,2,2,0,2,461,120,341,217,100.0,0.4,0.00
305,2026-07-06 17:16:14.664,FF_Default_DynamicFlow_PickUpHL_tp1_fp5_r1,9,9,0,9,459,120,339,215,100.0,2.0,0.00
306,2026-07-06 17:16:14.665,FF_Default_DynamicFlow_PickUpHL_tp2_fp13_r1,9,9,0,9,450,120,330,206,100.0,2.0,0.00
307,2026-07-06 17:16:16.719,FF_Default_DynamicFlow_PickUpHL_tp1_fp5_r1,9,9,0,9,471,121,350,226,100.0,1.9,0.00
308,2026-07-06 17:16:16.721,FF_Default_DynamicFlow_PickUpHL_tp2_fp13_r1,9,9,0,9,462,121,341,217,100.0,1.9,0.00
309,2026-07-06 17:16:16.722,FF_Default_DynamicFlow_PickUpHL_tp3_fp21_r1,9,9,0,9,453,121,332,208,100.0,2.0,0.00
310,2026-07-06 17:16:18.569,FF_Default_DynamicFlow_PickUpHL_tp1_fp5_r1,9,9,0,9,473,122,351,227,100.0,1.9,0.00
311,2026-07-06 17:16:18.571,FF_Default_DynamicFlow_PickUpHL_tp2_fp13_r1,9,9,0,9,464,122,342,218,100.0,1.9,0.00
312,2026-07-06 17:16:18.573,FF_Default_DynamicFlow_PickUpHL_tp3_fp21_r1,9,9,0,9,455,122,333,209,100.0,2.0,0.00
313,2026-07-06 17:16:20.419,FF_Default_DynamicFlow_PickUpHL_tp1_fp5_r1,9,9,0,9,475,123,352,228,100.0,1.9,0.00
314,2026-07-06 17:16:20.420,FF_Default_DynamicFlow_PickUpHL_tp2_fp13_r1,9,9,0,9,466,123,343,219,100.0,1.9,0.00
315,2026-07-06 17:16:20.422,FF_Default_DynamicFlow_PickUpHL_tp3_fp21_r1,9,9,0,9,457,123,334,210,100.0,2.0,0.00
316,2026-07-06 17:16:22.353,FF_Default_DynamicFlow_PickUpHL_tp1_fp5_r1,9,9,0,9,477,124,353,229,100.0,1.9,0.00
317,2026-07-06 17:16:22.354,FF_Default_DynamicFlow_PickUpHL_tp2_fp13_r1,9,9,0,9,468,124,344,220,100.0,1.9,0.00
318,2026-07-06 17:16:22.355,FF_Default_DynamicFlow_PickUpHL_tp3_fp21_r1,9,9,0,9,459,124,335,211,100.0,2.0,0.00
319,2026-07-06 17:16:24.192,FF_Default_DynamicFlow_PickUpHL_tp1_fp5_r1,9,9,0,9,479,125,354,230,100.0,1.9,0.00
320,2026-07-06 17:16:24.194,FF_Default_DynamicFlow_PickUpHL_tp2_fp13_r1,9,9,0,9,470,125,345,221,100.0,1.9,0.00
321,2026-07-06 17:16:24.196,FF_Default_DynamicFlow_PickUpHL_tp3_fp21_r1,9,9,0,9,461,125,336,212,100.0,2.0,0.00
322,2026-07-06 17:16:26.062,FF_Default_DynamicFlow_PickUpHL_tp1_fp5_r1,9,9,0,9,481,126,355,231,100.0,1.9,0.00
323,2026-07-06 17:16:26.063,FF_Default_DynamicFlow_PickUpHL_tp2_fp13_r1,9,9,0,9,472,126,346,222,100.0,1.9,0.00
324,2026-07-06 17:16:26.064,FF_Default_DynamicFlow_PickUpHL_tp3_fp21_r1,9,9,0,9,463,126,337,213,100.0,1.9,0.00
325,2026-07-06 17:16:29.441,FF_Default_DynamicFlow_PickUpHL_tp1_fp5_r1,9,9,0,3,490,127,363,239,100.0,1.8,2.51
326,2026-07-06 17:16:29.444,FF_Default_DynamicFlow_PickUpHL_tp2_fp13_r1,9,9,0,3,481,127,354,230,100.0,1.9,2.61
327,2026-07-06 17:16:29.445,FF_Default_DynamicFlow_PickUpHL_tp3_fp21_r1,9,9,0,3,472,127,345,221,100.0,1.9,2.71
328,2026-07-06 17:16:31.671,FF_Default_DynamicFlow_PickUpHL_tp1_fp5_r1,3,3,0,2,475,128,347,223,100.0,0.6,0.45
329,2026-07-06 17:16:31.674,FF_Default_DynamicFlow_PickUpHL_tp2_fp13_r1,3,3,0,2,472,128,344,220,100.0,0.6,0.45
330,2026-07-06 17:16:31.674,FF_Default_DynamicFlow_PickUpHL_tp3_fp21_r1,3,3,0,2,469,128,341,217,100.0,0.6,0.46
331,2026-07-06 17:16:33.823,FF_Default_DynamicFlow_PickUpHL_tp2_fp13_r1,2,2,0,3,481,129,352,228,100.0,0.4,-0.44
332,2026-07-06 17:16:33.825,FF_Default_DynamicFlow_PickUpHL_tp3_fp21_r1,2,2,0,3,479,129,350,226,100.0,0.4,-0.44
333,2026-07-06 17:16:33.827,FF_Default_DynamicFlow_NailingHL_tp4_r1,8,8,0,11,477,129,348,224,100.0,1.7,-1.34
334,2026-07-06 17:16:35.986,FF_Default_DynamicFlow_PickUpHL_tp2_fp13_r1,3,3,0,2,489,130,359,235,100.0,0.6,0.43
335,2026-07-06 17:16:35.989,FF_Default_DynamicFlow_PickUpHL_tp3_fp21_r1,3,3,0,2,486,130,356,232,100.0,0.6,0.43
336,2026-07-06 17:16:35.992,FF_Default_DynamicFlow_NailingHL_tp4_r1,11,11,0,8,483,130,353,229,100.0,2.3,1.31
337,2026-07-06 17:16:38.148,FF_Default_DynamicFlow_PickUpHL_tp3_fp21_r1,2,2,0,3,493,131,362,238,100.0,0.4,-0.42
338,2026-07-06 17:16:38.150,FF_Default_DynamicFlow_NailingHL_tp4_r1,8,8,0,11,491,131,360,236,100.0,1.6,-1.27
339,2026-07-06 17:16:38.151,FF_Default_DynamicFlow_NailingHL_tp1_r1,8,8,0,11,483,131,352,228,100.0,1.7,-1.32
340,2026-07-06 17:16:40.325,FF_Default_DynamicFlow_PickUpHL_tp3_fp21_r1,3,3,0,2,503,132,371,247,100.0,0.6,0.40
341,2026-07-06 17:16:40.327,FF_Default_DynamicFlow_NailingHL_tp4_r1,11,11,0,8,500,132,368,244,100.0,2.2,1.23
342,2026-07-06 17:16:40.328,FF_Default_DynamicFlow_NailingHL_tp1_r1,11,11,0,8,489,132,357,233,100.0,2.2,1.29
343,2026-07-06 17:16:42.446,FF_Default_DynamicFlow_NailingHL_tp4_r1,8,8,0,11,505,133,372,248,100.0,1.6,-1.21
344,2026-07-06 17:16:42.448,FF_Default_DynamicFlow_NailingHL_tp1_r1,8,8,0,11,497,133,364,240,100.0,1.6,-1.25
345,2026-07-06 17:16:42.449,FF_Default_DynamicFlow_NailingHL_tp2_r1,8,8,0,11,489,133,356,232,100.0,1.6,-1.29
346,2026-07-06 17:16:44.629,FF_Default_DynamicFlow_NailingHL_tp4_r1,11,11,0,8,517,134,383,259,100.0,2.1,1.16
347,2026-07-06 17:16:44.630,FF_Default_DynamicFlow_NailingHL_tp1_r1,11,11,0,8,506,134,372,248,100.0,2.2,1.21
348,2026-07-06 17:16:44.633,FF_Default_DynamicFlow_NailingHL_tp2_r1,11,11,0,8,495,134,361,237,100.0,2.2,1.27
349,2026-07-06 17:16:48.176,FF_Default_DynamicFlow_NailingHL_tp1_r1,8,8,0,2,517,135,382,258,100.0,1.5,2.33
350,2026-07-06 17:16:48.179,FF_Default_DynamicFlow_NailingHL_tp2_r1,8,8,0,2,509,135,374,250,100.0,1.6,2.40
351,2026-07-06 17:16:48.181,FF_Default_DynamicFlow_NailingHL_tp3_r1,8,8,0,2,501,135,366,242,100.0,1.6,2.48
352,2026-07-06 17:16:50.413,FF_Default_DynamicFlow_NailingHL_tp2_r1,2,2,0,2,510,136,374,250,100.0,0.4,0.00
353,2026-07-06 17:16:50.415,FF_Default_DynamicFlow_NailingHL_tp3_r1,2,2,0,2,508,136,372,248,100.0,0.4,0.00
354,2026-07-06 17:16:50.416,FF_Default_DynamicFlow_MoveCassetteToStackHL_tp4_lp4_pr4_sp4_r1_m4_lay4,10,10,0,10,506,136,370,246,100.0,2.0,0.00
355,2026-07-06 17:16:52.713,FF_Default_DynamicFlow_NailingHL_tp3_r1,2,2,0,2,521,137,384,260,100.0,0.4,0.00
356,2026-07-06 17:16:52.715,FF_Default_DynamicFlow_MoveCassetteToStackHL_tp4_lp4_pr4_sp4_r1_m4_lay4,10,10,0,10,519,137,382,258,100.0,1.9,0.00
357,2026-07-06 17:16:52.718,FF_Default_DynamicFlow_MoveCassetteToStackHL_tp1_lp1_pr1_sp1_r1_m1_lay1,10,10,0,10,509,137,372,248,100.0,2.0,0.00
358,2026-07-06 17:16:54.956,FF_Default_DynamicFlow_MoveCassetteToStackHL_tp4_lp4_pr4_sp4_r1_m4_lay4,10,10,0,10,532,138,394,270,100.0,1.9,0.00
359,2026-07-06 17:16:54.958,FF_Default_DynamicFlow_MoveCassetteToStackHL_tp1_lp1_pr1_sp1_r1_m1_lay1,10,10,0,10,522,138,384,260,100.0,1.9,0.00
360,2026-07-06 17:16:54.959,FF_Default_DynamicFlow_MoveCassetteToStackHL_tp2_lp2_pr2_sp2_r1_m2_lay2,10,10,0,10,512,138,374,250,100.0,2.0,0.00
361,2026-07-06 17:16:59.100,FF_Default_DynamicFlow_MoveCassetteToStackHL_tp1_lp1_pr1_sp1_r1_m1_lay1,10,10,0,4,543,139,404,280,100.0,1.8,2.14
362,2026-07-06 17:16:59.103,FF_Default_DynamicFlow_MoveCassetteToStackHL_tp2_lp2_pr2_sp2_r1_m2_lay2,10,10,0,4,533,139,394,270,100.0,1.9,2.22
363,2026-07-06 17:16:59.105,FF_Default_DynamicFlow_MoveCassetteToStackHL_tp3_lp3_pr3_sp3_r1_m3_lay3,10,10,0,4,523,139,384,260,100.0,1.9,2.31
364,2026-07-06 17:17:01.494,FF_Default_DynamicFlow_MoveCassetteToStackHL_tp2_lp2_pr2_sp2_r1_m2_lay2,4,4,0,4,525,139,386,262,100.0,0.8,0.00
365,2026-07-06 17:17:01.496,FF_Default_DynamicFlow_MoveCassetteToStackHL_tp3_lp3_pr3_sp3_r1_m3_lay3,4,4,0,4,521,139,382,258,100.0,0.8,0.00
366,2026-07-06 17:17:03.225,FF_Default_DynamicFlow_MoveCassetteToStackHL_tp3_lp3_pr3_sp3_r1_m3_lay3,4,4,0,4,525,139,386,262,100.0,0.8,0.00
367,2026-07-06 17:17:13.105,FF_Default_DynamicFlow_PickUpHL_lp6_fp41_r1,2,2,0,3,661,143,518,270,100.0,0.3,-0.37
368,2026-07-06 17:17:13.107,FF_Default_DynamicFlow_PickUpHL_lp7_fp49_r1,2,2,0,3,659,143,516,268,100.0,0.3,-0.37
369,2026-07-06 17:17:13.111,FF_Default_DynamicFlow_PickUpHL_lp8_fp57_r1,2,2,0,3,657,143,514,266,100.0,0.3,-0.38
370,2026-07-06 17:17:15.348,FF_Default_DynamicFlow_PickUpHL_lp6_fp41_r1,3,3,0,2,667,144,523,275,100.0,0.4,0.36
371,2026-07-06 17:17:15.354,FF_Default_DynamicFlow_PickUpHL_lp7_fp49_r1,3,3,0,2,664,144,520,272,100.0,0.5,0.37
372,2026-07-06 17:17:15.359,FF_Default_DynamicFlow_PickUpHL_lp8_fp57_r1,3,3,0,2,661,144,517,269,100.0,0.5,0.37
373,2026-07-06 17:17:17.581,FF_Default_DynamicFlow_PickUpHL_lp7_fp49_r1,2,2,0,3,673,145,528,280,100.0,0.3,-0.36
374,2026-07-06 17:17:17.583,FF_Default_DynamicFlow_PickUpHL_lp8_fp57_r1,2,2,0,3,671,145,526,278,100.0,0.3,-0.36
375,2026-07-06 17:17:17.585,FF_Default_DynamicFlow_GluingPlateHL_lp5_pr1_r1,8,8,0,11,669,145,524,276,100.0,1.2,-1.09
376,2026-07-06 17:17:19.754,FF_Default_DynamicFlow_PickUpHL_lp7_fp49_r1,3,3,0,2,681,146,535,287,100.0,0.4,0.35
377,2026-07-06 17:17:19.758,FF_Default_DynamicFlow_PickUpHL_lp8_fp57_r1,3,3,0,2,678,146,532,284,100.0,0.4,0.35
378,2026-07-06 17:17:19.760,FF_Default_DynamicFlow_GluingPlateHL_lp5_pr1_r1,11,11,0,8,675,146,529,281,100.0,1.6,1.07
379,2026-07-06 17:17:22.095,FF_Default_DynamicFlow_PickUpHL_lp8_fp57_r1,2,2,0,3,685,147,538,290,100.0,0.3,-0.34
380,2026-07-06 17:17:22.096,FF_Default_DynamicFlow_GluingPlateHL_lp5_pr1_r1,8,8,0,11,683,147,536,288,100.0,1.2,-1.04
381,2026-07-06 17:17:22.101,FF_Default_DynamicFlow_GluingPlateHL_lp6_pr2_r1,8,8,0,11,675,147,528,280,100.0,1.2,-1.07
382,2026-07-06 17:17:24.463,FF_Default_DynamicFlow_PickUpHL_lp8_fp57_r1,3,3,0,2,695,148,547,299,100.0,0.4,0.33
383,2026-07-06 17:17:24.464,FF_Default_DynamicFlow_GluingPlateHL_lp5_pr1_r1,11,11,0,8,692,148,544,296,100.0,1.6,1.01
384,2026-07-06 17:17:24.467,FF_Default_DynamicFlow_GluingPlateHL_lp6_pr2_r1,11,11,0,8,681,148,533,285,100.0,1.6,1.05
385,2026-07-06 17:17:26.789,FF_Default_DynamicFlow_GluingPlateHL_lp5_pr1_r1,8,8,0,11,697,149,548,300,100.0,1.1,-1.00
386,2026-07-06 17:17:26.790,FF_Default_DynamicFlow_GluingPlateHL_lp6_pr2_r1,8,8,0,11,689,149,540,292,100.0,1.2,-1.03
387,2026-07-06 17:17:26.793,FF_Default_DynamicFlow_GluingPlateHL_lp7_pr3_r1,8,8,0,11,681,149,532,284,100.0,1.2,-1.06
388,2026-07-06 17:17:29.361,FF_Default_DynamicFlow_GluingPlateHL_lp5_pr1_r1,11,11,0,8,709,150,559,311,100.0,1.6,0.96
389,2026-07-06 17:17:29.363,FF_Default_DynamicFlow_GluingPlateHL_lp6_pr2_r1,11,11,0,8,698,150,548,300,100.0,1.6,1.00
390,2026-07-06 17:17:29.365,FF_Default_DynamicFlow_GluingPlateHL_lp7_pr3_r1,11,11,0,8,687,150,537,289,100.0,1.6,1.04
391,2026-07-06 17:17:33.279,FF_Default_DynamicFlow_GluingPlateHL_lp6_pr2_r1,8,8,0,2,709,151,558,310,100.0,1.1,1.94
392,2026-07-06 17:17:33.281,FF_Default_DynamicFlow_GluingPlateHL_lp7_pr3_r1,8,8,0,2,701,151,550,302,100.0,1.1,1.99
393,2026-07-06 17:17:33.287,FF_Default_DynamicFlow_GluingPlateHL_lp8_pr4_r1,8,8,0,2,693,151,542,294,100.0,1.2,2.04
394,2026-07-06 17:17:35.504,FF_Default_DynamicFlow_GluingPlateHL_lp7_pr3_r1,2,2,0,2,701,152,549,301,100.0,0.3,0.00
395,2026-07-06 17:17:35.506,FF_Default_DynamicFlow_GluingPlateHL_lp8_pr4_r1,2,2,0,2,699,152,547,299,100.0,0.3,0.00
396,2026-07-06 17:17:35.508,FF_Default_DynamicFlow_PickUpHL_b25_fp34_r1,9,9,0,9,697,152,545,297,100.0,1.3,0.00
397,2026-07-06 17:17:37.812,FF_Default_DynamicFlow_GluingPlateHL_lp8_pr4_r1,2,2,0,2,711,153,558,310,100.0,0.3,0.00
398,2026-07-06 17:17:37.813,FF_Default_DynamicFlow_PickUpHL_b25_fp34_r1,9,9,0,9,709,153,556,308,100.0,1.3,0.00
399,2026-07-06 17:17:37.815,FF_Default_DynamicFlow_PickUpHL_b31_fp42_r1,9,9,0,9,700,153,547,299,100.0,1.3,0.00
400,2026-07-06 17:17:40.236,FF_Default_DynamicFlow_PickUpHL_b25_fp34_r1,9,9,0,9,721,154,567,319,100.0,1.2,0.00
401,2026-07-06 17:17:40.237,FF_Default_DynamicFlow_PickUpHL_b31_fp42_r1,9,9,0,9,712,154,558,310,100.0,1.3,0.00
402,2026-07-06 17:17:40.239,FF_Default_DynamicFlow_PickUpHL_b37_fp50_r1,9,9,0,9,703,154,549,301,100.0,1.3,0.00
403,2026-07-06 17:17:44.583,FF_Default_DynamicFlow_PickUpHL_b31_fp42_r1,9,9,0,3,731,155,576,328,100.0,1.2,1.83
404,2026-07-06 17:17:44.588,FF_Default_DynamicFlow_PickUpHL_b37_fp50_r1,9,9,0,3,722,155,567,319,100.0,1.2,1.88
405,2026-07-06 17:17:44.591,FF_Default_DynamicFlow_PickUpHL_b43_fp58_r1,9,9,0,3,713,155,558,310,100.0,1.3,1.94
406,2026-07-06 17:17:46.915,FF_Default_DynamicFlow_PickUpHL_b31_fp42_r1,3,3,0,2,716,156,560,312,100.0,0.4,0.32
407,2026-07-06 17:17:46.916,FF_Default_DynamicFlow_PickUpHL_b37_fp50_r1,3,3,0,2,713,156,557,309,100.0,0.4,0.32
408,2026-07-06 17:17:46.918,FF_Default_DynamicFlow_PickUpHL_b43_fp58_r1,3,3,0,2,710,156,554,306,100.0,0.4,0.33
409,2026-07-06 17:17:49.339,FF_Default_DynamicFlow_PickUpHL_b37_fp50_r1,2,2,0,3,716,157,559,311,100.0,0.3,-0.32
410,2026-07-06 17:17:49.340,FF_Default_DynamicFlow_PickUpHL_b43_fp58_r1,2,2,0,3,714,157,557,309,100.0,0.3,-0.32
411,2026-07-06 17:17:49.341,FF_Default_DynamicFlow_PickUpHL_b26_fp35_r1,2,2,0,3,712,157,555,307,100.0,0.3,-0.33
412,2026-07-06 17:17:51.734,FF_Default_DynamicFlow_PickUpHL_b37_fp50_r1,3,3,0,2,722,158,564,316,100.0,0.4,0.32
413,2026-07-06 17:17:51.736,FF_Default_DynamicFlow_PickUpHL_b43_fp58_r1,3,3,0,2,719,158,561,313,100.0,0.4,0.32
414,2026-07-06 17:17:51.738,FF_Default_DynamicFlow_PickUpHL_b26_fp35_r1,3,3,0,2,716,158,558,310,100.0,0.4,0.32
415,2026-07-06 17:17:54.063,FF_Default_DynamicFlow_PickUpHL_b43_fp58_r1,2,2,0,3,722,159,563,315,100.0,0.3,-0.32
416,2026-07-06 17:17:54.065,FF_Default_DynamicFlow_PickUpHL_b26_fp35_r1,2,2,0,3,720,159,561,313,100.0,0.3,-0.32
417,2026-07-06 17:17:54.065,FF_Default_DynamicFlow_PickUpHL_b32_fp43_r1,2,2,0,3,718,159,559,311,100.0,0.3,-0.32
418,2026-07-06 17:17:56.315,FF_Default_DynamicFlow_PickUpHL_b43_fp58_r1,3,3,0,2,728,160,568,320,100.0,0.4,0.31
419,2026-07-06 17:17:56.317,FF_Default_DynamicFlow_PickUpHL_b26_fp35_r1,3,3,0,2,725,160,565,317,100.0,0.4,0.32
420,2026-07-06 17:17:56.317,FF_Default_DynamicFlow_PickUpHL_b32_fp43_r1,3,3,0,2,722,160,562,314,100.0,0.4,0.32
421,2026-07-06 17:17:58.583,FF_Default_DynamicFlow_PickUpHL_b26_fp35_r1,2,2,0,3,728,161,567,319,100.0,0.3,-0.31
422,2026-07-06 17:17:58.584,FF_Default_DynamicFlow_PickUpHL_b32_fp43_r1,2,2,0,3,726,161,565,317,100.0,0.3,-0.32
423,2026-07-06 17:17:58.586,FF_Default_DynamicFlow_PickUpHL_b38_fp51_r1,2,2,0,3,724,161,563,315,100.0,0.3,-0.32
424,2026-07-06 17:18:00.829,FF_Default_DynamicFlow_PickUpHL_b26_fp35_r1,3,3,0,2,734,162,572,324,100.0,0.4,0.31
425,2026-07-06 17:18:00.830,FF_Default_DynamicFlow_PickUpHL_b32_fp43_r1,3,3,0,2,731,162,569,321,100.0,0.4,0.31
426,2026-07-06 17:18:00.831,FF_Default_DynamicFlow_PickUpHL_b38_fp51_r1,3,3,0,2,728,162,566,318,100.0,0.4,0.31
427,2026-07-06 17:18:03.160,FF_Default_DynamicFlow_PickUpHL_b32_fp43_r1,2,2,0,3,734,163,571,323,100.0,0.3,-0.31
428,2026-07-06 17:18:03.162,FF_Default_DynamicFlow_PickUpHL_b38_fp51_r1,2,2,0,3,732,163,569,321,100.0,0.3,-0.31
429,2026-07-06 17:18:03.163,FF_Default_DynamicFlow_PickUpHL_b44_fp59_r1,2,2,0,3,730,163,567,319,100.0,0.3,-0.31
430,2026-07-06 17:18:05.366,FF_Default_DynamicFlow_PickUpHL_b32_fp43_r1,3,3,0,2,740,164,576,328,100.0,0.4,0.30
431,2026-07-06 17:18:05.368,FF_Default_DynamicFlow_PickUpHL_b38_fp51_r1,3,3,0,2,737,164,573,325,100.0,0.4,0.31
432,2026-07-06 17:18:05.371,FF_Default_DynamicFlow_PickUpHL_b44_fp59_r1,3,3,0,2,734,164,570,322,100.0,0.4,0.31
433,2026-07-06 17:18:07.497,FF_Default_DynamicFlow_PickUpHL_b38_fp51_r1,2,2,0,3,740,165,575,327,100.0,0.3,-0.31
434,2026-07-06 17:18:07.499,FF_Default_DynamicFlow_PickUpHL_b44_fp59_r1,2,2,0,3,738,165,573,325,100.0,0.3,-0.31
435,2026-07-06 17:18:07.500,FF_Default_DynamicFlow_PickUpHL_b30_fp40_r1,2,2,0,3,736,165,571,323,100.0,0.3,-0.31
436,2026-07-06 17:18:09.817,FF_Default_DynamicFlow_PickUpHL_b38_fp51_r1,3,3,0,2,746,166,580,332,100.0,0.4,0.30
437,2026-07-06 17:18:09.819,FF_Default_DynamicFlow_PickUpHL_b44_fp59_r1,3,3,0,2,743,166,577,329,100.0,0.4,0.30
438,2026-07-06 17:18:09.822,FF_Default_DynamicFlow_PickUpHL_b30_fp40_r1,3,3,0,2,740,166,574,326,100.0,0.4,0.31
439,2026-07-06 17:18:12.213,FF_Default_DynamicFlow_PickUpHL_b44_fp59_r1,2,2,0,3,746,167,579,331,100.0,0.3,-0.30
440,2026-07-06 17:18:12.215,FF_Default_DynamicFlow_PickUpHL_b30_fp40_r1,2,2,0,3,744,167,577,329,100.0,0.3,-0.30
441,2026-07-06 17:18:12.216,FF_Default_DynamicFlow_PickUpHL_b36_fp48_r1,2,2,0,3,742,167,575,327,100.0,0.3,-0.31
442,2026-07-06 17:18:14.512,FF_Default_DynamicFlow_PickUpHL_b44_fp59_r1,3,3,0,2,752,168,584,336,100.0,0.4,0.30
443,2026-07-06 17:18:14.514,FF_Default_DynamicFlow_PickUpHL_b30_fp40_r1,3,3,0,2,749,168,581,333,100.0,0.4,0.30
444,2026-07-06 17:18:14.517,FF_Default_DynamicFlow_PickUpHL_b36_fp48_r1,3,3,0,2,746,168,578,330,100.0,0.4,0.30
445,2026-07-06 17:18:16.697,FF_Default_DynamicFlow_PickUpHL_b30_fp40_r1,2,2,0,3,752,169,583,335,100.0,0.3,-0.30
446,2026-07-06 17:18:16.699,FF_Default_DynamicFlow_PickUpHL_b36_fp48_r1,2,2,0,3,750,169,581,333,100.0,0.3,-0.30
447,2026-07-06 17:18:16.701,FF_Default_DynamicFlow_PickUpHL_b42_fp56_r1,2,2,0,3,748,169,579,331,100.0,0.3,-0.30
448,2026-07-06 17:18:18.837,FF_Default_DynamicFlow_PickUpHL_b30_fp40_r1,3,3,0,2,758,170,588,340,100.0,0.4,0.29
449,2026-07-06 17:18:18.838,FF_Default_DynamicFlow_PickUpHL_b36_fp48_r1,3,3,0,2,755,170,585,337,100.0,0.4,0.30
450,2026-07-06 17:18:18.839,FF_Default_DynamicFlow_PickUpHL_b42_fp56_r1,3,3,0,2,752,170,582,334,100.0,0.4,0.30
451,2026-07-06 17:18:21.232,FF_Default_DynamicFlow_PickUpHL_b36_fp48_r1,2,2,0,3,758,171,587,339,100.0,0.3,-0.29
452,2026-07-06 17:18:21.233,FF_Default_DynamicFlow_PickUpHL_b42_fp56_r1,2,2,0,3,756,171,585,337,100.0,0.3,-0.30
453,2026-07-06 17:18:21.235,FF_Default_DynamicFlow_PickUpHL_b48_fp64_r1,2,2,0,3,754,171,583,335,100.0,0.3,-0.30
454,2026-07-06 17:18:23.448,FF_Default_DynamicFlow_PickUpHL_b36_fp48_r1,3,3,0,2,764,172,592,344,100.0,0.4,0.29
455,2026-07-06 17:18:23.449,FF_Default_DynamicFlow_PickUpHL_b42_fp56_r1,3,3,0,2,761,172,589,341,100.0,0.4,0.29
456,2026-07-06 17:18:23.450,FF_Default_DynamicFlow_PickUpHL_b48_fp64_r1,3,3,0,2,758,172,586,338,100.0,0.4,0.30
457,2026-07-06 17:18:25.521,FF_Default_DynamicFlow_PickUpHL_b42_fp56_r1,2,2,0,3,764,173,591,343,100.0,0.3,-0.29
458,2026-07-06 17:18:25.522,FF_Default_DynamicFlow_PickUpHL_b48_fp64_r1,2,2,0,3,762,173,589,341,100.0,0.3,-0.29
459,2026-07-06 17:18:25.523,FF_Default_DynamicFlow_PickUpHL_b28_fp38_r1,2,2,0,3,760,173,587,339,100.0,0.3,-0.29
460,2026-07-06 17:18:27.706,FF_Default_DynamicFlow_PickUpHL_b42_fp56_r1,3,3,0,2,770,174,596,348,100.0,0.4,0.29
461,2026-07-06 17:18:27.709,FF_Default_DynamicFlow_PickUpHL_b48_fp64_r1,3,3,0,2,767,174,593,345,100.0,0.4,0.29
462,2026-07-06 17:18:27.713,FF_Default_DynamicFlow_PickUpHL_b28_fp38_r1,3,3,0,2,764,174,590,342,100.0,0.4,0.29
463,2026-07-06 17:18:29.867,FF_Default_DynamicFlow_PickUpHL_b48_fp64_r1,2,2,0,3,770,175,595,347,100.0,0.3,-0.29
464,2026-07-06 17:18:29.868,FF_Default_DynamicFlow_PickUpHL_b28_fp38_r1,2,2,0,3,768,175,593,345,100.0,0.3,-0.29
465,2026-07-06 17:18:29.871,FF_Default_DynamicFlow_PickUpHL_b34_fp46_r1,2,2,0,3,766,175,591,343,100.0,0.3,-0.29
466,2026-07-06 17:18:32.082,FF_Default_DynamicFlow_PickUpHL_b48_fp64_r1,3,3,0,2,776,176,600,352,100.0,0.4,0.28
467,2026-07-06 17:18:32.084,FF_Default_DynamicFlow_PickUpHL_b28_fp38_r1,3,3,0,2,773,176,597,349,100.0,0.4,0.29
468,2026-07-06 17:18:32.085,FF_Default_DynamicFlow_PickUpHL_b34_fp46_r1,3,3,0,2,770,176,594,346,100.0,0.4,0.29
469,2026-07-06 17:18:34.191,FF_Default_DynamicFlow_PickUpHL_b28_fp38_r1,2,2,0,3,776,177,599,351,100.0,0.3,-0.28
470,2026-07-06 17:18:34.192,FF_Default_DynamicFlow_PickUpHL_b34_fp46_r1,2,2,0,3,774,177,597,349,100.0,0.3,-0.29
471,2026-07-06 17:18:34.193,FF_Default_DynamicFlow_PickUpHL_b40_fp54_r1,2,2,0,3,772,177,595,347,100.0,0.3,-0.29
472,2026-07-06 17:18:36.299,FF_Default_DynamicFlow_PickUpHL_b28_fp38_r1,3,3,0,2,782,178,604,356,100.0,0.4,0.28
473,2026-07-06 17:18:36.300,FF_Default_DynamicFlow_PickUpHL_b34_fp46_r1,3,3,0,2,779,178,601,353,100.0,0.4,0.28
474,2026-07-06 17:18:36.302,FF_Default_DynamicFlow_PickUpHL_b40_fp54_r1,3,3,0,2,776,178,598,350,100.0,0.4,0.29
475,2026-07-06 17:18:38.568,FF_Default_DynamicFlow_PickUpHL_b34_fp46_r1,2,2,0,3,782,179,603,355,100.0,0.3,-0.28
476,2026-07-06 17:18:38.571,FF_Default_DynamicFlow_PickUpHL_b40_fp54_r1,2,2,0,3,780,179,601,353,100.0,0.3,-0.28
477,2026-07-06 17:18:38.572,FF_Default_DynamicFlow_PickUpHL_b46_fp62_r1,2,2,0,3,778,179,599,351,100.0,0.3,-0.28
478,2026-07-06 17:18:40.809,FF_Default_DynamicFlow_PickUpHL_b34_fp46_r1,3,3,0,2,788,180,608,360,100.0,0.4,0.28
479,2026-07-06 17:18:40.812,FF_Default_DynamicFlow_PickUpHL_b40_fp54_r1,3,3,0,2,785,180,605,357,100.0,0.4,0.28
480,2026-07-06 17:18:40.813,FF_Default_DynamicFlow_PickUpHL_b46_fp62_r1,3,3,0,2,782,180,602,354,100.0,0.4,0.28
481,2026-07-06 17:18:43.003,FF_Default_DynamicFlow_PickUpHL_b40_fp54_r1,2,2,0,3,788,181,607,359,100.0,0.3,-0.28
482,2026-07-06 17:18:43.006,FF_Default_DynamicFlow_PickUpHL_b46_fp62_r1,2,2,0,3,786,181,605,357,100.0,0.3,-0.28
483,2026-07-06 17:18:43.008,FF_Default_DynamicFlow_PickUpHL_b27_fp36_r1,2,2,0,3,784,181,603,355,100.0,0.3,-0.28
484,2026-07-06 17:18:45.149,FF_Default_DynamicFlow_PickUpHL_b40_fp54_r1,3,3,0,2,794,182,612,364,100.0,0.4,0.27
485,2026-07-06 17:18:45.151,FF_Default_DynamicFlow_PickUpHL_b46_fp62_r1,3,3,0,2,791,182,609,361,100.0,0.4,0.28
486,2026-07-06 17:18:45.153,FF_Default_DynamicFlow_PickUpHL_b27_fp36_r1,3,3,0,2,788,182,606,358,100.0,0.4,0.28
487,2026-07-06 17:18:47.480,FF_Default_DynamicFlow_PickUpHL_b46_fp62_r1,2,2,0,3,794,183,611,363,100.0,0.3,-0.28
488,2026-07-06 17:18:47.483,FF_Default_DynamicFlow_PickUpHL_b27_fp36_r1,2,2,0,3,792,183,609,361,100.0,0.3,-0.28
489,2026-07-06 17:18:47.485,FF_Default_DynamicFlow_PickUpHL_b33_fp44_r1,2,2,0,3,790,183,607,359,100.0,0.3,-0.28
490,2026-07-06 17:18:49.744,FF_Default_DynamicFlow_PickUpHL_b46_fp62_r1,3,3,0,2,800,184,616,368,100.0,0.4,0.27
491,2026-07-06 17:18:49.745,FF_Default_DynamicFlow_PickUpHL_b27_fp36_r1,3,3,0,2,797,184,613,365,100.0,0.4,0.27
492,2026-07-06 17:18:49.748,FF_Default_DynamicFlow_PickUpHL_b33_fp44_r1,3,3,0,2,794,184,610,362,100.0,0.4,0.28
493,2026-07-06 17:18:52.157,FF_Default_DynamicFlow_PickUpHL_b27_fp36_r1,2,2,0,3,800,185,615,367,100.0,0.2,-0.27
494,2026-07-06 17:18:52.159,FF_Default_DynamicFlow_PickUpHL_b33_fp44_r1,2,2,0,3,798,185,613,365,100.0,0.3,-0.27
495,2026-07-06 17:18:52.162,FF_Default_DynamicFlow_PickUpHL_b39_fp52_r1,2,2,0,3,796,185,611,363,100.0,0.3,-0.28
496,2026-07-06 17:18:54.531,FF_Default_DynamicFlow_PickUpHL_b27_fp36_r1,3,3,0,2,806,186,620,372,100.0,0.4,0.27
497,2026-07-06 17:18:54.536,FF_Default_DynamicFlow_PickUpHL_b33_fp44_r1,3,3,0,2,803,186,617,369,100.0,0.4,0.27
498,2026-07-06 17:18:54.538,FF_Default_DynamicFlow_PickUpHL_b39_fp52_r1,3,3,0,2,800,186,614,366,100.0,0.4,0.27
499,2026-07-06 17:18:57.001,FF_Default_DynamicFlow_PickUpHL_b33_fp44_r1,2,2,0,3,806,187,619,371,100.0,0.2,-0.27
500,2026-07-06 17:18:57.002,FF_Default_DynamicFlow_PickUpHL_b39_fp52_r1,2,2,0,3,804,187,617,369,100.0,0.2,-0.27
501,2026-07-06 17:18:57.004,FF_Default_DynamicFlow_PickUpHL_b45_fp60_r1,2,2,0,3,802,187,615,367,100.0,0.2,-0.27
502,2026-07-06 17:18:59.199,FF_Default_DynamicFlow_PickUpHL_b33_fp44_r1,3,3,0,2,812,188,624,376,100.0,0.4,0.27
503,2026-07-06 17:18:59.202,FF_Default_DynamicFlow_PickUpHL_b39_fp52_r1,3,3,0,2,809,188,621,373,100.0,0.4,0.27
504,2026-07-06 17:18:59.204,FF_Default_DynamicFlow_PickUpHL_b45_fp60_r1,3,3,0,2,806,188,618,370,100.0,0.4,0.27
505,2026-07-06 17:19:01.458,FF_Default_DynamicFlow_PickUpHL_b39_fp52_r1,2,2,0,3,812,189,623,375,100.0,0.2,-0.27
506,2026-07-06 17:19:01.459,FF_Default_DynamicFlow_PickUpHL_b45_fp60_r1,2,2,0,3,810,189,621,373,100.0,0.2,-0.27
507,2026-07-06 17:19:01.464,FF_Default_DynamicFlow_PickUpHL_b29_fp39_r1,2,2,0,3,808,189,619,371,100.0,0.2,-0.27
508,2026-07-06 17:19:03.624,FF_Default_DynamicFlow_PickUpHL_b39_fp52_r1,3,3,0,2,818,190,628,380,100.0,0.4,0.26
509,2026-07-06 17:19:03.627,FF_Default_DynamicFlow_PickUpHL_b45_fp60_r1,3,3,0,2,815,190,625,377,100.0,0.4,0.27
510,2026-07-06 17:19:03.628,FF_Default_DynamicFlow_PickUpHL_b29_fp39_r1,3,3,0,2,812,190,622,374,100.0,0.4,0.27
511,2026-07-06 17:19:05.904,FF_Default_DynamicFlow_PickUpHL_b45_fp60_r1,2,2,0,3,818,191,627,379,100.0,0.2,-0.26
512,2026-07-06 17:19:05.907,FF_Default_DynamicFlow_PickUpHL_b29_fp39_r1,2,2,0,3,816,191,625,377,100.0,0.2,-0.27
513,2026-07-06 17:19:05.908,FF_Default_DynamicFlow_PickUpHL_b35_fp47_r1,2,2,0,3,814,191,623,375,100.0,0.2,-0.27
514,2026-07-06 17:19:08.053,FF_Default_DynamicFlow_PickUpHL_b45_fp60_r1,3,3,0,2,824,192,632,384,100.0,0.4,0.26
515,2026-07-06 17:19:08.056,FF_Default_DynamicFlow_PickUpHL_b29_fp39_r1,3,3,0,2,821,192,629,381,100.0,0.4,0.26
516,2026-07-06 17:19:08.058,FF_Default_DynamicFlow_PickUpHL_b35_fp47_r1,3,3,0,2,818,192,626,378,100.0,0.4,0.26
517,2026-07-06 17:19:10.232,FF_Default_DynamicFlow_PickUpHL_b29_fp39_r1,2,2,0,3,824,193,631,383,100.0,0.2,-0.26
518,2026-07-06 17:19:10.234,FF_Default_DynamicFlow_PickUpHL_b35_fp47_r1,2,2,0,3,822,193,629,381,100.0,0.2,-0.26
519,2026-07-06 17:19:10.235,FF_Default_DynamicFlow_PickUpHL_b41_fp55_r1,2,2,0,3,820,193,627,379,100.0,0.2,-0.26
520,2026-07-06 17:19:12.517,FF_Default_DynamicFlow_PickUpHL_b29_fp39_r1,3,3,0,2,830,194,636,388,100.0,0.4,0.26
521,2026-07-06 17:19:12.519,FF_Default_DynamicFlow_PickUpHL_b35_fp47_r1,3,3,0,2,827,194,633,385,100.0,0.4,0.26
522,2026-07-06 17:19:12.520,FF_Default_DynamicFlow_PickUpHL_b41_fp55_r1,3,3,0,2,824,194,630,382,100.0,0.4,0.26
523,2026-07-06 17:19:14.866,FF_Default_DynamicFlow_PickUpHL_b35_fp47_r1,2,2,0,3,830,195,635,387,100.0,0.2,-0.26
524,2026-07-06 17:19:14.869,FF_Default_DynamicFlow_PickUpHL_b41_fp55_r1,2,2,0,3,828,195,633,385,100.0,0.2,-0.26
525,2026-07-06 17:19:14.874,FF_Default_DynamicFlow_PickUpHL_b47_fp63_r1,2,2,0,3,826,195,631,383,100.0,0.2,-0.26
526,2026-07-06 17:19:17.131,FF_Default_DynamicFlow_PickUpHL_b35_fp47_r1,3,3,0,2,836,196,640,392,100.0,0.4,0.26
527,2026-07-06 17:19:17.133,FF_Default_DynamicFlow_PickUpHL_b41_fp55_r1,3,3,0,2,833,196,637,389,100.0,0.4,0.26
528,2026-07-06 17:19:17.138,FF_Default_DynamicFlow_PickUpHL_b47_fp63_r1,3,3,0,2,830,196,634,386,100.0,0.4,0.26
529,2026-07-06 17:19:19.564,FF_Default_DynamicFlow_PickUpHL_b41_fp55_r1,2,2,0,3,842,197,645,397,100.0,0.2,-0.25
530,2026-07-06 17:19:19.565,FF_Default_DynamicFlow_PickUpHL_b47_fp63_r1,2,2,0,3,840,197,643,395,100.0,0.2,-0.25
531,2026-07-06 17:19:19.566,FF_Default_DynamicFlow_NailingBeamHL_b26_r1_m5_lay5,8,8,0,11,838,197,641,393,100.0,1.0,-0.76
532,2026-07-06 17:19:21.911,FF_Default_DynamicFlow_PickUpHL_b41_fp55_r1,3,3,0,2,850,198,652,404,100.0,0.4,0.25
533,2026-07-06 17:19:21.912,FF_Default_DynamicFlow_PickUpHL_b47_fp63_r1,3,3,0,2,847,198,649,401,100.0,0.4,0.25
534,2026-07-06 17:19:21.913,FF_Default_DynamicFlow_NailingBeamHL_b26_r1_m5_lay5,11,11,0,8,844,198,646,398,100.0,1.3,0.75
535,2026-07-06 17:19:24.208,FF_Default_DynamicFlow_PickUpHL_b47_fp63_r1,2,2,0,3,854,199,655,407,100.0,0.2,-0.25
536,2026-07-06 17:19:24.209,FF_Default_DynamicFlow_NailingBeamHL_b26_r1_m5_lay5,8,8,0,11,852,199,653,405,100.0,0.9,-0.74
537,2026-07-06 17:19:24.210,FF_Default_DynamicFlow_NailingBeamHL_b32_r1_m6_lay6,8,8,0,11,844,199,645,397,100.0,0.9,-0.76
538,2026-07-06 17:19:26.452,FF_Default_DynamicFlow_PickUpHL_b47_fp63_r1,3,3,0,2,864,200,664,416,100.0,0.3,0.24
539,2026-07-06 17:19:26.454,FF_Default_DynamicFlow_NailingBeamHL_b26_r1_m5_lay5,11,11,0,8,861,200,661,413,100.0,1.3,0.73
540,2026-07-06 17:19:26.455,FF_Default_DynamicFlow_NailingBeamHL_b32_r1_m6_lay6,11,11,0,8,850,200,650,402,100.0,1.3,0.75
541,2026-07-06 17:19:28.724,FF_Default_DynamicFlow_NailingBeamHL_b26_r1_m5_lay5,8,8,0,11,866,201,665,417,100.0,0.9,-0.72
542,2026-07-06 17:19:28.725,FF_Default_DynamicFlow_NailingBeamHL_b32_r1_m6_lay6,8,8,0,11,858,201,657,409,100.0,0.9,-0.73
543,2026-07-06 17:19:28.727,FF_Default_DynamicFlow_NailingBeamHL_b38_r1_m7_lay7,8,8,0,11,850,201,649,401,100.0,0.9,-0.75
544,2026-07-06 17:19:31.118,FF_Default_DynamicFlow_NailingBeamHL_b26_r1_m5_lay5,11,11,0,8,878,202,676,428,100.0,1.3,0.70
545,2026-07-06 17:19:31.121,FF_Default_DynamicFlow_NailingBeamHL_b32_r1_m6_lay6,11,11,0,8,867,202,665,417,100.0,1.3,0.72
546,2026-07-06 17:19:31.122,FF_Default_DynamicFlow_NailingBeamHL_b38_r1_m7_lay7,11,11,0,8,856,202,654,406,100.0,1.3,0.74
547,2026-07-06 17:19:34.091,FF_Default_DynamicFlow_NailingBeamHL_b32_r1_m6_lay6,8,8,0,2,878,203,675,427,100.0,0.9,1.41
548,2026-07-06 17:19:34.092,FF_Default_DynamicFlow_NailingBeamHL_b38_r1_m7_lay7,8,8,0,2,870,203,667,419,100.0,0.9,1.43
549,2026-07-06 17:19:34.092,FF_Default_DynamicFlow_NailingBeamHL_b44_r1_m8_lay8,8,8,0,2,862,203,659,411,100.0,0.9,1.46
550,2026-07-06 17:19:35.825,FF_Default_DynamicFlow_NailingBeamHL_b32_r1_m6_lay6,2,2,0,2,862,204,658,410,100.0,0.2,0.00
551,2026-07-06 17:19:35.825,FF_Default_DynamicFlow_NailingBeamHL_b38_r1_m7_lay7,2,2,0,2,860,204,656,408,100.0,0.2,0.00
552,2026-07-06 17:19:35.826,FF_Default_DynamicFlow_NailingBeamHL_b44_r1_m8_lay8,2,2,0,2,858,204,654,406,100.0,0.2,0.00
553,2026-07-06 17:19:37.540,FF_Default_DynamicFlow_NailingBeamHL_b32_r1_m6_lay6,2,2,0,2,864,205,659,411,100.0,0.2,0.00
554,2026-07-06 17:19:37.541,FF_Default_DynamicFlow_NailingBeamHL_b38_r1_m7_lay7,2,2,0,2,862,205,657,409,100.0,0.2,0.00
555,2026-07-06 17:19:37.541,FF_Default_DynamicFlow_NailingBeamHL_b44_r1_m8_lay8,2,2,0,2,860,205,655,407,100.0,0.2,0.00
556,2026-07-06 17:19:39.207,FF_Default_DynamicFlow_NailingBeamHL_b32_r1_m6_lay6,2,2,0,2,866,206,660,412,100.0,0.2,0.00
557,2026-07-06 17:19:39.207,FF_Default_DynamicFlow_NailingBeamHL_b38_r1_m7_lay7,2,2,0,2,864,206,658,410,100.0,0.2,0.00
558,2026-07-06 17:19:39.208,FF_Default_DynamicFlow_NailingBeamHL_b44_r1_m8_lay8,2,2,0,2,862,206,656,408,100.0,0.2,0.00
559,2026-07-06 17:19:41.065,FF_Default_DynamicFlow_NailingBeamHL_b32_r1_m6_lay6,2,2,0,2,868,207,661,413,100.0,0.2,0.00
560,2026-07-06 17:19:41.067,FF_Default_DynamicFlow_NailingBeamHL_b38_r1_m7_lay7,2,2,0,2,866,207,659,411,100.0,0.2,0.00
561,2026-07-06 17:19:41.069,FF_Default_DynamicFlow_NailingBeamHL_b44_r1_m8_lay8,2,2,0,2,864,207,657,409,100.0,0.2,0.00
562,2026-07-06 17:19:43.002,FF_Default_DynamicFlow_NailingBeamHL_b32_r1_m6_lay6,2,2,0,2,870,208,662,414,100.0,0.2,0.00
563,2026-07-06 17:19:43.005,FF_Default_DynamicFlow_NailingBeamHL_b38_r1_m7_lay7,2,2,0,2,868,208,660,412,100.0,0.2,0.00
564,2026-07-06 17:19:43.006,FF_Default_DynamicFlow_NailingBeamHL_b44_r1_m8_lay8,2,2,0,2,866,208,658,410,100.0,0.2,0.00
565,2026-07-06 17:19:45.195,FF_Default_DynamicFlow_NailingBeamHL_b38_r1_m7_lay7,2,2,0,2,879,209,670,422,100.0,0.2,0.00
566,2026-07-06 17:19:45.196,FF_Default_DynamicFlow_NailingBeamHL_b44_r1_m8_lay8,2,2,0,2,877,209,668,420,100.0,0.2,0.00
567,2026-07-06 17:19:45.197,FF_Default_DynamicFlow_GluingBeamHL_b25_r1_m5_lay5,8,8,0,8,875,209,666,418,100.0,0.9,0.00
568,2026-07-06 17:19:47.044,FF_Default_DynamicFlow_NailingBeamHL_b38_r1_m7_lay7,2,2,0,2,881,210,671,423,100.0,0.2,0.00
569,2026-07-06 17:19:47.046,FF_Default_DynamicFlow_NailingBeamHL_b44_r1_m8_lay8,2,2,0,2,879,210,669,421,100.0,0.2,0.00
570,2026-07-06 17:19:47.048,FF_Default_DynamicFlow_GluingBeamHL_b25_r1_m5_lay5,8,8,0,8,877,210,667,419,100.0,0.9,0.00
571,2026-07-06 17:19:48.934,FF_Default_DynamicFlow_NailingBeamHL_b38_r1_m7_lay7,2,2,0,2,883,211,672,424,100.0,0.2,0.00
572,2026-07-06 17:19:48.938,FF_Default_DynamicFlow_NailingBeamHL_b44_r1_m8_lay8,2,2,0,2,881,211,670,422,100.0,0.2,0.00
573,2026-07-06 17:19:48.940,FF_Default_DynamicFlow_GluingBeamHL_b25_r1_m5_lay5,8,8,0,8,879,211,668,420,100.0,0.9,0.00
574,2026-07-06 17:19:50.860,FF_Default_DynamicFlow_NailingBeamHL_b38_r1_m7_lay7,2,2,0,2,885,212,673,425,100.0,0.2,0.00
575,2026-07-06 17:19:50.861,FF_Default_DynamicFlow_NailingBeamHL_b44_r1_m8_lay8,2,2,0,2,883,212,671,423,100.0,0.2,0.00
576,2026-07-06 17:19:50.862,FF_Default_DynamicFlow_GluingBeamHL_b25_r1_m5_lay5,8,8,0,8,881,212,669,421,100.0,0.9,0.00
577,2026-07-06 17:19:52.794,FF_Default_DynamicFlow_NailingBeamHL_b38_r1_m7_lay7,2,2,0,2,887,213,674,426,100.0,0.2,0.00
578,2026-07-06 17:19:52.795,FF_Default_DynamicFlow_NailingBeamHL_b44_r1_m8_lay8,2,2,0,2,885,213,672,424,100.0,0.2,0.00
579,2026-07-06 17:19:52.797,FF_Default_DynamicFlow_GluingBeamHL_b25_r1_m5_lay5,8,8,0,8,883,213,670,422,100.0,0.9,0.00
580,2026-07-06 17:19:54.747,FF_Default_DynamicFlow_NailingBeamHL_b38_r1_m7_lay7,2,2,0,2,889,214,675,427,100.0,0.2,0.00
581,2026-07-06 17:19:54.748,FF_Default_DynamicFlow_NailingBeamHL_b44_r1_m8_lay8,2,2,0,2,887,214,673,425,100.0,0.2,0.00
582,2026-07-06 17:19:54.750,FF_Default_DynamicFlow_GluingBeamHL_b25_r1_m5_lay5,8,8,0,8,885,214,671,423,100.0,0.9,0.00
583,2026-07-06 17:19:56.975,FF_Default_DynamicFlow_NailingBeamHL_b44_r1_m8_lay8,2,2,0,2,898,215,683,435,100.0,0.2,0.00
584,2026-07-06 17:19:56.977,FF_Default_DynamicFlow_GluingBeamHL_b25_r1_m5_lay5,8,8,0,8,896,215,681,433,100.0,0.9,0.00
585,2026-07-06 17:19:56.978,FF_Default_DynamicFlow_GluingBeamHL_b31_r1_m6_lay6,8,8,0,8,888,215,673,425,100.0,0.9,0.00
586,2026-07-06 17:19:58.905,FF_Default_DynamicFlow_NailingBeamHL_b44_r1_m8_lay8,2,2,0,2,900,216,684,436,100.0,0.2,0.00
587,2026-07-06 17:19:58.906,FF_Default_DynamicFlow_GluingBeamHL_b25_r1_m5_lay5,8,8,0,8,898,216,682,434,100.0,0.9,0.00
588,2026-07-06 17:19:58.907,FF_Default_DynamicFlow_GluingBeamHL_b31_r1_m6_lay6,8,8,0,8,890,216,674,426,100.0,0.9,0.00
589,2026-07-06 17:20:00.956,FF_Default_DynamicFlow_NailingBeamHL_b44_r1_m8_lay8,2,2,0,2,902,217,685,437,100.0,0.2,0.00
590,2026-07-06 17:20:00.960,FF_Default_DynamicFlow_GluingBeamHL_b25_r1_m5_lay5,8,8,0,8,900,217,683,435,100.0,0.9,0.00
591,2026-07-06 17:20:00.964,FF_Default_DynamicFlow_GluingBeamHL_b31_r1_m6_lay6,8,8,0,8,892,217,675,427,100.0,0.9,0.00
592,2026-07-06 17:20:03.030,FF_Default_DynamicFlow_NailingBeamHL_b44_r1_m8_lay8,2,2,0,2,904,218,686,438,100.0,0.2,0.00
593,2026-07-06 17:20:03.031,FF_Default_DynamicFlow_GluingBeamHL_b25_r1_m5_lay5,8,8,0,8,902,218,684,436,100.0,0.9,0.00
594,2026-07-06 17:20:03.033,FF_Default_DynamicFlow_GluingBeamHL_b31_r1_m6_lay6,8,8,0,8,894,218,676,428,100.0,0.9,0.00
595,2026-07-06 17:20:04.972,FF_Default_DynamicFlow_NailingBeamHL_b44_r1_m8_lay8,2,2,0,2,906,219,687,439,100.0,0.2,0.00
596,2026-07-06 17:20:04.974,FF_Default_DynamicFlow_GluingBeamHL_b25_r1_m5_lay5,8,8,0,8,904,219,685,437,100.0,0.9,0.00
597,2026-07-06 17:20:04.975,FF_Default_DynamicFlow_GluingBeamHL_b31_r1_m6_lay6,8,8,0,8,896,219,677,429,100.0,0.9,0.00
598,2026-07-06 17:20:06.862,FF_Default_DynamicFlow_NailingBeamHL_b44_r1_m8_lay8,2,2,0,2,908,220,688,440,100.0,0.2,0.00
599,2026-07-06 17:20:06.864,FF_Default_DynamicFlow_GluingBeamHL_b25_r1_m5_lay5,8,8,0,8,906,220,686,438,100.0,0.9,0.00
600,2026-07-06 17:20:06.866,FF_Default_DynamicFlow_GluingBeamHL_b31_r1_m6_lay6,8,8,0,8,898,220,678,430,100.0,0.9,0.00
601,2026-07-06 17:20:08.980,FF_Default_DynamicFlow_GluingBeamHL_b25_r1_m5_lay5,8,8,0,8,917,221,696,448,100.0,0.9,0.00
602,2026-07-06 17:20:08.983,FF_Default_DynamicFlow_GluingBeamHL_b31_r1_m6_lay6,8,8,0,8,909,221,688,440,100.0,0.9,0.00
603,2026-07-06 17:20:08.985,FF_Default_DynamicFlow_GluingBeamHL_b37_r1_m7_lay7,8,8,0,8,901,221,680,432,100.0,0.9,0.00
604,2026-07-06 17:20:10.987,FF_Default_DynamicFlow_GluingBeamHL_b25_r1_m5_lay5,8,8,0,8,919,222,697,449,100.0,0.9,0.00
605,2026-07-06 17:20:10.989,FF_Default_DynamicFlow_GluingBeamHL_b31_r1_m6_lay6,8,8,0,8,911,222,689,441,100.0,0.9,0.00
606,2026-07-06 17:20:10.990,FF_Default_DynamicFlow_GluingBeamHL_b37_r1_m7_lay7,8,8,0,8,903,222,681,433,100.0,0.9,0.00
607,2026-07-06 17:20:12.979,FF_Default_DynamicFlow_GluingBeamHL_b25_r1_m5_lay5,8,8,0,8,921,223,698,450,100.0,0.9,0.00
608,2026-07-06 17:20:12.981,FF_Default_DynamicFlow_GluingBeamHL_b31_r1_m6_lay6,8,8,0,8,913,223,690,442,100.0,0.9,0.00
609,2026-07-06 17:20:12.984,FF_Default_DynamicFlow_GluingBeamHL_b37_r1_m7_lay7,8,8,0,8,905,223,682,434,100.0,0.9,0.00
610,2026-07-06 17:20:14.820,FF_Default_DynamicFlow_GluingBeamHL_b25_r1_m5_lay5,8,8,0,8,923,224,699,451,100.0,0.9,0.00
611,2026-07-06 17:20:14.821,FF_Default_DynamicFlow_GluingBeamHL_b31_r1_m6_lay6,8,8,0,8,915,224,691,443,100.0,0.9,0.00
612,2026-07-06 17:20:14.822,FF_Default_DynamicFlow_GluingBeamHL_b37_r1_m7_lay7,8,8,0,8,907,224,683,435,100.0,0.9,0.00
613,2026-07-06 17:20:16.657,FF_Default_DynamicFlow_GluingBeamHL_b25_r1_m5_lay5,8,8,0,8,925,225,700,452,100.0,0.9,0.00
614,2026-07-06 17:20:16.659,FF_Default_DynamicFlow_GluingBeamHL_b31_r1_m6_lay6,8,8,0,8,917,225,692,444,100.0,0.9,0.00
615,2026-07-06 17:20:16.660,FF_Default_DynamicFlow_GluingBeamHL_b37_r1_m7_lay7,8,8,0,8,909,225,684,436,100.0,0.9,0.00
616,2026-07-06 17:20:18.537,FF_Default_DynamicFlow_GluingBeamHL_b25_r1_m5_lay5,8,8,0,8,927,226,701,453,100.0,0.9,0.00
617,2026-07-06 17:20:18.538,FF_Default_DynamicFlow_GluingBeamHL_b31_r1_m6_lay6,8,8,0,8,919,226,693,445,100.0,0.9,0.00
618,2026-07-06 17:20:18.539,FF_Default_DynamicFlow_GluingBeamHL_b37_r1_m7_lay7,8,8,0,8,911,226,685,437,100.0,0.9,0.00
619,2026-07-06 17:20:22.196,FF_Default_DynamicFlow_GluingBeamHL_b31_r1_m6_lay6,8,8,0,2,936,227,709,461,100.0,0.9,1.30
620,2026-07-06 17:20:22.203,FF_Default_DynamicFlow_GluingBeamHL_b37_r1_m7_lay7,8,8,0,2,928,227,701,453,100.0,0.9,1.32
621,2026-07-06 17:20:22.209,FF_Default_DynamicFlow_GluingBeamHL_b43_r1_m8_lay8,8,8,0,2,920,227,693,445,100.0,0.9,1.35
622,2026-07-06 17:20:24.131,FF_Default_DynamicFlow_GluingBeamHL_b31_r1_m6_lay6,2,2,0,2,920,228,692,444,100.0,0.2,0.00
623,2026-07-06 17:20:24.132,FF_Default_DynamicFlow_GluingBeamHL_b37_r1_m7_lay7,2,2,0,2,918,228,690,442,100.0,0.2,0.00
624,2026-07-06 17:20:24.133,FF_Default_DynamicFlow_GluingBeamHL_b43_r1_m8_lay8,2,2,0,2,916,228,688,440,100.0,0.2,0.00
625,2026-07-06 17:20:26.012,FF_Default_DynamicFlow_GluingBeamHL_b31_r1_m6_lay6,2,2,0,2,922,229,693,445,100.0,0.2,0.00
626,2026-07-06 17:20:26.014,FF_Default_DynamicFlow_GluingBeamHL_b37_r1_m7_lay7,2,2,0,2,920,229,691,443,100.0,0.2,0.00
627,2026-07-06 17:20:26.017,FF_Default_DynamicFlow_GluingBeamHL_b43_r1_m8_lay8,2,2,0,2,918,229,689,441,100.0,0.2,0.00
628,2026-07-06 17:20:27.902,FF_Default_DynamicFlow_GluingBeamHL_b31_r1_m6_lay6,2,2,0,2,924,230,694,446,100.0,0.2,0.00
629,2026-07-06 17:20:27.906,FF_Default_DynamicFlow_GluingBeamHL_b37_r1_m7_lay7,2,2,0,2,922,230,692,444,100.0,0.2,0.00
630,2026-07-06 17:20:27.911,FF_Default_DynamicFlow_GluingBeamHL_b43_r1_m8_lay8,2,2,0,2,920,230,690,442,100.0,0.2,0.00
631,2026-07-06 17:20:29.755,FF_Default_DynamicFlow_GluingBeamHL_b31_r1_m6_lay6,2,2,0,2,926,231,695,447,100.0,0.2,0.00
632,2026-07-06 17:20:29.758,FF_Default_DynamicFlow_GluingBeamHL_b37_r1_m7_lay7,2,2,0,2,924,231,693,445,100.0,0.2,0.00
633,2026-07-06 17:20:29.763,FF_Default_DynamicFlow_GluingBeamHL_b43_r1_m8_lay8,2,2,0,2,922,231,691,443,100.0,0.2,0.00
634,2026-07-06 17:20:31.616,FF_Default_DynamicFlow_GluingBeamHL_b31_r1_m6_lay6,2,2,0,2,928,232,696,448,100.0,0.2,0.00
635,2026-07-06 17:20:31.618,FF_Default_DynamicFlow_GluingBeamHL_b37_r1_m7_lay7,2,2,0,2,926,232,694,446,100.0,0.2,0.00
636,2026-07-06 17:20:31.620,FF_Default_DynamicFlow_GluingBeamHL_b43_r1_m8_lay8,2,2,0,2,924,232,692,444,100.0,0.2,0.00
637,2026-07-06 17:20:33.774,FF_Default_DynamicFlow_GluingBeamHL_b37_r1_m7_lay7,2,2,0,2,938,233,705,457,100.0,0.2,0.00
638,2026-07-06 17:20:33.778,FF_Default_DynamicFlow_GluingBeamHL_b43_r1_m8_lay8,2,2,0,2,936,233,703,455,100.0,0.2,0.00
639,2026-07-06 17:20:33.779,FF_Default_DynamicFlow_PickUpHL_tp5_fp37_r1,9,9,0,9,934,233,701,453,100.0,1.0,0.00
640,2026-07-06 17:20:35.636,FF_Default_DynamicFlow_GluingBeamHL_b37_r1_m7_lay7,2,2,0,2,940,234,706,458,100.0,0.2,0.00
641,2026-07-06 17:20:35.638,FF_Default_DynamicFlow_GluingBeamHL_b43_r1_m8_lay8,2,2,0,2,938,234,704,456,100.0,0.2,0.00
642,2026-07-06 17:20:35.640,FF_Default_DynamicFlow_PickUpHL_tp5_fp37_r1,9,9,0,9,936,234,702,454,100.0,1.0,0.00
643,2026-07-06 17:20:37.609,FF_Default_DynamicFlow_GluingBeamHL_b37_r1_m7_lay7,2,2,0,2,942,235,707,459,100.0,0.2,0.00
644,2026-07-06 17:20:37.610,FF_Default_DynamicFlow_GluingBeamHL_b43_r1_m8_lay8,2,2,0,2,940,235,705,457,100.0,0.2,0.00
645,2026-07-06 17:20:37.611,FF_Default_DynamicFlow_PickUpHL_tp5_fp37_r1,9,9,0,9,938,235,703,455,100.0,1.0,0.00
646,2026-07-06 17:20:39.472,FF_Default_DynamicFlow_GluingBeamHL_b37_r1_m7_lay7,2,2,0,2,944,236,708,460,100.0,0.2,0.00
647,2026-07-06 17:20:39.473,FF_Default_DynamicFlow_GluingBeamHL_b43_r1_m8_lay8,2,2,0,2,942,236,706,458,100.0,0.2,0.00
648,2026-07-06 17:20:39.475,FF_Default_DynamicFlow_PickUpHL_tp5_fp37_r1,9,9,0,9,940,236,704,456,100.0,1.0,0.00
649,2026-07-06 17:20:41.362,FF_Default_DynamicFlow_GluingBeamHL_b37_r1_m7_lay7,2,2,0,2,946,237,709,461,100.0,0.2,0.00
650,2026-07-06 17:20:41.365,FF_Default_DynamicFlow_GluingBeamHL_b43_r1_m8_lay8,2,2,0,2,944,237,707,459,100.0,0.2,0.00
651,2026-07-06 17:20:41.368,FF_Default_DynamicFlow_PickUpHL_tp5_fp37_r1,9,9,0,9,942,237,705,457,100.0,1.0,0.00
652,2026-07-06 17:20:43.337,FF_Default_DynamicFlow_GluingBeamHL_b37_r1_m7_lay7,2,2,0,2,948,238,710,462,100.0,0.2,0.00
653,2026-07-06 17:20:43.338,FF_Default_DynamicFlow_GluingBeamHL_b43_r1_m8_lay8,2,2,0,2,946,238,708,460,100.0,0.2,0.00
654,2026-07-06 17:20:43.340,FF_Default_DynamicFlow_PickUpHL_tp5_fp37_r1,9,9,0,9,944,238,706,458,100.0,1.0,0.00
655,2026-07-06 17:20:45.544,FF_Default_DynamicFlow_GluingBeamHL_b43_r1_m8_lay8,2,2,0,2,958,239,719,471,100.0,0.2,0.00
656,2026-07-06 17:20:45.546,FF_Default_DynamicFlow_PickUpHL_tp5_fp37_r1,9,9,0,9,956,239,717,469,100.0,0.9,0.00
657,2026-07-06 17:20:45.548,FF_Default_DynamicFlow_PickUpHL_tp6_fp45_r1,9,9,0,9,947,239,708,460,100.0,1.0,0.00
658,2026-07-06 17:20:47.502,FF_Default_DynamicFlow_GluingBeamHL_b43_r1_m8_lay8,2,2,0,2,960,240,720,472,100.0,0.2,0.00
659,2026-07-06 17:20:47.503,FF_Default_DynamicFlow_PickUpHL_tp5_fp37_r1,9,9,0,9,958,240,718,470,100.0,0.9,0.00
660,2026-07-06 17:20:47.504,FF_Default_DynamicFlow_PickUpHL_tp6_fp45_r1,9,9,0,9,949,240,709,461,100.0,0.9,0.00
661,2026-07-06 17:20:49.348,FF_Default_DynamicFlow_GluingBeamHL_b43_r1_m8_lay8,2,2,0,2,962,241,721,473,100.0,0.2,0.00
662,2026-07-06 17:20:49.350,FF_Default_DynamicFlow_PickUpHL_tp5_fp37_r1,9,9,0,9,960,241,719,471,100.0,0.9,0.00
663,2026-07-06 17:20:49.351,FF_Default_DynamicFlow_PickUpHL_tp6_fp45_r1,9,9,0,9,951,241,710,462,100.0,0.9,0.00
664,2026-07-06 17:20:51.315,FF_Default_DynamicFlow_GluingBeamHL_b43_r1_m8_lay8,2,2,0,2,964,242,722,474,100.0,0.2,0.00
665,2026-07-06 17:20:51.317,FF_Default_DynamicFlow_PickUpHL_tp5_fp37_r1,9,9,0,9,962,242,720,472,100.0,0.9,0.00
666,2026-07-06 17:20:51.318,FF_Default_DynamicFlow_PickUpHL_tp6_fp45_r1,9,9,0,9,953,242,711,463,100.0,0.9,0.00
667,2026-07-06 17:20:53.371,FF_Default_DynamicFlow_GluingBeamHL_b43_r1_m8_lay8,2,2,0,2,966,243,723,475,100.0,0.2,0.00
668,2026-07-06 17:20:53.377,FF_Default_DynamicFlow_PickUpHL_tp5_fp37_r1,9,9,0,9,964,243,721,473,100.0,0.9,0.00
669,2026-07-06 17:20:53.380,FF_Default_DynamicFlow_PickUpHL_tp6_fp45_r1,9,9,0,9,955,243,712,464,100.0,0.9,0.00
670,2026-07-06 17:20:55.376,FF_Default_DynamicFlow_GluingBeamHL_b43_r1_m8_lay8,2,2,0,2,968,244,724,476,100.0,0.2,0.00
671,2026-07-06 17:20:55.378,FF_Default_DynamicFlow_PickUpHL_tp5_fp37_r1,9,9,0,9,966,244,722,474,100.0,0.9,0.00
672,2026-07-06 17:20:55.379,FF_Default_DynamicFlow_PickUpHL_tp6_fp45_r1,9,9,0,9,957,244,713,465,100.0,0.9,0.00
673,2026-07-06 17:20:57.623,FF_Default_DynamicFlow_PickUpHL_tp5_fp37_r1,9,9,0,9,978,245,733,485,100.0,0.9,0.00
674,2026-07-06 17:20:57.624,FF_Default_DynamicFlow_PickUpHL_tp6_fp45_r1,9,9,0,9,969,245,724,476,100.0,0.9,0.00
675,2026-07-06 17:20:57.625,FF_Default_DynamicFlow_PickUpHL_tp7_fp53_r1,9,9,0,9,960,245,715,467,100.0,0.9,0.00
676,2026-07-06 17:20:59.612,FF_Default_DynamicFlow_PickUpHL_tp5_fp37_r1,9,9,0,9,980,246,734,486,100.0,0.9,0.00
677,2026-07-06 17:20:59.614,FF_Default_DynamicFlow_PickUpHL_tp6_fp45_r1,9,9,0,9,971,246,725,477,100.0,0.9,0.00
678,2026-07-06 17:20:59.618,FF_Default_DynamicFlow_PickUpHL_tp7_fp53_r1,9,9,0,9,962,246,716,468,100.0,0.9,0.00
679,2026-07-06 17:21:01.483,FF_Default_DynamicFlow_PickUpHL_tp5_fp37_r1,9,9,0,9,982,247,735,487,100.0,0.9,0.00
680,2026-07-06 17:21:01.484,FF_Default_DynamicFlow_PickUpHL_tp6_fp45_r1,9,9,0,9,973,247,726,478,100.0,0.9,0.00
681,2026-07-06 17:21:01.486,FF_Default_DynamicFlow_PickUpHL_tp7_fp53_r1,9,9,0,9,964,247,717,469,100.0,0.9,0.00
682,2026-07-06 17:21:03.356,FF_Default_DynamicFlow_PickUpHL_tp5_fp37_r1,9,9,0,9,984,248,736,488,100.0,0.9,0.00
683,2026-07-06 17:21:03.361,FF_Default_DynamicFlow_PickUpHL_tp6_fp45_r1,9,9,0,9,975,248,727,479,100.0,0.9,0.00
684,2026-07-06 17:21:03.363,FF_Default_DynamicFlow_PickUpHL_tp7_fp53_r1,9,9,0,9,966,248,718,470,100.0,0.9,0.00
685,2026-07-06 17:21:05.325,FF_Default_DynamicFlow_PickUpHL_tp5_fp37_r1,9,9,0,9,986,249,737,489,100.0,0.9,0.00
686,2026-07-06 17:21:05.327,FF_Default_DynamicFlow_PickUpHL_tp6_fp45_r1,9,9,0,9,977,249,728,480,100.0,0.9,0.00
687,2026-07-06 17:21:05.329,FF_Default_DynamicFlow_PickUpHL_tp7_fp53_r1,9,9,0,9,968,249,719,471,100.0,0.9,0.00
688,2026-07-06 17:21:07.343,FF_Default_DynamicFlow_PickUpHL_tp5_fp37_r1,9,9,0,9,988,250,738,490,100.0,0.9,0.00
689,2026-07-06 17:21:07.346,FF_Default_DynamicFlow_PickUpHL_tp6_fp45_r1,9,9,0,9,979,250,729,481,100.0,0.9,0.00
690,2026-07-06 17:21:07.347,FF_Default_DynamicFlow_PickUpHL_tp7_fp53_r1,9,9,0,9,970,250,720,472,100.0,0.9,0.00
691,2026-07-06 17:21:10.925,FF_Default_DynamicFlow_PickUpHL_tp5_fp37_r1,9,9,0,3,997,251,746,498,100.0,0.9,1.20
692,2026-07-06 17:21:10.927,FF_Default_DynamicFlow_PickUpHL_tp6_fp45_r1,9,9,0,3,988,251,737,489,100.0,0.9,1.23
693,2026-07-06 17:21:10.929,FF_Default_DynamicFlow_PickUpHL_tp7_fp53_r1,9,9,0,3,979,251,728,480,100.0,0.9,1.25
694,2026-07-06 17:21:13.047,FF_Default_DynamicFlow_PickUpHL_tp5_fp37_r1,3,3,0,2,982,252,730,482,100.0,0.3,0.21
695,2026-07-06 17:21:13.049,FF_Default_DynamicFlow_PickUpHL_tp6_fp45_r1,3,3,0,2,979,252,727,479,100.0,0.3,0.21
696,2026-07-06 17:21:13.050,FF_Default_DynamicFlow_PickUpHL_tp7_fp53_r1,3,3,0,2,976,252,724,476,100.0,0.3,0.21
697,2026-07-06 17:21:15.349,FF_Default_DynamicFlow_PickUpHL_tp6_fp45_r1,2,2,0,3,988,253,735,487,100.0,0.2,-0.21
698,2026-07-06 17:21:15.352,FF_Default_DynamicFlow_PickUpHL_tp7_fp53_r1,2,2,0,3,986,253,733,485,100.0,0.2,-0.21
699,2026-07-06 17:21:15.355,FF_Default_DynamicFlow_NailingHL_tp8_r1,8,8,0,11,984,253,731,483,100.0,0.8,-0.62
700,2026-07-06 17:21:17.580,FF_Default_DynamicFlow_PickUpHL_tp6_fp45_r1,3,3,0,2,996,254,742,494,100.0,0.3,0.20
701,2026-07-06 17:21:17.584,FF_Default_DynamicFlow_PickUpHL_tp7_fp53_r1,3,3,0,2,993,254,739,491,100.0,0.3,0.20
702,2026-07-06 17:21:17.588,FF_Default_DynamicFlow_NailingHL_tp8_r1,11,11,0,8,990,254,736,488,100.0,1.1,0.61
703,2026-07-06 17:21:19.721,FF_Default_DynamicFlow_PickUpHL_tp7_fp53_r1,2,2,0,3,1000,255,745,497,100.0,0.2,-0.20
704,2026-07-06 17:21:19.729,FF_Default_DynamicFlow_NailingHL_tp8_r1,8,8,0,11,998,255,743,495,100.0,0.8,-0.61
705,2026-07-06 17:21:19.731,FF_Default_DynamicFlow_NailingHL_tp5_r1,8,8,0,11,990,255,735,487,100.0,0.8,-0.62
706,2026-07-06 17:21:21.932,FF_Default_DynamicFlow_PickUpHL_tp7_fp53_r1,3,3,0,2,1010,256,754,506,100.0,0.3,0.20
707,2026-07-06 17:21:21.937,FF_Default_DynamicFlow_NailingHL_tp8_r1,11,11,0,8,1007,256,751,503,100.0,1.1,0.60
708,2026-07-06 17:21:21.939,FF_Default_DynamicFlow_NailingHL_tp5_r1,11,11,0,8,996,256,740,492,100.0,1.1,0.61
709,2026-07-06 17:21:24.101,FF_Default_DynamicFlow_NailingHL_tp8_r1,8,8,0,11,1012,257,755,507,100.0,0.8,-0.59
710,2026-07-06 17:21:24.103,FF_Default_DynamicFlow_NailingHL_tp5_r1,8,8,0,11,1004,257,747,499,100.0,0.8,-0.60
711,2026-07-06 17:21:24.104,FF_Default_DynamicFlow_NailingHL_tp6_r1,8,8,0,11,996,257,739,491,100.0,0.8,-0.61
712,2026-07-06 17:21:26.348,FF_Default_DynamicFlow_NailingHL_tp8_r1,11,11,0,8,1024,258,766,518,100.0,1.1,0.58
713,2026-07-06 17:21:26.353,FF_Default_DynamicFlow_NailingHL_tp5_r1,11,11,0,8,1013,258,755,507,100.0,1.1,0.59
714,2026-07-06 17:21:26.360,FF_Default_DynamicFlow_NailingHL_tp6_r1,11,11,0,8,1002,258,744,496,100.0,1.1,0.60
715,2026-07-06 17:21:29.797,FF_Default_DynamicFlow_NailingHL_tp5_r1,8,8,0,2,1024,259,765,517,100.0,0.8,1.16
716,2026-07-06 17:21:29.798,FF_Default_DynamicFlow_NailingHL_tp6_r1,8,8,0,2,1016,259,757,509,100.0,0.8,1.18
717,2026-07-06 17:21:29.799,FF_Default_DynamicFlow_NailingHL_tp7_r1,8,8,0,2,1008,259,749,501,100.0,0.8,1.20
718,2026-07-06 17:21:32.178,FF_Default_DynamicFlow_NailingHL_tp6_r1,2,2,0,2,1017,260,757,509,100.0,0.2,0.00
719,2026-07-06 17:21:32.179,FF_Default_DynamicFlow_NailingHL_tp7_r1,2,2,0,2,1015,260,755,507,100.0,0.2,0.00
720,2026-07-06 17:21:32.180,FF_Default_DynamicFlow_MoveCassetteToStackHL_tp8_lp8_pr4_sp8_r1_m8_lay8,10,10,0,10,1013,260,753,505,100.0,1.0,0.00
721,2026-07-06 17:21:34.330,FF_Default_DynamicFlow_NailingHL_tp7_r1,2,2,0,2,1028,261,767,519,100.0,0.2,0.00
722,2026-07-06 17:21:34.340,FF_Default_DynamicFlow_MoveCassetteToStackHL_tp8_lp8_pr4_sp8_r1_m8_lay8,10,10,0,10,1026,261,765,517,100.0,1.0,0.00
723,2026-07-06 17:21:34.346,FF_Default_DynamicFlow_MoveCassetteToStackHL_tp5_lp5_pr1_sp5_r1_m5_lay5,10,10,0,10,1016,261,755,507,100.0,1.0,0.00
724,2026-07-06 17:21:36.556,FF_Default_DynamicFlow_MoveCassetteToStackHL_tp8_lp8_pr4_sp8_r1_m8_lay8,10,10,0,10,1039,262,777,529,100.0,1.0,0.00
725,2026-07-06 17:21:36.558,FF_Default_DynamicFlow_MoveCassetteToStackHL_tp5_lp5_pr1_sp5_r1_m5_lay5,10,10,0,10,1029,262,767,519,100.0,1.0,0.00
726,2026-07-06 17:21:36.560,FF_Default_DynamicFlow_MoveCassetteToStackHL_tp6_lp6_pr2_sp6_r1_m6_lay6,10,10,0,10,1019,262,757,509,100.0,1.0,0.00
727,2026-07-06 17:21:40.617,FF_Default_DynamicFlow_MoveCassetteToStackHL_tp5_lp5_pr1_sp5_r1_m5_lay5,10,10,0,4,1050,263,787,539,100.0,1.0,1.11
728,2026-07-06 17:21:40.619,FF_Default_DynamicFlow_MoveCassetteToStackHL_tp6_lp6_pr2_sp6_r1_m6_lay6,10,10,0,4,1040,263,777,529,100.0,1.0,1.13
729,2026-07-06 17:21:40.620,FF_Default_DynamicFlow_MoveCassetteToStackHL_tp7_lp7_pr3_sp7_r1_m7_lay7,10,10,0,4,1030,263,767,519,100.0,1.0,1.16
730,2026-07-06 17:21:42.941,FF_Default_DynamicFlow_MoveCassetteToStackHL_tp6_lp6_pr2_sp6_r1_m6_lay6,4,4,0,4,1032,263,769,521,100.0,0.4,0.00
731,2026-07-06 17:21:42.944,FF_Default_DynamicFlow_MoveCassetteToStackHL_tp7_lp7_pr3_sp7_r1_m7_lay7,4,4,0,4,1028,263,765,517,100.0,0.4,0.00
732,2026-07-06 17:21:44.889,FF_Default_DynamicFlow_MoveCassetteToStackHL_tp7_lp7_pr3_sp7_r1_m7_lay7,4,4,0,4,1032,263,769,521,100.0,0.4,0.00
733,2026-07-06 17:21:55.381,FF_Default_DynamicFlow_PickUpHL_lp10_fp73_r1,2,2,0,3,1168,267,901,529,100.0,0.2,-0.19
734,2026-07-06 17:21:55.383,FF_Default_DynamicFlow_PickUpHL_lp11_fp81_r1,2,2,0,3,1166,267,899,527,100.0,0.2,-0.19
735,2026-07-06 17:21:55.384,FF_Default_DynamicFlow_PickUpHL_lp12_fp89_r1,2,2,0,3,1164,267,897,525,100.0,0.2,-0.19
736,2026-07-06 17:21:57.599,FF_Default_DynamicFlow_PickUpHL_lp10_fp73_r1,3,3,0,2,1174,268,906,534,100.0,0.3,0.19
737,2026-07-06 17:21:57.601,FF_Default_DynamicFlow_PickUpHL_lp11_fp81_r1,3,3,0,2,1171,268,903,531,100.0,0.3,0.19
738,2026-07-06 17:21:57.603,FF_Default_DynamicFlow_PickUpHL_lp12_fp89_r1,3,3,0,2,1168,268,900,528,100.0,0.3,0.19
739,2026-07-06 17:21:59.803,FF_Default_DynamicFlow_PickUpHL_lp11_fp81_r1,2,2,0,3,1180,269,911,539,100.0,0.2,-0.19
740,2026-07-06 17:21:59.804,FF_Default_DynamicFlow_PickUpHL_lp12_fp89_r1,2,2,0,3,1178,269,909,537,100.0,0.2,-0.19
741,2026-07-06 17:21:59.809,FF_Default_DynamicFlow_GluingPlateHL_lp9_pr1_r1,8,8,0,11,1176,269,907,535,100.0,0.7,-0.56
742,2026-07-06 17:22:02.039,FF_Default_DynamicFlow_PickUpHL_lp11_fp81_r1,3,3,0,2,1188,270,918,546,100.0,0.3,0.18
743,2026-07-06 17:22:02.040,FF_Default_DynamicFlow_PickUpHL_lp12_fp89_r1,3,3,0,2,1185,270,915,543,100.0,0.3,0.18
744,2026-07-06 17:22:02.041,FF_Default_DynamicFlow_GluingPlateHL_lp9_pr1_r1,11,11,0,8,1182,270,912,540,100.0,0.9,0.56
745,2026-07-06 17:22:03.919,FF_Default_DynamicFlow_PickUpHL_lp12_fp89_r1,2,2,0,3,1192,271,921,549,100.0,0.2,-0.18
746,2026-07-06 17:22:03.920,FF_Default_DynamicFlow_GluingPlateHL_lp9_pr1_r1,8,8,0,11,1190,271,919,547,100.0,0.7,-0.55
747,2026-07-06 17:22:03.921,FF_Default_DynamicFlow_GluingPlateHL_lp10_pr2_r1,8,8,0,11,1182,271,911,539,100.0,0.7,-0.56
748,2026-07-06 17:22:05.965,FF_Default_DynamicFlow_PickUpHL_lp12_fp89_r1,3,3,0,2,1202,272,930,558,100.0,0.2,0.18
749,2026-07-06 17:22:05.965,FF_Default_DynamicFlow_GluingPlateHL_lp9_pr1_r1,11,11,0,8,1199,272,927,555,100.0,0.9,0.54
750,2026-07-06 17:22:05.966,FF_Default_DynamicFlow_GluingPlateHL_lp10_pr2_r1,11,11,0,8,1188,272,916,544,100.0,0.9,0.55
751,2026-07-06 17:22:07.879,FF_Default_DynamicFlow_GluingPlateHL_lp9_pr1_r1,8,8,0,11,1204,273,931,559,100.0,0.7,-0.54
752,2026-07-06 17:22:07.880,FF_Default_DynamicFlow_GluingPlateHL_lp10_pr2_r1,8,8,0,11,1196,273,923,551,100.0,0.7,-0.54
753,2026-07-06 17:22:07.880,FF_Default_DynamicFlow_GluingPlateHL_lp11_pr3_r1,8,8,0,11,1188,273,915,543,100.0,0.7,-0.55
754,2026-07-06 17:22:09.925,FF_Default_DynamicFlow_GluingPlateHL_lp9_pr1_r1,11,11,0,8,1216,274,942,570,100.0,0.9,0.53
755,2026-07-06 17:22:09.926,FF_Default_DynamicFlow_GluingPlateHL_lp10_pr2_r1,11,11,0,8,1205,274,931,559,100.0,0.9,0.54
756,2026-07-06 17:22:09.926,FF_Default_DynamicFlow_GluingPlateHL_lp11_pr3_r1,11,11,0,8,1194,274,920,548,100.0,0.9,0.55
757,2026-07-06 17:22:13.010,FF_Default_DynamicFlow_GluingPlateHL_lp10_pr2_r1,8,8,0,2,1216,275,941,569,100.0,0.7,1.05
758,2026-07-06 17:22:13.011,FF_Default_DynamicFlow_GluingPlateHL_lp11_pr3_r1,8,8,0,2,1208,275,933,561,100.0,0.7,1.07
759,2026-07-06 17:22:13.011,FF_Default_DynamicFlow_GluingPlateHL_lp12_pr4_r1,8,8,0,2,1200,275,925,553,100.0,0.7,1.08
760,2026-07-06 17:22:14.872,FF_Default_DynamicFlow_GluingPlateHL_lp11_pr3_r1,2,2,0,2,1208,276,932,560,100.0,0.2,0.00
761,2026-07-06 17:22:14.872,FF_Default_DynamicFlow_GluingPlateHL_lp12_pr4_r1,2,2,0,2,1206,276,930,558,100.0,0.2,0.00
762,2026-07-06 17:22:14.873,FF_Default_DynamicFlow_PickUpHL_b49_fp66_r1,9,9,0,9,1204,276,928,556,100.0,0.7,0.00
763,2026-07-06 17:22:16.820,FF_Default_DynamicFlow_GluingPlateHL_lp12_pr4_r1,2,2,0,2,1218,277,941,569,100.0,0.2,0.00
764,2026-07-06 17:22:16.821,FF_Default_DynamicFlow_PickUpHL_b49_fp66_r1,9,9,0,9,1216,277,939,567,100.0,0.7,0.00
765,2026-07-06 17:22:16.821,FF_Default_DynamicFlow_PickUpHL_b55_fp74_r1,9,9,0,9,1207,277,930,558,100.0,0.7,0.00
766,2026-07-06 17:22:18.793,FF_Default_DynamicFlow_PickUpHL_b49_fp66_r1,9,9,0,9,1228,278,950,578,100.0,0.7,0.00
767,2026-07-06 17:22:18.793,FF_Default_DynamicFlow_PickUpHL_b55_fp74_r1,9,9,0,9,1219,278,941,569,100.0,0.7,0.00
768,2026-07-06 17:22:18.794,FF_Default_DynamicFlow_PickUpHL_b61_fp82_r1,9,9,0,9,1210,278,932,560,100.0,0.7,0.00
769,2026-07-06 17:22:22.010,FF_Default_DynamicFlow_PickUpHL_b55_fp74_r1,9,9,0,3,1238,279,959,587,100.0,0.7,1.02
770,2026-07-06 17:22:22.010,FF_Default_DynamicFlow_PickUpHL_b61_fp82_r1,9,9,0,3,1229,279,950,578,100.0,0.7,1.04
771,2026-07-06 17:22:22.011,FF_Default_DynamicFlow_PickUpHL_b67_fp90_r1,9,9,0,3,1220,279,941,569,100.0,0.7,1.05
772,2026-07-06 17:22:23.877,FF_Default_DynamicFlow_PickUpHL_b55_fp74_r1,3,3,0,2,1223,280,943,571,100.0,0.2,0.18
773,2026-07-06 17:22:23.879,FF_Default_DynamicFlow_PickUpHL_b61_fp82_r1,3,3,0,2,1220,280,940,568,100.0,0.2,0.18
774,2026-07-06 17:22:23.879,FF_Default_DynamicFlow_PickUpHL_b67_fp90_r1,3,3,0,2,1217,280,937,565,100.0,0.2,0.18
775,2026-07-06 17:22:25.710,FF_Default_DynamicFlow_PickUpHL_b61_fp82_r1,2,2,0,3,1223,281,942,570,100.0,0.2,-0.18
776,2026-07-06 17:22:25.711,FF_Default_DynamicFlow_PickUpHL_b67_fp90_r1,2,2,0,3,1221,281,940,568,100.0,0.2,-0.18
777,2026-07-06 17:22:25.711,FF_Default_DynamicFlow_PickUpHL_b50_fp67_r1,2,2,0,3,1219,281,938,566,100.0,0.2,-0.18
778,2026-07-06 17:22:27.536,FF_Default_DynamicFlow_PickUpHL_b61_fp82_r1,3,3,0,2,1229,282,947,575,100.0,0.2,0.17
779,2026-07-06 17:22:27.536,FF_Default_DynamicFlow_PickUpHL_b67_fp90_r1,3,3,0,2,1226,282,944,572,100.0,0.2,0.17
780,2026-07-06 17:22:27.537,FF_Default_DynamicFlow_PickUpHL_b50_fp67_r1,3,3,0,2,1223,282,941,569,100.0,0.2,0.18
781,2026-07-06 17:22:29.311,FF_Default_DynamicFlow_PickUpHL_b67_fp90_r1,2,2,0,3,1229,283,946,574,100.0,0.2,-0.17
782,2026-07-06 17:22:29.312,FF_Default_DynamicFlow_PickUpHL_b50_fp67_r1,2,2,0,3,1227,283,944,572,100.0,0.2,-0.17
783,2026-07-06 17:22:29.312,FF_Default_DynamicFlow_PickUpHL_b56_fp75_r1,2,2,0,3,1225,283,942,570,100.0,0.2,-0.18
784,2026-07-06 17:22:31.190,FF_Default_DynamicFlow_PickUpHL_b67_fp90_r1,3,3,0,2,1235,284,951,579,100.0,0.2,0.17
785,2026-07-06 17:22:31.191,FF_Default_DynamicFlow_PickUpHL_b50_fp67_r1,3,3,0,2,1232,284,948,576,100.0,0.2,0.17
786,2026-07-06 17:22:31.191,FF_Default_DynamicFlow_PickUpHL_b56_fp75_r1,3,3,0,2,1229,284,945,573,100.0,0.2,0.17
787,2026-07-06 17:22:33.135,FF_Default_DynamicFlow_PickUpHL_b50_fp67_r1,2,2,0,3,1235,285,950,578,100.0,0.2,-0.17
788,2026-07-06 17:22:33.135,FF_Default_DynamicFlow_PickUpHL_b56_fp75_r1,2,2,0,3,1233,285,948,576,100.0,0.2,-0.17
789,2026-07-06 17:22:33.136,FF_Default_DynamicFlow_PickUpHL_b62_fp83_r1,2,2,0,3,1231,285,946,574,100.0,0.2,-0.17
790,2026-07-06 17:22:35.010,FF_Default_DynamicFlow_PickUpHL_b50_fp67_r1,3,3,0,2,1241,286,955,583,100.0,0.2,0.17
791,2026-07-06 17:22:35.011,FF_Default_DynamicFlow_PickUpHL_b56_fp75_r1,3,3,0,2,1238,286,952,580,100.0,0.2,0.17
792,2026-07-06 17:22:35.011,FF_Default_DynamicFlow_PickUpHL_b62_fp83_r1,3,3,0,2,1235,286,949,577,100.0,0.2,0.17
793,2026-07-06 17:22:36.975,FF_Default_DynamicFlow_PickUpHL_b56_fp75_r1,2,2,0,3,1241,287,954,582,100.0,0.2,-0.17
794,2026-07-06 17:22:36.976,FF_Default_DynamicFlow_PickUpHL_b62_fp83_r1,2,2,0,3,1239,287,952,580,100.0,0.2,-0.17
795,2026-07-06 17:22:36.976,FF_Default_DynamicFlow_PickUpHL_b68_fp91_r1,2,2,0,3,1237,287,950,578,100.0,0.2,-0.17
796,2026-07-06 17:22:38.857,FF_Default_DynamicFlow_PickUpHL_b56_fp75_r1,3,3,0,2,1247,288,959,587,100.0,0.2,0.17
797,2026-07-06 17:22:38.858,FF_Default_DynamicFlow_PickUpHL_b62_fp83_r1,3,3,0,2,1244,288,956,584,100.0,0.2,0.17
798,2026-07-06 17:22:38.859,FF_Default_DynamicFlow_PickUpHL_b68_fp91_r1,3,3,0,2,1241,288,953,581,100.0,0.2,0.17
799,2026-07-06 17:22:40.659,FF_Default_DynamicFlow_PickUpHL_b62_fp83_r1,2,2,0,3,1247,289,958,586,100.0,0.2,-0.17
800,2026-07-06 17:22:40.660,FF_Default_DynamicFlow_PickUpHL_b68_fp91_r1,2,2,0,3,1245,289,956,584,100.0,0.2,-0.17
801,2026-07-06 17:22:40.660,FF_Default_DynamicFlow_PickUpHL_b54_fp72_r1,2,2,0,3,1243,289,954,582,100.0,0.2,-0.17
802,2026-07-06 17:22:42.581,FF_Default_DynamicFlow_PickUpHL_b62_fp83_r1,3,3,0,2,1253,290,963,591,100.0,0.2,0.17
803,2026-07-06 17:22:42.581,FF_Default_DynamicFlow_PickUpHL_b68_fp91_r1,3,3,0,2,1250,290,960,588,100.0,0.2,0.17
804,2026-07-06 17:22:42.582,FF_Default_DynamicFlow_PickUpHL_b54_fp72_r1,3,3,0,2,1247,290,957,585,100.0,0.2,0.17
805,2026-07-06 17:22:44.391,FF_Default_DynamicFlow_PickUpHL_b68_fp91_r1,2,2,0,3,1253,291,962,590,100.0,0.2,-0.17
806,2026-07-06 17:22:44.391,FF_Default_DynamicFlow_PickUpHL_b54_fp72_r1,2,2,0,3,1251,291,960,588,100.0,0.2,-0.17
807,2026-07-06 17:22:44.392,FF_Default_DynamicFlow_PickUpHL_b60_fp80_r1,2,2,0,3,1249,291,958,586,100.0,0.2,-0.17
808,2026-07-06 17:22:46.308,FF_Default_DynamicFlow_PickUpHL_b68_fp91_r1,3,3,0,2,1259,292,967,595,100.0,0.2,0.17
809,2026-07-06 17:22:46.309,FF_Default_DynamicFlow_PickUpHL_b54_fp72_r1,3,3,0,2,1256,292,964,592,100.0,0.2,0.17
810,2026-07-06 17:22:46.309,FF_Default_DynamicFlow_PickUpHL_b60_fp80_r1,3,3,0,2,1253,292,961,589,100.0,0.2,0.17
811,2026-07-06 17:22:48.120,FF_Default_DynamicFlow_PickUpHL_b54_fp72_r1,2,2,0,3,1259,293,966,594,100.0,0.2,-0.17
812,2026-07-06 17:22:48.122,FF_Default_DynamicFlow_PickUpHL_b60_fp80_r1,2,2,0,3,1257,293,964,592,100.0,0.2,-0.17
813,2026-07-06 17:22:48.123,FF_Default_DynamicFlow_PickUpHL_b66_fp88_r1,2,2,0,3,1255,293,962,590,100.0,0.2,-0.17
814,2026-07-06 17:22:50.022,FF_Default_DynamicFlow_PickUpHL_b54_fp72_r1,3,3,0,2,1265,294,971,599,100.0,0.2,0.17
815,2026-07-06 17:22:50.023,FF_Default_DynamicFlow_PickUpHL_b60_fp80_r1,3,3,0,2,1262,294,968,596,100.0,0.2,0.17
816,2026-07-06 17:22:50.024,FF_Default_DynamicFlow_PickUpHL_b66_fp88_r1,3,3,0,2,1259,294,965,593,100.0,0.2,0.17
817,2026-07-06 17:22:52.029,FF_Default_DynamicFlow_PickUpHL_b60_fp80_r1,2,2,0,3,1265,295,970,598,100.0,0.2,-0.17
818,2026-07-06 17:22:52.030,FF_Default_DynamicFlow_PickUpHL_b66_fp88_r1,2,2,0,3,1263,295,968,596,100.0,0.2,-0.17
819,2026-07-06 17:22:52.030,FF_Default_DynamicFlow_PickUpHL_b72_fp96_r1,2,2,0,3,1261,295,966,594,100.0,0.2,-0.17
820,2026-07-06 17:22:53.832,FF_Default_DynamicFlow_PickUpHL_b60_fp80_r1,3,3,0,2,1271,296,975,603,100.0,0.2,0.17
821,2026-07-06 17:22:53.833,FF_Default_DynamicFlow_PickUpHL_b66_fp88_r1,3,3,0,2,1268,296,972,600,100.0,0.2,0.17
822,2026-07-06 17:22:53.833,FF_Default_DynamicFlow_PickUpHL_b72_fp96_r1,3,3,0,2,1265,296,969,597,100.0,0.2,0.17
823,2026-07-06 17:22:55.625,FF_Default_DynamicFlow_PickUpHL_b66_fp88_r1,2,2,0,3,1271,297,974,602,100.0,0.2,-0.17
824,2026-07-06 17:22:55.626,FF_Default_DynamicFlow_PickUpHL_b72_fp96_r1,2,2,0,3,1269,297,972,600,100.0,0.2,-0.17
825,2026-07-06 17:22:55.626,FF_Default_DynamicFlow_PickUpHL_b52_fp70_r1,2,2,0,3,1267,297,970,598,100.0,0.2,-0.17
826,2026-07-06 17:22:57.528,FF_Default_DynamicFlow_PickUpHL_b66_fp88_r1,3,3,0,2,1277,298,979,607,100.0,0.2,0.16
827,2026-07-06 17:22:57.529,FF_Default_DynamicFlow_PickUpHL_b72_fp96_r1,3,3,0,2,1274,298,976,604,100.0,0.2,0.17
828,2026-07-06 17:22:57.529,FF_Default_DynamicFlow_PickUpHL_b52_fp70_r1,3,3,0,2,1271,298,973,601,100.0,0.2,0.17
829,2026-07-06 17:22:59.307,FF_Default_DynamicFlow_PickUpHL_b72_fp96_r1,2,2,0,3,1277,299,978,606,100.0,0.2,-0.17
830,2026-07-06 17:22:59.308,FF_Default_DynamicFlow_PickUpHL_b52_fp70_r1,2,2,0,3,1275,299,976,604,100.0,0.2,-0.17
831,2026-07-06 17:22:59.308,FF_Default_DynamicFlow_PickUpHL_b58_fp78_r1,2,2,0,3,1273,299,974,602,100.0,0.2,-0.17
832,2026-07-06 17:23:01.180,FF_Default_DynamicFlow_PickUpHL_b72_fp96_r1,3,3,0,2,1283,300,983,611,100.0,0.2,0.16
833,2026-07-06 17:23:01.181,FF_Default_DynamicFlow_PickUpHL_b52_fp70_r1,3,3,0,2,1280,300,980,608,100.0,0.2,0.16
834,2026-07-06 17:23:01.182,FF_Default_DynamicFlow_PickUpHL_b58_fp78_r1,3,3,0,2,1277,300,977,605,100.0,0.2,0.17
835,2026-07-06 17:23:03.016,FF_Default_DynamicFlow_PickUpHL_b52_fp70_r1,2,2,0,3,1283,301,982,610,100.0,0.2,-0.16
836,2026-07-06 17:23:03.017,FF_Default_DynamicFlow_PickUpHL_b58_fp78_r1,2,2,0,3,1281,301,980,608,100.0,0.2,-0.16
837,2026-07-06 17:23:03.017,FF_Default_DynamicFlow_PickUpHL_b64_fp86_r1,2,2,0,3,1279,301,978,606,100.0,0.2,-0.17
838,2026-07-06 17:23:04.907,FF_Default_DynamicFlow_PickUpHL_b52_fp70_r1,3,3,0,2,1289,302,987,615,100.0,0.2,0.16
839,2026-07-06 17:23:04.908,FF_Default_DynamicFlow_PickUpHL_b58_fp78_r1,3,3,0,2,1286,302,984,612,100.0,0.2,0.16
840,2026-07-06 17:23:04.908,FF_Default_DynamicFlow_PickUpHL_b64_fp86_r1,3,3,0,2,1283,302,981,609,100.0,0.2,0.16
841,2026-07-06 17:23:06.804,FF_Default_DynamicFlow_PickUpHL_b58_fp78_r1,2,2,0,3,1289,303,986,614,100.0,0.2,-0.16
842,2026-07-06 17:23:06.805,FF_Default_DynamicFlow_PickUpHL_b64_fp86_r1,2,2,0,3,1287,303,984,612,100.0,0.2,-0.16
843,2026-07-06 17:23:06.805,FF_Default_DynamicFlow_PickUpHL_b70_fp94_r1,2,2,0,3,1285,303,982,610,100.0,0.2,-0.16
844,2026-07-06 17:23:08.760,FF_Default_DynamicFlow_PickUpHL_b58_fp78_r1,3,3,0,2,1295,304,991,619,100.0,0.2,0.16
845,2026-07-06 17:23:08.761,FF_Default_DynamicFlow_PickUpHL_b64_fp86_r1,3,3,0,2,1292,304,988,616,100.0,0.2,0.16
846,2026-07-06 17:23:08.761,FF_Default_DynamicFlow_PickUpHL_b70_fp94_r1,3,3,0,2,1289,304,985,613,100.0,0.2,0.16
847,2026-07-06 17:23:10.636,FF_Default_DynamicFlow_PickUpHL_b64_fp86_r1,2,2,0,3,1295,305,990,618,100.0,0.2,-0.16
848,2026-07-06 17:23:10.637,FF_Default_DynamicFlow_PickUpHL_b70_fp94_r1,2,2,0,3,1293,305,988,616,100.0,0.2,-0.16
849,2026-07-06 17:23:10.637,FF_Default_DynamicFlow_PickUpHL_b51_fp68_r1,2,2,0,3,1291,305,986,614,100.0,0.2,-0.16
850,2026-07-06 17:23:12.455,FF_Default_DynamicFlow_PickUpHL_b64_fp86_r1,3,3,0,2,1301,306,995,623,100.0,0.2,0.16
851,2026-07-06 17:23:12.456,FF_Default_DynamicFlow_PickUpHL_b70_fp94_r1,3,3,0,2,1298,306,992,620,100.0,0.2,0.16
852,2026-07-06 17:23:12.456,FF_Default_DynamicFlow_PickUpHL_b51_fp68_r1,3,3,0,2,1295,306,989,617,100.0,0.2,0.16
853,2026-07-06 17:23:14.280,FF_Default_DynamicFlow_PickUpHL_b70_fp94_r1,2,2,0,3,1301,307,994,622,100.0,0.2,-0.16
854,2026-07-06 17:23:14.280,FF_Default_DynamicFlow_PickUpHL_b51_fp68_r1,2,2,0,3,1299,307,992,620,100.0,0.2,-0.16
855,2026-07-06 17:23:14.281,FF_Default_DynamicFlow_PickUpHL_b57_fp76_r1,2,2,0,3,1297,307,990,618,100.0,0.2,-0.16
856,2026-07-06 17:23:16.086,FF_Default_DynamicFlow_PickUpHL_b70_fp94_r1,3,3,0,2,1307,308,999,627,100.0,0.2,0.16
857,2026-07-06 17:23:16.087,FF_Default_DynamicFlow_PickUpHL_b51_fp68_r1,3,3,0,2,1304,308,996,624,100.0,0.2,0.16
858,2026-07-06 17:23:16.088,FF_Default_DynamicFlow_PickUpHL_b57_fp76_r1,3,3,0,2,1301,308,993,621,100.0,0.2,0.16
859,2026-07-06 17:23:17.915,FF_Default_DynamicFlow_PickUpHL_b51_fp68_r1,2,2,0,3,1307,309,998,626,100.0,0.2,-0.16
860,2026-07-06 17:23:17.916,FF_Default_DynamicFlow_PickUpHL_b57_fp76_r1,2,2,0,3,1305,309,996,624,100.0,0.2,-0.16
861,2026-07-06 17:23:17.917,FF_Default_DynamicFlow_PickUpHL_b63_fp84_r1,2,2,0,3,1303,309,994,622,100.0,0.2,-0.16
862,2026-07-06 17:23:19.793,FF_Default_DynamicFlow_PickUpHL_b51_fp68_r1,3,3,0,2,1313,310,1003,631,100.0,0.2,0.16
863,2026-07-06 17:23:19.794,FF_Default_DynamicFlow_PickUpHL_b57_fp76_r1,3,3,0,2,1310,310,1000,628,100.0,0.2,0.16
864,2026-07-06 17:23:19.794,FF_Default_DynamicFlow_PickUpHL_b63_fp84_r1,3,3,0,2,1307,310,997,625,100.0,0.2,0.16
865,2026-07-06 17:23:21.743,FF_Default_DynamicFlow_PickUpHL_b57_fp76_r1,2,2,0,3,1313,311,1002,630,100.0,0.2,-0.16
866,2026-07-06 17:23:21.743,FF_Default_DynamicFlow_PickUpHL_b63_fp84_r1,2,2,0,3,1311,311,1000,628,100.0,0.2,-0.16
867,2026-07-06 17:23:21.744,FF_Default_DynamicFlow_PickUpHL_b69_fp92_r1,2,2,0,3,1309,311,998,626,100.0,0.2,-0.16
868,2026-07-06 17:23:23.640,FF_Default_DynamicFlow_PickUpHL_b57_fp76_r1,3,3,0,2,1319,312,1007,635,100.0,0.2,0.16
869,2026-07-06 17:23:23.640,FF_Default_DynamicFlow_PickUpHL_b63_fp84_r1,3,3,0,2,1316,312,1004,632,100.0,0.2,0.16
870,2026-07-06 17:23:23.641,FF_Default_DynamicFlow_PickUpHL_b69_fp92_r1,3,3,0,2,1313,312,1001,629,100.0,0.2,0.16
871,2026-07-06 17:23:25.467,FF_Default_DynamicFlow_PickUpHL_b63_fp84_r1,2,2,0,3,1319,313,1006,634,100.0,0.2,-0.16
872,2026-07-06 17:23:25.468,FF_Default_DynamicFlow_PickUpHL_b69_fp92_r1,2,2,0,3,1317,313,1004,632,100.0,0.2,-0.16
873,2026-07-06 17:23:25.468,FF_Default_DynamicFlow_PickUpHL_b53_fp71_r1,2,2,0,3,1315,313,1002,630,100.0,0.2,-0.16
874,2026-07-06 17:23:27.353,FF_Default_DynamicFlow_PickUpHL_b63_fp84_r1,3,3,0,2,1325,314,1011,639,100.0,0.2,0.16
875,2026-07-06 17:23:27.354,FF_Default_DynamicFlow_PickUpHL_b69_fp92_r1,3,3,0,2,1322,314,1008,636,100.0,0.2,0.16
876,2026-07-06 17:23:27.354,FF_Default_DynamicFlow_PickUpHL_b53_fp71_r1,3,3,0,2,1319,314,1005,633,100.0,0.2,0.16
877,2026-07-06 17:23:29.224,FF_Default_DynamicFlow_PickUpHL_b69_fp92_r1,2,2,0,3,1325,315,1010,638,100.0,0.2,-0.16
878,2026-07-06 17:23:29.225,FF_Default_DynamicFlow_PickUpHL_b53_fp71_r1,2,2,0,3,1323,315,1008,636,100.0,0.2,-0.16
879,2026-07-06 17:23:29.226,FF_Default_DynamicFlow_PickUpHL_b59_fp79_r1,2,2,0,3,1321,315,1006,634,100.0,0.2,-0.16
880,2026-07-06 17:23:31.035,FF_Default_DynamicFlow_PickUpHL_b69_fp92_r1,3,3,0,2,1331,316,1015,643,100.0,0.2,0.16
881,2026-07-06 17:23:31.035,FF_Default_DynamicFlow_PickUpHL_b53_fp71_r1,3,3,0,2,1328,316,1012,640,100.0,0.2,0.16
882,2026-07-06 17:23:31.036,FF_Default_DynamicFlow_PickUpHL_b59_fp79_r1,3,3,0,2,1325,316,1009,637,100.0,0.2,0.16
883,2026-07-06 17:23:32.900,FF_Default_DynamicFlow_PickUpHL_b53_fp71_r1,2,2,0,3,1331,317,1014,642,100.0,0.2,-0.16
884,2026-07-06 17:23:32.901,FF_Default_DynamicFlow_PickUpHL_b59_fp79_r1,2,2,0,3,1329,317,1012,640,100.0,0.2,-0.16
885,2026-07-06 17:23:32.901,FF_Default_DynamicFlow_PickUpHL_b65_fp87_r1,2,2,0,3,1327,317,1010,638,100.0,0.2,-0.16
886,2026-07-06 17:23:34.764,FF_Default_DynamicFlow_PickUpHL_b53_fp71_r1,3,3,0,2,1337,318,1019,647,100.0,0.2,0.15
887,2026-07-06 17:23:34.764,FF_Default_DynamicFlow_PickUpHL_b59_fp79_r1,3,3,0,2,1334,318,1016,644,100.0,0.2,0.16
888,2026-07-06 17:23:34.765,FF_Default_DynamicFlow_PickUpHL_b65_fp87_r1,3,3,0,2,1331,318,1013,641,100.0,0.2,0.16
889,2026-07-06 17:23:36.753,FF_Default_DynamicFlow_PickUpHL_b59_fp79_r1,2,2,0,3,1337,319,1018,646,100.0,0.1,-0.15
890,2026-07-06 17:23:36.754,FF_Default_DynamicFlow_PickUpHL_b65_fp87_r1,2,2,0,3,1335,319,1016,644,100.0,0.1,-0.16
891,2026-07-06 17:23:36.754,FF_Default_DynamicFlow_PickUpHL_b71_fp95_r1,2,2,0,3,1333,319,1014,642,100.0,0.2,-0.16
892,2026-07-06 17:23:38.590,FF_Default_DynamicFlow_PickUpHL_b59_fp79_r1,3,3,0,2,1343,320,1023,651,100.0,0.2,0.15
893,2026-07-06 17:23:38.590,FF_Default_DynamicFlow_PickUpHL_b65_fp87_r1,3,3,0,2,1340,320,1020,648,100.0,0.2,0.15
894,2026-07-06 17:23:38.591,FF_Default_DynamicFlow_PickUpHL_b71_fp95_r1,3,3,0,2,1337,320,1017,645,100.0,0.2,0.16
895,2026-07-06 17:23:40.414,FF_Default_DynamicFlow_PickUpHL_b65_fp87_r1,2,2,0,3,1349,321,1028,656,100.0,0.1,-0.15
896,2026-07-06 17:23:40.415,FF_Default_DynamicFlow_PickUpHL_b71_fp95_r1,2,2,0,3,1347,321,1026,654,100.0,0.1,-0.15
897,2026-07-06 17:23:40.415,FF_Default_DynamicFlow_NailingBeamHL_b50_r1_m9_lay9,8,8,0,11,1345,321,1024,652,100.0,0.6,-0.46
898,2026-07-06 17:23:42.294,FF_Default_DynamicFlow_PickUpHL_b65_fp87_r1,3,3,0,2,1357,322,1035,663,100.0,0.2,0.15
899,2026-07-06 17:23:42.295,FF_Default_DynamicFlow_PickUpHL_b71_fp95_r1,3,3,0,2,1354,322,1032,660,100.0,0.2,0.15
900,2026-07-06 17:23:42.295,FF_Default_DynamicFlow_NailingBeamHL_b50_r1_m9_lay9,11,11,0,8,1351,322,1029,657,100.0,0.8,0.46
901,2026-07-06 17:23:44.252,FF_Default_DynamicFlow_PickUpHL_b71_fp95_r1,2,2,0,3,1361,323,1038,666,100.0,0.1,-0.15
902,2026-07-06 17:23:44.252,FF_Default_DynamicFlow_NailingBeamHL_b50_r1_m9_lay9,8,8,0,11,1359,323,1036,664,100.0,0.6,-0.45
903,2026-07-06 17:23:44.253,FF_Default_DynamicFlow_NailingBeamHL_b56_r1_m10_lay10,8,8,0,11,1351,323,1028,656,100.0,0.6,-0.46
904,2026-07-06 17:23:46.164,FF_Default_DynamicFlow_PickUpHL_b71_fp95_r1,3,3,0,2,1371,324,1047,675,100.0,0.2,0.15
905,2026-07-06 17:23:46.165,FF_Default_DynamicFlow_NailingBeamHL_b50_r1_m9_lay9,11,11,0,8,1368,324,1044,672,100.0,0.8,0.45
906,2026-07-06 17:23:46.165,FF_Default_DynamicFlow_NailingBeamHL_b56_r1_m10_lay10,11,11,0,8,1357,324,1033,661,100.0,0.8,0.45
907,2026-07-06 17:23:48.045,FF_Default_DynamicFlow_NailingBeamHL_b50_r1_m9_lay9,8,8,0,11,1373,325,1048,676,100.0,0.6,-0.44
908,2026-07-06 17:23:48.045,FF_Default_DynamicFlow_NailingBeamHL_b56_r1_m10_lay10,8,8,0,11,1365,325,1040,668,100.0,0.6,-0.45
909,2026-07-06 17:23:48.046,FF_Default_DynamicFlow_NailingBeamHL_b62_r1_m11_lay11,8,8,0,11,1357,325,1032,660,100.0,0.6,-0.45
910,2026-07-06 17:23:50.026,FF_Default_DynamicFlow_NailingBeamHL_b50_r1_m9_lay9,11,11,0,8,1385,326,1059,687,100.0,0.8,0.44
911,2026-07-06 17:23:50.027,FF_Default_DynamicFlow_NailingBeamHL_b56_r1_m10_lay10,11,11,0,8,1374,326,1048,676,100.0,0.8,0.44
912,2026-07-06 17:23:50.028,FF_Default_DynamicFlow_NailingBeamHL_b62_r1_m11_lay11,11,11,0,8,1363,326,1037,665,100.0,0.8,0.45
913,2026-07-06 17:23:52.957,FF_Default_DynamicFlow_NailingBeamHL_b56_r1_m10_lay10,8,8,0,2,1385,327,1058,686,100.0,0.6,0.87
914,2026-07-06 17:23:52.958,FF_Default_DynamicFlow_NailingBeamHL_b62_r1_m11_lay11,8,8,0,2,1377,327,1050,678,100.0,0.6,0.88
915,2026-07-06 17:23:52.959,FF_Default_DynamicFlow_NailingBeamHL_b68_r1_m12_lay12,8,8,0,2,1369,327,1042,670,100.0,0.6,0.90
916,2026-07-06 17:23:54.652,FF_Default_DynamicFlow_NailingBeamHL_b56_r1_m10_lay10,2,2,0,2,1369,328,1041,669,100.0,0.1,0.00
917,2026-07-06 17:23:54.652,FF_Default_DynamicFlow_NailingBeamHL_b62_r1_m11_lay11,2,2,0,2,1367,328,1039,667,100.0,0.1,0.00
918,2026-07-06 17:23:54.653,FF_Default_DynamicFlow_NailingBeamHL_b68_r1_m12_lay12,2,2,0,2,1365,328,1037,665,100.0,0.1,0.00
919,2026-07-06 17:23:56.335,FF_Default_DynamicFlow_NailingBeamHL_b56_r1_m10_lay10,2,2,0,2,1371,329,1042,670,100.0,0.1,0.00
920,2026-07-06 17:23:56.336,FF_Default_DynamicFlow_NailingBeamHL_b62_r1_m11_lay11,2,2,0,2,1369,329,1040,668,100.0,0.1,0.00
921,2026-07-06 17:23:56.337,FF_Default_DynamicFlow_NailingBeamHL_b68_r1_m12_lay12,2,2,0,2,1367,329,1038,666,100.0,0.1,0.00
922,2026-07-06 17:23:57.985,FF_Default_DynamicFlow_NailingBeamHL_b56_r1_m10_lay10,2,2,0,2,1373,330,1043,671,100.0,0.1,0.00
923,2026-07-06 17:23:57.986,FF_Default_DynamicFlow_NailingBeamHL_b62_r1_m11_lay11,2,2,0,2,1371,330,1041,669,100.0,0.1,0.00
924,2026-07-06 17:23:57.986,FF_Default_DynamicFlow_NailingBeamHL_b68_r1_m12_lay12,2,2,0,2,1369,330,1039,667,100.0,0.1,0.00
925,2026-07-06 17:23:59.675,FF_Default_DynamicFlow_NailingBeamHL_b56_r1_m10_lay10,2,2,0,2,1375,331,1044,672,100.0,0.1,0.00
926,2026-07-06 17:23:59.675,FF_Default_DynamicFlow_NailingBeamHL_b62_r1_m11_lay11,2,2,0,2,1373,331,1042,670,100.0,0.1,0.00
927,2026-07-06 17:23:59.676,FF_Default_DynamicFlow_NailingBeamHL_b68_r1_m12_lay12,2,2,0,2,1371,331,1040,668,100.0,0.1,0.00
928,2026-07-06 17:24:01.370,FF_Default_DynamicFlow_NailingBeamHL_b56_r1_m10_lay10,2,2,0,2,1377,332,1045,673,100.0,0.1,0.00
929,2026-07-06 17:24:01.370,FF_Default_DynamicFlow_NailingBeamHL_b62_r1_m11_lay11,2,2,0,2,1375,332,1043,671,100.0,0.1,0.00
930,2026-07-06 17:24:01.371,FF_Default_DynamicFlow_NailingBeamHL_b68_r1_m12_lay12,2,2,0,2,1373,332,1041,669,100.0,0.1,0.00
931,2026-07-06 17:24:03.161,FF_Default_DynamicFlow_NailingBeamHL_b62_r1_m11_lay11,2,2,0,2,1386,333,1053,681,100.0,0.1,0.00
932,2026-07-06 17:24:03.162,FF_Default_DynamicFlow_NailingBeamHL_b68_r1_m12_lay12,2,2,0,2,1384,333,1051,679,100.0,0.1,0.00
933,2026-07-06 17:24:03.162,FF_Default_DynamicFlow_GluingBeamHL_b49_r1_m9_lay9,8,8,0,8,1382,333,1049,677,100.0,0.6,0.00
934,2026-07-06 17:24:04.880,FF_Default_DynamicFlow_NailingBeamHL_b62_r1_m11_lay11,2,2,0,2,1388,334,1054,682,100.0,0.1,0.00
935,2026-07-06 17:24:04.881,FF_Default_DynamicFlow_NailingBeamHL_b68_r1_m12_lay12,2,2,0,2,1386,334,1052,680,100.0,0.1,0.00
936,2026-07-06 17:24:04.881,FF_Default_DynamicFlow_GluingBeamHL_b49_r1_m9_lay9,8,8,0,8,1384,334,1050,678,100.0,0.6,0.00
937,2026-07-06 17:24:06.559,FF_Default_DynamicFlow_NailingBeamHL_b62_r1_m11_lay11,2,2,0,2,1390,335,1055,683,100.0,0.1,0.00
938,2026-07-06 17:24:06.560,FF_Default_DynamicFlow_NailingBeamHL_b68_r1_m12_lay12,2,2,0,2,1388,335,1053,681,100.0,0.1,0.00
939,2026-07-06 17:24:06.561,FF_Default_DynamicFlow_GluingBeamHL_b49_r1_m9_lay9,8,8,0,8,1386,335,1051,679,100.0,0.6,0.00
940,2026-07-06 17:24:08.189,FF_Default_DynamicFlow_NailingBeamHL_b62_r1_m11_lay11,2,2,0,2,1392,336,1056,684,100.0,0.1,0.00
941,2026-07-06 17:24:08.189,FF_Default_DynamicFlow_NailingBeamHL_b68_r1_m12_lay12,2,2,0,2,1390,336,1054,682,100.0,0.1,0.00
942,2026-07-06 17:24:08.190,FF_Default_DynamicFlow_GluingBeamHL_b49_r1_m9_lay9,8,8,0,8,1388,336,1052,680,100.0,0.6,0.00
943,2026-07-06 17:24:09.805,FF_Default_DynamicFlow_NailingBeamHL_b62_r1_m11_lay11,2,2,0,2,1394,337,1057,685,100.0,0.1,0.00
944,2026-07-06 17:24:09.806,FF_Default_DynamicFlow_NailingBeamHL_b68_r1_m12_lay12,2,2,0,2,1392,337,1055,683,100.0,0.1,0.00
945,2026-07-06 17:24:09.807,FF_Default_DynamicFlow_GluingBeamHL_b49_r1_m9_lay9,8,8,0,8,1390,337,1053,681,100.0,0.6,0.00
946,2026-07-06 17:24:11.684,FF_Default_DynamicFlow_NailingBeamHL_b62_r1_m11_lay11,2,2,0,2,1396,338,1058,686,100.0,0.1,0.00
947,2026-07-06 17:24:11.684,FF_Default_DynamicFlow_NailingBeamHL_b68_r1_m12_lay12,2,2,0,2,1394,338,1056,684,100.0,0.1,0.00
948,2026-07-06 17:24:11.685,FF_Default_DynamicFlow_GluingBeamHL_b49_r1_m9_lay9,8,8,0,8,1392,338,1054,682,100.0,0.6,0.00
949,2026-07-06 17:24:13.888,FF_Default_DynamicFlow_NailingBeamHL_b68_r1_m12_lay12,2,2,0,2,1405,339,1066,694,100.0,0.1,0.00
950,2026-07-06 17:24:13.889,FF_Default_DynamicFlow_GluingBeamHL_b49_r1_m9_lay9,8,8,0,8,1403,339,1064,692,100.0,0.6,0.00
951,2026-07-06 17:24:13.890,FF_Default_DynamicFlow_GluingBeamHL_b55_r1_m10_lay10,8,8,0,8,1395,339,1056,684,100.0,0.6,0.00
952,2026-07-06 17:24:15.559,FF_Default_DynamicFlow_NailingBeamHL_b68_r1_m12_lay12,2,2,0,2,1407,340,1067,695,100.0,0.1,0.00
953,2026-07-06 17:24:15.560,FF_Default_DynamicFlow_GluingBeamHL_b49_r1_m9_lay9,8,8,0,8,1405,340,1065,693,100.0,0.6,0.00
954,2026-07-06 17:24:15.561,FF_Default_DynamicFlow_GluingBeamHL_b55_r1_m10_lay10,8,8,0,8,1397,340,1057,685,100.0,0.6,0.00
955,2026-07-06 17:24:17.270,FF_Default_DynamicFlow_NailingBeamHL_b68_r1_m12_lay12,2,2,0,2,1409,341,1068,696,100.0,0.1,0.00
956,2026-07-06 17:24:17.271,FF_Default_DynamicFlow_GluingBeamHL_b49_r1_m9_lay9,8,8,0,8,1407,341,1066,694,100.0,0.6,0.00
957,2026-07-06 17:24:17.271,FF_Default_DynamicFlow_GluingBeamHL_b55_r1_m10_lay10,8,8,0,8,1399,341,1058,686,100.0,0.6,0.00
958,2026-07-06 17:24:19.018,FF_Default_DynamicFlow_NailingBeamHL_b68_r1_m12_lay12,2,2,0,2,1411,342,1069,697,100.0,0.1,0.00
959,2026-07-06 17:24:19.019,FF_Default_DynamicFlow_GluingBeamHL_b49_r1_m9_lay9,8,8,0,8,1409,342,1067,695,100.0,0.6,0.00
960,2026-07-06 17:24:19.020,FF_Default_DynamicFlow_GluingBeamHL_b55_r1_m10_lay10,8,8,0,8,1401,342,1059,687,100.0,0.6,0.00
961,2026-07-06 17:24:20.694,FF_Default_DynamicFlow_NailingBeamHL_b68_r1_m12_lay12,2,2,0,2,1413,343,1070,698,100.0,0.1,0.00
962,2026-07-06 17:24:20.695,FF_Default_DynamicFlow_GluingBeamHL_b49_r1_m9_lay9,8,8,0,8,1411,343,1068,696,100.0,0.6,0.00
963,2026-07-06 17:24:20.695,FF_Default_DynamicFlow_GluingBeamHL_b55_r1_m10_lay10,8,8,0,8,1403,343,1060,688,100.0,0.6,0.00
964,2026-07-06 17:24:22.366,FF_Default_DynamicFlow_NailingBeamHL_b68_r1_m12_lay12,2,2,0,2,1415,344,1071,699,100.0,0.1,0.00
965,2026-07-06 17:24:22.367,FF_Default_DynamicFlow_GluingBeamHL_b49_r1_m9_lay9,8,8,0,8,1413,344,1069,697,100.0,0.6,0.00
966,2026-07-06 17:24:22.368,FF_Default_DynamicFlow_GluingBeamHL_b55_r1_m10_lay10,8,8,0,8,1405,344,1061,689,100.0,0.6,0.00
967,2026-07-06 17:24:24.169,FF_Default_DynamicFlow_GluingBeamHL_b49_r1_m9_lay9,8,8,0,8,1424,345,1079,707,100.0,0.6,0.00
968,2026-07-06 17:24:24.170,FF_Default_DynamicFlow_GluingBeamHL_b55_r1_m10_lay10,8,8,0,8,1416,345,1071,699,100.0,0.6,0.00
969,2026-07-06 17:24:24.171,FF_Default_DynamicFlow_GluingBeamHL_b61_r1_m11_lay11,8,8,0,8,1408,345,1063,691,100.0,0.6,0.00
970,2026-07-06 17:24:25.877,FF_Default_DynamicFlow_GluingBeamHL_b49_r1_m9_lay9,8,8,0,8,1426,346,1080,708,100.0,0.6,0.00
971,2026-07-06 17:24:25.878,FF_Default_DynamicFlow_GluingBeamHL_b55_r1_m10_lay10,8,8,0,8,1418,346,1072,700,100.0,0.6,0.00
972,2026-07-06 17:24:25.878,FF_Default_DynamicFlow_GluingBeamHL_b61_r1_m11_lay11,8,8,0,8,1410,346,1064,692,100.0,0.6,0.00
973,2026-07-06 17:24:27.488,FF_Default_DynamicFlow_GluingBeamHL_b49_r1_m9_lay9,8,8,0,8,1428,347,1081,709,100.0,0.6,0.00
974,2026-07-06 17:24:27.489,FF_Default_DynamicFlow_GluingBeamHL_b55_r1_m10_lay10,8,8,0,8,1420,347,1073,701,100.0,0.6,0.00
975,2026-07-06 17:24:27.490,FF_Default_DynamicFlow_GluingBeamHL_b61_r1_m11_lay11,8,8,0,8,1412,347,1065,693,100.0,0.6,0.00
976,2026-07-06 17:24:29.172,FF_Default_DynamicFlow_GluingBeamHL_b49_r1_m9_lay9,8,8,0,8,1430,348,1082,710,100.0,0.6,0.00
977,2026-07-06 17:24:29.172,FF_Default_DynamicFlow_GluingBeamHL_b55_r1_m10_lay10,8,8,0,8,1422,348,1074,702,100.0,0.6,0.00
978,2026-07-06 17:24:29.173,FF_Default_DynamicFlow_GluingBeamHL_b61_r1_m11_lay11,8,8,0,8,1414,348,1066,694,100.0,0.6,0.00
979,2026-07-06 17:24:30.872,FF_Default_DynamicFlow_GluingBeamHL_b49_r1_m9_lay9,8,8,0,8,1432,349,1083,711,100.0,0.6,0.00
980,2026-07-06 17:24:30.873,FF_Default_DynamicFlow_GluingBeamHL_b55_r1_m10_lay10,8,8,0,8,1424,349,1075,703,100.0,0.6,0.00
981,2026-07-06 17:24:30.874,FF_Default_DynamicFlow_GluingBeamHL_b61_r1_m11_lay11,8,8,0,8,1416,349,1067,695,100.0,0.6,0.00
982,2026-07-06 17:24:32.628,FF_Default_DynamicFlow_GluingBeamHL_b49_r1_m9_lay9,8,8,0,8,1434,350,1084,712,100.0,0.6,0.00
983,2026-07-06 17:24:32.628,FF_Default_DynamicFlow_GluingBeamHL_b55_r1_m10_lay10,8,8,0,8,1426,350,1076,704,100.0,0.6,0.00
984,2026-07-06 17:24:32.629,FF_Default_DynamicFlow_GluingBeamHL_b61_r1_m11_lay11,8,8,0,8,1418,350,1068,696,100.0,0.6,0.00
985,2026-07-06 17:24:35.338,FF_Default_DynamicFlow_GluingBeamHL_b55_r1_m10_lay10,8,8,0,2,1443,351,1092,720,100.0,0.6,0.83
986,2026-07-06 17:24:35.339,FF_Default_DynamicFlow_GluingBeamHL_b61_r1_m11_lay11,8,8,0,2,1435,351,1084,712,100.0,0.6,0.84
987,2026-07-06 17:24:35.339,FF_Default_DynamicFlow_GluingBeamHL_b67_r1_m12_lay12,8,8,0,2,1427,351,1076,704,100.0,0.6,0.85
988,2026-07-06 17:24:36.996,FF_Default_DynamicFlow_GluingBeamHL_b55_r1_m10_lay10,2,2,0,2,1427,352,1075,703,100.0,0.1,0.00
989,2026-07-06 17:24:36.997,FF_Default_DynamicFlow_GluingBeamHL_b61_r1_m11_lay11,2,2,0,2,1425,352,1073,701,100.0,0.1,0.00
990,2026-07-06 17:24:36.997,FF_Default_DynamicFlow_GluingBeamHL_b67_r1_m12_lay12,2,2,0,2,1423,352,1071,699,100.0,0.1,0.00
991,2026-07-06 17:24:38.615,FF_Default_DynamicFlow_GluingBeamHL_b55_r1_m10_lay10,2,2,0,2,1429,353,1076,704,100.0,0.1,0.00
992,2026-07-06 17:24:38.617,FF_Default_DynamicFlow_GluingBeamHL_b61_r1_m11_lay11,2,2,0,2,1427,353,1074,702,100.0,0.1,0.00
993,2026-07-06 17:24:38.617,FF_Default_DynamicFlow_GluingBeamHL_b67_r1_m12_lay12,2,2,0,2,1425,353,1072,700,100.0,0.1,0.00
994,2026-07-06 17:24:40.264,FF_Default_DynamicFlow_GluingBeamHL_b55_r1_m10_lay10,2,2,0,2,1431,354,1077,705,100.0,0.1,0.00
995,2026-07-06 17:24:40.265,FF_Default_DynamicFlow_GluingBeamHL_b61_r1_m11_lay11,2,2,0,2,1429,354,1075,703,100.0,0.1,0.00
996,2026-07-06 17:24:40.265,FF_Default_DynamicFlow_GluingBeamHL_b67_r1_m12_lay12,2,2,0,2,1427,354,1073,701,100.0,0.1,0.00
997,2026-07-06 17:24:41.861,FF_Default_DynamicFlow_GluingBeamHL_b55_r1_m10_lay10,2,2,0,2,1433,355,1078,706,100.0,0.1,0.00
998,2026-07-06 17:24:41.862,FF_Default_DynamicFlow_GluingBeamHL_b61_r1_m11_lay11,2,2,0,2,1431,355,1076,704,100.0,0.1,0.00
999,2026-07-06 17:24:41.863,FF_Default_DynamicFlow_GluingBeamHL_b67_r1_m12_lay12,2,2,0,2,1429,355,1074,702,100.0,0.1,0.00
1000,2026-07-06 17:24:43.467,FF_Default_DynamicFlow_GluingBeamHL_b55_r1_m10_lay10,2,2,0,2,1435,356,1079,707,100.0,0.1,0.00
1001,2026-07-06 17:24:43.467,FF_Default_DynamicFlow_GluingBeamHL_b61_r1_m11_lay11,2,2,0,2,1433,356,1077,705,100.0,0.1,0.00
1002,2026-07-06 17:24:43.467,FF_Default_DynamicFlow_GluingBeamHL_b67_r1_m12_lay12,2,2,0,2,1431,356,1075,703,100.0,0.1,0.00
1003,2026-07-06 17:24:45.297,FF_Default_DynamicFlow_GluingBeamHL_b61_r1_m11_lay11,2,2,0,2,1445,357,1088,716,100.0,0.1,0.00
1004,2026-07-06 17:24:45.297,FF_Default_DynamicFlow_GluingBeamHL_b67_r1_m12_lay12,2,2,0,2,1443,357,1086,714,100.0,0.1,0.00
1005,2026-07-06 17:24:45.298,FF_Default_DynamicFlow_PickUpHL_tp9_fp69_r1,9,9,0,9,1441,357,1084,712,100.0,0.6,0.00
1006,2026-07-06 17:24:46.893,FF_Default_DynamicFlow_GluingBeamHL_b61_r1_m11_lay11,2,2,0,2,1447,358,1089,717,100.0,0.1,0.00
1007,2026-07-06 17:24:46.894,FF_Default_DynamicFlow_GluingBeamHL_b67_r1_m12_lay12,2,2,0,2,1445,358,1087,715,100.0,0.1,0.00
1008,2026-07-06 17:24:46.894,FF_Default_DynamicFlow_PickUpHL_tp9_fp69_r1,9,9,0,9,1443,358,1085,713,100.0,0.6,0.00
1009,2026-07-06 17:24:48.534,FF_Default_DynamicFlow_GluingBeamHL_b61_r1_m11_lay11,2,2,0,2,1449,359,1090,718,100.0,0.1,0.00
1010,2026-07-06 17:24:48.534,FF_Default_DynamicFlow_GluingBeamHL_b67_r1_m12_lay12,2,2,0,2,1447,359,1088,716,100.0,0.1,0.00
1011,2026-07-06 17:24:48.535,FF_Default_DynamicFlow_PickUpHL_tp9_fp69_r1,9,9,0,9,1445,359,1086,714,100.0,0.6,0.00
1012,2026-07-06 17:24:50.120,FF_Default_DynamicFlow_GluingBeamHL_b61_r1_m11_lay11,2,2,0,2,1451,360,1091,719,100.0,0.1,0.00
1013,2026-07-06 17:24:50.121,FF_Default_DynamicFlow_GluingBeamHL_b67_r1_m12_lay12,2,2,0,2,1449,360,1089,717,100.0,0.1,0.00
1014,2026-07-06 17:24:50.121,FF_Default_DynamicFlow_PickUpHL_tp9_fp69_r1,9,9,0,9,1447,360,1087,715,100.0,0.6,0.00
1015,2026-07-06 17:24:51.728,FF_Default_DynamicFlow_GluingBeamHL_b61_r1_m11_lay11,2,2,0,2,1453,361,1092,720,100.0,0.1,0.00
1016,2026-07-06 17:24:51.728,FF_Default_DynamicFlow_GluingBeamHL_b67_r1_m12_lay12,2,2,0,2,1451,361,1090,718,100.0,0.1,0.00
1017,2026-07-06 17:24:51.729,FF_Default_DynamicFlow_PickUpHL_tp9_fp69_r1,9,9,0,9,1449,361,1088,716,100.0,0.6,0.00
1018,2026-07-06 17:24:53.412,FF_Default_DynamicFlow_GluingBeamHL_b61_r1_m11_lay11,2,2,0,2,1455,362,1093,721,100.0,0.1,0.00
1019,2026-07-06 17:24:53.413,FF_Default_DynamicFlow_GluingBeamHL_b67_r1_m12_lay12,2,2,0,2,1453,362,1091,719,100.0,0.1,0.00
1020,2026-07-06 17:24:53.414,FF_Default_DynamicFlow_PickUpHL_tp9_fp69_r1,9,9,0,9,1451,362,1089,717,100.0,0.6,0.00
1021,2026-07-06 17:24:55.293,FF_Default_DynamicFlow_GluingBeamHL_b67_r1_m12_lay12,2,2,0,2,1465,363,1102,730,100.0,0.1,0.00
1022,2026-07-06 17:24:55.294,FF_Default_DynamicFlow_PickUpHL_tp9_fp69_r1,9,9,0,9,1463,363,1100,728,100.0,0.6,0.00
1023,2026-07-06 17:24:55.295,FF_Default_DynamicFlow_PickUpHL_tp10_fp77_r1,9,9,0,9,1454,363,1091,719,100.0,0.6,0.00
1024,2026-07-06 17:24:57.032,FF_Default_DynamicFlow_GluingBeamHL_b67_r1_m12_lay12,2,2,0,2,1467,364,1103,731,100.0,0.1,0.00
1025,2026-07-06 17:24:57.034,FF_Default_DynamicFlow_PickUpHL_tp9_fp69_r1,9,9,0,9,1465,364,1101,729,100.0,0.6,0.00
1026,2026-07-06 17:24:57.034,FF_Default_DynamicFlow_PickUpHL_tp10_fp77_r1,9,9,0,9,1456,364,1092,720,100.0,0.6,0.00
1027,2026-07-06 17:24:58.810,FF_Default_DynamicFlow_GluingBeamHL_b67_r1_m12_lay12,2,2,0,2,1469,365,1104,732,100.0,0.1,0.00
1028,2026-07-06 17:24:58.811,FF_Default_DynamicFlow_PickUpHL_tp9_fp69_r1,9,9,0,9,1467,365,1102,730,100.0,0.6,0.00
1029,2026-07-06 17:24:58.812,FF_Default_DynamicFlow_PickUpHL_tp10_fp77_r1,9,9,0,9,1458,365,1093,721,100.0,0.6,0.00
1030,2026-07-06 17:25:00.518,FF_Default_DynamicFlow_GluingBeamHL_b67_r1_m12_lay12,2,2,0,2,1471,366,1105,733,100.0,0.1,0.00
1031,2026-07-06 17:25:00.519,FF_Default_DynamicFlow_PickUpHL_tp9_fp69_r1,9,9,0,9,1469,366,1103,731,100.0,0.6,0.00
1032,2026-07-06 17:25:00.520,FF_Default_DynamicFlow_PickUpHL_tp10_fp77_r1,9,9,0,9,1460,366,1094,722,100.0,0.6,0.00
1033,2026-07-06 17:25:02.132,FF_Default_DynamicFlow_GluingBeamHL_b67_r1_m12_lay12,2,2,0,2,1473,367,1106,734,100.0,0.1,0.00
1034,2026-07-06 17:25:02.133,FF_Default_DynamicFlow_PickUpHL_tp9_fp69_r1,9,9,0,9,1471,367,1104,732,100.0,0.6,0.00
1035,2026-07-06 17:25:02.134,FF_Default_DynamicFlow_PickUpHL_tp10_fp77_r1,9,9,0,9,1462,367,1095,723,100.0,0.6,0.00
1036,2026-07-06 17:25:03.792,FF_Default_DynamicFlow_GluingBeamHL_b67_r1_m12_lay12,2,2,0,2,1475,368,1107,735,100.0,0.1,0.00
1037,2026-07-06 17:25:03.793,FF_Default_DynamicFlow_PickUpHL_tp9_fp69_r1,9,9,0,9,1473,368,1105,733,100.0,0.6,0.00
1038,2026-07-06 17:25:03.793,FF_Default_DynamicFlow_PickUpHL_tp10_fp77_r1,9,9,0,9,1464,368,1096,724,100.0,0.6,0.00
1039,2026-07-06 17:25:05.591,FF_Default_DynamicFlow_PickUpHL_tp9_fp69_r1,9,9,0,9,1485,369,1116,744,100.0,0.6,0.00
1040,2026-07-06 17:25:05.592,FF_Default_DynamicFlow_PickUpHL_tp10_fp77_r1,9,9,0,9,1476,369,1107,735,100.0,0.6,0.00
1041,2026-07-06 17:25:05.592,FF_Default_DynamicFlow_PickUpHL_tp11_fp85_r1,9,9,0,9,1467,369,1098,726,100.0,0.6,0.00
1042,2026-07-06 17:25:07.282,FF_Default_DynamicFlow_PickUpHL_tp9_fp69_r1,9,9,0,9,1487,370,1117,745,100.0,0.6,0.00
1043,2026-07-06 17:25:07.283,FF_Default_DynamicFlow_PickUpHL_tp10_fp77_r1,9,9,0,9,1478,370,1108,736,100.0,0.6,0.00
1044,2026-07-06 17:25:07.284,FF_Default_DynamicFlow_PickUpHL_tp11_fp85_r1,9,9,0,9,1469,370,1099,727,100.0,0.6,0.00
1045,2026-07-06 17:25:08.885,FF_Default_DynamicFlow_PickUpHL_tp9_fp69_r1,9,9,0,9,1489,371,1118,746,100.0,0.6,0.00
1046,2026-07-06 17:25:08.885,FF_Default_DynamicFlow_PickUpHL_tp10_fp77_r1,9,9,0,9,1480,371,1109,737,100.0,0.6,0.00
1047,2026-07-06 17:25:08.886,FF_Default_DynamicFlow_PickUpHL_tp11_fp85_r1,9,9,0,9,1471,371,1100,728,100.0,0.6,0.00
1048,2026-07-06 17:25:10.541,FF_Default_DynamicFlow_PickUpHL_tp9_fp69_r1,9,9,0,9,1491,372,1119,747,100.0,0.6,0.00
1049,2026-07-06 17:25:10.541,FF_Default_DynamicFlow_PickUpHL_tp10_fp77_r1,9,9,0,9,1482,372,1110,738,100.0,0.6,0.00
1050,2026-07-06 17:25:10.542,FF_Default_DynamicFlow_PickUpHL_tp11_fp85_r1,9,9,0,9,1473,372,1101,729,100.0,0.6,0.00
1051,2026-07-06 17:25:12.171,FF_Default_DynamicFlow_PickUpHL_tp9_fp69_r1,9,9,0,9,1493,373,1120,748,100.0,0.6,0.00
1052,2026-07-06 17:25:12.172,FF_Default_DynamicFlow_PickUpHL_tp10_fp77_r1,9,9,0,9,1484,373,1111,739,100.0,0.6,0.00
1053,2026-07-06 17:25:12.173,FF_Default_DynamicFlow_PickUpHL_tp11_fp85_r1,9,9,0,9,1475,373,1102,730,100.0,0.6,0.00
1054,2026-07-06 17:25:13.900,FF_Default_DynamicFlow_PickUpHL_tp9_fp69_r1,9,9,0,9,1495,374,1121,749,100.0,0.6,0.00
1055,2026-07-06 17:25:13.900,FF_Default_DynamicFlow_PickUpHL_tp10_fp77_r1,9,9,0,9,1486,374,1112,740,100.0,0.6,0.00
1056,2026-07-06 17:25:13.901,FF_Default_DynamicFlow_PickUpHL_tp11_fp85_r1,9,9,0,9,1477,374,1103,731,100.0,0.6,0.00
1057,2026-07-06 17:25:16.557,FF_Default_DynamicFlow_PickUpHL_tp9_fp69_r1,9,9,0,3,1504,375,1129,757,100.0,0.6,0.79
1058,2026-07-06 17:25:16.558,FF_Default_DynamicFlow_PickUpHL_tp10_fp77_r1,9,9,0,3,1495,375,1120,748,100.0,0.6,0.80
1059,2026-07-06 17:25:16.559,FF_Default_DynamicFlow_PickUpHL_tp11_fp85_r1,9,9,0,3,1486,375,1111,739,100.0,0.6,0.81
1060,2026-07-06 17:25:18.323,FF_Default_DynamicFlow_PickUpHL_tp9_fp69_r1,3,3,0,2,1489,376,1113,741,100.0,0.2,0.13
1061,2026-07-06 17:25:18.324,FF_Default_DynamicFlow_PickUpHL_tp10_fp77_r1,3,3,0,2,1486,376,1110,738,100.0,0.2,0.14
1062,2026-07-06 17:25:18.324,FF_Default_DynamicFlow_PickUpHL_tp11_fp85_r1,3,3,0,2,1483,376,1107,735,100.0,0.2,0.14
1063,2026-07-06 17:25:20.418,FF_Default_DynamicFlow_PickUpHL_tp10_fp77_r1,2,2,0,3,1495,377,1118,746,100.0,0.1,-0.13
1064,2026-07-06 17:25:20.422,FF_Default_DynamicFlow_PickUpHL_tp11_fp85_r1,2,2,0,3,1493,377,1116,744,100.0,0.1,-0.13
1065,2026-07-06 17:25:20.427,FF_Default_DynamicFlow_NailingHL_tp12_r1,8,8,0,11,1491,377,1114,742,100.0,0.5,-0.40
1066,2026-07-06 17:25:22.592,FF_Default_DynamicFlow_PickUpHL_tp10_fp77_r1,3,3,0,2,1503,378,1125,753,100.0,0.2,0.13
1067,2026-07-06 17:25:22.594,FF_Default_DynamicFlow_PickUpHL_tp11_fp85_r1,3,3,0,2,1500,378,1122,750,100.0,0.2,0.13
1068,2026-07-06 17:25:22.595,FF_Default_DynamicFlow_NailingHL_tp12_r1,11,11,0,8,1497,378,1119,747,100.0,0.7,0.40
1069,2026-07-06 17:25:24.300,FF_Default_DynamicFlow_PickUpHL_tp11_fp85_r1,2,2,0,3,1507,379,1128,756,100.0,0.1,-0.13
1070,2026-07-06 17:25:24.302,FF_Default_DynamicFlow_NailingHL_tp12_r1,8,8,0,11,1505,379,1126,754,100.0,0.5,-0.40
1071,2026-07-06 17:25:24.303,FF_Default_DynamicFlow_NailingHL_tp9_r1,8,8,0,11,1497,379,1118,746,100.0,0.5,-0.40
1072,2026-07-06 17:25:26.078,FF_Default_DynamicFlow_PickUpHL_tp11_fp85_r1,3,3,0,2,1517,380,1137,765,100.0,0.2,0.13
1073,2026-07-06 17:25:26.079,FF_Default_DynamicFlow_NailingHL_tp12_r1,11,11,0,8,1514,380,1134,762,100.0,0.7,0.39
1074,2026-07-06 17:25:26.080,FF_Default_DynamicFlow_NailingHL_tp9_r1,11,11,0,8,1503,380,1123,751,100.0,0.7,0.40
1075,2026-07-06 17:25:27.840,FF_Default_DynamicFlow_NailingHL_tp12_r1,8,8,0,11,1519,381,1138,766,100.0,0.5,-0.39
1076,2026-07-06 17:25:27.840,FF_Default_DynamicFlow_NailingHL_tp9_r1,8,8,0,11,1511,381,1130,758,100.0,0.5,-0.40
1077,2026-07-06 17:25:27.841,FF_Default_DynamicFlow_NailingHL_tp10_r1,8,8,0,11,1503,381,1122,750,100.0,0.5,-0.40
1078,2026-07-06 17:25:29.667,FF_Default_DynamicFlow_NailingHL_tp12_r1,11,11,0,8,1531,382,1149,777,100.0,0.7,0.39
1079,2026-07-06 17:25:29.668,FF_Default_DynamicFlow_NailingHL_tp9_r1,11,11,0,8,1520,382,1138,766,100.0,0.7,0.39
1080,2026-07-06 17:25:29.669,FF_Default_DynamicFlow_NailingHL_tp10_r1,11,11,0,8,1509,382,1127,755,100.0,0.7,0.40
1081,2026-07-06 17:25:32.343,FF_Default_DynamicFlow_NailingHL_tp9_r1,8,8,0,2,1531,383,1148,776,100.0,0.5,0.77
1082,2026-07-06 17:25:32.344,FF_Default_DynamicFlow_NailingHL_tp10_r1,8,8,0,2,1523,383,1140,768,100.0,0.5,0.78
1083,2026-07-06 17:25:32.345,FF_Default_DynamicFlow_NailingHL_tp11_r1,8,8,0,2,1515,383,1132,760,100.0,0.5,0.79
1084,2026-07-06 17:25:34.244,FF_Default_DynamicFlow_NailingHL_tp10_r1,2,2,0,2,1524,384,1140,768,100.0,0.1,0.00
1085,2026-07-06 17:25:34.245,FF_Default_DynamicFlow_NailingHL_tp11_r1,2,2,0,2,1522,384,1138,766,100.0,0.1,0.00
1086,2026-07-06 17:25:34.246,FF_Default_DynamicFlow_MoveCassetteToStackHL_tp12_lp12_pr4_sp12_r1_m12_lay12,10,10,0,10,1520,384,1136,764,100.0,0.7,0.00
1087,2026-07-06 17:25:36.046,FF_Default_DynamicFlow_NailingHL_tp11_r1,2,2,0,2,1535,385,1150,778,100.0,0.1,0.00
1088,2026-07-06 17:25:36.047,FF_Default_DynamicFlow_MoveCassetteToStackHL_tp12_lp12_pr4_sp12_r1_m12_lay12,10,10,0,10,1533,385,1148,776,100.0,0.7,0.00
1089,2026-07-06 17:25:36.048,FF_Default_DynamicFlow_MoveCassetteToStackHL_tp9_lp9_pr1_sp9_r1_m9_lay9,10,10,0,10,1523,385,1138,766,100.0,0.7,0.00
1090,2026-07-06 17:25:37.856,FF_Default_DynamicFlow_MoveCassetteToStackHL_tp12_lp12_pr4_sp12_r1_m12_lay12,10,10,0,10,1546,386,1160,788,100.0,0.6,0.00
1091,2026-07-06 17:25:37.857,FF_Default_DynamicFlow_MoveCassetteToStackHL_tp9_lp9_pr1_sp9_r1_m9_lay9,10,10,0,10,1536,386,1150,778,100.0,0.7,0.00
1092,2026-07-06 17:25:37.858,FF_Default_DynamicFlow_MoveCassetteToStackHL_tp10_lp10_pr2_sp10_r1_m10_lay10,10,10,0,10,1526,386,1140,768,100.0,0.7,0.00
1093,2026-07-06 17:25:40.923,FF_Default_DynamicFlow_MoveCassetteToStackHL_tp9_lp9_pr1_sp9_r1_m9_lay9,10,10,0,4,1557,387,1170,798,100.0,0.6,0.75
1094,2026-07-06 17:25:40.924,FF_Default_DynamicFlow_MoveCassetteToStackHL_tp10_lp10_pr2_sp10_r1_m10_lay10,10,10,0,4,1547,387,1160,788,100.0,0.6,0.76
1095,2026-07-06 17:25:40.925,FF_Default_DynamicFlow_MoveCassetteToStackHL_tp11_lp11_pr3_sp11_r1_m11_lay11,10,10,0,4,1537,387,1150,778,100.0,0.7,0.77
1096,2026-07-06 17:25:42.727,FF_Default_DynamicFlow_MoveCassetteToStackHL_tp10_lp10_pr2_sp10_r1_m10_lay10,4,4,0,4,1539,387,1152,780,100.0,0.3,0.00
1097,2026-07-06 17:25:42.728,FF_Default_DynamicFlow_MoveCassetteToStackHL_tp11_lp11_pr3_sp11_r1_m11_lay11,4,4,0,4,1535,387,1148,776,100.0,0.3,0.00
1098,2026-07-06 17:25:44.199,FF_Default_DynamicFlow_MoveCassetteToStackHL_tp11_lp11_pr3_sp11_r1_m11_lay11,4,4,0,4,1539,387,1152,780,100.0,0.3,0.00
SUMMARY,,Total Replans: 1098,4.9 avg,,, 4.5 avg,,,,100.0 avg,0.8 avg,0.12 avg
AVERAGES,,,,,,,,,,,100.00,0.80,0.12
