LLId,ActionType,InstanceName,CommandType,TargetPosition,ParentMLAction,Success,ExecTimeMs
1,MoveToLL,MoveToLL_moveToTarget_TravelML_robot1_rpmanipulate_rppickup,movej,rppickup,,True,15986.16
2,MoveToLL,MoveToLL_moveToPickPosition_PickUpML_stick4_initlocstick4_robot1_gripper1_rppickup,movel,initlocstick4,,True,6327.92
3,CloseGripperLL,CloseGripperLL_closeGripper_PickUpML_stick4_initlocstick4_robot1_gripper1_rppickup,close_gripper,,,True,14.91
4,MoveToLL,MoveToLL_moveToRetract_PickUpML_stick4_initlocstick4_robot1_gripper1_rppickup,movel,rppickup,,True,5957.94
5,MoveToLL,MoveToLL_moveToTarget_TravelML_robot1_rppickup_rpmanipulate,movej,rpmanipulate,,True,14989.03
6,MoveToLL,MoveToLL_moveToObjPosition_StackML_stick4_table1_robot1_gripper1_finallocstick4_rpmanipulate,planned,finallocstick4,,True,19958.77
7,MoveToLL,MoveToLL_moveToRobotPosition_StackML_stick4_table1_robot1_gripper1_finallocstick4_rpmanipulate,movej,rpmanipulate,,True,12197.28
8,MoveToLL,MoveToLL_moveToTarget_TravelML_robot1_rpmanipulate_rppickup_dup2,movej,rppickup,,True,14947.34
9,MoveToLL,MoveToLL_moveToPickPosition_PickUpML_stick5_initlocstick5_robot1_gripper1_rppickup,movel,initlocstick5,,True,6338.54
10,CloseGripperLL,CloseGripperLL_closeGripper_PickUpML_stick5_initlocstick5_robot1_gripper1_rppickup,close_gripper,,,True,12.96
11,MoveToLL,MoveToLL_moveToRetract_PickUpML_stick5_initlocstick5_robot1_gripper1_rppickup,movel,rppickup,,True,5954.24
12,MoveToLL,MoveToLL_moveToTarget_TravelML_robot1_rppickup_rpmanipulate_dup2,movej,rpmanipulate,,True,14958.42
13,MoveToLL,MoveToLL_moveToObjPosition_StackML_stick5_table1_robot1_gripper1_finallocstick5_rpmanipulate,planned,finallocstick5,,True,17552.84
14,MoveToLL,MoveToLL_moveToRobotPosition_StackML_stick5_table1_robot1_gripper1_finallocstick5_rpmanipulate,movej,rpmanipulate,,True,12862.53
15,MoveToLL,MoveToLL_moveToTarget_TravelML_robot1_rpmanipulate_rppickup_dup3,movej,rppickup,,True,14959.71
16,MoveToLL,MoveToLL_moveToPickPosition_PickUpML_stick5_initlocstick5_robot1_gripper1_rppickup_dup2,movel,initlocstick5,,True,5446.54
17,CloseGripperLL,CloseGripperLL_closeGripper_PickUpML_stick5_initlocstick5_robot1_gripper1_rppickup_dup2,close_gripper,,,True,1.05
18,MoveToLL,MoveToLL_moveToRetract_PickUpML_stick5_initlocstick5_robot1_gripper1_rppickup_dup2,movel,rppickup,,True,5940.74
19,MoveToLL,MoveToLL_moveToTarget_TravelML_robot1_rppickup_rpmanipulate_dup3,movej,rpmanipulate,,True,14957.75
20,MoveToLL,MoveToLL_moveToObjPosition_StackML_stick5_table1_robot1_gripper1_finallocstick5_rpmanipulate_dup2,planned,finallocstick5,,True,19927.82
21,MoveToLL,MoveToLL_moveToRobotPosition_StackML_stick5_table1_robot1_gripper1_finallocstick5_rpmanipulate_dup2,movej,rpmanipulate,,True,12903.55
22,MoveToLL,MoveToLL_moveToTarget_TravelML_robot1_rpmanipulate_rppickup_dup4,movej,rppickup,,True,14946.61
23,MoveToLL,MoveToLL_moveToPickPosition_PickUpML_cube2_initloccube2_robot1_gripper1_rppickup,movel,initloccube2,,True,6314.75
24,CloseGripperLL,CloseGripperLL_closeGripper_PickUpML_cube2_initloccube2_robot1_gripper1_rppickup,close_gripper,,,True,12.85
25,MoveToLL,MoveToLL_moveToRetract_PickUpML_cube2_initloccube2_robot1_gripper1_rppickup,movel,rppickup,,True,5953.67
26,MoveToLL,MoveToLL_moveToTarget_TravelML_robot1_rppickup_rpmanipulate_dup4,movej,rpmanipulate,,True,14978.70
27,MoveToLL,MoveToLL_moveToObjPosition_StackML_cube2_stick5_robot1_gripper1_finalloccube2_rpmanipulate,planned,finalloccube2,,True,19924.64
28,MoveToLL,MoveToLL_moveToRobotPosition_StackML_cube2_stick5_robot1_gripper1_finalloccube2_rpmanipulate,movej,rpmanipulate,,True,12195.85
29,MoveToLL,MoveToLL_moveToTarget_TravelML_robot1_rpmanipulate_rppickup_dup5,movej,rppickup,,True,15429.22
30,MoveToLL,MoveToLL_moveToPickPosition_PickUpML_stick1_initlocstick1_robot1_gripper1_rppickup,movel,initlocstick1,,True,6303.38
31,CloseGripperLL,CloseGripperLL_closeGripper_PickUpML_stick1_initlocstick1_robot1_gripper1_rppickup,close_gripper,,,True,13.67
32,MoveToLL,MoveToLL_moveToRetract_PickUpML_stick1_initlocstick1_robot1_gripper1_rppickup,movel,rppickup,,True,5973.10
33,MoveToLL,MoveToLL_moveToTarget_TravelML_robot1_rppickup_rpmanipulate_dup5,movej,rpmanipulate,,True,15362.94
34,MoveToLL,MoveToLL_moveToObjPosition_StackML_stick1_table1_robot1_gripper1_finallocstick1_rpmanipulate,planned,finallocstick1,,True,23949.84
35,MoveToLL,MoveToLL_moveToRobotPosition_StackML_stick1_table1_robot1_gripper1_finallocstick1_rpmanipulate,movej,rpmanipulate,,True,22697.62
36,MoveToLL,MoveToLL_moveToTarget_TravelML_robot1_rpmanipulate_rppickup_dup6,movej,rppickup,,True,15495.58
37,MoveToLL,MoveToLL_moveToPickPosition_PickUpML_stickdummy_temploc2_robot1_gripper1_rppickup,movel,temploc2,,True,6327.68
38,CloseGripperLL,CloseGripperLL_closeGripper_PickUpML_stickdummy_temploc2_robot1_gripper1_rppickup,close_gripper,,,True,12.43
39,MoveToLL,MoveToLL_moveToRetract_PickUpML_stickdummy_temploc2_robot1_gripper1_rppickup,movel,rppickup,,True,5947.87
40,MoveToLL,MoveToLL_moveToPutDownPosition_PutDownML_stickdummy_temploc3_robot1_gripper1_rppickup,movel,temploc3,,True,6313.48
41,OpenGripperLL,OpenGripperLL_openGripper_PutDownML_stickdummy_temploc3_robot1_gripper1_rppickup,open_gripper,,,True,13.43
42,MoveToLL,MoveToLL_moveToRetract_PutDownML_stickdummy_temploc3_robot1_gripper1_rppickup,movel,rppickup,,True,6672.41
43,MoveToLL,MoveToLL_moveToPickPosition_PickUpML_stick3_initlocstick3_robot1_gripper1_rppickup_dup2,movel,initlocstick3,,True,6323.86
44,CloseGripperLL,CloseGripperLL_closeGripper_PickUpML_stick3_initlocstick3_robot1_gripper1_rppickup_dup2,close_gripper,,,True,14.18
45,MoveToLL,MoveToLL_moveToRetract_PickUpML_stick3_initlocstick3_robot1_gripper1_rppickup_dup2,movel,rppickup,,True,5947.85
46,MoveToLL,MoveToLL_moveToTarget_TravelML_robot1_rppickup_rpmanipulate_dup6,movej,rpmanipulate,,True,15418.34
47,MoveToLL,MoveToLL_moveToObjPosition_StackML_stick3_table1_robot1_gripper1_finallocstick3_rpmanipulate,planned,finallocstick3,,True,15941.20
48,MoveToLL,MoveToLL_moveToRobotPosition_StackML_stick3_table1_robot1_gripper1_finallocstick3_rpmanipulate,movej,rpmanipulate,,True,10772.56
49,MoveToLL,MoveToLL_moveToTarget_TravelML_robot1_rpmanipulate_rppickup_dup7,movej,rppickup,,True,15446.31
50,MoveToLL,MoveToLL_moveToPickPosition_PickUpML_stick2_initlocstick2_robot1_gripper1_rppickup_dup2,movel,initlocstick2,,True,6325.64
51,CloseGripperLL,CloseGripperLL_closeGripper_PickUpML_stick2_initlocstick2_robot1_gripper1_rppickup_dup2,close_gripper,,,True,0.93
52,MoveToLL,MoveToLL_moveToRetract_PickUpML_stick2_initlocstick2_robot1_gripper1_rppickup_dup2,movel,rppickup,,True,5964.80
53,MoveToLL,MoveToLL_moveToTarget_TravelML_robot1_rppickup_rpmanipulate_dup7,movej,rpmanipulate,,True,15472.54
54,MoveToLL,MoveToLL_moveToObjPosition_StackML_stick2_table1_robot1_gripper1_finallocstick2_rpmanipulate,planned,finallocstick2,,True,16730.28
55,MoveToLL,MoveToLL_moveToRobotPosition_StackML_stick2_table1_robot1_gripper1_finallocstick2_rpmanipulate,movej,rpmanipulate,,True,13598.92
56,MoveToLL,MoveToLL_moveToTarget_TravelML_robot1_rpmanipulate_rppickup_dup8,movej,rppickup,,True,15473.66
57,MoveToLL,MoveToLL_moveToPickPosition_PickUpML_stick6_initlocstick6_robot1_gripper1_rppickup,movel,initlocstick6,,True,6357.32
58,MoveToLL,MoveToLL_moveToTarget_TravelML_robot1_rpmanipulate_rppickup_dup9,movej,rppickup,,True,8214.00
59,MoveToLL,MoveToLL_moveToPickPosition_PickUpML_stick6_temploc1_robot1_gripper1_rppickup,movel,temploc1,,True,7042.57
60,CloseGripperLL,CloseGripperLL_closeGripper_PickUpML_stick6_temploc1_robot1_gripper1_rppickup,close_gripper,,,True,13.26
61,MoveToLL,MoveToLL_moveToRetract_PickUpML_stick6_temploc1_robot1_gripper1_rppickup,movel,rppickup,,True,6643.42
62,MoveToLL,MoveToLL_moveToTarget_TravelML_robot1_rppickup_rpmanipulate_dup8,movej,rpmanipulate,,True,15258.28
63,MoveToLL,MoveToLL_moveToObjPosition_StackOnTwoML_stick6_robot1_finallocstick6_rpmanipulate_stick2_stick1_gripper1_layer1_layer2,planned,finallocstick6,,True,19152.39
64,MoveToLL,MoveToLL_moveToRobotPos_StackOnTwoML_stick6_robot1_finallocstick6_rpmanipulate_stick2_stick1_gripper1_layer1_layer2,movej,rpmanipulate,,True,17806.15
65,MoveToLL,MoveToLL_moveToTarget_TravelML_robot1_rpmanipulate_rppickup_dup10,movej,rppickup,,True,15313.62
66,MoveToLL,MoveToLL_moveToPickPosition_PickUpML_stick7_initlocstick7_robot1_gripper1_rppickup,movel,initlocstick7,,True,6339.94
67,CloseGripperLL,CloseGripperLL_closeGripper_PickUpML_stick7_initlocstick7_robot1_gripper1_rppickup,close_gripper,,,True,19.12
68,MoveToLL,MoveToLL_moveToRetract_PickUpML_stick7_initlocstick7_robot1_gripper1_rppickup,movel,rppickup,,True,5939.19
69,MoveToLL,MoveToLL_moveToTarget_TravelML_robot1_rppickup_rpmanipulate_dup9,movej,rpmanipulate,,True,15246.43
70,MoveToLL,MoveToLL_moveToObjPosition_StackOnTwoML_stick7_robot1_finallocstick7_rpmanipulate_stick2_stick3_gripper1_layer1_layer2,planned,finallocstick7,,True,18346.52
71,MoveToLL,MoveToLL_moveToRobotPos_StackOnTwoML_stick7_robot1_finallocstick7_rpmanipulate_stick2_stick3_gripper1_layer1_layer2,movej,rpmanipulate,,True,10792.00
72,MoveToLL,MoveToLL_moveToTarget_TravelML_robot1_rpmanipulate_rppickup_dup11,movej,rppickup,,True,15389.46
73,MoveToLL,MoveToLL_moveToPickPosition_PickUpML_cube1_initloccube1_robot1_gripper1_rppickup,movel,initloccube1,,True,6332.65
74,CloseGripperLL,CloseGripperLL_closeGripper_PickUpML_cube1_initloccube1_robot1_gripper1_rppickup,close_gripper,,,True,15.07
75,MoveToLL,MoveToLL_moveToRetract_PickUpML_cube1_initloccube1_robot1_gripper1_rppickup,movel,rppickup,,True,5966.84
76,MoveToLL,MoveToLL_moveToTarget_TravelML_robot1_rppickup_rpmanipulate_dup10,movej,rpmanipulate,,True,15466.61
77,MoveToLL,MoveToLL_moveToObjPosition_StackML_cube1_stick1_robot1_gripper1_finalloccube1_rpmanipulate,planned,finalloccube1,,True,19947.05
78,MoveToLL,MoveToLL_moveToRobotPosition_StackML_cube1_stick1_robot1_gripper1_finalloccube1_rpmanipulate,movej,rpmanipulate,,True,12864.62
79,MoveToLL,MoveToLL_moveToTarget_TravelML_robot1_rpmanipulate_rppickup_dup12,movej,rppickup,,True,15305.93
80,MoveToLL,MoveToLL_moveToPickPosition_PickUpML_stick8_initlocstick8_robot1_gripper1_rppickup,movel,initlocstick8,,True,6351.19
81,CloseGripperLL,CloseGripperLL_closeGripper_PickUpML_stick8_initlocstick8_robot1_gripper1_rppickup,close_gripper,,,True,13.68
82,MoveToLL,MoveToLL_moveToRetract_PickUpML_stick8_initlocstick8_robot1_gripper1_rppickup,movel,rppickup,,True,5950.51
83,MoveToLL,MoveToLL_moveToTarget_TravelML_robot1_rppickup_rpmanipulate_dup11,movej,rpmanipulate,,True,15027.87
84,MoveToLL,MoveToLL_moveToObjPosition_StackOnTwoML_stick8_robot1_finallocstick8_rpmanipulate_stick3_stick4_gripper1_layer1_layer2,planned,finallocstick8,,True,19954.11
85,MoveToLL,MoveToLL_moveToRobotPos_StackOnTwoML_stick8_robot1_finallocstick8_rpmanipulate_stick3_stick4_gripper1_layer1_layer2,movej,rpmanipulate,,True,16381.36
86,MoveToLL,MoveToLL_moveToTarget_TravelML_robot1_rpmanipulate_rppickup_dup13,movej,rppickup,,True,15350.02
87,MoveToLL,MoveToLL_moveToPickPosition_PickUpML_stick9_initlocstick9_robot1_gripper1_rppickup,movel,initlocstick9,,True,6306.11
88,CloseGripperLL,CloseGripperLL_closeGripper_PickUpML_stick9_initlocstick9_robot1_gripper1_rppickup,close_gripper,,,True,12.38
89,MoveToLL,MoveToLL_moveToRetract_PickUpML_stick9_initlocstick9_robot1_gripper1_rppickup,movel,rppickup,,True,5243.01
90,MoveToLL,MoveToLL_moveToTarget_TravelML_robot1_rppickup_rpmanipulate_dup12,movej,rpmanipulate,,True,15251.35
91,MoveToLL,MoveToLL_moveToObjPosition_StackOnTwoML_stick9_robot1_finallocstick9_rpmanipulate_stick5_stick4_gripper1_layer1_layer2,planned,finallocstick9,,True,17544.78
92,MoveToLL,MoveToLL_moveToRobotPos_StackOnTwoML_stick9_robot1_finallocstick9_rpmanipulate_stick5_stick4_gripper1_layer1_layer2,movej,rpmanipulate,,True,12182.33
93,MoveToLL,MoveToLL_moveToTarget_TravelML_robot1_rpmanipulate_rptoolchange,movej,rptoolchange,,True,11073.33
94,DeequipToolLL,DeequipToolLL_deequipTool_DeequipML_robot1_gripper1_equiplocgripper_rptoolchange,play_program,,,True,20812.77
95,EquipToolLL,EquipToolLL_equipTool_EquipeML_robot1_staplergun1_rptoolchange_equiplocstapler,play_program,,,True,10405.38
96,MoveToLL,MoveToLL_moveToTarget_TravelML_robot1_rptoolchange_rpmanipulate,movej,rpmanipulate,,True,10742.85
97,NailingLL,NailingLL_nailStep_NailingML_cube1_stick1_robot1_staplergun1_rpmanipulate,planned,unknown,,True,22090.33
98,NailingLL,NailingLL_nailStep_NailingML_cube2_stick5_robot1_staplergun1_rpmanipulate,planned,unknown,,True,16733.56
99,NailingLL,NailingLL_nailStep_NailingML_stick6_stick1_robot1_staplergun1_rpmanipulate,planned,unknown,,True,11772.55
100,NailingLL,NailingLL_nailStep_NailingML_stick6_stick2_robot1_staplergun1_rpmanipulate,planned,unknown,,True,8674.35
101,NailingLL,NailingLL_nailStep_NailingML_stick7_stick2_robot1_staplergun1_rpmanipulate,planned,unknown,,True,15092.94
102,NailingLL,NailingLL_nailStep_NailingML_stick7_stick3_robot1_staplergun1_rpmanipulate,planned,unknown,,True,15078.54
103,NailingLL,NailingLL_nailStep_NailingML_stick8_stick3_robot1_staplergun1_rpmanipulate,planned,unknown,,True,9505.09
104,NailingLL,NailingLL_nailStep_NailingML_stick8_stick4_robot1_staplergun1_rpmanipulate,planned,unknown,,True,12009.78
105,NailingLL,NailingLL_nailStep_NailingML_stick9_stick4_robot1_staplergun1_rpmanipulate,planned,unknown,,True,12628.39
106,NailingLL,NailingLL_nailStep_NailingML_stick9_stick5_robot1_staplergun1_rpmanipulate,planned,unknown,,True,11913.10
107,MoveToLL,MoveToLL_moveToTarget_TravelML_robot1_rpmanipulate_rptoolchange_dup2,movej,rptoolchange,,True,13368.81
108,DeequipToolLL,DeequipToolLL_deequipTool_DeequipML_robot1_staplergun1_equiplocstapler_rptoolchange,play_program,,,True,7358.42
109,EquipToolLL,EquipToolLL_equipTool_EquipeML_robot1_gripper1_rptoolchange_equiplocgripper,play_program,,,True,21146.77
110,MoveToLL,MoveToLL_moveToTarget_TravelML_robot1_rptoolchange_rppickup,movej,rppickup,,True,18184.68
111,MoveToLL,MoveToLL_moveToPickPosition_PickUpML_stick11_initlocstick11_robot1_gripper1_rppickup,movel,initlocstick11,,True,6304.09
112,CloseGripperLL,CloseGripperLL_closeGripper_PickUpML_stick11_initlocstick11_robot1_gripper1_rppickup,close_gripper,,,True,0.81
113,MoveToLL,MoveToLL_moveToRetract_PickUpML_stick11_initlocstick11_robot1_gripper1_rppickup,movel,rppickup,,True,5975.73
114,MoveToLL,MoveToLL_moveToTarget_TravelML_robot1_rppickup_rpmanipulate_dup13,movej,rpmanipulate,,True,14958.93
115,MoveToLL,MoveToLL_moveToObjPosition_StackOnTwoML_stick11_robot1_finallocstick11_rpmanipulate_stick6_stick7_gripper1_layer2_layer3,planned,finallocstick11,,True,19134.00
116,MoveToLL,MoveToLL_moveToRobotPos_StackOnTwoML_stick11_robot1_finallocstick11_rpmanipulate_stick6_stick7_gripper1_layer2_layer3,movej,rpmanipulate,,True,12901.50
117,MoveToLL,MoveToLL_moveToTarget_TravelML_robot1_rpmanipulate_rppickup_dup14,movej,rppickup,,True,15273.41
118,MoveToLL,MoveToLL_moveToPickPosition_PickUpML_stick10_initlocstick10_robot1_gripper1_rppickup,movel,initlocstick10,,True,6317.58
119,CloseGripperLL,CloseGripperLL_closeGripper_PickUpML_stick10_initlocstick10_robot1_gripper1_rppickup,close_gripper,,,True,1.26
120,MoveToLL,MoveToLL_moveToRetract_PickUpML_stick10_initlocstick10_robot1_gripper1_rppickup,movel,rppickup,,True,5968.20
121,MoveToLL,MoveToLL_moveToTarget_TravelML_robot1_rppickup_rpmanipulate_dup14,movej,rpmanipulate,,True,15259.46
122,MoveToLL,MoveToLL_moveToObjPosition_StackOnTwoML_stick10_robot1_finallocstick10_rpmanipulate_cube1_stick6_gripper1_layer2_layer3,planned,finallocstick10,,True,23936.90
123,MoveToLL,MoveToLL_moveToRobotPos_StackOnTwoML_stick10_robot1_finallocstick10_rpmanipulate_cube1_stick6_gripper1_layer2_layer3,movej,rpmanipulate,,True,22686.24
124,MoveToLL,MoveToLL_moveToTarget_TravelML_robot1_rpmanipulate_rppickup_dup15,movej,rppickup,,True,14949.39
125,MoveToLL,MoveToLL_moveToPickPosition_PickUpML_stick12_initlocstick12_robot1_gripper1_rppickup,movel,initlocstick12,,True,6332.87
126,CloseGripperLL,CloseGripperLL_closeGripper_PickUpML_stick12_initlocstick12_robot1_gripper1_rppickup,close_gripper,,,True,10.31
127,MoveToLL,MoveToLL_moveToRetract_PickUpML_stick12_initlocstick12_robot1_gripper1_rppickup,movel,rppickup,,True,5262.03
128,MoveToLL,MoveToLL_moveToTarget_TravelML_robot1_rppickup_rpmanipulate_dup15,movej,rpmanipulate,,True,14960.31
129,MoveToLL,MoveToLL_moveToObjPosition_StackOnTwoML_stick12_robot1_finallocstick12_rpmanipulate_stick7_stick8_gripper1_layer2_layer3,planned,finallocstick12,,True,17538.06
130,MoveToLL,MoveToLL_moveToRobotPos_StackOnTwoML_stick12_robot1_finallocstick12_rpmanipulate_stick7_stick8_gripper1_layer2_layer3,movej,rpmanipulate,,True,10085.21
131,MoveToLL,MoveToLL_moveToTarget_TravelML_robot1_rpmanipulate_rppickup_dup16,movej,rppickup,,True,14959.13
132,MoveToLL,MoveToLL_moveToPickPosition_PickUpML_stick15_initlocstick15_robot1_gripper1_rppickup,movel,initlocstick15,,True,6341.06
133,CloseGripperLL,CloseGripperLL_closeGripper_PickUpML_stick15_initlocstick15_robot1_gripper1_rppickup,close_gripper,,,True,26.03
134,MoveToLL,MoveToLL_moveToRetract_PickUpML_stick15_initlocstick15_robot1_gripper1_rppickup,movel,rppickup,,True,5935.63
135,MoveToLL,MoveToLL_moveToTarget_TravelML_robot1_rppickup_rpmanipulate_dup16,movej,rpmanipulate,,True,15472.43
136,MoveToLL,MoveToLL_moveToObjPosition_StackOnTwoML_stick15_robot1_finallocstick15_rpmanipulate_stick11_stick10_gripper1_layer3_layer4,planned,finallocstick15,,True,20718.39
137,MoveToLL,MoveToLL_moveToRobotPos_StackOnTwoML_stick15_robot1_finallocstick15_rpmanipulate_stick11_stick10_gripper1_layer3_layer4,movej,rpmanipulate,,True,17753.99
138,MoveToLL,MoveToLL_moveToTarget_TravelML_robot1_rpmanipulate_rppickup_dup17,movej,rppickup,,True,15450.13
139,MoveToLL,MoveToLL_moveToPickPosition_PickUpML_cube3_initloccube3_robot1_gripper1_rppickup,movel,initloccube3,,True,6319.24
140,CloseGripperLL,CloseGripperLL_closeGripper_PickUpML_cube3_initloccube3_robot1_gripper1_rppickup,close_gripper,,,True,15.50
141,MoveToLL,MoveToLL_moveToRetract_PickUpML_cube3_initloccube3_robot1_gripper1_rppickup,movel,rppickup,,True,5952.45
142,MoveToLL,MoveToLL_moveToTarget_TravelML_robot1_rppickup_rpmanipulate_dup17,movej,rpmanipulate,,True,14987.19
143,MoveToLL,MoveToLL_moveToObjPosition_StackML_cube3_stick10_robot1_gripper1_finalloccube3_rpmanipulate,planned,finalloccube3,,True,19961.46
144,MoveToLL,MoveToLL_moveToRobotPosition_StackML_cube3_stick10_robot1_gripper1_finalloccube3_rpmanipulate,movej,rpmanipulate,,True,12876.63
145,MoveToLL,MoveToLL_moveToTarget_TravelML_robot1_rpmanipulate_rppickup_dup18,movej,rppickup,,True,15563.21
146,MoveToLL,MoveToLL_moveToPickPosition_PickUpML_stick16_initlocstick16_robot1_gripper1_rppickup,movel,initlocstick16,,True,6347.04
147,CloseGripperLL,CloseGripperLL_closeGripper_PickUpML_stick16_initlocstick16_robot1_gripper1_rppickup,close_gripper,,,True,9.31
148,MoveToLL,MoveToLL_moveToRetract_PickUpML_stick16_initlocstick16_robot1_gripper1_rppickup,movel,rppickup,,True,5932.41
149,MoveToLL,MoveToLL_moveToTarget_TravelML_robot1_rppickup_rpmanipulate_dup18,movej,rpmanipulate,,True,15515.27
150,MoveToLL,MoveToLL_moveToObjPosition_StackOnTwoML_stick16_robot1_finallocstick16_rpmanipulate_stick11_stick12_gripper1_layer3_layer4,planned,finallocstick16,,True,15155.74
151,MoveToLL,MoveToLL_moveToRobotPos_StackOnTwoML_stick16_robot1_finallocstick16_rpmanipulate_stick11_stick12_gripper1_layer3_layer4,movej,rpmanipulate,,True,10033.96
152,MoveToLL,MoveToLL_moveToTarget_TravelML_robot1_rpmanipulate_rppickup_dup19,movej,rppickup,,True,15019.63
153,MoveToLL,MoveToLL_moveToPickPosition_PickUpML_stick14_initlocstick14_robot1_gripper1_rppickup,movel,initlocstick14,,True,6324.98
154,CloseGripperLL,CloseGripperLL_closeGripper_PickUpML_stick14_initlocstick14_robot1_gripper1_rppickup,close_gripper,,,True,13.06
155,MoveToLL,MoveToLL_moveToRetract_PickUpML_stick14_initlocstick14_robot1_gripper1_rppickup,movel,rppickup,,True,5939.72
156,MoveToLL,MoveToLL_moveToTarget_TravelML_robot1_rppickup_rpmanipulate_dup19,movej,rpmanipulate,,True,15273.48
157,MoveToLL,MoveToLL_moveToObjPosition_StackOnTwoML_stick14_robot1_finallocstick14_rpmanipulate_cube2_stick9_gripper1_layer2_layer3,planned,finallocstick14,,True,19896.42
158,MoveToLL,MoveToLL_moveToRobotPos_StackOnTwoML_stick14_robot1_finallocstick14_rpmanipulate_cube2_stick9_gripper1_layer2_layer3,movej,rpmanipulate,,True,12174.04
159,MoveToLL,MoveToLL_moveToTarget_TravelML_robot1_rpmanipulate_rppickup_dup20,movej,rppickup,,True,15523.25
160,MoveToLL,MoveToLL_moveToPickPosition_PickUpML_stick13_initlocstick13_robot1_gripper1_rppickup,movel,initlocstick13,,True,6310.58
161,CloseGripperLL,CloseGripperLL_closeGripper_PickUpML_stick13_initlocstick13_robot1_gripper1_rppickup,close_gripper,,,True,13.69
162,MoveToLL,MoveToLL_moveToRetract_PickUpML_stick13_initlocstick13_robot1_gripper1_rppickup,movel,rppickup,,True,5239.94
163,MoveToLL,MoveToLL_moveToTarget_TravelML_robot1_rppickup_rpmanipulate_dup20,movej,rpmanipulate,,True,15260.81
164,MoveToLL,MoveToLL_moveToObjPosition_StackOnTwoML_stick13_robot1_finallocstick13_rpmanipulate_stick8_stick9_gripper1_layer2_layer3,planned,finallocstick13,,True,19112.91
165,MoveToLL,MoveToLL_moveToRobotPos_StackOnTwoML_stick13_robot1_finallocstick13_rpmanipulate_stick8_stick9_gripper1_layer2_layer3,movej,rpmanipulate,,True,11459.09
166,MoveToLL,MoveToLL_moveToTarget_TravelML_robot1_rpmanipulate_rppickup_dup21,movej,rppickup,,True,14964.32
167,MoveToLL,MoveToLL_moveToPickPosition_PickUpML_cube4_initloccube4_robot1_gripper1_rppickup,movel,initloccube4,,True,6328.68
168,CloseGripperLL,CloseGripperLL_closeGripper_PickUpML_cube4_initloccube4_robot1_gripper1_rppickup,close_gripper,,,True,13.00
169,MoveToLL,MoveToLL_moveToRetract_PickUpML_cube4_initloccube4_robot1_gripper1_rppickup,movel,rppickup,,True,5937.43
170,MoveToLL,MoveToLL_moveToTarget_TravelML_robot1_rppickup_rpmanipulate_dup21,movej,rpmanipulate,,True,15547.96
171,MoveToLL,MoveToLL_moveToObjPosition_StackML_cube4_stick14_robot1_gripper1_finalloccube4_rpmanipulate,planned,finalloccube4,,True,17524.84
172,MoveToLL,MoveToLL_moveToRobotPosition_StackML_cube4_stick14_robot1_gripper1_finalloccube4_rpmanipulate,movej,rpmanipulate,,True,12171.66
173,MoveToLL,MoveToLL_moveToTarget_TravelML_robot1_rpmanipulate_rppickup_dup22,movej,rppickup,,True,15096.65
174,MoveToLL,MoveToLL_moveToPickPosition_PickUpML_stick17_initlocstick17_robot1_gripper1_rppickup,movel,initlocstick17,,True,6314.67
175,CloseGripperLL,CloseGripperLL_closeGripper_PickUpML_stick17_initlocstick17_robot1_gripper1_rppickup,close_gripper,,,True,1.00
176,MoveToLL,MoveToLL_moveToRetract_PickUpML_stick17_initlocstick17_robot1_gripper1_rppickup,movel,rppickup,,True,5969.90
177,MoveToLL,MoveToLL_moveToTarget_TravelML_robot1_rppickup_rpmanipulate_dup22,movej,rpmanipulate,,True,15423.78
178,MoveToLL,MoveToLL_moveToObjPosition_StackOnTwoML_stick17_robot1_finallocstick17_rpmanipulate_stick13_stick12_gripper1_layer3_layer4,planned,finallocstick17,,True,19918.10
179,MoveToLL,MoveToLL_moveToRobotPos_StackOnTwoML_stick17_robot1_finallocstick17_rpmanipulate_stick13_stick12_gripper1_layer3_layer4,movej,rpmanipulate,,True,16405.06
180,MoveToLL,MoveToLL_moveToTarget_TravelML_robot1_rpmanipulate_rptoolchange_dup3,movej,rptoolchange,,True,10827.44
181,DeequipToolLL,DeequipToolLL_deequipTool_DeequipML_robot1_gripper1_equiplocgripper_rptoolchange_dup2,play_program,,,True,21157.66
182,EquipToolLL,EquipToolLL_equipTool_EquipeML_robot1_staplergun1_rptoolchange_equiplocstapler_dup2,play_program,,,True,10364.43
183,MoveToLL,MoveToLL_moveToTarget_TravelML_robot1_rptoolchange_rpmanipulate_dup2,movej,rpmanipulate,,True,11230.67
184,NailingLL,NailingLL_nailStep_NailingML_stick17_stick12_robot1_staplergun1_rpmanipulate,planned,unknown,,True,19937.39
185,NailingLL,NailingLL_nailStep_NailingML_stick17_stick13_robot1_staplergun1_rpmanipulate,planned,unknown,,True,10941.37
186,NailingLL,NailingLL_nailStep_NailingML_cube3_stick10_robot1_staplergun1_rpmanipulate,planned,unknown,,True,15926.41
187,NailingLL,NailingLL_nailStep_NailingML_cube4_stick14_robot1_staplergun1_rpmanipulate,planned,unknown,,True,16989.29
188,NailingLL,NailingLL_nailStep_NailingML_stick15_stick10_robot1_staplergun1_rpmanipulate,planned,unknown,,True,14401.91
189,NailingLL,NailingLL_nailStep_NailingML_stick15_stick11_robot1_staplergun1_rpmanipulate,planned,unknown,,True,9615.27
190,NailingLL,NailingLL_nailStep_NailingML_stick16_stick11_robot1_staplergun1_rpmanipulate,planned,unknown,,True,12814.12
191,NailingLL,NailingLL_nailStep_NailingML_stick16_stick12_robot1_staplergun1_rpmanipulate,planned,unknown,,True,15439.27
192,MoveToLL,MoveToLL_moveToTarget_TravelML_robot1_rpmanipulate_rptoolchange_dup4,movej,rptoolchange,,True,10828.30
193,DeequipToolLL,DeequipToolLL_deequipTool_DeequipML_robot1_staplergun1_equiplocstapler_rptoolchange_dup2,play_program,,,True,7300.46
194,EquipToolLL,EquipToolLL_equipTool_EquipeML_robot1_gripper1_rptoolchange_equiplocgripper_dup2,play_program,,,True,20666.70
195,MoveToLL,MoveToLL_moveToTarget_TravelML_robot1_rptoolchange_rppickup_dup2,movej,rppickup,,True,18073.06
196,MoveToLL,MoveToLL_moveToPickPosition_PickUpML_stick18_initlocstick18_robot1_gripper1_rppickup,movel,initlocstick18,,True,6321.01
197,CloseGripperLL,CloseGripperLL_closeGripper_PickUpML_stick18_initlocstick18_robot1_gripper1_rppickup,close_gripper,,,True,17.54
198,MoveToLL,MoveToLL_moveToRetract_PickUpML_stick18_initlocstick18_robot1_gripper1_rppickup,movel,rppickup,,True,5958.08
199,MoveToLL,MoveToLL_moveToTarget_TravelML_robot1_rppickup_rpmanipulate_dup23,movej,rpmanipulate,,True,14967.90
200,MoveToLL,MoveToLL_moveToObjPosition_StackOnTwoML_stick18_robot1_finallocstick18_rpmanipulate_stick14_stick13_gripper1_layer3_layer4,planned,finallocstick18,,True,19956.21
201,MoveToLL,MoveToLL_moveToRobotPos_StackOnTwoML_stick18_robot1_finallocstick18_rpmanipulate_stick14_stick13_gripper1_layer3_layer4,movej,rpmanipulate,,True,12177.14
202,MoveToLL,MoveToLL_moveToTarget_TravelML_robot1_rpmanipulate_rptoolchange_dup5,movej,rptoolchange,,True,10925.19
203,DeequipToolLL,DeequipToolLL_deequipTool_DeequipML_robot1_gripper1_equiplocgripper_rptoolchange_dup3,play_program,,,True,21290.79
204,EquipToolLL,EquipToolLL_equipTool_EquipeML_robot1_staplergun1_rptoolchange_equiplocstapler_dup3,play_program,,,True,10332.92
205,MoveToLL,MoveToLL_moveToTarget_TravelML_robot1_rptoolchange_rpmanipulate_dup3,movej,rpmanipulate,,True,11211.22
206,NailingLL,NailingLL_nailStep_NailingML_stick18_stick13_robot1_staplergun1_rpmanipulate,planned,unknown,,True,19927.33
207,NailingLL,NailingLL_nailStep_NailingML_stick18_stick14_robot1_staplergun1_rpmanipulate,planned,unknown,,True,5828.26
208,MoveToLL,MoveToLL_moveToTarget_TravelML_robot1_rpmanipulate_rptoolchange_dup6,movej,rptoolchange,,True,13370.22
209,DeequipToolLL,DeequipToolLL_deequipTool_DeequipML_robot1_staplergun1_equiplocstapler_rptoolchange_dup3,play_program,,,True,7291.81
210,EquipToolLL,EquipToolLL_equipTool_EquipeML_robot1_gripper1_rptoolchange_equiplocgripper_dup3,play_program,,,True,21159.63
211,MoveToLL,MoveToLL_moveToTarget_TravelML_robot1_rptoolchange_rppickup_dup3,movej,rppickup,,True,18321.85
212,MoveToLL,MoveToLL_moveToPickPosition_PickUpML_stick20_initlocstick20_robot1_gripper1_rppickup,movel,initlocstick20,,True,6357.37
213,CloseGripperLL,CloseGripperLL_closeGripper_PickUpML_stick20_initlocstick20_robot1_gripper1_rppickup,close_gripper,,,True,13.91
214,MoveToLL,MoveToLL_moveToRetract_PickUpML_stick20_initlocstick20_robot1_gripper1_rppickup,movel,rppickup,,True,5952.58
215,MoveToLL,MoveToLL_moveToTarget_TravelML_robot1_rppickup_rpmanipulate_dup24,movej,rpmanipulate,,True,14995.19
216,MoveToLL,MoveToLL_moveToObjPosition_StackOnTwoML_stick20_robot1_finallocstick20_rpmanipulate_stick15_stick16_gripper1_layer4_layer5,planned,finallocstick20,,True,19129.12
217,MoveToLL,MoveToLL_moveToRobotPos_StackOnTwoML_stick20_robot1_finallocstick20_rpmanipulate_stick15_stick16_gripper1_layer4_layer5,movej,rpmanipulate,,True,12181.57
218,MoveToLL,MoveToLL_moveToTarget_TravelML_robot1_rpmanipulate_rppickup_dup23,movej,rppickup,,True,14950.69
219,MoveToLL,MoveToLL_moveToPickPosition_PickUpML_stick19_initlocstick19_robot1_gripper1_rppickup,movel,initlocstick19,,True,6312.34
220,CloseGripperLL,CloseGripperLL_closeGripper_PickUpML_stick19_initlocstick19_robot1_gripper1_rppickup,close_gripper,,,True,1.02
221,MoveToLL,MoveToLL_moveToRetract_PickUpML_stick19_initlocstick19_robot1_gripper1_rppickup,movel,rppickup,,True,5972.44
222,MoveToLL,MoveToLL_moveToTarget_TravelML_robot1_rppickup_rpmanipulate_dup25,movej,rpmanipulate,,True,14996.47
223,MoveToLL,MoveToLL_moveToObjPosition_StackOnTwoML_stick19_robot1_finallocstick19_rpmanipulate_cube3_stick15_gripper1_layer4_layer5,planned,finallocstick19,,True,21538.70
224,MoveToLL,MoveToLL_moveToRobotPos_StackOnTwoML_stick19_robot1_finallocstick19_rpmanipulate_cube3_stick15_gripper1_layer4_layer5,movej,rpmanipulate,,True,21981.76
225,MoveToLL,MoveToLL_moveToTarget_TravelML_robot1_rpmanipulate_rppickup_dup24,movej,rppickup,,True,15038.05
226,MoveToLL,MoveToLL_moveToPickPosition_PickUpML_stick21_initlocstick21_robot1_gripper1_rppickup,movel,initlocstick21,,True,6345.10
227,CloseGripperLL,CloseGripperLL_closeGripper_PickUpML_stick21_initlocstick21_robot1_gripper1_rppickup,close_gripper,,,True,18.68
228,MoveToLL,MoveToLL_moveToRetract_PickUpML_stick21_initlocstick21_robot1_gripper1_rppickup,movel,rppickup,,True,5244.94
229,MoveToLL,MoveToLL_moveToTarget_TravelML_robot1_rppickup_rpmanipulate_dup26,movej,rpmanipulate,,True,14961.84
230,MoveToLL,MoveToLL_moveToObjPosition_StackOnTwoML_stick21_robot1_finallocstick21_rpmanipulate_stick16_stick17_gripper1_layer4_layer5,planned,finallocstick21,,True,17537.75
231,MoveToLL,MoveToLL_moveToRobotPos_StackOnTwoML_stick21_robot1_finallocstick21_rpmanipulate_stick16_stick17_gripper1_layer4_layer5,movej,rpmanipulate,,True,10075.61
232,MoveToLL,MoveToLL_moveToTarget_TravelML_robot1_rpmanipulate_rppickup_dup25,movej,rppickup,,True,15027.10
233,MoveToLL,MoveToLL_moveToPickPosition_PickUpML_stick24_initlocstick24_robot1_gripper1_rppickup,movel,initlocstick24,,True,6308.97
234,CloseGripperLL,CloseGripperLL_closeGripper_PickUpML_stick24_initlocstick24_robot1_gripper1_rppickup,close_gripper,,,True,13.39
235,MoveToLL,MoveToLL_moveToRetract_PickUpML_stick24_initlocstick24_robot1_gripper1_rppickup,movel,rppickup,,True,5952.98
236,MoveToLL,MoveToLL_moveToTarget_TravelML_robot1_rppickup_rpmanipulate_dup27,movej,rpmanipulate,,True,15020.87
237,MoveToLL,MoveToLL_moveToObjPosition_StackOnTwoML_stick24_robot1_finallocstick24_rpmanipulate_stick20_stick19_gripper1_layer5_layer6,planned,finallocstick24,,True,19990.29
238,MoveToLL,MoveToLL_moveToRobotPos_StackOnTwoML_stick24_robot1_finallocstick24_rpmanipulate_stick20_stick19_gripper1_layer5_layer6,movej,rpmanipulate,,True,17100.62
239,MoveToLL,MoveToLL_moveToTarget_TravelML_robot1_rpmanipulate_rppickup_dup26,movej,rppickup,,True,14982.83
240,MoveToLL,MoveToLL_moveToPickPosition_PickUpML_cube5_initloccube5_robot1_gripper1_rppickup,movel,initloccube5,,True,6318.61
241,CloseGripperLL,CloseGripperLL_closeGripper_PickUpML_cube5_initloccube5_robot1_gripper1_rppickup,close_gripper,,,True,12.65
242,MoveToLL,MoveToLL_moveToRetract_PickUpML_cube5_initloccube5_robot1_gripper1_rppickup,movel,rppickup,,True,5957.94
243,MoveToLL,MoveToLL_moveToTarget_TravelML_robot1_rppickup_rpmanipulate_dup28,movej,rpmanipulate,,True,15399.06
244,MoveToLL,MoveToLL_moveToObjPosition_StackML_cube5_stick19_robot1_gripper1_finalloccube5_rpmanipulate,planned,finalloccube5,,True,19912.02
245,MoveToLL,MoveToLL_moveToRobotPosition_StackML_cube5_stick19_robot1_gripper1_finalloccube5_rpmanipulate,movej,rpmanipulate,,True,12177.86
246,MoveToLL,MoveToLL_moveToTarget_TravelML_robot1_rpmanipulate_rppickup_dup27,movej,rppickup,,True,15095.73
247,MoveToLL,MoveToLL_moveToPickPosition_PickUpML_stick25_initlocstick25_robot1_gripper1_rppickup,movel,initlocstick25,,True,6318.45
248,CloseGripperLL,CloseGripperLL_closeGripper_PickUpML_stick25_initlocstick25_robot1_gripper1_rppickup,close_gripper,,,True,13.81
249,MoveToLL,MoveToLL_moveToRetract_PickUpML_stick25_initlocstick25_robot1_gripper1_rppickup,movel,rppickup,,True,5973.53
250,MoveToLL,MoveToLL_moveToTarget_TravelML_robot1_rppickup_rpmanipulate_dup29,movej,rpmanipulate,,True,15546.23
251,MoveToLL,MoveToLL_moveToObjPosition_StackOnTwoML_stick25_robot1_finallocstick25_rpmanipulate_stick20_stick21_gripper1_layer5_layer6,planned,finallocstick25,,True,17526.99
252,MoveToLL,MoveToLL_moveToRobotPos_StackOnTwoML_stick25_robot1_finallocstick25_rpmanipulate_stick20_stick21_gripper1_layer5_layer6,movej,rpmanipulate,,True,9352.59
253,MoveToLL,MoveToLL_moveToTarget_TravelML_robot1_rpmanipulate_rppickup_dup28,movej,rppickup,,True,15005.12
254,MoveToLL,MoveToLL_moveToPickPosition_PickUpML_stick23_initlocstick23_robot1_gripper1_rppickup,movel,initlocstick23,,True,6315.55
255,CloseGripperLL,CloseGripperLL_closeGripper_PickUpML_stick23_initlocstick23_robot1_gripper1_rppickup,close_gripper,,,True,0.93
256,MoveToLL,MoveToLL_moveToRetract_PickUpML_stick23_initlocstick23_robot1_gripper1_rppickup,movel,rppickup,,True,5964.31
257,MoveToLL,MoveToLL_moveToTarget_TravelML_robot1_rppickup_rpmanipulate_dup30,movej,rpmanipulate,,True,15462.71
258,MoveToLL,MoveToLL_moveToObjPosition_StackOnTwoML_stick23_robot1_finallocstick23_rpmanipulate_cube4_stick18_gripper1_layer4_layer5,planned,finallocstick23,,True,19112.04
259,MoveToLL,MoveToLL_moveToRobotPos_StackOnTwoML_stick23_robot1_finallocstick23_rpmanipulate_cube4_stick18_gripper1_layer4_layer5,movej,rpmanipulate,,True,12172.77
260,MoveToLL,MoveToLL_moveToTarget_TravelML_robot1_rpmanipulate_rppickup_dup29,movej,rppickup,,True,15138.77
261,MoveToLL,MoveToLL_moveToPickPosition_PickUpML_stick22_initlocstick22_robot1_gripper1_rppickup,movel,initlocstick22,,True,6301.74
262,CloseGripperLL,CloseGripperLL_closeGripper_PickUpML_stick22_initlocstick22_robot1_gripper1_rppickup,close_gripper,,,True,13.10
263,MoveToLL,MoveToLL_moveToRetract_PickUpML_stick22_initlocstick22_robot1_gripper1_rppickup,movel,rppickup,,True,5933.14
264,MoveToLL,MoveToLL_moveToTarget_TravelML_robot1_rppickup_rpmanipulate_dup31,movej,rpmanipulate,,True,14948.94
265,MoveToLL,MoveToLL_moveToObjPosition_StackOnTwoML_stick22_robot1_finallocstick22_rpmanipulate_stick17_stick18_gripper1_layer4_layer5,planned,finallocstick22,,True,18376.45
266,MoveToLL,MoveToLL_moveToRobotPos_StackOnTwoML_stick22_robot1_finallocstick22_rpmanipulate_stick17_stick18_gripper1_layer4_layer5,movej,rpmanipulate,,True,11409.48
267,MoveToLL,MoveToLL_moveToTarget_TravelML_robot1_rpmanipulate_rppickup_dup30,movej,rppickup,,True,14958.96
268,MoveToLL,MoveToLL_moveToPickPosition_PickUpML_cube6_initloccube6_robot1_gripper1_rppickup,movel,initloccube6,,True,6303.50
269,CloseGripperLL,CloseGripperLL_closeGripper_PickUpML_cube6_initloccube6_robot1_gripper1_rppickup,close_gripper,,,True,12.47
270,MoveToLL,MoveToLL_moveToRetract_PickUpML_cube6_initloccube6_robot1_gripper1_rppickup,movel,rppickup,,True,5927.68
271,MoveToLL,MoveToLL_moveToTarget_TravelML_robot1_rppickup_rpmanipulate_dup32,movej,rpmanipulate,,True,14959.79
272,MoveToLL,MoveToLL_moveToObjPosition_StackML_cube6_stick23_robot1_gripper1_finalloccube6_rpmanipulate,planned,finalloccube6,,True,17511.55
273,MoveToLL,MoveToLL_moveToRobotPosition_StackML_cube6_stick23_robot1_gripper1_finalloccube6_rpmanipulate,movej,rpmanipulate,,True,11463.89
274,MoveToLL,MoveToLL_moveToTarget_TravelML_robot1_rpmanipulate_rppickup_dup31,movej,rppickup,,True,15043.13
275,MoveToLL,MoveToLL_moveToPickPosition_PickUpML_stick26_initlocstick26_robot1_gripper1_rppickup,movel,initlocstick26,,True,6315.88
276,CloseGripperLL,CloseGripperLL_closeGripper_PickUpML_stick26_initlocstick26_robot1_gripper1_rppickup,close_gripper,,,True,13.61
277,MoveToLL,MoveToLL_moveToRetract_PickUpML_stick26_initlocstick26_robot1_gripper1_rppickup,movel,rppickup,,True,5239.05
278,MoveToLL,MoveToLL_moveToTarget_TravelML_robot1_rppickup_rpmanipulate_dup33,movej,rpmanipulate,,True,15386.24
279,MoveToLL,MoveToLL_moveToObjPosition_StackOnTwoML_stick26_robot1_finallocstick26_rpmanipulate_stick22_stick21_gripper1_layer5_layer6,planned,finallocstick26,,True,19917.00
280,MoveToLL,MoveToLL_moveToRobotPos_StackOnTwoML_stick26_robot1_finallocstick26_rpmanipulate_stick22_stick21_gripper1_layer5_layer6,movej,rpmanipulate,,True,16371.40
281,MoveToLL,MoveToLL_moveToTarget_TravelML_robot1_rpmanipulate_rppickup_dup32,movej,rppickup,,True,15319.35
282,MoveToLL,MoveToLL_moveToPickPosition_PickUpML_stick27_initlocstick27_robot1_gripper1_rppickup,movel,initlocstick27,,True,6306.32
283,CloseGripperLL,CloseGripperLL_closeGripper_PickUpML_stick27_initlocstick27_robot1_gripper1_rppickup,close_gripper,,,True,12.50
284,MoveToLL,MoveToLL_moveToRetract_PickUpML_stick27_initlocstick27_robot1_gripper1_rppickup,movel,rppickup,,True,5953.31
285,MoveToLL,MoveToLL_moveToTarget_TravelML_robot1_rppickup_rpmanipulate_dup34,movej,rpmanipulate,,True,15311.19
286,MoveToLL,MoveToLL_moveToObjPosition_StackOnTwoML_stick27_robot1_finallocstick27_rpmanipulate_stick23_stick22_gripper1_layer5_layer6,planned,finallocstick27,,True,17522.35
287,MoveToLL,MoveToLL_moveToRobotPos_StackOnTwoML_stick27_robot1_finallocstick27_rpmanipulate_stick23_stick22_gripper1_layer5_layer6,movej,rpmanipulate,,True,12173.10
288,MoveToLL,MoveToLL_moveToTarget_TravelML_robot1_rpmanipulate_rptoolchange_dup7,movej,rptoolchange,,True,10974.92
289,DeequipToolLL,DeequipToolLL_deequipTool_DeequipML_robot1_gripper1_equiplocgripper_rptoolchange_dup4,play_program,,,True,21102.21
290,EquipToolLL,EquipToolLL_equipTool_EquipeML_robot1_staplergun1_rptoolchange_equiplocstapler_dup4,play_program,,,True,10406.23
291,MoveToLL,MoveToLL_moveToTarget_TravelML_robot1_rptoolchange_rpmanipulate_dup4,movej,rpmanipulate,,True,11185.34
292,NailingLL,NailingLL_nailStep_NailingML_cube5_stick19_robot1_staplergun1_rpmanipulate,planned,unknown,,True,24722.03
293,NailingLL,NailingLL_nailStep_NailingML_cube6_stick23_robot1_staplergun1_rpmanipulate,planned,unknown,,True,12226.21
294,NailingLL,NailingLL_nailStep_NailingML_stick24_stick19_robot1_staplergun1_rpmanipulate,planned,unknown,,True,17803.19
295,NailingLL,NailingLL_nailStep_NailingML_stick24_stick20_robot1_staplergun1_rpmanipulate,planned,unknown,,True,10622.46
296,NailingLL,NailingLL_nailStep_NailingML_stick25_stick20_robot1_staplergun1_rpmanipulate,planned,unknown,,True,10725.24
297,NailingLL,NailingLL_nailStep_NailingML_stick25_stick21_robot1_staplergun1_rpmanipulate,planned,unknown,,True,10623.89
298,NailingLL,NailingLL_nailStep_NailingML_stick26_stick21_robot1_staplergun1_rpmanipulate,planned,unknown,,True,9714.00
299,NailingLL,NailingLL_nailStep_NailingML_stick26_stick22_robot1_staplergun1_rpmanipulate,planned,unknown,,True,8936.82
300,NailingLL,NailingLL_nailStep_NailingML_stick27_stick22_robot1_staplergun1_rpmanipulate,planned,unknown,,True,14654.96
301,NailingLL,NailingLL_nailStep_NailingML_stick27_stick23_robot1_staplergun1_rpmanipulate,planned,unknown,,True,14602.34
302,MoveToLL,MoveToLL_moveToTarget_TravelML_robot1_rpmanipulate_rptoolchange_dup8,movej,rptoolchange,,True,13404.04
303,DeequipToolLL,DeequipToolLL_deequipTool_DeequipML_robot1_staplergun1_equiplocstapler_rptoolchange_dup4,play_program,,,True,7346.80
304,EquipToolLL,EquipToolLL_equipTool_EquipeML_robot1_gripper1_rptoolchange_equiplocgripper_dup4,play_program,,,True,21158.59
305,MoveToLL,MoveToLL_moveToTarget_TravelML_robot1_rptoolchange_rppickup_dup4,movej,rppickup,,True,18089.52
306,MoveToLL,MoveToLL_moveToPickPosition_PickUpML_stick29_initlocstick29_robot1_gripper1_rppickup,movel,initlocstick29,,True,6327.66
307,CloseGripperLL,CloseGripperLL_closeGripper_PickUpML_stick29_initlocstick29_robot1_gripper1_rppickup,close_gripper,,,True,17.80
308,MoveToLL,MoveToLL_moveToRetract_PickUpML_stick29_initlocstick29_robot1_gripper1_rppickup,movel,rppickup,,True,5947.69
309,MoveToLL,MoveToLL_moveToTarget_TravelML_robot1_rppickup_rpmanipulate_dup35,movej,rpmanipulate,,True,15273.54
310,MoveToLL,MoveToLL_moveToObjPosition_StackOnTwoML_stick29_robot1_finallocstick29_rpmanipulate_stick24_stick25_gripper1_layer6_layer7,planned,finallocstick29,,True,18332.74
311,MoveToLL,MoveToLL_moveToRobotPos_StackOnTwoML_stick29_robot1_finallocstick29_rpmanipulate_stick24_stick25_gripper1_layer6_layer7,movej,rpmanipulate,,True,12197.40
312,MoveToLL,MoveToLL_moveToTarget_TravelML_robot1_rpmanipulate_rppickup_dup33,movej,rppickup,,True,15379.00
313,MoveToLL,MoveToLL_moveToPickPosition_PickUpML_stick28_initlocstick28_robot1_gripper1_rppickup,movel,initlocstick28,,True,6318.34
314,CloseGripperLL,CloseGripperLL_closeGripper_PickUpML_stick28_initlocstick28_robot1_gripper1_rppickup,close_gripper,,,True,8.49
315,MoveToLL,MoveToLL_moveToRetract_PickUpML_stick28_initlocstick28_robot1_gripper1_rppickup,movel,rppickup,,True,5974.92
316,MoveToLL,MoveToLL_moveToTarget_TravelML_robot1_rppickup_rpmanipulate_dup36,movej,rpmanipulate,,True,14985.03
317,MoveToLL,MoveToLL_moveToObjPosition_StackOnTwoML_stick28_robot1_finallocstick28_rpmanipulate_cube5_stick24_gripper1_layer6_layer7,planned,finallocstick28,,True,23156.85
318,MoveToLL,MoveToLL_moveToRobotPos_StackOnTwoML_stick28_robot1_finallocstick28_rpmanipulate_cube5_stick24_gripper1_layer6_layer7,movej,rpmanipulate,,True,21998.32
319,MoveToLL,MoveToLL_moveToTarget_TravelML_robot1_rpmanipulate_rppickup_dup34,movej,rppickup,,True,15548.44
320,MoveToLL,MoveToLL_moveToPickPosition_PickUpML_stick32_initlocstick32_robot1_gripper1_rppickup,movel,initlocstick32,,True,6330.06
321,CloseGripperLL,CloseGripperLL_closeGripper_PickUpML_stick32_initlocstick32_robot1_gripper1_rppickup,close_gripper,,,True,8.51
322,MoveToLL,MoveToLL_moveToRetract_PickUpML_stick32_initlocstick32_robot1_gripper1_rppickup,movel,rppickup,,True,5965.91
323,MoveToLL,MoveToLL_moveToTarget_TravelML_robot1_rppickup_rpmanipulate_dup37,movej,rpmanipulate,,True,15462.80
324,MoveToLL,MoveToLL_moveToObjPosition_StackOnTwoML_stick32_robot1_finallocstick32_rpmanipulate_cube6_stick27_gripper1_layer6_layer7,planned,finallocstick32,,True,19127.25
325,MoveToLL,MoveToLL_moveToRobotPos_StackOnTwoML_stick32_robot1_finallocstick32_rpmanipulate_cube6_stick27_gripper1_layer6_layer7,movej,rpmanipulate,,True,11482.34
326,MoveToLL,MoveToLL_moveToTarget_TravelML_robot1_rpmanipulate_rppickup_dup35,movej,rppickup,,True,15461.82
327,MoveToLL,MoveToLL_moveToPickPosition_PickUpML_stick33_initlocstick33_robot1_gripper1_rppickup,movel,initlocstick33,,True,6333.49
328,CloseGripperLL,CloseGripperLL_closeGripper_PickUpML_stick33_initlocstick33_robot1_gripper1_rppickup,close_gripper,,,True,8.49
329,MoveToLL,MoveToLL_moveToRetract_PickUpML_stick33_initlocstick33_robot1_gripper1_rppickup,movel,rppickup,,True,5957.48
330,MoveToLL,MoveToLL_moveToTarget_TravelML_robot1_rppickup_rpmanipulate_dup38,movej,rpmanipulate,,True,15480.01
331,MoveToLL,MoveToLL_moveToObjPosition_StackOnTwoML_stick33_robot1_finallocstick33_rpmanipulate_stick29_stick28_gripper1_layer7_layer8,planned,finallocstick33,,True,19941.73
332,MoveToLL,MoveToLL_moveToRobotPos_StackOnTwoML_stick33_robot1_finallocstick33_rpmanipulate_stick29_stick28_gripper1_layer7_layer8,movej,rpmanipulate,,True,16395.55
333,MoveToLL,MoveToLL_moveToTarget_TravelML_robot1_rpmanipulate_rppickup_dup36,movej,rppickup,,True,15024.55
334,MoveToLL,MoveToLL_moveToPickPosition_PickUpML_stick30_initlocstick30_robot1_gripper1_rppickup,movel,initlocstick30,,True,6330.68
335,CloseGripperLL,CloseGripperLL_closeGripper_PickUpML_stick30_initlocstick30_robot1_gripper1_rppickup,close_gripper,,,True,12.96
336,MoveToLL,MoveToLL_moveToRetract_PickUpML_stick30_initlocstick30_robot1_gripper1_rppickup,movel,rppickup,,True,5949.51
337,MoveToLL,MoveToLL_moveToTarget_TravelML_robot1_rppickup_rpmanipulate_dup39,movej,rpmanipulate,,True,14958.48
338,MoveToLL,MoveToLL_moveToObjPosition_StackOnTwoML_stick30_robot1_finallocstick30_rpmanipulate_stick25_stick26_gripper1_layer6_layer7,planned,finallocstick30,,True,15117.86
339,MoveToLL,MoveToLL_moveToRobotPos_StackOnTwoML_stick30_robot1_finallocstick30_rpmanipulate_stick25_stick26_gripper1_layer6_layer7,movej,rpmanipulate,,True,9356.48
340,MoveToLL,MoveToLL_moveToTarget_TravelML_robot1_rpmanipulate_rppickup_dup37,movej,rppickup,,True,14985.07
341,MoveToLL,MoveToLL_moveToPickPosition_PickUpML_stick31_initlocstick31_robot1_gripper1_rppickup,movel,initlocstick31,,True,6322.86
342,CloseGripperLL,CloseGripperLL_closeGripper_PickUpML_stick31_initlocstick31_robot1_gripper1_rppickup,close_gripper,,,True,11.44
343,MoveToLL,MoveToLL_moveToRetract_PickUpML_stick31_initlocstick31_robot1_gripper1_rppickup,movel,rppickup,,True,5954.71
344,MoveToLL,MoveToLL_moveToTarget_TravelML_robot1_rppickup_rpmanipulate_dup40,movej,rpmanipulate,,True,15468.30
345,MoveToLL,MoveToLL_moveToObjPosition_StackOnTwoML_stick31_robot1_finallocstick31_rpmanipulate_stick26_stick27_gripper1_layer6_layer7,planned,finallocstick31,,True,18334.79
346,MoveToLL,MoveToLL_moveToRobotPos_StackOnTwoML_stick31_robot1_finallocstick31_rpmanipulate_stick26_stick27_gripper1_layer6_layer7,movej,rpmanipulate,,True,10775.48
347,MoveToLL,MoveToLL_moveToTarget_TravelML_robot1_rpmanipulate_rppickup_dup38,movej,rppickup,,True,15202.25
348,MoveToLL,MoveToLL_moveToPickPosition_PickUpML_stick35_initlocstick35_robot1_gripper1_rppickup,movel,initlocstick35,,True,6317.88
349,CloseGripperLL,CloseGripperLL_closeGripper_PickUpML_stick35_initlocstick35_robot1_gripper1_rppickup,close_gripper,,,True,17.35
350,MoveToLL,MoveToLL_moveToRetract_PickUpML_stick35_initlocstick35_robot1_gripper1_rppickup,movel,rppickup,,True,5957.41
351,MoveToLL,MoveToLL_moveToTarget_TravelML_robot1_rppickup_rpmanipulate_dup41,movej,rpmanipulate,,True,15557.09
352,MoveToLL,MoveToLL_moveToObjPosition_StackOnTwoML_stick35_robot1_finallocstick35_rpmanipulate_stick31_stick30_gripper1_layer7_layer8,planned,finallocstick35,,True,19126.55
353,MoveToLL,MoveToLL_moveToRobotPos_StackOnTwoML_stick35_robot1_finallocstick35_rpmanipulate_stick31_stick30_gripper1_layer7_layer8,movej,rpmanipulate,,True,15678.81
354,MoveToLL,MoveToLL_moveToTarget_TravelML_robot1_rpmanipulate_rppickup_dup39,movej,rppickup,,True,15032.08
355,MoveToLL,MoveToLL_moveToPickPosition_PickUpML_stick34_initlocstick34_robot1_gripper1_rppickup,movel,initlocstick34,,True,6326.48
356,CloseGripperLL,CloseGripperLL_closeGripper_PickUpML_stick34_initlocstick34_robot1_gripper1_rppickup,close_gripper,,,True,0.90
357,MoveToLL,MoveToLL_moveToRetract_PickUpML_stick34_initlocstick34_robot1_gripper1_rppickup,movel,rppickup,,True,5962.53
358,MoveToLL,MoveToLL_moveToTarget_TravelML_robot1_rppickup_rpmanipulate_dup42,movej,rpmanipulate,,True,15285.86
359,MoveToLL,MoveToLL_moveToObjPosition_StackOnTwoML_stick34_robot1_finallocstick34_rpmanipulate_stick29_stick30_gripper1_layer7_layer8,planned,finallocstick34,,True,16689.68
360,MoveToLL,MoveToLL_moveToRobotPos_StackOnTwoML_stick34_robot1_finallocstick34_rpmanipulate_stick29_stick30_gripper1_layer7_layer8,movej,rpmanipulate,,True,9383.72
361,MoveToLL,MoveToLL_moveToTarget_TravelML_robot1_rpmanipulate_rppickup_dup40,movej,rppickup,,True,15047.24
362,MoveToLL,MoveToLL_moveToPickPosition_PickUpML_cube8_initloccube8_robot1_gripper1_rppickup,movel,initloccube8,,True,6317.34
363,CloseGripperLL,CloseGripperLL_closeGripper_PickUpML_cube8_initloccube8_robot1_gripper1_rppickup,close_gripper,,,True,13.64
364,MoveToLL,MoveToLL_moveToRetract_PickUpML_cube8_initloccube8_robot1_gripper1_rppickup,movel,rppickup,,True,5909.28
365,MoveToLL,MoveToLL_moveToTarget_TravelML_robot1_rppickup_rpmanipulate_dup43,movej,rpmanipulate,,True,14962.79
366,MoveToLL,MoveToLL_moveToObjPosition_StackML_cube8_stick32_robot1_gripper1_finalloccube8_rpmanipulate,planned,finalloccube8,,True,19096.64
367,MoveToLL,MoveToLL_moveToRobotPosition_StackML_cube8_stick32_robot1_gripper1_finalloccube8_rpmanipulate,movej,rpmanipulate,,True,11474.05
368,MoveToLL,MoveToLL_moveToTarget_TravelML_robot1_rpmanipulate_rppickup_dup41,movej,rppickup,,True,15066.84
369,MoveToLL,MoveToLL_moveToPickPosition_PickUpML_cube7_initloccube7_robot1_gripper1_rppickup,movel,initloccube7,,True,6348.50
370,CloseGripperLL,CloseGripperLL_closeGripper_PickUpML_cube7_initloccube7_robot1_gripper1_rppickup,close_gripper,,,True,13.36
371,MoveToLL,MoveToLL_moveToRetract_PickUpML_cube7_initloccube7_robot1_gripper1_rppickup,movel,rppickup,,True,5953.46
372,MoveToLL,MoveToLL_moveToTarget_TravelML_robot1_rppickup_rpmanipulate_dup44,movej,rpmanipulate,,True,14960.60
373,MoveToLL,MoveToLL_moveToObjPosition_StackML_cube7_stick28_robot1_gripper1_finalloccube7_rpmanipulate,planned,finalloccube7,,True,17516.35
374,MoveToLL,MoveToLL_moveToRobotPosition_StackML_cube7_stick28_robot1_gripper1_finalloccube7_rpmanipulate,movej,rpmanipulate,,True,12184.13
375,MoveToLL,MoveToLL_moveToTarget_TravelML_robot1_rpmanipulate_rppickup_dup42,movej,rppickup,,True,15121.30
376,MoveToLL,MoveToLL_moveToPickPosition_PickUpML_stick36_initlocstick36_robot1_gripper1_rppickup,movel,initlocstick36,,True,6327.95
377,CloseGripperLL,CloseGripperLL_closeGripper_PickUpML_stick36_initlocstick36_robot1_gripper1_rppickup,close_gripper,,,True,13.46
378,MoveToLL,MoveToLL_moveToRetract_PickUpML_stick36_initlocstick36_robot1_gripper1_rppickup,movel,rppickup,,True,5252.76
379,MoveToLL,MoveToLL_moveToTarget_TravelML_robot1_rppickup_rpmanipulate_dup45,movej,rpmanipulate,,True,15284.52
380,MoveToLL,MoveToLL_moveToObjPosition_StackOnTwoML_stick36_robot1_finallocstick36_rpmanipulate_stick32_stick31_gripper1_layer7_layer8,planned,finallocstick36,,True,16720.94
381,MoveToLL,MoveToLL_moveToRobotPos_StackOnTwoML_stick36_robot1_finallocstick36_rpmanipulate_stick32_stick31_gripper1_layer7_layer8,movej,rpmanipulate,,True,11494.57
382,MoveToLL,MoveToLL_moveToTarget_TravelML_robot1_rpmanipulate_rptoolchange_dup9,movej,rptoolchange,,True,10748.09
383,DeequipToolLL,DeequipToolLL_deequipTool_DeequipML_robot1_gripper1_equiplocgripper_rptoolchange_dup5,play_program,,,True,21215.01
384,EquipToolLL,EquipToolLL_equipTool_EquipeML_robot1_staplergun1_rptoolchange_equiplocstapler_dup5,play_program,,,True,10440.36
385,MoveToLL,MoveToLL_moveToTarget_TravelML_robot1_rptoolchange_rpmanipulate_dup5,movej,rpmanipulate,,True,11279.66
386,NailingLL,NailingLL_nailStep_NailingML_cube7_stick28_robot1_staplergun1_rpmanipulate,planned,unknown,,True,27159.34
387,NailingLL,NailingLL_nailStep_NailingML_cube8_stick32_robot1_staplergun1_rpmanipulate,planned,unknown,,True,17866.34
388,NailingLL,NailingLL_nailStep_NailingML_stick33_stick28_robot1_staplergun1_rpmanipulate,planned,unknown,,True,15376.58
389,NailingLL,NailingLL_nailStep_NailingML_stick33_stick29_robot1_staplergun1_rpmanipulate,planned,unknown,,True,7387.80
390,NailingLL,NailingLL_nailStep_NailingML_stick34_stick29_robot1_staplergun1_rpmanipulate,planned,unknown,,True,9752.38
391,NailingLL,NailingLL_nailStep_NailingML_stick34_stick30_robot1_staplergun1_rpmanipulate,planned,unknown,,True,8162.42
392,NailingLL,NailingLL_nailStep_NailingML_stick35_stick30_robot1_staplergun1_rpmanipulate,planned,unknown,,True,11365.26
393,NailingLL,NailingLL_nailStep_NailingML_stick35_stick31_robot1_staplergun1_rpmanipulate,planned,unknown,,True,12952.96
394,NailingLL,NailingLL_nailStep_NailingML_stick36_stick31_robot1_staplergun1_rpmanipulate,planned,unknown,,True,13266.76
395,NailingLL,NailingLL_nailStep_NailingML_stick36_stick32_robot1_staplergun1_rpmanipulate,planned,unknown,,True,15252.06
396,MoveToLL,MoveToLL_moveToTarget_TravelML_robot1_rpmanipulate_rptoolchange_dup10,movej,rptoolchange,,True,13558.86
397,DeequipToolLL,DeequipToolLL_deequipTool_DeequipML_robot1_staplergun1_equiplocstapler_rptoolchange_dup5,play_program,,,True,7279.38
398,EquipToolLL,EquipToolLL_equipTool_EquipeML_robot1_gripper1_rptoolchange_equiplocgripper_dup5,play_program,,,True,21179.66
399,MoveToLL,MoveToLL_moveToTarget_TravelML_robot1_rptoolchange_rppickup_dup5,movej,rppickup,,True,18114.85
400,MoveToLL,MoveToLL_moveToPickPosition_PickUpML_stick38_initlocstick38_robot1_gripper1_rppickup,movel,initlocstick38,,True,6328.46
401,CloseGripperLL,CloseGripperLL_closeGripper_PickUpML_stick38_initlocstick38_robot1_gripper1_rppickup,close_gripper,,,True,15.30
402,MoveToLL,MoveToLL_moveToRetract_PickUpML_stick38_initlocstick38_robot1_gripper1_rppickup,movel,rppickup,,True,5941.29
403,MoveToLL,MoveToLL_moveToTarget_TravelML_robot1_rppickup_rpmanipulate_dup46,movej,rpmanipulate,,True,14961.76
404,MoveToLL,MoveToLL_moveToObjPosition_StackOnTwoML_stick38_robot1_finallocstick38_rpmanipulate_stick33_stick34_gripper1_layer8_layer9,planned,finallocstick38,,True,18310.26
405,MoveToLL,MoveToLL_moveToRobotPos_StackOnTwoML_stick38_robot1_finallocstick38_rpmanipulate_stick33_stick34_gripper1_layer8_layer9,movej,rpmanipulate,,True,11441.71
406,MoveToLL,MoveToLL_moveToTarget_TravelML_robot1_rpmanipulate_rppickup_dup43,movej,rppickup,,True,15314.71
407,MoveToLL,MoveToLL_moveToPickPosition_PickUpML_stick37_initlocstick37_robot1_gripper1_rppickup,movel,initlocstick37,,True,6321.20
408,CloseGripperLL,CloseGripperLL_closeGripper_PickUpML_stick37_initlocstick37_robot1_gripper1_rppickup,close_gripper,,,True,16.89
409,MoveToLL,MoveToLL_moveToRetract_PickUpML_stick37_initlocstick37_robot1_gripper1_rppickup,movel,rppickup,,True,5937.38
410,MoveToLL,MoveToLL_moveToTarget_TravelML_robot1_rppickup_rpmanipulate_dup47,movej,rpmanipulate,,True,15463.14
411,MoveToLL,MoveToLL_moveToObjPosition_StackOnTwoML_stick37_robot1_finallocstick37_rpmanipulate_cube7_stick33_gripper1_layer8_layer9,planned,finallocstick37,,True,20721.60
412,MoveToLL,MoveToLL_moveToRobotPos_StackOnTwoML_stick37_robot1_finallocstick37_rpmanipulate_cube7_stick33_gripper1_layer8_layer9,movej,rpmanipulate,,True,21307.86
413,MoveToLL,MoveToLL_moveToTarget_TravelML_robot1_rpmanipulate_rppickup_dup44,movej,rppickup,,True,15537.94
414,MoveToLL,MoveToLL_moveToPickPosition_PickUpML_stick39_initlocstick39_robot1_gripper1_rppickup,movel,initlocstick39,,True,6304.08
415,CloseGripperLL,CloseGripperLL_closeGripper_PickUpML_stick39_initlocstick39_robot1_gripper1_rppickup,close_gripper,,,True,1.09
416,MoveToLL,MoveToLL_moveToRetract_PickUpML_stick39_initlocstick39_robot1_gripper1_rppickup,movel,rppickup,,True,5275.29
417,MoveToLL,MoveToLL_moveToTarget_TravelML_robot1_rppickup_rpmanipulate_dup48,movej,rpmanipulate,,True,15544.18
418,MoveToLL,MoveToLL_moveToObjPosition_StackOnTwoML_stick39_robot1_finallocstick39_rpmanipulate_stick34_stick35_gripper1_layer8_layer9,planned,finallocstick39,,True,14399.76
419,MoveToLL,MoveToLL_moveToRobotPos_StackOnTwoML_stick39_robot1_finallocstick39_rpmanipulate_stick34_stick35_gripper1_layer8_layer9,movej,rpmanipulate,,True,9341.93
420,MoveToLL,MoveToLL_moveToTarget_TravelML_robot1_rpmanipulate_rppickup_dup45,movej,rppickup,,True,15142.96
421,MoveToLL,MoveToLL_moveToPickPosition_PickUpML_stick42_initlocstick42_robot1_gripper1_rppickup,movel,initlocstick42,,True,6332.57
422,CloseGripperLL,CloseGripperLL_closeGripper_PickUpML_stick42_initlocstick42_robot1_gripper1_rppickup,close_gripper,,,True,1.28
423,MoveToLL,MoveToLL_moveToRetract_PickUpML_stick42_initlocstick42_robot1_gripper1_rppickup,movel,rppickup,,True,5948.19
424,MoveToLL,MoveToLL_moveToTarget_TravelML_robot1_rppickup_rpmanipulate_dup49,movej,rpmanipulate,,True,15278.93
425,MoveToLL,MoveToLL_moveToObjPosition_StackOnTwoML_stick42_robot1_finallocstick42_rpmanipulate_stick38_stick37_gripper1_layer9_layer10,planned,finallocstick42,,True,17531.69
426,MoveToLL,MoveToLL_moveToRobotPos_StackOnTwoML_stick42_robot1_finallocstick42_rpmanipulate_stick38_stick37_gripper1_layer9_layer10,movej,rpmanipulate,,True,16399.76
427,MoveToLL,MoveToLL_moveToTarget_TravelML_robot1_rpmanipulate_rppickup_dup46,movej,rppickup,,True,15057.53
428,MoveToLL,MoveToLL_moveToPickPosition_PickUpML_cube9_initloccube9_robot1_gripper1_rppickup,movel,initloccube9,,True,6322.52
429,CloseGripperLL,CloseGripperLL_closeGripper_PickUpML_cube9_initloccube9_robot1_gripper1_rppickup,close_gripper,,,True,13.23
430,MoveToLL,MoveToLL_moveToRetract_PickUpML_cube9_initloccube9_robot1_gripper1_rppickup,movel,rppickup,,True,5958.53
431,MoveToLL,MoveToLL_moveToTarget_TravelML_robot1_rppickup_rpmanipulate_dup50,movej,rpmanipulate,,True,15063.61
432,MoveToLL,MoveToLL_moveToObjPosition_StackML_cube9_stick37_robot1_gripper1_finalloccube9_rpmanipulate,planned,finalloccube9,,True,17495.90
433,MoveToLL,MoveToLL_moveToRobotPosition_StackML_cube9_stick37_robot1_gripper1_finalloccube9_rpmanipulate,movej,rpmanipulate,,True,12171.79
434,MoveToLL,MoveToLL_moveToTarget_TravelML_robot1_rpmanipulate_rppickup_dup47,movej,rppickup,,True,15184.47
435,MoveToLL,MoveToLL_moveToPickPosition_PickUpML_stick43_initlocstick43_robot1_gripper1_rppickup,movel,initlocstick43,,True,6303.79
436,CloseGripperLL,CloseGripperLL_closeGripper_PickUpML_stick43_initlocstick43_robot1_gripper1_rppickup,close_gripper,,,True,13.54
437,MoveToLL,MoveToLL_moveToRetract_PickUpML_stick43_initlocstick43_robot1_gripper1_rppickup,movel,rppickup,,True,5942.33
438,MoveToLL,MoveToLL_moveToTarget_TravelML_robot1_rppickup_rpmanipulate_dup51,movej,rpmanipulate,,True,15290.22
439,MoveToLL,MoveToLL_moveToObjPosition_StackOnTwoML_stick43_robot1_finallocstick43_rpmanipulate_stick38_stick39_gripper1_layer9_layer10,planned,finallocstick43,,True,16694.54
440,MoveToLL,MoveToLL_moveToRobotPos_StackOnTwoML_stick43_robot1_finallocstick43_rpmanipulate_stick38_stick39_gripper1_layer9_layer10,movej,rpmanipulate,,True,8680.29
441,MoveToLL,MoveToLL_moveToTarget_TravelML_robot1_rpmanipulate_rppickup_dup48,movej,rppickup,,True,14966.23
442,MoveToLL,MoveToLL_moveToPickPosition_PickUpML_stick41_initlocstick41_robot1_gripper1_rppickup,movel,initlocstick41,,True,6284.73
443,CloseGripperLL,CloseGripperLL_closeGripper_PickUpML_stick41_initlocstick41_robot1_gripper1_rppickup,close_gripper,,,True,1.04
444,MoveToLL,MoveToLL_moveToRetract_PickUpML_stick41_initlocstick41_robot1_gripper1_rppickup,movel,rppickup,,True,5961.84
445,MoveToLL,MoveToLL_moveToTarget_TravelML_robot1_rppickup_rpmanipulate_dup52,movej,rpmanipulate,,True,15429.42
446,MoveToLL,MoveToLL_moveToObjPosition_StackOnTwoML_stick41_robot1_finallocstick41_rpmanipulate_cube8_stick36_gripper1_layer8_layer9,planned,finallocstick41,,True,16712.75
447,MoveToLL,MoveToLL_moveToRobotPos_StackOnTwoML_stick41_robot1_finallocstick41_rpmanipulate_cube8_stick36_gripper1_layer8_layer9,movej,rpmanipulate,,True,11476.72
448,MoveToLL,MoveToLL_moveToTarget_TravelML_robot1_rpmanipulate_rppickup_dup49,movej,rppickup,,True,15133.95
449,MoveToLL,MoveToLL_moveToPickPosition_PickUpML_stick40_initlocstick40_robot1_gripper1_rppickup,movel,initlocstick40,,True,6293.41
450,CloseGripperLL,CloseGripperLL_closeGripper_PickUpML_stick40_initlocstick40_robot1_gripper1_rppickup,close_gripper,,,True,13.78
451,MoveToLL,MoveToLL_moveToRetract_PickUpML_stick40_initlocstick40_robot1_gripper1_rppickup,movel,rppickup,,True,5957.88
452,MoveToLL,MoveToLL_moveToTarget_TravelML_robot1_rppickup_rpmanipulate_dup53,movej,rpmanipulate,,True,14960.49
453,MoveToLL,MoveToLL_moveToObjPosition_StackOnTwoML_stick40_robot1_finallocstick40_rpmanipulate_stick35_stick36_gripper1_layer8_layer9,planned,finallocstick40,,True,18298.16
454,MoveToLL,MoveToLL_moveToRobotPos_StackOnTwoML_stick40_robot1_finallocstick40_rpmanipulate_stick35_stick36_gripper1_layer8_layer9,movej,rpmanipulate,,True,10781.66
455,MoveToLL,MoveToLL_moveToTarget_TravelML_robot1_rpmanipulate_rppickup_dup50,movej,rppickup,,True,15013.75
456,MoveToLL,MoveToLL_moveToPickPosition_PickUpML_cube10_initloccube10_robot1_gripper1_rppickup,movel,initloccube10,,True,6300.72
457,CloseGripperLL,CloseGripperLL_closeGripper_PickUpML_cube10_initloccube10_robot1_gripper1_rppickup,close_gripper,,,True,0.92
458,MoveToLL,MoveToLL_moveToRetract_PickUpML_cube10_initloccube10_robot1_gripper1_rppickup,movel,rppickup,,True,5964.57
459,MoveToLL,MoveToLL_moveToTarget_TravelML_robot1_rppickup_rpmanipulate_dup54,movej,rpmanipulate,,True,15537.04
460,MoveToLL,MoveToLL_moveToObjPosition_StackML_cube10_stick41_robot1_gripper1_finalloccube10_rpmanipulate,planned,finalloccube10,,True,16725.37
461,MoveToLL,MoveToLL_moveToRobotPosition_StackML_cube10_stick41_robot1_gripper1_finalloccube10_rpmanipulate,movej,rpmanipulate,,True,11475.98
462,MoveToLL,MoveToLL_moveToTarget_TravelML_robot1_rpmanipulate_rppickup_dup51,movej,rppickup,,True,15083.26
463,MoveToLL,MoveToLL_moveToPickPosition_PickUpML_stick44_initlocstick44_robot1_gripper1_rppickup,movel,initlocstick44,,True,6299.86
464,CloseGripperLL,CloseGripperLL_closeGripper_PickUpML_stick44_initlocstick44_robot1_gripper1_rppickup,close_gripper,,,True,13.64
465,MoveToLL,MoveToLL_moveToRetract_PickUpML_stick44_initlocstick44_robot1_gripper1_rppickup,movel,rppickup,,True,5256.97
466,MoveToLL,MoveToLL_moveToTarget_TravelML_robot1_rppickup_rpmanipulate_dup55,movej,rpmanipulate,,True,15284.59
467,MoveToLL,MoveToLL_moveToObjPosition_StackOnTwoML_stick44_robot1_finallocstick44_rpmanipulate_stick40_stick39_gripper1_layer9_layer10,planned,finallocstick44,,True,19105.85
468,MoveToLL,MoveToLL_moveToRobotPos_StackOnTwoML_stick44_robot1_finallocstick44_rpmanipulate_stick40_stick39_gripper1_layer9_layer10,movej,rpmanipulate,,True,14983.58
469,MoveToLL,MoveToLL_moveToTarget_TravelML_robot1_rpmanipulate_rptoolchange_dup11,movej,rptoolchange,,True,11260.01
470,DeequipToolLL,DeequipToolLL_deequipTool_DeequipML_robot1_gripper1_equiplocgripper_rptoolchange_dup6,play_program,,,True,21086.72
471,EquipToolLL,EquipToolLL_equipTool_EquipeML_robot1_staplergun1_rptoolchange_equiplocstapler_dup6,play_program,,,True,10295.96
472,MoveToLL,MoveToLL_moveToTarget_TravelML_robot1_rptoolchange_rpmanipulate_dup6,movej,rpmanipulate,,True,10747.76
473,NailingLL,NailingLL_nailStep_NailingML_stick43_stick38_robot1_staplergun1_rpmanipulate,planned,unknown,,True,22334.77
474,NailingLL,NailingLL_nailStep_NailingML_stick43_stick39_robot1_staplergun1_rpmanipulate,planned,unknown,,True,9470.46
475,NailingLL,NailingLL_nailStep_NailingML_stick44_stick39_robot1_staplergun1_rpmanipulate,planned,unknown,,True,10961.69
476,NailingLL,NailingLL_nailStep_NailingML_stick44_stick40_robot1_staplergun1_rpmanipulate,planned,unknown,,True,6516.93
477,NailingLL,NailingLL_nailStep_NailingML_cube9_stick37_robot1_staplergun1_rpmanipulate,planned,unknown,,True,10325.22
478,NailingLL,NailingLL_nailStep_NailingML_cube10_stick41_robot1_staplergun1_rpmanipulate,planned,unknown,,True,12845.44
479,NailingLL,NailingLL_nailStep_NailingML_stick42_stick37_robot1_staplergun1_rpmanipulate,planned,unknown,,True,12195.38
480,NailingLL,NailingLL_nailStep_NailingML_stick42_stick38_robot1_staplergun1_rpmanipulate,planned,unknown,,True,7348.92
481,MoveToLL,MoveToLL_moveToTarget_TravelML_robot1_rpmanipulate_rptoolchange_dup12,movej,rptoolchange,,True,9331.39
482,DeequipToolLL,DeequipToolLL_deequipTool_DeequipML_robot1_staplergun1_equiplocstapler_rptoolchange_dup6,play_program,,,True,7283.12
483,EquipToolLL,EquipToolLL_equipTool_EquipeML_robot1_gripper1_rptoolchange_equiplocgripper_dup6,play_program,,,True,21113.88
484,MoveToLL,MoveToLL_moveToTarget_TravelML_robot1_rptoolchange_rppickup_dup6,movej,rppickup,,True,17770.65
485,MoveToLL,MoveToLL_moveToPickPosition_PickUpML_stick45_initlocstick45_robot1_gripper1_rppickup,movel,initlocstick45,,True,6328.80
486,CloseGripperLL,CloseGripperLL_closeGripper_PickUpML_stick45_initlocstick45_robot1_gripper1_rppickup,close_gripper,,,True,18.97
487,MoveToLL,MoveToLL_moveToRetract_PickUpML_stick45_initlocstick45_robot1_gripper1_rppickup,movel,rppickup,,True,5946.62
488,MoveToLL,MoveToLL_moveToTarget_TravelML_robot1_rppickup_rpmanipulate_dup56,movej,rpmanipulate,,True,15403.63
489,MoveToLL,MoveToLL_moveToObjPosition_StackOnTwoML_stick45_robot1_finallocstick45_rpmanipulate_stick41_stick40_gripper1_layer9_layer10,planned,finallocstick45,,True,19132.97
490,MoveToLL,MoveToLL_moveToRobotPos_StackOnTwoML_stick45_robot1_finallocstick45_rpmanipulate_stick41_stick40_gripper1_layer9_layer10,movej,rpmanipulate,,True,11467.37
491,MoveToLL,MoveToLL_moveToTarget_TravelML_robot1_rpmanipulate_rptoolchange_dup13,movej,rptoolchange,,True,10748.20
492,DeequipToolLL,DeequipToolLL_deequipTool_DeequipML_robot1_gripper1_equiplocgripper_rptoolchange_dup7,play_program,,,True,21189.73
493,EquipToolLL,EquipToolLL_equipTool_EquipeML_robot1_staplergun1_rptoolchange_equiplocstapler_dup7,play_program,,,True,10420.06
494,MoveToLL,MoveToLL_moveToTarget_TravelML_robot1_rptoolchange_rpmanipulate_dup7,movej,rpmanipulate,,True,11348.85
495,NailingLL,NailingLL_nailStep_NailingML_stick45_stick40_robot1_staplergun1_rpmanipulate,planned,unknown,,True,26339.00
496,NailingLL,NailingLL_nailStep_NailingML_stick45_stick41_robot1_staplergun1_rpmanipulate,planned,unknown,,True,9790.69
497,MoveToLL,MoveToLL_moveToTarget_TravelML_robot1_rpmanipulate_rptoolchange_dup14,movej,rptoolchange,,True,14386.81
498,DeequipToolLL,DeequipToolLL_deequipTool_DeequipML_robot1_staplergun1_equiplocstapler_rptoolchange_dup7,play_program,,,True,7211.82
499,EquipToolLL,EquipToolLL_equipTool_EquipeML_robot1_gripper1_rptoolchange_equiplocgripper_dup7,play_program,,,True,20752.28
500,MoveToLL,MoveToLL_moveToTarget_TravelML_robot1_rptoolchange_rppickup_dup7,movej,rppickup,,True,17889.44
501,MoveToLL,MoveToLL_moveToPickPosition_PickUpML_stick47_initlocstick47_robot1_gripper1_rppickup,movel,initlocstick47,,True,6293.36
502,CloseGripperLL,CloseGripperLL_closeGripper_PickUpML_stick47_initlocstick47_robot1_gripper1_rppickup,close_gripper,,,True,10.66
503,MoveToLL,MoveToLL_moveToRetract_PickUpML_stick47_initlocstick47_robot1_gripper1_rppickup,movel,rppickup,,True,5239.41
504,MoveToLL,MoveToLL_moveToTarget_TravelML_robot1_rppickup_rpmanipulate_dup57,movej,rpmanipulate,,True,15389.12
505,MoveToLL,MoveToLL_moveToObjPosition_StackOnTwoML_stick47_robot1_finallocstick47_rpmanipulate_stick42_stick43_gripper1_layer10_layer11,planned,finallocstick47,,True,17507.02
506,MoveToLL,MoveToLL_moveToRobotPos_StackOnTwoML_stick47_robot1_finallocstick47_rpmanipulate_stick42_stick43_gripper1_layer10_layer11,movej,rpmanipulate,,True,10778.72
507,MoveToLL,MoveToLL_moveToTarget_TravelML_robot1_rpmanipulate_rppickup_dup52,movej,rppickup,,True,15022.21
508,MoveToLL,MoveToLL_moveToPickPosition_PickUpML_stick46_initlocstick46_robot1_gripper1_rppickup,movel,initlocstick46,,True,6275.77
509,CloseGripperLL,CloseGripperLL_closeGripper_PickUpML_stick46_initlocstick46_robot1_gripper1_rppickup,close_gripper,,,True,25.76
510,MoveToLL,MoveToLL_moveToRetract_PickUpML_stick46_initlocstick46_robot1_gripper1_rppickup,movel,rppickup,,True,5828.49
511,MoveToLL,MoveToLL_moveToTarget_TravelML_robot1_rppickup_rpmanipulate_dup58,movej,rpmanipulate,,True,15390.64
512,MoveToLL,MoveToLL_moveToObjPosition_StackOnTwoML_stick46_robot1_finallocstick46_rpmanipulate_cube9_stick42_gripper1_layer10_layer11,planned,finallocstick46,,True,20702.84
513,MoveToLL,MoveToLL_moveToRobotPos_StackOnTwoML_stick46_robot1_finallocstick46_rpmanipulate_cube9_stick42_gripper1_layer10_layer11,movej,rpmanipulate,,True,21303.47
514,MoveToLL,MoveToLL_moveToTarget_TravelML_robot1_rpmanipulate_rppickup_dup53,movej,rppickup,,True,14961.47
515,MoveToLL,MoveToLL_moveToPickPosition_PickUpML_stick48_initlocstick48_robot1_gripper1_rppickup,movel,initlocstick48,,True,6329.28
516,CloseGripperLL,CloseGripperLL_closeGripper_PickUpML_stick48_initlocstick48_robot1_gripper1_rppickup,close_gripper,,,True,13.35
517,MoveToLL,MoveToLL_moveToRetract_PickUpML_stick48_initlocstick48_robot1_gripper1_rppickup,movel,rppickup,,True,5960.10
518,MoveToLL,MoveToLL_moveToTarget_TravelML_robot1_rppickup_rpmanipulate_dup59,movej,rpmanipulate,,True,15398.48
519,MoveToLL,MoveToLL_moveToObjPosition_StackOnTwoML_stick48_robot1_finallocstick48_rpmanipulate_stick43_stick44_gripper1_layer10_layer11,planned,finallocstick48,,True,14307.25
520,MoveToLL,MoveToLL_moveToRobotPos_StackOnTwoML_stick48_robot1_finallocstick48_rpmanipulate_stick43_stick44_gripper1_layer10_layer11,movej,rpmanipulate,,True,9361.14
521,MoveToLL,MoveToLL_moveToTarget_TravelML_robot1_rpmanipulate_rppickup_dup54,movej,rppickup,,True,14958.69
522,MoveToLL,MoveToLL_moveToPickPosition_PickUpML_stick51_initlocstick51_robot1_gripper1_rppickup,movel,initlocstick51,,True,6304.57
523,CloseGripperLL,CloseGripperLL_closeGripper_PickUpML_stick51_initlocstick51_robot1_gripper1_rppickup,close_gripper,,,True,13.38
524,MoveToLL,MoveToLL_moveToRetract_PickUpML_stick51_initlocstick51_robot1_gripper1_rppickup,movel,rppickup,,True,5943.53
525,MoveToLL,MoveToLL_moveToTarget_TravelML_robot1_rppickup_rpmanipulate_dup60,movej,rpmanipulate,,True,15421.36
526,MoveToLL,MoveToLL_moveToObjPosition_StackOnTwoML_stick51_robot1_finallocstick51_rpmanipulate_stick47_stick46_gripper1_layer11_layer12,planned,finallocstick51,,True,17525.65
527,MoveToLL,MoveToLL_moveToRobotPos_StackOnTwoML_stick51_robot1_finallocstick51_rpmanipulate_stick47_stick46_gripper1_layer11_layer12,movej,rpmanipulate,,True,15670.54
528,MoveToLL,MoveToLL_moveToTarget_TravelML_robot1_rpmanipulate_rppickup_dup55,movej,rppickup,,True,15004.66
529,MoveToLL,MoveToLL_moveToPickPosition_PickUpML_cube11_initloccube11_robot1_gripper1_rppickup,movel,initloccube11,,True,6262.26
530,CloseGripperLL,CloseGripperLL_closeGripper_PickUpML_cube11_initloccube11_robot1_gripper1_rppickup,close_gripper,,,True,12.83
531,MoveToLL,MoveToLL_moveToRetract_PickUpML_cube11_initloccube11_robot1_gripper1_rppickup,movel,rppickup,,True,5940.71
532,MoveToLL,MoveToLL_moveToTarget_TravelML_robot1_rppickup_rpmanipulate_dup61,movej,rpmanipulate,,True,14984.86
533,MoveToLL,MoveToLL_moveToObjPosition_StackML_cube11_stick46_robot1_gripper1_finalloccube11_rpmanipulate,planned,finalloccube11,,True,16696.70
534,MoveToLL,MoveToLL_moveToRobotPosition_StackML_cube11_stick46_robot1_gripper1_finalloccube11_rpmanipulate,movej,rpmanipulate,,True,11486.28
535,MoveToLL,MoveToLL_moveToTarget_TravelML_robot1_rpmanipulate_rppickup_dup56,movej,rppickup,,True,15013.22
536,MoveToLL,MoveToLL_moveToPickPosition_PickUpML_stick52_initlocstick52_robot1_gripper1_rppickup,movel,initlocstick52,,True,6303.72
537,CloseGripperLL,CloseGripperLL_closeGripper_PickUpML_stick52_initlocstick52_robot1_gripper1_rppickup,close_gripper,,,True,0.87
538,MoveToLL,MoveToLL_moveToRetract_PickUpML_stick52_initlocstick52_robot1_gripper1_rppickup,movel,rppickup,,True,5258.17
539,MoveToLL,MoveToLL_moveToTarget_TravelML_robot1_rppickup_rpmanipulate_dup62,movej,rpmanipulate,,True,15520.58
540,MoveToLL,MoveToLL_moveToObjPosition_StackOnTwoML_stick52_robot1_finallocstick52_rpmanipulate_stick47_stick48_gripper1_layer11_layer12,planned,finallocstick52,,True,14308.02
541,MoveToLL,MoveToLL_moveToRobotPos_StackOnTwoML_stick52_robot1_finallocstick52_rpmanipulate_stick47_stick48_gripper1_layer11_layer12,movej,rpmanipulate,,True,8514.90
542,MoveToLL,MoveToLL_moveToTarget_TravelML_robot1_rpmanipulate_rppickup_dup57,movej,rppickup,,True,14969.04
543,MoveToLL,MoveToLL_moveToPickPosition_PickUpML_stick50_initlocstick50_robot1_gripper1_rppickup,movel,initlocstick50,,True,6304.53
544,CloseGripperLL,CloseGripperLL_closeGripper_PickUpML_stick50_initlocstick50_robot1_gripper1_rppickup,close_gripper,,,True,14.00
545,MoveToLL,MoveToLL_moveToRetract_PickUpML_stick50_initlocstick50_robot1_gripper1_rppickup,movel,rppickup,,True,5944.90
546,MoveToLL,MoveToLL_moveToTarget_TravelML_robot1_rppickup_rpmanipulate_dup63,movej,rpmanipulate,,True,15516.18
547,MoveToLL,MoveToLL_moveToObjPosition_StackOnTwoML_stick50_robot1_finallocstick50_rpmanipulate_cube10_stick45_gripper1_layer10_layer11,planned,finallocstick50,,True,19117.48
548,MoveToLL,MoveToLL_moveToRobotPos_StackOnTwoML_stick50_robot1_finallocstick50_rpmanipulate_cube10_stick45_gripper1_layer10_layer11,movej,rpmanipulate,,True,11475.87
549,MoveToLL,MoveToLL_moveToTarget_TravelML_robot1_rpmanipulate_rppickup_dup58,movej,rppickup,,True,15506.44
550,MoveToLL,MoveToLL_moveToPickPosition_PickUpML_stick49_initlocstick49_robot1_gripper1_rppickup,movel,initlocstick49,,True,6287.82
551,CloseGripperLL,CloseGripperLL_closeGripper_PickUpML_stick49_initlocstick49_robot1_gripper1_rppickup,close_gripper,,,True,18.60
552,MoveToLL,MoveToLL_moveToRetract_PickUpML_stick49_initlocstick49_robot1_gripper1_rppickup,movel,rppickup,,True,5236.61
553,MoveToLL,MoveToLL_moveToTarget_TravelML_robot1_rppickup_rpmanipulate_dup64,movej,rpmanipulate,,True,15345.66
554,MoveToLL,MoveToLL_moveToObjPosition_StackOnTwoML_stick49_robot1_finallocstick49_rpmanipulate_stick44_stick45_gripper1_layer10_layer11,planned,finallocstick49,,True,18313.82
555,MoveToLL,MoveToLL_moveToRobotPos_StackOnTwoML_stick49_robot1_finallocstick49_rpmanipulate_stick44_stick45_gripper1_layer10_layer11,movej,rpmanipulate,,True,10777.70
556,MoveToLL,MoveToLL_moveToTarget_TravelML_robot1_rpmanipulate_rppickup_dup59,movej,rppickup,,True,15055.38
557,MoveToLL,MoveToLL_moveToPickPosition_PickUpML_cube12_initloccube12_robot1_gripper1_rppickup,movel,initloccube12,,True,6269.46
558,CloseGripperLL,CloseGripperLL_closeGripper_PickUpML_cube12_initloccube12_robot1_gripper1_rppickup,close_gripper,,,True,26.75
559,MoveToLL,MoveToLL_moveToRetract_PickUpML_cube12_initloccube12_robot1_gripper1_rppickup,movel,rppickup,,True,5896.67
560,MoveToLL,MoveToLL_moveToTarget_TravelML_robot1_rppickup_rpmanipulate_dup65,movej,rpmanipulate,,True,14958.87
561,MoveToLL,MoveToLL_moveToObjPosition_StackML_cube12_stick50_robot1_gripper1_finalloccube12_rpmanipulate,planned,finalloccube12,,True,18325.48
562,MoveToLL,MoveToLL_moveToRobotPosition_StackML_cube12_stick50_robot1_gripper1_finalloccube12_rpmanipulate,movej,rpmanipulate,,True,11465.02
563,MoveToLL,MoveToLL_moveToTarget_TravelML_robot1_rpmanipulate_rppickup_dup60,movej,rppickup,,True,15180.63
564,MoveToLL,MoveToLL_moveToPickPosition_PickUpML_stick53_initlocstick53_robot1_gripper1_rppickup,movel,initlocstick53,,True,6299.46
565,CloseGripperLL,CloseGripperLL_closeGripper_PickUpML_stick53_initlocstick53_robot1_gripper1_rppickup,close_gripper,,,True,13.57
566,MoveToLL,MoveToLL_moveToRetract_PickUpML_stick53_initlocstick53_robot1_gripper1_rppickup,movel,rppickup,,True,5966.17
567,MoveToLL,MoveToLL_moveToTarget_TravelML_robot1_rppickup_rpmanipulate_dup66,movej,rpmanipulate,,True,15290.32
568,MoveToLL,MoveToLL_moveToObjPosition_StackOnTwoML_stick53_robot1_finallocstick53_rpmanipulate_stick49_stick48_gripper1_layer11_layer12,planned,finallocstick53,,True,18321.37
569,MoveToLL,MoveToLL_moveToRobotPos_StackOnTwoML_stick53_robot1_finallocstick53_rpmanipulate_stick49_stick48_gripper1_layer11_layer12,movej,rpmanipulate,,True,14986.02
570,MoveToLL,MoveToLL_moveToTarget_TravelML_robot1_rpmanipulate_rppickup_dup61,movej,rppickup,,True,14948.85
571,MoveToLL,MoveToLL_moveToPickPosition_PickUpML_stick54_initlocstick54_robot1_gripper1_rppickup,movel,initlocstick54,,True,6316.25
572,CloseGripperLL,CloseGripperLL_closeGripper_PickUpML_stick54_initlocstick54_robot1_gripper1_rppickup,close_gripper,,,True,1.50
573,MoveToLL,MoveToLL_moveToRetract_PickUpML_stick54_initlocstick54_robot1_gripper1_rppickup,movel,rppickup,,True,5965.62
574,MoveToLL,MoveToLL_moveToTarget_TravelML_robot1_rppickup_rpmanipulate_dup67,movej,rpmanipulate,,True,15414.49
575,MoveToLL,MoveToLL_moveToObjPosition_StackOnTwoML_stick54_robot1_finallocstick54_rpmanipulate_stick50_stick49_gripper1_layer11_layer12,planned,finallocstick54,,True,19070.10
576,MoveToLL,MoveToLL_moveToRobotPos_StackOnTwoML_stick54_robot1_finallocstick54_rpmanipulate_stick50_stick49_gripper1_layer11_layer12,movej,rpmanipulate,,True,11478.83
577,MoveToLL,MoveToLL_moveToTarget_TravelML_robot1_rpmanipulate_rptoolchange_dup15,movej,rptoolchange,,True,11239.72
578,DeequipToolLL,DeequipToolLL_deequipTool_DeequipML_robot1_gripper1_equiplocgripper_rptoolchange_dup8,play_program,,,True,21225.45
579,EquipToolLL,EquipToolLL_equipTool_EquipeML_robot1_staplergun1_rptoolchange_equiplocstapler_dup8,play_program,,,True,10341.49
580,MoveToLL,MoveToLL_moveToTarget_TravelML_robot1_rptoolchange_rpmanipulate_dup8,movej,rpmanipulate,,True,11029.99
581,NailingLL,NailingLL_nailStep_NailingML_cube11_stick46_robot1_staplergun1_rpmanipulate,planned,unknown,,True,27933.27
582,NailingLL,NailingLL_nailStep_NailingML_cube12_stick50_robot1_staplergun1_rpmanipulate,planned,unknown,,True,11414.91
583,NailingLL,NailingLL_nailStep_NailingML_stick51_stick46_robot1_staplergun1_rpmanipulate,planned,unknown,,True,9631.65
584,NailingLL,NailingLL_nailStep_NailingML_stick51_stick47_robot1_staplergun1_rpmanipulate,planned,unknown,,True,15248.28
585,NailingLL,NailingLL_nailStep_NailingML_stick52_stick47_robot1_staplergun1_rpmanipulate,planned,unknown,,True,12894.52
586,NailingLL,NailingLL_nailStep_NailingML_stick52_stick48_robot1_staplergun1_rpmanipulate,planned,unknown,,True,14552.72
587,NailingLL,NailingLL_nailStep_NailingML_stick53_stick48_robot1_staplergun1_rpmanipulate,planned,unknown,,True,12943.94
588,NailingLL,NailingLL_nailStep_NailingML_stick53_stick49_robot1_staplergun1_rpmanipulate,planned,unknown,,True,11283.10
589,NailingLL,NailingLL_nailStep_NailingML_stick54_stick49_robot1_staplergun1_rpmanipulate,planned,unknown,,True,8696.92
590,NailingLL,NailingLL_nailStep_NailingML_stick54_stick50_robot1_staplergun1_rpmanipulate,planned,unknown,,True,12057.03
591,MoveToLL,MoveToLL_moveToTarget_TravelML_robot1_rpmanipulate_rptoolchange_dup16,movej,rptoolchange,,True,13724.20
592,DeequipToolLL,DeequipToolLL_deequipTool_DeequipML_robot1_staplergun1_equiplocstapler_rptoolchange_dup8,play_program,,,True,7308.27
593,EquipToolLL,EquipToolLL_equipTool_EquipeML_robot1_gripper1_rptoolchange_equiplocgripper_dup8,play_program,,,True,21187.79
594,MoveToLL,MoveToLL_moveToTarget_TravelML_robot1_rptoolchange_rppickup_dup8,movej,rppickup,,True,18111.56
595,MoveToLL,MoveToLL_moveToPickPosition_PickUpML_stick56_initlocstick56_robot1_gripper1_rppickup,movel,initlocstick56,,True,6294.42
596,CloseGripperLL,CloseGripperLL_closeGripper_PickUpML_stick56_initlocstick56_robot1_gripper1_rppickup,close_gripper,,,True,17.66
597,MoveToLL,MoveToLL_moveToRetract_PickUpML_stick56_initlocstick56_robot1_gripper1_rppickup,movel,rppickup,,True,5247.32
598,MoveToLL,MoveToLL_moveToTarget_TravelML_robot1_rppickup_rpmanipulate_dup68,movej,rpmanipulate,,True,15506.02
599,MoveToLL,MoveToLL_moveToObjPosition_StackOnTwoML_stick56_robot1_finallocstick56_rpmanipulate_stick51_stick52_gripper1_layer12_layer13,planned,finallocstick56,,True,17528.04
600,MoveToLL,MoveToLL_moveToRobotPos_StackOnTwoML_stick56_robot1_finallocstick56_rpmanipulate_stick51_stick52_gripper1_layer12_layer13,movej,rpmanipulate,,True,10073.30
601,MoveToLL,MoveToLL_moveToTarget_TravelML_robot1_rpmanipulate_rppickup_dup62,movej,rppickup,,True,15530.58
602,MoveToLL,MoveToLL_moveToPickPosition_PickUpML_stick55_initlocstick55_robot1_gripper1_rppickup,movel,initlocstick55,,True,6271.71
603,CloseGripperLL,CloseGripperLL_closeGripper_PickUpML_stick55_initlocstick55_robot1_gripper1_rppickup,close_gripper,,,True,1.02
604,MoveToLL,MoveToLL_moveToRetract_PickUpML_stick55_initlocstick55_robot1_gripper1_rppickup,movel,rppickup,,True,5949.69
605,MoveToLL,MoveToLL_moveToTarget_TravelML_robot1_rppickup_rpmanipulate_dup69,movej,rpmanipulate,,True,15549.41
606,MoveToLL,MoveToLL_moveToObjPosition_StackOnTwoML_stick55_robot1_finallocstick55_rpmanipulate_cube11_stick51_gripper1_layer12_layer13,planned,finallocstick55,,True,22321.74
607,MoveToLL,MoveToLL_moveToRobotPos_StackOnTwoML_stick55_robot1_finallocstick55_rpmanipulate_cube11_stick51_gripper1_layer12_layer13,movej,rpmanipulate,,True,20603.99
608,MoveToLL,MoveToLL_moveToTarget_TravelML_robot1_rpmanipulate_rppickup_dup63,movej,rppickup,,True,14951.10
609,MoveToLL,MoveToLL_moveToPickPosition_PickUpML_stick59_initlocstick59_robot1_gripper1_rppickup,movel,initlocstick59,,True,6304.48
610,CloseGripperLL,CloseGripperLL_closeGripper_PickUpML_stick59_initlocstick59_robot1_gripper1_rppickup,close_gripper,,,True,1.03
611,MoveToLL,MoveToLL_moveToRetract_PickUpML_stick59_initlocstick59_robot1_gripper1_rppickup,movel,rppickup,,True,5954.94
612,MoveToLL,MoveToLL_moveToTarget_TravelML_robot1_rppickup_rpmanipulate_dup70,movej,rpmanipulate,,True,14960.35
613,MoveToLL,MoveToLL_moveToObjPosition_StackOnTwoML_stick59_robot1_finallocstick59_rpmanipulate_cube12_stick54_gripper1_layer12_layer13,planned,finallocstick59,,True,19103.71
614,MoveToLL,MoveToLL_moveToRobotPos_StackOnTwoML_stick59_robot1_finallocstick59_rpmanipulate_cube12_stick54_gripper1_layer12_layer13,movej,rpmanipulate,,True,11481.60
615,MoveToLL,MoveToLL_moveToTarget_TravelML_robot1_rpmanipulate_rppickup_dup64,movej,rppickup,,True,14949.24
616,MoveToLL,MoveToLL_moveToPickPosition_PickUpML_stick60_initlocstick60_robot1_gripper1_rppickup,movel,initlocstick60,,True,6308.66
617,CloseGripperLL,CloseGripperLL_closeGripper_PickUpML_stick60_initlocstick60_robot1_gripper1_rppickup,close_gripper,,,True,26.06
618,MoveToLL,MoveToLL_moveToRetract_PickUpML_stick60_initlocstick60_robot1_gripper1_rppickup,movel,rppickup,,True,5912.02
619,MoveToLL,MoveToLL_moveToTarget_TravelML_robot1_rppickup_rpmanipulate_dup71,movej,rpmanipulate,,True,15481.90
620,MoveToLL,MoveToLL_moveToObjPosition_StackOnTwoML_stick60_robot1_finallocstick60_rpmanipulate_stick56_stick55_gripper1_layer13_layer14,planned,finallocstick60,,True,19092.24
621,MoveToLL,MoveToLL_moveToRobotPos_StackOnTwoML_stick60_robot1_finallocstick60_rpmanipulate_stick56_stick55_gripper1_layer13_layer14,movej,rpmanipulate,,True,15665.71
622,MoveToLL,MoveToLL_moveToTarget_TravelML_robot1_rpmanipulate_rppickup_dup65,movej,rppickup,,True,15350.64
623,MoveToLL,MoveToLL_moveToPickPosition_PickUpML_stick57_initlocstick57_robot1_gripper1_rppickup,movel,initlocstick57,,True,6267.74
624,CloseGripperLL,CloseGripperLL_closeGripper_PickUpML_stick57_initlocstick57_robot1_gripper1_rppickup,close_gripper,,,True,17.60
625,MoveToLL,MoveToLL_moveToRetract_PickUpML_stick57_initlocstick57_robot1_gripper1_rppickup,movel,rppickup,,True,5239.22
626,MoveToLL,MoveToLL_moveToTarget_TravelML_robot1_rppickup_rpmanipulate_dup72,movej,rpmanipulate,,True,15524.18
627,MoveToLL,MoveToLL_moveToObjPosition_StackOnTwoML_stick57_robot1_finallocstick57_rpmanipulate_stick52_stick53_gripper1_layer12_layer13,planned,finallocstick57,,True,16698.12
628,MoveToLL,MoveToLL_moveToRobotPos_StackOnTwoML_stick57_robot1_finallocstick57_rpmanipulate_stick52_stick53_gripper1_layer12_layer13,movej,rpmanipulate,,True,9362.62
629,MoveToLL,MoveToLL_moveToTarget_TravelML_robot1_rpmanipulate_rppickup_dup66,movej,rppickup,,True,15519.53
630,MoveToLL,MoveToLL_moveToPickPosition_PickUpML_stick58_initlocstick58_robot1_gripper1_rppickup,movel,initlocstick58,,True,6295.84
631,CloseGripperLL,CloseGripperLL_closeGripper_PickUpML_stick58_initlocstick58_robot1_gripper1_rppickup,close_gripper,,,True,13.13
632,MoveToLL,MoveToLL_moveToRetract_PickUpML_stick58_initlocstick58_robot1_gripper1_rppickup,movel,rppickup,,True,5935.76
633,MoveToLL,MoveToLL_moveToTarget_TravelML_robot1_rppickup_rpmanipulate_dup73,movej,rpmanipulate,,True,15487.91
634,MoveToLL,MoveToLL_moveToObjPosition_StackOnTwoML_stick58_robot1_finallocstick58_rpmanipulate_stick53_stick54_gripper1_layer12_layer13,planned,finallocstick58,,True,18294.23
635,MoveToLL,MoveToLL_moveToRobotPos_StackOnTwoML_stick58_robot1_finallocstick58_rpmanipulate_stick53_stick54_gripper1_layer12_layer13,movej,rpmanipulate,,True,10742.58
636,MoveToLL,MoveToLL_moveToTarget_TravelML_robot1_rpmanipulate_rppickup_dup67,movej,rppickup,,True,15036.18
637,MoveToLL,MoveToLL_moveToPickPosition_PickUpML_stick62_initlocstick62_robot1_gripper1_rppickup,movel,initlocstick62,,True,6275.14
638,CloseGripperLL,CloseGripperLL_closeGripper_PickUpML_stick62_initlocstick62_robot1_gripper1_rppickup,close_gripper,,,True,1.34
639,MoveToLL,MoveToLL_moveToRetract_PickUpML_stick62_initlocstick62_robot1_gripper1_rppickup,movel,rppickup,,True,5952.33
640,MoveToLL,MoveToLL_moveToTarget_TravelML_robot1_rppickup_rpmanipulate_dup74,movej,rpmanipulate,,True,15392.54
641,MoveToLL,MoveToLL_moveToObjPosition_StackOnTwoML_stick62_robot1_finallocstick62_rpmanipulate_stick58_stick57_gripper1_layer13_layer14,planned,finallocstick62,,True,18267.53
642,MoveToLL,MoveToLL_moveToRobotPos_StackOnTwoML_stick62_robot1_finallocstick62_rpmanipulate_stick58_stick57_gripper1_layer13_layer14,movej,rpmanipulate,,True,14272.27
643,MoveToLL,MoveToLL_moveToTarget_TravelML_robot1_rpmanipulate_rppickup_dup68,movej,rppickup,,True,14959.19
644,MoveToLL,MoveToLL_moveToPickPosition_PickUpML_stick61_initlocstick61_robot1_gripper1_rppickup,movel,initlocstick61,,True,6273.60
645,CloseGripperLL,CloseGripperLL_closeGripper_PickUpML_stick61_initlocstick61_robot1_gripper1_rppickup,close_gripper,,,True,12.05
646,MoveToLL,MoveToLL_moveToRetract_PickUpML_stick61_initlocstick61_robot1_gripper1_rppickup,movel,rppickup,,True,5914.74
647,MoveToLL,MoveToLL_moveToTarget_TravelML_robot1_rppickup_rpmanipulate_dup75,movej,rpmanipulate,,True,15399.32
648,MoveToLL,MoveToLL_moveToObjPosition_StackOnTwoML_stick61_robot1_finallocstick61_rpmanipulate_stick56_stick57_gripper1_layer13_layer14,planned,finallocstick61,,True,13526.41
649,MoveToLL,MoveToLL_moveToRobotPos_StackOnTwoML_stick61_robot1_finallocstick61_rpmanipulate_stick56_stick57_gripper1_layer13_layer14,movej,rpmanipulate,,True,8664.55
650,MoveToLL,MoveToLL_moveToTarget_TravelML_robot1_rpmanipulate_rppickup_dup69,movej,rppickup,,True,15400.89
651,MoveToLL,MoveToLL_moveToPickPosition_PickUpML_cube14_initloccube14_robot1_gripper1_rppickup,movel,initloccube14,,True,6278.65
652,CloseGripperLL,CloseGripperLL_closeGripper_PickUpML_cube14_initloccube14_robot1_gripper1_rppickup,close_gripper,,,True,13.54
653,MoveToLL,MoveToLL_moveToRetract_PickUpML_cube14_initloccube14_robot1_gripper1_rppickup,movel,rppickup,,True,5917.85
654,MoveToLL,MoveToLL_moveToTarget_TravelML_robot1_rppickup_rpmanipulate_dup76,movej,rpmanipulate,,True,15318.42
655,MoveToLL,MoveToLL_moveToObjPosition_StackML_cube14_stick59_robot1_gripper1_finalloccube14_rpmanipulate,planned,finalloccube14,,True,18316.81
656,MoveToLL,MoveToLL_moveToRobotPosition_StackML_cube14_stick59_robot1_gripper1_finalloccube14_rpmanipulate,movej,rpmanipulate,,True,10778.28
657,MoveToLL,MoveToLL_moveToTarget_TravelML_robot1_rpmanipulate_rppickup_dup70,movej,rppickup,,True,15545.37
658,MoveToLL,MoveToLL_moveToPickPosition_PickUpML_cube13_initloccube13_robot1_gripper1_rppickup,movel,initloccube13,,True,6280.93
659,CloseGripperLL,CloseGripperLL_closeGripper_PickUpML_cube13_initloccube13_robot1_gripper1_rppickup,close_gripper,,,True,18.01
660,MoveToLL,MoveToLL_moveToRetract_PickUpML_cube13_initloccube13_robot1_gripper1_rppickup,movel,rppickup,,True,5953.59
661,MoveToLL,MoveToLL_moveToTarget_TravelML_robot1_rppickup_rpmanipulate_dup77,movej,rpmanipulate,,True,15531.82
662,MoveToLL,MoveToLL_moveToObjPosition_StackML_cube13_stick55_robot1_gripper1_finalloccube13_rpmanipulate,planned,finalloccube13,,True,19101.10
663,MoveToLL,MoveToLL_moveToRobotPosition_StackML_cube13_stick55_robot1_gripper1_finalloccube13_rpmanipulate,movej,rpmanipulate,,True,11475.77
664,MoveToLL,MoveToLL_moveToTarget_TravelML_robot1_rpmanipulate_rppickup_dup71,movej,rppickup,,True,15542.23
665,MoveToLL,MoveToLL_moveToPickPosition_PickUpML_stick63_initlocstick63_robot1_gripper1_rppickup,movel,initlocstick63,,True,6311.28
666,CloseGripperLL,CloseGripperLL_closeGripper_PickUpML_stick63_initlocstick63_robot1_gripper1_rppickup,close_gripper,,,True,13.13
667,MoveToLL,MoveToLL_moveToRetract_PickUpML_stick63_initlocstick63_robot1_gripper1_rppickup,movel,rppickup,,True,5916.16
668,MoveToLL,MoveToLL_moveToTarget_TravelML_robot1_rppickup_rpmanipulate_dup78,movej,rpmanipulate,,True,15274.24
669,MoveToLL,MoveToLL_moveToObjPosition_StackOnTwoML_stick63_robot1_finallocstick63_rpmanipulate_stick59_stick58_gripper1_layer13_layer14,planned,finallocstick63,,True,16685.84
670,MoveToLL,MoveToLL_moveToRobotPos_StackOnTwoML_stick63_robot1_finallocstick63_rpmanipulate_stick59_stick58_gripper1_layer13_layer14,movej,rpmanipulate,,True,11474.23
671,MoveToLL,MoveToLL_moveToTarget_TravelML_robot1_rpmanipulate_rptoolchange_dup17,movej,rptoolchange,,True,11278.43
672,DeequipToolLL,DeequipToolLL_deequipTool_DeequipML_robot1_gripper1_equiplocgripper_rptoolchange_dup9,play_program,,,True,21136.57
673,EquipToolLL,EquipToolLL_equipTool_EquipeML_robot1_staplergun1_rptoolchange_equiplocstapler_dup9,play_program,,,True,10325.51
674,MoveToLL,MoveToLL_moveToTarget_TravelML_robot1_rptoolchange_rpmanipulate_dup9,movej,rpmanipulate,,True,11162.67
675,NailingLL,NailingLL_nailStep_NailingML_cube13_stick55_robot1_staplergun1_rpmanipulate,planned,unknown,,True,21525.47
676,NailingLL,NailingLL_nailStep_NailingML_cube14_stick59_robot1_staplergun1_rpmanipulate,planned,unknown,,True,13782.42
677,NailingLL,NailingLL_nailStep_NailingML_stick60_stick55_robot1_staplergun1_rpmanipulate,planned,unknown,,True,11291.51
678,NailingLL,NailingLL_nailStep_NailingML_stick60_stick56_robot1_staplergun1_rpmanipulate,planned,unknown,,True,6576.90
679,NailingLL,NailingLL_nailStep_NailingML_stick61_stick56_robot1_staplergun1_rpmanipulate,planned,unknown,,True,8956.09
680,NailingLL,NailingLL_nailStep_NailingML_stick61_stick57_robot1_staplergun1_rpmanipulate,planned,unknown,,True,13453.43
681,NailingLL,NailingLL_nailStep_NailingML_stick62_stick57_robot1_staplergun1_rpmanipulate,planned,unknown,,True,14421.26
682,NailingLL,NailingLL_nailStep_NailingML_stick62_stick58_robot1_staplergun1_rpmanipulate,planned,unknown,,True,8984.57
683,NailingLL,NailingLL_nailStep_NailingML_stick63_stick58_robot1_staplergun1_rpmanipulate,planned,unknown,,True,8162.86
684,NailingLL,NailingLL_nailStep_NailingML_stick63_stick59_robot1_staplergun1_rpmanipulate,planned,unknown,,True,13731.00
685,MoveToLL,MoveToLL_moveToTarget_TravelML_robot1_rpmanipulate_rptoolchange_dup18,movej,rptoolchange,,True,13671.66
686,DeequipToolLL,DeequipToolLL_deequipTool_DeequipML_robot1_staplergun1_equiplocstapler_rptoolchange_dup9,play_program,,,True,7213.32
687,EquipToolLL,EquipToolLL_equipTool_EquipeML_robot1_gripper1_rptoolchange_equiplocgripper_dup9,play_program,,,True,20717.48
688,MoveToLL,MoveToLL_moveToTarget_TravelML_robot1_rptoolchange_rppickup_dup9,movej,rppickup,,True,17769.59
689,MoveToLL,MoveToLL_moveToPickPosition_PickUpML_stick65_initlocstick65_robot1_gripper1_rppickup,movel,initlocstick65,,True,6303.97
690,CloseGripperLL,CloseGripperLL_closeGripper_PickUpML_stick65_initlocstick65_robot1_gripper1_rppickup,close_gripper,,,True,8.16
691,MoveToLL,MoveToLL_moveToRetract_PickUpML_stick65_initlocstick65_robot1_gripper1_rppickup,movel,rppickup,,True,5944.81
692,MoveToLL,MoveToLL_moveToTarget_TravelML_robot1_rppickup_rpmanipulate_dup79,movej,rpmanipulate,,True,15250.40
693,MoveToLL,MoveToLL_moveToObjPosition_StackOnTwoML_stick65_robot1_finallocstick65_rpmanipulate_stick61_stick60_gripper1_layer14_layer15,planned,finallocstick65,,True,16680.49
694,MoveToLL,MoveToLL_moveToRobotPos_StackOnTwoML_stick65_robot1_finallocstick65_rpmanipulate_stick61_stick60_gripper1_layer14_layer15,movej,rpmanipulate,,True,9351.95
695,MoveToLL,MoveToLL_moveToTarget_TravelML_robot1_rpmanipulate_rppickup_dup72,movej,rppickup,,True,15073.39
696,MoveToLL,MoveToLL_moveToPickPosition_PickUpML_stick64_initlocstick64_robot1_gripper1_rppickup,movel,initlocstick64,,True,6281.47
697,CloseGripperLL,CloseGripperLL_closeGripper_PickUpML_stick64_initlocstick64_robot1_gripper1_rppickup,close_gripper,,,True,0.92
698,MoveToLL,MoveToLL_moveToRetract_PickUpML_stick64_initlocstick64_robot1_gripper1_rppickup,movel,rppickup,,True,5958.21
699,MoveToLL,MoveToLL_moveToTarget_TravelML_robot1_rppickup_rpmanipulate_dup80,movej,rpmanipulate,,True,15054.40
700,MoveToLL,MoveToLL_moveToObjPosition_StackOnTwoML_stick64_robot1_finallocstick64_rpmanipulate_cube13_stick60_gripper1_layer14_layer15,planned,finallocstick64,,True,22282.88
701,MoveToLL,MoveToLL_moveToRobotPos_StackOnTwoML_stick64_robot1_finallocstick64_rpmanipulate_cube13_stick60_gripper1_layer14_layer15,movej,rpmanipulate,,True,20601.02
702,MoveToLL,MoveToLL_moveToTarget_TravelML_robot1_rpmanipulate_rppickup_dup73,movej,rppickup,,True,15136.24
703,MoveToLL,MoveToLL_moveToPickPosition_PickUpML_stick66_initlocstick66_robot1_gripper1_rppickup,movel,initlocstick66,,True,6259.24
704,CloseGripperLL,CloseGripperLL_closeGripper_PickUpML_stick66_initlocstick66_robot1_gripper1_rppickup,close_gripper,,,True,12.74
705,MoveToLL,MoveToLL_moveToRetract_PickUpML_stick66_initlocstick66_robot1_gripper1_rppickup,movel,rppickup,,True,5217.51
706,MoveToLL,MoveToLL_moveToTarget_TravelML_robot1_rppickup_rpmanipulate_dup81,movej,rpmanipulate,,True,14962.80
707,MoveToLL,MoveToLL_moveToObjPosition_StackOnTwoML_stick66_robot1_finallocstick66_rpmanipulate_stick62_stick61_gripper1_layer14_layer15,planned,finallocstick66,,True,16584.36
708,MoveToLL,MoveToLL_moveToRobotPos_StackOnTwoML_stick66_robot1_finallocstick66_rpmanipulate_stick62_stick61_gripper1_layer14_layer15,movej,rpmanipulate,,True,10036.70
709,MoveToLL,MoveToLL_moveToTarget_TravelML_robot1_rpmanipulate_rppickup_dup74,movej,rppickup,,True,15272.48
710,MoveToLL,MoveToLL_moveToPickPosition_PickUpML_stick69_initlocstick69_robot1_gripper1_rppickup,movel,initlocstick69,,True,6290.77
711,CloseGripperLL,CloseGripperLL_closeGripper_PickUpML_stick69_initlocstick69_robot1_gripper1_rppickup,close_gripper,,,True,11.94
712,MoveToLL,MoveToLL_moveToRetract_PickUpML_stick69_initlocstick69_robot1_gripper1_rppickup,movel,rppickup,,True,5918.12
713,MoveToLL,MoveToLL_moveToTarget_TravelML_robot1_rppickup_rpmanipulate_dup82,movej,rpmanipulate,,True,14958.77
714,MoveToLL,MoveToLL_moveToObjPosition_StackOnTwoML_stick69_robot1_finallocstick69_rpmanipulate_stick64_stick65_gripper1_layer15_layer16,planned,finallocstick69,,True,16729.63
715,MoveToLL,MoveToLL_moveToRobotPos_StackOnTwoML_stick69_robot1_finallocstick69_rpmanipulate_stick64_stick65_gripper1_layer15_layer16,movej,rpmanipulate,,True,14976.61
716,MoveToLL,MoveToLL_moveToTarget_TravelML_robot1_rpmanipulate_rppickup_dup75,movej,rppickup,,True,15072.45
717,MoveToLL,MoveToLL_moveToPickPosition_PickUpML_stick68_initlocstick68_robot1_gripper1_rppickup,movel,initlocstick68,,True,6275.30
718,CloseGripperLL,CloseGripperLL_closeGripper_PickUpML_stick68_initlocstick68_robot1_gripper1_rppickup,close_gripper,,,True,13.85
719,MoveToLL,MoveToLL_moveToRetract_PickUpML_stick68_initlocstick68_robot1_gripper1_rppickup,movel,rppickup,,True,5948.19
720,MoveToLL,MoveToLL_moveToTarget_TravelML_robot1_rppickup_rpmanipulate_dup83,movej,rpmanipulate,,True,15112.70
721,MoveToLL,MoveToLL_moveToObjPosition_StackOnTwoML_stick68_robot1_finallocstick68_rpmanipulate_cube14_stick63_gripper1_layer14_layer15,planned,finallocstick68,,True,18336.65
722,MoveToLL,MoveToLL_moveToRobotPos_StackOnTwoML_stick68_robot1_finallocstick68_rpmanipulate_cube14_stick63_gripper1_layer14_layer15,movej,rpmanipulate,,True,11468.63
723,MoveToLL,MoveToLL_moveToTarget_TravelML_robot1_rpmanipulate_rppickup_dup76,movej,rppickup,,True,15473.35
724,MoveToLL,MoveToLL_moveToPickPosition_PickUpML_stick67_initlocstick67_robot1_gripper1_rppickup,movel,initlocstick67,,True,6298.68
725,CloseGripperLL,CloseGripperLL_closeGripper_PickUpML_stick67_initlocstick67_robot1_gripper1_rppickup,close_gripper,,,True,19.83
726,MoveToLL,MoveToLL_moveToRetract_PickUpML_stick67_initlocstick67_robot1_gripper1_rppickup,movel,rppickup,,True,5937.75
727,MoveToLL,MoveToLL_moveToTarget_TravelML_robot1_rppickup_rpmanipulate_dup84,movej,rpmanipulate,,True,15554.17
728,MoveToLL,MoveToLL_moveToObjPosition_StackOnTwoML_stick67_robot1_finallocstick67_rpmanipulate_stick63_stick62_gripper1_layer14_layer15,planned,finallocstick67,,True,18317.27
729,MoveToLL,MoveToLL_moveToRobotPos_StackOnTwoML_stick67_robot1_finallocstick67_rpmanipulate_stick63_stick62_gripper1_layer14_layer15,movej,rpmanipulate,,True,10771.56
730,MoveToLL,MoveToLL_moveToTarget_TravelML_robot1_rpmanipulate_rppickup_dup77,movej,rppickup,,True,15191.97
731,MoveToLL,MoveToLL_moveToPickPosition_PickUpML_cube15_initloccube15_robot1_gripper1_rppickup,movel,initloccube15,,True,6291.17
732,CloseGripperLL,CloseGripperLL_closeGripper_PickUpML_cube15_initloccube15_robot1_gripper1_rppickup,close_gripper,,,True,11.34
733,MoveToLL,MoveToLL_moveToRetract_PickUpML_cube15_initloccube15_robot1_gripper1_rppickup,movel,rppickup,,True,5910.97
734,MoveToLL,MoveToLL_moveToTarget_TravelML_robot1_rppickup_rpmanipulate_dup85,movej,rpmanipulate,,True,15189.45
735,MoveToLL,MoveToLL_moveToObjPosition_StackML_cube15_stick64_robot1_gripper1_finalloccube15_rpmanipulate,planned,finalloccube15,,True,18321.37
736,MoveToLL,MoveToLL_moveToRobotPosition_StackML_cube15_stick64_robot1_gripper1_finalloccube15_rpmanipulate,movej,rpmanipulate,,True,11468.25
737,MoveToLL,MoveToLL_moveToTarget_TravelML_robot1_rpmanipulate_rppickup_dup78,movej,rppickup,,True,15100.56
738,MoveToLL,MoveToLL_moveToPickPosition_PickUpML_stick71_initlocstick71_robot1_gripper1_rppickup,movel,initlocstick71,,True,6268.21
739,CloseGripperLL,CloseGripperLL_closeGripper_PickUpML_stick71_initlocstick71_robot1_gripper1_rppickup,close_gripper,,,True,1.20
740,MoveToLL,MoveToLL_moveToRetract_PickUpML_stick71_initlocstick71_robot1_gripper1_rppickup,movel,rppickup,,True,5956.96
741,MoveToLL,MoveToLL_moveToTarget_TravelML_robot1_rppickup_rpmanipulate_dup86,movej,rpmanipulate,,True,15516.73
742,MoveToLL,MoveToLL_moveToObjPosition_StackOnTwoML_stick71_robot1_finallocstick71_rpmanipulate_stick66_stick67_gripper1_layer15_layer16,planned,finallocstick71,,True,18313.20
743,MoveToLL,MoveToLL_moveToRobotPos_StackOnTwoML_stick71_robot1_finallocstick71_rpmanipulate_stick66_stick67_gripper1_layer15_layer16,movej,rpmanipulate,,True,13575.47
744,MoveToLL,MoveToLL_moveToTarget_TravelML_robot1_rpmanipulate_rppickup_dup79,movej,rppickup,,True,15164.06
745,MoveToLL,MoveToLL_moveToPickPosition_PickUpML_stick70_initlocstick70_robot1_gripper1_rppickup,movel,initlocstick70,,True,6293.27
746,CloseGripperLL,CloseGripperLL_closeGripper_PickUpML_stick70_initlocstick70_robot1_gripper1_rppickup,close_gripper,,,True,14.00
747,MoveToLL,MoveToLL_moveToRetract_PickUpML_stick70_initlocstick70_robot1_gripper1_rppickup,movel,rppickup,,True,5246.23
748,MoveToLL,MoveToLL_moveToTarget_TravelML_robot1_rppickup_rpmanipulate_dup87,movej,rpmanipulate,,True,15208.72
749,MoveToLL,MoveToLL_moveToObjPosition_StackOnTwoML_stick70_robot1_finallocstick70_rpmanipulate_stick66_stick65_gripper1_layer15_layer16,planned,finallocstick70,,True,15904.17
750,MoveToLL,MoveToLL_moveToRobotPos_StackOnTwoML_stick70_robot1_finallocstick70_rpmanipulate_stick66_stick65_gripper1_layer15_layer16,movej,rpmanipulate,,True,7956.85
751,MoveToLL,MoveToLL_moveToTarget_TravelML_robot1_rpmanipulate_rppickup_dup80,movej,rppickup,,True,15148.35
752,MoveToLL,MoveToLL_moveToPickPosition_PickUpML_stick72_initlocstick72_robot1_gripper1_rppickup,movel,initlocstick72,,True,6278.15
753,CloseGripperLL,CloseGripperLL_closeGripper_PickUpML_stick72_initlocstick72_robot1_gripper1_rppickup,close_gripper,,,True,12.89
754,MoveToLL,MoveToLL_moveToRetract_PickUpML_stick72_initlocstick72_robot1_gripper1_rppickup,movel,rppickup,,True,5952.02
755,MoveToLL,MoveToLL_moveToTarget_TravelML_robot1_rppickup_rpmanipulate_dup88,movej,rpmanipulate,,True,15404.37
756,MoveToLL,MoveToLL_moveToObjPosition_StackOnTwoML_stick72_robot1_finallocstick72_rpmanipulate_stick67_stick68_gripper1_layer15_layer16,planned,finallocstick72,,True,18323.16
757,MoveToLL,MoveToLL_moveToRobotPos_StackOnTwoML_stick72_robot1_finallocstick72_rpmanipulate_stick67_stick68_gripper1_layer15_layer16,movej,rpmanipulate,,True,11471.65
758,MoveToLL,MoveToLL_moveToTarget_TravelML_robot1_rpmanipulate_rptoolchange_dup19,movej,rptoolchange,,True,10907.04
759,DeequipToolLL,DeequipToolLL_deequipTool_DeequipML_robot1_gripper1_equiplocgripper_rptoolchange_dup10,play_program,,,True,20995.63
760,EquipToolLL,EquipToolLL_equipTool_EquipeML_robot1_staplergun1_rptoolchange_equiplocstapler_dup10,play_program,,,True,10482.57
761,MoveToLL,MoveToLL_moveToTarget_TravelML_robot1_rptoolchange_rpmanipulate_dup10,movej,rpmanipulate,,True,11283.48
762,NailingLL,NailingLL_nailStep_NailingML_cube15_stick64_robot1_staplergun1_rpmanipulate,planned,unknown,,True,22319.26
763,NailingLL,NailingLL_nailStep_NailingML_stick69_stick64_robot1_staplergun1_rpmanipulate,planned,unknown,,True,8972.08
764,NailingLL,NailingLL_nailStep_NailingML_stick69_stick65_robot1_staplergun1_rpmanipulate,planned,unknown,,True,15496.75
765,NailingLL,NailingLL_nailStep_NailingML_stick70_stick65_robot1_staplergun1_rpmanipulate,planned,unknown,,True,11560.59
766,NailingLL,NailingLL_nailStep_NailingML_stick70_stick66_robot1_staplergun1_rpmanipulate,planned,unknown,,True,13170.78
767,NailingLL,NailingLL_nailStep_NailingML_stick71_stick66_robot1_staplergun1_rpmanipulate,planned,unknown,,True,8313.32
768,NailingLL,NailingLL_nailStep_NailingML_stick71_stick67_robot1_staplergun1_rpmanipulate,planned,unknown,,True,13997.72
769,NailingLL,NailingLL_nailStep_NailingML_stick72_stick67_robot1_staplergun1_rpmanipulate,planned,unknown,,True,10660.25
770,NailingLL,NailingLL_nailStep_NailingML_stick72_stick68_robot1_staplergun1_rpmanipulate,planned,unknown,,True,14146.85
771,MoveToLL,MoveToLL_moveToTarget_TravelML_robot1_rpmanipulate_rptoolchange_dup20,movej,rptoolchange,,True,14506.79
772,DeequipToolLL,DeequipToolLL_deequipTool_DeequipML_robot1_staplergun1_equiplocstapler_rptoolchange_dup10,play_program,,,True,7263.17
773,EquipToolLL,EquipToolLL_equipTool_EquipeML_robot1_gripper1_rptoolchange_equiplocgripper_dup10,play_program,,,True,21158.89
774,MoveToLL,MoveToLL_moveToTarget_TravelML_robot1_rptoolchange_rppickup_dup10,movej,rppickup,,True,17861.43
775,MoveToLL,MoveToLL_moveToPickPosition_PickUpML_stick73_initlocstick73_robot1_gripper1_rppickup,movel,initlocstick73,,True,6271.59
776,CloseGripperLL,CloseGripperLL_closeGripper_PickUpML_stick73_initlocstick73_robot1_gripper1_rppickup,close_gripper,,,True,12.35
777,MoveToLL,MoveToLL_moveToRetract_PickUpML_stick73_initlocstick73_robot1_gripper1_rppickup,movel,rppickup,,True,5918.88
778,MoveToLL,MoveToLL_moveToTarget_TravelML_robot1_rppickup_rpmanipulate_dup89,movej,rpmanipulate,,True,15159.37
779,MoveToLL,MoveToLL_moveToObjPosition_StackOnTwoML_stick73_robot1_finallocstick73_rpmanipulate_cube15_stick69_gripper1_layer16_layer17,planned,finallocstick73,,True,22289.82
780,MoveToLL,MoveToLL_moveToRobotPos_StackOnTwoML_stick73_robot1_finallocstick73_rpmanipulate_cube15_stick69_gripper1_layer16_layer17,movej,rpmanipulate,,True,19884.90
781,MoveToLL,MoveToLL_moveToTarget_TravelML_robot1_rpmanipulate_rppickup_dup81,movej,rppickup,,True,15269.52
782,MoveToLL,MoveToLL_moveToPickPosition_PickUpML_stick74_initlocstick74_robot1_gripper1_rppickup,movel,initlocstick74,,True,6305.17
783,CloseGripperLL,CloseGripperLL_closeGripper_PickUpML_stick74_initlocstick74_robot1_gripper1_rppickup,close_gripper,,,True,1.04
784,MoveToLL,MoveToLL_moveToRetract_PickUpML_stick74_initlocstick74_robot1_gripper1_rppickup,movel,rppickup,,True,5946.02
785,MoveToLL,MoveToLL_moveToTarget_TravelML_robot1_rppickup_rpmanipulate_dup90,movej,rpmanipulate,,True,15285.53
786,MoveToLL,MoveToLL_moveToObjPosition_StackOnTwoML_stick74_robot1_finallocstick74_rpmanipulate_stick69_stick70_gripper1_layer16_layer17,planned,finallocstick74,,True,16699.20
787,MoveToLL,MoveToLL_moveToRobotPos_StackOnTwoML_stick74_robot1_finallocstick74_rpmanipulate_stick69_stick70_gripper1_layer16_layer17,movej,rpmanipulate,,True,9348.02
788,MoveToLL,MoveToLL_moveToTarget_TravelML_robot1_rpmanipulate_rppickup_dup82,movej,rppickup,,True,15418.98
789,MoveToLL,MoveToLL_moveToPickPosition_PickUpML_stick76_initlocstick76_robot1_gripper1_rppickup,movel,initlocstick76,,True,6296.51
790,CloseGripperLL,CloseGripperLL_closeGripper_PickUpML_stick76_initlocstick76_robot1_gripper1_rppickup,close_gripper,,,True,12.74
791,MoveToLL,MoveToLL_moveToRetract_PickUpML_stick76_initlocstick76_robot1_gripper1_rppickup,movel,rppickup,,True,5930.65
792,MoveToLL,MoveToLL_moveToTarget_TravelML_robot1_rppickup_rpmanipulate_dup91,movej,rpmanipulate,,True,15275.04
793,MoveToLL,MoveToLL_moveToObjPosition_StackOnTwoML_stick76_robot1_finallocstick76_rpmanipulate_stick72_stick71_gripper1_layer16_layer17,planned,finallocstick76,,True,18318.63
794,MoveToLL,MoveToLL_moveToRobotPos_StackOnTwoML_stick76_robot1_finallocstick76_rpmanipulate_stick72_stick71_gripper1_layer16_layer17,movej,rpmanipulate,,True,10732.73
795,MoveToLL,MoveToLL_moveToTarget_TravelML_robot1_rpmanipulate_rppickup_dup83,movej,rppickup,,True,15273.98
796,MoveToLL,MoveToLL_moveToPickPosition_PickUpML_cube16_initloccube16_robot1_gripper1_rppickup,movel,initloccube16,,True,6280.32
797,CloseGripperLL,CloseGripperLL_closeGripper_PickUpML_cube16_initloccube16_robot1_gripper1_rppickup,close_gripper,,,True,8.20
798,MoveToLL,MoveToLL_moveToRetract_PickUpML_cube16_initloccube16_robot1_gripper1_rppickup,movel,rppickup,,True,5939.24
799,MoveToLL,MoveToLL_moveToTarget_TravelML_robot1_rppickup_rpmanipulate_dup92,movej,rpmanipulate,,True,15396.98
800,MoveToLL,MoveToLL_moveToObjPosition_StackML_cube16_stick73_robot1_gripper1_finalloccube16_rpmanipulate,planned,finalloccube16,,True,18293.79
801,MoveToLL,MoveToLL_moveToRobotPosition_StackML_cube16_stick73_robot1_gripper1_finalloccube16_rpmanipulate,movej,rpmanipulate,,True,11475.96
802,MoveToLL,MoveToLL_moveToTarget_TravelML_robot1_rpmanipulate_rppickup_dup84,movej,rppickup,,True,15275.50
803,MoveToLL,MoveToLL_moveToPickPosition_PickUpML_stick75_initlocstick75_robot1_gripper1_rppickup,movel,initlocstick75,,True,6294.46
804,CloseGripperLL,CloseGripperLL_closeGripper_PickUpML_stick75_initlocstick75_robot1_gripper1_rppickup,close_gripper,,,True,1.35
805,MoveToLL,MoveToLL_moveToRetract_PickUpML_stick75_initlocstick75_robot1_gripper1_rppickup,movel,rppickup,,True,5951.65
806,MoveToLL,MoveToLL_moveToTarget_TravelML_robot1_rppickup_rpmanipulate_dup93,movej,rpmanipulate,,True,15116.89
807,MoveToLL,MoveToLL_moveToObjPosition_StackOnTwoML_stick75_robot1_finallocstick75_rpmanipulate_stick70_stick71_gripper1_layer16_layer17,planned,finallocstick75,,True,16670.63
808,MoveToLL,MoveToLL_moveToRobotPos_StackOnTwoML_stick75_robot1_finallocstick75_rpmanipulate_stick70_stick71_gripper1_layer16_layer17,movej,rpmanipulate,,True,10738.72
809,MoveToLL,MoveToLL_moveToTarget_TravelML_robot1_rpmanipulate_rppickup_dup85,movej,rppickup,,True,15268.52
810,MoveToLL,MoveToLL_moveToPickPosition_PickUpML_stick77_initlocstick77_robot1_gripper1_rppickup,movel,initlocstick77,,True,6262.24
811,CloseGripperLL,CloseGripperLL_closeGripper_PickUpML_stick77_initlocstick77_robot1_gripper1_rppickup,close_gripper,,,True,14.07
812,MoveToLL,MoveToLL_moveToRetract_PickUpML_stick77_initlocstick77_robot1_gripper1_rppickup,movel,rppickup,,True,5837.62
813,MoveToLL,MoveToLL_moveToTarget_TravelML_robot1_rppickup_rpmanipulate_dup94,movej,rpmanipulate,,True,15040.62
814,MoveToLL,MoveToLL_moveToObjPosition_StackOnTwoML_stick77_robot1_finallocstick77_rpmanipulate_stick73_stick74_gripper1_layer17_layer18,planned,finallocstick77,,True,18329.23
815,MoveToLL,MoveToLL_moveToRobotPos_StackOnTwoML_stick77_robot1_finallocstick77_rpmanipulate_stick73_stick74_gripper1_layer17_layer18,movej,rpmanipulate,,True,14287.51
816,MoveToLL,MoveToLL_moveToTarget_TravelML_robot1_rpmanipulate_rppickup_dup86,movej,rppickup,,True,15441.84
817,MoveToLL,MoveToLL_moveToPickPosition_PickUpML_stick78_initlocstick78_robot1_gripper1_rppickup,movel,initlocstick78,,True,6238.87
818,CloseGripperLL,CloseGripperLL_closeGripper_PickUpML_stick78_initlocstick78_robot1_gripper1_rppickup,close_gripper,,,True,0.92
819,MoveToLL,MoveToLL_moveToRetract_PickUpML_stick78_initlocstick78_robot1_gripper1_rppickup,movel,rppickup,,True,5836.18
820,MoveToLL,MoveToLL_moveToTarget_TravelML_robot1_rppickup_rpmanipulate_dup95,movej,rpmanipulate,,True,14987.71
821,MoveToLL,MoveToLL_moveToObjPosition_StackOnTwoML_stick78_robot1_finallocstick78_rpmanipulate_stick75_stick74_gripper1_layer17_layer18,planned,finallocstick78,,True,15158.34
822,MoveToLL,MoveToLL_moveToRobotPos_StackOnTwoML_stick78_robot1_finallocstick78_rpmanipulate_stick75_stick74_gripper1_layer17_layer18,movej,rpmanipulate,,True,7936.94
823,MoveToLL,MoveToLL_moveToTarget_TravelML_robot1_rpmanipulate_rppickup_dup87,movej,rppickup,,True,15063.44
824,MoveToLL,MoveToLL_moveToPickPosition_PickUpML_stick79_initlocstick79_robot1_gripper1_rppickup,movel,initlocstick79,,True,6259.01
825,CloseGripperLL,CloseGripperLL_closeGripper_PickUpML_stick79_initlocstick79_robot1_gripper1_rppickup,close_gripper,,,True,13.53
826,MoveToLL,MoveToLL_moveToRetract_PickUpML_stick79_initlocstick79_robot1_gripper1_rppickup,movel,rppickup,,True,5833.69
827,MoveToLL,MoveToLL_moveToTarget_TravelML_robot1_rppickup_rpmanipulate_dup96,movej,rpmanipulate,,True,14958.67
828,MoveToLL,MoveToLL_moveToObjPosition_StackOnTwoML_stick79_robot1_finallocstick79_rpmanipulate_stick76_stick75_gripper1_layer17_layer18,planned,finallocstick79,,True,17475.62
829,MoveToLL,MoveToLL_moveToRobotPos_StackOnTwoML_stick79_robot1_finallocstick79_rpmanipulate_stick76_stick75_gripper1_layer17_layer18,movej,rpmanipulate,,True,13563.51
830,MoveToLL,MoveToLL_moveToTarget_TravelML_robot1_rpmanipulate_rptoolchange_dup21,movej,rptoolchange,,True,10984.27
831,DeequipToolLL,DeequipToolLL_deequipTool_DeequipML_robot1_gripper1_equiplocgripper_rptoolchange_dup11,play_program,,,True,21126.23
832,EquipToolLL,EquipToolLL_equipTool_EquipeML_robot1_staplergun1_rptoolchange_equiplocstapler_dup11,play_program,,,True,10364.55
833,MoveToLL,MoveToLL_moveToTarget_TravelML_robot1_rptoolchange_rpmanipulate_dup11,movej,rpmanipulate,,True,11049.01
834,NailingLL,NailingLL_nailStep_NailingML_cube16_stick73_robot1_staplergun1_rpmanipulate,planned,unknown,,True,27605.82
835,NailingLL,NailingLL_nailStep_NailingML_stick77_stick73_robot1_staplergun1_rpmanipulate,planned,unknown,,True,9127.85
836,NailingLL,NailingLL_nailStep_NailingML_stick77_stick74_robot1_staplergun1_rpmanipulate,planned,unknown,,True,14912.20
837,NailingLL,NailingLL_nailStep_NailingML_stick78_stick74_robot1_staplergun1_rpmanipulate,planned,unknown,,True,10798.23
838,NailingLL,NailingLL_nailStep_NailingML_stick78_stick75_robot1_staplergun1_rpmanipulate,planned,unknown,,True,6863.49
839,NailingLL,NailingLL_nailStep_NailingML_stick79_stick75_robot1_staplergun1_rpmanipulate,planned,unknown,,True,14848.51
840,NailingLL,NailingLL_nailStep_NailingML_stick79_stick76_robot1_staplergun1_rpmanipulate,planned,unknown,,True,13387.48
841,MoveToLL,MoveToLL_moveToTarget_TravelML_robot1_rpmanipulate_rptoolchange_dup22,movej,rptoolchange,,True,12694.47
842,DeequipToolLL,DeequipToolLL_deequipTool_DeequipML_robot1_staplergun1_equiplocstapler_rptoolchange_dup11,play_program,,,True,7287.19
843,EquipToolLL,EquipToolLL_equipTool_EquipeML_robot1_gripper1_rptoolchange_equiplocgripper_dup11,play_program,,,True,21132.73
844,MoveToLL,MoveToLL_moveToTarget_TravelML_robot1_rptoolchange_rppickup_dup11,movej,rppickup,,True,18082.00
845,MoveToLL,MoveToLL_moveToPickPosition_PickUpML_stick81_initlocstick81_robot1_gripper1_rppickup,movel,initlocstick81,,True,6244.62
846,CloseGripperLL,CloseGripperLL_closeGripper_PickUpML_stick81_initlocstick81_robot1_gripper1_rppickup,close_gripper,,,True,12.48
847,MoveToLL,MoveToLL_moveToRetract_PickUpML_stick81_initlocstick81_robot1_gripper1_rppickup,movel,rppickup,,True,5234.87
848,MoveToLL,MoveToLL_moveToTarget_TravelML_robot1_rppickup_rpmanipulate_dup97,movej,rpmanipulate,,True,15241.16
849,MoveToLL,MoveToLL_moveToObjPosition_StackOnTwoML_stick81_robot1_finallocstick81_rpmanipulate_stick77_stick78_gripper1_layer18_layer19,planned,finallocstick81,,True,16703.25
850,MoveToLL,MoveToLL_moveToRobotPos_StackOnTwoML_stick81_robot1_finallocstick81_rpmanipulate_stick77_stick78_gripper1_layer18_layer19,movej,rpmanipulate,,True,8656.38
851,MoveToLL,MoveToLL_moveToTarget_TravelML_robot1_rpmanipulate_rppickup_dup88,movej,rppickup,,True,15240.00
852,MoveToLL,MoveToLL_moveToPickPosition_PickUpML_stick80_initlocstick80_robot1_gripper1_rppickup,movel,initlocstick80,,True,6273.88
853,CloseGripperLL,CloseGripperLL_closeGripper_PickUpML_stick80_initlocstick80_robot1_gripper1_rppickup,close_gripper,,,True,0.89
854,MoveToLL,MoveToLL_moveToRetract_PickUpML_stick80_initlocstick80_robot1_gripper1_rppickup,movel,rppickup,,True,5839.20
855,MoveToLL,MoveToLL_moveToTarget_TravelML_robot1_rppickup_rpmanipulate_dup98,movej,rpmanipulate,,True,14998.05
856,MoveToLL,MoveToLL_moveToObjPosition_StackOnTwoML_stick80_robot1_finallocstick80_rpmanipulate_cube16_stick77_gripper1_layer18_layer19,planned,finallocstick80,,True,19172.11
857,MoveToLL,MoveToLL_moveToRobotPos_StackOnTwoML_stick80_robot1_finallocstick80_rpmanipulate_cube16_stick77_gripper1_layer18_layer19,movej,rpmanipulate,,True,19152.76
858,MoveToLL,MoveToLL_moveToTarget_TravelML_robot1_rpmanipulate_rppickup_dup89,movej,rppickup,,True,15200.54
859,MoveToLL,MoveToLL_moveToPickPosition_PickUpML_cube17_initloccube17_robot1_gripper1_rppickup,movel,initloccube17,,True,6276.45
860,CloseGripperLL,CloseGripperLL_closeGripper_PickUpML_cube17_initloccube17_robot1_gripper1_rppickup,close_gripper,,,True,19.67
861,MoveToLL,MoveToLL_moveToRetract_PickUpML_cube17_initloccube17_robot1_gripper1_rppickup,movel,rppickup,,True,5934.48
862,MoveToLL,MoveToLL_moveToTarget_TravelML_robot1_rppickup_rpmanipulate_dup99,movej,rpmanipulate,,True,15128.02
863,MoveToLL,MoveToLL_moveToObjPosition_StackML_cube17_stick80_robot1_gripper1_finalloccube17_rpmanipulate,planned,finalloccube17,,True,18306.26
864,MoveToLL,MoveToLL_moveToRobotPosition_StackML_cube17_stick80_robot1_gripper1_finalloccube17_rpmanipulate,movej,rpmanipulate,,True,10757.09
865,MoveToLL,MoveToLL_moveToTarget_TravelML_robot1_rpmanipulate_rppickup_dup90,movej,rppickup,,True,15264.72
866,MoveToLL,MoveToLL_moveToPickPosition_PickUpML_stick82_initlocstick82_robot1_gripper1_rppickup,movel,initlocstick82,,True,6289.84
867,CloseGripperLL,CloseGripperLL_closeGripper_PickUpML_stick82_initlocstick82_robot1_gripper1_rppickup,close_gripper,,,True,18.61
868,MoveToLL,MoveToLL_moveToRetract_PickUpML_stick82_initlocstick82_robot1_gripper1_rppickup,movel,rppickup,,True,5935.79
869,MoveToLL,MoveToLL_moveToTarget_TravelML_robot1_rppickup_rpmanipulate_dup100,movej,rpmanipulate,,True,15160.47
870,MoveToLL,MoveToLL_moveToObjPosition_StackOnTwoML_stick82_robot1_finallocstick82_rpmanipulate_stick79_stick78_gripper1_layer18_layer19,planned,finallocstick82,,True,14285.40
871,MoveToLL,MoveToLL_moveToRobotPos_StackOnTwoML_stick82_robot1_finallocstick82_rpmanipulate_stick79_stick78_gripper1_layer18_layer19,movej,rpmanipulate,,True,11461.84
872,MoveToLL,MoveToLL_moveToTarget_TravelML_robot1_rpmanipulate_rppickup_dup91,movej,rppickup,,True,15117.57
873,MoveToLL,MoveToLL_moveToPickPosition_PickUpML_stick83_initlocstick83_robot1_gripper1_rppickup,movel,initlocstick83,,True,6308.75
874,CloseGripperLL,CloseGripperLL_closeGripper_PickUpML_stick83_initlocstick83_robot1_gripper1_rppickup,close_gripper,,,True,14.12
875,MoveToLL,MoveToLL_moveToRetract_PickUpML_stick83_initlocstick83_robot1_gripper1_rppickup,movel,rppickup,,True,5937.89
876,MoveToLL,MoveToLL_moveToTarget_TravelML_robot1_rppickup_rpmanipulate_dup101,movej,rpmanipulate,,True,15253.46
877,MoveToLL,MoveToLL_moveToObjPosition_StackOnTwoML_stick83_robot1_finallocstick83_rpmanipulate_stick80_stick81_gripper1_layer19_layer20,planned,finallocstick83,,True,18309.01
878,MoveToLL,MoveToLL_moveToRobotPos_StackOnTwoML_stick83_robot1_finallocstick83_rpmanipulate_stick80_stick81_gripper1_layer19_layer20,movej,rpmanipulate,,True,14281.58
879,MoveToLL,MoveToLL_moveToTarget_TravelML_robot1_rpmanipulate_rppickup_dup92,movej,rppickup,,True,15214.82
880,MoveToLL,MoveToLL_moveToPickPosition_PickUpML_stick84_initlocstick84_robot1_gripper1_rppickup,movel,initlocstick84,,True,6254.24
881,CloseGripperLL,CloseGripperLL_closeGripper_PickUpML_stick84_initlocstick84_robot1_gripper1_rppickup,close_gripper,,,True,0.82
882,MoveToLL,MoveToLL_moveToRetract_PickUpML_stick84_initlocstick84_robot1_gripper1_rppickup,movel,rppickup,,True,5934.42
883,MoveToLL,MoveToLL_moveToTarget_TravelML_robot1_rppickup_rpmanipulate_dup102,movej,rpmanipulate,,True,15092.15
884,MoveToLL,MoveToLL_moveToObjPosition_StackOnTwoML_stick84_robot1_finallocstick84_rpmanipulate_stick82_stick81_gripper1_layer19_layer20,planned,finallocstick84,,True,15033.99
885,MoveToLL,MoveToLL_moveToRobotPos_StackOnTwoML_stick84_robot1_finallocstick84_rpmanipulate_stick82_stick81_gripper1_layer19_layer20,movej,rpmanipulate,,True,7959.76
886,MoveToLL,MoveToLL_moveToTarget_TravelML_robot1_rpmanipulate_rptoolchange_dup23,movej,rptoolchange,,True,10911.61
887,DeequipToolLL,DeequipToolLL_deequipTool_DeequipML_robot1_gripper1_equiplocgripper_rptoolchange_dup12,play_program,,,True,21187.82
888,EquipToolLL,EquipToolLL_equipTool_EquipeML_robot1_staplergun1_rptoolchange_equiplocstapler_dup12,play_program,,,True,10296.73
889,MoveToLL,MoveToLL_moveToTarget_TravelML_robot1_rptoolchange_rpmanipulate_dup12,movej,rpmanipulate,,True,10968.83
890,NailingLL,NailingLL_nailStep_NailingML_cube17_stick80_robot1_staplergun1_rpmanipulate,planned,unknown,,True,26288.78
891,NailingLL,NailingLL_nailStep_NailingML_stick83_stick80_robot1_staplergun1_rpmanipulate,planned,unknown,,True,8518.50
892,NailingLL,NailingLL_nailStep_NailingML_stick83_stick81_robot1_staplergun1_rpmanipulate,planned,unknown,,True,10869.70
893,NailingLL,NailingLL_nailStep_NailingML_stick84_stick81_robot1_staplergun1_rpmanipulate,planned,unknown,,True,9404.27
894,NailingLL,NailingLL_nailStep_NailingML_stick84_stick82_robot1_staplergun1_rpmanipulate,planned,unknown,,True,8438.51
895,MoveToLL,MoveToLL_moveToTarget_TravelML_robot1_rpmanipulate_rptoolchange_dup24,movej,rptoolchange,,True,12225.31
896,MoveToLL,MoveToLL_moveToTarget_TravelML_robot1_rpmanipulate_rptoolchange_dup25,movej,rptoolchange,,True,1621.97
897,DeequipToolLL,DeequipToolLL_deequipTool_DeequipML_robot1_staplergun1_equiplocstapler_rptoolchange_dup12,play_program,,,True,7268.11
898,DeequipToolLL,DeequipToolLL_deequipTool_DeequipML_robot1_staplergun1_equiplocstapler_rptoolchange_dup13,play_program,,,True,8335.03
899,EquipToolLL,EquipToolLL_equipTool_EquipeML_robot1_gripper1_rptoolchange_equiplocgripper_dup12,play_program,,,False,0.00
900,EquipToolLL,EquipToolLL_equipTool_EquipeML_robot1_gripper1_rptoolchange_equiplocgripper_dup13,play_program,,,False,0.00
901,EquipToolLL,EquipToolLL_equipTool_EquipeML_robot1_gripper1_rptoolchange_equiplocgripper_dup12,play_program,,,True,21159.05
902,EquipToolLL,EquipToolLL_equipTool_EquipeML_robot1_gripper1_rptoolchange_equiplocgripper_dup13,play_program,,,True,7178.77
903,MoveToLL,MoveToLL_moveToTarget_TravelML_robot1_rptoolchange_rppickup_dup13,movej,rppickup,,False,0.00
904,MoveToLL,MoveToLL_moveToTarget_TravelML_robot1_rptoolchange_rppickup_dup14,movej,rppickup,,False,0.00
905,MoveToLL,MoveToLL_moveToPickPosition_PickUpML_stick87_initlocstick87_robot1_gripper1_rppickup_dup2,movel,initlocstick87,,False,0.00
906,MoveToLL,MoveToLL_moveToPickPosition_PickUpML_stick85_initlocstick85_robot1_gripper1_rppickup,movel,initlocstick85,,False,0.00
907,MoveToLL,MoveToLL_moveToPickPosition_PickUpML_stick87_initlocstick87_robot1_gripper1_rppickup_dup2,movel,initlocstick87,,False,0.00
908,MoveToLL,MoveToLL_moveToPickPosition_PickUpML_stick85_initlocstick85_robot1_gripper1_rppickup,movel,initlocstick85,,False,0.00
909,MoveToLL,MoveToLL_moveToPickPosition_PickUpML_stick87_initlocstick87_robot1_gripper1_rppickup_dup2,movel,initlocstick87,,False,0.00
910,MoveToLL,MoveToLL_moveToPickPosition_PickUpML_stick85_initlocstick85_robot1_gripper1_rppickup,movel,initlocstick85,,True,1567.36
911,MoveToLL,MoveToLL_moveToPickPosition_PickUpML_stick87_initlocstick87_robot1_gripper1_rppickup_dup2,movel,initlocstick87,,True,8982.42
912,CloseGripperLL,CloseGripperLL_closeGripper_PickUpML_stick85_initlocstick85_robot1_gripper1_rppickup,close_gripper,,,True,9.19
913,CloseGripperLL,CloseGripperLL_closeGripper_PickUpML_stick87_initlocstick87_robot1_gripper1_rppickup_dup2,close_gripper,,,True,1.29
914,MoveToLL,MoveToLL_moveToRetract_PickUpML_stick85_initlocstick85_robot1_gripper1_rppickup,movel,rppickup,,True,6156.89
915,MoveToLL,MoveToLL_moveToRetract_PickUpML_stick87_initlocstick87_robot1_gripper1_rppickup_dup2,movel,rppickup,,True,1656.88
916,MoveToLL,MoveToLL_moveToTarget_TravelML_robot1_rppickup_rpmanipulate_dup103,movej,rpmanipulate,,True,15279.95
917,MoveToLL,MoveToLL_moveToObjPosition_StackOnTwoML_stick85_robot1_finallocstick85_rpmanipulate_stick83_cube17_gripper1_layer20_layer21,planned,finallocstick85,,True,22232.25
918,MoveToLL,MoveToLL_moveToRobotPos_StackOnTwoML_stick85_robot1_finallocstick85_rpmanipulate_stick83_cube17_gripper1_layer20_layer21,movej,rpmanipulate,,True,19153.75
919,MoveToLL,MoveToLL_moveToTarget_TravelML_robot1_rpmanipulate_rppickup_dup93,movej,rppickup,,True,14980.18
920,MoveToLL,MoveToLL_moveToTarget_TravelML_robot1_rpmanipulate_rppickup_dup94,movej,rppickup,,True,1795.08
921,MoveToLL,MoveToLL_moveToPickPosition_PickUpML_stick86_initlocstick86_robot1_gripper1_rppickup,movel,initlocstick86,,True,6368.71
922,MoveToLL,MoveToLL_moveToPickPosition_PickUpML_stick86_initlocstick86_robot1_gripper1_rppickup_dup2,movel,initlocstick86,,True,1509.31
923,CloseGripperLL,CloseGripperLL_closeGripper_PickUpML_stick86_initlocstick86_robot1_gripper1_rppickup,close_gripper,,,True,13.36
924,CloseGripperLL,CloseGripperLL_closeGripper_PickUpML_stick86_initlocstick86_robot1_gripper1_rppickup_dup2,close_gripper,,,True,13.79
925,MoveToLL,MoveToLL_moveToRetract_PickUpML_stick86_initlocstick86_robot1_gripper1_rppickup,movel,rppickup,,True,6147.22
926,MoveToLL,MoveToLL_moveToRetract_PickUpML_stick86_initlocstick86_robot1_gripper1_rppickup_dup2,movel,rppickup,,True,1626.14
927,MoveToLL,MoveToLL_moveToTarget_TravelML_robot1_rppickup_rpmanipulate_dup104,movej,rpmanipulate,,True,15430.04
928,MoveToLL,MoveToLL_moveToObjPosition_StackOnTwoML_stick86_robot1_finallocstick86_rpmanipulate_stick84_stick83_gripper1_layer20_layer21,planned,finallocstick86,,True,15837.46
929,MoveToLL,MoveToLL_moveToRobotPos_StackOnTwoML_stick86_robot1_finallocstick86_rpmanipulate_stick84_stick83_gripper1_layer20_layer21,movej,rpmanipulate,,True,8636.50
930,MoveToLL,MoveToLL_moveToTarget_TravelML_robot1_rpmanipulate_rppickup_dup95,movej,rppickup,,True,15328.67
931,MoveToLL,MoveToLL_moveToPickPosition_PickUpML_stick86_finallocstick86_robot1_gripper1_rppickup,movel,finallocstick86,,True,10481.69
932,CloseGripperLL,CloseGripperLL_closeGripper_PickUpML_stick86_finallocstick86_robot1_gripper1_rppickup,close_gripper,,,True,8.03
933,MoveToLL,MoveToLL_moveToRetract_PickUpML_stick86_finallocstick86_robot1_gripper1_rppickup,movel,rppickup,,True,10141.00
