CmdNumber,Timestamp,LLActionType,InstanceName,CommandType,TargetPosition,EndEffector,Velocity,Acceleration,Pose,Joints,Success,ExecTimeMs,PlanTimeMs,TotalTimeMs,GapFromPrevMs,PlanningInGapMs,BTOverheadMs,ParentMLAction,Error
1,2026-05-04 13:21:57.505,MoveToLL,MoveToLL_moveToTarget_TravelML_robot1_rpmanipulate_rppickup,movej,rppickup,,0.30,0.30,"0.607360;-0.274802;0.339901;0.000000;-3.141590;0.000000","-0.128900;-1.540886;-1.932730;-1.238644;1.554514;1.433690",True,15986.16,0.00,18042.80,0.00,0.00,0.00,,
2,2026-05-04 13:22:15.808,MoveToLL,MoveToLL_moveToPickPosition_PickUpML_stick4_initlocstick4_robot1_gripper1_rppickup,movel,initlocstick4,,0.30,0.30,"0.607370;-0.274820;-0.006000;0.000000;-3.141590;0.000000","",True,6327.92,0.00,8358.94,260.13,0.00,260.13,,
3,2026-05-04 13:22:24.289,CloseGripperLL,CloseGripperLL_closeGripper_PickUpML_stick4_initlocstick4_robot1_gripper1_rppickup,close_gripper,,,0.50,1.00,"","",True,14.91,0.00,2066.06,121.62,0.00,121.62,,
4,2026-05-04 13:22:26.468,MoveToLL,MoveToLL_moveToRetract_PickUpML_stick4_initlocstick4_robot1_gripper1_rppickup,movel,rppickup,,0.30,0.30,"0.607360;-0.274802;0.339901;0.000000;-3.141590;0.000000","-0.128900;-1.540886;-1.932730;-1.238644;1.554514;1.433690",True,5957.94,0.00,7995.82,113.75,0.00,113.75,,
5,2026-05-04 13:22:36.889,MoveToLL,MoveToLL_moveToTarget_TravelML_robot1_rppickup_rpmanipulate,movej,rpmanipulate,,0.30,0.30,"0.133776;0.348742;0.490041;0.000000;-3.141590;0.000000","1.656148;-0.959557;-2.051016;-1.701770;1.553554;1.650556",True,14989.03,0.00,17022.02,2424.75,0.00,2424.75,,
6,2026-05-04 13:22:54.163,MoveToLL,MoveToLL_moveToObjPosition_StackML_stick4_table1_robot1_gripper1_finallocstick4_rpmanipulate,planned,finallocstick4,,0.30,0.30,"0.001976;0.864944;-0.010000;3.072941;0.653174;0.000000","",True,19958.77,0.00,21977.22,252.15,0.00,252.15,,
7,2026-05-04 13:23:16.260,MoveToLL,MoveToLL_moveToRobotPosition_StackML_stick4_table1_robot1_gripper1_finallocstick4_rpmanipulate,movej,rpmanipulate,,0.30,0.30,"0.133776;0.348742;0.490041;0.000000;-3.141590;0.000000","1.656148;-0.959557;-2.051016;-1.701770;1.553554;1.650556",True,12197.28,0.00,14218.38,119.71,0.00,119.71,,
8,2026-05-04 13:23:33.025,MoveToLL,MoveToLL_moveToTarget_TravelML_robot1_rpmanipulate_rppickup_dup2,movej,rppickup,,0.30,0.30,"0.607360;-0.274802;0.339901;0.000000;-3.141590;0.000000","-0.128900;-1.540886;-1.932730;-1.238644;1.554514;1.433690",True,14947.34,0.00,16975.55,2546.54,0.00,2546.54,,
9,2026-05-04 13:23:50.246,MoveToLL,MoveToLL_moveToPickPosition_PickUpML_stick5_initlocstick5_robot1_gripper1_rppickup,movel,initlocstick5,,0.30,0.30,"0.607370;-0.274820;-0.009000;0.000000;-3.141590;0.000000","",True,6338.54,0.00,8375.59,245.89,0.00,245.89,,
10,2026-05-04 13:23:58.754,CloseGripperLL,CloseGripperLL_closeGripper_PickUpML_stick5_initlocstick5_robot1_gripper1_rppickup,close_gripper,,,0.50,1.00,"","",True,12.96,0.00,2043.49,132.35,0.00,132.35,,
11,2026-05-04 13:24:00.912,MoveToLL,MoveToLL_moveToRetract_PickUpML_stick5_initlocstick5_robot1_gripper1_rppickup,movel,rppickup,,0.30,0.30,"0.607360;-0.274802;0.339901;0.000000;-3.141590;0.000000","-0.128900;-1.540886;-1.932730;-1.238644;1.554514;1.433690",True,5954.24,0.00,7993.59,114.57,0.00,114.57,,
12,2026-05-04 13:24:11.437,MoveToLL,MoveToLL_moveToTarget_TravelML_robot1_rppickup_rpmanipulate_dup2,movej,rpmanipulate,,0.30,0.30,"0.133776;0.348742;0.490041;0.000000;-3.141590;0.000000","1.656148;-0.959557;-2.051016;-1.701770;1.553554;1.650556",True,14958.42,0.00,17001.16,2531.30,0.00,2531.30,,
13,2026-05-04 13:24:28.679,MoveToLL,MoveToLL_moveToObjPosition_StackML_stick5_table1_robot1_gripper1_finallocstick5_rpmanipulate,planned,finallocstick5,,0.30,0.30,"-0.177652;0.962300;-0.010000;-1.711034;-2.634761;0.000000","",True,17552.84,0.00,19599.21,240.34,0.00,240.34,,
14,2026-05-04 13:24:48.406,MoveToLL,MoveToLL_moveToRobotPosition_StackML_stick5_table1_robot1_gripper1_finallocstick5_rpmanipulate,movej,rpmanipulate,,0.30,0.30,"0.133776;0.348742;0.490041;0.000000;-3.141590;0.000000","1.656148;-0.959557;-2.051016;-1.701770;1.553554;1.650556",True,12862.53,0.00,14910.50,128.40,0.00,128.40,,
15,2026-05-04 13:25:05.783,MoveToLL,MoveToLL_moveToTarget_TravelML_robot1_rpmanipulate_rppickup_dup3,movej,rppickup,,0.30,0.30,"0.607360;-0.274802;0.339901;0.000000;-3.141590;0.000000","-0.128900;-1.540886;-1.932730;-1.238644;1.554514;1.433690",True,14959.71,0.00,16997.61,2466.06,0.00,2466.06,,
16,2026-05-04 13:25:27.273,MoveToLL,MoveToLL_moveToPickPosition_PickUpML_stick5_initlocstick5_robot1_gripper1_rppickup_dup2,movel,initlocstick5,,0.30,0.30,"0.607370;-0.274820;-0.009000;0.000000;-3.141590;0.000000","",True,5446.54,0.00,7494.78,4492.44,0.00,4492.44,,
17,2026-05-04 13:25:34.892,CloseGripperLL,CloseGripperLL_closeGripper_PickUpML_stick5_initlocstick5_robot1_gripper1_rppickup_dup2,close_gripper,,,0.50,1.00,"","",True,1.05,0.00,2047.80,124.17,0.00,124.17,,
18,2026-05-04 13:25:37.058,MoveToLL,MoveToLL_moveToRetract_PickUpML_stick5_initlocstick5_robot1_gripper1_rppickup_dup2,movel,rppickup,,0.30,0.30,"0.607360;-0.274802;0.339901;0.000000;-3.141590;0.000000","-0.128900;-1.540886;-1.932730;-1.238644;1.554514;1.433690",True,5940.74,0.00,8005.19,118.20,0.00,118.20,,
19,2026-05-04 13:25:47.540,MoveToLL,MoveToLL_moveToTarget_TravelML_robot1_rppickup_rpmanipulate_dup3,movej,rpmanipulate,,0.30,0.30,"0.133776;0.348742;0.490041;0.000000;-3.141590;0.000000","1.656148;-0.959557;-2.051016;-1.701770;1.553554;1.650556",True,14957.75,0.00,17011.22,2476.56,0.00,2476.56,,
20,2026-05-04 13:26:04.802,MoveToLL,MoveToLL_moveToObjPosition_StackML_stick5_table1_robot1_gripper1_finallocstick5_rpmanipulate_dup2,planned,finallocstick5,,0.30,0.30,"-0.177652;0.962300;-0.010000;-1.711034;-2.634761;0.000000","",True,19927.82,0.00,21978.35,251.05,0.00,251.05,,
21,2026-05-04 13:26:26.902,MoveToLL,MoveToLL_moveToRobotPosition_StackML_stick5_table1_robot1_gripper1_finallocstick5_rpmanipulate_dup2,movej,rpmanipulate,,0.30,0.30,"0.133776;0.348742;0.490041;0.000000;-3.141590;0.000000","1.656148;-0.959557;-2.051016;-1.701770;1.553554;1.650556",True,12903.55,0.00,14918.68,121.44,0.00,121.44,,
22,2026-05-04 13:26:44.304,MoveToLL,MoveToLL_moveToTarget_TravelML_robot1_rpmanipulate_rppickup_dup4,movej,rppickup,,0.30,0.30,"0.607360;-0.274802;0.339901;0.000000;-3.141590;0.000000","-0.128900;-1.540886;-1.932730;-1.238644;1.554514;1.433690",True,14946.61,0.00,16988.44,2483.50,0.00,2483.50,,
23,2026-05-04 13:27:01.539,MoveToLL,MoveToLL_moveToPickPosition_PickUpML_cube2_initloccube2_robot1_gripper1_rppickup,movel,initloccube2,,0.30,0.30,"0.607370;-0.274820;-0.009000;0.000000;-3.141590;0.000000","",True,6314.75,0.00,8374.96,246.40,0.00,246.40,,
24,2026-05-04 13:27:10.041,CloseGripperLL,CloseGripperLL_closeGripper_PickUpML_cube2_initloccube2_robot1_gripper1_rppickup,close_gripper,,,0.50,1.00,"","",True,12.85,0.00,2056.86,127.19,0.00,127.19,,
25,2026-05-04 13:27:12.219,MoveToLL,MoveToLL_moveToRetract_PickUpML_cube2_initloccube2_robot1_gripper1_rppickup,movel,rppickup,,0.30,0.30,"0.607360;-0.274802;0.339901;0.000000;-3.141590;0.000000","-0.128900;-1.540886;-1.932730;-1.238644;1.554514;1.433690",True,5953.67,0.00,7988.61,121.32,0.00,121.32,,
26,2026-05-04 13:27:22.655,MoveToLL,MoveToLL_moveToTarget_TravelML_robot1_rppickup_rpmanipulate_dup4,movej,rpmanipulate,,0.30,0.30,"0.133776;0.348742;0.490041;0.000000;-3.141590;0.000000","1.656148;-0.959557;-2.051016;-1.701770;1.553554;1.650556",True,14978.70,0.00,17003.21,2447.28,0.00,2447.28,,
27,2026-05-04 13:27:39.901,MoveToLL,MoveToLL_moveToObjPosition_StackML_cube2_stick5_robot1_gripper1_finalloccube2_rpmanipulate,planned,finalloccube2,,0.30,0.30,"-0.226348;0.940619;0.007500;-1.711034;-2.634761;0.000000","",True,19924.64,0.00,21984.98,242.53,0.00,242.53,,
28,2026-05-04 13:28:02.005,MoveToLL,MoveToLL_moveToRobotPosition_StackML_cube2_stick5_robot1_gripper1_finalloccube2_rpmanipulate,movej,rpmanipulate,,0.30,0.30,"0.133776;0.348742;0.490041;0.000000;-3.141590;0.000000","1.656148;-0.959557;-2.051016;-1.701770;1.553554;1.650556",True,12195.85,0.00,14218.28,119.02,0.00,119.02,,
29,2026-05-04 13:28:18.894,MoveToLL,MoveToLL_moveToTarget_TravelML_robot1_rpmanipulate_rppickup_dup5,movej,rppickup,,0.30,0.30,"0.607360;-0.274802;0.339901;0.000000;-3.141590;0.000000","-0.128900;-1.540886;-1.932730;-1.238644;1.554514;1.433690",True,15429.22,0.00,17479.33,2670.90,0.00,2670.90,,
30,2026-05-04 13:28:36.635,MoveToLL,MoveToLL_moveToPickPosition_PickUpML_stick1_initlocstick1_robot1_gripper1_rppickup,movel,initlocstick1,,0.30,0.30,"0.607370;-0.274820;-0.009000;0.000000;-3.141590;0.000000","",True,6303.38,0.00,8358.35,261.69,0.00,261.69,,
31,2026-05-04 13:28:45.114,CloseGripperLL,CloseGripperLL_closeGripper_PickUpML_stick1_initlocstick1_robot1_gripper1_rppickup,close_gripper,,,0.50,1.00,"","",True,13.67,0.00,2076.10,120.80,0.00,120.80,,
32,2026-05-04 13:28:47.307,MoveToLL,MoveToLL_moveToRetract_PickUpML_stick1_initlocstick1_robot1_gripper1_rppickup,movel,rppickup,,0.30,0.30,"0.607360;-0.274802;0.339901;0.000000;-3.141590;0.000000","-0.128900;-1.540886;-1.932730;-1.238644;1.554514;1.433690",True,5973.10,0.00,7992.17,116.27,0.00,116.27,,
33,2026-05-04 13:28:58.035,MoveToLL,MoveToLL_moveToTarget_TravelML_robot1_rppickup_rpmanipulate_dup5,movej,rpmanipulate,,0.30,0.30,"0.133776;0.348742;0.490041;0.000000;-3.141590;0.000000","1.656148;-0.959557;-2.051016;-1.701770;1.553554;1.650556",True,15362.94,0.00,17414.36,2736.63,0.00,2736.63,,
34,2026-05-04 13:29:15.706,MoveToLL,MoveToLL_moveToObjPosition_StackML_stick1_table1_robot1_gripper1_finallocstick1_rpmanipulate,planned,finallocstick1,,0.30,0.30,"0.257008;0.974215;-0.009000;1.711034;-2.634761;0.000000","",True,23949.84,0.00,25976.61,256.19,0.00,256.19,,
35,2026-05-04 13:29:41.819,MoveToLL,MoveToLL_moveToRobotPosition_StackML_stick1_table1_robot1_gripper1_finallocstick1_rpmanipulate,movej,rpmanipulate,,0.30,0.30,"0.133776;0.348742;0.490041;0.000000;-3.141590;0.000000","1.656148;-0.959557;-2.051016;-1.701770;1.553554;1.650556",True,22697.62,0.00,24730.41,136.18,0.00,136.18,,
36,2026-05-04 13:30:09.163,MoveToLL,MoveToLL_moveToTarget_TravelML_robot1_rpmanipulate_rppickup_dup6,movej,rppickup,,0.30,0.30,"0.607360;-0.274802;0.339901;0.000000;-3.141590;0.000000","-0.128900;-1.540886;-1.932730;-1.238644;1.554514;1.433690",True,15495.58,0.00,17537.10,2614.08,0.00,2614.08,,
37,2026-05-04 13:30:29.358,MoveToLL,MoveToLL_moveToPickPosition_PickUpML_stickdummy_temploc2_robot1_gripper1_rppickup,movel,temploc2,,0.30,0.30,"0.607370;-0.274820;0.009000;0.000000;-3.141590;0.000000","",True,6327.68,0.00,8366.39,2658.12,0.00,2658.12,,
38,2026-05-04 13:30:37.863,CloseGripperLL,CloseGripperLL_closeGripper_PickUpML_stickdummy_temploc2_robot1_gripper1_rppickup,close_gripper,,,0.50,1.00,"","",True,12.43,0.00,2040.99,138.00,0.00,138.00,,
39,2026-05-04 13:30:40.033,MoveToLL,MoveToLL_moveToRetract_PickUpML_stickdummy_temploc2_robot1_gripper1_rppickup,movel,rppickup,,0.30,0.30,"0.607360;-0.274802;0.339901;0.000000;-3.141590;0.000000","-0.128900;-1.540886;-1.932730;-1.238644;1.554514;1.433690",True,5947.87,0.00,7984.25,129.20,0.00,129.20,,
40,2026-05-04 13:30:48.301,MoveToLL,MoveToLL_moveToPutDownPosition_PutDownML_stickdummy_temploc3_robot1_gripper1_rppickup,movel,temploc3,,0.30,0.30,"0.607370;0.012000;-0.009000;0.000000;-3.141593;0.000000","",True,6313.48,0.00,8335.07,284.02,0.00,284.02,,
41,2026-05-04 13:30:56.765,OpenGripperLL,OpenGripperLL_openGripper_PutDownML_stickdummy_temploc3_robot1_gripper1_rppickup,open_gripper,,,0.50,1.00,"","",True,13.43,0.00,2039.40,128.20,0.00,128.20,,
42,2026-05-04 13:30:58.924,MoveToLL,MoveToLL_moveToRetract_PutDownML_stickdummy_temploc3_robot1_gripper1_rppickup,movel,rppickup,,0.30,0.30,"0.607360;-0.274802;0.339901;0.000000;-3.141590;0.000000","-0.128900;-1.540886;-1.932730;-1.238644;1.554514;1.433690",True,6672.41,0.00,8692.48,119.79,0.00,119.79,,
43,2026-05-04 13:31:07.869,MoveToLL,MoveToLL_moveToPickPosition_PickUpML_stick3_initlocstick3_robot1_gripper1_rppickup_dup2,movel,initlocstick3,,0.30,0.30,"0.607370;-0.274820;-0.006000;0.000000;-3.141590;0.000000","",True,6323.86,0.00,8369.52,252.45,0.00,252.45,,
44,2026-05-04 13:31:16.357,CloseGripperLL,CloseGripperLL_closeGripper_PickUpML_stick3_initlocstick3_robot1_gripper1_rppickup_dup2,close_gripper,,,0.50,1.00,"","",True,14.18,0.00,2048.56,118.60,0.00,118.60,,
45,2026-05-04 13:31:18.531,MoveToLL,MoveToLL_moveToRetract_PickUpML_stick3_initlocstick3_robot1_gripper1_rppickup_dup2,movel,rppickup,,0.30,0.30,"0.607360;-0.274802;0.339901;0.000000;-3.141590;0.000000","-0.128900;-1.540886;-1.932730;-1.238644;1.554514;1.433690",True,5947.85,0.00,7982.42,125.67,0.00,125.67,,
46,2026-05-04 13:31:29.212,MoveToLL,MoveToLL_moveToTarget_TravelML_robot1_rppickup_rpmanipulate_dup6,movej,rpmanipulate,,0.30,0.30,"0.133776;0.348742;0.490041;0.000000;-3.141590;0.000000","1.656148;-0.959557;-2.051016;-1.701770;1.553554;1.650556",True,15418.34,0.00,17451.83,2698.80,0.00,2698.80,,
47,2026-05-04 13:31:46.927,MoveToLL,MoveToLL_moveToObjPosition_StackML_stick3_table1_robot1_gripper1_finallocstick3_rpmanipulate,planned,finallocstick3,,0.30,0.30,"0.116090;0.682294;-0.010000;2.634761;1.711034;0.000000","",True,15941.20,0.00,17960.38,263.28,0.00,263.28,,
48,2026-05-04 13:32:05.019,MoveToLL,MoveToLL_moveToRobotPosition_StackML_stick3_table1_robot1_gripper1_finallocstick3_rpmanipulate,movej,rpmanipulate,,0.30,0.30,"0.133776;0.348742;0.490041;0.000000;-3.141590;0.000000","1.656148;-0.959557;-2.051016;-1.701770;1.553554;1.650556",True,10772.56,0.00,12802.64,130.91,0.00,130.91,,
49,2026-05-04 13:32:20.480,MoveToLL,MoveToLL_moveToTarget_TravelML_robot1_rpmanipulate_rppickup_dup7,movej,rppickup,,0.30,0.30,"0.607360;-0.274802;0.339901;0.000000;-3.141590;0.000000","-0.128900;-1.540886;-1.932730;-1.238644;1.554514;1.433690",True,15446.31,0.00,17490.86,2658.71,0.00,2658.71,,
50,2026-05-04 13:32:38.244,MoveToLL,MoveToLL_moveToPickPosition_PickUpML_stick2_initlocstick2_robot1_gripper1_rppickup_dup2,movel,initlocstick2,,0.30,0.30,"0.607370;-0.274820;-0.006000;0.000000;-3.141590;0.000000","",True,6325.64,0.00,8351.24,273.03,0.00,273.03,,
51,2026-05-04 13:32:46.714,CloseGripperLL,CloseGripperLL_closeGripper_PickUpML_stick2_initlocstick2_robot1_gripper1_rppickup_dup2,close_gripper,,,0.50,1.00,"","",True,0.93,0.00,2039.38,119.34,0.00,119.34,,
52,2026-05-04 13:32:48.885,MoveToLL,MoveToLL_moveToRetract_PickUpML_stick2_initlocstick2_robot1_gripper1_rppickup_dup2,movel,rppickup,,0.30,0.30,"0.607360;-0.274802;0.339901;0.000000;-3.141590;0.000000","-0.128900;-1.540886;-1.932730;-1.238644;1.554514;1.433690",True,5964.80,0.00,7991.71,131.28,0.00,131.28,,
53,2026-05-04 13:32:59.522,MoveToLL,MoveToLL_moveToTarget_TravelML_robot1_rppickup_rpmanipulate_dup7,movej,rpmanipulate,,0.30,0.30,"0.133776;0.348742;0.490041;0.000000;-3.141590;0.000000","1.656148;-0.959557;-2.051016;-1.701770;1.553554;1.650556",True,15472.54,0.00,17506.24,2644.83,0.00,2644.83,,
54,2026-05-04 13:33:17.292,MoveToLL,MoveToLL_moveToObjPosition_StackML_stick2_table1_robot1_gripper1_finallocstick2_rpmanipulate,planned,finallocstick2,,0.30,0.30,"0.329976;0.764397;-0.010000;-0.653174;-3.072941;0.000000","",True,16730.28,0.00,18758.36,263.99,0.00,263.99,,
55,2026-05-04 13:33:36.172,MoveToLL,MoveToLL_moveToRobotPosition_StackML_stick2_table1_robot1_gripper1_finallocstick2_rpmanipulate,movej,rpmanipulate,,0.30,0.30,"0.133776;0.348742;0.490041;0.000000;-3.141590;0.000000","1.656148;-0.959557;-2.051016;-1.701770;1.553554;1.650556",True,13598.92,0.00,15621.22,121.41,0.00,121.41,,
56,2026-05-04 13:33:54.450,MoveToLL,MoveToLL_moveToTarget_TravelML_robot1_rpmanipulate_rppickup_dup8,movej,rppickup,,0.30,0.30,"0.607360;-0.274802;0.339901;0.000000;-3.141590;0.000000","-0.128900;-1.540886;-1.932730;-1.238644;1.554514;1.433690",True,15473.66,0.00,17491.75,2657.50,0.00,2657.50,,
57,2026-05-04 13:34:12.184,MoveToLL,MoveToLL_moveToPickPosition_PickUpML_stick6_initlocstick6_robot1_gripper1_rppickup,movel,initlocstick6,,0.30,0.30,"0.607370;-0.274820;-0.006000;0.000000;-3.141590;0.000000","",True,6357.32,0.00,8380.28,242.23,0.00,242.23,,
58,2026-05-04 13:38:14.216,MoveToLL,MoveToLL_moveToTarget_TravelML_robot1_rpmanipulate_rppickup_dup9,movej,rppickup,,0.30,0.30,"0.607360;-0.274802;0.339901;0.000000;-3.141590;0.000000","-0.128900;-1.540886;-1.932730;-1.238644;1.554514;1.433690",True,8214.00,0.00,10240.01,233651.70,0.00,233651.70,,
59,2026-05-04 13:38:24.703,MoveToLL,MoveToLL_moveToPickPosition_PickUpML_stick6_temploc1_robot1_gripper1_rppickup,movel,temploc1,,0.30,0.30,"0.607370;0.012000;-0.009000;0.000000;-3.141590;0.000000","",True,7042.57,0.00,9075.66,246.69,0.00,246.69,,
60,2026-05-04 13:38:33.901,CloseGripperLL,CloseGripperLL_closeGripper_PickUpML_stick6_temploc1_robot1_gripper1_rppickup,close_gripper,,,0.50,1.00,"","",True,13.26,0.00,2054.05,122.62,0.00,122.62,,
61,2026-05-04 13:38:36.075,MoveToLL,MoveToLL_moveToRetract_PickUpML_stick6_temploc1_robot1_gripper1_rppickup,movel,rppickup,,0.30,0.30,"0.607360;-0.274802;0.339901;0.000000;-3.141590;0.000000","-0.128900;-1.540886;-1.932730;-1.238644;1.554514;1.433690",True,6643.42,0.00,8692.19,119.72,0.00,119.72,,
62,2026-05-04 13:44:11.284,MoveToLL,MoveToLL_moveToTarget_TravelML_robot1_rppickup_rpmanipulate_dup8,movej,rpmanipulate,,0.30,0.30,"0.133776;0.348742;0.490041;0.000000;-3.141590;0.000000","1.656148;-0.959557;-2.051016;-1.701770;1.553554;1.650556",True,15258.28,0.00,17299.31,326516.78,0.00,326516.78,,
63,2026-05-04 13:44:28.824,MoveToLL,MoveToLL_moveToObjPosition_StackOnTwoML_stick6_robot1_finallocstick6_rpmanipulate_stick2_stick1_gripper1_layer1_layer2,planned,finallocstick6,,0.30,0.30,"0.335155;0.883030;0.008500;0.518512;-3.098508;0.000000","",True,19152.39,0.00,21187.25,240.40,0.00,240.40,,
64,2026-05-04 13:44:50.131,MoveToLL,MoveToLL_moveToRobotPos_StackOnTwoML_stick6_robot1_finallocstick6_rpmanipulate_stick2_stick1_gripper1_layer1_layer2,movej,rpmanipulate,,0.30,0.30,"0.133776;0.348742;0.490041;0.000000;-3.141590;0.000000","1.656148;-0.959557;-2.051016;-1.701770;1.553554;1.650556",True,17806.15,0.00,19832.14,120.07,0.00,120.07,,
65,2026-05-04 13:45:12.762,MoveToLL,MoveToLL_moveToTarget_TravelML_robot1_rpmanipulate_rppickup_dup10,movej,rppickup,,0.30,0.30,"0.607360;-0.274802;0.339901;0.000000;-3.141590;0.000000","-0.128900;-1.540886;-1.932730;-1.238644;1.554514;1.433690",True,15313.62,0.00,17350.42,2799.13,0.00,2799.13,,
66,2026-05-04 13:45:30.369,MoveToLL,MoveToLL_moveToPickPosition_PickUpML_stick7_initlocstick7_robot1_gripper1_rppickup,movel,initlocstick7,,0.30,0.30,"0.607370;-0.274820;-0.006000;0.000000;-3.141590;0.000000","",True,6339.94,0.00,8365.55,256.68,0.00,256.68,,
67,2026-05-04 13:45:38.865,CloseGripperLL,CloseGripperLL_closeGripper_PickUpML_stick7_initlocstick7_robot1_gripper1_rppickup,close_gripper,,,0.50,1.00,"","",True,19.12,0.00,2041.31,130.21,0.00,130.21,,
68,2026-05-04 13:45:41.030,MoveToLL,MoveToLL_moveToRetract_PickUpML_stick7_initlocstick7_robot1_gripper1_rppickup,movel,rppickup,,0.30,0.30,"0.607360;-0.274802;0.339901;0.000000;-3.141590;0.000000","-0.128900;-1.540886;-1.932730;-1.238644;1.554514;1.433690",True,5939.19,0.00,7985.68,123.43,0.00,123.43,,
69,2026-05-04 13:45:51.991,MoveToLL,MoveToLL_moveToTarget_TravelML_robot1_rppickup_rpmanipulate_dup9,movej,rpmanipulate,,0.30,0.30,"0.133776;0.348742;0.490041;0.000000;-3.141590;0.000000","1.656148;-0.959557;-2.051016;-1.701770;1.553554;1.650556",True,15246.43,0.00,17270.13,2974.91,0.00,2974.91,,
70,2026-05-04 13:46:09.502,MoveToLL,MoveToLL_moveToObjPosition_StackOnTwoML_stick7_robot1_finallocstick7_rpmanipulate_stick2_stick3_gripper1_layer1_layer2,planned,finallocstick7,,0.30,0.30,"0.234723;0.677114;0.007500;-1.824332;-2.557619;0.000000","",True,18346.52,0.00,20386.62,240.88,0.00,240.88,,
71,2026-05-04 13:46:30.008,MoveToLL,MoveToLL_moveToRobotPos_StackOnTwoML_stick7_robot1_finallocstick7_rpmanipulate_stick2_stick3_gripper1_layer1_layer2,movej,rpmanipulate,,0.30,0.30,"0.133776;0.348742;0.490041;0.000000;-3.141590;0.000000","1.656148;-0.959557;-2.051016;-1.701770;1.553554;1.650556",True,10792.00,0.00,12812.03,120.16,0.00,120.16,,
72,2026-05-04 13:46:45.551,MoveToLL,MoveToLL_moveToTarget_TravelML_robot1_rpmanipulate_rppickup_dup11,movej,rppickup,,0.30,0.30,"0.607360;-0.274802;0.339901;0.000000;-3.141590;0.000000","-0.128900;-1.540886;-1.932730;-1.238644;1.554514;1.433690",True,15389.46,0.00,17421.09,2730.96,0.00,2730.96,,
73,2026-05-04 13:47:03.236,MoveToLL,MoveToLL_moveToPickPosition_PickUpML_cube1_initloccube1_robot1_gripper1_rppickup,movel,initloccube1,,0.30,0.30,"0.607370;-0.274820;-0.009000;0.000000;-3.141590;0.000000","",True,6332.65,0.00,8358.06,263.33,0.00,263.33,,
74,2026-05-04 13:47:11.718,CloseGripperLL,CloseGripperLL_closeGripper_PickUpML_cube1_initloccube1_robot1_gripper1_rppickup,close_gripper,,,0.50,1.00,"","",True,15.07,0.00,2050.92,123.93,0.00,123.93,,
75,2026-05-04 13:47:13.892,MoveToLL,MoveToLL_moveToRetract_PickUpML_cube1_initloccube1_robot1_gripper1_rppickup,movel,rppickup,,0.30,0.30,"0.607360;-0.274802;0.339901;0.000000;-3.141590;0.000000","-0.128900;-1.540886;-1.932730;-1.238644;1.554514;1.433690",True,5966.84,0.00,7985.11,123.20,0.00,123.20,,
76,2026-05-04 13:47:24.524,MoveToLL,MoveToLL_moveToTarget_TravelML_robot1_rppickup_rpmanipulate_dup10,movej,rpmanipulate,,0.30,0.30,"0.133776;0.348742;0.490041;0.000000;-3.141590;0.000000","1.656148;-0.959557;-2.051016;-1.701770;1.553554;1.650556",True,15466.61,0.00,17503.74,2647.42,0.00,2647.42,,
77,2026-05-04 13:47:42.276,MoveToLL,MoveToLL_moveToObjPosition_StackML_cube1_stick1_robot1_gripper1_finalloccube1_rpmanipulate,planned,finalloccube1,,0.30,0.30,"0.197262;1.000816;0.008500;2.634761;1.711034;0.000000","",True,19947.05,0.00,21981.60,247.81,0.00,247.81,,
78,2026-05-04 13:48:04.389,MoveToLL,MoveToLL_moveToRobotPosition_StackML_cube1_stick1_robot1_gripper1_finalloccube1_rpmanipulate,movej,rpmanipulate,,0.30,0.30,"0.133776;0.348742;0.490041;0.000000;-3.141590;0.000000","1.656148;-0.959557;-2.051016;-1.701770;1.553554;1.650556",True,12864.62,0.00,14906.34,131.35,0.00,131.35,,
79,2026-05-04 13:48:22.189,MoveToLL,MoveToLL_moveToTarget_TravelML_robot1_rpmanipulate_rppickup_dup12,movej,rppickup,,0.30,0.30,"0.607360;-0.274802;0.339901;0.000000;-3.141590;0.000000","-0.128900;-1.540886;-1.932730;-1.238644;1.554514;1.433690",True,15305.93,0.00,17350.62,2893.39,0.00,2893.39,,
80,2026-05-04 13:48:39.789,MoveToLL,MoveToLL_moveToPickPosition_PickUpML_stick8_initlocstick8_robot1_gripper1_rppickup,movel,initlocstick8,,0.30,0.30,"0.607370;-0.274820;-0.006000;0.000000;-3.141590;0.000000","",True,6351.19,0.00,8369.98,250.14,0.00,250.14,,
81,2026-05-04 13:48:48.290,CloseGripperLL,CloseGripperLL_closeGripper_PickUpML_stick8_initlocstick8_robot1_gripper1_rppickup,close_gripper,,,0.50,1.00,"","",True,13.68,0.00,2037.33,130.74,0.00,130.74,,
82,2026-05-04 13:48:50.449,MoveToLL,MoveToLL_moveToRetract_PickUpML_stick8_initlocstick8_robot1_gripper1_rppickup,movel,rppickup,,0.30,0.30,"0.607360;-0.274802;0.339901;0.000000;-3.141590;0.000000","-0.128900;-1.540886;-1.932730;-1.238644;1.554514;1.433690",True,5950.51,0.00,7986.19,121.84,0.00,121.84,,
83,2026-05-04 13:49:01.629,MoveToLL,MoveToLL_moveToTarget_TravelML_robot1_rppickup_rpmanipulate_dup11,movej,rpmanipulate,,0.30,0.30,"0.133776;0.348742;0.490041;0.000000;-3.141590;0.000000","1.656148;-0.959557;-2.051016;-1.701770;1.553554;1.650556",True,15027.87,0.00,17057.36,3193.94,0.00,3193.94,,
84,2026-05-04 13:49:18.945,MoveToLL,MoveToLL_moveToObjPosition_StackOnTwoML_stick8_robot1_finallocstick8_rpmanipulate_stick3_stick4_gripper1_layer1_layer2,planned,finallocstick8,,0.30,0.30,"0.017773;0.746311;0.007500;3.120133;-0.366573;0.000000","",True,19954.11,0.00,21971.73,258.39,0.00,258.39,,
85,2026-05-04 13:49:41.050,MoveToLL,MoveToLL_moveToRobotPos_StackOnTwoML_stick8_robot1_finallocstick8_rpmanipulate_stick3_stick4_gripper1_layer1_layer2,movej,rpmanipulate,,0.30,0.30,"0.133776;0.348742;0.490041;0.000000;-3.141590;0.000000","1.656148;-0.959557;-2.051016;-1.701770;1.553554;1.650556",True,16381.36,0.00,18414.59,132.85,0.00,132.85,,
86,2026-05-04 13:50:02.245,MoveToLL,MoveToLL_moveToTarget_TravelML_robot1_rpmanipulate_rppickup_dup13,movej,rppickup,,0.30,0.30,"0.607360;-0.274802;0.339901;0.000000;-3.141590;0.000000","-0.128900;-1.540886;-1.932730;-1.238644;1.554514;1.433690",True,15350.02,0.00,17369.44,2780.97,0.00,2780.97,,
87,2026-05-04 13:50:19.882,MoveToLL,MoveToLL_moveToPickPosition_PickUpML_stick9_initlocstick9_robot1_gripper1_rppickup,movel,initlocstick9,,0.30,0.30,"0.607370;-0.274820;-0.006000;0.000000;-3.141590;0.000000","",True,6306.11,0.00,8354.61,267.39,0.00,267.39,,
88,2026-05-04 13:50:28.366,CloseGripperLL,CloseGripperLL_closeGripper_PickUpML_stick9_initlocstick9_robot1_gripper1_rppickup,close_gripper,,,0.50,1.00,"","",True,12.38,0.00,2034.79,129.51,0.00,129.51,,
89,2026-05-04 13:50:30.532,MoveToLL,MoveToLL_moveToRetract_PickUpML_stick9_initlocstick9_robot1_gripper1_rppickup,movel,rppickup,,0.30,0.30,"0.607360;-0.274802;0.339901;0.000000;-3.141590;0.000000","-0.128900;-1.540886;-1.932730;-1.238644;1.554514;1.433690",True,5243.01,0.00,7277.85,131.23,0.00,131.23,,
90,2026-05-04 13:50:40.729,MoveToLL,MoveToLL_moveToTarget_TravelML_robot1_rppickup_rpmanipulate_dup12,movej,rpmanipulate,,0.30,0.30,"0.133776;0.348742;0.490041;0.000000;-3.141590;0.000000","1.656148;-0.959557;-2.051016;-1.701770;1.553554;1.650556",True,15251.35,0.00,17283.23,2918.79,0.00,2918.79,,
91,2026-05-04 13:50:58.258,MoveToLL,MoveToLL_moveToObjPosition_StackOnTwoML_stick9_robot1_finallocstick9_rpmanipulate_stick5_stick4_gripper1_layer1_layer2,planned,finallocstick9,,0.30,0.30,"-0.093277;0.952227;0.007500;2.557619;1.824332;0.000000","",True,17544.78,0.00,19581.07,246.17,0.00,246.17,,
92,2026-05-04 13:51:17.960,MoveToLL,MoveToLL_moveToRobotPos_StackOnTwoML_stick9_robot1_finallocstick9_rpmanipulate_stick5_stick4_gripper1_layer1_layer2,movej,rpmanipulate,,0.30,0.30,"0.133776;0.348742;0.490041;0.000000;-3.141590;0.000000","1.656148;-0.959557;-2.051016;-1.701770;1.553554;1.650556",True,12182.33,0.00,14213.52,120.83,0.00,120.83,,
93,2026-05-04 13:51:35.009,MoveToLL,MoveToLL_moveToTarget_TravelML_robot1_rpmanipulate_rptoolchange,movej,rptoolchange,,0.30,0.30,"-0.276143;0.385864;0.086921;-3.141491;-0.002589;-0.000081","2.086106;-1.186673;-2.396030;-1.129490;1.555172;0.503193",True,11073.33,0.00,13103.19,2835.27,0.00,2835.27,,
94,2026-05-04 13:51:48.617,DeequipToolLL,DeequipToolLL_deequipTool_DeequipML_robot1_gripper1_equiplocgripper_rptoolchange,play_program,,,0.50,1.00,"","",True,20812.77,0.00,22866.34,504.49,0.00,504.49,,
95,2026-05-04 13:52:11.737,EquipToolLL,EquipToolLL_equipTool_EquipeML_robot1_staplergun1_rptoolchange_equiplocstapler,play_program,,,0.50,1.00,"","",True,10405.38,0.00,12430.90,254.04,0.00,254.04,,
96,2026-05-04 13:52:27.020,MoveToLL,MoveToLL_moveToTarget_TravelML_robot1_rptoolchange_rpmanipulate,movej,rpmanipulate,,0.30,0.30,"0.133776;0.348742;0.490041;0.000000;-3.141590;0.000000","1.656148;-0.959557;-2.051016;-1.701770;1.553554;1.650556",True,10742.85,0.00,12781.04,2852.03,0.00,2852.03,,
97,2026-05-04 13:52:40.308,NailingLL,NailingLL_nailStep_NailingML_cube1_stick1_robot1_staplergun1_rpmanipulate,planned,unknown,nailgun,0.30,0.30,"0.197262;1.000816;0.028550;0.000000;0.000000;0.000000","",True,22090.33,0.00,24137.36,506.55,0.00,506.55,,
98,2026-05-04 13:53:07.221,NailingLL,NailingLL_nailStep_NailingML_cube2_stick5_robot1_staplergun1_rpmanipulate,planned,unknown,nailgun,0.30,0.30,"-0.223697;0.941799;0.027575;0.000000;0.000000;0.000000","",True,16733.56,0.00,18779.84,2776.45,0.00,2776.45,,
99,2026-05-04 13:53:28.884,NailingLL,NailingLL_nailStep_NailingML_stick6_stick1_robot1_staplergun1_rpmanipulate,planned,unknown,nailgun,0.30,0.30,"0.312222;0.949632;0.028575;0.000000;0.000000;0.000000","",True,11772.55,0.00,13816.11,2883.04,0.00,2883.04,,
100,2026-05-04 13:53:45.501,NailingLL,NailingLL_nailStep_NailingML_stick6_stick2_robot1_staplergun1_rpmanipulate,planned,unknown,nailgun,0.30,0.30,"0.363724;0.822353;0.028050;0.000000;0.000000;0.000000","",True,8674.35,0.00,10717.17,2800.53,0.00,2800.53,,
101,2026-05-04 13:53:59.019,NailingLL,NailingLL_nailStep_NailingML_stick7_stick2_robot1_staplergun1_rpmanipulate,planned,unknown,nailgun,0.30,0.30,"0.301325;0.700047;0.027575;0.000000;0.000000;0.000000","",True,15092.94,0.00,17123.11,2801.31,0.00,2801.31,,
102,2026-05-04 13:54:18.942,NailingLL,NailingLL_nailStep_NailingML_stick7_stick3_robot1_staplergun1_rpmanipulate,planned,unknown,nailgun,0.30,0.30,"0.174386;0.656339;0.027550;0.000000;0.000000;0.000000","",True,15078.54,0.00,17123.18,2799.05,0.00,2799.05,,
103,2026-05-04 13:54:38.858,NailingLL,NailingLL_nailStep_NailingML_stick8_stick3_robot1_staplergun1_rpmanipulate,planned,unknown,nailgun,0.30,0.30,"0.013413;0.728009;0.027550;0.000000;0.000000;0.000000","",True,9505.09,0.00,11566.57,2793.01,0.00,2793.01,,
104,2026-05-04 13:54:53.100,NailingLL,NailingLL_nailStep_NailingML_stick8_stick4_robot1_staplergun1_rpmanipulate,planned,unknown,nailgun,0.30,0.30,"0.030679;0.800475;0.027550;0.000000;0.000000;0.000000","",True,12009.78,0.00,14043.37,2675.75,0.00,2675.75,,
105,2026-05-04 13:55:09.994,NailingLL,NailingLL_nailStep_NailingML_stick9_stick4_robot1_staplergun1_rpmanipulate,planned,unknown,nailgun,0.30,0.30,"-0.026675;0.929294;0.027550;0.000000;0.000000;0.000000","",True,12628.39,0.00,14672.18,2850.51,0.00,2850.51,,
106,2026-05-04 13:55:27.437,NailingLL,NailingLL_nailStep_NailingML_stick9_stick5_robot1_staplergun1_rpmanipulate,planned,unknown,nailgun,0.30,0.30,"-0.153614;0.973002;0.027550;0.000000;0.000000;0.000000","",True,11913.10,0.00,13947.54,2771.23,0.00,2771.23,,
107,2026-05-04 13:55:48.933,MoveToLL,MoveToLL_moveToTarget_TravelML_robot1_rpmanipulate_rptoolchange_dup2,movej,rptoolchange,,0.30,0.30,"-0.276143;0.385864;0.086921;-3.141491;-0.002589;-0.000081","2.086106;-1.186673;-2.396030;-1.129490;1.555172;0.503193",True,13368.81,0.00,15405.77,7547.84,0.00,7547.84,,
108,2026-05-04 13:56:04.852,DeequipToolLL,DeequipToolLL_deequipTool_DeequipML_robot1_staplergun1_equiplocstapler_rptoolchange,play_program,,,0.50,1.00,"","",True,7358.42,0.00,9400.23,513.88,0.00,513.88,,
109,2026-05-04 13:56:14.495,EquipToolLL,EquipToolLL_equipTool_EquipeML_robot1_gripper1_rptoolchange_equiplocgripper,play_program,,,0.50,1.00,"","",True,21146.77,0.00,23181.84,242.62,0.00,242.62,,
110,2026-05-04 13:56:41.824,MoveToLL,MoveToLL_moveToTarget_TravelML_robot1_rptoolchange_rppickup,movej,rppickup,,0.30,0.30,"0.607360;-0.274802;0.339901;0.000000;-3.141590;0.000000","-0.128900;-1.540886;-1.932730;-1.238644;1.554514;1.433690",True,18184.68,0.00,20223.44,4147.33,0.00,4147.33,,
111,2026-05-04 13:57:02.326,MoveToLL,MoveToLL_moveToPickPosition_PickUpML_stick11_initlocstick11_robot1_gripper1_rppickup,movel,initlocstick11,,0.30,0.30,"0.607370;-0.274820;-0.006000;0.000000;-3.141590;0.000000","",True,6304.09,0.00,8344.70,277.89,0.00,277.89,,
112,2026-05-04 13:57:10.801,CloseGripperLL,CloseGripperLL_closeGripper_PickUpML_stick11_initlocstick11_robot1_gripper1_rppickup,close_gripper,,,0.50,1.00,"","",True,0.81,0.00,2031.58,130.38,0.00,130.38,,
113,2026-05-04 13:57:12.958,MoveToLL,MoveToLL_moveToRetract_PickUpML_stick11_initlocstick11_robot1_gripper1_rppickup,movel,rppickup,,0.30,0.30,"0.607360;-0.274802;0.339901;0.000000;-3.141590;0.000000","-0.128900;-1.540886;-1.932730;-1.238644;1.554514;1.433690",True,5975.73,0.00,7995.51,125.78,0.00,125.78,,
114,2026-05-04 13:57:25.092,MoveToLL,MoveToLL_moveToTarget_TravelML_robot1_rppickup_rpmanipulate_dup13,movej,rpmanipulate,,0.30,0.30,"0.133776;0.348742;0.490041;0.000000;-3.141590;0.000000","1.656148;-0.959557;-2.051016;-1.701770;1.553554;1.650556",True,14958.93,0.00,16993.57,4138.26,0.00,4138.26,,
115,2026-05-04 13:57:42.330,MoveToLL,MoveToLL_moveToObjPosition_StackOnTwoML_stick11_robot1_finallocstick11_rpmanipulate_stick6_stick7_gripper1_layer2_layer3,planned,finallocstick11,,0.30,0.30,"0.325019;0.754234;0.025000;-0.760020;-3.048274;0.000000","",True,19134.00,0.00,21185.10,244.45,0.00,244.45,,
116,2026-05-04 13:58:03.623,MoveToLL,MoveToLL_moveToRobotPos_StackOnTwoML_stick11_robot1_finallocstick11_rpmanipulate_stick6_stick7_gripper1_layer2_layer3,movej,rpmanipulate,,0.30,0.30,"0.133776;0.348742;0.490041;0.000000;-3.141590;0.000000","1.656148;-0.959557;-2.051016;-1.701770;1.553554;1.650556",True,12901.50,0.00,14930.76,107.62,0.00,107.62,,
117,2026-05-04 13:58:23.004,MoveToLL,MoveToLL_moveToTarget_TravelML_robot1_rpmanipulate_rppickup_dup14,movej,rppickup,,0.30,0.30,"0.607360;-0.274802;0.339901;0.000000;-3.141590;0.000000","-0.128900;-1.540886;-1.932730;-1.238644;1.554514;1.433690",True,15273.41,0.00,17309.74,4450.13,0.00,4450.13,,
118,2026-05-04 13:58:40.557,MoveToLL,MoveToLL_moveToPickPosition_PickUpML_stick10_initlocstick10_robot1_gripper1_rppickup,movel,initlocstick10,,0.30,0.30,"0.607370;-0.274820;-0.009000;0.000000;-3.141590;0.000000","",True,6317.58,0.00,8377.47,244.18,0.00,244.18,,
119,2026-05-04 13:58:49.054,CloseGripperLL,CloseGripperLL_closeGripper_PickUpML_stick10_initlocstick10_robot1_gripper1_rppickup,close_gripper,,,0.50,1.00,"","",True,1.26,0.00,2033.03,118.97,0.00,118.97,,
120,2026-05-04 13:58:51.209,MoveToLL,MoveToLL_moveToRetract_PickUpML_stick10_initlocstick10_robot1_gripper1_rppickup,movel,rppickup,,0.30,0.30,"0.607360;-0.274802;0.339901;0.000000;-3.141590;0.000000","-0.128900;-1.540886;-1.932730;-1.238644;1.554514;1.433690",True,5968.20,0.00,8002.18,121.67,0.00,121.67,,
121,2026-05-04 13:59:03.667,MoveToLL,MoveToLL_moveToTarget_TravelML_robot1_rppickup_rpmanipulate_dup14,movej,rpmanipulate,,0.30,0.30,"0.133776;0.348742;0.490041;0.000000;-3.141590;0.000000","1.656148;-0.959557;-2.051016;-1.701770;1.553554;1.650556",True,15259.46,0.00,17294.72,4456.06,0.00,4456.06,,
122,2026-05-04 13:59:21.217,MoveToLL,MoveToLL_moveToObjPosition_StackOnTwoML_stick10_robot1_finallocstick10_rpmanipulate_cube1_stick6_gripper1_layer2_layer3,planned,finallocstick10,,0.30,0.30,"0.270176;0.966871;0.026000;1.618040;-2.692871;0.000000","",True,23936.90,0.00,25978.81,255.06,0.00,255.06,,
123,2026-05-04 13:59:47.330,MoveToLL,MoveToLL_moveToRobotPos_StackOnTwoML_stick10_robot1_finallocstick10_rpmanipulate_cube1_stick6_gripper1_layer2_layer3,movej,rpmanipulate,,0.30,0.30,"0.133776;0.348742;0.490041;0.000000;-3.141590;0.000000","1.656148;-0.959557;-2.051016;-1.701770;1.553554;1.650556",True,22686.24,0.00,24733.83,134.95,0.00,134.95,,
124,2026-05-04 14:00:16.157,MoveToLL,MoveToLL_moveToTarget_TravelML_robot1_rpmanipulate_rppickup_dup15,movej,rppickup,,0.30,0.30,"0.607360;-0.274802;0.339901;0.000000;-3.141590;0.000000","-0.128900;-1.540886;-1.932730;-1.238644;1.554514;1.433690",True,14949.39,0.00,16987.41,4092.64,0.00,4092.64,,
125,2026-05-04 14:00:33.409,MoveToLL,MoveToLL_moveToPickPosition_PickUpML_stick12_initlocstick12_robot1_gripper1_rppickup,movel,initlocstick12,,0.30,0.30,"0.607370;-0.274820;-0.006000;0.000000;-3.141590;0.000000","",True,6332.87,0.00,8357.37,264.74,0.00,264.74,,
126,2026-05-04 14:00:41.896,CloseGripperLL,CloseGripperLL_closeGripper_PickUpML_stick12_initlocstick12_robot1_gripper1_rppickup,close_gripper,,,0.50,1.00,"","",True,10.31,0.00,2048.20,130.13,0.00,130.13,,
127,2026-05-04 14:00:44.061,MoveToLL,MoveToLL_moveToRetract_PickUpML_stick12_initlocstick12_robot1_gripper1_rppickup,movel,rppickup,,0.30,0.30,"0.607360;-0.274802;0.339901;0.000000;-3.141590;0.000000","-0.128900;-1.540886;-1.932730;-1.238644;1.554514;1.433690",True,5262.03,0.00,7291.69,115.87,0.00,115.87,,
128,2026-05-04 14:00:55.425,MoveToLL,MoveToLL_moveToTarget_TravelML_robot1_rppickup_rpmanipulate_dup15,movej,rpmanipulate,,0.30,0.30,"0.133776;0.348742;0.490041;0.000000;-3.141590;0.000000","1.656148;-0.959557;-2.051016;-1.701770;1.553554;1.650556",True,14960.31,0.00,16980.49,4073.18,0.00,4073.18,,
129,2026-05-04 14:01:12.677,MoveToLL,MoveToLL_moveToObjPosition_StackOnTwoML_stick12_robot1_finallocstick12_rpmanipulate_stick7_stick8_gripper1_layer2_layer3,planned,finallocstick12,,0.30,0.30,"0.105927;0.687251;0.025000;2.692871;1.618040;0.000000","",True,17538.06,0.00,19556.98,271.24,0.00,271.24,,
130,2026-05-04 14:01:32.355,MoveToLL,MoveToLL_moveToRobotPos_StackOnTwoML_stick12_robot1_finallocstick12_rpmanipulate_stick7_stick8_gripper1_layer2_layer3,movej,rpmanipulate,,0.30,0.30,"0.133776;0.348742;0.490041;0.000000;-3.141590;0.000000","1.656148;-0.959557;-2.051016;-1.701770;1.553554;1.650556",True,10085.21,0.00,12109.13,120.58,0.00,120.58,,
131,2026-05-04 14:01:48.543,MoveToLL,MoveToLL_moveToTarget_TravelML_robot1_rpmanipulate_rppickup_dup16,movej,rppickup,,0.30,0.30,"0.607360;-0.274802;0.339901;0.000000;-3.141590;0.000000","-0.128900;-1.540886;-1.932730;-1.238644;1.554514;1.433690",True,14959.13,0.00,17008.75,4079.20,0.00,4079.20,,
132,2026-05-04 14:02:05.808,MoveToLL,MoveToLL_moveToPickPosition_PickUpML_stick15_initlocstick15_robot1_gripper1_rppickup,movel,initlocstick15,,0.30,0.30,"0.607370;-0.274820;-0.006000;0.000000;-3.141590;0.000000","",True,6341.06,0.00,8364.46,256.28,0.00,256.28,,
133,2026-05-04 14:02:14.311,CloseGripperLL,CloseGripperLL_closeGripper_PickUpML_stick15_initlocstick15_robot1_gripper1_rppickup,close_gripper,,,0.50,1.00,"","",True,26.03,0.00,2074.80,138.62,0.00,138.62,,
134,2026-05-04 14:02:16.506,MoveToLL,MoveToLL_moveToRetract_PickUpML_stick15_initlocstick15_robot1_gripper1_rppickup,movel,rppickup,,0.30,0.30,"0.607360;-0.274802;0.339901;0.000000;-3.141590;0.000000","-0.128900;-1.540886;-1.932730;-1.238644;1.554514;1.433690",True,5935.63,0.00,7977.88,120.42,0.00,120.42,,
135,2026-05-04 14:02:28.730,MoveToLL,MoveToLL_moveToTarget_TravelML_robot1_rppickup_rpmanipulate_dup16,movej,rpmanipulate,,0.30,0.30,"0.133776;0.348742;0.490041;0.000000;-3.141590;0.000000","1.656148;-0.959557;-2.051016;-1.701770;1.553554;1.650556",True,15472.43,0.00,17506.72,4246.03,0.00,4246.03,,
136,2026-05-04 14:02:46.501,MoveToLL,MoveToLL_moveToObjPosition_StackOnTwoML_stick15_robot1_finallocstick15_rpmanipulate_stick11_stick10_gripper1_layer3_layer4,planned,finallocstick15,,0.30,0.30,"0.338461;0.872217;0.043500;0.410060;-3.114716;0.000000","",True,20718.39,0.00,22766.92,264.46,0.00,264.46,,
137,2026-05-04 14:03:09.419,MoveToLL,MoveToLL_moveToRobotPos_StackOnTwoML_stick15_robot1_finallocstick15_rpmanipulate_stick11_stick10_gripper1_layer3_layer4,movej,rpmanipulate,,0.30,0.30,"0.133776;0.348742;0.490041;0.000000;-3.141590;0.000000","1.656148;-0.959557;-2.051016;-1.701770;1.553554;1.650556",True,17753.99,0.00,19803.48,150.86,0.00,150.86,,
138,2026-05-04 14:03:33.467,MoveToLL,MoveToLL_moveToTarget_TravelML_robot1_rpmanipulate_rppickup_dup17,movej,rppickup,,0.30,0.30,"0.607360;-0.274802;0.339901;0.000000;-3.141590;0.000000","-0.128900;-1.540886;-1.932730;-1.238644;1.554514;1.433690",True,15450.13,0.00,17505.80,4244.14,0.00,4244.14,,
139,2026-05-04 14:03:51.241,MoveToLL,MoveToLL_moveToPickPosition_PickUpML_cube3_initloccube3_robot1_gripper1_rppickup,movel,initloccube3,,0.30,0.30,"0.607370;-0.274820;-0.009000;0.000000;-3.141590;0.000000","",True,6319.24,0.00,8355.73,267.92,0.00,267.92,,
140,2026-05-04 14:03:59.730,CloseGripperLL,CloseGripperLL_closeGripper_PickUpML_cube3_initloccube3_robot1_gripper1_rppickup,close_gripper,,,0.50,1.00,"","",True,15.50,0.00,2042.28,133.97,0.00,133.97,,
141,2026-05-04 14:04:01.898,MoveToLL,MoveToLL_moveToRetract_PickUpML_cube3_initloccube3_robot1_gripper1_rppickup,movel,rppickup,,0.30,0.30,"0.607360;-0.274802;0.339901;0.000000;-3.141590;0.000000","-0.128900;-1.540886;-1.932730;-1.238644;1.554514;1.433690",True,5952.45,0.00,7981.89,125.86,0.00,125.86,,
142,2026-05-04 14:04:13.927,MoveToLL,MoveToLL_moveToTarget_TravelML_robot1_rppickup_rpmanipulate_dup17,movej,rpmanipulate,,0.30,0.30,"0.133776;0.348742;0.490041;0.000000;-3.141590;0.000000","1.656148;-0.959557;-2.051016;-1.701770;1.553554;1.650556",True,14987.19,0.00,17002.87,4046.24,0.00,4046.24,,
143,2026-05-04 14:04:31.176,MoveToLL,MoveToLL_moveToObjPosition_StackML_cube3_stick10_robot1_gripper1_finalloccube3_rpmanipulate,planned,finalloccube3,,0.30,0.30,"0.215826;0.995971;0.043500;2.692871;1.618040;0.000000","",True,19961.46,0.00,21983.19,246.78,0.00,246.78,,
144,2026-05-04 14:04:53.292,MoveToLL,MoveToLL_moveToRobotPosition_StackML_cube3_stick10_robot1_gripper1_finalloccube3_rpmanipulate,movej,rpmanipulate,,0.30,0.30,"0.133776;0.348742;0.490041;0.000000;-3.141590;0.000000","1.656148;-0.959557;-2.051016;-1.701770;1.553554;1.650556",True,12876.63,0.00,14906.72,132.19,0.00,132.19,,
145,2026-05-04 14:05:12.347,MoveToLL,MoveToLL_moveToTarget_TravelML_robot1_rpmanipulate_rppickup_dup18,movej,rppickup,,0.30,0.30,"0.607360;-0.274802;0.339901;0.000000;-3.141590;0.000000","-0.128900;-1.540886;-1.932730;-1.238644;1.554514;1.433690",True,15563.21,0.00,17603.84,4148.96,0.00,4148.96,,
146,2026-05-04 14:05:30.206,MoveToLL,MoveToLL_moveToPickPosition_PickUpML_stick16_initlocstick16_robot1_gripper1_rppickup,movel,initlocstick16,,0.30,0.30,"0.607370;-0.274820;-0.006000;0.000000;-3.141590;0.000000","",True,6347.04,0.00,8366.86,255.38,0.00,255.38,,
147,2026-05-04 14:05:38.692,CloseGripperLL,CloseGripperLL_closeGripper_PickUpML_stick16_initlocstick16_robot1_gripper1_rppickup,close_gripper,,,0.50,1.00,"","",True,9.31,0.00,2031.04,118.91,0.00,118.91,,
148,2026-05-04 14:05:40.858,MoveToLL,MoveToLL_moveToRetract_PickUpML_stick16_initlocstick16_robot1_gripper1_rppickup,movel,rppickup,,0.30,0.30,"0.607360;-0.274802;0.339901;0.000000;-3.141590;0.000000","-0.128900;-1.540886;-1.932730;-1.238644;1.554514;1.433690",True,5932.41,0.00,7978.96,135.00,0.00,135.00,,
149,2026-05-04 14:05:53.019,MoveToLL,MoveToLL_moveToTarget_TravelML_robot1_rppickup_rpmanipulate_dup18,movej,rpmanipulate,,0.30,0.30,"0.133776;0.348742;0.490041;0.000000;-3.141590;0.000000","1.656148;-0.959557;-2.051016;-1.701770;1.553554;1.650556",True,15515.27,0.00,17570.44,4181.47,0.00,4181.47,,
150,2026-05-04 14:06:10.852,MoveToLL,MoveToLL_moveToObjPosition_StackOnTwoML_stick16_robot1_finallocstick16_rpmanipulate_stick11_stick12_gripper1_layer3_layer4,planned,finallocstick16,,0.30,0.30,"0.223910;0.673808;0.042500;-1.912480;-2.492393;0.000000","",True,15155.74,0.00,17201.53,263.26,0.00,263.26,,
151,2026-05-04 14:06:28.187,MoveToLL,MoveToLL_moveToRobotPos_StackOnTwoML_stick16_robot1_finallocstick16_rpmanipulate_stick11_stick12_gripper1_layer3_layer4,movej,rpmanipulate,,0.30,0.30,"0.133776;0.348742;0.490041;0.000000;-3.141590;0.000000","1.656148;-0.959557;-2.051016;-1.701770;1.553554;1.650556",True,10033.96,0.00,12079.82,132.62,0.00,132.62,,
152,2026-05-04 14:06:44.262,MoveToLL,MoveToLL_moveToTarget_TravelML_robot1_rpmanipulate_rppickup_dup19,movej,rppickup,,0.30,0.30,"0.607360;-0.274802;0.339901;0.000000;-3.141590;0.000000","-0.128900;-1.540886;-1.932730;-1.238644;1.554514;1.433690",True,15019.63,0.00,17056.18,3995.55,0.00,3995.55,,
153,2026-05-04 14:07:01.570,MoveToLL,MoveToLL_moveToPickPosition_PickUpML_stick14_initlocstick14_robot1_gripper1_rppickup,movel,initlocstick14,,0.30,0.30,"0.607370;-0.274820;-0.009000;0.000000;-3.141590;0.000000","",True,6324.98,0.00,8371.05,251.61,0.00,251.61,,
154,2026-05-04 14:07:10.067,CloseGripperLL,CloseGripperLL_closeGripper_PickUpML_stick14_initlocstick14_robot1_gripper1_rppickup,close_gripper,,,0.50,1.00,"","",True,13.06,0.00,2047.10,126.71,0.00,126.71,,
155,2026-05-04 14:07:12.237,MoveToLL,MoveToLL_moveToRetract_PickUpML_stick14_initlocstick14_robot1_gripper1_rppickup,movel,rppickup,,0.30,0.30,"0.607360;-0.274802;0.339901;0.000000;-3.141590;0.000000","-0.128900;-1.540886;-1.932730;-1.238644;1.554514;1.433690",True,5939.72,0.00,7989.62,122.12,0.00,122.12,,
156,2026-05-04 14:07:24.729,MoveToLL,MoveToLL_moveToTarget_TravelML_robot1_rppickup_rpmanipulate_dup19,movej,rpmanipulate,,0.30,0.30,"0.133776;0.348742;0.490041;0.000000;-3.141590;0.000000","1.656148;-0.959557;-2.051016;-1.701770;1.553554;1.650556",True,15273.48,0.00,17307.41,4502.38,0.00,4502.38,,
157,2026-05-04 14:07:42.317,MoveToLL,MoveToLL_moveToObjPosition_StackOnTwoML_stick14_robot1_finallocstick14_rpmanipulate_cube2_stick9_gripper1_layer2_layer3,planned,finallocstick14,,0.30,0.30,"-0.188963;0.959695;0.025000;-1.618040;-2.692871;0.000000","",True,19896.42,0.00,21946.49,281.05,0.00,281.05,,
158,2026-05-04 14:08:04.396,MoveToLL,MoveToLL_moveToRobotPos_StackOnTwoML_stick14_robot1_finallocstick14_rpmanipulate_cube2_stick9_gripper1_layer2_layer3,movej,rpmanipulate,,0.30,0.30,"0.133776;0.348742;0.490041;0.000000;-3.141590;0.000000","1.656148;-0.959557;-2.051016;-1.701770;1.553554;1.650556",True,12174.04,0.00,14203.50,132.63,0.00,132.63,,
159,2026-05-04 14:08:22.771,MoveToLL,MoveToLL_moveToTarget_TravelML_robot1_rpmanipulate_rppickup_dup20,movej,rppickup,,0.30,0.30,"0.607360;-0.274802;0.339901;0.000000;-3.141590;0.000000","-0.128900;-1.540886;-1.932730;-1.238644;1.554514;1.433690",True,15523.25,0.00,17582.86,4170.77,0.00,4170.77,,
160,2026-05-04 14:08:40.612,MoveToLL,MoveToLL_moveToPickPosition_PickUpML_stick13_initlocstick13_robot1_gripper1_rppickup,movel,initlocstick13,,0.30,0.30,"0.607370;-0.274820;-0.006000;0.000000;-3.141590;0.000000","",True,6310.58,0.00,8365.25,258.60,0.00,258.60,,
161,2026-05-04 14:08:49.115,CloseGripperLL,CloseGripperLL_closeGripper_PickUpML_stick13_initlocstick13_robot1_gripper1_rppickup,close_gripper,,,0.50,1.00,"","",True,13.69,0.00,2042.28,137.78,0.00,137.78,,
162,2026-05-04 14:08:51.284,MoveToLL,MoveToLL_moveToRetract_PickUpML_stick13_initlocstick13_robot1_gripper1_rppickup,movel,rppickup,,0.30,0.30,"0.607360;-0.274802;0.339901;0.000000;-3.141590;0.000000","-0.128900;-1.540886;-1.932730;-1.238644;1.554514;1.433690",True,5239.94,0.00,7281.46,126.38,0.00,126.38,,
163,2026-05-04 14:09:03.050,MoveToLL,MoveToLL_moveToTarget_TravelML_robot1_rppickup_rpmanipulate_dup20,movej,rpmanipulate,,0.30,0.30,"0.133776;0.348742;0.490041;0.000000;-3.141590;0.000000","1.656148;-0.959557;-2.051016;-1.701770;1.553554;1.650556",True,15260.81,0.00,17298.73,4484.74,0.00,4484.74,,
164,2026-05-04 14:09:20.612,MoveToLL,MoveToLL_moveToObjPosition_StackOnTwoML_stick13_robot1_finallocstick13_rpmanipulate_stick8_stick9_gripper1_layer2_layer3,planned,finallocstick13,,0.30,0.30,"-0.002981;0.875107;0.025000;3.048274;0.760020;0.000000","",True,19112.91,0.00,21164.25,263.44,0.00,263.44,,
165,2026-05-04 14:09:41.904,MoveToLL,MoveToLL_moveToRobotPos_StackOnTwoML_stick13_robot1_finallocstick13_rpmanipulate_stick8_stick9_gripper1_layer2_layer3,movej,rpmanipulate,,0.30,0.30,"0.133776;0.348742;0.490041;0.000000;-3.141590;0.000000","1.656148;-0.959557;-2.051016;-1.701770;1.553554;1.650556",True,11459.09,0.00,13510.21,127.70,0.00,127.70,,
166,2026-05-04 14:09:59.453,MoveToLL,MoveToLL_moveToTarget_TravelML_robot1_rpmanipulate_rppickup_dup21,movej,rppickup,,0.30,0.30,"0.607360;-0.274802;0.339901;0.000000;-3.141590;0.000000","-0.128900;-1.540886;-1.932730;-1.238644;1.554514;1.433690",True,14964.32,0.00,17011.36,4039.00,0.00,4039.00,,
167,2026-05-04 14:10:16.721,MoveToLL,MoveToLL_moveToPickPosition_PickUpML_cube4_initloccube4_robot1_gripper1_rppickup,movel,initloccube4,,0.30,0.30,"0.607370;-0.274820;-0.009000;0.000000;-3.141590;0.000000","",True,6328.68,0.00,8366.38,256.17,0.00,256.17,,
168,2026-05-04 14:10:25.220,CloseGripperLL,CloseGripperLL_closeGripper_PickUpML_cube4_initloccube4_robot1_gripper1_rppickup,close_gripper,,,0.50,1.00,"","",True,13.00,0.00,2040.73,132.76,0.00,132.76,,
169,2026-05-04 14:10:27.398,MoveToLL,MoveToLL_moveToRetract_PickUpML_cube4_initloccube4_robot1_gripper1_rppickup,movel,rppickup,,0.30,0.30,"0.607360;-0.274802;0.339901;0.000000;-3.141590;0.000000","-0.128900;-1.540886;-1.932730;-1.238644;1.554514;1.433690",True,5937.43,0.00,7972.12,137.09,0.00,137.09,,
170,2026-05-04 14:10:39.535,MoveToLL,MoveToLL_moveToTarget_TravelML_robot1_rppickup_rpmanipulate_dup21,movej,rpmanipulate,,0.30,0.30,"0.133776;0.348742;0.490041;0.000000;-3.141590;0.000000","1.656148;-0.959557;-2.051016;-1.701770;1.553554;1.650556",True,15547.96,0.00,17588.67,4165.13,0.00,4165.13,,
171,2026-05-04 14:10:57.399,MoveToLL,MoveToLL_moveToObjPosition_StackML_cube4_stick14_robot1_gripper1_finalloccube4_rpmanipulate,planned,finalloccube4,,0.30,0.30,"-0.236642;0.934344;0.042500;-1.618040;-2.692871;0.000000","",True,17524.84,0.00,19552.43,275.44,0.00,275.44,,
172,2026-05-04 14:11:17.079,MoveToLL,MoveToLL_moveToRobotPosition_StackML_cube4_stick14_robot1_gripper1_finalloccube4_rpmanipulate,movej,rpmanipulate,,0.30,0.30,"0.133776;0.348742;0.490041;0.000000;-3.141590;0.000000","1.656148;-0.959557;-2.051016;-1.701770;1.553554;1.650556",True,12171.66,0.00,14211.09,127.59,0.00,127.59,,
173,2026-05-04 14:11:35.210,MoveToLL,MoveToLL_moveToTarget_TravelML_robot1_rpmanipulate_rppickup_dup22,movej,rppickup,,0.30,0.30,"0.607360;-0.274802;0.339901;0.000000;-3.141590;0.000000","-0.128900;-1.540886;-1.932730;-1.238644;1.554514;1.433690",True,15096.65,0.00,17130.07,3920.15,0.00,3920.15,,
174,2026-05-04 14:11:52.601,MoveToLL,MoveToLL_moveToPickPosition_PickUpML_stick17_initlocstick17_robot1_gripper1_rppickup,movel,initlocstick17,,0.30,0.30,"0.607370;-0.274820;-0.006000;0.000000;-3.141590;0.000000","",True,6314.67,0.00,8360.50,260.68,0.00,260.68,,
175,2026-05-04 14:12:01.102,CloseGripperLL,CloseGripperLL_closeGripper_PickUpML_stick17_initlocstick17_robot1_gripper1_rppickup,close_gripper,,,0.50,1.00,"","",True,1.00,0.00,2029.12,140.88,0.00,140.88,,
176,2026-05-04 14:12:03.253,MoveToLL,MoveToLL_moveToRetract_PickUpML_stick17_initlocstick17_robot1_gripper1_rppickup,movel,rppickup,,0.30,0.30,"0.607360;-0.274802;0.339901;0.000000;-3.141590;0.000000","-0.128900;-1.540886;-1.932730;-1.238644;1.554514;1.433690",True,5969.90,0.00,8000.71,121.56,0.00,121.56,,
177,2026-05-04 14:12:15.545,MoveToLL,MoveToLL_moveToTarget_TravelML_robot1_rppickup_rpmanipulate_dup22,movej,rpmanipulate,,0.30,0.30,"0.133776;0.348742;0.490041;0.000000;-3.141590;0.000000","1.656148;-0.959557;-2.051016;-1.701770;1.553554;1.650556",True,15423.78,0.00,17462.53,4290.72,0.00,4290.72,,
178,2026-05-04 14:12:33.279,MoveToLL,MoveToLL_moveToObjPosition_StackOnTwoML_stick17_robot1_finallocstick17_rpmanipulate_stick13_stick12_gripper1_layer3_layer4,planned,finallocstick17,,0.30,0.30,"0.010461;0.757124;0.042500;3.114716;-0.410060;0.000000","",True,19918.10,0.00,21956.47,271.43,0.00,271.43,,
179,2026-05-04 14:12:55.363,MoveToLL,MoveToLL_moveToRobotPos_StackOnTwoML_stick17_robot1_finallocstick17_rpmanipulate_stick13_stick12_gripper1_layer3_layer4,movej,rpmanipulate,,0.30,0.30,"0.133776;0.348742;0.490041;0.000000;-3.141590;0.000000","1.656148;-0.959557;-2.051016;-1.701770;1.553554;1.650556",True,16405.06,0.00,18421.90,128.51,0.00,128.51,,
180,2026-05-04 14:13:17.764,MoveToLL,MoveToLL_moveToTarget_TravelML_robot1_rpmanipulate_rptoolchange_dup3,movej,rptoolchange,,0.30,0.30,"-0.276143;0.385864;0.086921;-3.141491;-0.002589;-0.000081","2.086106;-1.186673;-2.396030;-1.129490;1.555172;0.503193",True,10827.44,0.00,12860.23,3978.90,0.00,3978.90,,
181,2026-05-04 14:13:30.883,DeequipToolLL,DeequipToolLL_deequipTool_DeequipML_robot1_gripper1_equiplocgripper_rptoolchange_dup2,play_program,,,0.50,1.00,"","",True,21157.66,0.00,23173.38,258.79,0.00,258.79,,
182,2026-05-04 14:13:54.318,EquipToolLL,EquipToolLL_equipTool_EquipeML_robot1_staplergun1_rptoolchange_equiplocstapler_dup2,play_program,,,0.50,1.00,"","",True,10364.43,0.00,12392.18,261.40,0.00,261.40,,
183,2026-05-04 14:14:11.299,MoveToLL,MoveToLL_moveToTarget_TravelML_robot1_rptoolchange_rpmanipulate_dup2,movej,rpmanipulate,,0.30,0.30,"0.133776;0.348742;0.490041;0.000000;-3.141590;0.000000","1.656148;-0.959557;-2.051016;-1.701770;1.553554;1.650556",True,11230.67,0.00,13259.27,4588.35,0.00,4588.35,,
184,2026-05-04 14:14:24.815,NailingLL,NailingLL_nailStep_NailingML_stick17_stick12_robot1_staplergun1_rpmanipulate,planned,unknown,nailgun,0.30,0.30,"0.005999;0.740352;0.062542;0.000000;0.000000;0.000000","",True,19937.39,0.00,21971.77,256.71,0.00,256.71,,
185,2026-05-04 14:14:51.326,NailingLL,NailingLL_nailStep_NailingML_stick17_stick13_robot1_staplergun1_rpmanipulate,planned,unknown,nailgun,0.30,0.30,"0.026977;0.818763;0.062550;0.000000;0.000000;0.000000","",True,10941.37,0.00,12981.71,4539.39,0.00,4539.39,,
186,2026-05-04 14:15:08.684,NailingLL,NailingLL_nailStep_NailingML_cube3_stick10_robot1_staplergun1_rpmanipulate,planned,unknown,nailgun,0.30,0.30,"0.215763;0.995853;0.063550;0.000000;0.000000;0.000000","",True,15926.41,0.00,17954.01,4376.99,0.00,4376.99,,
187,2026-05-04 14:15:30.731,NailingLL,NailingLL_nailStep_NailingML_cube4_stick14_robot1_staplergun1_rpmanipulate,planned,unknown,nailgun,0.30,0.30,"-0.233772;0.935870;0.062575;0.000000;0.000000;0.000000","",True,16989.29,0.00,19032.92,4092.31,0.00,4092.31,,
188,2026-05-04 14:15:54.144,NailingLL,NailingLL_nailStep_NailingML_stick15_stick10_robot1_staplergun1_rpmanipulate,planned,unknown,nailgun,0.30,0.30,"0.320230;0.940257;0.063575;0.000000;0.000000;0.000000","",True,14401.91,0.00,16430.17,4380.47,0.00,4380.47,,
189,2026-05-04 14:16:14.851,NailingLL,NailingLL_nailStep_NailingML_stick15_stick11_robot1_staplergun1_rpmanipulate,planned,unknown,nailgun,0.30,0.30,"0.362728;0.809695;0.063050;0.000000;0.000000;0.000000","",True,9615.27,0.00,11643.19,4277.03,0.00,4277.03,,
190,2026-05-04 14:16:30.762,NailingLL,NailingLL_nailStep_NailingML_stick16_stick11_robot1_staplergun1_rpmanipulate,planned,unknown,nailgun,0.30,0.30,"0.291949;0.692040;0.062575;0.000000;0.000000;0.000000","",True,12814.12,0.00,14856.36,4266.98,0.00,4266.98,,
191,2026-05-04 14:16:49.669,NailingLL,NailingLL_nailStep_NailingML_stick16_stick12_robot1_staplergun1_rpmanipulate,planned,unknown,nailgun,0.30,0.30,"0.162271;0.657292;0.062550;0.000000;0.000000;0.000000","",True,15439.27,0.00,17475.92,4050.70,0.00,4050.70,,
192,2026-05-04 14:17:14.430,MoveToLL,MoveToLL_moveToTarget_TravelML_robot1_rpmanipulate_rptoolchange_dup4,movej,rptoolchange,,0.30,0.30,"-0.276143;0.385864;0.086921;-3.141491;-0.002589;-0.000081","2.086106;-1.186673;-2.396030;-1.129490;1.555172;0.503193",True,10828.30,0.00,12855.78,7285.19,0.00,7285.19,,
193,2026-05-04 14:17:27.778,DeequipToolLL,DeequipToolLL_deequipTool_DeequipML_robot1_staplergun1_equiplocstapler_rptoolchange_dup2,play_program,,,0.50,1.00,"","",True,7300.46,0.00,9351.36,492.67,0.00,492.67,,
194,2026-05-04 14:17:37.391,EquipToolLL,EquipToolLL_equipTool_EquipeML_robot1_gripper1_rptoolchange_equiplocgripper_dup2,play_program,,,0.50,1.00,"","",True,20666.70,0.00,22700.22,261.04,0.00,261.04,,
195,2026-05-04 14:18:04.136,MoveToLL,MoveToLL_moveToTarget_TravelML_robot1_rptoolchange_rppickup_dup2,movej,rppickup,,0.30,0.30,"0.607360;-0.274802;0.339901;0.000000;-3.141590;0.000000","-0.128900;-1.540886;-1.932730;-1.238644;1.554514;1.433690",True,18073.06,0.00,20116.64,4045.48,0.00,4045.48,,
196,2026-05-04 14:18:24.508,MoveToLL,MoveToLL_moveToPickPosition_PickUpML_stick18_initlocstick18_robot1_gripper1_rppickup,movel,initlocstick18,,0.30,0.30,"0.607370;-0.274820;-0.006000;0.000000;-3.141590;0.000000","",True,6321.01,0.00,8367.56,255.11,0.00,255.11,,
197,2026-05-04 14:18:32.992,CloseGripperLL,CloseGripperLL_closeGripper_PickUpML_stick18_initlocstick18_robot1_gripper1_rppickup,close_gripper,,,0.50,1.00,"","",True,17.54,0.00,2049.03,115.95,0.00,115.95,,
198,2026-05-04 14:18:35.153,MoveToLL,MoveToLL_moveToRetract_PickUpML_stick18_initlocstick18_robot1_gripper1_rppickup,movel,rppickup,,0.30,0.30,"0.607360;-0.274802;0.339901;0.000000;-3.141590;0.000000","-0.128900;-1.540886;-1.932730;-1.238644;1.554514;1.433690",True,5958.08,0.00,7991.61,112.40,0.00,112.40,,
199,2026-05-04 14:18:47.199,MoveToLL,MoveToLL_moveToTarget_TravelML_robot1_rppickup_rpmanipulate_dup23,movej,rpmanipulate,,0.30,0.30,"0.133776;0.348742;0.490041;0.000000;-3.141590;0.000000","1.656148;-0.959557;-2.051016;-1.701770;1.553554;1.650556",True,14967.90,0.00,16994.82,4054.88,0.00,4054.88,,
200,2026-05-04 14:19:04.446,MoveToLL,MoveToLL_moveToObjPosition_StackOnTwoML_stick18_robot1_finallocstick18_rpmanipulate_stick14_stick13_gripper1_layer3_layer4,planned,finallocstick18,,0.30,0.30,"-0.104090;0.955533;0.042500;2.492393;1.912480;0.000000","",True,19956.21,0.00,21978.66,251.38,0.00,251.38,,
201,2026-05-04 14:19:26.546,MoveToLL,MoveToLL_moveToRobotPos_StackOnTwoML_stick18_robot1_finallocstick18_rpmanipulate_stick14_stick13_gripper1_layer3_layer4,movej,rpmanipulate,,0.30,0.30,"0.133776;0.348742;0.490041;0.000000;-3.141590;0.000000","1.656148;-0.959557;-2.051016;-1.701770;1.553554;1.650556",True,12177.14,0.00,14216.05,121.55,0.00,121.55,,
202,2026-05-04 14:19:44.636,MoveToLL,MoveToLL_moveToTarget_TravelML_robot1_rpmanipulate_rptoolchange_dup5,movej,rptoolchange,,0.30,0.30,"-0.276143;0.385864;0.086921;-3.141491;-0.002589;-0.000081","2.086106;-1.186673;-2.396030;-1.129490;1.555172;0.503193",True,10925.19,0.00,12965.86,3874.49,0.00,3874.49,,
203,2026-05-04 14:19:57.854,DeequipToolLL,DeequipToolLL_deequipTool_DeequipML_robot1_gripper1_equiplocgripper_rptoolchange_dup3,play_program,,,0.50,1.00,"","",True,21290.79,0.00,23340.74,252.01,0.00,252.01,,
204,2026-05-04 14:20:21.441,EquipToolLL,EquipToolLL_equipTool_EquipeML_robot1_staplergun1_rptoolchange_equiplocstapler_dup3,play_program,,,0.50,1.00,"","",True,10332.92,0.00,12349.98,245.80,0.00,245.80,,
205,2026-05-04 14:20:38.307,MoveToLL,MoveToLL_moveToTarget_TravelML_robot1_rptoolchange_rpmanipulate_dup3,movej,rpmanipulate,,0.30,0.30,"0.133776;0.348742;0.490041;0.000000;-3.141590;0.000000","1.656148;-0.959557;-2.051016;-1.701770;1.553554;1.650556",True,11211.22,0.00,13268.61,4515.74,0.00,4515.74,,
206,2026-05-04 14:20:51.832,NailingLL,NailingLL_nailStep_NailingML_stick18_stick13_robot1_staplergun1_rpmanipulate,planned,unknown,nailgun,0.30,0.30,"-0.036051;0.937302;0.062550;0.000000;0.000000;0.000000","",True,19927.33,0.00,21972.59,256.96,0.00,256.96,,
207,2026-05-04 14:21:17.832,NailingLL,NailingLL_nailStep_NailingML_stick18_stick14_robot1_staplergun1_rpmanipulate,planned,unknown,nailgun,0.30,0.30,"-0.165729;0.972049;0.062550;0.000000;0.000000;0.000000","",True,5828.26,0.00,7887.57,4027.43,0.00,4027.43,,
208,2026-05-04 14:21:33.275,MoveToLL,MoveToLL_moveToTarget_TravelML_robot1_rpmanipulate_rptoolchange_dup6,movej,rptoolchange,,0.30,0.30,"-0.276143;0.385864;0.086921;-3.141491;-0.002589;-0.000081","2.086106;-1.186673;-2.396030;-1.129490;1.555172;0.503193",True,13370.22,0.00,15423.28,7555.09,0.00,7555.09,,
209,2026-05-04 14:21:49.198,DeequipToolLL,DeequipToolLL_deequipTool_DeequipML_robot1_staplergun1_equiplocstapler_rptoolchange_dup3,play_program,,,0.50,1.00,"","",True,7291.81,0.00,9320.81,499.90,0.00,499.90,,
210,2026-05-04 14:21:58.777,EquipToolLL,EquipToolLL_equipTool_EquipeML_robot1_gripper1_rptoolchange_equiplocgripper_dup3,play_program,,,0.50,1.00,"","",True,21159.63,0.00,23185.24,258.69,0.00,258.69,,
211,2026-05-04 14:22:26.044,MoveToLL,MoveToLL_moveToTarget_TravelML_robot1_rptoolchange_rppickup_dup3,movej,rppickup,,0.30,0.30,"0.607360;-0.274802;0.339901;0.000000;-3.141590;0.000000","-0.128900;-1.540886;-1.932730;-1.238644;1.554514;1.433690",True,18321.85,0.00,20358.66,4080.90,0.00,4080.90,,
212,2026-05-04 14:22:46.650,MoveToLL,MoveToLL_moveToPickPosition_PickUpML_stick20_initlocstick20_robot1_gripper1_rppickup,movel,initlocstick20,,0.30,0.30,"0.607370;-0.274820;-0.006000;0.000000;-3.141590;0.000000","",True,6357.37,0.00,8374.35,248.21,0.00,248.21,,
213,2026-05-04 14:22:55.139,CloseGripperLL,CloseGripperLL_closeGripper_PickUpML_stick20_initlocstick20_robot1_gripper1_rppickup,close_gripper,,,0.50,1.00,"","",True,13.91,0.00,2060.43,114.07,0.00,114.07,,
214,2026-05-04 14:22:57.314,MoveToLL,MoveToLL_moveToRetract_PickUpML_stick20_initlocstick20_robot1_gripper1_rppickup,movel,rppickup,,0.30,0.30,"0.607360;-0.274802;0.339901;0.000000;-3.141590;0.000000","-0.128900;-1.540886;-1.932730;-1.238644;1.554514;1.433690",True,5952.58,0.00,7994.66,114.49,0.00,114.49,,
215,2026-05-04 14:23:09.329,MoveToLL,MoveToLL_moveToTarget_TravelML_robot1_rppickup_rpmanipulate_dup24,movej,rpmanipulate,,0.30,0.30,"0.133776;0.348742;0.490041;0.000000;-3.141590;0.000000","1.656148;-0.959557;-2.051016;-1.701770;1.553554;1.650556",True,14995.19,0.00,17029.02,4020.39,0.00,4020.39,,
216,2026-05-04 14:23:26.609,MoveToLL,MoveToLL_moveToObjPosition_StackOnTwoML_stick20_robot1_finallocstick20_rpmanipulate_stick15_stick16_gripper1_layer4_layer5,planned,finallocstick20,,0.30,0.30,"0.319365;0.744442;0.060000;-0.865940;-3.019893;0.000000","",True,19129.12,0.00,21177.79,250.72,0.00,250.72,,
217,2026-05-04 14:23:47.913,MoveToLL,MoveToLL_moveToRobotPos_StackOnTwoML_stick20_robot1_finallocstick20_rpmanipulate_stick15_stick16_gripper1_layer4_layer5,movej,rpmanipulate,,0.30,0.30,"0.133776;0.348742;0.490041;0.000000;-3.141590;0.000000","1.656148;-0.959557;-2.051016;-1.701770;1.553554;1.650556",True,12181.57,0.00,14210.08,126.57,0.00,126.57,,
218,2026-05-04 14:24:06.179,MoveToLL,MoveToLL_moveToTarget_TravelML_robot1_rpmanipulate_rppickup_dup23,movej,rppickup,,0.30,0.30,"0.607360;-0.274802;0.339901;0.000000;-3.141590;0.000000","-0.128900;-1.540886;-1.932730;-1.238644;1.554514;1.433690",True,14950.69,0.00,17000.02,4056.03,0.00,4056.03,,
219,2026-05-04 14:24:23.430,MoveToLL,MoveToLL_moveToPickPosition_PickUpML_stick19_initlocstick19_robot1_gripper1_rppickup,movel,initlocstick19,,0.30,0.30,"0.607370;-0.274820;-0.009000;0.000000;-3.141590;0.000000","",True,6312.34,0.00,8370.79,250.96,0.00,250.96,,
220,2026-05-04 14:24:31.935,CloseGripperLL,CloseGripperLL_closeGripper_PickUpML_stick19_initlocstick19_robot1_gripper1_rppickup,close_gripper,,,0.50,1.00,"","",True,1.02,0.00,2060.16,134.66,0.00,134.66,,
221,2026-05-04 14:24:34.117,MoveToLL,MoveToLL_moveToRetract_PickUpML_stick19_initlocstick19_robot1_gripper1_rppickup,movel,rppickup,,0.30,0.30,"0.607360;-0.274802;0.339901;0.000000;-3.141590;0.000000","-0.128900;-1.540886;-1.932730;-1.238644;1.554514;1.433690",True,5972.44,0.00,8000.09,121.65,0.00,121.65,,
222,2026-05-04 14:24:46.139,MoveToLL,MoveToLL_moveToTarget_TravelML_robot1_rppickup_rpmanipulate_dup25,movej,rpmanipulate,,0.30,0.30,"0.133776;0.348742;0.490041;0.000000;-3.141590;0.000000","1.656148;-0.959557;-2.051016;-1.701770;1.553554;1.650556",True,14996.47,0.00,17029.25,4022.11,0.00,4022.11,,
223,2026-05-04 14:25:03.417,MoveToLL,MoveToLL_moveToObjPosition_StackOnTwoML_stick19_robot1_finallocstick19_rpmanipulate_cube3_stick15_gripper1_layer4_layer5,planned,finallocstick19,,0.30,0.30,"0.282669;0.958399;0.061000;1.523074;-2.747699;0.000000","",True,21538.70,0.00,23583.59,248.01,0.00,248.01,,
224,2026-05-04 14:25:27.126,MoveToLL,MoveToLL_moveToRobotPos_StackOnTwoML_stick19_robot1_finallocstick19_rpmanipulate_cube3_stick15_gripper1_layer4_layer5,movej,rpmanipulate,,0.30,0.30,"0.133776;0.348742;0.490041;0.000000;-3.141590;0.000000","1.656148;-0.959557;-2.051016;-1.701770;1.553554;1.650556",True,21981.76,0.00,24039.22,125.39,0.00,125.39,,
225,2026-05-04 14:25:55.147,MoveToLL,MoveToLL_moveToTarget_TravelML_robot1_rpmanipulate_rppickup_dup24,movej,rppickup,,0.30,0.30,"0.607360;-0.274802;0.339901;0.000000;-3.141590;0.000000","-0.128900;-1.540886;-1.932730;-1.238644;1.554514;1.433690",True,15038.05,0.00,17069.24,3982.42,0.00,3982.42,,
226,2026-05-04 14:26:12.469,MoveToLL,MoveToLL_moveToPickPosition_PickUpML_stick21_initlocstick21_robot1_gripper1_rppickup,movel,initlocstick21,,0.30,0.30,"0.607370;-0.274820;-0.006000;0.000000;-3.141590;0.000000","",True,6345.10,0.00,8368.83,252.63,0.00,252.63,,
227,2026-05-04 14:26:20.962,CloseGripperLL,CloseGripperLL_closeGripper_PickUpML_stick21_initlocstick21_robot1_gripper1_rppickup,close_gripper,,,0.50,1.00,"","",True,18.68,0.00,2045.36,123.98,0.00,123.98,,
228,2026-05-04 14:26:23.142,MoveToLL,MoveToLL_moveToRetract_PickUpML_stick21_initlocstick21_robot1_gripper1_rppickup,movel,rppickup,,0.30,0.30,"0.607360;-0.274802;0.339901;0.000000;-3.141590;0.000000","-0.128900;-1.540886;-1.932730;-1.238644;1.554514;1.433690",True,5244.94,0.00,7267.99,134.72,0.00,134.72,,
229,2026-05-04 14:26:34.514,MoveToLL,MoveToLL_moveToTarget_TravelML_robot1_rppickup_rpmanipulate_dup26,movej,rpmanipulate,,0.30,0.30,"0.133776;0.348742;0.490041;0.000000;-3.141590;0.000000","1.656148;-0.959557;-2.051016;-1.701770;1.553554;1.650556",True,14961.84,0.00,16985.42,4104.29,0.00,4104.29,,
230,2026-05-04 14:26:51.758,MoveToLL,MoveToLL_moveToObjPosition_StackOnTwoML_stick21_robot1_finallocstick21_rpmanipulate_stick16_stick17_gripper1_layer4_layer5,planned,finallocstick21,,0.30,0.30,"0.096134;0.692905;0.060000;2.747699;1.523074;0.000000","",True,17537.75,0.00,19568.43,258.45,0.00,258.45,,
231,2026-05-04 14:27:11.453,MoveToLL,MoveToLL_moveToRobotPos_StackOnTwoML_stick21_robot1_finallocstick21_rpmanipulate_stick16_stick17_gripper1_layer4_layer5,movej,rpmanipulate,,0.30,0.30,"0.133776;0.348742;0.490041;0.000000;-3.141590;0.000000","1.656148;-0.959557;-2.051016;-1.701770;1.553554;1.650556",True,10075.61,0.00,12105.30,126.04,0.00,126.04,,
232,2026-05-04 14:27:27.551,MoveToLL,MoveToLL_moveToTarget_TravelML_robot1_rpmanipulate_rppickup_dup25,movej,rppickup,,0.30,0.30,"0.607360;-0.274802;0.339901;0.000000;-3.141590;0.000000","-0.128900;-1.540886;-1.932730;-1.238644;1.554514;1.433690",True,15027.10,0.00,17055.99,3993.44,0.00,3993.44,,
233,2026-05-04 14:27:44.894,MoveToLL,MoveToLL_moveToPickPosition_PickUpML_stick24_initlocstick24_robot1_gripper1_rppickup,movel,initlocstick24,,0.30,0.30,"0.607370;-0.274820;-0.006000;0.000000;-3.141590;0.000000","",True,6308.97,0.00,8336.70,286.63,0.00,286.63,,
234,2026-05-04 14:27:53.362,CloseGripperLL,CloseGripperLL_closeGripper_PickUpML_stick24_initlocstick24_robot1_gripper1_rppickup,close_gripper,,,0.50,1.00,"","",True,13.39,0.00,2036.62,131.16,0.00,131.16,,
235,2026-05-04 14:27:55.534,MoveToLL,MoveToLL_moveToRetract_PickUpML_stick24_initlocstick24_robot1_gripper1_rppickup,movel,rppickup,,0.30,0.30,"0.607360;-0.274802;0.339901;0.000000;-3.141590;0.000000","-0.128900;-1.540886;-1.932730;-1.238644;1.554514;1.433690",True,5952.98,0.00,7975.04,135.15,0.00,135.15,,
236,2026-05-04 14:28:07.507,MoveToLL,MoveToLL_moveToTarget_TravelML_robot1_rppickup_rpmanipulate_dup27,movej,rpmanipulate,,0.30,0.30,"0.133776;0.348742;0.490041;0.000000;-3.141590;0.000000","1.656148;-0.959557;-2.051016;-1.701770;1.553554;1.650556",True,15020.87,0.00,17053.60,3998.63,0.00,3998.63,,
237,2026-05-04 14:28:24.822,MoveToLL,MoveToLL_moveToObjPosition_StackOnTwoML_stick24_robot1_finallocstick24_rpmanipulate_stick20_stick19_gripper1_layer5_layer6,planned,finallocstick24,,0.30,0.30,"0.341005;0.861199;0.078500;0.301108;-3.127129;0.000000","",True,19990.29,0.00,22038.80,260.70,0.00,260.70,,
238,2026-05-04 14:28:46.984,MoveToLL,MoveToLL_moveToRobotPos_StackOnTwoML_stick24_robot1_finallocstick24_rpmanipulate_stick20_stick19_gripper1_layer5_layer6,movej,rpmanipulate,,0.30,0.30,"0.133776;0.348742;0.490041;0.000000;-3.141590;0.000000","1.656148;-0.959557;-2.051016;-1.701770;1.553554;1.650556",True,17100.62,0.00,19128.36,123.58,0.00,123.58,,
239,2026-05-04 14:29:10.130,MoveToLL,MoveToLL_moveToTarget_TravelML_robot1_rpmanipulate_rppickup_dup26,movej,rppickup,,0.30,0.30,"0.607360;-0.274802;0.339901;0.000000;-3.141590;0.000000","-0.128900;-1.540886;-1.932730;-1.238644;1.554514;1.433690",True,14982.83,0.00,17033.39,4017.92,0.00,4017.92,,
240,2026-05-04 14:29:27.424,MoveToLL,MoveToLL_moveToPickPosition_PickUpML_cube5_initloccube5_robot1_gripper1_rppickup,movel,initloccube5,,0.30,0.30,"0.607370;-0.274820;-0.009000;0.000000;-3.141590;0.000000","",True,6318.61,0.00,8362.44,260.53,0.00,260.53,,
241,2026-05-04 14:29:35.924,CloseGripperLL,CloseGripperLL_closeGripper_PickUpML_cube5_initloccube5_robot1_gripper1_rppickup,close_gripper,,,0.50,1.00,"","",True,12.65,0.00,2052.66,137.42,0.00,137.42,,
242,2026-05-04 14:29:38.097,MoveToLL,MoveToLL_moveToRetract_PickUpML_cube5_initloccube5_robot1_gripper1_rppickup,movel,rppickup,,0.30,0.30,"0.607360;-0.274802;0.339901;0.000000;-3.141590;0.000000","-0.128900;-1.540886;-1.932730;-1.238644;1.554514;1.433690",True,5957.94,0.00,7991.63,119.83,0.00,119.83,,
243,2026-05-04 14:29:50.382,MoveToLL,MoveToLL_moveToTarget_TravelML_robot1_rppickup_rpmanipulate_dup28,movej,rpmanipulate,,0.30,0.30,"0.133776;0.348742;0.490041;0.000000;-3.141590;0.000000","1.656148;-0.959557;-2.051016;-1.701770;1.553554;1.650556",True,15399.06,0.00,17456.60,4294.21,0.00,4294.21,,
244,2026-05-04 14:30:08.097,MoveToLL,MoveToLL_moveToObjPosition_StackML_cube5_stick19_robot1_gripper1_finalloccube5_rpmanipulate,planned,finalloccube5,,0.30,0.30,"0.233549;0.989097;0.078500;2.747699;1.523074;0.000000","",True,19912.02,0.00,21970.23,257.62,0.00,257.62,,
245,2026-05-04 14:30:30.196,MoveToLL,MoveToLL_moveToRobotPosition_StackML_cube5_stick19_robot1_gripper1_finalloccube5_rpmanipulate,movej,rpmanipulate,,0.30,0.30,"0.133776;0.348742;0.490041;0.000000;-3.141590;0.000000","1.656148;-0.959557;-2.051016;-1.701770;1.553554;1.650556",True,12177.86,0.00,14209.19,129.29,0.00,129.29,,
246,2026-05-04 14:30:48.297,MoveToLL,MoveToLL_moveToTarget_TravelML_robot1_rpmanipulate_rppickup_dup27,movej,rppickup,,0.30,0.30,"0.607360;-0.274802;0.339901;0.000000;-3.141590;0.000000","-0.128900;-1.540886;-1.932730;-1.238644;1.554514;1.433690",True,15095.73,0.00,17158.04,3891.40,0.00,3891.40,,
247,2026-05-04 14:31:05.712,MoveToLL,MoveToLL_moveToPickPosition_PickUpML_stick25_initlocstick25_robot1_gripper1_rppickup,movel,initlocstick25,,0.30,0.30,"0.607370;-0.274820;-0.006000;0.000000;-3.141590;0.000000","",True,6318.45,0.00,8364.30,257.17,0.00,257.17,,
248,2026-05-04 14:31:14.207,CloseGripperLL,CloseGripperLL_closeGripper_PickUpML_stick25_initlocstick25_robot1_gripper1_rppickup,close_gripper,,,0.50,1.00,"","",True,13.81,0.00,2070.84,130.28,0.00,130.28,,
249,2026-05-04 14:31:16.393,MoveToLL,MoveToLL_moveToRetract_PickUpML_stick25_initlocstick25_robot1_gripper1_rppickup,movel,rppickup,,0.30,0.30,"0.607360;-0.274802;0.339901;0.000000;-3.141590;0.000000","-0.128900;-1.540886;-1.932730;-1.238644;1.554514;1.433690",True,5973.53,0.00,7993.47,115.97,0.00,115.97,,
250,2026-05-04 14:31:28.549,MoveToLL,MoveToLL_moveToTarget_TravelML_robot1_rppickup_rpmanipulate_dup29,movej,rpmanipulate,,0.30,0.30,"0.133776;0.348742;0.490041;0.000000;-3.141590;0.000000","1.656148;-0.959557;-2.051016;-1.701770;1.553554;1.650556",True,15546.23,0.00,17590.39,4162.36,0.00,4162.36,,
251,2026-05-04 14:31:46.391,MoveToLL,MoveToLL_moveToObjPosition_StackOnTwoML_stick25_robot1_finallocstick25_rpmanipulate_stick20_stick21_gripper1_layer5_layer6,planned,finallocstick25,,0.30,0.30,"0.212892;0.671265;0.077500;-1.998299;-2.424130;0.000000","",True,17526.99,0.00,19573.10,251.07,0.00,251.07,,
252,2026-05-04 14:32:06.092,MoveToLL,MoveToLL_moveToRobotPos_StackOnTwoML_stick25_robot1_finallocstick25_rpmanipulate_stick20_stick21_gripper1_layer5_layer6,movej,rpmanipulate,,0.30,0.30,"0.133776;0.348742;0.490041;0.000000;-3.141590;0.000000","1.656148;-0.959557;-2.051016;-1.701770;1.553554;1.650556",True,9352.59,0.00,11401.19,128.61,0.00,128.61,,
253,2026-05-04 14:32:21.489,MoveToLL,MoveToLL_moveToTarget_TravelML_robot1_rpmanipulate_rppickup_dup28,movej,rppickup,,0.30,0.30,"0.607360;-0.274802;0.339901;0.000000;-3.141590;0.000000","-0.128900;-1.540886;-1.932730;-1.238644;1.554514;1.433690",True,15005.12,0.00,17056.27,3995.73,0.00,3995.73,,
254,2026-05-04 14:32:38.806,MoveToLL,MoveToLL_moveToPickPosition_PickUpML_stick23_initlocstick23_robot1_gripper1_rppickup,movel,initlocstick23,,0.30,0.30,"0.607370;-0.274820;-0.009000;0.000000;-3.141590;0.000000","",True,6315.55,0.00,8361.20,260.53,0.00,260.53,,
255,2026-05-04 14:32:47.302,CloseGripperLL,CloseGripperLL_closeGripper_PickUpML_stick23_initlocstick23_robot1_gripper1_rppickup,close_gripper,,,0.50,1.00,"","",True,0.93,0.00,2049.45,134.22,0.00,134.22,,
256,2026-05-04 14:32:49.473,MoveToLL,MoveToLL_moveToRetract_PickUpML_stick23_initlocstick23_robot1_gripper1_rppickup,movel,rppickup,,0.30,0.30,"0.607360;-0.274802;0.339901;0.000000;-3.141590;0.000000","-0.128900;-1.540886;-1.932730;-1.238644;1.554514;1.433690",True,5964.31,0.00,8019.70,121.74,0.00,121.74,,
257,2026-05-04 14:33:01.712,MoveToLL,MoveToLL_moveToTarget_TravelML_robot1_rppickup_rpmanipulate_dup30,movej,rpmanipulate,,0.30,0.30,"0.133776;0.348742;0.490041;0.000000;-3.141590;0.000000","1.656148;-0.959557;-2.051016;-1.701770;1.553554;1.650556",True,15462.71,0.00,17513.39,4219.67,0.00,4219.67,,
258,2026-05-04 14:33:19.487,MoveToLL,MoveToLL_moveToObjPosition_StackOnTwoML_stick23_robot1_finallocstick23_rpmanipulate_cube4_stick18_gripper1_layer4_layer5,planned,finallocstick23,,0.30,0.30,"-0.200064;0.956308;0.060000;-1.523074;-2.747699;0.000000","",True,19112.04,0.00,21166.99,261.11,0.00,261.11,,
259,2026-05-04 14:33:40.789,MoveToLL,MoveToLL_moveToRobotPos_StackOnTwoML_stick23_robot1_finallocstick23_rpmanipulate_cube4_stick18_gripper1_layer4_layer5,movej,rpmanipulate,,0.30,0.30,"0.133776;0.348742;0.490041;0.000000;-3.141590;0.000000","1.656148;-0.959557;-2.051016;-1.701770;1.553554;1.650556",True,12172.77,0.00,14202.53,135.07,0.00,135.07,,
260,2026-05-04 14:33:58.876,MoveToLL,MoveToLL_moveToTarget_TravelML_robot1_rpmanipulate_rppickup_dup29,movej,rppickup,,0.30,0.30,"0.607360;-0.274802;0.339901;0.000000;-3.141590;0.000000","-0.128900;-1.540886;-1.932730;-1.238644;1.554514;1.433690",True,15138.77,0.00,17168.40,3885.12,0.00,3885.12,,
261,2026-05-04 14:34:16.320,MoveToLL,MoveToLL_moveToPickPosition_PickUpML_stick22_initlocstick22_robot1_gripper1_rppickup,movel,initlocstick22,,0.30,0.30,"0.607370;-0.274820;-0.006000;0.000000;-3.141590;0.000000","",True,6301.74,0.00,8344.48,275.56,0.00,275.56,,
262,2026-05-04 14:34:24.798,CloseGripperLL,CloseGripperLL_closeGripper_PickUpML_stick22_initlocstick22_robot1_gripper1_rppickup,close_gripper,,,0.50,1.00,"","",True,13.10,0.00,2046.22,133.59,0.00,133.59,,
263,2026-05-04 14:34:26.985,MoveToLL,MoveToLL_moveToRetract_PickUpML_stick22_initlocstick22_robot1_gripper1_rppickup,movel,rppickup,,0.30,0.30,"0.607360;-0.274802;0.339901;0.000000;-3.141590;0.000000","-0.128900;-1.540886;-1.932730;-1.238644;1.554514;1.433690",True,5933.14,0.00,7970.83,139.95,0.00,139.95,,
264,2026-05-04 14:34:39.100,MoveToLL,MoveToLL_moveToTarget_TravelML_robot1_rppickup_rpmanipulate_dup31,movej,rpmanipulate,,0.30,0.30,"0.133776;0.348742;0.490041;0.000000;-3.141590;0.000000","1.656148;-0.959557;-2.051016;-1.701770;1.553554;1.650556",True,14948.94,0.00,16970.01,4144.84,0.00,4144.84,,
265,2026-05-04 14:34:56.350,MoveToLL,MoveToLL_moveToObjPosition_StackOnTwoML_stick22_robot1_finallocstick22_rpmanipulate_stick17_stick18_gripper1_layer4_layer5,planned,finallocstick22,,0.30,0.30,"-0.008635;0.884899;0.060000;3.019893;0.865940;0.000000","",True,18376.45,0.00,20421.54,280.04,0.00,280.04,,
266,2026-05-04 14:35:16.910,MoveToLL,MoveToLL_moveToRobotPos_StackOnTwoML_stick22_robot1_finallocstick22_rpmanipulate_stick17_stick18_gripper1_layer4_layer5,movej,rpmanipulate,,0.30,0.30,"0.133776;0.348742;0.490041;0.000000;-3.141590;0.000000","1.656148;-0.959557;-2.051016;-1.701770;1.553554;1.650556",True,11409.48,0.00,13475.91,138.24,0.00,138.24,,
267,2026-05-04 14:35:34.487,MoveToLL,MoveToLL_moveToTarget_TravelML_robot1_rpmanipulate_rppickup_dup30,movej,rppickup,,0.30,0.30,"0.607360;-0.274802;0.339901;0.000000;-3.141590;0.000000","-0.128900;-1.540886;-1.932730;-1.238644;1.554514;1.433690",True,14958.96,0.00,16983.78,4100.78,0.00,4100.78,,
268,2026-05-04 14:35:51.750,MoveToLL,MoveToLL_moveToPickPosition_PickUpML_cube6_initloccube6_robot1_gripper1_rppickup,movel,initloccube6,,0.30,0.30,"0.607370;-0.274820;-0.009000;0.000000;-3.141590;0.000000","",True,6303.50,0.00,8337.81,279.59,0.00,279.59,,
269,2026-05-04 14:36:00.221,CloseGripperLL,CloseGripperLL_closeGripper_PickUpML_cube6_initloccube6_robot1_gripper1_rppickup,close_gripper,,,0.50,1.00,"","",True,12.47,0.00,2060.35,132.62,0.00,132.62,,
270,2026-05-04 14:36:02.423,MoveToLL,MoveToLL_moveToRetract_PickUpML_cube6_initloccube6_robot1_gripper1_rppickup,movel,rppickup,,0.30,0.30,"0.607360;-0.274802;0.339901;0.000000;-3.141590;0.000000","-0.128900;-1.540886;-1.932730;-1.238644;1.554514;1.433690",True,5927.68,0.00,7968.09,142.42,0.00,142.42,,
271,2026-05-04 14:36:14.480,MoveToLL,MoveToLL_moveToTarget_TravelML_robot1_rppickup_rpmanipulate_dup32,movej,rpmanipulate,,0.30,0.30,"0.133776;0.348742;0.490041;0.000000;-3.141590;0.000000","1.656148;-0.959557;-2.051016;-1.701770;1.553554;1.650556",True,14959.79,0.00,16989.48,4088.67,0.00,4088.67,,
272,2026-05-04 14:36:31.741,MoveToLL,MoveToLL_moveToObjPosition_StackML_cube6_stick23_robot1_gripper1_finalloccube6_rpmanipulate,planned,finalloccube6,,0.30,0.30,"-0.245858;0.927693;0.077500;-1.523074;-2.747699;0.000000","",True,17511.55,0.00,19553.29,271.41,0.00,271.41,,
273,2026-05-04 14:36:51.430,MoveToLL,MoveToLL_moveToRobotPosition_StackML_cube6_stick23_robot1_gripper1_finalloccube6_rpmanipulate,movej,rpmanipulate,,0.30,0.30,"0.133776;0.348742;0.490041;0.000000;-3.141590;0.000000","1.656148;-0.959557;-2.051016;-1.701770;1.553554;1.650556",True,11463.89,0.00,13518.14,135.29,0.00,135.29,,
274,2026-05-04 14:37:08.893,MoveToLL,MoveToLL_moveToTarget_TravelML_robot1_rpmanipulate_rppickup_dup31,movej,rppickup,,0.30,0.30,"0.607360;-0.274802;0.339901;0.000000;-3.141590;0.000000","-0.128900;-1.540886;-1.932730;-1.238644;1.554514;1.433690",True,15043.13,0.00,17088.01,3944.98,0.00,3944.98,,
275,2026-05-04 14:37:26.247,MoveToLL,MoveToLL_moveToPickPosition_PickUpML_stick26_initlocstick26_robot1_gripper1_rppickup,movel,initlocstick26,,0.30,0.30,"0.607370;-0.274820;-0.006000;0.000000;-3.141590;0.000000","",True,6315.88,0.00,8356.87,266.08,0.00,266.08,,
276,2026-05-04 14:37:34.734,CloseGripperLL,CloseGripperLL_closeGripper_PickUpML_stick26_initlocstick26_robot1_gripper1_rppickup,close_gripper,,,0.50,1.00,"","",True,13.61,0.00,2066.28,130.83,0.00,130.83,,
277,2026-05-04 14:37:36.922,MoveToLL,MoveToLL_moveToRetract_PickUpML_stick26_initlocstick26_robot1_gripper1_rppickup,movel,rppickup,,0.30,0.30,"0.607360;-0.274802;0.339901;0.000000;-3.141590;0.000000","-0.128900;-1.540886;-1.932730;-1.238644;1.554514;1.433690",True,5239.05,0.00,7285.92,121.18,0.00,121.18,,
278,2026-05-04 14:37:48.530,MoveToLL,MoveToLL_moveToTarget_TravelML_robot1_rppickup_rpmanipulate_dup33,movej,rpmanipulate,,0.30,0.30,"0.133776;0.348742;0.490041;0.000000;-3.141590;0.000000","1.656148;-0.959557;-2.051016;-1.701770;1.553554;1.650556",True,15386.24,0.00,17430.55,4322.09,0.00,4322.09,,
279,2026-05-04 14:38:06.237,MoveToLL,MoveToLL_moveToObjPosition_StackOnTwoML_stick26_robot1_finallocstick26_rpmanipulate_stick22_stick21_gripper1_layer5_layer6,planned,finallocstick26,,0.30,0.30,"0.013005;0.768142;0.077500;3.127129;-0.301108;0.000000","",True,19917.00,0.00,21953.26,276.28,0.00,276.28,,
280,2026-05-04 14:38:28.317,MoveToLL,MoveToLL_moveToRobotPos_StackOnTwoML_stick26_robot1_finallocstick26_rpmanipulate_stick22_stick21_gripper1_layer5_layer6,movej,rpmanipulate,,0.30,0.30,"0.133776;0.348742;0.490041;0.000000;-3.141590;0.000000","1.656148;-0.959557;-2.051016;-1.701770;1.553554;1.650556",True,16371.40,0.00,18422.59,127.34,0.00,127.34,,
281,2026-05-04 14:38:51.119,MoveToLL,MoveToLL_moveToTarget_TravelML_robot1_rpmanipulate_rppickup_dup32,movej,rppickup,,0.30,0.30,"0.607360;-0.274802;0.339901;0.000000;-3.141590;0.000000","-0.128900;-1.540886;-1.932730;-1.238644;1.554514;1.433690",True,15319.35,0.00,17374.99,4379.47,0.00,4379.47,,
282,2026-05-04 14:39:08.767,MoveToLL,MoveToLL_moveToPickPosition_PickUpML_stick27_initlocstick27_robot1_gripper1_rppickup,movel,initlocstick27,,0.30,0.30,"0.607370;-0.274820;-0.006000;0.000000;-3.141590;0.000000","",True,6306.32,0.00,8348.73,272.71,0.00,272.71,,
283,2026-05-04 14:39:17.254,CloseGripperLL,CloseGripperLL_closeGripper_PickUpML_stick27_initlocstick27_robot1_gripper1_rppickup,close_gripper,,,0.50,1.00,"","",True,12.50,0.00,2066.44,137.93,0.00,137.93,,
284,2026-05-04 14:39:19.445,MoveToLL,MoveToLL_moveToRetract_PickUpML_stick27_initlocstick27_robot1_gripper1_rppickup,movel,rppickup,,0.30,0.30,"0.607360;-0.274802;0.339901;0.000000;-3.141590;0.000000","-0.128900;-1.540886;-1.932730;-1.238644;1.554514;1.433690",True,5953.31,0.00,7986.94,124.57,0.00,124.57,,
285,2026-05-04 14:39:31.834,MoveToLL,MoveToLL_moveToTarget_TravelML_robot1_rppickup_rpmanipulate_dup34,movej,rpmanipulate,,0.30,0.30,"0.133776;0.348742;0.490041;0.000000;-3.141590;0.000000","1.656148;-0.959557;-2.051016;-1.701770;1.553554;1.650556",True,15311.19,0.00,17349.68,4402.68,0.00,4402.68,,
286,2026-05-04 14:39:49.462,MoveToLL,MoveToLL_moveToObjPosition_StackOnTwoML_stick27_robot1_finallocstick27_rpmanipulate_stick23_stick22_gripper1_layer5_layer6,planned,finallocstick27,,0.30,0.30,"-0.115108;0.958076;0.077500;2.424130;1.998299;0.000000","",True,17522.35,0.00,19547.93,277.62,0.00,277.62,,
287,2026-05-04 14:40:09.147,MoveToLL,MoveToLL_moveToRobotPos_StackOnTwoML_stick27_robot1_finallocstick27_rpmanipulate_stick23_stick22_gripper1_layer5_layer6,movej,rpmanipulate,,0.30,0.30,"0.133776;0.348742;0.490041;0.000000;-3.141590;0.000000","1.656148;-0.959557;-2.051016;-1.701770;1.553554;1.650556",True,12173.10,0.00,14200.17,137.26,0.00,137.26,,
288,2026-05-04 14:40:27.957,MoveToLL,MoveToLL_moveToTarget_TravelML_robot1_rpmanipulate_rptoolchange_dup7,movej,rptoolchange,,0.30,0.30,"-0.276143;0.385864;0.086921;-3.141491;-0.002589;-0.000081","2.086106;-1.186673;-2.396030;-1.129490;1.555172;0.503193",True,10974.92,0.00,13029.16,4610.07,0.00,4610.07,,
289,2026-05-04 14:40:41.242,DeequipToolLL,DeequipToolLL_deequipTool_DeequipML_robot1_gripper1_equiplocgripper_rptoolchange_dup4,play_program,,,0.50,1.00,"","",True,21102.21,0.00,23136.74,255.67,0.00,255.67,,
290,2026-05-04 14:41:04.619,EquipToolLL,EquipToolLL_equipTool_EquipeML_robot1_staplergun1_rptoolchange_equiplocstapler_dup4,play_program,,,0.50,1.00,"","",True,10406.23,0.00,12436.19,240.49,0.00,240.49,,
291,2026-05-04 14:41:21.658,MoveToLL,MoveToLL_moveToTarget_TravelML_robot1_rptoolchange_rpmanipulate_dup4,movej,rpmanipulate,,0.30,0.30,"0.133776;0.348742;0.490041;0.000000;-3.141590;0.000000","1.656148;-0.959557;-2.051016;-1.701770;1.553554;1.650556",True,11185.34,0.00,13222.15,4602.90,0.00,4602.90,,
292,2026-05-04 14:41:35.141,NailingLL,NailingLL_nailStep_NailingML_cube5_stick19_robot1_staplergun1_rpmanipulate,planned,unknown,nailgun,0.30,0.30,"0.233547;0.989094;0.098550;0.000000;0.000000;0.000000","",True,24722.03,0.00,26776.93,260.76,0.00,260.76,,
293,2026-05-04 14:42:05.995,NailingLL,NailingLL_nailStep_NailingML_cube6_stick23_robot1_staplergun1_rpmanipulate,planned,unknown,nailgun,0.30,0.30,"-0.243102;0.929415;0.097575;0.000000;0.000000;0.000000","",True,12226.21,0.00,14242.41,4076.61,0.00,4076.61,,
294,2026-05-04 14:42:24.328,NailingLL,NailingLL_nailStep_NailingML_stick24_stick19_robot1_staplergun1_rpmanipulate,planned,unknown,nailgun,0.30,0.30,"0.327564;0.930345;0.098575;0.000000;0.000000;0.000000","",True,17803.19,0.00,19839.83,4091.10,0.00,4091.10,,
295,2026-05-04 14:42:48.219,NailingLL,NailingLL_nailStep_NailingML_stick24_stick20_robot1_staplergun1_rpmanipulate,planned,unknown,nailgun,0.30,0.30,"0.360851;0.797137;0.098050;0.000000;0.000000;0.000000","",True,10622.46,0.00,12669.02,4050.58,0.00,4050.58,,
296,2026-05-04 14:43:04.837,NailingLL,NailingLL_nailStep_NailingML_stick25_stick20_robot1_staplergun1_rpmanipulate,planned,unknown,nailgun,0.30,0.30,"0.282038;0.684705;0.097575;0.000000;0.000000;0.000000","",True,10725.24,0.00,12772.45,3949.85,0.00,3949.85,,
297,2026-05-04 14:43:21.670,NailingLL,NailingLL_nailStep_NailingML_stick25_stick21_robot1_staplergun1_rpmanipulate,planned,unknown,nailgun,0.30,0.30,"0.150251;0.659089;0.097550;0.000000;0.000000;0.000000","",True,10623.89,0.00,12659.96,4059.57,0.00,4059.57,,
298,2026-05-04 14:43:38.482,NailingLL,NailingLL_nailStep_NailingML_stick26_stick21_robot1_staplergun1_rpmanipulate,planned,unknown,nailgun,0.30,0.30,"0.008968;0.747372;0.097550;0.000000;0.000000;0.000000","",True,9714.00,0.00,11768.05,4152.13,0.00,4152.13,,
299,2026-05-04 14:43:54.380,NailingLL,NailingLL_nailStep_NailingML_stick26_stick22_robot1_staplergun1_rpmanipulate,planned,unknown,nailgun,0.30,0.30,"0.025181;0.830783;0.097550;0.000000;0.000000;0.000000","",True,8936.82,0.00,10988.43,4130.35,0.00,4130.35,,
300,2026-05-04 14:44:09.398,NailingLL,NailingLL_nailStep_NailingML_stick27_stick22_robot1_staplergun1_rpmanipulate,planned,unknown,nailgun,0.30,0.30,"-0.045962;0.944636;0.097550;0.000000;0.000000;0.000000","",True,14654.96,0.00,16695.41,4029.80,0.00,4029.80,,
301,2026-05-04 14:44:30.286,NailingLL,NailingLL_nailStep_NailingML_stick27_stick23_robot1_staplergun1_rpmanipulate,planned,unknown,nailgun,0.30,0.30,"-0.177749;0.970252;0.097550;0.000000;0.000000;0.000000","",True,14602.34,0.00,16635.32,4192.46,0.00,4192.46,,
302,2026-05-04 14:44:54.406,MoveToLL,MoveToLL_moveToTarget_TravelML_robot1_rpmanipulate_rptoolchange_dup8,movej,rptoolchange,,0.30,0.30,"-0.276143;0.385864;0.086921;-3.141491;-0.002589;-0.000081","2.086106;-1.186673;-2.396030;-1.129490;1.555172;0.503193",True,13404.04,0.00,15443.66,7484.68,0.00,7484.68,,
303,2026-05-04 14:45:10.360,DeequipToolLL,DeequipToolLL_deequipTool_DeequipML_robot1_staplergun1_equiplocstapler_rptoolchange_dup4,play_program,,,0.50,1.00,"","",True,7346.80,0.00,9405.13,510.31,0.00,510.31,,
304,2026-05-04 14:45:20.012,EquipToolLL,EquipToolLL_equipTool_EquipeML_robot1_gripper1_rptoolchange_equiplocgripper_dup4,play_program,,,0.50,1.00,"","",True,21158.59,0.00,23200.64,246.80,0.00,246.80,,
305,2026-05-04 14:45:47.422,MoveToLL,MoveToLL_moveToTarget_TravelML_robot1_rptoolchange_rppickup_dup4,movej,rppickup,,0.30,0.30,"0.607360;-0.274802;0.339901;0.000000;-3.141590;0.000000","-0.128900;-1.540886;-1.932730;-1.238644;1.554514;1.433690",True,18089.52,0.00,20141.85,4209.35,0.00,4209.35,,
306,2026-05-04 14:46:07.816,MoveToLL,MoveToLL_moveToPickPosition_PickUpML_stick29_initlocstick29_robot1_gripper1_rppickup,movel,initlocstick29,,0.30,0.30,"0.607370;-0.274820;-0.006000;0.000000;-3.141590;0.000000","",True,6327.66,0.00,8369.38,251.70,0.00,251.70,,
307,2026-05-04 14:46:16.314,CloseGripperLL,CloseGripperLL_closeGripper_PickUpML_stick29_initlocstick29_robot1_gripper1_rppickup,close_gripper,,,0.50,1.00,"","",True,17.80,0.00,2043.18,128.62,0.00,128.62,,
308,2026-05-04 14:46:18.485,MoveToLL,MoveToLL_moveToRetract_PickUpML_stick29_initlocstick29_robot1_gripper1_rppickup,movel,rppickup,,0.30,0.30,"0.607360;-0.274802;0.339901;0.000000;-3.141590;0.000000","-0.128900;-1.540886;-1.932730;-1.238644;1.554514;1.433690",True,5947.69,0.00,7975.70,128.00,0.00,128.00,,
309,2026-05-04 14:46:30.937,MoveToLL,MoveToLL_moveToTarget_TravelML_robot1_rppickup_rpmanipulate_dup35,movej,rpmanipulate,,0.30,0.30,"0.133776;0.348742;0.490041;0.000000;-3.141590;0.000000","1.656148;-0.959557;-2.051016;-1.701770;1.553554;1.650556",True,15273.54,0.00,17331.81,4476.57,0.00,4476.57,,
310,2026-05-04 14:46:48.521,MoveToLL,MoveToLL_moveToObjPosition_StackOnTwoML_stick29_robot1_finallocstick29_rpmanipulate_stick24_stick25_gripper1_layer6_layer7,planned,finallocstick29,,0.30,0.30,"0.313042;0.735067;0.095000;-0.970806;-2.987832;0.000000","",True,18332.74,0.00,20369.85,251.93,0.00,251.93,,
311,2026-05-04 14:47:09.010,MoveToLL,MoveToLL_moveToRobotPos_StackOnTwoML_stick29_robot1_finallocstick29_rpmanipulate_stick24_stick25_gripper1_layer6_layer7,movej,rpmanipulate,,0.30,0.30,"0.133776;0.348742;0.490041;0.000000;-3.141590;0.000000","1.656148;-0.959557;-2.051016;-1.701770;1.553554;1.650556",True,12197.40,0.00,14215.65,119.55,0.00,119.55,,
312,2026-05-04 14:47:27.576,MoveToLL,MoveToLL_moveToTarget_TravelML_robot1_rpmanipulate_rppickup_dup33,movej,rppickup,,0.30,0.30,"0.607360;-0.274802;0.339901;0.000000;-3.141590;0.000000","-0.128900;-1.540886;-1.932730;-1.238644;1.554514;1.433690",True,15379.00,0.00,17404.02,4350.51,0.00,4350.51,,
313,2026-05-04 14:47:45.243,MoveToLL,MoveToLL_moveToPickPosition_PickUpML_stick28_initlocstick28_robot1_gripper1_rppickup,movel,initlocstick28,,0.30,0.30,"0.607370;-0.274820;-0.009000;0.000000;-3.141590;0.000000","",True,6318.34,0.00,8359.26,262.39,0.00,262.39,,
314,2026-05-04 14:47:53.731,CloseGripperLL,CloseGripperLL_closeGripper_PickUpML_stick28_initlocstick28_robot1_gripper1_rppickup,close_gripper,,,0.50,1.00,"","",True,8.49,0.00,2043.08,129.50,0.00,129.50,,
315,2026-05-04 14:47:55.904,MoveToLL,MoveToLL_moveToRetract_PickUpML_stick28_initlocstick28_robot1_gripper1_rppickup,movel,rppickup,,0.30,0.30,"0.607360;-0.274802;0.339901;0.000000;-3.141590;0.000000","-0.128900;-1.540886;-1.932730;-1.238644;1.554514;1.433690",True,5974.92,0.00,7983.55,129.62,0.00,129.62,,
316,2026-05-04 14:48:07.895,MoveToLL,MoveToLL_moveToTarget_TravelML_robot1_rppickup_rpmanipulate_dup36,movej,rpmanipulate,,0.30,0.30,"0.133776;0.348742;0.490041;0.000000;-3.141590;0.000000","1.656148;-0.959557;-2.051016;-1.701770;1.553554;1.650556",True,14985.03,0.00,17042.17,4007.68,0.00,4007.68,,
317,2026-05-04 14:48:25.196,MoveToLL,MoveToLL_moveToObjPosition_StackOnTwoML_stick28_robot1_finallocstick28_rpmanipulate_cube5_stick24_gripper1_layer6_layer7,planned,finallocstick28,,0.30,0.30,"0.294394;0.948859;0.096000;1.426253;-2.799180;0.000000","",True,23156.85,0.00,25176.62,257.92,0.00,257.92,,
318,2026-05-04 14:48:50.500,MoveToLL,MoveToLL_moveToRobotPos_StackOnTwoML_stick28_robot1_finallocstick28_rpmanipulate_cube5_stick24_gripper1_layer6_layer7,movej,rpmanipulate,,0.30,0.30,"0.133776;0.348742;0.490041;0.000000;-3.141590;0.000000","1.656148;-0.959557;-2.051016;-1.701770;1.553554;1.650556",True,21998.32,0.00,24036.34,128.22,0.00,128.22,,
319,2026-05-04 14:49:18.704,MoveToLL,MoveToLL_moveToTarget_TravelML_robot1_rpmanipulate_rppickup_dup34,movej,rppickup,,0.30,0.30,"0.607360;-0.274802;0.339901;0.000000;-3.141590;0.000000","-0.128900;-1.540886;-1.932730;-1.238644;1.554514;1.433690",True,15548.44,0.00,17584.69,4167.60,0.00,4167.60,,
320,2026-05-04 14:49:36.541,MoveToLL,MoveToLL_moveToPickPosition_PickUpML_stick32_initlocstick32_robot1_gripper1_rppickup,movel,initlocstick32,,0.30,0.30,"0.607370;-0.274820;-0.009000;0.000000;-3.141590;0.000000","",True,6330.06,0.00,8373.43,251.64,0.00,251.64,,
321,2026-05-04 14:49:45.044,CloseGripperLL,CloseGripperLL_closeGripper_PickUpML_stick32_initlocstick32_robot1_gripper1_rppickup,close_gripper,,,0.50,1.00,"","",True,8.51,0.00,2046.19,129.71,0.00,129.71,,
322,2026-05-04 14:49:47.212,MoveToLL,MoveToLL_moveToRetract_PickUpML_stick32_initlocstick32_robot1_gripper1_rppickup,movel,rppickup,,0.30,0.30,"0.607360;-0.274802;0.339901;0.000000;-3.141590;0.000000","-0.128900;-1.540886;-1.932730;-1.238644;1.554514;1.433690",True,5965.91,0.00,7992.85,121.86,0.00,121.86,,
323,2026-05-04 14:49:59.479,MoveToLL,MoveToLL_moveToTarget_TravelML_robot1_rppickup_rpmanipulate_dup37,movej,rpmanipulate,,0.30,0.30,"0.133776;0.348742;0.490041;0.000000;-3.141590;0.000000","1.656148;-0.959557;-2.051016;-1.701770;1.553554;1.650556",True,15462.80,0.00,17477.57,4274.69,0.00,4274.69,,
324,2026-05-04 14:50:17.225,MoveToLL,MoveToLL_moveToObjPosition_StackOnTwoML_stick32_robot1_finallocstick32_rpmanipulate_cube6_stick27_gripper1_layer6_layer7,planned,finallocstick32,,0.30,0.30,"-0.210902;0.952155;0.095000;-1.426253;-2.799180;0.000000","",True,19127.25,0.00,21159.86,267.69,0.00,267.69,,
325,2026-05-04 14:50:38.512,MoveToLL,MoveToLL_moveToRobotPos_StackOnTwoML_stick32_robot1_finallocstick32_rpmanipulate_cube6_stick27_gripper1_layer6_layer7,movej,rpmanipulate,,0.30,0.30,"0.133776;0.348742;0.490041;0.000000;-3.141590;0.000000","1.656148;-0.959557;-2.051016;-1.701770;1.553554;1.650556",True,11482.34,0.00,13508.23,127.15,0.00,127.15,,
326,2026-05-04 14:50:56.279,MoveToLL,MoveToLL_moveToTarget_TravelML_robot1_rpmanipulate_rppickup_dup35,movej,rppickup,,0.30,0.30,"0.607360;-0.274802;0.339901;0.000000;-3.141590;0.000000","-0.128900;-1.540886;-1.932730;-1.238644;1.554514;1.433690",True,15461.82,0.00,17495.00,4259.11,0.00,4259.11,,
327,2026-05-04 14:51:14.030,MoveToLL,MoveToLL_moveToPickPosition_PickUpML_stick33_initlocstick33_robot1_gripper1_rppickup,movel,initlocstick33,,0.30,0.30,"0.607370;-0.274820;-0.006000;0.000000;-3.141590;0.000000","",True,6333.49,0.00,8366.66,256.23,0.00,256.23,,
328,2026-05-04 14:51:22.534,CloseGripperLL,CloseGripperLL_closeGripper_PickUpML_stick33_initlocstick33_robot1_gripper1_rppickup,close_gripper,,,0.50,1.00,"","",True,8.49,0.00,2038.16,137.52,0.00,137.52,,
329,2026-05-04 14:51:24.701,MoveToLL,MoveToLL_moveToRetract_PickUpML_stick33_initlocstick33_robot1_gripper1_rppickup,movel,rppickup,,0.30,0.30,"0.607360;-0.274802;0.339901;0.000000;-3.141590;0.000000","-0.128900;-1.540886;-1.932730;-1.238644;1.554514;1.433690",True,5957.48,0.00,7984.48,128.71,0.00,128.71,,
330,2026-05-04 14:51:36.929,MoveToLL,MoveToLL_moveToTarget_TravelML_robot1_rppickup_rpmanipulate_dup38,movej,rpmanipulate,,0.30,0.30,"0.133776;0.348742;0.490041;0.000000;-3.141590;0.000000","1.656148;-0.959557;-2.051016;-1.701770;1.553554;1.650556",True,15480.01,0.00,17509.13,4243.02,0.00,4243.02,,
331,2026-05-04 14:51:54.699,MoveToLL,MoveToLL_moveToObjPosition_StackOnTwoML_stick33_robot1_finallocstick33_rpmanipulate_stick29_stick28_gripper1_layer7_layer8,planned,finallocstick33,,0.30,0.30,"0.342774;0.850031;0.113500;0.191790;-3.135733;0.000000","",True,19941.73,0.00,21971.06,261.14,0.00,261.14,,
332,2026-05-04 14:52:16.801,MoveToLL,MoveToLL_moveToRobotPos_StackOnTwoML_stick33_robot1_finallocstick33_rpmanipulate_stick29_stick28_gripper1_layer7_layer8,movej,rpmanipulate,,0.30,0.30,"0.133776;0.348742;0.490041;0.000000;-3.141590;0.000000","1.656148;-0.959557;-2.051016;-1.701770;1.553554;1.650556",True,16395.55,0.00,18416.35,130.85,0.00,130.85,,
333,2026-05-04 14:52:39.217,MoveToLL,MoveToLL_moveToTarget_TravelML_robot1_rpmanipulate_rppickup_dup36,movej,rppickup,,0.30,0.30,"0.607360;-0.274802;0.339901;0.000000;-3.141590;0.000000","-0.128900;-1.540886;-1.932730;-1.238644;1.554514;1.433690",True,15024.55,0.00,17052.75,3999.51,0.00,3999.51,,
334,2026-05-04 14:52:56.525,MoveToLL,MoveToLL_moveToPickPosition_PickUpML_stick30_initlocstick30_robot1_gripper1_rppickup,movel,initlocstick30,,0.30,0.30,"0.607370;-0.274820;-0.006000;0.000000;-3.141590;0.000000","",True,6330.68,0.00,8366.59,255.07,0.00,255.07,,
335,2026-05-04 14:53:05.022,CloseGripperLL,CloseGripperLL_closeGripper_PickUpML_stick30_initlocstick30_robot1_gripper1_rppickup,close_gripper,,,0.50,1.00,"","",True,12.96,0.00,2047.50,130.87,0.00,130.87,,
336,2026-05-04 14:53:07.194,MoveToLL,MoveToLL_moveToRetract_PickUpML_stick30_initlocstick30_robot1_gripper1_rppickup,movel,rppickup,,0.30,0.30,"0.607360;-0.274802;0.339901;0.000000;-3.141590;0.000000","-0.128900;-1.540886;-1.932730;-1.238644;1.554514;1.433690",True,5949.51,0.00,7986.58,124.25,0.00,124.25,,
337,2026-05-04 14:53:19.302,MoveToLL,MoveToLL_moveToTarget_TravelML_robot1_rppickup_rpmanipulate_dup39,movej,rpmanipulate,,0.30,0.30,"0.133776;0.348742;0.490041;0.000000;-3.141590;0.000000","1.656148;-0.959557;-2.051016;-1.701770;1.553554;1.650556",True,14958.48,0.00,17006.30,4121.53,0.00,4121.53,,
338,2026-05-04 14:53:36.557,MoveToLL,MoveToLL_moveToObjPosition_StackOnTwoML_stick30_robot1_finallocstick30_rpmanipulate_stick25_stick26_gripper1_layer6_layer7,planned,finallocstick30,,0.30,0.30,"0.086760;0.699228;0.095000;2.799180;1.426253;0.000000","",True,15117.86,0.00,17177.01,248.87,0.00,248.87,,
339,2026-05-04 14:53:53.873,MoveToLL,MoveToLL_moveToRobotPos_StackOnTwoML_stick30_robot1_finallocstick30_rpmanipulate_stick25_stick26_gripper1_layer6_layer7,movej,rpmanipulate,,0.30,0.30,"0.133776;0.348742;0.490041;0.000000;-3.141590;0.000000","1.656148;-0.959557;-2.051016;-1.701770;1.553554;1.650556",True,9356.48,0.00,11391.57,139.25,0.00,139.25,,
340,2026-05-04 14:54:09.271,MoveToLL,MoveToLL_moveToTarget_TravelML_robot1_rpmanipulate_rppickup_dup37,movej,rppickup,,0.30,0.30,"0.607360;-0.274802;0.339901;0.000000;-3.141590;0.000000","-0.128900;-1.540886;-1.932730;-1.238644;1.554514;1.433690",True,14985.07,0.00,17042.74,4005.96,0.00,4005.96,,
341,2026-05-04 14:54:26.587,MoveToLL,MoveToLL_moveToPickPosition_PickUpML_stick31_initlocstick31_robot1_gripper1_rppickup,movel,initlocstick31,,0.30,0.30,"0.607370;-0.274820;-0.006000;0.000000;-3.141590;0.000000","",True,6322.86,0.00,8348.52,273.07,0.00,273.07,,
342,2026-05-04 14:54:35.064,CloseGripperLL,CloseGripperLL_closeGripper_PickUpML_stick31_initlocstick31_robot1_gripper1_rppickup,close_gripper,,,0.50,1.00,"","",True,11.44,0.00,2036.07,128.43,0.00,128.43,,
343,2026-05-04 14:54:37.234,MoveToLL,MoveToLL_moveToRetract_PickUpML_stick31_initlocstick31_robot1_gripper1_rppickup,movel,rppickup,,0.30,0.30,"0.607360;-0.274802;0.339901;0.000000;-3.141590;0.000000","-0.128900;-1.540886;-1.932730;-1.238644;1.554514;1.433690",True,5954.71,0.00,7978.10,133.81,0.00,133.81,,
344,2026-05-04 14:54:49.460,MoveToLL,MoveToLL_moveToTarget_TravelML_robot1_rppickup_rpmanipulate_dup40,movej,rpmanipulate,,0.30,0.30,"0.133776;0.348742;0.490041;0.000000;-3.141590;0.000000","1.656148;-0.959557;-2.051016;-1.701770;1.553554;1.650556",True,15468.30,0.00,17504.80,4248.13,0.00,4248.13,,
345,2026-05-04 14:55:07.225,MoveToLL,MoveToLL_moveToObjPosition_StackOnTwoML_stick31_robot1_finallocstick31_rpmanipulate_stick26_stick27_gripper1_layer6_layer7,planned,finallocstick31,,0.30,0.30,"-0.014958;0.894274;0.095000;2.987832;0.970806;0.000000","",True,18334.79,0.00,20393.84,260.29,0.00,260.29,,
346,2026-05-04 14:55:27.742,MoveToLL,MoveToLL_moveToRobotPos_StackOnTwoML_stick31_robot1_finallocstick31_rpmanipulate_stick26_stick27_gripper1_layer6_layer7,movej,rpmanipulate,,0.30,0.30,"0.133776;0.348742;0.490041;0.000000;-3.141590;0.000000","1.656148;-0.959557;-2.051016;-1.701770;1.553554;1.650556",True,10775.48,0.00,12809.18,123.71,0.00,123.71,,
347,2026-05-04 14:55:45.158,MoveToLL,MoveToLL_moveToTarget_TravelML_robot1_rpmanipulate_rppickup_dup38,movej,rppickup,,0.30,0.30,"0.607360;-0.274802;0.339901;0.000000;-3.141590;0.000000","-0.128900;-1.540886;-1.932730;-1.238644;1.554514;1.433690",True,15202.25,0.00,17243.24,4606.12,0.00,4606.12,,
348,2026-05-04 14:56:02.660,MoveToLL,MoveToLL_moveToPickPosition_PickUpML_stick35_initlocstick35_robot1_gripper1_rppickup,movel,initlocstick35,,0.30,0.30,"0.607370;-0.274820;-0.006000;0.000000;-3.141590;0.000000","",True,6317.88,0.00,8363.00,259.01,0.00,259.01,,
349,2026-05-04 14:56:11.148,CloseGripperLL,CloseGripperLL_closeGripper_PickUpML_stick35_initlocstick35_robot1_gripper1_rppickup,close_gripper,,,0.50,1.00,"","",True,17.35,0.00,2034.11,125.11,0.00,125.11,,
350,2026-05-04 14:56:13.306,MoveToLL,MoveToLL_moveToRetract_PickUpML_stick35_initlocstick35_robot1_gripper1_rppickup,movel,rppickup,,0.30,0.30,"0.607360;-0.274802;0.339901;0.000000;-3.141590;0.000000","-0.128900;-1.540886;-1.932730;-1.238644;1.554514;1.433690",True,5957.41,0.00,7981.09,123.42,0.00,123.42,,
351,2026-05-04 14:56:25.439,MoveToLL,MoveToLL_moveToTarget_TravelML_robot1_rppickup_rpmanipulate_dup41,movej,rpmanipulate,,0.30,0.30,"0.133776;0.348742;0.490041;0.000000;-3.141590;0.000000","1.656148;-0.959557;-2.051016;-1.701770;1.553554;1.650556",True,15557.09,0.00,17599.60,4152.75,0.00,4152.75,,
352,2026-05-04 14:56:43.304,MoveToLL,MoveToLL_moveToObjPosition_StackOnTwoML_stick35_robot1_finallocstick35_rpmanipulate_stick31_stick30_gripper1_layer7_layer8,planned,finallocstick35,,0.30,0.30,"0.014774;0.779310;0.112500;3.135733;-0.191790;0.000000","",True,19126.55,0.00,21162.83,265.25,0.00,265.25,,
353,2026-05-04 14:57:04.599,MoveToLL,MoveToLL_moveToRobotPos_StackOnTwoML_stick35_robot1_finallocstick35_rpmanipulate_stick31_stick30_gripper1_layer7_layer8,movej,rpmanipulate,,0.30,0.30,"0.133776;0.348742;0.490041;0.000000;-3.141590;0.000000","1.656148;-0.959557;-2.051016;-1.701770;1.553554;1.650556",True,15678.81,0.00,17715.39,132.06,0.00,132.06,,
354,2026-05-04 14:57:26.302,MoveToLL,MoveToLL_moveToTarget_TravelML_robot1_rpmanipulate_rppickup_dup39,movej,rppickup,,0.30,0.30,"0.607360;-0.274802;0.339901;0.000000;-3.141590;0.000000","-0.128900;-1.540886;-1.932730;-1.238644;1.554514;1.433690",True,15032.08,0.00,17063.41,3987.45,0.00,3987.45,,
355,2026-05-04 14:57:43.620,MoveToLL,MoveToLL_moveToPickPosition_PickUpML_stick34_initlocstick34_robot1_gripper1_rppickup,movel,initlocstick34,,0.30,0.30,"0.607370;-0.274820;-0.006000;0.000000;-3.141590;0.000000","",True,6326.48,0.00,8368.64,254.34,0.00,254.34,,
356,2026-05-04 14:57:52.113,CloseGripperLL,CloseGripperLL_closeGripper_PickUpML_stick34_initlocstick34_robot1_gripper1_rppickup,close_gripper,,,0.50,1.00,"","",True,0.90,0.00,2032.94,125.05,0.00,125.05,,
357,2026-05-04 14:57:54.272,MoveToLL,MoveToLL_moveToRetract_PickUpML_stick34_initlocstick34_robot1_gripper1_rppickup,movel,rppickup,,0.30,0.30,"0.607360;-0.274802;0.339901;0.000000;-3.141590;0.000000","-0.128900;-1.540886;-1.932730;-1.238644;1.554514;1.433690",True,5962.53,0.00,7998.13,126.16,0.00,126.16,,
358,2026-05-04 14:58:06.705,MoveToLL,MoveToLL_moveToTarget_TravelML_robot1_rppickup_rpmanipulate_dup42,movej,rpmanipulate,,0.30,0.30,"0.133776;0.348742;0.490041;0.000000;-3.141590;0.000000","1.656148;-0.959557;-2.051016;-1.701770;1.553554;1.650556",True,15285.86,0.00,17317.32,4433.89,0.00,4433.89,,
359,2026-05-04 14:58:24.293,MoveToLL,MoveToLL_moveToObjPosition_StackOnTwoML_stick34_robot1_finallocstick34_rpmanipulate_stick29_stick30_gripper1_layer7_layer8,planned,finallocstick34,,0.30,0.30,"0.201724;0.669496;0.112500;-2.081682;-2.352914;0.000000","",True,16689.68,0.00,18755.20,271.18,0.00,271.18,,
360,2026-05-04 14:58:43.177,MoveToLL,MoveToLL_moveToRobotPos_StackOnTwoML_stick34_robot1_finallocstick34_rpmanipulate_stick29_stick30_gripper1_layer7_layer8,movej,rpmanipulate,,0.30,0.30,"0.133776;0.348742;0.490041;0.000000;-3.141590;0.000000","1.656148;-0.959557;-2.051016;-1.701770;1.553554;1.650556",True,9383.72,0.00,11400.36,128.93,0.00,128.93,,
361,2026-05-04 14:58:58.531,MoveToLL,MoveToLL_moveToTarget_TravelML_robot1_rpmanipulate_rppickup_dup40,movej,rppickup,,0.30,0.30,"0.607360;-0.274802;0.339901;0.000000;-3.141590;0.000000","-0.128900;-1.540886;-1.932730;-1.238644;1.554514;1.433690",True,15047.24,0.00,17096.23,3953.21,0.00,3953.21,,
362,2026-05-04 14:59:15.888,MoveToLL,MoveToLL_moveToPickPosition_PickUpML_cube8_initloccube8_robot1_gripper1_rppickup,movel,initloccube8,,0.30,0.30,"0.607370;-0.274820;-0.009000;0.000000;-3.141590;0.000000","",True,6317.34,0.00,8361.89,261.17,0.00,261.17,,
363,2026-05-04 14:59:24.380,CloseGripperLL,CloseGripperLL_closeGripper_PickUpML_cube8_initloccube8_robot1_gripper1_rppickup,close_gripper,,,0.50,1.00,"","",True,13.64,0.00,2059.62,130.26,0.00,130.26,,
364,2026-05-04 14:59:26.579,MoveToLL,MoveToLL_moveToRetract_PickUpML_cube8_initloccube8_robot1_gripper1_rppickup,movel,rppickup,,0.30,0.30,"0.607360;-0.274802;0.339901;0.000000;-3.141590;0.000000","-0.128900;-1.540886;-1.932730;-1.238644;1.554514;1.433690",True,5909.28,0.00,7969.22,139.53,0.00,139.53,,
365,2026-05-04 14:59:38.654,MoveToLL,MoveToLL_moveToTarget_TravelML_robot1_rppickup_rpmanipulate_dup43,movej,rpmanipulate,,0.30,0.30,"0.133776;0.348742;0.490041;0.000000;-3.141590;0.000000","1.656148;-0.959557;-2.051016;-1.701770;1.553554;1.650556",True,14962.79,0.00,17002.53,4105.79,0.00,4105.79,,
366,2026-05-04 14:59:55.925,MoveToLL,MoveToLL_moveToObjPosition_StackML_cube8_stick32_robot1_gripper1_finalloccube8_rpmanipulate,planned,finalloccube8,,0.30,0.30,"-0.254589;0.920415;0.112500;-1.426253;-2.799180;0.000000","",True,19096.64,0.00,21162.23,267.55,0.00,267.55,,
367,2026-05-04 15:00:17.216,MoveToLL,MoveToLL_moveToRobotPosition_StackML_cube8_stick32_robot1_gripper1_finalloccube8_rpmanipulate,movej,rpmanipulate,,0.30,0.30,"0.133776;0.348742;0.490041;0.000000;-3.141590;0.000000","1.656148;-0.959557;-2.051016;-1.701770;1.553554;1.650556",True,11474.05,0.00,13505.38,129.51,0.00,129.51,,
368,2026-05-04 15:00:34.681,MoveToLL,MoveToLL_moveToTarget_TravelML_robot1_rpmanipulate_rppickup_dup41,movej,rppickup,,0.30,0.30,"0.607360;-0.274802;0.339901;0.000000;-3.141590;0.000000","-0.128900;-1.540886;-1.932730;-1.238644;1.554514;1.433690",True,15066.84,0.00,17091.52,3959.17,0.00,3959.17,,
369,2026-05-04 15:00:52.019,MoveToLL,MoveToLL_moveToPickPosition_PickUpML_cube7_initloccube7_robot1_gripper1_rppickup,movel,initloccube7,,0.30,0.30,"0.607370;-0.274820;-0.009000;0.000000;-3.141590;0.000000","",True,6348.50,0.00,8374.45,247.04,0.00,247.04,,
370,2026-05-04 15:01:00.521,CloseGripperLL,CloseGripperLL_closeGripper_PickUpML_cube7_initloccube7_robot1_gripper1_rppickup,close_gripper,,,0.50,1.00,"","",True,13.36,0.00,2070.68,127.67,0.00,127.67,,
371,2026-05-04 15:01:02.721,MoveToLL,MoveToLL_moveToRetract_PickUpML_cube7_initloccube7_robot1_gripper1_rppickup,movel,rppickup,,0.30,0.30,"0.607360;-0.274802;0.339901;0.000000;-3.141590;0.000000","-0.128900;-1.540886;-1.932730;-1.238644;1.554514;1.433690",True,5953.46,0.00,7978.57,129.26,0.00,129.26,,
372,2026-05-04 15:01:14.788,MoveToLL,MoveToLL_moveToTarget_TravelML_robot1_rppickup_rpmanipulate_dup44,movej,rpmanipulate,,0.30,0.30,"0.133776;0.348742;0.490041;0.000000;-3.141590;0.000000","1.656148;-0.959557;-2.051016;-1.701770;1.553554;1.650556",True,14960.60,0.00,16991.31,4087.73,0.00,4087.73,,
373,2026-05-04 15:01:32.032,MoveToLL,MoveToLL_moveToObjPosition_StackML_cube7_stick28_robot1_gripper1_finalloccube7_rpmanipulate,planned,finalloccube7,,0.30,0.30,"0.250586;0.980687;0.113500;2.799180;1.426253;0.000000","",True,17516.35,0.00,19569.20,253.14,0.00,253.14,,
374,2026-05-04 15:01:51.731,MoveToLL,MoveToLL_moveToRobotPosition_StackML_cube7_stick28_robot1_gripper1_finalloccube7_rpmanipulate,movej,rpmanipulate,,0.30,0.30,"0.133776;0.348742;0.490041;0.000000;-3.141590;0.000000","1.656148;-0.959557;-2.051016;-1.701770;1.553554;1.650556",True,12184.13,0.00,14208.32,129.82,0.00,129.82,,
375,2026-05-04 15:02:09.838,MoveToLL,MoveToLL_moveToTarget_TravelML_robot1_rpmanipulate_rppickup_dup42,movej,rppickup,,0.30,0.30,"0.607360;-0.274802;0.339901;0.000000;-3.141590;0.000000","-0.128900;-1.540886;-1.932730;-1.238644;1.554514;1.433690",True,15121.30,0.00,17151.27,3898.73,0.00,3898.73,,
376,2026-05-04 15:02:27.252,MoveToLL,MoveToLL_moveToPickPosition_PickUpML_stick36_initlocstick36_robot1_gripper1_rppickup,movel,initlocstick36,,0.30,0.30,"0.607370;-0.274820;-0.006000;0.000000;-3.141590;0.000000","",True,6327.95,0.00,8361.29,262.02,0.00,262.02,,
377,2026-05-04 15:02:35.739,CloseGripperLL,CloseGripperLL_closeGripper_PickUpML_stick36_initlocstick36_robot1_gripper1_rppickup,close_gripper,,,0.50,1.00,"","",True,13.46,0.00,2069.83,126.10,0.00,126.10,,
378,2026-05-04 15:02:37.936,MoveToLL,MoveToLL_moveToRetract_PickUpML_stick36_initlocstick36_robot1_gripper1_rppickup,movel,rppickup,,0.30,0.30,"0.607360;-0.274802;0.339901;0.000000;-3.141590;0.000000","-0.128900;-1.540886;-1.932730;-1.238644;1.554514;1.433690",True,5252.76,0.00,7282.71,127.10,0.00,127.10,,
379,2026-05-04 15:02:49.650,MoveToLL,MoveToLL_moveToTarget_TravelML_robot1_rppickup_rpmanipulate_dup45,movej,rpmanipulate,,0.30,0.30,"0.133776;0.348742;0.490041;0.000000;-3.141590;0.000000","1.656148;-0.959557;-2.051016;-1.701770;1.553554;1.650556",True,15284.52,0.00,17317.93,4431.70,0.00,4431.70,,
380,2026-05-04 15:03:07.218,MoveToLL,MoveToLL_moveToObjPosition_StackOnTwoML_stick36_robot1_finallocstick36_rpmanipulate_stick32_stick31_gripper1_layer7_layer8,planned,finallocstick36,,0.30,0.30,"-0.126276;0.959845;0.112500;2.352914;2.081682;0.000000","",True,16720.94,0.00,18777.22,249.37,0.00,249.37,,
381,2026-05-04 15:03:26.116,MoveToLL,MoveToLL_moveToRobotPos_StackOnTwoML_stick36_robot1_finallocstick36_rpmanipulate_stick32_stick31_gripper1_layer7_layer8,movej,rpmanipulate,,0.30,0.30,"0.133776;0.348742;0.490041;0.000000;-3.141590;0.000000","1.656148;-0.959557;-2.051016;-1.701770;1.553554;1.650556",True,11494.57,0.00,13512.63,121.62,0.00,121.62,,
382,2026-05-04 15:03:43.794,MoveToLL,MoveToLL_moveToTarget_TravelML_robot1_rpmanipulate_rptoolchange_dup9,movej,rptoolchange,,0.30,0.30,"-0.276143;0.385864;0.086921;-3.141491;-0.002589;-0.000081","2.086106;-1.186673;-2.396030;-1.129490;1.555172;0.503193",True,10748.09,0.00,12766.49,4165.30,0.00,4165.30,,
383,2026-05-04 15:03:56.837,DeequipToolLL,DeequipToolLL_deequipTool_DeequipML_robot1_gripper1_equiplocgripper_rptoolchange_dup5,play_program,,,0.50,1.00,"","",True,21215.01,0.00,23268.00,276.37,0.00,276.37,,
384,2026-05-04 15:04:20.355,EquipToolLL,EquipToolLL_equipTool_EquipeML_robot1_staplergun1_rptoolchange_equiplocstapler_dup5,play_program,,,0.50,1.00,"","",True,10440.36,0.00,12481.67,249.84,0.00,249.84,,
385,2026-05-04 15:04:37.174,MoveToLL,MoveToLL_moveToTarget_TravelML_robot1_rptoolchange_rpmanipulate_dup5,movej,rpmanipulate,,0.30,0.30,"0.133776;0.348742;0.490041;0.000000;-3.141590;0.000000","1.656148;-0.959557;-2.051016;-1.701770;1.553554;1.650556",True,11279.66,0.00,13328.72,4337.65,0.00,4337.65,,
386,2026-05-04 15:04:50.752,NailingLL,NailingLL_nailStep_NailingML_cube7_stick28_robot1_staplergun1_rpmanipulate,planned,unknown,nailgun,0.30,0.30,"0.250586;0.980687;0.133550;0.000000;0.000000;0.000000","",True,27159.34,0.00,29192.63,248.93,0.00,248.93,,
387,2026-05-04 15:05:23.963,NailingLL,NailingLL_nailStep_NailingML_cube8_stick32_robot1_staplergun1_rpmanipulate,planned,unknown,nailgun,0.30,0.30,"-0.251959;0.922325;0.132575;0.000000;0.000000;0.000000","",True,17866.34,0.00,19908.36,4018.10,0.00,4018.10,,
388,2026-05-04 15:05:47.987,NailingLL,NailingLL_nailStep_NailingML_stick33_stick28_robot1_staplergun1_rpmanipulate,planned,unknown,nailgun,0.30,0.30,"0.334189;0.919946;0.133575;0.000000;0.000000;0.000000","",True,15376.58,0.00,17410.91,4115.56,0.00,4115.56,,
389,2026-05-04 15:06:09.488,NailingLL,NailingLL_nailStep_NailingML_stick33_stick29_robot1_staplergun1_rpmanipulate,planned,unknown,nailgun,0.30,0.30,"0.358103;0.784740;0.133050;0.000000;0.000000;0.000000","",True,7387.80,0.00,9426.46,4090.29,0.00,4090.29,,
390,2026-05-04 15:06:23.037,NailingLL,NailingLL_nailStep_NailingML_stick34_stick29_robot1_staplergun1_rpmanipulate,planned,unknown,nailgun,0.30,0.30,"0.271639;0.678080;0.132575;0.000000;0.000000;0.000000","",True,9752.38,0.00,11794.92,4123.16,0.00,4123.16,,
391,2026-05-04 15:06:38.950,NailingLL,NailingLL_nailStep_NailingML_stick34_stick30_robot1_staplergun1_rpmanipulate,planned,unknown,nailgun,0.30,0.30,"0.138386;0.661719;0.132550;0.000000;0.000000;0.000000","",True,8162.42,0.00,10200.86,4117.36,0.00,4117.36,,
392,2026-05-04 15:06:53.276,NailingLL,NailingLL_nailStep_NailingML_stick35_stick30_robot1_staplergun1_rpmanipulate,planned,unknown,nailgun,0.30,0.30,"0.011642;0.753804;0.132550;0.000000;0.000000;0.000000","",True,11365.26,0.00,13397.24,4125.72,0.00,4125.72,,
393,2026-05-04 15:07:10.810,NailingLL,NailingLL_nailStep_NailingML_stick35_stick31_robot1_staplergun1_rpmanipulate,planned,unknown,nailgun,0.30,0.30,"0.022551;0.842648;0.132550;0.000000;0.000000;0.000000","",True,12952.96,0.00,14985.44,4136.48,0.00,4136.48,,
394,2026-05-04 15:07:29.689,NailingLL,NailingLL_nailStep_NailingML_stick36_stick31_robot1_staplergun1_rpmanipulate,planned,unknown,nailgun,0.30,0.30,"-0.056361;0.951261;0.132550;0.000000;0.000000;0.000000","",True,13266.76,0.00,15308.82,3893.83,0.00,3893.83,,
395,2026-05-04 15:07:49.239,NailingLL,NailingLL_nailStep_NailingML_stick36_stick32_robot1_staplergun1_rpmanipulate,planned,unknown,nailgun,0.30,0.30,"-0.189614;0.967622;0.132550;0.000000;0.000000;0.000000","",True,15252.06,0.00,17283.53,4241.35,0.00,4241.35,,
396,2026-05-04 15:08:14.650,MoveToLL,MoveToLL_moveToTarget_TravelML_robot1_rpmanipulate_rptoolchange_dup10,movej,rptoolchange,,0.30,0.30,"-0.276143;0.385864;0.086921;-3.141491;-0.002589;-0.000081","2.086106;-1.186673;-2.396030;-1.129490;1.555172;0.503193",True,13558.86,0.00,15641.51,8126.91,0.00,8126.91,,
397,2026-05-04 15:08:30.847,DeequipToolLL,DeequipToolLL_deequipTool_DeequipML_robot1_staplergun1_equiplocstapler_rptoolchange_dup5,play_program,,,0.50,1.00,"","",True,7279.38,0.00,9331.29,555.26,0.00,555.26,,
398,2026-05-04 15:08:40.448,EquipToolLL,EquipToolLL_equipTool_EquipeML_robot1_gripper1_rptoolchange_equiplocgripper_dup5,play_program,,,0.50,1.00,"","",True,21179.66,0.00,23226.15,270.46,0.00,270.46,,
399,2026-05-04 15:09:07.835,MoveToLL,MoveToLL_moveToTarget_TravelML_robot1_rptoolchange_rppickup_dup5,movej,rppickup,,0.30,0.30,"0.607360;-0.274802;0.339901;0.000000;-3.141590;0.000000","-0.128900;-1.540886;-1.932730;-1.238644;1.554514;1.433690",True,18114.85,0.00,20146.43,4160.06,0.00,4160.06,,
400,2026-05-04 15:09:28.233,MoveToLL,MoveToLL_moveToPickPosition_PickUpML_stick38_initlocstick38_robot1_gripper1_rppickup,movel,initlocstick38,,0.30,0.30,"0.607370;-0.274820;-0.006000;0.000000;-3.141590;0.000000","",True,6328.46,0.00,8370.07,251.48,0.00,251.48,,
401,2026-05-04 15:09:36.736,CloseGripperLL,CloseGripperLL_closeGripper_PickUpML_stick38_initlocstick38_robot1_gripper1_rppickup,close_gripper,,,0.50,1.00,"","",True,15.30,0.00,2056.70,133.32,0.00,133.32,,
402,2026-05-04 15:09:38.916,MoveToLL,MoveToLL_moveToRetract_PickUpML_stick38_initlocstick38_robot1_gripper1_rppickup,movel,rppickup,,0.30,0.30,"0.607360;-0.274802;0.339901;0.000000;-3.141590;0.000000","-0.128900;-1.540886;-1.932730;-1.238644;1.554514;1.433690",True,5941.29,0.00,7984.43,123.65,0.00,123.65,,
403,2026-05-04 15:09:50.943,MoveToLL,MoveToLL_moveToTarget_TravelML_robot1_rppickup_rpmanipulate_dup46,movej,rpmanipulate,,0.30,0.30,"0.133776;0.348742;0.490041;0.000000;-3.141590;0.000000","1.656148;-0.959557;-2.051016;-1.701770;1.553554;1.650556",True,14961.76,0.00,17007.31,4042.42,0.00,4042.42,,
404,2026-05-04 15:10:08.212,MoveToLL,MoveToLL_moveToObjPosition_StackOnTwoML_stick38_robot1_finallocstick38_rpmanipulate_stick33_stick34_gripper1_layer8_layer9,planned,finallocstick38,,0.30,0.30,"0.306080;0.726157;0.130000;-1.074488;-2.952131;0.000000","",True,18310.26,0.00,20366.72,261.37,0.00,261.37,,
405,2026-05-04 15:10:28.723,MoveToLL,MoveToLL_moveToRobotPos_StackOnTwoML_stick38_robot1_finallocstick38_rpmanipulate_stick33_stick34_gripper1_layer8_layer9,movej,rpmanipulate,,0.30,0.30,"0.133776;0.348742;0.490041;0.000000;-3.141590;0.000000","1.656148;-0.959557;-2.051016;-1.701770;1.553554;1.650556",True,11441.71,0.00,13490.79,144.38,0.00,144.38,,
406,2026-05-04 15:10:46.607,MoveToLL,MoveToLL_moveToTarget_TravelML_robot1_rpmanipulate_rppickup_dup43,movej,rppickup,,0.30,0.30,"0.607360;-0.274802;0.339901;0.000000;-3.141590;0.000000","-0.128900;-1.540886;-1.932730;-1.238644;1.554514;1.433690",True,15314.71,0.00,17360.54,4393.05,0.00,4393.05,,
407,2026-05-04 15:11:04.234,MoveToLL,MoveToLL_moveToPickPosition_PickUpML_stick37_initlocstick37_robot1_gripper1_rppickup,movel,initlocstick37,,0.30,0.30,"0.607370;-0.274820;-0.009000;0.000000;-3.141590;0.000000","",True,6321.20,0.00,8354.68,267.09,0.00,267.09,,
408,2026-05-04 15:11:12.718,CloseGripperLL,CloseGripperLL_closeGripper_PickUpML_stick37_initlocstick37_robot1_gripper1_rppickup,close_gripper,,,0.50,1.00,"","",True,16.89,0.00,2044.35,129.05,0.00,129.05,,
409,2026-05-04 15:11:14.892,MoveToLL,MoveToLL_moveToRetract_PickUpML_stick37_initlocstick37_robot1_gripper1_rppickup,movel,rppickup,,0.30,0.30,"0.607360;-0.274802;0.339901;0.000000;-3.141590;0.000000","-0.128900;-1.540886;-1.932730;-1.238644;1.554514;1.433690",True,5937.38,0.00,7977.10,129.88,0.00,129.88,,
410,2026-05-04 15:11:27.122,MoveToLL,MoveToLL_moveToTarget_TravelML_robot1_rppickup_rpmanipulate_dup47,movej,rpmanipulate,,0.30,0.30,"0.133776;0.348742;0.490041;0.000000;-3.141590;0.000000","1.656148;-0.959557;-2.051016;-1.701770;1.553554;1.650556",True,15463.14,0.00,17502.07,4252.93,0.00,4252.93,,
411,2026-05-04 15:11:44.882,MoveToLL,MoveToLL_moveToObjPosition_StackOnTwoML_stick37_robot1_finallocstick37_rpmanipulate_cube7_stick33_gripper1_layer8_layer9,planned,finallocstick37,,0.30,0.30,"0.305264;0.938318;0.131000;1.327694;-2.847250;0.000000","",True,20721.60,0.00,22771.11,257.63,0.00,257.63,,
412,2026-05-04 15:12:07.778,MoveToLL,MoveToLL_moveToRobotPos_StackOnTwoML_stick37_robot1_finallocstick37_rpmanipulate_cube7_stick33_gripper1_layer8_layer9,movej,rpmanipulate,,0.30,0.30,"0.133776;0.348742;0.490041;0.000000;-3.141590;0.000000","1.656148;-0.959557;-2.051016;-1.701770;1.553554;1.650556",True,21307.86,0.00,23339.00,124.90,0.00,124.90,,
413,2026-05-04 15:12:35.284,MoveToLL,MoveToLL_moveToTarget_TravelML_robot1_rpmanipulate_rppickup_dup44,movej,rppickup,,0.30,0.30,"0.607360;-0.274802;0.339901;0.000000;-3.141590;0.000000","-0.128900;-1.540886;-1.932730;-1.238644;1.554514;1.433690",True,15537.94,0.00,17586.45,4166.67,0.00,4166.67,,
414,2026-05-04 15:12:53.127,MoveToLL,MoveToLL_moveToPickPosition_PickUpML_stick39_initlocstick39_robot1_gripper1_rppickup,movel,initlocstick39,,0.30,0.30,"0.607370;-0.274820;-0.006000;0.000000;-3.141590;0.000000","",True,6304.08,0.00,8367.33,256.69,0.00,256.69,,
415,2026-05-04 15:13:01.621,CloseGripperLL,CloseGripperLL_closeGripper_PickUpML_stick39_initlocstick39_robot1_gripper1_rppickup,close_gripper,,,0.50,1.00,"","",True,1.09,0.00,2026.94,126.93,0.00,126.93,,
416,2026-05-04 15:13:03.776,MoveToLL,MoveToLL_moveToRetract_PickUpML_stick39_initlocstick39_robot1_gripper1_rppickup,movel,rppickup,,0.30,0.30,"0.607360;-0.274802;0.339901;0.000000;-3.141590;0.000000","-0.128900;-1.540886;-1.932730;-1.238644;1.554514;1.433690",True,5275.29,0.00,7292.63,127.76,0.00,127.76,,
417,2026-05-04 15:13:15.242,MoveToLL,MoveToLL_moveToTarget_TravelML_robot1_rppickup_rpmanipulate_dup48,movej,rpmanipulate,,0.30,0.30,"0.133776;0.348742;0.490041;0.000000;-3.141590;0.000000","1.656148;-0.959557;-2.051016;-1.701770;1.553554;1.650556",True,15544.18,0.00,17580.33,4173.04,0.00,4173.04,,
418,2026-05-04 15:13:33.072,MoveToLL,MoveToLL_moveToObjPosition_StackOnTwoML_stick39_robot1_finallocstick39_rpmanipulate_stick34_stick35_gripper1_layer8_layer9,planned,finallocstick39,,0.30,0.30,"0.077850;0.706189;0.130000;2.847250;1.327694;0.000000","",True,14399.76,0.00,16439.22,249.91,0.00,249.91,,
419,2026-05-04 15:13:49.646,MoveToLL,MoveToLL_moveToRobotPos_StackOnTwoML_stick39_robot1_finallocstick39_rpmanipulate_stick34_stick35_gripper1_layer8_layer9,movej,rpmanipulate,,0.30,0.30,"0.133776;0.348742;0.490041;0.000000;-3.141590;0.000000","1.656148;-0.959557;-2.051016;-1.701770;1.553554;1.650556",True,9341.93,0.00,11375.06,135.26,0.00,135.26,,
420,2026-05-04 15:14:04.874,MoveToLL,MoveToLL_moveToTarget_TravelML_robot1_rpmanipulate_rppickup_dup45,movej,rppickup,,0.30,0.30,"0.607360;-0.274802;0.339901;0.000000;-3.141590;0.000000","-0.128900;-1.540886;-1.932730;-1.238644;1.554514;1.433690",True,15142.96,0.00,17199.17,3852.73,0.00,3852.73,,
421,2026-05-04 15:14:22.345,MoveToLL,MoveToLL_moveToPickPosition_PickUpML_stick42_initlocstick42_robot1_gripper1_rppickup,movel,initlocstick42,,0.30,0.30,"0.607370;-0.274820;-0.006000;0.000000;-3.141590;0.000000","",True,6332.57,0.00,8352.09,271.72,0.00,271.72,,
422,2026-05-04 15:14:30.828,CloseGripperLL,CloseGripperLL_closeGripper_PickUpML_stick42_initlocstick42_robot1_gripper1_rppickup,close_gripper,,,0.50,1.00,"","",True,1.28,0.00,2032.30,130.83,0.00,130.83,,
423,2026-05-04 15:14:32.994,MoveToLL,MoveToLL_moveToRetract_PickUpML_stick42_initlocstick42_robot1_gripper1_rppickup,movel,rppickup,,0.30,0.30,"0.607360;-0.274802;0.339901;0.000000;-3.141590;0.000000","-0.128900;-1.540886;-1.932730;-1.238644;1.554514;1.433690",True,5948.19,0.00,7984.58,134.16,0.00,134.16,,
424,2026-05-04 15:14:45.423,MoveToLL,MoveToLL_moveToTarget_TravelML_robot1_rppickup_rpmanipulate_dup49,movej,rpmanipulate,,0.30,0.30,"0.133776;0.348742;0.490041;0.000000;-3.141590;0.000000","1.656148;-0.959557;-2.051016;-1.701770;1.553554;1.650556",True,15278.93,0.00,17310.78,4443.71,0.00,4443.71,,
425,2026-05-04 15:15:02.991,MoveToLL,MoveToLL_moveToObjPosition_StackOnTwoML_stick42_robot1_finallocstick42_rpmanipulate_stick38_stick37_gripper1_layer9_layer10,planned,finallocstick42,,0.30,0.30,"0.343759;0.838767;0.148500;0.082237;-3.140516;0.000000","",True,17531.69,0.00,19567.47,257.86,0.00,257.86,,
426,2026-05-04 15:15:22.688,MoveToLL,MoveToLL_moveToRobotPos_StackOnTwoML_stick42_robot1_finallocstick42_rpmanipulate_stick38_stick37_gripper1_layer9_layer10,movej,rpmanipulate,,0.30,0.30,"0.133776;0.348742;0.490041;0.000000;-3.141590;0.000000","1.656148;-0.959557;-2.051016;-1.701770;1.553554;1.650556",True,16399.76,0.00,18420.66,128.80,0.00,128.80,,
427,2026-05-04 15:15:45.051,MoveToLL,MoveToLL_moveToTarget_TravelML_robot1_rpmanipulate_rppickup_dup46,movej,rppickup,,0.30,0.30,"0.607360;-0.274802;0.339901;0.000000;-3.141590;0.000000","-0.128900;-1.540886;-1.932730;-1.238644;1.554514;1.433690",True,15057.53,0.00,17109.12,3942.57,0.00,3942.57,,
428,2026-05-04 15:16:02.416,MoveToLL,MoveToLL_moveToPickPosition_PickUpML_cube9_initloccube9_robot1_gripper1_rppickup,movel,initloccube9,,0.30,0.30,"0.607370;-0.274820;-0.009000;0.000000;-3.141590;0.000000","",True,6322.52,0.00,8366.32,256.42,0.00,256.42,,
429,2026-05-04 15:16:10.926,CloseGripperLL,CloseGripperLL_closeGripper_PickUpML_cube9_initloccube9_robot1_gripper1_rppickup,close_gripper,,,0.50,1.00,"","",True,13.23,0.00,2067.84,143.18,0.00,143.18,,
430,2026-05-04 15:16:13.124,MoveToLL,MoveToLL_moveToRetract_PickUpML_cube9_initloccube9_robot1_gripper1_rppickup,movel,rppickup,,0.30,0.30,"0.607360;-0.274802;0.339901;0.000000;-3.141590;0.000000","-0.128900;-1.540886;-1.932730;-1.238644;1.554514;1.433690",True,5958.53,0.00,7980.52,130.61,0.00,130.61,,
431,2026-05-04 15:16:25.044,MoveToLL,MoveToLL_moveToTarget_TravelML_robot1_rppickup_rpmanipulate_dup50,movej,rpmanipulate,,0.30,0.30,"0.133776;0.348742;0.490041;0.000000;-3.141590;0.000000","1.656148;-0.959557;-2.051016;-1.701770;1.553554;1.650556",True,15063.61,0.00,17109.91,3939.19,0.00,3939.19,,
432,2026-05-04 15:16:42.435,MoveToLL,MoveToLL_moveToObjPosition_StackML_cube9_stick37_robot1_gripper1_finalloccube9_rpmanipulate,planned,finalloccube9,,0.30,0.30,"0.266655;0.970714;0.148500;2.847250;1.327694;0.000000","",True,17495.90,0.00,19545.21,281.12,0.00,281.12,,
433,2026-05-04 15:17:02.114,MoveToLL,MoveToLL_moveToRobotPosition_StackML_cube9_stick37_robot1_gripper1_finalloccube9_rpmanipulate,movej,rpmanipulate,,0.30,0.30,"0.133776;0.348742;0.490041;0.000000;-3.141590;0.000000","1.656148;-0.959557;-2.051016;-1.701770;1.553554;1.650556",True,12171.79,0.00,14203.83,133.38,0.00,133.38,,
434,2026-05-04 15:17:20.156,MoveToLL,MoveToLL_moveToTarget_TravelML_robot1_rpmanipulate_rppickup_dup47,movej,rppickup,,0.30,0.30,"0.607360;-0.274802;0.339901;0.000000;-3.141590;0.000000","-0.128900;-1.540886;-1.932730;-1.238644;1.554514;1.433690",True,15184.47,0.00,17213.74,3838.69,0.00,3838.69,,
435,2026-05-04 15:17:37.648,MoveToLL,MoveToLL_moveToPickPosition_PickUpML_stick43_initlocstick43_robot1_gripper1_rppickup,movel,initlocstick43,,0.30,0.30,"0.607370;-0.274820;-0.006000;0.000000;-3.141590;0.000000","",True,6303.79,0.00,8342.73,278.67,0.00,278.67,,
436,2026-05-04 15:17:46.130,CloseGripperLL,CloseGripperLL_closeGripper_PickUpML_stick43_initlocstick43_robot1_gripper1_rppickup,close_gripper,,,0.50,1.00,"","",True,13.54,0.00,2059.24,139.04,0.00,139.04,,
437,2026-05-04 15:17:48.321,MoveToLL,MoveToLL_moveToRetract_PickUpML_stick43_initlocstick43_robot1_gripper1_rppickup,movel,rppickup,,0.30,0.30,"0.607360;-0.274802;0.339901;0.000000;-3.141590;0.000000","-0.128900;-1.540886;-1.932730;-1.238644;1.554514;1.433690",True,5942.33,0.00,7974.56,131.95,0.00,131.95,,
438,2026-05-04 15:18:00.705,MoveToLL,MoveToLL_moveToTarget_TravelML_robot1_rppickup_rpmanipulate_dup51,movej,rpmanipulate,,0.30,0.30,"0.133776;0.348742;0.490041;0.000000;-3.141590;0.000000","1.656148;-0.959557;-2.051016;-1.701770;1.553554;1.650556",True,15290.22,0.00,17342.13,4408.83,0.00,4408.83,,
439,2026-05-04 15:18:18.325,MoveToLL,MoveToLL_moveToObjPosition_StackOnTwoML_stick43_robot1_finallocstick43_rpmanipulate_stick38_stick39_gripper1_layer9_layer10,planned,finallocstick43,,0.30,0.30,"0.190460;0.668510;0.147500;-2.162530;-2.278831;0.000000","",True,16694.54,0.00,18751.29,278.18,0.00,278.18,,
440,2026-05-04 15:18:37.192,MoveToLL,MoveToLL_moveToRobotPos_StackOnTwoML_stick43_robot1_finallocstick43_rpmanipulate_stick38_stick39_gripper1_layer9_layer10,movej,rpmanipulate,,0.30,0.30,"0.133776;0.348742;0.490041;0.000000;-3.141590;0.000000","1.656148;-0.959557;-2.051016;-1.701770;1.553554;1.650556",True,8680.29,0.00,10707.50,116.00,0.00,116.00,,
441,2026-05-04 15:18:51.943,MoveToLL,MoveToLL_moveToTarget_TravelML_robot1_rpmanipulate_rppickup_dup48,movej,rppickup,,0.30,0.30,"0.607360;-0.274802;0.339901;0.000000;-3.141590;0.000000","-0.128900;-1.540886;-1.932730;-1.238644;1.554514;1.433690",True,14966.23,0.00,17009.57,4042.61,0.00,4042.61,,
442,2026-05-04 15:19:09.239,MoveToLL,MoveToLL_moveToPickPosition_PickUpML_stick41_initlocstick41_robot1_gripper1_rppickup,movel,initlocstick41,,0.30,0.30,"0.607370;-0.274820;-0.009000;0.000000;-3.141590;0.000000","",True,6284.73,0.00,8334.08,286.42,0.00,286.42,,
443,2026-05-04 15:19:17.700,CloseGripperLL,CloseGripperLL_closeGripper_PickUpML_stick41_initlocstick41_robot1_gripper1_rppickup,close_gripper,,,0.50,1.00,"","",True,1.04,0.00,2035.55,127.27,0.00,127.27,,
444,2026-05-04 15:19:19.863,MoveToLL,MoveToLL_moveToRetract_PickUpML_stick41_initlocstick41_robot1_gripper1_rppickup,movel,rppickup,,0.30,0.30,"0.607360;-0.274802;0.339901;0.000000;-3.141590;0.000000","-0.128900;-1.540886;-1.932730;-1.238644;1.554514;1.433690",True,5961.84,0.00,7994.14,127.42,0.00,127.42,,
445,2026-05-04 15:19:32.135,MoveToLL,MoveToLL_moveToTarget_TravelML_robot1_rppickup_rpmanipulate_dup52,movej,rpmanipulate,,0.30,0.30,"0.133776;0.348742;0.490041;0.000000;-3.141590;0.000000","1.656148;-0.959557;-2.051016;-1.701770;1.553554;1.650556",True,15429.42,0.00,17475.98,4277.71,0.00,4277.71,,
446,2026-05-04 15:19:49.874,MoveToLL,MoveToLL_moveToObjPosition_StackOnTwoML_stick41_robot1_finallocstick41_rpmanipulate_cube8_stick36_gripper1_layer8_layer9,planned,finallocstick41,,0.30,0.30,"-0.221424;0.947256;0.130000;-1.327694;-2.847250;0.000000","",True,16712.75,0.00,18761.31,263.49,0.00,263.49,,
447,2026-05-04 15:20:08.766,MoveToLL,MoveToLL_moveToRobotPos_StackOnTwoML_stick41_robot1_finallocstick41_rpmanipulate_cube8_stick36_gripper1_layer8_layer9,movej,rpmanipulate,,0.30,0.30,"0.133776;0.348742;0.490041;0.000000;-3.141590;0.000000","1.656148;-0.959557;-2.051016;-1.701770;1.553554;1.650556",True,11476.72,0.00,13505.32,130.07,0.00,130.07,,
448,2026-05-04 15:20:26.158,MoveToLL,MoveToLL_moveToTarget_TravelML_robot1_rpmanipulate_rppickup_dup49,movej,rppickup,,0.30,0.30,"0.607360;-0.274802;0.339901;0.000000;-3.141590;0.000000","-0.128900;-1.540886;-1.932730;-1.238644;1.554514;1.433690",True,15133.95,0.00,17164.22,3887.18,0.00,3887.18,,
449,2026-05-04 15:20:43.610,MoveToLL,MoveToLL_moveToPickPosition_PickUpML_stick40_initlocstick40_robot1_gripper1_rppickup,movel,initlocstick40,,0.30,0.30,"0.607370;-0.274820;-0.006000;0.000000;-3.141590;0.000000","",True,6293.41,0.00,8333.13,287.91,0.00,287.91,,
450,2026-05-04 15:20:52.088,CloseGripperLL,CloseGripperLL_closeGripper_PickUpML_stick40_initlocstick40_robot1_gripper1_rppickup,close_gripper,,,0.50,1.00,"","",True,13.78,0.00,2040.90,144.28,0.00,144.28,,
451,2026-05-04 15:20:54.258,MoveToLL,MoveToLL_moveToRetract_PickUpML_stick40_initlocstick40_robot1_gripper1_rppickup,movel,rppickup,,0.30,0.30,"0.607360;-0.274802;0.339901;0.000000;-3.141590;0.000000","-0.128900;-1.540886;-1.932730;-1.238644;1.554514;1.433690",True,5957.88,0.00,7979.71,129.04,0.00,129.04,,
452,2026-05-04 15:21:06.387,MoveToLL,MoveToLL_moveToTarget_TravelML_robot1_rppickup_rpmanipulate_dup53,movej,rpmanipulate,,0.30,0.30,"0.133776;0.348742;0.490041;0.000000;-3.141590;0.000000","1.656148;-0.959557;-2.051016;-1.701770;1.553554;1.650556",True,14960.49,0.00,16985.11,4150.02,0.00,4150.02,,
453,2026-05-04 15:21:23.654,MoveToLL,MoveToLL_moveToObjPosition_StackOnTwoML_stick40_robot1_finallocstick40_rpmanipulate_stick35_stick36_gripper1_layer8_layer9,planned,finallocstick40,,0.30,0.30,"-0.021920;0.903184;0.130000;2.952131;1.074488;0.000000","",True,18298.16,0.00,20345.99,282.12,0.00,282.12,,
454,2026-05-04 15:21:44.127,MoveToLL,MoveToLL_moveToRobotPos_StackOnTwoML_stick40_robot1_finallocstick40_rpmanipulate_stick35_stick36_gripper1_layer8_layer9,movej,rpmanipulate,,0.30,0.30,"0.133776;0.348742;0.490041;0.000000;-3.141590;0.000000","1.656148;-0.959557;-2.051016;-1.701770;1.553554;1.650556",True,10781.66,0.00,12809.69,126.10,0.00,126.10,,
455,2026-05-04 15:22:00.923,MoveToLL,MoveToLL_moveToTarget_TravelML_robot1_rpmanipulate_rppickup_dup50,movej,rppickup,,0.30,0.30,"0.607360;-0.274802;0.339901;0.000000;-3.141590;0.000000","-0.128900;-1.540886;-1.932730;-1.238644;1.554514;1.433690",True,15013.75,0.00,17063.17,3986.85,0.00,3986.85,,
456,2026-05-04 15:22:18.250,MoveToLL,MoveToLL_moveToPickPosition_PickUpML_cube10_initloccube10_robot1_gripper1_rppickup,movel,initloccube10,,0.30,0.30,"0.607370;-0.274820;-0.009000;0.000000;-3.141590;0.000000","",True,6300.72,0.00,8358.48,263.66,0.00,263.66,,
457,2026-05-04 15:22:26.742,CloseGripperLL,CloseGripperLL_closeGripper_PickUpML_cube10_initloccube10_robot1_gripper1_rppickup,close_gripper,,,0.50,1.00,"","",True,0.92,0.00,2032.57,134.01,0.00,134.01,,
458,2026-05-04 15:22:28.909,MoveToLL,MoveToLL_moveToRetract_PickUpML_cube10_initloccube10_robot1_gripper1_rppickup,movel,rppickup,,0.30,0.30,"0.607360;-0.274802;0.339901;0.000000;-3.141590;0.000000","-0.128900;-1.540886;-1.932730;-1.238644;1.554514;1.433690",True,5964.57,0.00,7989.50,134.36,0.00,134.36,,
459,2026-05-04 15:22:41.067,MoveToLL,MoveToLL_moveToTarget_TravelML_robot1_rppickup_rpmanipulate_dup54,movej,rpmanipulate,,0.30,0.30,"0.133776;0.348742;0.490041;0.000000;-3.141590;0.000000","1.656148;-0.959557;-2.051016;-1.701770;1.553554;1.650556",True,15537.04,0.00,17582.90,4168.58,0.00,4168.58,,
460,2026-05-04 15:22:58.910,MoveToLL,MoveToLL_moveToObjPosition_StackML_cube10_stick41_robot1_gripper1_finalloccube10_rpmanipulate,planned,finalloccube10,,0.30,0.30,"-0.262790;0.912546;0.147500;-1.327694;-2.847250;0.000000","",True,16725.37,0.00,18765.05,259.79,0.00,259.79,,
461,2026-05-04 15:23:17.809,MoveToLL,MoveToLL_moveToRobotPosition_StackML_cube10_stick41_robot1_gripper1_finalloccube10_rpmanipulate,movej,rpmanipulate,,0.30,0.30,"0.133776;0.348742;0.490041;0.000000;-3.141590;0.000000","1.656148;-0.959557;-2.051016;-1.701770;1.553554;1.650556",True,11475.98,0.00,13501.88,133.93,0.00,133.93,,
462,2026-05-04 15:23:35.244,MoveToLL,MoveToLL_moveToTarget_TravelML_robot1_rpmanipulate_rppickup_dup51,movej,rppickup,,0.30,0.30,"0.607360;-0.274802;0.339901;0.000000;-3.141590;0.000000","-0.128900;-1.540886;-1.932730;-1.238644;1.554514;1.433690",True,15083.26,0.00,17120.23,3932.81,0.00,3932.81,,
463,2026-05-04 15:23:52.625,MoveToLL,MoveToLL_moveToPickPosition_PickUpML_stick44_initlocstick44_robot1_gripper1_rppickup,movel,initlocstick44,,0.30,0.30,"0.607370;-0.274820;-0.006000;0.000000;-3.141590;0.000000","",True,6299.86,0.00,8358.21,261.06,0.00,261.06,,
464,2026-05-04 15:24:01.125,CloseGripperLL,CloseGripperLL_closeGripper_PickUpML_stick44_initlocstick44_robot1_gripper1_rppickup,close_gripper,,,0.50,1.00,"","",True,13.64,0.00,2058.33,142.04,0.00,142.04,,
465,2026-05-04 15:24:03.310,MoveToLL,MoveToLL_moveToRetract_PickUpML_stick44_initlocstick44_robot1_gripper1_rppickup,movel,rppickup,,0.30,0.30,"0.607360;-0.274802;0.339901;0.000000;-3.141590;0.000000","-0.128900;-1.540886;-1.932730;-1.238644;1.554514;1.433690",True,5256.97,0.00,7281.36,126.42,0.00,126.42,,
466,2026-05-04 15:24:15.022,MoveToLL,MoveToLL_moveToTarget_TravelML_robot1_rppickup_rpmanipulate_dup55,movej,rpmanipulate,,0.30,0.30,"0.133776;0.348742;0.490041;0.000000;-3.141590;0.000000","1.656148;-0.959557;-2.051016;-1.701770;1.553554;1.650556",True,15284.59,0.00,17324.90,4431.02,0.00,4431.02,,
467,2026-05-04 15:24:32.615,MoveToLL,MoveToLL_moveToObjPosition_StackOnTwoML_stick44_robot1_finallocstick44_rpmanipulate_stick40_stick39_gripper1_layer9_layer10,planned,finallocstick44,,0.30,0.30,"0.015759;0.790574;0.147500;3.140516;-0.082237;0.000000","",True,19105.85,0.00,21163.17,267.51,0.00,267.51,,
468,2026-05-04 15:24:53.917,MoveToLL,MoveToLL_moveToRobotPos_StackOnTwoML_stick44_robot1_finallocstick44_rpmanipulate_stick40_stick39_gripper1_layer9_layer10,movej,rpmanipulate,,0.30,0.30,"0.133776;0.348742;0.490041;0.000000;-3.141590;0.000000","1.656148;-0.959557;-2.051016;-1.701770;1.553554;1.650556",True,14983.58,0.00,17005.67,138.58,0.00,138.58,,
469,2026-05-04 15:25:15.161,MoveToLL,MoveToLL_moveToTarget_TravelML_robot1_rpmanipulate_rptoolchange_dup11,movej,rptoolchange,,0.30,0.30,"-0.276143;0.385864;0.086921;-3.141491;-0.002589;-0.000081","2.086106;-1.186673;-2.396030;-1.129490;1.555172;0.503193",True,11260.01,0.00,13302.14,4238.26,0.00,4238.26,,
470,2026-05-04 15:25:28.731,DeequipToolLL,DeequipToolLL_deequipTool_DeequipML_robot1_gripper1_equiplocgripper_rptoolchange_dup6,play_program,,,0.50,1.00,"","",True,21086.72,0.00,23131.52,268.36,0.00,268.36,,
471,2026-05-04 15:25:52.126,EquipToolLL,EquipToolLL_equipTool_EquipeML_robot1_staplergun1_rptoolchange_equiplocstapler_dup6,play_program,,,0.50,1.00,"","",True,10295.96,0.00,12328.94,263.19,0.00,263.19,,
472,2026-05-04 15:26:08.895,MoveToLL,MoveToLL_moveToTarget_TravelML_robot1_rptoolchange_rpmanipulate_dup6,movej,rpmanipulate,,0.30,0.30,"0.133776;0.348742;0.490041;0.000000;-3.141590;0.000000","1.656148;-0.959557;-2.051016;-1.701770;1.553554;1.650556",True,10747.76,0.00,12800.62,4439.91,0.00,4439.91,,
473,2026-05-04 15:26:21.956,NailingLL,NailingLL_nailStep_NailingML_stick43_stick38_robot1_staplergun1_rpmanipulate,planned,unknown,nailgun,0.30,0.30,"0.260803;0.672197;0.167575;0.000000;0.000000;0.000000","",True,22334.77,0.00,24371.65,260.61,0.00,260.61,,
474,2026-05-04 15:26:50.741,NailingLL,NailingLL_nailStep_NailingML_stick43_stick39_robot1_staplergun1_rpmanipulate,planned,unknown,nailgun,0.30,0.30,"0.126734;0.665171;0.167550;0.000000;0.000000;0.000000","",True,9470.46,0.00,11506.58,4413.14,0.00,4413.14,,
475,2026-05-04 15:27:06.767,NailingLL,NailingLL_nailStep_NailingML_stick44_stick39_robot1_staplergun1_rpmanipulate,planned,unknown,nailgun,0.30,0.30,"0.014138;0.759649;0.167575;0.000000;0.000000;0.000000","",True,10961.69,0.00,13018.22,4519.93,0.00,4519.93,,
476,2026-05-04 15:27:23.916,NailingLL,NailingLL_nailStep_NailingML_stick44_stick40_robot1_staplergun1_rpmanipulate,planned,unknown,nailgun,0.30,0.30,"0.019099;0.854300;0.167550;0.000000;0.000000;0.000000","",True,6516.93,0.00,8566.44,4131.04,0.00,4131.04,,
477,2026-05-04 15:27:36.818,NailingLL,NailingLL_nailStep_NailingML_cube9_stick37_robot1_staplergun1_rpmanipulate,planned,unknown,nailgun,0.30,0.30,"0.266655;0.970714;0.168550;0.000000;0.000000;0.000000","",True,10325.22,0.00,12385.37,4335.27,0.00,4335.27,,
478,2026-05-04 15:27:53.444,NailingLL,NailingLL_nailStep_NailingML_cube10_stick41_robot1_staplergun1_rpmanipulate,planned,unknown,nailgun,0.30,0.30,"-0.260300;0.914635;0.167575;0.000000;0.000000;0.000000","",True,12845.44,0.00,14881.63,4240.58,0.00,4240.58,,
479,2026-05-04 15:28:12.424,NailingLL,NailingLL_nailStep_NailingML_stick42_stick37_robot1_staplergun1_rpmanipulate,planned,unknown,nailgun,0.30,0.30,"0.340073;0.909110;0.168575;0.000000;0.000000;0.000000","",True,12195.38,0.00,14225.49,4098.27,0.00,4098.27,,
480,2026-05-04 15:28:30.781,NailingLL,NailingLL_nailStep_NailingML_stick42_stick38_robot1_staplergun1_rpmanipulate,planned,unknown,nailgun,0.30,0.30,"0.354496;0.772566;0.168050;0.000000;0.000000;0.000000","",True,7348.92,0.00,9383.16,4131.32,0.00,4131.32,,
481,2026-05-04 15:28:48.350,MoveToLL,MoveToLL_moveToTarget_TravelML_robot1_rpmanipulate_rptoolchange_dup12,movej,rptoolchange,,0.30,0.30,"-0.276143;0.385864;0.086921;-3.141491;-0.002589;-0.000081","2.086106;-1.186673;-2.396030;-1.129490;1.555172;0.503193",True,9331.39,0.00,11354.19,8186.20,0.00,8186.20,,
482,2026-05-04 15:29:00.244,DeequipToolLL,DeequipToolLL_deequipTool_DeequipML_robot1_staplergun1_equiplocstapler_rptoolchange_dup6,play_program,,,0.50,1.00,"","",True,7283.12,0.00,9339.25,539.92,0.00,539.92,,
483,2026-05-04 15:29:09.839,EquipToolLL,EquipToolLL_equipTool_EquipeML_robot1_gripper1_rptoolchange_equiplocgripper_dup6,play_program,,,0.50,1.00,"","",True,21113.88,0.00,23164.59,255.82,0.00,255.82,,
484,2026-05-04 15:29:36.959,MoveToLL,MoveToLL_moveToTarget_TravelML_robot1_rptoolchange_rppickup_dup6,movej,rppickup,,0.30,0.30,"0.607360;-0.274802;0.339901;0.000000;-3.141590;0.000000","-0.128900;-1.540886;-1.932730;-1.238644;1.554514;1.433690",True,17770.65,0.00,19813.06,3954.63,0.00,3954.63,,
485,2026-05-04 15:29:57.036,MoveToLL,MoveToLL_moveToPickPosition_PickUpML_stick45_initlocstick45_robot1_gripper1_rppickup,movel,initlocstick45,,0.30,0.30,"0.607370;-0.274820;-0.006000;0.000000;-3.141590;0.000000","",True,6328.80,0.00,8356.60,264.90,0.00,264.90,,
486,2026-05-04 15:30:05.531,CloseGripperLL,CloseGripperLL_closeGripper_PickUpML_stick45_initlocstick45_robot1_gripper1_rppickup,close_gripper,,,0.50,1.00,"","",True,18.97,0.00,2044.40,138.36,0.00,138.36,,
487,2026-05-04 15:30:07.703,MoveToLL,MoveToLL_moveToRetract_PickUpML_stick45_initlocstick45_robot1_gripper1_rppickup,movel,rppickup,,0.30,0.30,"0.607360;-0.274802;0.339901;0.000000;-3.141590;0.000000","-0.128900;-1.540886;-1.932730;-1.238644;1.554514;1.433690",True,5946.62,0.00,7977.53,127.24,0.00,127.24,,
488,2026-05-04 15:30:20.015,MoveToLL,MoveToLL_moveToTarget_TravelML_robot1_rppickup_rpmanipulate_dup56,movej,rpmanipulate,,0.30,0.30,"0.133776;0.348742;0.490041;0.000000;-3.141590;0.000000","1.656148;-0.959557;-2.051016;-1.701770;1.553554;1.650556",True,15403.63,0.00,17419.05,4334.64,0.00,4334.64,,
489,2026-05-04 15:30:37.709,MoveToLL,MoveToLL_moveToObjPosition_StackOnTwoML_stick45_robot1_finallocstick45_rpmanipulate_stick41_stick40_gripper1_layer9_layer10,planned,finallocstick45,,0.30,0.30,"-0.137540;0.960831;0.147500;2.278831;2.162530;0.000000","",True,19132.97,0.00,21154.72,274.33,0.00,274.33,,
490,2026-05-04 15:30:58.999,MoveToLL,MoveToLL_moveToRobotPos_StackOnTwoML_stick45_robot1_finallocstick45_rpmanipulate_stick41_stick40_gripper1_layer9_layer10,movej,rpmanipulate,,0.30,0.30,"0.133776;0.348742;0.490041;0.000000;-3.141590;0.000000","1.656148;-0.959557;-2.051016;-1.701770;1.553554;1.650556",True,11467.37,0.00,13499.63,135.92,0.00,135.92,,
491,2026-05-04 15:31:16.583,MoveToLL,MoveToLL_moveToTarget_TravelML_robot1_rpmanipulate_rptoolchange_dup13,movej,rptoolchange,,0.30,0.30,"-0.276143;0.385864;0.086921;-3.141491;-0.002589;-0.000081","2.086106;-1.186673;-2.396030;-1.129490;1.555172;0.503193",True,10748.20,0.00,12804.62,4083.84,0.00,4083.84,,
492,2026-05-04 15:31:29.680,DeequipToolLL,DeequipToolLL_deequipTool_DeequipML_robot1_gripper1_equiplocgripper_rptoolchange_dup7,play_program,,,0.50,1.00,"","",True,21189.73,0.00,23244.04,292.80,0.00,292.80,,
493,2026-05-04 15:31:53.191,EquipToolLL,EquipToolLL_equipTool_EquipeML_robot1_staplergun1_rptoolchange_equiplocstapler_dup7,play_program,,,0.50,1.00,"","",True,10420.06,0.00,12462.15,267.11,0.00,267.11,,
494,2026-05-04 15:32:09.928,MoveToLL,MoveToLL_moveToTarget_TravelML_robot1_rptoolchange_rpmanipulate_dup7,movej,rpmanipulate,,0.30,0.30,"0.133776;0.348742;0.490041;0.000000;-3.141590;0.000000","1.656148;-0.959557;-2.051016;-1.701770;1.553554;1.650556",True,11348.85,0.00,13369.27,4274.13,0.00,4274.13,,
495,2026-05-04 15:32:23.567,NailingLL,NailingLL_nailStep_NailingML_stick45_stick40_robot1_staplergun1_rpmanipulate,planned,unknown,nailgun,0.30,0.30,"-0.067197;0.957144;0.167550;0.000000;0.000000;0.000000","",True,26339.00,0.00,28384.78,270.00,0.00,270.00,,
496,2026-05-04 15:32:56.029,NailingLL,NailingLL_nailStep_NailingML_stick45_stick41_robot1_staplergun1_rpmanipulate,planned,unknown,nailgun,0.30,0.30,"-0.201266;0.964170;0.167550;0.000000;0.000000;0.000000","",True,9790.69,0.00,11823.51,4076.92,0.00,4076.92,,
497,2026-05-04 15:33:15.795,MoveToLL,MoveToLL_moveToTarget_TravelML_robot1_rpmanipulate_rptoolchange_dup14,movej,rptoolchange,,0.30,0.30,"-0.276143;0.385864;0.086921;-3.141491;-0.002589;-0.000081","2.086106;-1.186673;-2.396030;-1.129490;1.555172;0.503193",True,14386.81,0.00,16408.34,7942.48,0.00,7942.48,,
498,2026-05-04 15:33:32.775,DeequipToolLL,DeequipToolLL_deequipTool_DeequipML_robot1_staplergun1_equiplocstapler_rptoolchange_dup7,play_program,,,0.50,1.00,"","",True,7211.82,0.00,9266.28,571.81,0.00,571.81,,
499,2026-05-04 15:33:42.319,EquipToolLL,EquipToolLL_equipTool_EquipeML_robot1_gripper1_rptoolchange_equiplocgripper_dup7,play_program,,,0.50,1.00,"","",True,20752.28,0.00,22806.08,277.69,0.00,277.69,,
500,2026-05-04 15:34:09.261,MoveToLL,MoveToLL_moveToTarget_TravelML_robot1_rptoolchange_rppickup_dup7,movej,rppickup,,0.30,0.30,"0.607360;-0.274802;0.339901;0.000000;-3.141590;0.000000","-0.128900;-1.540886;-1.932730;-1.238644;1.554514;1.433690",True,17889.44,0.00,19944.77,4136.47,0.00,4136.47,,
501,2026-05-04 15:34:29.493,MoveToLL,MoveToLL_moveToPickPosition_PickUpML_stick47_initlocstick47_robot1_gripper1_rppickup,movel,initlocstick47,,0.30,0.30,"0.607370;-0.274820;-0.006000;0.000000;-3.141590;0.000000","",True,6293.36,0.00,8334.97,287.28,0.00,287.28,,
502,2026-05-04 15:34:37.976,CloseGripperLL,CloseGripperLL_closeGripper_PickUpML_stick47_initlocstick47_robot1_gripper1_rppickup,close_gripper,,,0.50,1.00,"","",True,10.66,0.00,2041.25,147.36,0.00,147.36,,
503,2026-05-04 15:34:40.151,MoveToLL,MoveToLL_moveToRetract_PickUpML_stick47_initlocstick47_robot1_gripper1_rppickup,movel,rppickup,,0.30,0.30,"0.607360;-0.274802;0.339901;0.000000;-3.141590;0.000000","-0.128900;-1.540886;-1.932730;-1.238644;1.554514;1.433690",True,5239.41,0.00,7275.81,133.84,0.00,133.84,,
504,2026-05-04 15:34:51.756,MoveToLL,MoveToLL_moveToTarget_TravelML_robot1_rppickup_rpmanipulate_dup57,movej,rpmanipulate,,0.30,0.30,"0.133776;0.348742;0.490041;0.000000;-3.141590;0.000000","1.656148;-0.959557;-2.051016;-1.701770;1.553554;1.650556",True,15389.12,0.00,17421.67,4329.82,0.00,4329.82,,
505,2026-05-04 15:35:09.458,MoveToLL,MoveToLL_moveToObjPosition_StackOnTwoML_stick47_robot1_finallocstick47_rpmanipulate_stick42_stick43_gripper1_layer10_layer11,planned,finallocstick47,,0.30,0.30,"0.298514;0.717754;0.165000;-1.176861;-2.912834;0.000000","",True,17507.02,0.00,19544.00,280.41,0.00,280.41,,
506,2026-05-04 15:35:29.134,MoveToLL,MoveToLL_moveToRobotPos_StackOnTwoML_stick47_robot1_finallocstick47_rpmanipulate_stick42_stick43_gripper1_layer10_layer11,movej,rpmanipulate,,0.30,0.30,"0.133776;0.348742;0.490041;0.000000;-3.141590;0.000000","1.656148;-0.959557;-2.051016;-1.701770;1.553554;1.650556",True,10778.72,0.00,12801.55,131.71,0.00,131.71,,
507,2026-05-04 15:35:45.919,MoveToLL,MoveToLL_moveToTarget_TravelML_robot1_rpmanipulate_rppickup_dup52,movej,rppickup,,0.30,0.30,"0.607360;-0.274802;0.339901;0.000000;-3.141590;0.000000","-0.128900;-1.540886;-1.932730;-1.238644;1.554514;1.433690",True,15022.21,0.00,17066.37,3982.98,0.00,3982.98,,
508,2026-05-04 15:36:03.273,MoveToLL,MoveToLL_moveToPickPosition_PickUpML_stick46_initlocstick46_robot1_gripper1_rppickup,movel,initlocstick46,,0.30,0.30,"0.607370;-0.274820;-0.009000;0.000000;-3.141590;0.000000","",True,6275.77,0.00,8336.50,288.06,0.00,288.06,,
509,2026-05-04 15:36:11.743,CloseGripperLL,CloseGripperLL_closeGripper_PickUpML_stick46_initlocstick46_robot1_gripper1_rppickup,close_gripper,,,0.50,1.00,"","",True,25.76,0.00,2104.43,133.22,0.00,133.22,,
510,2026-05-04 15:36:13.979,MoveToLL,MoveToLL_moveToRetract_PickUpML_stick46_initlocstick46_robot1_gripper1_rppickup,movel,rppickup,,0.30,0.30,"0.607360;-0.274802;0.339901;0.000000;-3.141590;0.000000","-0.128900;-1.540886;-1.932730;-1.238644;1.554514;1.433690",True,5828.49,0.00,7855.05,131.85,0.00,131.85,,
511,2026-05-04 15:36:26.131,MoveToLL,MoveToLL_moveToTarget_TravelML_robot1_rppickup_rpmanipulate_dup58,movej,rpmanipulate,,0.30,0.30,"0.133776;0.348742;0.490041;0.000000;-3.141590;0.000000","1.656148;-0.959557;-2.051016;-1.701770;1.553554;1.650556",True,15390.64,0.00,17455.97,4297.27,0.00,4297.27,,
512,2026-05-04 15:36:43.855,MoveToLL,MoveToLL_moveToObjPosition_StackOnTwoML_stick46_robot1_finallocstick46_rpmanipulate_cube9_stick42_gripper1_layer10_layer11,planned,finallocstick46,,0.30,0.30,"0.315197;0.926850;0.166000;1.227518;-2.891851;0.000000","",True,20702.84,0.00,22762.35,267.30,0.00,267.30,,
513,2026-05-04 15:37:06.748,MoveToLL,MoveToLL_moveToRobotPos_StackOnTwoML_stick46_robot1_finallocstick46_rpmanipulate_cube9_stick42_gripper1_layer10_layer11,movej,rpmanipulate,,0.30,0.30,"0.133776;0.348742;0.490041;0.000000;-3.141590;0.000000","1.656148;-0.959557;-2.051016;-1.701770;1.553554;1.650556",True,21303.47,0.00,23332.82,131.03,0.00,131.03,,
514,2026-05-04 15:37:34.178,MoveToLL,MoveToLL_moveToTarget_TravelML_robot1_rpmanipulate_rppickup_dup53,movej,rppickup,,0.30,0.30,"0.607360;-0.274802;0.339901;0.000000;-3.141590;0.000000","-0.128900;-1.540886;-1.932730;-1.238644;1.554514;1.433690",True,14961.47,0.00,16986.49,4097.39,0.00,4097.39,,
515,2026-05-04 15:37:51.443,MoveToLL,MoveToLL_moveToPickPosition_PickUpML_stick48_initlocstick48_robot1_gripper1_rppickup,movel,initlocstick48,,0.30,0.30,"0.607370;-0.274820;-0.006000;0.000000;-3.141590;0.000000","",True,6329.28,0.00,8341.51,278.01,0.00,278.01,,
516,2026-05-04 15:37:59.926,CloseGripperLL,CloseGripperLL_closeGripper_PickUpML_stick48_initlocstick48_robot1_gripper1_rppickup,close_gripper,,,0.50,1.00,"","",True,13.35,0.00,2067.15,142.06,0.00,142.06,,
517,2026-05-04 15:38:02.126,MoveToLL,MoveToLL_moveToRetract_PickUpML_stick48_initlocstick48_robot1_gripper1_rppickup,movel,rppickup,,0.30,0.30,"0.607360;-0.274802;0.339901;0.000000;-3.141590;0.000000","-0.128900;-1.540886;-1.932730;-1.238644;1.554514;1.433690",True,5960.10,0.00,7973.38,132.98,0.00,132.98,,
518,2026-05-04 15:38:14.397,MoveToLL,MoveToLL_moveToTarget_TravelML_robot1_rppickup_rpmanipulate_dup59,movej,rpmanipulate,,0.30,0.30,"0.133776;0.348742;0.490041;0.000000;-3.141590;0.000000","1.656148;-0.959557;-2.051016;-1.701770;1.553554;1.650556",True,15398.48,0.00,17454.77,4297.35,0.00,4297.35,,
519,2026-05-04 15:38:32.126,MoveToLL,MoveToLL_moveToObjPosition_StackOnTwoML_stick48_robot1_finallocstick48_rpmanipulate_stick43_stick44_gripper1_layer10_layer11,planned,finallocstick48,,0.30,0.30,"0.069447;0.713755;0.165000;2.891851;1.227518;0.000000","",True,14307.25,0.00,16352.28,273.78,0.00,273.78,,
520,2026-05-04 15:38:48.612,MoveToLL,MoveToLL_moveToRobotPos_StackOnTwoML_stick48_robot1_finallocstick48_rpmanipulate_stick43_stick44_gripper1_layer10_layer11,movej,rpmanipulate,,0.30,0.30,"0.133776;0.348742;0.490041;0.000000;-3.141590;0.000000","1.656148;-0.959557;-2.051016;-1.701770;1.553554;1.650556",True,9361.14,0.00,11391.16,134.48,0.00,134.48,,
521,2026-05-04 15:39:04.115,MoveToLL,MoveToLL_moveToTarget_TravelML_robot1_rpmanipulate_rppickup_dup54,movej,rppickup,,0.30,0.30,"0.607360;-0.274802;0.339901;0.000000;-3.141590;0.000000","-0.128900;-1.540886;-1.932730;-1.238644;1.554514;1.433690",True,14958.69,0.00,17006.05,4111.15,0.00,4111.15,,
522,2026-05-04 15:39:21.396,MoveToLL,MoveToLL_moveToPickPosition_PickUpML_stick51_initlocstick51_robot1_gripper1_rppickup,movel,initlocstick51,,0.30,0.30,"0.607370;-0.274820;-0.006000;0.000000;-3.141590;0.000000","",True,6304.57,0.00,8345.14,275.27,0.00,275.27,,
523,2026-05-04 15:39:29.875,CloseGripperLL,CloseGripperLL_closeGripper_PickUpML_stick51_initlocstick51_robot1_gripper1_rppickup,close_gripper,,,0.50,1.00,"","",True,13.38,0.00,2063.91,133.28,0.00,133.28,,
524,2026-05-04 15:39:32.078,MoveToLL,MoveToLL_moveToRetract_PickUpML_stick51_initlocstick51_robot1_gripper1_rppickup,movel,rppickup,,0.30,0.30,"0.607360;-0.274802;0.339901;0.000000;-3.141590;0.000000","-0.128900;-1.540886;-1.932730;-1.238644;1.554514;1.433690",True,5943.53,0.00,7970.21,139.95,0.00,139.95,,
525,2026-05-04 15:39:44.343,MoveToLL,MoveToLL_moveToTarget_TravelML_robot1_rppickup_rpmanipulate_dup60,movej,rpmanipulate,,0.30,0.30,"0.133776;0.348742;0.490041;0.000000;-3.141590;0.000000","1.656148;-0.959557;-2.051016;-1.701770;1.553554;1.650556",True,15421.36,0.00,17456.79,4294.91,0.00,4294.91,,
526,2026-05-04 15:40:02.063,MoveToLL,MoveToLL_moveToObjPosition_StackOnTwoML_stick51_robot1_finallocstick51_rpmanipulate_stick47_stick46_gripper1_layer11_layer12,planned,finallocstick51,,0.30,0.30,"0.343957;0.827461;0.183500;-0.027415;-3.141473;0.000000","",True,17525.65,0.00,19565.27,263.05,0.00,263.05,,
527,2026-05-04 15:40:21.768,MoveToLL,MoveToLL_moveToRobotPos_StackOnTwoML_stick51_robot1_finallocstick51_rpmanipulate_stick47_stick46_gripper1_layer11_layer12,movej,rpmanipulate,,0.30,0.30,"0.133776;0.348742;0.490041;0.000000;-3.141590;0.000000","1.656148;-0.959557;-2.051016;-1.701770;1.553554;1.650556",True,15670.54,0.00,17707.01,139.18,0.00,139.18,,
528,2026-05-04 15:40:43.488,MoveToLL,MoveToLL_moveToTarget_TravelML_robot1_rpmanipulate_rppickup_dup55,movej,rppickup,,0.30,0.30,"0.607360;-0.274802;0.339901;0.000000;-3.141590;0.000000","-0.128900;-1.540886;-1.932730;-1.238644;1.554514;1.433690",True,15004.66,0.00,17036.46,4013.00,0.00,4013.00,,
529,2026-05-04 15:41:00.822,MoveToLL,MoveToLL_moveToPickPosition_PickUpML_cube11_initloccube11_robot1_gripper1_rppickup,movel,initloccube11,,0.30,0.30,"0.607370;-0.274820;-0.009000;0.000000;-3.141590;0.000000","",True,6262.26,0.00,8323.67,297.90,0.00,297.90,,
530,2026-05-04 15:41:09.277,CloseGripperLL,CloseGripperLL_closeGripper_PickUpML_cube11_initloccube11_robot1_gripper1_rppickup,close_gripper,,,0.50,1.00,"","",True,12.83,0.00,2070.26,131.16,0.00,131.16,,
531,2026-05-04 15:41:11.474,MoveToLL,MoveToLL_moveToRetract_PickUpML_cube11_initloccube11_robot1_gripper1_rppickup,movel,rppickup,,0.30,0.30,"0.607360;-0.274802;0.339901;0.000000;-3.141590;0.000000","-0.128900;-1.540886;-1.932730;-1.238644;1.554514;1.433690",True,5940.71,0.00,7981.85,126.45,0.00,126.45,,
532,2026-05-04 15:41:23.481,MoveToLL,MoveToLL_moveToTarget_TravelML_robot1_rppickup_rpmanipulate_dup61,movej,rpmanipulate,,0.30,0.30,"0.133776;0.348742;0.490041;0.000000;-3.141590;0.000000","1.656148;-0.959557;-2.051016;-1.701770;1.553554;1.650556",True,14984.86,0.00,17027.64,4025.10,0.00,4025.10,,
533,2026-05-04 15:41:40.785,MoveToLL,MoveToLL_moveToObjPosition_StackML_cube11_stick46_robot1_gripper1_finalloccube11_rpmanipulate,planned,finalloccube11,,0.30,0.30,"0.281640;0.959256;0.183500;2.891851;1.227518;0.000000","",True,16696.70,0.00,18748.91,277.06,0.00,277.06,,
534,2026-05-04 15:41:59.658,MoveToLL,MoveToLL_moveToRobotPosition_StackML_cube11_stick46_robot1_gripper1_finalloccube11_rpmanipulate,movej,rpmanipulate,,0.30,0.30,"0.133776;0.348742;0.490041;0.000000;-3.141590;0.000000","1.656148;-0.959557;-2.051016;-1.701770;1.553554;1.650556",True,11486.28,0.00,13510.86,123.80,0.00,123.80,,
535,2026-05-04 15:42:17.962,MoveToLL,MoveToLL_moveToTarget_TravelML_robot1_rpmanipulate_rppickup_dup56,movej,rppickup,,0.30,0.30,"0.607360;-0.274802;0.339901;0.000000;-3.141590;0.000000","-0.128900;-1.540886;-1.932730;-1.238644;1.554514;1.433690",True,15013.22,0.00,17058.54,4793.41,0.00,4793.41,,
536,2026-05-04 15:42:35.287,MoveToLL,MoveToLL_moveToPickPosition_PickUpML_stick52_initlocstick52_robot1_gripper1_rppickup,movel,initlocstick52,,0.30,0.30,"0.607370;-0.274820;-0.006000;0.000000;-3.141590;0.000000","",True,6303.72,0.00,8356.44,265.97,0.00,265.97,,
537,2026-05-04 15:42:43.774,CloseGripperLL,CloseGripperLL_closeGripper_PickUpML_stick52_initlocstick52_robot1_gripper1_rppickup,close_gripper,,,0.50,1.00,"","",True,0.87,0.00,2043.01,131.08,0.00,131.08,,
538,2026-05-04 15:42:45.951,MoveToLL,MoveToLL_moveToRetract_PickUpML_stick52_initlocstick52_robot1_gripper1_rppickup,movel,rppickup,,0.30,0.30,"0.607360;-0.274802;0.339901;0.000000;-3.141590;0.000000","-0.128900;-1.540886;-1.932730;-1.238644;1.554514;1.433690",True,5258.17,0.00,7286.71,133.19,0.00,133.19,,
539,2026-05-04 15:42:57.423,MoveToLL,MoveToLL_moveToTarget_TravelML_robot1_rppickup_rpmanipulate_dup62,movej,rpmanipulate,,0.30,0.30,"0.133776;0.348742;0.490041;0.000000;-3.141590;0.000000","1.656148;-0.959557;-2.051016;-1.701770;1.553554;1.650556",True,15520.58,0.00,17567.73,4185.49,0.00,4185.49,,
540,2026-05-04 15:43:15.264,MoveToLL,MoveToLL_moveToObjPosition_StackOnTwoML_stick52_robot1_finallocstick52_rpmanipulate_stick47_stick48_gripper1_layer11_layer12,planned,finallocstick52,,0.30,0.30,"0.179154;0.668313;0.182500;2.240742;2.201971;0.000000","",True,14308.02,0.00,16369.75,273.36,0.00,273.36,,
541,2026-05-04 15:43:31.902,MoveToLL,MoveToLL_moveToRobotPos_StackOnTwoML_stick52_robot1_finallocstick52_rpmanipulate_stick47_stick48_gripper1_layer11_layer12,movej,rpmanipulate,,0.30,0.30,"0.133776;0.348742;0.490041;0.000000;-3.141590;0.000000","1.656148;-0.959557;-2.051016;-1.701770;1.553554;1.650556",True,8514.90,0.00,10538.48,268.78,0.00,268.78,,
542,2026-05-04 15:43:46.483,MoveToLL,MoveToLL_moveToTarget_TravelML_robot1_rpmanipulate_rppickup_dup57,movej,rppickup,,0.30,0.30,"0.607360;-0.274802;0.339901;0.000000;-3.141590;0.000000","-0.128900;-1.540886;-1.932730;-1.238644;1.554514;1.433690",True,14969.04,0.00,17009.48,4041.80,0.00,4041.80,,
543,2026-05-04 15:44:03.751,MoveToLL,MoveToLL_moveToPickPosition_PickUpML_stick50_initlocstick50_robot1_gripper1_rppickup,movel,initlocstick50,,0.30,0.30,"0.607370;-0.274820;-0.009000;0.000000;-3.141590;0.000000","",True,6304.53,0.00,8363.16,259.07,0.00,259.07,,
544,2026-05-04 15:44:12.253,CloseGripperLL,CloseGripperLL_closeGripper_PickUpML_stick50_initlocstick50_robot1_gripper1_rppickup,close_gripper,,,0.50,1.00,"","",True,14.00,0.00,2069.28,138.88,0.00,138.88,,
545,2026-05-04 15:44:14.458,MoveToLL,MoveToLL_moveToRetract_PickUpML_stick50_initlocstick50_robot1_gripper1_rppickup,movel,rppickup,,0.30,0.30,"0.607360;-0.274802;0.339901;0.000000;-3.141590;0.000000","-0.128900;-1.540886;-1.932730;-1.238644;1.554514;1.433690",True,5944.90,0.00,7971.97,135.60,0.00,135.60,,
546,2026-05-04 15:44:26.631,MoveToLL,MoveToLL_moveToTarget_TravelML_robot1_rppickup_rpmanipulate_dup63,movej,rpmanipulate,,0.30,0.30,"0.133776;0.348742;0.490041;0.000000;-3.141590;0.000000","1.656148;-0.959557;-2.051016;-1.701770;1.553554;1.650556",True,15516.18,0.00,17552.64,4200.48,0.00,4200.48,,
547,2026-05-04 15:44:44.452,MoveToLL,MoveToLL_moveToObjPosition_StackOnTwoML_stick50_robot1_finallocstick50_rpmanipulate_cube10_stick45_gripper1_layer10_layer11,planned,finallocstick50,,0.30,0.30,"-0.231578;0.941635;0.165000;-1.227518;-2.891851;0.000000","",True,19117.48,0.00,21161.99,268.30,0.00,268.30,,
548,2026-05-04 15:45:05.743,MoveToLL,MoveToLL_moveToRobotPos_StackOnTwoML_stick50_robot1_finallocstick50_rpmanipulate_cube10_stick45_gripper1_layer10_layer11,movej,rpmanipulate,,0.30,0.30,"0.133776;0.348742;0.490041;0.000000;-3.141590;0.000000","1.656148;-0.959557;-2.051016;-1.701770;1.553554;1.650556",True,11475.87,0.00,13504.79,129.08,0.00,129.08,,
549,2026-05-04 15:45:23.456,MoveToLL,MoveToLL_moveToTarget_TravelML_robot1_rpmanipulate_rppickup_dup58,movej,rppickup,,0.30,0.30,"0.607360;-0.274802;0.339901;0.000000;-3.141590;0.000000","-0.128900;-1.540886;-1.932730;-1.238644;1.554514;1.433690",True,15506.44,0.00,17543.42,4208.75,0.00,4208.75,,
550,2026-05-04 15:45:41.279,MoveToLL,MoveToLL_moveToPickPosition_PickUpML_stick49_initlocstick49_robot1_gripper1_rppickup,movel,initlocstick49,,0.30,0.30,"0.607370;-0.274820;-0.006000;0.000000;-3.141590;0.000000","",True,6287.82,0.00,8343.17,279.33,0.00,279.33,,
551,2026-05-04 15:45:49.754,CloseGripperLL,CloseGripperLL_closeGripper_PickUpML_stick49_initlocstick49_robot1_gripper1_rppickup,close_gripper,,,0.50,1.00,"","",True,18.60,0.00,2057.05,132.23,0.00,132.23,,
552,2026-05-04 15:45:51.956,MoveToLL,MoveToLL_moveToRetract_PickUpML_stick49_initlocstick49_robot1_gripper1_rppickup,movel,rppickup,,0.30,0.30,"0.607360;-0.274802;0.339901;0.000000;-3.141590;0.000000","-0.128900;-1.540886;-1.932730;-1.238644;1.554514;1.433690",True,5236.61,0.00,7257.14,144.59,0.00,144.59,,
553,2026-05-04 15:46:03.566,MoveToLL,MoveToLL_moveToTarget_TravelML_robot1_rppickup_rpmanipulate_dup64,movej,rpmanipulate,,0.30,0.30,"0.133776;0.348742;0.490041;0.000000;-3.141590;0.000000","1.656148;-0.959557;-2.051016;-1.701770;1.553554;1.650556",True,15345.66,0.00,17401.22,4353.35,0.00,4353.35,,
554,2026-05-04 15:46:21.244,MoveToLL,MoveToLL_moveToObjPosition_StackOnTwoML_stick49_robot1_finallocstick49_rpmanipulate_stick44_stick45_gripper1_layer10_layer11,planned,finallocstick49,,0.30,0.30,"-0.029486;0.911587;0.165000;2.912834;1.176861;0.000000","",True,18313.82,0.00,20350.46,276.82,0.00,276.82,,
555,2026-05-04 15:46:41.730,MoveToLL,MoveToLL_moveToRobotPos_StackOnTwoML_stick49_robot1_finallocstick49_rpmanipulate_stick44_stick45_gripper1_layer10_layer11,movej,rpmanipulate,,0.30,0.30,"0.133776;0.348742;0.490041;0.000000;-3.141590;0.000000","1.656148;-0.959557;-2.051016;-1.701770;1.553554;1.650556",True,10777.70,0.00,12798.42,135.18,0.00,135.18,,
556,2026-05-04 15:46:58.467,MoveToLL,MoveToLL_moveToTarget_TravelML_robot1_rpmanipulate_rppickup_dup59,movej,rppickup,,0.30,0.30,"0.607360;-0.274802;0.339901;0.000000;-3.141590;0.000000","-0.128900;-1.540886;-1.932730;-1.238644;1.554514;1.433690",True,15055.38,0.00,17112.82,3938.65,0.00,3938.65,,
557,2026-05-04 15:47:15.860,MoveToLL,MoveToLL_moveToPickPosition_PickUpML_cube12_initloccube12_robot1_gripper1_rppickup,movel,initloccube12,,0.30,0.30,"0.607370;-0.274820;-0.009000;0.000000;-3.141590;0.000000","",True,6269.46,0.00,8340.56,279.58,0.00,279.58,,
558,2026-05-04 15:47:24.340,CloseGripperLL,CloseGripperLL_closeGripper_PickUpML_cube12_initloccube12_robot1_gripper1_rppickup,close_gripper,,,0.50,1.00,"","",True,26.75,0.00,2082.55,140.06,0.00,140.06,,
559,2026-05-04 15:47:26.560,MoveToLL,MoveToLL_moveToRetract_PickUpML_cube12_initloccube12_robot1_gripper1_rppickup,movel,rppickup,,0.30,0.30,"0.607360;-0.274802;0.339901;0.000000;-3.141590;0.000000","-0.128900;-1.540886;-1.932730;-1.238644;1.554514;1.433690",True,5896.67,0.00,7959.96,137.49,0.00,137.49,,
560,2026-05-04 15:47:38.576,MoveToLL,MoveToLL_moveToTarget_TravelML_robot1_rppickup_rpmanipulate_dup65,movej,rpmanipulate,,0.30,0.30,"0.133776;0.348742;0.490041;0.000000;-3.141590;0.000000","1.656148;-0.959557;-2.051016;-1.701770;1.553554;1.650556",True,14958.87,0.00,17015.92,4056.28,0.00,4056.28,,
561,2026-05-04 15:47:55.870,MoveToLL,MoveToLL_moveToObjPosition_StackML_cube12_stick50_robot1_gripper1_finalloccube12_rpmanipulate,planned,finalloccube12,,0.30,0.30,"-0.270423;0.904124;0.182500;-1.227518;-2.891851;0.000000","",True,18325.48,0.00,20350.14,277.43,0.00,277.43,,
562,2026-05-04 15:48:16.358,MoveToLL,MoveToLL_moveToRobotPosition_StackML_cube12_stick50_robot1_gripper1_finalloccube12_rpmanipulate,movej,rpmanipulate,,0.30,0.30,"0.133776;0.348742;0.490041;0.000000;-3.141590;0.000000","1.656148;-0.959557;-2.051016;-1.701770;1.553554;1.650556",True,11465.02,0.00,13496.72,138.52,0.00,138.52,,
563,2026-05-04 15:48:33.701,MoveToLL,MoveToLL_moveToTarget_TravelML_robot1_rpmanipulate_rppickup_dup60,movej,rppickup,,0.30,0.30,"0.607360;-0.274802;0.339901;0.000000;-3.141590;0.000000","-0.128900;-1.540886;-1.932730;-1.238644;1.554514;1.433690",True,15180.63,0.00,17204.56,3846.09,0.00,3846.09,,
564,2026-05-04 15:48:51.178,MoveToLL,MoveToLL_moveToPickPosition_PickUpML_stick53_initlocstick53_robot1_gripper1_rppickup,movel,initlocstick53,,0.30,0.30,"0.607370;-0.274820;-0.006000;0.000000;-3.141590;0.000000","",True,6299.46,0.00,8348.87,272.16,0.00,272.16,,
565,2026-05-04 15:48:59.661,CloseGripperLL,CloseGripperLL_closeGripper_PickUpML_stick53_initlocstick53_robot1_gripper1_rppickup,close_gripper,,,0.50,1.00,"","",True,13.57,0.00,2075.86,134.55,0.00,134.55,,
566,2026-05-04 15:49:01.862,MoveToLL,MoveToLL_moveToRetract_PickUpML_stick53_initlocstick53_robot1_gripper1_rppickup,movel,rppickup,,0.30,0.30,"0.607360;-0.274802;0.339901;0.000000;-3.141590;0.000000","-0.128900;-1.540886;-1.932730;-1.238644;1.554514;1.433690",True,5966.17,0.00,7984.92,125.07,0.00,125.07,,
567,2026-05-04 15:49:14.309,MoveToLL,MoveToLL_moveToTarget_TravelML_robot1_rppickup_rpmanipulate_dup66,movej,rpmanipulate,,0.30,0.30,"0.133776;0.348742;0.490041;0.000000;-3.141590;0.000000","1.656148;-0.959557;-2.051016;-1.701770;1.553554;1.650556",True,15290.32,0.00,17326.11,4461.57,0.00,4461.57,,
568,2026-05-04 15:49:31.888,MoveToLL,MoveToLL_moveToObjPosition_StackOnTwoML_stick53_robot1_finallocstick53_rpmanipulate_stick49_stick48_gripper1_layer11_layer12,planned,finallocstick53,,0.30,0.30,"0.015957;0.801880;0.182500;3.141473;0.027415;0.000000","",True,18321.37,0.00,20373.76,253.53,0.00,253.53,,
569,2026-05-04 15:49:52.388,MoveToLL,MoveToLL_moveToRobotPos_StackOnTwoML_stick53_robot1_finallocstick53_rpmanipulate_stick49_stick48_gripper1_layer11_layer12,movej,rpmanipulate,,0.30,0.30,"0.133776;0.348742;0.490041;0.000000;-3.141590;0.000000","1.656148;-0.959557;-2.051016;-1.701770;1.553554;1.650556",True,14986.02,0.00,17021.22,125.71,0.00,125.71,,
570,2026-05-04 15:50:13.502,MoveToLL,MoveToLL_moveToTarget_TravelML_robot1_rpmanipulate_rppickup_dup61,movej,rppickup,,0.30,0.30,"0.607360;-0.274802;0.339901;0.000000;-3.141590;0.000000","-0.128900;-1.540886;-1.932730;-1.238644;1.554514;1.433690",True,14948.85,0.00,16965.27,4093.25,0.00,4093.25,,
571,2026-05-04 15:50:30.734,MoveToLL,MoveToLL_moveToPickPosition_PickUpML_stick54_initlocstick54_robot1_gripper1_rppickup,movel,initlocstick54,,0.30,0.30,"0.607370;-0.274820;-0.006000;0.000000;-3.141590;0.000000","",True,6316.25,0.00,8355.46,266.60,0.00,266.60,,
572,2026-05-04 15:50:39.218,CloseGripperLL,CloseGripperLL_closeGripper_PickUpML_stick54_initlocstick54_robot1_gripper1_rppickup,close_gripper,,,0.50,1.00,"","",True,1.50,0.00,2049.01,127.76,0.00,127.76,,
573,2026-05-04 15:50:41.403,MoveToLL,MoveToLL_moveToRetract_PickUpML_stick54_initlocstick54_robot1_gripper1_rppickup,movel,rppickup,,0.30,0.30,"0.607360;-0.274802;0.339901;0.000000;-3.141590;0.000000","-0.128900;-1.540886;-1.932730;-1.238644;1.554514;1.433690",True,5965.62,0.00,7985.11,136.08,0.00,136.08,,
574,2026-05-04 15:50:53.688,MoveToLL,MoveToLL_moveToTarget_TravelML_robot1_rppickup_rpmanipulate_dup67,movej,rpmanipulate,,0.30,0.30,"0.133776;0.348742;0.490041;0.000000;-3.141590;0.000000","1.656148;-0.959557;-2.051016;-1.701770;1.553554;1.650556",True,15414.49,0.00,17453.09,4300.67,0.00,4300.67,,
575,2026-05-04 15:51:11.424,MoveToLL,MoveToLL_moveToObjPosition_StackOnTwoML_stick54_robot1_finallocstick54_rpmanipulate_stick50_stick49_gripper1_layer11_layer12,planned,finallocstick54,,0.30,0.30,"-0.148846;0.961028;0.182500;-2.201971;-2.240742;0.000000","",True,19070.10,0.00,21146.33,282.51,0.00,282.51,,
576,2026-05-04 15:51:32.702,MoveToLL,MoveToLL_moveToRobotPos_StackOnTwoML_stick54_robot1_finallocstick54_rpmanipulate_stick50_stick49_gripper1_layer11_layer12,movej,rpmanipulate,,0.30,0.30,"0.133776;0.348742;0.490041;0.000000;-3.141590;0.000000","1.656148;-0.959557;-2.051016;-1.701770;1.553554;1.650556",True,11478.83,0.00,13502.91,131.62,0.00,131.62,,
577,2026-05-04 15:51:50.466,MoveToLL,MoveToLL_moveToTarget_TravelML_robot1_rpmanipulate_rptoolchange_dup15,movej,rptoolchange,,0.30,0.30,"-0.276143;0.385864;0.086921;-3.141491;-0.002589;-0.000081","2.086106;-1.186673;-2.396030;-1.129490;1.555172;0.503193",True,11239.72,0.00,13280.01,4261.38,0.00,4261.38,,
578,2026-05-04 15:52:04.005,DeequipToolLL,DeequipToolLL_deequipTool_DeequipML_robot1_gripper1_equiplocgripper_rptoolchange_dup8,play_program,,,0.50,1.00,"","",True,21225.45,0.00,23303.77,258.47,0.00,258.47,,
579,2026-05-04 15:52:27.581,EquipToolLL,EquipToolLL_equipTool_EquipeML_robot1_staplergun1_rptoolchange_equiplocstapler_dup8,play_program,,,0.50,1.00,"","",True,10341.49,0.00,12371.33,272.13,0.00,272.13,,
580,2026-05-04 15:52:44.655,MoveToLL,MoveToLL_moveToTarget_TravelML_robot1_rptoolchange_rpmanipulate_dup8,movej,rpmanipulate,,0.30,0.30,"0.133776;0.348742;0.490041;0.000000;-3.141590;0.000000","1.656148;-0.959557;-2.051016;-1.701770;1.553554;1.650556",True,11029.99,0.00,13079.53,4702.72,0.00,4702.72,,
581,2026-05-04 15:52:57.994,NailingLL,NailingLL_nailStep_NailingML_cube11_stick46_robot1_staplergun1_rpmanipulate,planned,unknown,nailgun,0.30,0.30,"0.281640;0.959256;0.203550;0.000000;0.000000;0.000000","",True,27933.27,0.00,29979.56,260.06,0.00,260.06,,
582,2026-05-04 15:53:32.045,NailingLL,NailingLL_nailStep_NailingML_cube12_stick50_robot1_staplergun1_rpmanipulate,planned,unknown,nailgun,0.30,0.30,"-0.268085;0.906381;0.202575;0.000000;0.000000;0.000000","",True,11414.91,0.00,13449.77,4070.79,0.00,4070.79,,
583,2026-05-04 15:53:49.733,NailingLL,NailingLL_nailStep_NailingML_stick51_stick46_robot1_staplergun1_rpmanipulate,planned,unknown,nailgun,0.30,0.30,"0.345186;0.897890;0.203575;0.000000;0.000000;0.000000","",True,9631.65,0.00,11680.29,4238.98,0.00,4238.98,,
584,2026-05-04 15:54:05.701,NailingLL,NailingLL_nailStep_NailingML_stick51_stick47_robot1_staplergun1_rpmanipulate,planned,unknown,nailgun,0.30,0.30,"0.350050;0.760672;0.203050;0.000000;0.000000;0.000000","",True,15248.28,0.00,17297.57,4286.90,0.00,4286.90,,
585,2026-05-04 15:54:27.183,NailingLL,NailingLL_nailStep_NailingML_stick52_stick47_robot1_staplergun1_rpmanipulate,planned,unknown,nailgun,0.30,0.30,"0.249583;0.667084;0.202575;0.000000;0.000000;0.000000","",True,12894.52,0.00,14933.33,4185.25,0.00,4185.25,,
586,2026-05-04 15:54:46.290,NailingLL,NailingLL_nailStep_NailingML_stick52_stick48_robot1_staplergun1_rpmanipulate,planned,unknown,nailgun,0.30,0.30,"0.115350;0.669427;0.202550;0.000000;0.000000;0.000000","",True,14552.72,0.00,16588.89,4173.21,0.00,4173.21,,
587,2026-05-04 15:55:07.000,NailingLL,NailingLL_nailStep_NailingML_stick53_stick48_robot1_staplergun1_rpmanipulate,planned,unknown,nailgun,0.30,0.30,"0.016604;0.764785;0.202575;0.000000;0.000000;0.000000","",True,12943.94,0.00,14981.30,4121.43,0.00,4121.43,,
588,2026-05-04 15:55:26.170,NailingLL,NailingLL_nailStep_NailingML_stick53_stick49_robot1_staplergun1_rpmanipulate,planned,unknown,nailgun,0.30,0.30,"0.014843;0.865684;0.202550;0.000000;0.000000;0.000000","",True,11283.10,0.00,13330.72,4188.96,0.00,4188.96,,
589,2026-05-04 15:55:43.885,NailingLL,NailingLL_nailStep_NailingML_stick54_stick49_robot1_staplergun1_rpmanipulate,planned,unknown,nailgun,0.30,0.30,"-0.078417;0.962257;0.202550;0.000000;0.000000;0.000000","",True,8696.92,0.00,10735.35,4384.10,0.00,4384.10,,
590,2026-05-04 15:55:58.845,NailingLL,NailingLL_nailStep_NailingML_stick54_stick50_robot1_staplergun1_rpmanipulate,planned,unknown,nailgun,0.30,0.30,"-0.212650;0.959914;0.202550;0.000000;0.000000;0.000000","",True,12057.03,0.00,14097.27,4224.50,0.00,4224.50,,
591,2026-05-04 15:56:20.829,MoveToLL,MoveToLL_moveToTarget_TravelML_robot1_rpmanipulate_rptoolchange_dup16,movej,rptoolchange,,0.30,0.30,"-0.276143;0.385864;0.086921;-3.141491;-0.002589;-0.000081","2.086106;-1.186673;-2.396030;-1.129490;1.555172;0.503193",True,13724.20,0.00,15763.60,7886.15,0.00,7886.15,,
592,2026-05-04 15:56:37.148,DeequipToolLL,DeequipToolLL_deequipTool_DeequipML_robot1_staplergun1_equiplocstapler_rptoolchange_dup8,play_program,,,0.50,1.00,"","",True,7308.27,0.00,9356.79,555.82,0.00,555.82,,
593,2026-05-04 15:56:46.794,EquipToolLL,EquipToolLL_equipTool_EquipeML_robot1_gripper1_rptoolchange_equiplocgripper_dup8,play_program,,,0.50,1.00,"","",True,21187.79,0.00,23240.65,289.05,0.00,289.05,,
594,2026-05-04 15:57:14.159,MoveToLL,MoveToLL_moveToTarget_TravelML_robot1_rptoolchange_rppickup_dup8,movej,rppickup,,0.30,0.30,"0.607360;-0.274802;0.339901;0.000000;-3.141590;0.000000","-0.128900;-1.540886;-1.932730;-1.238644;1.554514;1.433690",True,18111.56,0.00,20140.23,4124.81,0.00,4124.81,,
595,2026-05-04 15:57:34.577,MoveToLL,MoveToLL_moveToPickPosition_PickUpML_stick56_initlocstick56_robot1_gripper1_rppickup,movel,initlocstick56,,0.30,0.30,"0.607370;-0.274820;-0.006000;0.000000;-3.141590;0.000000","",True,6294.42,0.00,8344.71,277.05,0.00,277.05,,
596,2026-05-04 15:57:43.057,CloseGripperLL,CloseGripperLL_closeGripper_PickUpML_stick56_initlocstick56_robot1_gripper1_rppickup,close_gripper,,,0.50,1.00,"","",True,17.66,0.00,2050.83,135.32,0.00,135.32,,
597,2026-05-04 15:57:45.241,MoveToLL,MoveToLL_moveToRetract_PickUpML_stick56_initlocstick56_robot1_gripper1_rppickup,movel,rppickup,,0.30,0.30,"0.607360;-0.274802;0.339901;0.000000;-3.141590;0.000000","-0.128900;-1.540886;-1.932730;-1.238644;1.554514;1.433690",True,5247.32,0.00,7270.30,133.59,0.00,133.59,,
598,2026-05-04 15:57:56.707,MoveToLL,MoveToLL_moveToTarget_TravelML_robot1_rppickup_rpmanipulate_dup68,movej,rpmanipulate,,0.30,0.30,"0.133776;0.348742;0.490041;0.000000;-3.141590;0.000000","1.656148;-0.959557;-2.051016;-1.701770;1.553554;1.650556",True,15506.02,0.00,17556.04,4195.42,0.00,4195.42,,
599,2026-05-04 15:58:14.514,MoveToLL,MoveToLL_moveToObjPosition_StackOnTwoML_stick56_robot1_finallocstick56_rpmanipulate_stick51_stick52_gripper1_layer12_layer13,planned,finallocstick56,,0.30,0.30,"0.290380;0.709899;0.200000;-1.277801;-2.869988;0.000000","",True,17528.04,0.00,19575.52,251.52,0.00,251.52,,
600,2026-05-04 15:58:34.222,MoveToLL,MoveToLL_moveToRobotPos_StackOnTwoML_stick56_robot1_finallocstick56_rpmanipulate_stick51_stick52_gripper1_layer12_layer13,movej,rpmanipulate,,0.30,0.30,"0.133776;0.348742;0.490041;0.000000;-3.141590;0.000000","1.656148;-0.959557;-2.051016;-1.701770;1.553554;1.650556",True,10073.30,0.00,12098.22,132.54,0.00,132.54,,
601,2026-05-04 15:58:50.520,MoveToLL,MoveToLL_moveToTarget_TravelML_robot1_rpmanipulate_rppickup_dup62,movej,rppickup,,0.30,0.30,"0.607360;-0.274802;0.339901;0.000000;-3.141590;0.000000","-0.128900;-1.540886;-1.932730;-1.238644;1.554514;1.433690",True,15530.58,0.00,17552.31,4199.82,0.00,4199.82,,
602,2026-05-04 15:59:08.369,MoveToLL,MoveToLL_moveToPickPosition_PickUpML_stick55_initlocstick55_robot1_gripper1_rppickup,movel,initlocstick55,,0.30,0.30,"0.607370;-0.274820;-0.009000;0.000000;-3.141590;0.000000","",True,6271.71,0.00,8325.37,296.34,0.00,296.34,,
603,2026-05-04 15:59:16.821,CloseGripperLL,CloseGripperLL_closeGripper_PickUpML_stick55_initlocstick55_robot1_gripper1_rppickup,close_gripper,,,0.50,1.00,"","",True,1.02,0.00,2022.94,126.47,0.00,126.47,,
604,2026-05-04 15:59:18.998,MoveToLL,MoveToLL_moveToRetract_PickUpML_stick55_initlocstick55_robot1_gripper1_rppickup,movel,rppickup,,0.30,0.30,"0.607360;-0.274802;0.339901;0.000000;-3.141590;0.000000","-0.128900;-1.540886;-1.932730;-1.238644;1.554514;1.433690",True,5949.69,0.00,7968.15,153.96,0.00,153.96,,
605,2026-05-04 15:59:31.141,MoveToLL,MoveToLL_moveToTarget_TravelML_robot1_rppickup_rpmanipulate_dup69,movej,rpmanipulate,,0.30,0.30,"0.133776;0.348742;0.490041;0.000000;-3.141590;0.000000","1.656148;-0.959557;-2.051016;-1.701770;1.553554;1.650556",True,15549.41,0.00,17578.03,4174.80,0.00,4174.80,,
606,2026-05-04 15:59:49.004,MoveToLL,MoveToLL_moveToObjPosition_StackOnTwoML_stick55_robot1_finallocstick55_rpmanipulate_cube11_stick51_gripper1_layer12_layer13,planned,finallocstick55,,0.30,0.30,"0.324117;0.914535;0.201000;1.125846;-2.932929;0.000000","",True,22321.74,0.00,24346.07,285.55,0.00,285.55,,
607,2026-05-04 16:00:13.486,MoveToLL,MoveToLL_moveToRobotPos_StackOnTwoML_stick55_robot1_finallocstick55_rpmanipulate_cube11_stick51_gripper1_layer12_layer13,movej,rpmanipulate,,0.30,0.30,"0.133776;0.348742;0.490041;0.000000;-3.141590;0.000000","1.656148;-0.959557;-2.051016;-1.701770;1.553554;1.650556",True,20603.99,0.00,22624.91,135.89,0.00,135.89,,
608,2026-05-04 16:00:40.226,MoveToLL,MoveToLL_moveToTarget_TravelML_robot1_rpmanipulate_rppickup_dup63,movej,rppickup,,0.30,0.30,"0.607360;-0.274802;0.339901;0.000000;-3.141590;0.000000","-0.128900;-1.540886;-1.932730;-1.238644;1.554514;1.433690",True,14951.10,0.00,16993.10,4115.23,0.00,4115.23,,
609,2026-05-04 16:00:57.499,MoveToLL,MoveToLL_moveToPickPosition_PickUpML_stick59_initlocstick59_robot1_gripper1_rppickup,movel,initlocstick59,,0.30,0.30,"0.607370;-0.274820;-0.009000;0.000000;-3.141590;0.000000","",True,6304.48,0.00,8342.67,279.63,0.00,279.63,,
610,2026-05-04 16:01:05.985,CloseGripperLL,CloseGripperLL_closeGripper_PickUpML_stick59_initlocstick59_robot1_gripper1_rppickup,close_gripper,,,0.50,1.00,"","",True,1.03,0.00,2051.65,142.90,0.00,142.90,,
611,2026-05-04 16:01:08.167,MoveToLL,MoveToLL_moveToRetract_PickUpML_stick59_initlocstick59_robot1_gripper1_rppickup,movel,rppickup,,0.30,0.30,"0.607360;-0.274802;0.339901;0.000000;-3.141590;0.000000","-0.128900;-1.540886;-1.932730;-1.238644;1.554514;1.433690",True,5954.94,0.00,7992.43,130.18,0.00,130.18,,
612,2026-05-04 16:01:20.273,MoveToLL,MoveToLL_moveToTarget_TravelML_robot1_rppickup_rpmanipulate_dup70,movej,rpmanipulate,,0.30,0.30,"0.133776;0.348742;0.490041;0.000000;-3.141590;0.000000","1.656148;-0.959557;-2.051016;-1.701770;1.553554;1.650556",True,14960.35,0.00,16995.99,4114.16,0.00,4114.16,,
613,2026-05-04 16:01:37.551,MoveToLL,MoveToLL_moveToObjPosition_StackOnTwoML_stick59_robot1_finallocstick59_rpmanipulate_cube12_stick54_gripper1_layer12_layer13,planned,finallocstick59,,0.30,0.30,"-0.241316;0.935320;0.200000;-1.125846;-2.932929;0.000000","",True,19103.71,0.00,21146.76,281.60,0.00,281.60,,
614,2026-05-04 16:01:58.831,MoveToLL,MoveToLL_moveToRobotPos_StackOnTwoML_stick59_robot1_finallocstick59_rpmanipulate_cube12_stick54_gripper1_layer12_layer13,movej,rpmanipulate,,0.30,0.30,"0.133776;0.348742;0.490041;0.000000;-3.141590;0.000000","1.656148;-0.959557;-2.051016;-1.701770;1.553554;1.650556",True,11481.60,0.00,13503.01,133.15,0.00,133.15,,
615,2026-05-04 16:02:16.412,MoveToLL,MoveToLL_moveToTarget_TravelML_robot1_rpmanipulate_rppickup_dup64,movej,rppickup,,0.30,0.30,"0.607360;-0.274802;0.339901;0.000000;-3.141590;0.000000","-0.128900;-1.540886;-1.932730;-1.238644;1.554514;1.433690",True,14949.24,0.00,16985.86,4078.60,0.00,4078.60,,
616,2026-05-04 16:02:33.675,MoveToLL,MoveToLL_moveToPickPosition_PickUpML_stick60_initlocstick60_robot1_gripper1_rppickup,movel,initlocstick60,,0.30,0.30,"0.607370;-0.274820;-0.006000;0.000000;-3.141590;0.000000","",True,6308.66,0.00,8346.17,276.68,0.00,276.68,,
617,2026-05-04 16:02:42.156,CloseGripperLL,CloseGripperLL_closeGripper_PickUpML_stick60_initlocstick60_robot1_gripper1_rppickup,close_gripper,,,0.50,1.00,"","",True,26.06,0.00,2078.31,135.17,0.00,135.17,,
618,2026-05-04 16:02:44.371,MoveToLL,MoveToLL_moveToRetract_PickUpML_stick60_initlocstick60_robot1_gripper1_rppickup,movel,rppickup,,0.30,0.30,"0.607360;-0.274802;0.339901;0.000000;-3.141590;0.000000","-0.128900;-1.540886;-1.932730;-1.238644;1.554514;1.433690",True,5912.02,0.00,7958.99,136.88,0.00,136.88,,
619,2026-05-04 16:02:56.544,MoveToLL,MoveToLL_moveToTarget_TravelML_robot1_rppickup_rpmanipulate_dup71,movej,rpmanipulate,,0.30,0.30,"0.133776;0.348742;0.490041;0.000000;-3.141590;0.000000","1.656148;-0.959557;-2.051016;-1.701770;1.553554;1.650556",True,15481.90,0.00,17538.48,4213.33,0.00,4213.33,,
620,2026-05-04 16:03:14.368,MoveToLL,MoveToLL_moveToObjPosition_StackOnTwoML_stick60_robot1_finallocstick60_rpmanipulate_stick56_stick55_gripper1_layer13_layer14,planned,finallocstick60,,0.30,0.30,"0.343365;0.816169;0.218500;-0.137034;-3.138603;0.000000","",True,19092.24,0.00,21142.99,285.41,0.00,285.41,,
621,2026-05-04 16:03:35.649,MoveToLL,MoveToLL_moveToRobotPos_StackOnTwoML_stick60_robot1_finallocstick60_rpmanipulate_stick56_stick55_gripper1_layer13_layer14,movej,rpmanipulate,,0.30,0.30,"0.133776;0.348742;0.490041;0.000000;-3.141590;0.000000","1.656148;-0.959557;-2.051016;-1.701770;1.553554;1.650556",True,15665.71,0.00,17709.85,138.42,0.00,138.42,,
622,2026-05-04 16:03:57.722,MoveToLL,MoveToLL_moveToTarget_TravelML_robot1_rpmanipulate_rppickup_dup65,movej,rppickup,,0.30,0.30,"0.607360;-0.274802;0.339901;0.000000;-3.141590;0.000000","-0.128900;-1.540886;-1.932730;-1.238644;1.554514;1.433690",True,15350.64,0.00,17390.27,4363.53,0.00,4363.53,,
623,2026-05-04 16:04:15.411,MoveToLL,MoveToLL_moveToPickPosition_PickUpML_stick57_initlocstick57_robot1_gripper1_rppickup,movel,initlocstick57,,0.30,0.30,"0.607370;-0.274820;-0.006000;0.000000;-3.141590;0.000000","",True,6267.74,0.00,8321.97,298.80,0.00,298.80,,
624,2026-05-04 16:04:23.876,CloseGripperLL,CloseGripperLL_closeGripper_PickUpML_stick57_initlocstick57_robot1_gripper1_rppickup,close_gripper,,,0.50,1.00,"","",True,17.60,0.00,2044.38,142.87,0.00,142.87,,
625,2026-05-04 16:04:26.061,MoveToLL,MoveToLL_moveToRetract_PickUpML_stick57_initlocstick57_robot1_gripper1_rppickup,movel,rppickup,,0.30,0.30,"0.607360;-0.274802;0.339901;0.000000;-3.141590;0.000000","-0.128900;-1.540886;-1.932730;-1.238644;1.554514;1.433690",True,5239.22,0.00,7262.89,140.55,0.00,140.55,,
626,2026-05-04 16:04:37.529,MoveToLL,MoveToLL_moveToTarget_TravelML_robot1_rppickup_rpmanipulate_dup72,movej,rpmanipulate,,0.30,0.30,"0.133776;0.348742;0.490041;0.000000;-3.141590;0.000000","1.656148;-0.959557;-2.051016;-1.701770;1.553554;1.650556",True,15524.18,0.00,17548.20,4204.52,0.00,4204.52,,
627,2026-05-04 16:04:55.353,MoveToLL,MoveToLL_moveToObjPosition_StackOnTwoML_stick57_robot1_finallocstick57_rpmanipulate_stick52_stick53_gripper1_layer12_layer13,planned,finallocstick57,,0.30,0.30,"0.061592;0.721889;0.200000;2.932929;1.125846;0.000000","",True,16698.12,0.00,18749.74,276.23,0.00,276.23,,
628,2026-05-04 16:05:14.242,MoveToLL,MoveToLL_moveToRobotPos_StackOnTwoML_stick57_robot1_finallocstick57_rpmanipulate_stick52_stick53_gripper1_layer12_layer13,movej,rpmanipulate,,0.30,0.30,"0.133776;0.348742;0.490041;0.000000;-3.141590;0.000000","1.656148;-0.959557;-2.051016;-1.701770;1.553554;1.650556",True,9362.62,0.00,11388.67,139.36,0.00,139.36,,
629,2026-05-04 16:05:29.825,MoveToLL,MoveToLL_moveToTarget_TravelML_robot1_rpmanipulate_rppickup_dup66,movej,rppickup,,0.30,0.30,"0.607360;-0.274802;0.339901;0.000000;-3.141590;0.000000","-0.128900;-1.540886;-1.932730;-1.238644;1.554514;1.433690",True,15519.53,0.00,17560.11,4194.12,0.00,4194.12,,
630,2026-05-04 16:05:47.681,MoveToLL,MoveToLL_moveToPickPosition_PickUpML_stick58_initlocstick58_robot1_gripper1_rppickup,movel,initlocstick58,,0.30,0.30,"0.607370;-0.274820;-0.006000;0.000000;-3.141590;0.000000","",True,6295.84,0.00,8323.88,295.81,0.00,295.81,,
631,2026-05-04 16:05:56.149,CloseGripperLL,CloseGripperLL_closeGripper_PickUpML_stick58_initlocstick58_robot1_gripper1_rppickup,close_gripper,,,0.50,1.00,"","",True,13.13,0.00,2050.49,144.70,0.00,144.70,,
632,2026-05-04 16:05:58.345,MoveToLL,MoveToLL_moveToRetract_PickUpML_stick58_initlocstick58_robot1_gripper1_rppickup,movel,rppickup,,0.30,0.30,"0.607360;-0.274802;0.339901;0.000000;-3.141590;0.000000","-0.128900;-1.540886;-1.932730;-1.238644;1.554514;1.433690",True,5935.76,0.00,7964.97,144.72,0.00,144.72,,
633,2026-05-04 16:06:10.537,MoveToLL,MoveToLL_moveToTarget_TravelML_robot1_rppickup_rpmanipulate_dup73,movej,rpmanipulate,,0.30,0.30,"0.133776;0.348742;0.490041;0.000000;-3.141590;0.000000","1.656148;-0.959557;-2.051016;-1.701770;1.553554;1.650556",True,15487.91,0.00,17524.02,4227.00,0.00,4227.00,,
634,2026-05-04 16:06:28.356,MoveToLL,MoveToLL_moveToObjPosition_StackOnTwoML_stick58_robot1_finallocstick58_rpmanipulate_stick53_stick54_gripper1_layer12_layer13,planned,finallocstick58,,0.30,0.30,"-0.037620;0.919442;0.200000;2.869988;1.277801;0.000000","",True,18294.23,0.00,20330.54,295.72,0.00,295.72,,
635,2026-05-04 16:06:48.838,MoveToLL,MoveToLL_moveToRobotPos_StackOnTwoML_stick58_robot1_finallocstick58_rpmanipulate_stick53_stick54_gripper1_layer12_layer13,movej,rpmanipulate,,0.30,0.30,"0.133776;0.348742;0.490041;0.000000;-3.141590;0.000000","1.656148;-0.959557;-2.051016;-1.701770;1.553554;1.650556",True,10742.58,0.00,12782.79,151.04,0.00,151.04,,
636,2026-05-04 16:07:05.588,MoveToLL,MoveToLL_moveToTarget_TravelML_robot1_rpmanipulate_rppickup_dup67,movej,rppickup,,0.30,0.30,"0.607360;-0.274802;0.339901;0.000000;-3.141590;0.000000","-0.128900;-1.540886;-1.932730;-1.238644;1.554514;1.433690",True,15036.18,0.00,17084.28,3967.39,0.00,3967.39,,
637,2026-05-04 16:07:22.985,MoveToLL,MoveToLL_moveToPickPosition_PickUpML_stick62_initlocstick62_robot1_gripper1_rppickup,movel,initlocstick62,,0.30,0.30,"0.607370;-0.274820;-0.006000;0.000000;-3.141590;0.000000","",True,6275.14,0.00,8308.83,312.42,0.00,312.42,,
638,2026-05-04 16:07:31.435,CloseGripperLL,CloseGripperLL_closeGripper_PickUpML_stick62_initlocstick62_robot1_gripper1_rppickup,close_gripper,,,0.50,1.00,"","",True,1.34,0.00,2015.37,141.04,0.00,141.04,,
639,2026-05-04 16:07:33.588,MoveToLL,MoveToLL_moveToRetract_PickUpML_stick62_initlocstick62_robot1_gripper1_rppickup,movel,rppickup,,0.30,0.30,"0.607360;-0.274802;0.339901;0.000000;-3.141590;0.000000","-0.128900;-1.540886;-1.932730;-1.238644;1.554514;1.433690",True,5952.33,0.00,7983.96,138.11,0.00,138.11,,
640,2026-05-04 16:07:45.888,MoveToLL,MoveToLL_moveToTarget_TravelML_robot1_rppickup_rpmanipulate_dup74,movej,rpmanipulate,,0.30,0.30,"0.133776;0.348742;0.490041;0.000000;-3.141590;0.000000","1.656148;-0.959557;-2.051016;-1.701770;1.553554;1.650556",True,15392.54,0.00,17438.55,4315.42,0.00,4315.42,,
641,2026-05-04 16:08:03.640,MoveToLL,MoveToLL_moveToObjPosition_StackOnTwoML_stick62_robot1_finallocstick62_rpmanipulate_stick58_stick57_gripper1_layer13_layer14,planned,finallocstick62,,0.30,0.30,"0.015365;0.813172;0.217500;3.138603;0.137034;0.000000","",True,18267.53,0.00,20313.68,314.02,0.00,314.02,,
642,2026-05-04 16:08:24.092,MoveToLL,MoveToLL_moveToRobotPos_StackOnTwoML_stick62_robot1_finallocstick62_rpmanipulate_stick58_stick57_gripper1_layer13_layer14,movej,rpmanipulate,,0.30,0.30,"0.133776;0.348742;0.490041;0.000000;-3.141590;0.000000","1.656148;-0.959557;-2.051016;-1.701770;1.553554;1.650556",True,14272.27,0.00,16305.33,138.06,0.00,138.06,,
643,2026-05-04 16:08:44.507,MoveToLL,MoveToLL_moveToTarget_TravelML_robot1_rpmanipulate_rppickup_dup68,movej,rppickup,,0.30,0.30,"0.607360;-0.274802;0.339901;0.000000;-3.141590;0.000000","-0.128900;-1.540886;-1.932730;-1.238644;1.554514;1.433690",True,14959.19,0.00,17001.99,4110.27,0.00,4110.27,,
644,2026-05-04 16:09:01.802,MoveToLL,MoveToLL_moveToPickPosition_PickUpML_stick61_initlocstick61_robot1_gripper1_rppickup,movel,initlocstick61,,0.30,0.30,"0.607370;-0.274820;-0.006000;0.000000;-3.141590;0.000000","",True,6273.60,0.00,8327.84,292.96,0.00,292.96,,
645,2026-05-04 16:09:10.284,CloseGripperLL,CloseGripperLL_closeGripper_PickUpML_stick61_initlocstick61_robot1_gripper1_rppickup,close_gripper,,,0.50,1.00,"","",True,12.05,0.00,2040.92,153.35,0.00,153.35,,
646,2026-05-04 16:09:12.495,MoveToLL,MoveToLL_moveToRetract_PickUpML_stick61_initlocstick61_robot1_gripper1_rppickup,movel,rppickup,,0.30,0.30,"0.607360;-0.274802;0.339901;0.000000;-3.141590;0.000000","-0.128900;-1.540886;-1.932730;-1.238644;1.554514;1.433690",True,5914.74,0.00,7939.16,170.24,0.00,170.24,,
647,2026-05-04 16:09:24.752,MoveToLL,MoveToLL_moveToTarget_TravelML_robot1_rppickup_rpmanipulate_dup75,movej,rpmanipulate,,0.30,0.30,"0.133776;0.348742;0.490041;0.000000;-3.141590;0.000000","1.656148;-0.959557;-2.051016;-1.701770;1.553554;1.650556",True,15399.32,0.00,17432.89,4317.98,0.00,4317.98,,
648,2026-05-04 16:09:42.486,MoveToLL,MoveToLL_moveToObjPosition_StackOnTwoML_stick61_robot1_finallocstick61_rpmanipulate_stick56_stick57_gripper1_layer13_layer14,planned,finallocstick61,,0.30,0.30,"0.167862;0.668905;0.217500;2.316225;2.122429;0.000000","",True,13526.41,0.00,15557.10,301.43,0.00,301.43,,
649,2026-05-04 16:09:58.186,MoveToLL,MoveToLL_moveToRobotPos_StackOnTwoML_stick61_robot1_finallocstick61_rpmanipulate_stick56_stick57_gripper1_layer13_layer14,movej,rpmanipulate,,0.30,0.30,"0.133776;0.348742;0.490041;0.000000;-3.141590;0.000000","1.656148;-0.959557;-2.051016;-1.701770;1.553554;1.650556",True,8664.55,0.00,10684.50,142.60,0.00,142.60,,
650,2026-05-04 16:10:13.169,MoveToLL,MoveToLL_moveToTarget_TravelML_robot1_rpmanipulate_rppickup_dup69,movej,rppickup,,0.30,0.30,"0.607360;-0.274802;0.339901;0.000000;-3.141590;0.000000","-0.128900;-1.540886;-1.932730;-1.238644;1.554514;1.433690",True,15400.89,0.00,17454.17,4298.44,0.00,4298.44,,
651,2026-05-04 16:10:30.931,MoveToLL,MoveToLL_moveToPickPosition_PickUpML_cube14_initloccube14_robot1_gripper1_rppickup,movel,initloccube14,,0.30,0.30,"0.607370;-0.274820;-0.009000;0.000000;-3.141590;0.000000","",True,6278.65,0.00,8313.17,307.98,0.00,307.98,,
652,2026-05-04 16:10:39.385,CloseGripperLL,CloseGripperLL_closeGripper_PickUpML_cube14_initloccube14_robot1_gripper1_rppickup,close_gripper,,,0.50,1.00,"","",True,13.54,0.00,2075.03,140.79,0.00,140.79,,
653,2026-05-04 16:10:41.603,MoveToLL,MoveToLL_moveToRetract_PickUpML_cube14_initloccube14_robot1_gripper1_rppickup,movel,rppickup,,0.30,0.30,"0.607360;-0.274802;0.339901;0.000000;-3.141590;0.000000","-0.128900;-1.540886;-1.932730;-1.238644;1.554514;1.433690",True,5917.85,0.00,7964.75,143.46,0.00,143.46,,
654,2026-05-04 16:10:53.956,MoveToLL,MoveToLL_moveToTarget_TravelML_robot1_rppickup_rpmanipulate_dup76,movej,rpmanipulate,,0.30,0.30,"0.133776;0.348742;0.490041;0.000000;-3.141590;0.000000","1.656148;-0.959557;-2.051016;-1.701770;1.553554;1.650556",True,15318.42,0.00,17364.62,4387.45,0.00,4387.45,,
655,2026-05-04 16:11:11.587,MoveToLL,MoveToLL_moveToObjPosition_StackML_cube14_stick59_robot1_gripper1_finalloccube14_rpmanipulate,planned,finalloccube14,,0.30,0.30,"-0.276934;0.895761;0.217500;-1.125846;-2.932929;0.000000","",True,18316.81,0.00,20361.46,266.31,0.00,266.31,,
656,2026-05-04 16:11:32.082,MoveToLL,MoveToLL_moveToRobotPosition_StackML_cube14_stick59_robot1_gripper1_finalloccube14_rpmanipulate,movej,rpmanipulate,,0.30,0.30,"0.133776;0.348742;0.490041;0.000000;-3.141590;0.000000","1.656148;-0.959557;-2.051016;-1.701770;1.553554;1.650556",True,10778.28,0.00,12798.75,134.40,0.00,134.40,,
657,2026-05-04 16:11:49.057,MoveToLL,MoveToLL_moveToTarget_TravelML_robot1_rpmanipulate_rppickup_dup70,movej,rppickup,,0.30,0.30,"0.607360;-0.274802;0.339901;0.000000;-3.141590;0.000000","-0.128900;-1.540886;-1.932730;-1.238644;1.554514;1.433690",True,15545.37,0.00,17579.79,4175.35,0.00,4175.35,,
658,2026-05-04 16:12:06.924,MoveToLL,MoveToLL_moveToPickPosition_PickUpML_cube13_initloccube13_robot1_gripper1_rppickup,movel,initloccube13,,0.30,0.30,"0.607370;-0.274820;-0.009000;0.000000;-3.141590;0.000000","",True,6280.93,0.00,8332.98,287.83,0.00,287.83,,
659,2026-05-04 16:12:15.396,CloseGripperLL,CloseGripperLL_closeGripper_PickUpML_cube13_initloccube13_robot1_gripper1_rppickup,close_gripper,,,0.50,1.00,"","",True,18.01,0.00,2054.46,139.38,0.00,139.38,,
660,2026-05-04 16:12:17.580,MoveToLL,MoveToLL_moveToRetract_PickUpML_cube13_initloccube13_robot1_gripper1_rppickup,movel,rppickup,,0.30,0.30,"0.607360;-0.274802;0.339901;0.000000;-3.141590;0.000000","-0.128900;-1.540886;-1.932730;-1.238644;1.554514;1.433690",True,5953.59,0.00,7978.93,129.50,0.00,129.50,,
661,2026-05-04 16:12:29.746,MoveToLL,MoveToLL_moveToTarget_TravelML_robot1_rppickup_rpmanipulate_dup77,movej,rpmanipulate,,0.30,0.30,"0.133776;0.348742;0.490041;0.000000;-3.141590;0.000000","1.656148;-0.959557;-2.051016;-1.701770;1.553554;1.650556",True,15531.82,0.00,17562.61,4186.89,0.00,4186.89,,
662,2026-05-04 16:12:47.614,MoveToLL,MoveToLL_moveToObjPosition_StackML_cube13_stick55_robot1_gripper1_finalloccube13_rpmanipulate,planned,finalloccube13,,0.30,0.30,"0.295412;0.946416;0.218500;2.932929;1.125846;0.000000","",True,19101.10,0.00,21123.17,305.31,0.00,305.31,,
663,2026-05-04 16:13:08.873,MoveToLL,MoveToLL_moveToRobotPosition_StackML_cube13_stick55_robot1_gripper1_finalloccube13_rpmanipulate,movej,rpmanipulate,,0.30,0.30,"0.133776;0.348742;0.490041;0.000000;-3.141590;0.000000","1.656148;-0.959557;-2.051016;-1.701770;1.553554;1.650556",True,11475.77,0.00,13499.93,135.76,0.00,135.76,,
664,2026-05-04 16:13:26.526,MoveToLL,MoveToLL_moveToTarget_TravelML_robot1_rpmanipulate_rppickup_dup71,movej,rppickup,,0.30,0.30,"0.607360;-0.274802;0.339901;0.000000;-3.141590;0.000000","-0.128900;-1.540886;-1.932730;-1.238644;1.554514;1.433690",True,15542.23,0.00,17598.22,4152.57,0.00,4152.57,,
665,2026-05-04 16:13:44.391,MoveToLL,MoveToLL_moveToPickPosition_PickUpML_stick63_initlocstick63_robot1_gripper1_rppickup,movel,initlocstick63,,0.30,0.30,"0.607370;-0.274820;-0.006000;0.000000;-3.141590;0.000000","",True,6311.28,0.00,8355.00,266.79,0.00,266.79,,
666,2026-05-04 16:13:52.873,CloseGripperLL,CloseGripperLL_closeGripper_PickUpML_stick63_initlocstick63_robot1_gripper1_rppickup,close_gripper,,,0.50,1.00,"","",True,13.13,0.00,2045.34,127.30,0.00,127.30,,
667,2026-05-04 16:13:55.057,MoveToLL,MoveToLL_moveToRetract_PickUpML_stick63_initlocstick63_robot1_gripper1_rppickup,movel,rppickup,,0.30,0.30,"0.607360;-0.274802;0.339901;0.000000;-3.141590;0.000000","-0.128900;-1.540886;-1.932730;-1.238644;1.554514;1.433690",True,5916.16,0.00,7974.98,138.44,0.00,138.44,,
668,2026-05-04 16:14:07.520,MoveToLL,MoveToLL_moveToTarget_TravelML_robot1_rppickup_rpmanipulate_dup78,movej,rpmanipulate,,0.30,0.30,"0.133776;0.348742;0.490041;0.000000;-3.141590;0.000000","1.656148;-0.959557;-2.051016;-1.701770;1.553554;1.650556",True,15274.24,0.00,17331.11,4488.27,0.00,4488.27,,
669,2026-05-04 16:14:25.132,MoveToLL,MoveToLL_moveToObjPosition_StackOnTwoML_stick63_robot1_finallocstick63_rpmanipulate_stick59_stick58_gripper1_layer13_layer14,planned,finallocstick63,,0.30,0.30,"-0.160138;0.960436;0.217500;-2.122429;-2.316225;0.000000","",True,16685.84,0.00,18744.63,280.61,0.00,280.61,,
670,2026-05-04 16:14:44.008,MoveToLL,MoveToLL_moveToRobotPos_StackOnTwoML_stick63_robot1_finallocstick63_rpmanipulate_stick59_stick58_gripper1_layer13_layer14,movej,rpmanipulate,,0.30,0.30,"0.133776;0.348742;0.490041;0.000000;-3.141590;0.000000","1.656148;-0.959557;-2.051016;-1.701770;1.553554;1.650556",True,11474.23,0.00,13502.98,131.78,0.00,131.78,,
671,2026-05-04 16:15:01.731,MoveToLL,MoveToLL_moveToTarget_TravelML_robot1_rpmanipulate_rptoolchange_dup17,movej,rptoolchange,,0.30,0.30,"-0.276143;0.385864;0.086921;-3.141491;-0.002589;-0.000081","2.086106;-1.186673;-2.396030;-1.129490;1.555172;0.503193",True,11278.43,0.00,13320.95,4219.44,0.00,4219.44,,
672,2026-05-04 16:15:15.318,DeequipToolLL,DeequipToolLL_deequipTool_DeequipML_robot1_gripper1_equiplocgripper_rptoolchange_dup9,play_program,,,0.50,1.00,"","",True,21136.57,0.00,23191.50,266.39,0.00,266.39,,
673,2026-05-04 16:15:38.778,EquipToolLL,EquipToolLL_equipTool_EquipeML_robot1_staplergun1_rptoolchange_equiplocstapler_dup9,play_program,,,0.50,1.00,"","",True,10325.51,0.00,12355.68,268.22,0.00,268.22,,
674,2026-05-04 16:15:55.757,MoveToLL,MoveToLL_moveToTarget_TravelML_robot1_rptoolchange_rpmanipulate_dup9,movej,rpmanipulate,,0.30,0.30,"0.133776;0.348742;0.490041;0.000000;-3.141590;0.000000","1.656148;-0.959557;-2.051016;-1.701770;1.553554;1.650556",True,11162.67,0.00,13184.63,4624.19,0.00,4624.19,,
675,2026-05-04 16:16:09.197,NailingLL,NailingLL_nailStep_NailingML_cube13_stick55_robot1_staplergun1_rpmanipulate,planned,unknown,nailgun,0.30,0.30,"0.295412;0.946416;0.238550;0.000000;0.000000;0.000000","",True,21525.47,0.00,23575.78,255.26,0.00,255.26,,
676,2026-05-04 16:16:36.884,NailingLL,NailingLL_nailStep_NailingML_cube14_stick59_robot1_staplergun1_rpmanipulate,planned,unknown,nailgun,0.30,0.30,"-0.275017;0.897891;0.237575;0.000000;0.000000;0.000000","",True,13782.42,0.00,15814.68,4110.86,0.00,4110.86,,
677,2026-05-04 16:16:56.894,NailingLL,NailingLL_nailStep_NailingML_stick60_stick55_robot1_staplergun1_rpmanipulate,planned,unknown,nailgun,0.30,0.30,"0.349504;0.886341;0.238575;0.000000;0.000000;0.000000","",True,11291.51,0.00,13325.17,4195.66,0.00,4195.66,,
678,2026-05-04 16:17:14.323,NailingLL,NailingLL_nailStep_NailingML_stick60_stick56_robot1_staplergun1_rpmanipulate,planned,unknown,nailgun,0.30,0.30,"0.344784;0.749118;0.238050;0.000000;0.000000;0.000000","",True,6576.90,0.00,8612.77,4103.37,0.00,4103.37,,
679,2026-05-04 16:17:27.132,NailingLL,NailingLL_nailStep_NailingML_stick61_stick56_robot1_staplergun1_rpmanipulate,planned,unknown,nailgun,0.30,0.30,"0.238034;0.662766;0.237575;0.000000;0.000000;0.000000","",True,8956.09,0.00,10993.29,4196.53,0.00,4196.53,,
680,2026-05-04 16:17:42.524,NailingLL,NailingLL_nailStep_NailingML_stick61_stick57_robot1_staplergun1_rpmanipulate,planned,unknown,nailgun,0.30,0.30,"0.104291;0.674467;0.237550;0.000000;0.000000;0.000000","",True,13453.43,0.00,15514.45,4398.25,0.00,4398.25,,
681,2026-05-04 16:18:02.345,NailingLL,NailingLL_nailStep_NailingML_stick62_stick57_robot1_staplergun1_rpmanipulate,planned,unknown,nailgun,0.30,0.30,"0.019235;0.768931;0.237575;0.000000;0.000000;0.000000","",True,14421.26,0.00,16458.68,4306.90,0.00,4306.90,,
682,2026-05-04 16:18:22.962,NailingLL,NailingLL_nailStep_NailingML_stick62_stick58_robot1_staplergun1_rpmanipulate,planned,unknown,nailgun,0.30,0.30,"0.009803;0.876742;0.237550;0.000000;0.000000;0.000000","",True,8984.57,0.00,11031.21,4158.46,0.00,4158.46,,
683,2026-05-04 16:18:38.083,NailingLL,NailingLL_nailStep_NailingML_stick63_stick58_robot1_staplergun1_rpmanipulate,planned,unknown,nailgun,0.30,0.30,"-0.089966;0.966575;0.237550;0.000000;0.000000;0.000000","",True,8162.86,0.00,10208.93,4089.21,0.00,4089.21,,
684,2026-05-04 16:18:52.460,NailingLL,NailingLL_nailStep_NailingML_stick63_stick59_robot1_staplergun1_rpmanipulate,planned,unknown,nailgun,0.30,0.30,"-0.223709;0.954874;0.237550;0.000000;0.000000;0.000000","",True,13731.00,0.00,15757.10,4168.44,0.00,4168.44,,
685,2026-05-04 16:19:16.243,MoveToLL,MoveToLL_moveToTarget_TravelML_robot1_rpmanipulate_rptoolchange_dup18,movej,rptoolchange,,0.30,0.30,"-0.276143;0.385864;0.086921;-3.141491;-0.002589;-0.000081","2.086106;-1.186673;-2.396030;-1.129490;1.555172;0.503193",True,13671.66,0.00,15723.67,8025.76,0.00,8025.76,,
686,2026-05-04 16:19:32.512,DeequipToolLL,DeequipToolLL_deequipTool_DeequipML_robot1_staplergun1_equiplocstapler_rptoolchange_dup9,play_program,,,0.50,1.00,"","",True,7213.32,0.00,9255.12,545.91,0.00,545.91,,
687,2026-05-04 16:19:42.055,EquipToolLL,EquipToolLL_equipTool_EquipeML_robot1_gripper1_rptoolchange_equiplocgripper_dup9,play_program,,,0.50,1.00,"","",True,20717.48,0.00,22768.94,287.79,0.00,287.79,,
688,2026-05-04 16:20:08.457,MoveToLL,MoveToLL_moveToTarget_TravelML_robot1_rptoolchange_rppickup_dup9,movej,rppickup,,0.30,0.30,"0.607360;-0.274802;0.339901;0.000000;-3.141590;0.000000","-0.128900;-1.540886;-1.932730;-1.238644;1.554514;1.433690",True,17769.59,0.00,19786.24,3632.85,0.00,3632.85,,
689,2026-05-04 16:20:28.535,MoveToLL,MoveToLL_moveToPickPosition_PickUpML_stick65_initlocstick65_robot1_gripper1_rppickup,movel,initlocstick65,,0.30,0.30,"0.607370;-0.274820;-0.006000;0.000000;-3.141590;0.000000","",True,6303.97,0.00,8326.52,291.85,0.00,291.85,,
690,2026-05-04 16:20:37.012,CloseGripperLL,CloseGripperLL_closeGripper_PickUpML_stick65_initlocstick65_robot1_gripper1_rppickup,close_gripper,,,0.50,1.00,"","",True,8.16,0.00,2034.82,150.50,0.00,150.50,,
691,2026-05-04 16:20:39.183,MoveToLL,MoveToLL_moveToRetract_PickUpML_stick65_initlocstick65_robot1_gripper1_rppickup,movel,rppickup,,0.30,0.30,"0.607360;-0.274802;0.339901;0.000000;-3.141590;0.000000","-0.128900;-1.540886;-1.932730;-1.238644;1.554514;1.433690",True,5944.81,0.00,7979.10,136.23,0.00,136.23,,
692,2026-05-04 16:20:50.897,MoveToLL,MoveToLL_moveToTarget_TravelML_robot1_rppickup_rpmanipulate_dup79,movej,rpmanipulate,,0.30,0.30,"0.133776;0.348742;0.490041;0.000000;-3.141590;0.000000","1.656148;-0.959557;-2.051016;-1.701770;1.553554;1.650556",True,15250.40,0.00,17271.04,3734.76,0.00,3734.76,,
693,2026-05-04 16:21:08.474,MoveToLL,MoveToLL_moveToObjPosition_StackOnTwoML_stick65_robot1_finallocstick65_rpmanipulate_stick61_stick60_gripper1_layer14_layer15,planned,finallocstick65,,0.30,0.30,"0.281718;0.702631;0.235000;-1.377184;-2.823645;0.000000","",True,16680.49,0.00,18729.19,306.05,0.00,306.05,,
694,2026-05-04 16:21:27.342,MoveToLL,MoveToLL_moveToRobotPos_StackOnTwoML_stick65_robot1_finallocstick65_rpmanipulate_stick61_stick60_gripper1_layer14_layer15,movej,rpmanipulate,,0.30,0.30,"0.133776;0.348742;0.490041;0.000000;-3.141590;0.000000","1.656148;-0.959557;-2.051016;-1.701770;1.553554;1.650556",True,9351.95,0.00,11381.23,139.03,0.00,139.03,,
695,2026-05-04 16:21:42.664,MoveToLL,MoveToLL_moveToTarget_TravelML_robot1_rpmanipulate_rppickup_dup72,movej,rppickup,,0.30,0.30,"0.607360;-0.274802;0.339901;0.000000;-3.141590;0.000000","-0.128900;-1.540886;-1.932730;-1.238644;1.554514;1.433690",True,15073.39,0.00,17112.68,3940.11,0.00,3940.11,,
696,2026-05-04 16:22:00.069,MoveToLL,MoveToLL_moveToPickPosition_PickUpML_stick64_initlocstick64_robot1_gripper1_rppickup,movel,initlocstick64,,0.30,0.30,"0.607370;-0.274820;-0.009000;0.000000;-3.141590;0.000000","",True,6281.47,0.00,8328.03,292.61,0.00,292.61,,
697,2026-05-04 16:22:08.550,CloseGripperLL,CloseGripperLL_closeGripper_PickUpML_stick64_initlocstick64_robot1_gripper1_rppickup,close_gripper,,,0.50,1.00,"","",True,0.92,0.00,2044.81,152.43,0.00,152.43,,
698,2026-05-04 16:22:10.727,MoveToLL,MoveToLL_moveToRetract_PickUpML_stick64_initlocstick64_robot1_gripper1_rppickup,movel,rppickup,,0.30,0.30,"0.607360;-0.274802;0.339901;0.000000;-3.141590;0.000000","-0.128900;-1.540886;-1.932730;-1.238644;1.554514;1.433690",True,5958.21,0.00,7989.88,132.43,0.00,132.43,,
699,2026-05-04 16:22:22.693,MoveToLL,MoveToLL_moveToTarget_TravelML_robot1_rppickup_rpmanipulate_dup80,movej,rpmanipulate,,0.30,0.30,"0.133776;0.348742;0.490041;0.000000;-3.141590;0.000000","1.656148;-0.959557;-2.051016;-1.701770;1.553554;1.650556",True,15054.40,0.00,17074.12,3976.69,0.00,3976.69,,
700,2026-05-04 16:22:40.056,MoveToLL,MoveToLL_moveToObjPosition_StackOnTwoML_stick64_robot1_finallocstick64_rpmanipulate_cube13_stick60_gripper1_layer14_layer15,planned,finallocstick64,,0.30,0.30,"0.331957;0.901460;0.236000;1.022803;-2.970434;0.000000","",True,22282.88,0.00,24345.37,288.06,0.00,288.06,,
701,2026-05-04 16:23:04.535,MoveToLL,MoveToLL_moveToRobotPos_StackOnTwoML_stick64_robot1_finallocstick64_rpmanipulate_cube13_stick60_gripper1_layer14_layer15,movej,rpmanipulate,,0.30,0.30,"0.133776;0.348742;0.490041;0.000000;-3.141590;0.000000","1.656148;-0.959557;-2.051016;-1.701770;1.553554;1.650556",True,20601.02,0.00,22627.18,134.44,0.00,134.44,,
702,2026-05-04 16:23:31.033,MoveToLL,MoveToLL_moveToTarget_TravelML_robot1_rpmanipulate_rppickup_dup73,movej,rppickup,,0.30,0.30,"0.607360;-0.274802;0.339901;0.000000;-3.141590;0.000000","-0.128900;-1.540886;-1.932730;-1.238644;1.554514;1.433690",True,15136.24,0.00,17180.82,3870.64,0.00,3870.64,,
703,2026-05-04 16:23:48.520,MoveToLL,MoveToLL_moveToPickPosition_PickUpML_stick66_initlocstick66_robot1_gripper1_rppickup,movel,initlocstick66,,0.30,0.30,"0.607370;-0.274820;-0.006000;0.000000;-3.141590;0.000000","",True,6259.24,0.00,8313.80,306.00,0.00,306.00,,
704,2026-05-04 16:23:56.960,CloseGripperLL,CloseGripperLL_closeGripper_PickUpML_stick66_initlocstick66_robot1_gripper1_rppickup,close_gripper,,,0.50,1.00,"","",True,12.74,0.00,2080.98,125.81,0.00,125.81,,
705,2026-05-04 16:23:59.183,MoveToLL,MoveToLL_moveToRetract_PickUpML_stick66_initlocstick66_robot1_gripper1_rppickup,movel,rppickup,,0.30,0.30,"0.607360;-0.274802;0.339901;0.000000;-3.141590;0.000000","-0.128900;-1.540886;-1.932730;-1.238644;1.554514;1.433690",True,5217.51,0.00,7246.15,142.74,0.00,142.74,,
706,2026-05-04 16:24:10.537,MoveToLL,MoveToLL_moveToTarget_TravelML_robot1_rppickup_rpmanipulate_dup81,movej,rpmanipulate,,0.30,0.30,"0.133776;0.348742;0.490041;0.000000;-3.141590;0.000000","1.656148;-0.959557;-2.051016;-1.701770;1.553554;1.650556",True,14962.80,0.00,17016.87,4107.25,0.00,4107.25,,
707,2026-05-04 16:24:27.954,MoveToLL,MoveToLL_moveToObjPosition_StackOnTwoML_stick66_robot1_finallocstick66_rpmanipulate_stick62_stick61_gripper1_layer14_layer15,planned,finallocstick66,,0.30,0.30,"0.054323;0.730551;0.235000;2.970434;1.022803;0.000000","",True,16584.36,0.00,18624.98,400.19,0.00,400.19,,
708,2026-05-04 16:24:46.721,MoveToLL,MoveToLL_moveToRobotPos_StackOnTwoML_stick66_robot1_finallocstick66_rpmanipulate_stick62_stick61_gripper1_layer14_layer15,movej,rpmanipulate,,0.30,0.30,"0.133776;0.348742;0.490041;0.000000;-3.141590;0.000000","1.656148;-0.959557;-2.051016;-1.701770;1.553554;1.650556",True,10036.70,0.00,12088.03,142.50,0.00,142.50,,
709,2026-05-04 16:25:02.513,MoveToLL,MoveToLL_moveToTarget_TravelML_robot1_rpmanipulate_rppickup_dup74,movej,rppickup,,0.30,0.30,"0.607360;-0.274802;0.339901;0.000000;-3.141590;0.000000","-0.128900;-1.540886;-1.932730;-1.238644;1.554514;1.433690",True,15272.48,0.00,17313.45,3704.15,0.00,3704.15,,
710,2026-05-04 16:25:20.106,MoveToLL,MoveToLL_moveToPickPosition_PickUpML_stick69_initlocstick69_robot1_gripper1_rppickup,movel,initlocstick69,,0.30,0.30,"0.607370;-0.274820;-0.006000;0.000000;-3.141590;0.000000","",True,6290.77,0.00,8344.05,278.93,0.00,278.93,,
711,2026-05-04 16:25:28.588,CloseGripperLL,CloseGripperLL_closeGripper_PickUpML_stick69_initlocstick69_robot1_gripper1_rppickup,close_gripper,,,0.50,1.00,"","",True,11.94,0.00,2067.32,138.43,0.00,138.43,,
712,2026-05-04 16:25:30.802,MoveToLL,MoveToLL_moveToRetract_PickUpML_stick69_initlocstick69_robot1_gripper1_rppickup,movel,rppickup,,0.30,0.30,"0.607360;-0.274802;0.339901;0.000000;-3.141590;0.000000","-0.128900;-1.540886;-1.932730;-1.238644;1.554514;1.433690",True,5918.12,0.00,7965.56,145.86,0.00,145.86,,
713,2026-05-04 16:25:42.852,MoveToLL,MoveToLL_moveToTarget_TravelML_robot1_rppickup_rpmanipulate_dup82,movej,rpmanipulate,,0.30,0.30,"0.133776;0.348742;0.490041;0.000000;-3.141590;0.000000","1.656148;-0.959557;-2.051016;-1.701770;1.553554;1.650556",True,14958.77,0.00,16992.80,4085.06,0.00,4085.06,,
714,2026-05-04 16:26:00.106,MoveToLL,MoveToLL_moveToObjPosition_StackOnTwoML_stick69_robot1_finallocstick69_rpmanipulate_stick64_stick65_gripper1_layer15_layer16,planned,finallocstick69,,0.30,0.30,"0.341987;0.804946;0.253500;-0.246487;-3.131908;0.000000","",True,16729.63,0.00,18765.58,260.77,0.00,260.77,,
715,2026-05-04 16:26:19.013,MoveToLL,MoveToLL_moveToRobotPos_StackOnTwoML_stick69_robot1_finallocstick69_rpmanipulate_stick64_stick65_gripper1_layer15_layer16,movej,rpmanipulate,,0.30,0.30,"0.133776;0.348742;0.490041;0.000000;-3.141590;0.000000","1.656148;-0.959557;-2.051016;-1.701770;1.553554;1.650556",True,14976.61,0.00,17003.06,142.05,0.00,142.05,,
716,2026-05-04 16:26:39.952,MoveToLL,MoveToLL_moveToTarget_TravelML_robot1_rpmanipulate_rppickup_dup75,movej,rppickup,,0.30,0.30,"0.607360;-0.274802;0.339901;0.000000;-3.141590;0.000000","-0.128900;-1.540886;-1.932730;-1.238644;1.554514;1.433690",True,15072.45,0.00,17116.78,3935.54,0.00,3935.54,,
717,2026-05-04 16:26:57.383,MoveToLL,MoveToLL_moveToPickPosition_PickUpML_stick68_initlocstick68_robot1_gripper1_rppickup,movel,initlocstick68,,0.30,0.30,"0.607370;-0.274820;-0.009000;0.000000;-3.141590;0.000000","",True,6275.30,0.00,8305.49,314.49,0.00,314.49,,
718,2026-05-04 16:27:05.834,CloseGripperLL,CloseGripperLL_closeGripper_PickUpML_stick68_initlocstick68_robot1_gripper1_rppickup,close_gripper,,,0.50,1.00,"","",True,13.85,0.00,2067.54,144.82,0.00,144.82,,
719,2026-05-04 16:27:08.038,MoveToLL,MoveToLL_moveToRetract_PickUpML_stick68_initlocstick68_robot1_gripper1_rppickup,movel,rppickup,,0.30,0.30,"0.607360;-0.274802;0.339901;0.000000;-3.141590;0.000000","-0.128900;-1.540886;-1.932730;-1.238644;1.554514;1.433690",True,5948.19,0.00,7975.06,136.46,0.00,136.46,,
720,2026-05-04 16:27:19.910,MoveToLL,MoveToLL_moveToTarget_TravelML_robot1_rppickup_rpmanipulate_dup83,movej,rpmanipulate,,0.30,0.30,"0.133776;0.348742;0.490041;0.000000;-3.141590;0.000000","1.656148;-0.959557;-2.051016;-1.701770;1.553554;1.650556",True,15112.70,0.00,17150.00,3897.05,0.00,3897.05,,
721,2026-05-04 16:27:37.332,MoveToLL,MoveToLL_moveToObjPosition_StackOnTwoML_stick68_robot1_finallocstick68_rpmanipulate_cube14_stick63_gripper1_layer14_layer15,planned,finallocstick68,,0.30,0.30,"-0.250589;0.928340;0.235000;-1.022803;-2.970434;0.000000","",True,18336.65,0.00,20357.31,272.65,0.00,272.65,,
722,2026-05-04 16:27:57.824,MoveToLL,MoveToLL_moveToRobotPos_StackOnTwoML_stick68_robot1_finallocstick68_rpmanipulate_cube14_stick63_gripper1_layer14_layer15,movej,rpmanipulate,,0.30,0.30,"0.133776;0.348742;0.490041;0.000000;-3.141590;0.000000","1.656148;-0.959557;-2.051016;-1.701770;1.553554;1.650556",True,11468.63,0.00,13498.84,134.64,0.00,134.64,,
723,2026-05-04 16:28:15.556,MoveToLL,MoveToLL_moveToTarget_TravelML_robot1_rpmanipulate_rppickup_dup76,movej,rppickup,,0.30,0.30,"0.607360;-0.274802;0.339901;0.000000;-3.141590;0.000000","-0.128900;-1.540886;-1.932730;-1.238644;1.554514;1.433690",True,15473.35,0.00,17521.21,4232.76,0.00,4232.76,,
724,2026-05-04 16:28:33.357,MoveToLL,MoveToLL_moveToPickPosition_PickUpML_stick67_initlocstick67_robot1_gripper1_rppickup,movel,initlocstick67,,0.30,0.30,"0.607370;-0.274820;-0.006000;0.000000;-3.141590;0.000000","",True,6298.68,0.00,8341.73,280.10,0.00,280.10,,
725,2026-05-04 16:28:41.841,CloseGripperLL,CloseGripperLL_closeGripper_PickUpML_stick67_initlocstick67_robot1_gripper1_rppickup,close_gripper,,,0.50,1.00,"","",True,19.83,0.00,2045.66,142.03,0.00,142.03,,
726,2026-05-04 16:28:44.028,MoveToLL,MoveToLL_moveToRetract_PickUpML_stick67_initlocstick67_robot1_gripper1_rppickup,movel,rppickup,,0.30,0.30,"0.607360;-0.274802;0.339901;0.000000;-3.141590;0.000000","-0.128900;-1.540886;-1.932730;-1.238644;1.554514;1.433690",True,5937.75,0.00,7961.55,141.49,0.00,141.49,,
727,2026-05-04 16:28:56.143,MoveToLL,MoveToLL_moveToTarget_TravelML_robot1_rppickup_rpmanipulate_dup84,movej,rpmanipulate,,0.30,0.30,"0.133776;0.348742;0.490041;0.000000;-3.141590;0.000000","1.656148;-0.959557;-2.051016;-1.701770;1.553554;1.650556",True,15554.17,0.00,17598.14,4153.31,0.00,4153.31,,
728,2026-05-04 16:29:14.019,MoveToLL,MoveToLL_moveToObjPosition_StackOnTwoML_stick67_robot1_finallocstick67_rpmanipulate_stick63_stick62_gripper1_layer14_layer15,planned,finallocstick67,,0.30,0.30,"-0.046282;0.926710;0.235000;2.823645;1.377184;0.000000","",True,18317.27,0.00,20351.95,277.97,0.00,277.97,,
729,2026-05-04 16:29:34.506,MoveToLL,MoveToLL_moveToRobotPos_StackOnTwoML_stick67_robot1_finallocstick67_rpmanipulate_stick63_stick62_gripper1_layer14_layer15,movej,rpmanipulate,,0.30,0.30,"0.133776;0.348742;0.490041;0.000000;-3.141590;0.000000","1.656148;-0.959557;-2.051016;-1.701770;1.553554;1.650556",True,10771.56,0.00,12794.17,135.29,0.00,135.29,,
730,2026-05-04 16:29:51.113,MoveToLL,MoveToLL_moveToTarget_TravelML_robot1_rpmanipulate_rppickup_dup77,movej,rppickup,,0.30,0.30,"0.607360;-0.274802;0.339901;0.000000;-3.141590;0.000000","-0.128900;-1.540886;-1.932730;-1.238644;1.554514;1.433690",True,15191.97,0.00,17237.08,3812.69,0.00,3812.69,,
731,2026-05-04 16:30:08.639,MoveToLL,MoveToLL_moveToPickPosition_PickUpML_cube15_initloccube15_robot1_gripper1_rppickup,movel,initloccube15,,0.30,0.30,"0.607370;-0.274820;-0.009000;0.000000;-3.141590;0.000000","",True,6291.17,0.00,8332.96,288.72,0.00,288.72,,
732,2026-05-04 16:30:17.103,CloseGripperLL,CloseGripperLL_closeGripper_PickUpML_cube15_initloccube15_robot1_gripper1_rppickup,close_gripper,,,0.50,1.00,"","",True,11.34,0.00,2061.58,130.76,0.00,130.76,,
733,2026-05-04 16:30:19.311,MoveToLL,MoveToLL_moveToRetract_PickUpML_cube15_initloccube15_robot1_gripper1_rppickup,movel,rppickup,,0.30,0.30,"0.607360;-0.274802;0.339901;0.000000;-3.141590;0.000000","-0.128900;-1.540886;-1.932730;-1.238644;1.554514;1.433690",True,5910.97,0.00,7967.87,146.62,0.00,146.62,,
734,2026-05-04 16:30:31.099,MoveToLL,MoveToLL_moveToTarget_TravelML_robot1_rppickup_rpmanipulate_dup85,movej,rpmanipulate,,0.30,0.30,"0.133776;0.348742;0.490041;0.000000;-3.141590;0.000000","1.656148;-0.959557;-2.051016;-1.701770;1.553554;1.650556",True,15189.45,0.00,17230.75,3820.22,0.00,3820.22,,
735,2026-05-04 16:30:48.611,MoveToLL,MoveToLL_moveToObjPosition_StackML_cube15_stick64_robot1_gripper1_finalloccube15_rpmanipulate,planned,finalloccube15,,0.30,0.30,"0.307854;0.932311;0.253500;2.970434;1.022803;0.000000","",True,18321.37,0.00,20344.62,281.20,0.00,281.20,,
736,2026-05-04 16:31:09.087,MoveToLL,MoveToLL_moveToRobotPosition_StackML_cube15_stick64_robot1_gripper1_finalloccube15_rpmanipulate,movej,rpmanipulate,,0.30,0.30,"0.133776;0.348742;0.490041;0.000000;-3.141590;0.000000","1.656148;-0.959557;-2.051016;-1.701770;1.553554;1.650556",True,11468.25,0.00,13503.98,131.78,0.00,131.78,,
737,2026-05-04 16:31:26.480,MoveToLL,MoveToLL_moveToTarget_TravelML_robot1_rpmanipulate_rppickup_dup78,movej,rppickup,,0.30,0.30,"0.607360;-0.274802;0.339901;0.000000;-3.141590;0.000000","-0.128900;-1.540886;-1.932730;-1.238644;1.554514;1.433690",True,15100.56,0.00,17160.88,3889.01,0.00,3889.01,,
738,2026-05-04 16:31:43.941,MoveToLL,MoveToLL_moveToPickPosition_PickUpML_stick71_initlocstick71_robot1_gripper1_rppickup,movel,initlocstick71,,0.30,0.30,"0.607370;-0.274820;-0.006000;0.000000;-3.141590;0.000000","",True,6268.21,0.00,8324.89,299.43,0.00,299.43,,
739,2026-05-04 16:31:52.405,CloseGripperLL,CloseGripperLL_closeGripper_PickUpML_stick71_initlocstick71_robot1_gripper1_rppickup,close_gripper,,,0.50,1.00,"","",True,1.20,0.00,2042.19,139.89,0.00,139.89,,
740,2026-05-04 16:31:54.587,MoveToLL,MoveToLL_moveToRetract_PickUpML_stick71_initlocstick71_robot1_gripper1_rppickup,movel,rppickup,,0.30,0.30,"0.607360;-0.274802;0.339901;0.000000;-3.141590;0.000000","-0.128900;-1.540886;-1.932730;-1.238644;1.554514;1.433690",True,5956.96,0.00,7983.15,139.18,0.00,139.18,,
741,2026-05-04 16:32:06.762,MoveToLL,MoveToLL_moveToTarget_TravelML_robot1_rppickup_rpmanipulate_dup86,movej,rpmanipulate,,0.30,0.30,"0.133776;0.348742;0.490041;0.000000;-3.141590;0.000000","1.656148;-0.959557;-2.051016;-1.701770;1.553554;1.650556",True,15516.73,0.00,17559.85,4191.98,0.00,4191.98,,
742,2026-05-04 16:32:24.595,MoveToLL,MoveToLL_moveToObjPosition_StackOnTwoML_stick71_robot1_finallocstick71_rpmanipulate_stick66_stick67_gripper1_layer15_layer16,planned,finallocstick71,,0.30,0.30,"0.013987;0.824395;0.252500;3.131908;0.246487;0.000000","",True,18313.20,0.00,20354.24,273.51,0.00,273.51,,
743,2026-05-04 16:32:45.085,MoveToLL,MoveToLL_moveToRobotPos_StackOnTwoML_stick71_robot1_finallocstick71_rpmanipulate_stick66_stick67_gripper1_layer15_layer16,movej,rpmanipulate,,0.30,0.30,"0.133776;0.348742;0.490041;0.000000;-3.141590;0.000000","1.656148;-0.959557;-2.051016;-1.701770;1.553554;1.650556",True,13575.47,0.00,15605.46,136.01,0.00,136.01,,
744,2026-05-04 16:33:04.555,MoveToLL,MoveToLL_moveToTarget_TravelML_robot1_rpmanipulate_rppickup_dup79,movej,rppickup,,0.30,0.30,"0.607360;-0.274802;0.339901;0.000000;-3.141590;0.000000","-0.128900;-1.540886;-1.932730;-1.238644;1.554514;1.433690",True,15164.06,0.00,17185.13,3864.37,0.00,3864.37,,
745,2026-05-04 16:33:22.019,MoveToLL,MoveToLL_moveToPickPosition_PickUpML_stick70_initlocstick70_robot1_gripper1_rppickup,movel,initlocstick70,,0.30,0.30,"0.607370;-0.274820;-0.006000;0.000000;-3.141590;0.000000","",True,6293.27,0.00,8343.66,278.16,0.00,278.16,,
746,2026-05-04 16:33:30.501,CloseGripperLL,CloseGripperLL_closeGripper_PickUpML_stick70_initlocstick70_robot1_gripper1_rppickup,close_gripper,,,0.50,1.00,"","",True,14.00,0.00,2067.07,138.75,0.00,138.75,,
747,2026-05-04 16:33:32.703,MoveToLL,MoveToLL_moveToRetract_PickUpML_stick70_initlocstick70_robot1_gripper1_rppickup,movel,rppickup,,0.30,0.30,"0.607360;-0.274802;0.339901;0.000000;-3.141590;0.000000","-0.128900;-1.540886;-1.932730;-1.238644;1.554514;1.433690",True,5246.23,0.00,7270.65,135.08,0.00,135.08,,
748,2026-05-04 16:33:43.790,MoveToLL,MoveToLL_moveToTarget_TravelML_robot1_rppickup_rpmanipulate_dup87,movej,rpmanipulate,,0.30,0.30,"0.133776;0.348742;0.490041;0.000000;-3.141590;0.000000","1.656148;-0.959557;-2.051016;-1.701770;1.553554;1.650556",True,15208.72,0.00,17233.58,3816.42,0.00,3816.42,,
749,2026-05-04 16:34:01.296,MoveToLL,MoveToLL_moveToObjPosition_StackOnTwoML_stick70_robot1_finallocstick70_rpmanipulate_stick66_stick65_gripper1_layer15_layer16,planned,finallocstick70,,0.30,0.30,"0.156639;0.670283;0.252500;2.388886;2.040301;0.000000","",True,15904.17,0.00,17952.21,272.22,0.00,272.22,,
750,2026-05-04 16:34:19.387,MoveToLL,MoveToLL_moveToRobotPos_StackOnTwoML_stick70_robot1_finallocstick70_rpmanipulate_stick66_stick65_gripper1_layer15_layer16,movej,rpmanipulate,,0.30,0.30,"0.133776;0.348742;0.490041;0.000000;-3.141590;0.000000","1.656148;-0.959557;-2.051016;-1.701770;1.553554;1.650556",True,7956.85,0.00,9987.32,139.00,0.00,139.00,,
751,2026-05-04 16:34:33.240,MoveToLL,MoveToLL_moveToTarget_TravelML_robot1_rpmanipulate_rppickup_dup80,movej,rppickup,,0.30,0.30,"0.607360;-0.274802;0.339901;0.000000;-3.141590;0.000000","-0.128900;-1.540886;-1.932730;-1.238644;1.554514;1.433690",True,15148.35,0.00,17184.53,3865.24,0.00,3865.24,,
752,2026-05-04 16:34:50.719,MoveToLL,MoveToLL_moveToPickPosition_PickUpML_stick72_initlocstick72_robot1_gripper1_rppickup,movel,initlocstick72,,0.30,0.30,"0.607370;-0.274820;-0.006000;0.000000;-3.141590;0.000000","",True,6278.15,0.00,8326.48,294.84,0.00,294.84,,
753,2026-05-04 16:34:59.179,CloseGripperLL,CloseGripperLL_closeGripper_PickUpML_stick72_initlocstick72_robot1_gripper1_rppickup,close_gripper,,,0.50,1.00,"","",True,12.89,0.00,2067.74,132.95,0.00,132.95,,
754,2026-05-04 16:35:01.375,MoveToLL,MoveToLL_moveToRetract_PickUpML_stick72_initlocstick72_robot1_gripper1_rppickup,movel,rppickup,,0.30,0.30,"0.607360;-0.274802;0.339901;0.000000;-3.141590;0.000000","-0.128900;-1.540886;-1.932730;-1.238644;1.554514;1.433690",True,5952.02,0.00,7980.95,128.48,0.00,128.48,,
755,2026-05-04 16:35:13.647,MoveToLL,MoveToLL_moveToTarget_TravelML_robot1_rppickup_rpmanipulate_dup88,movej,rpmanipulate,,0.30,0.30,"0.133776;0.348742;0.490041;0.000000;-3.141590;0.000000","1.656148;-0.959557;-2.051016;-1.701770;1.553554;1.650556",True,15404.37,0.00,17461.26,4290.80,0.00,4290.80,,
756,2026-05-04 16:35:31.393,MoveToLL,MoveToLL_moveToObjPosition_StackOnTwoML_stick72_robot1_finallocstick72_rpmanipulate_stick67_stick68_gripper1_layer15_layer16,planned,finallocstick72,,0.30,0.30,"-0.171361;0.959058;0.252500;-2.040301;-2.388886;0.000000","",True,18323.16,0.00,20342.14,285.32,0.00,285.32,,
757,2026-05-04 16:35:51.876,MoveToLL,MoveToLL_moveToRobotPos_StackOnTwoML_stick72_robot1_finallocstick72_rpmanipulate_stick67_stick68_gripper1_layer15_layer16,movej,rpmanipulate,,0.30,0.30,"0.133776;0.348742;0.490041;0.000000;-3.141590;0.000000","1.656148;-0.959557;-2.051016;-1.701770;1.553554;1.650556",True,11471.65,0.00,13496.31,140.27,0.00,140.27,,
758,2026-05-04 16:36:09.262,MoveToLL,MoveToLL_moveToTarget_TravelML_robot1_rpmanipulate_rptoolchange_dup19,movej,rptoolchange,,0.30,0.30,"-0.276143;0.385864;0.086921;-3.141491;-0.002589;-0.000081","2.086106;-1.186673;-2.396030;-1.129490;1.555172;0.503193",True,10907.04,0.00,12946.07,3890.51,0.00,3890.51,,
759,2026-05-04 16:36:22.478,DeequipToolLL,DeequipToolLL_deequipTool_DeequipML_robot1_gripper1_equiplocgripper_rptoolchange_dup10,play_program,,,0.50,1.00,"","",True,20995.63,0.00,23042.86,269.31,0.00,269.31,,
760,2026-05-04 16:36:45.798,EquipToolLL,EquipToolLL_equipTool_EquipeML_robot1_staplergun1_rptoolchange_equiplocstapler_dup10,play_program,,,0.50,1.00,"","",True,10482.57,0.00,12510.86,277.14,0.00,277.14,,
761,2026-05-04 16:37:02.780,MoveToLL,MoveToLL_moveToTarget_TravelML_robot1_rptoolchange_rpmanipulate_dup10,movej,rpmanipulate,,0.30,0.30,"0.133776;0.348742;0.490041;0.000000;-3.141590;0.000000","1.656148;-0.959557;-2.051016;-1.701770;1.553554;1.650556",True,11283.48,0.00,13329.27,4471.75,0.00,4471.75,,
762,2026-05-04 16:37:16.367,NailingLL,NailingLL_nailStep_NailingML_cube15_stick64_robot1_staplergun1_rpmanipulate,planned,unknown,nailgun,0.30,0.30,"0.307854;0.932311;0.273550;0.000000;0.000000;0.000000","",True,22319.26,0.00,24377.27,257.43,0.00,257.43,,
763,2026-05-04 16:37:44.854,NailingLL,NailingLL_nailStep_NailingML_stick69_stick64_robot1_staplergun1_rpmanipulate,planned,unknown,nailgun,0.30,0.30,"0.353006;0.874518;0.273575;0.000000;0.000000;0.000000","",True,8972.08,0.00,11007.84,4110.01,0.00,4110.01,,
764,2026-05-04 16:37:59.861,NailingLL,NailingLL_nailStep_NailingML_stick69_stick65_robot1_staplergun1_rpmanipulate,planned,unknown,nailgun,0.30,0.30,"0.338725;0.737959;0.273050;0.000000;0.000000;0.000000","",True,15496.75,0.00,17527.37,3998.43,0.00,3998.43,,
765,2026-05-04 16:38:21.428,NailingLL,NailingLL_nailStep_NailingML_stick70_stick65_robot1_staplergun1_rpmanipulate,planned,unknown,nailgun,0.30,0.30,"0.226211;0.659264;0.272575;0.000000;0.000000;0.000000","",True,11560.59,0.00,13584.23,4040.26,0.00,4040.26,,
766,2026-05-04 16:38:38.932,NailingLL,NailingLL_nailStep_NailingML_stick70_stick66_robot1_staplergun1_rpmanipulate,planned,unknown,nailgun,0.30,0.30,"0.093611;0.680266;0.272550;0.000000;0.000000;0.000000","",True,13170.78,0.00,15189.72,3919.68,0.00,3919.68,,
767,2026-05-04 16:38:58.095,NailingLL,NailingLL_nailStep_NailingML_stick71_stick66_robot1_staplergun1_rpmanipulate,planned,unknown,nailgun,0.30,0.30,"0.022373;0.771446;0.272550;0.000000;0.000000;0.000000","",True,8313.32,0.00,10347.47,3973.03,0.00,3973.03,,
768,2026-05-04 16:39:12.334,NailingLL,NailingLL_nailStep_NailingML_stick71_stick67_robot1_staplergun1_rpmanipulate,planned,unknown,nailgun,0.30,0.30,"0.004004;0.887423;0.272550;0.000000;0.000000;0.000000","",True,13997.72,0.00,16028.67,3891.66,0.00,3891.66,,
769,2026-05-04 16:39:32.377,NailingLL,NailingLL_nailStep_NailingML_stick72_stick67_robot1_staplergun1_rpmanipulate,planned,unknown,nailgun,0.30,0.30,"-0.101789;0.970077;0.272550;0.000000;0.000000;0.000000","",True,10660.25,0.00,12708.46,4013.90,0.00,4013.90,,
770,2026-05-04 16:39:48.811,NailingLL,NailingLL_nailStep_NailingML_stick72_stick68_robot1_staplergun1_rpmanipulate,planned,unknown,nailgun,0.30,0.30,"-0.234389;0.949075;0.272550;0.000000;0.000000;0.000000","",True,14146.85,0.00,16196.85,3726.29,0.00,3726.29,,
771,2026-05-04 16:40:10.400,MoveToLL,MoveToLL_moveToTarget_TravelML_robot1_rpmanipulate_rptoolchange_dup20,movej,rptoolchange,,0.30,0.30,"-0.276143;0.385864;0.086921;-3.141491;-0.002589;-0.000081","2.086106;-1.186673;-2.396030;-1.129490;1.555172;0.503193",True,14506.79,0.00,16561.82,5391.54,0.00,5391.54,,
772,2026-05-04 16:40:27.612,DeequipToolLL,DeequipToolLL_deequipTool_DeequipML_robot1_staplergun1_equiplocstapler_rptoolchange_dup10,play_program,,,0.50,1.00,"","",True,7263.17,0.00,9305.12,650.28,0.00,650.28,,
773,2026-05-04 16:40:37.248,EquipToolLL,EquipToolLL_equipTool_EquipeML_robot1_gripper1_rptoolchange_equiplocgripper_dup10,play_program,,,0.50,1.00,"","",True,21158.89,0.00,23221.84,331.02,0.00,331.02,,
774,2026-05-04 16:41:03.242,MoveToLL,MoveToLL_moveToTarget_TravelML_robot1_rptoolchange_rppickup_dup10,movej,rppickup,,0.30,0.30,"0.607360;-0.274802;0.339901;0.000000;-3.141590;0.000000","-0.128900;-1.540886;-1.932730;-1.238644;1.554514;1.433690",True,17861.43,0.00,19942.94,2772.24,0.00,2772.24,,
775,2026-05-04 16:41:23.474,MoveToLL,MoveToLL_moveToPickPosition_PickUpML_stick73_initlocstick73_robot1_gripper1_rppickup,movel,initlocstick73,,0.30,0.30,"0.607370;-0.274820;-0.009000;0.000000;-3.141590;0.000000","",True,6271.59,0.00,8310.35,289.40,0.00,289.40,,
776,2026-05-04 16:41:31.933,CloseGripperLL,CloseGripperLL_closeGripper_PickUpML_stick73_initlocstick73_robot1_gripper1_rppickup,close_gripper,,,0.50,1.00,"","",True,12.35,0.00,2054.69,148.72,0.00,148.72,,
777,2026-05-04 16:41:34.135,MoveToLL,MoveToLL_moveToRetract_PickUpML_stick73_initlocstick73_robot1_gripper1_rppickup,movel,rppickup,,0.30,0.30,"0.607360;-0.274802;0.339901;0.000000;-3.141590;0.000000","-0.128900;-1.540886;-1.932730;-1.238644;1.554514;1.433690",True,5918.88,0.00,7962.82,146.50,0.00,146.50,,
778,2026-05-04 16:41:45.147,MoveToLL,MoveToLL_moveToTarget_TravelML_robot1_rppickup_rpmanipulate_dup89,movej,rpmanipulate,,0.30,0.30,"0.133776;0.348742;0.490041;0.000000;-3.141590;0.000000","1.656148;-0.959557;-2.051016;-1.701770;1.553554;1.650556",True,15159.37,0.00,17204.54,3049.77,0.00,3049.77,,
779,2026-05-04 16:42:02.642,MoveToLL,MoveToLL_moveToObjPosition_StackOnTwoML_stick73_robot1_finallocstick73_rpmanipulate_cube15_stick69_gripper1_layer16_layer17,planned,finallocstick73,,0.30,0.30,"0.338653;0.887716;0.271000;0.918513;-3.004320;0.000000","",True,22289.82,0.00,24338.56,289.71,0.00,289.71,,
780,2026-05-04 16:42:27.122,MoveToLL,MoveToLL_moveToRobotPos_StackOnTwoML_stick73_robot1_finallocstick73_rpmanipulate_cube15_stick69_gripper1_layer16_layer17,movej,rpmanipulate,,0.30,0.30,"0.133776;0.348742;0.490041;0.000000;-3.141590;0.000000","1.656148;-0.959557;-2.051016;-1.701770;1.553554;1.650556",True,19884.90,0.00,21917.37,141.84,0.00,141.84,,
781,2026-05-04 16:42:51.989,MoveToLL,MoveToLL_moveToTarget_TravelML_robot1_rpmanipulate_rppickup_dup81,movej,rppickup,,0.30,0.30,"0.607360;-0.274802;0.339901;0.000000;-3.141590;0.000000","-0.128900;-1.540886;-1.932730;-1.238644;1.554514;1.433690",True,15269.52,0.00,17298.37,2949.38,0.00,2949.38,,
782,2026-05-04 16:43:09.581,MoveToLL,MoveToLL_moveToPickPosition_PickUpML_stick74_initlocstick74_robot1_gripper1_rppickup,movel,initlocstick74,,0.30,0.30,"0.607370;-0.274820;-0.006000;0.000000;-3.141590;0.000000","",True,6305.17,0.00,8329.46,294.11,0.00,294.11,,
783,2026-05-04 16:43:18.054,CloseGripperLL,CloseGripperLL_closeGripper_PickUpML_stick74_initlocstick74_robot1_gripper1_rppickup,close_gripper,,,0.50,1.00,"","",True,1.04,0.00,2038.70,143.43,0.00,143.43,,
784,2026-05-04 16:43:20.233,MoveToLL,MoveToLL_moveToRetract_PickUpML_stick74_initlocstick74_robot1_gripper1_rppickup,movel,rppickup,,0.30,0.30,"0.607360;-0.274802;0.339901;0.000000;-3.141590;0.000000","-0.128900;-1.540886;-1.932730;-1.238644;1.554514;1.433690",True,5946.02,0.00,7981.74,140.61,0.00,140.61,,
785,2026-05-04 16:43:31.061,MoveToLL,MoveToLL_moveToTarget_TravelML_robot1_rppickup_rpmanipulate_dup90,movej,rpmanipulate,,0.30,0.30,"0.133776;0.348742;0.490041;0.000000;-3.141590;0.000000","1.656148;-0.959557;-2.051016;-1.701770;1.553554;1.650556",True,15285.53,0.00,17316.29,2846.41,0.00,2846.41,,
786,2026-05-04 16:43:48.665,MoveToLL,MoveToLL_moveToObjPosition_StackOnTwoML_stick74_robot1_finallocstick74_rpmanipulate_stick69_stick70_gripper1_layer16_layer17,planned,finallocstick74,,0.30,0.30,"0.272570;0.695984;0.270000;-1.474888;-2.773862;0.000000","",True,16699.20,0.00,18735.94,287.49,0.00,287.49,,
787,2026-05-04 16:44:07.549,MoveToLL,MoveToLL_moveToRobotPos_StackOnTwoML_stick74_robot1_finallocstick74_rpmanipulate_stick69_stick70_gripper1_layer16_layer17,movej,rpmanipulate,,0.30,0.30,"0.133776;0.348742;0.490041;0.000000;-3.141590;0.000000","1.656148;-0.959557;-2.051016;-1.701770;1.553554;1.650556",True,9348.02,0.00,11381.65,147.36,0.00,147.36,,
788,2026-05-04 16:44:21.630,MoveToLL,MoveToLL_moveToTarget_TravelML_robot1_rpmanipulate_rppickup_dup82,movej,rppickup,,0.30,0.30,"0.607360;-0.274802;0.339901;0.000000;-3.141590;0.000000","-0.128900;-1.540886;-1.932730;-1.238644;1.554514;1.433690",True,15418.98,0.00,17451.21,2699.58,0.00,2699.58,,
789,2026-05-04 16:44:39.374,MoveToLL,MoveToLL_moveToPickPosition_PickUpML_stick76_initlocstick76_robot1_gripper1_rppickup,movel,initlocstick76,,0.30,0.30,"0.607370;-0.274820;-0.006000;0.000000;-3.141590;0.000000","",True,6296.51,0.00,8329.74,293.21,0.00,293.21,,
790,2026-05-04 16:44:47.853,CloseGripperLL,CloseGripperLL_closeGripper_PickUpML_stick76_initlocstick76_robot1_gripper1_rppickup,close_gripper,,,0.50,1.00,"","",True,12.74,0.00,2042.81,148.86,0.00,148.86,,
791,2026-05-04 16:44:50.032,MoveToLL,MoveToLL_moveToRetract_PickUpML_stick76_initlocstick76_robot1_gripper1_rppickup,movel,rppickup,,0.30,0.30,"0.607360;-0.274802;0.339901;0.000000;-3.141590;0.000000","-0.128900;-1.540886;-1.932730;-1.238644;1.554514;1.433690",True,5930.65,0.00,7974.97,136.75,0.00,136.75,,
792,2026-05-04 16:45:00.948,MoveToLL,MoveToLL_moveToTarget_TravelML_robot1_rppickup_rpmanipulate_dup91,movej,rpmanipulate,,0.30,0.30,"0.133776;0.348742;0.490041;0.000000;-3.141590;0.000000","1.656148;-0.959557;-2.051016;-1.701770;1.553554;1.650556",True,15275.04,0.00,17305.74,2940.48,0.00,2940.48,,
793,2026-05-04 16:45:18.531,MoveToLL,MoveToLL_moveToObjPosition_StackOnTwoML_stick76_robot1_finallocstick76_rpmanipulate_stick72_stick71_gripper1_layer16_layer17,planned,finallocstick76,,0.30,0.30,"-0.055430;0.933357;0.270000;2.773862;1.474888;0.000000","",True,18318.63,0.00,20351.37,277.26,0.00,277.26,,
794,2026-05-04 16:45:39.027,MoveToLL,MoveToLL_moveToRobotPos_StackOnTwoML_stick76_robot1_finallocstick76_rpmanipulate_stick72_stick71_gripper1_layer16_layer17,movej,rpmanipulate,,0.30,0.30,"0.133776;0.348742;0.490041;0.000000;-3.141590;0.000000","1.656148;-0.959557;-2.051016;-1.701770;1.553554;1.650556",True,10732.73,0.00,12786.13,144.49,0.00,144.49,,
795,2026-05-04 16:45:54.716,MoveToLL,MoveToLL_moveToTarget_TravelML_robot1_rpmanipulate_rppickup_dup83,movej,rppickup,,0.30,0.30,"0.607360;-0.274802;0.339901;0.000000;-3.141590;0.000000","-0.128900;-1.540886;-1.932730;-1.238644;1.554514;1.433690",True,15273.98,0.00,17301.19,2903.32,0.00,2903.32,,
796,2026-05-04 16:46:12.317,MoveToLL,MoveToLL_moveToPickPosition_PickUpML_cube16_initloccube16_robot1_gripper1_rppickup,movel,initloccube16,,0.30,0.30,"0.607370;-0.274820;-0.009000;0.000000;-3.141590;0.000000","",True,6280.32,0.00,8322.75,299.38,0.00,299.38,,
797,2026-05-04 16:46:20.780,CloseGripperLL,CloseGripperLL_closeGripper_PickUpML_cube16_initloccube16_robot1_gripper1_rppickup,close_gripper,,,0.50,1.00,"","",True,8.20,0.00,2042.13,140.43,0.00,140.43,,
798,2026-05-04 16:46:22.960,MoveToLL,MoveToLL_moveToRetract_PickUpML_cube16_initloccube16_robot1_gripper1_rppickup,movel,rppickup,,0.30,0.30,"0.607360;-0.274802;0.339901;0.000000;-3.141590;0.000000","-0.128900;-1.540886;-1.932730;-1.238644;1.554514;1.433690",True,5939.24,0.00,7978.11,138.34,0.00,138.34,,
799,2026-05-04 16:46:33.669,MoveToLL,MoveToLL_moveToTarget_TravelML_robot1_rppickup_rpmanipulate_dup92,movej,rpmanipulate,,0.30,0.30,"0.133776;0.348742;0.490041;0.000000;-3.141590;0.000000","1.656148;-0.959557;-2.051016;-1.701770;1.553554;1.650556",True,15396.98,0.00,17419.20,2730.79,0.00,2730.79,,
800,2026-05-04 16:46:51.384,MoveToLL,MoveToLL_moveToObjPosition_StackML_cube16_stick73_robot1_gripper1_finalloccube16_rpmanipulate,planned,finalloccube16,,0.30,0.30,"0.318858;0.917064;0.288500;3.004320;0.918513;0.000000","",True,18293.79,0.00,20332.39,295.53,0.00,295.53,,
801,2026-05-04 16:47:11.852,MoveToLL,MoveToLL_moveToRobotPosition_StackML_cube16_stick73_robot1_gripper1_finalloccube16_rpmanipulate,movej,rpmanipulate,,0.30,0.30,"0.133776;0.348742;0.490041;0.000000;-3.141590;0.000000","1.656148;-0.959557;-2.051016;-1.701770;1.553554;1.650556",True,11475.96,0.00,13499.66,135.60,0.00,135.60,,
802,2026-05-04 16:47:28.209,MoveToLL,MoveToLL_moveToTarget_TravelML_robot1_rpmanipulate_rppickup_dup84,movej,rppickup,,0.30,0.30,"0.607360;-0.274802;0.339901;0.000000;-3.141590;0.000000","-0.128900;-1.540886;-1.932730;-1.238644;1.554514;1.433690",True,15275.50,0.00,17324.86,2857.78,0.00,2857.78,,
803,2026-05-04 16:47:45.824,MoveToLL,MoveToLL_moveToPickPosition_PickUpML_stick75_initlocstick75_robot1_gripper1_rppickup,movel,initlocstick75,,0.30,0.30,"0.607370;-0.274820;-0.006000;0.000000;-3.141590;0.000000","",True,6294.46,0.00,8332.48,289.74,0.00,289.74,,
804,2026-05-04 16:47:54.294,CloseGripperLL,CloseGripperLL_closeGripper_PickUpML_stick75_initlocstick75_robot1_gripper1_rppickup,close_gripper,,,0.50,1.00,"","",True,1.35,0.00,2032.53,137.27,0.00,137.27,,
805,2026-05-04 16:47:56.473,MoveToLL,MoveToLL_moveToRetract_PickUpML_stick75_initlocstick75_robot1_gripper1_rppickup,movel,rppickup,,0.30,0.30,"0.607360;-0.274802;0.339901;0.000000;-3.141590;0.000000","-0.128900;-1.540886;-1.932730;-1.238644;1.554514;1.433690",True,5951.65,0.00,7974.43,147.19,0.00,147.19,,
806,2026-05-04 16:48:07.556,MoveToLL,MoveToLL_moveToTarget_TravelML_robot1_rppickup_rpmanipulate_dup93,movej,rpmanipulate,,0.30,0.30,"0.133776;0.348742;0.490041;0.000000;-3.141590;0.000000","1.656148;-0.959557;-2.051016;-1.701770;1.553554;1.650556",True,15116.89,0.00,17141.85,3107.99,0.00,3107.99,,
807,2026-05-04 16:48:24.995,MoveToLL,MoveToLL_moveToObjPosition_StackOnTwoML_stick75_robot1_finallocstick75_rpmanipulate_stick70_stick71_gripper1_layer16_layer17,planned,finallocstick75,,0.30,0.30,"0.047677;0.739699;0.270000;3.004320;0.918513;0.000000","",True,16670.63,0.00,18747.05,297.00,0.00,297.00,,
808,2026-05-04 16:48:43.893,MoveToLL,MoveToLL_moveToRobotPos_StackOnTwoML_stick75_robot1_finallocstick75_rpmanipulate_stick70_stick71_gripper1_layer16_layer17,movej,rpmanipulate,,0.30,0.30,"0.133776;0.348742;0.490041;0.000000;-3.141590;0.000000","1.656148;-0.959557;-2.051016;-1.701770;1.553554;1.650556",True,10738.72,0.00,12774.24,151.39,0.00,151.39,,
809,2026-05-04 16:48:59.524,MoveToLL,MoveToLL_moveToTarget_TravelML_robot1_rpmanipulate_rppickup_dup85,movej,rppickup,,0.30,0.30,"0.607360;-0.274802;0.339901;0.000000;-3.141590;0.000000","-0.128900;-1.540886;-1.932730;-1.238644;1.554514;1.433690",True,15268.52,0.00,17294.68,2856.58,0.00,2856.58,,
810,2026-05-04 16:49:17.144,MoveToLL,MoveToLL_moveToPickPosition_PickUpML_stick77_initlocstick77_robot1_gripper1_rppickup,movel,initlocstick77,,0.30,0.30,"0.607370;-0.274820;-0.006000;0.000000;-3.141590;0.000000","",True,6262.24,0.00,8296.09,325.12,0.00,325.12,,
811,2026-05-04 16:49:25.594,CloseGripperLL,CloseGripperLL_closeGripper_PickUpML_stick77_initlocstick77_robot1_gripper1_rppickup,close_gripper,,,0.50,1.00,"","",True,14.07,0.00,2076.48,153.64,0.00,153.64,,
812,2026-05-04 16:49:27.822,MoveToLL,MoveToLL_moveToRetract_PickUpML_stick77_initlocstick77_robot1_gripper1_rppickup,movel,rppickup,,0.30,0.30,"0.607360;-0.274802;0.339901;0.000000;-3.141590;0.000000","-0.128900;-1.540886;-1.932730;-1.238644;1.554514;1.433690",True,5837.62,0.00,7880.38,151.96,0.00,151.96,,
813,2026-05-04 16:49:38.863,MoveToLL,MoveToLL_moveToTarget_TravelML_robot1_rppickup_rpmanipulate_dup94,movej,rpmanipulate,,0.30,0.30,"0.133776;0.348742;0.490041;0.000000;-3.141590;0.000000","1.656148;-0.959557;-2.051016;-1.701770;1.553554;1.650556",True,15040.62,0.00,17089.61,3160.47,0.00,3160.47,,
814,2026-05-04 16:49:56.213,MoveToLL,MoveToLL_moveToObjPosition_StackOnTwoML_stick77_robot1_finallocstick77_rpmanipulate_stick73_stick74_gripper1_layer17_layer18,planned,finallocstick77,,0.30,0.30,"0.339829;0.793846;0.288500;-0.355638;-3.121398;0.000000","",True,18329.23,0.00,20367.37,260.85,0.00,260.85,,
815,2026-05-04 16:50:16.718,MoveToLL,MoveToLL_moveToRobotPos_StackOnTwoML_stick77_robot1_finallocstick77_rpmanipulate_stick73_stick74_gripper1_layer17_layer18,movej,rpmanipulate,,0.30,0.30,"0.133776;0.348742;0.490041;0.000000;-3.141590;0.000000","1.656148;-0.959557;-2.051016;-1.701770;1.553554;1.650556",True,14287.51,0.00,16305.80,137.45,0.00,137.45,,
816,2026-05-04 16:50:35.691,MoveToLL,MoveToLL_moveToTarget_TravelML_robot1_rpmanipulate_rppickup_dup86,movej,rppickup,,0.30,0.30,"0.607360;-0.274802;0.339901;0.000000;-3.141590;0.000000","-0.128900;-1.540886;-1.932730;-1.238644;1.554514;1.433690",True,15441.84,0.00,17482.27,2667.58,0.00,2667.58,,
817,2026-05-04 16:50:53.507,MoveToLL,MoveToLL_moveToPickPosition_PickUpML_stick78_initlocstick78_robot1_gripper1_rppickup,movel,initlocstick78,,0.30,0.30,"0.607370;-0.274820;-0.006000;0.000000;-3.141590;0.000000","",True,6238.87,0.00,8287.66,333.54,0.00,333.54,,
818,2026-05-04 16:51:01.938,CloseGripperLL,CloseGripperLL_closeGripper_PickUpML_stick78_initlocstick78_robot1_gripper1_rppickup,close_gripper,,,0.50,1.00,"","",True,0.92,0.00,2060.77,142.62,0.00,142.62,,
819,2026-05-04 16:51:04.135,MoveToLL,MoveToLL_moveToRetract_PickUpML_stick78_initlocstick78_robot1_gripper1_rppickup,movel,rppickup,,0.30,0.30,"0.607360;-0.274802;0.339901;0.000000;-3.141590;0.000000","-0.128900;-1.540886;-1.932730;-1.238644;1.554514;1.433690",True,5836.18,0.00,7894.39,136.92,0.00,136.92,,
820,2026-05-04 16:51:15.253,MoveToLL,MoveToLL_moveToTarget_TravelML_robot1_rppickup_rpmanipulate_dup95,movej,rpmanipulate,,0.30,0.30,"0.133776;0.348742;0.490041;0.000000;-3.141590;0.000000","1.656148;-0.959557;-2.051016;-1.701770;1.553554;1.650556",True,14987.71,0.00,17026.85,3223.12,0.00,3223.12,,
821,2026-05-04 16:51:32.585,MoveToLL,MoveToLL_moveToObjPosition_StackOnTwoML_stick78_robot1_finallocstick78_rpmanipulate_stick75_stick74_gripper1_layer17_layer18,planned,finallocstick78,,0.30,0.30,"0.145539;0.672440;0.287500;2.458636;1.955687;0.000000","",True,15158.34,0.00,17204.56,305.73,0.00,305.73,,
822,2026-05-04 16:51:49.935,MoveToLL,MoveToLL_moveToRobotPos_StackOnTwoML_stick78_robot1_finallocstick78_rpmanipulate_stick75_stick74_gripper1_layer17_layer18,movej,rpmanipulate,,0.30,0.30,"0.133776;0.348742;0.490041;0.000000;-3.141590;0.000000","1.656148;-0.959557;-2.051016;-1.701770;1.553554;1.650556",True,7936.94,0.00,9968.62,144.62,0.00,144.62,,
823,2026-05-04 16:52:03.045,MoveToLL,MoveToLL_moveToTarget_TravelML_robot1_rpmanipulate_rppickup_dup87,movej,rppickup,,0.30,0.30,"0.607360;-0.274802;0.339901;0.000000;-3.141590;0.000000","-0.128900;-1.540886;-1.932730;-1.238644;1.554514;1.433690",True,15063.44,0.00,17108.95,3142.00,0.00,3142.00,,
824,2026-05-04 16:52:20.458,MoveToLL,MoveToLL_moveToPickPosition_PickUpML_stick79_initlocstick79_robot1_gripper1_rppickup,movel,initlocstick79,,0.30,0.30,"0.607370;-0.274820;-0.006000;0.000000;-3.141590;0.000000","",True,6259.01,0.00,8317.26,304.00,0.00,304.00,,
825,2026-05-04 16:52:28.928,CloseGripperLL,CloseGripperLL_closeGripper_PickUpML_stick79_initlocstick79_robot1_gripper1_rppickup,close_gripper,,,0.50,1.00,"","",True,13.53,0.00,2068.80,153.09,0.00,153.09,,
826,2026-05-04 16:52:31.146,MoveToLL,MoveToLL_moveToRetract_PickUpML_stick79_initlocstick79_robot1_gripper1_rppickup,movel,rppickup,,0.30,0.30,"0.607360;-0.274802;0.339901;0.000000;-3.141590;0.000000","-0.128900;-1.540886;-1.932730;-1.238644;1.554514;1.433690",True,5833.69,0.00,7867.10,148.27,0.00,148.27,,
827,2026-05-04 16:52:42.305,MoveToLL,MoveToLL_moveToTarget_TravelML_robot1_rppickup_rpmanipulate_dup96,movej,rpmanipulate,,0.30,0.30,"0.133776;0.348742;0.490041;0.000000;-3.141590;0.000000","1.656148;-0.959557;-2.051016;-1.701770;1.553554;1.650556",True,14958.67,0.00,16990.41,3292.78,0.00,3292.78,,
828,2026-05-04 16:52:59.619,MoveToLL,MoveToLL_moveToObjPosition_StackOnTwoML_stick79_robot1_finallocstick79_rpmanipulate_stick76_stick75_gripper1_layer17_layer18,planned,finallocstick79,,0.30,0.30,"0.011829;0.835495;0.287500;3.121398;0.355638;0.000000","",True,17475.62,0.00,19504.17,323.11,0.00,323.11,,
829,2026-05-04 16:53:19.276,MoveToLL,MoveToLL_moveToRobotPos_StackOnTwoML_stick79_robot1_finallocstick79_rpmanipulate_stick76_stick75_gripper1_layer17_layer18,movej,rpmanipulate,,0.30,0.30,"0.133776;0.348742;0.490041;0.000000;-3.141590;0.000000","1.656148;-0.959557;-2.051016;-1.701770;1.553554;1.650556",True,13563.51,0.00,15587.89,153.30,0.00,153.30,,
830,2026-05-04 16:53:37.872,MoveToLL,MoveToLL_moveToTarget_TravelML_robot1_rpmanipulate_rptoolchange_dup21,movej,rptoolchange,,0.30,0.30,"-0.276143;0.385864;0.086921;-3.141491;-0.002589;-0.000081","2.086106;-1.186673;-2.396030;-1.129490;1.555172;0.503193",True,10984.27,0.00,13030.36,3007.47,0.00,3007.47,,
831,2026-05-04 16:53:51.187,DeequipToolLL,DeequipToolLL_deequipTool_DeequipML_robot1_gripper1_equiplocgripper_rptoolchange_dup11,play_program,,,0.50,1.00,"","",True,21126.23,0.00,23162.50,284.47,0.00,284.47,,
832,2026-05-04 16:54:14.655,EquipToolLL,EquipToolLL_equipTool_EquipeML_robot1_staplergun1_rptoolchange_equiplocstapler_dup11,play_program,,,0.50,1.00,"","",True,10364.55,0.00,12399.54,306.00,0.00,306.00,,
833,2026-05-04 16:54:30.189,MoveToLL,MoveToLL_moveToTarget_TravelML_robot1_rptoolchange_rpmanipulate_dup11,movej,rpmanipulate,,0.30,0.30,"0.133776;0.348742;0.490041;0.000000;-3.141590;0.000000","1.656148;-0.959557;-2.051016;-1.701770;1.553554;1.650556",True,11049.01,0.00,13101.24,3134.00,0.00,3134.00,,
834,2026-05-04 16:54:43.882,NailingLL,NailingLL_nailStep_NailingML_cube16_stick73_robot1_staplergun1_rpmanipulate,planned,unknown,nailgun,0.30,0.30,"0.318858;0.917064;0.308550;0.000000;0.000000;0.000000","",True,27605.82,0.00,29645.72,592.57,0.00,592.57,,
835,2026-05-04 16:55:16.697,NailingLL,NailingLL_nailStep_NailingML_stick77_stick73_robot1_staplergun1_rpmanipulate,planned,unknown,nailgun,0.30,0.30,"0.355675;0.862481;0.308575;0.000000;0.000000;0.000000","",True,9127.85,0.00,11148.73,3168.66,0.00,3168.66,,
836,2026-05-04 16:55:30.802,NailingLL,NailingLL_nailStep_NailingML_stick77_stick74_robot1_staplergun1_rpmanipulate,planned,unknown,nailgun,0.30,0.30,"0.331903;0.727250;0.308050;0.000000;0.000000;0.000000","",True,14912.20,0.00,16966.84,2956.58,0.00,2956.58,,
837,2026-05-04 16:55:50.869,NailingLL,NailingLL_nailStep_NailingML_stick78_stick74_robot1_staplergun1_rpmanipulate,planned,unknown,nailgun,0.30,0.30,"0.214173;0.656595;0.307575;0.000000;0.000000;0.000000","",True,10798.23,0.00,12819.70,3099.85,0.00,3099.85,,
838,2026-05-04 16:56:06.688,NailingLL,NailingLL_nailStep_NailingML_stick78_stick75_robot1_staplergun1_rpmanipulate,planned,unknown,nailgun,0.30,0.30,"0.083361;0.686795;0.307550;0.000000;0.000000;0.000000","",True,6863.49,0.00,8914.86,2999.96,0.00,2999.96,,
839,2026-05-04 16:56:18.657,NailingLL,NailingLL_nailStep_NailingML_stick79_stick75_robot1_staplergun1_rpmanipulate,planned,unknown,nailgun,0.30,0.30,"0.026799;0.770652;0.307550;0.000000;0.000000;0.000000","",True,14848.51,0.00,16870.90,3053.68,0.00,3053.68,,
840,2026-05-04 16:56:38.417,NailingLL,NailingLL_nailStep_NailingML_stick79_stick76_robot1_staplergun1_rpmanipulate,planned,unknown,nailgun,0.30,0.30,"-0.002526;0.897673;0.307550;0.000000;0.000000;0.000000","",True,13387.48,0.00,15432.96,2889.31,0.00,2889.31,,
841,2026-05-04 16:56:58.156,MoveToLL,MoveToLL_moveToTarget_TravelML_robot1_rpmanipulate_rptoolchange_dup22,movej,rptoolchange,,0.30,0.30,"-0.276143;0.385864;0.086921;-3.141491;-0.002589;-0.000081","2.086106;-1.186673;-2.396030;-1.129490;1.555172;0.503193",True,12694.47,0.00,14738.23,4305.96,0.00,4305.96,,
842,2026-05-04 16:57:13.187,DeequipToolLL,DeequipToolLL_deequipTool_DeequipML_robot1_staplergun1_equiplocstapler_rptoolchange_dup11,play_program,,,0.50,1.00,"","",True,7287.19,0.00,9336.30,292.39,0.00,292.39,,
843,2026-05-04 16:57:22.833,EquipToolLL,EquipToolLL_equipTool_EquipeML_robot1_gripper1_rptoolchange_equiplocgripper_dup11,play_program,,,0.50,1.00,"","",True,21132.73,0.00,23192.66,309.44,0.00,309.44,,
844,2026-05-04 16:57:48.161,MoveToLL,MoveToLL_moveToTarget_TravelML_robot1_rptoolchange_rppickup_dup11,movej,rppickup,,0.30,0.30,"0.607360;-0.274802;0.339901;0.000000;-3.141590;0.000000","-0.128900;-1.540886;-1.932730;-1.238644;1.554514;1.433690",True,18082.00,0.00,20133.59,2136.19,0.00,2136.19,,
845,2026-05-04 16:58:08.638,MoveToLL,MoveToLL_moveToPickPosition_PickUpML_stick81_initlocstick81_robot1_gripper1_rppickup,movel,initlocstick81,,0.30,0.30,"0.607370;-0.274820;-0.006000;0.000000;-3.141590;0.000000","",True,6244.62,0.00,8275.65,343.36,0.00,343.36,,
846,2026-05-04 16:58:17.064,CloseGripperLL,CloseGripperLL_closeGripper_PickUpML_stick81_initlocstick81_robot1_gripper1_rppickup,close_gripper,,,0.50,1.00,"","",True,12.48,0.00,2035.66,150.05,0.00,150.05,,
847,2026-05-04 16:58:19.248,MoveToLL,MoveToLL_moveToRetract_PickUpML_stick81_initlocstick81_robot1_gripper1_rppickup,movel,rppickup,,0.30,0.30,"0.607360;-0.274802;0.339901;0.000000;-3.141590;0.000000","-0.128900;-1.540886;-1.932730;-1.238644;1.554514;1.433690",True,5234.87,0.00,7258.65,148.64,0.00,148.64,,
848,2026-05-04 16:58:28.686,MoveToLL,MoveToLL_moveToTarget_TravelML_robot1_rppickup_rpmanipulate_dup97,movej,rpmanipulate,,0.30,0.30,"0.133776;0.348742;0.490041;0.000000;-3.141590;0.000000","1.656148;-0.959557;-2.051016;-1.701770;1.553554;1.650556",True,15241.16,0.00,17271.15,2179.36,0.00,2179.36,,
849,2026-05-04 16:58:46.254,MoveToLL,MoveToLL_moveToObjPosition_StackOnTwoML_stick81_robot1_finallocstick81_rpmanipulate_stick77_stick78_gripper1_layer18_layer19,planned,finallocstick81,,0.30,0.30,"0.262981;0.689992;0.305000;-1.570796;-2.720699;0.000000","",True,16703.25,0.00,18727.54,296.68,0.00,296.68,,
850,2026-05-04 16:59:05.126,MoveToLL,MoveToLL_moveToRobotPos_StackOnTwoML_stick81_robot1_finallocstick81_rpmanipulate_stick77_stick78_gripper1_layer18_layer19,movej,rpmanipulate,,0.30,0.30,"0.133776;0.348742;0.490041;0.000000;-3.141590;0.000000","1.656148;-0.959557;-2.051016;-1.701770;1.553554;1.650556",True,8656.38,0.00,10682.13,144.74,0.00,144.74,,
851,2026-05-04 16:59:17.963,MoveToLL,MoveToLL_moveToTarget_TravelML_robot1_rpmanipulate_rppickup_dup88,movej,rppickup,,0.30,0.30,"0.607360;-0.274802;0.339901;0.000000;-3.141590;0.000000","-0.128900;-1.540886;-1.932730;-1.238644;1.554514;1.433690",True,15240.00,0.00,17293.93,2154.17,0.00,2154.17,,
852,2026-05-04 16:59:35.556,MoveToLL,MoveToLL_moveToPickPosition_PickUpML_stick80_initlocstick80_robot1_gripper1_rppickup,movel,initlocstick80,,0.30,0.30,"0.607370;-0.274820;-0.009000;0.000000;-3.141590;0.000000","",True,6273.88,0.00,8322.44,299.45,0.00,299.45,,
853,2026-05-04 16:59:44.034,CloseGripperLL,CloseGripperLL_closeGripper_PickUpML_stick80_initlocstick80_robot1_gripper1_rppickup,close_gripper,,,0.50,1.00,"","",True,0.89,0.00,2048.06,155.08,0.00,155.08,,
854,2026-05-04 16:59:46.227,MoveToLL,MoveToLL_moveToRetract_PickUpML_stick80_initlocstick80_robot1_gripper1_rppickup,movel,rppickup,,0.30,0.30,"0.607360;-0.274802;0.339901;0.000000;-3.141590;0.000000","-0.128900;-1.540886;-1.932730;-1.238644;1.554514;1.433690",True,5839.20,0.00,7875.69,144.97,0.00,144.97,,
855,2026-05-04 16:59:56.518,MoveToLL,MoveToLL_moveToTarget_TravelML_robot1_rppickup_rpmanipulate_dup98,movej,rpmanipulate,,0.30,0.30,"0.133776;0.348742;0.490041;0.000000;-3.141590;0.000000","1.656148;-0.959557;-2.051016;-1.701770;1.553554;1.650556",True,14998.05,0.00,17034.27,2415.67,0.00,2415.67,,
856,2026-05-04 17:00:13.856,MoveToLL,MoveToLL_moveToObjPosition_StackOnTwoML_stick80_robot1_finallocstick80_rpmanipulate_cube16_stick77_gripper1_layer18_layer19,planned,finallocstick80,,0.30,0.30,"0.344152;0.873400;0.306000;0.813104;-3.034545;0.000000","",True,19172.11,0.00,21194.77,303.73,0.00,303.73,,
857,2026-05-04 17:00:35.223,MoveToLL,MoveToLL_moveToRobotPos_StackOnTwoML_stick80_robot1_finallocstick80_rpmanipulate_cube16_stick77_gripper1_layer18_layer19,movej,rpmanipulate,,0.30,0.30,"0.133776;0.348742;0.490041;0.000000;-3.141590;0.000000","1.656148;-0.959557;-2.051016;-1.701770;1.553554;1.650556",True,19152.76,0.00,21184.05,171.96,0.00,171.96,,
858,2026-05-04 17:00:58.614,MoveToLL,MoveToLL_moveToTarget_TravelML_robot1_rpmanipulate_rppickup_dup89,movej,rppickup,,0.30,0.30,"0.607360;-0.274802;0.339901;0.000000;-3.141590;0.000000","-0.128900;-1.540886;-1.932730;-1.238644;1.554514;1.433690",True,15200.54,0.00,17242.37,2207.36,0.00,2207.36,,
859,2026-05-04 17:01:16.160,MoveToLL,MoveToLL_moveToPickPosition_PickUpML_cube17_initloccube17_robot1_gripper1_rppickup,movel,initloccube17,,0.30,0.30,"0.607370;-0.274820;-0.009000;0.000000;-3.141590;0.000000","",True,6276.45,0.00,8317.86,302.99,0.00,302.99,,
860,2026-05-04 17:01:24.621,CloseGripperLL,CloseGripperLL_closeGripper_PickUpML_cube17_initloccube17_robot1_gripper1_rppickup,close_gripper,,,0.50,1.00,"","",True,19.67,0.00,2036.35,143.49,0.00,143.49,,
861,2026-05-04 17:01:26.801,MoveToLL,MoveToLL_moveToRetract_PickUpML_cube17_initloccube17_robot1_gripper1_rppickup,movel,rppickup,,0.30,0.30,"0.607360;-0.274802;0.339901;0.000000;-3.141590;0.000000","-0.128900;-1.540886;-1.932730;-1.238644;1.554514;1.433690",True,5934.48,0.00,7958.09,144.16,0.00,144.16,,
862,2026-05-04 17:01:37.042,MoveToLL,MoveToLL_moveToTarget_TravelML_robot1_rppickup_rpmanipulate_dup99,movej,rpmanipulate,,0.30,0.30,"0.133776;0.348742;0.490041;0.000000;-3.141590;0.000000","1.656148;-0.959557;-2.051016;-1.701770;1.553554;1.650556",True,15128.02,0.00,17169.18,2282.35,0.00,2282.35,,
863,2026-05-04 17:01:54.510,MoveToLL,MoveToLL_moveToObjPosition_StackML_cube17_stick80_robot1_gripper1_finalloccube17_rpmanipulate,planned,finalloccube17,,0.30,0.30,"0.328327;0.900810;0.323500;3.034545;0.813104;0.000000","",True,18306.26,0.00,20328.56,298.66,0.00,298.66,,
864,2026-05-04 17:02:14.985,MoveToLL,MoveToLL_moveToRobotPosition_StackML_cube17_stick80_robot1_gripper1_finalloccube17_rpmanipulate,movej,rpmanipulate,,0.30,0.30,"0.133776;0.348742;0.490041;0.000000;-3.141590;0.000000","1.656148;-0.959557;-2.051016;-1.701770;1.553554;1.650556",True,10757.09,0.00,12786.11,146.77,0.00,146.77,,
865,2026-05-04 17:02:29.866,MoveToLL,MoveToLL_moveToTarget_TravelML_robot1_rpmanipulate_rppickup_dup90,movej,rppickup,,0.30,0.30,"0.607360;-0.274802;0.339901;0.000000;-3.141590;0.000000","-0.128900;-1.540886;-1.932730;-1.238644;1.554514;1.433690",True,15264.72,0.00,17292.11,2095.25,0.00,2095.25,,
866,2026-05-04 17:02:47.470,MoveToLL,MoveToLL_moveToPickPosition_PickUpML_stick82_initlocstick82_robot1_gripper1_rppickup,movel,initlocstick82,,0.30,0.30,"0.607370;-0.274820;-0.006000;0.000000;-3.141590;0.000000","",True,6289.84,0.00,8310.04,311.93,0.00,311.93,,
867,2026-05-04 17:02:55.924,CloseGripperLL,CloseGripperLL_closeGripper_PickUpML_stick82_initlocstick82_robot1_gripper1_rppickup,close_gripper,,,0.50,1.00,"","",True,18.61,0.00,2053.25,143.84,0.00,143.84,,
868,2026-05-04 17:02:58.120,MoveToLL,MoveToLL_moveToRetract_PickUpML_stick82_initlocstick82_robot1_gripper1_rppickup,movel,rppickup,,0.30,0.30,"0.607360;-0.274802;0.339901;0.000000;-3.141590;0.000000","-0.128900;-1.540886;-1.932730;-1.238644;1.554514;1.433690",True,5935.79,0.00,7963.01,142.61,0.00,142.61,,
869,2026-05-04 17:03:08.353,MoveToLL,MoveToLL_moveToTarget_TravelML_robot1_rppickup_rpmanipulate_dup100,movej,rpmanipulate,,0.30,0.30,"0.133776;0.348742;0.490041;0.000000;-3.141590;0.000000","1.656148;-0.959557;-2.051016;-1.701770;1.553554;1.650556",True,15160.47,0.00,17181.98,2269.53,0.00,2269.53,,
870,2026-05-04 17:03:25.824,MoveToLL,MoveToLL_moveToObjPosition_StackOnTwoML_stick82_robot1_finallocstick82_rpmanipulate_stick79_stick78_gripper1_layer18_layer19,planned,finallocstick82,,0.30,0.30,"0.041685;0.749288;0.305000;3.034545;0.813104;0.000000","",True,14285.40,0.00,16334.00,289.63,0.00,289.63,,
871,2026-05-04 17:03:42.303,MoveToLL,MoveToLL_moveToRobotPos_StackOnTwoML_stick82_robot1_finallocstick82_rpmanipulate_stick79_stick78_gripper1_layer18_layer19,movej,rpmanipulate,,0.30,0.30,"0.133776;0.348742;0.490041;0.000000;-3.141590;0.000000","1.656148;-0.959557;-2.051016;-1.701770;1.553554;1.650556",True,11461.84,0.00,13486.85,144.91,0.00,144.91,,
872,2026-05-04 17:03:58.089,MoveToLL,MoveToLL_moveToTarget_TravelML_robot1_rpmanipulate_rppickup_dup91,movej,rppickup,,0.30,0.30,"0.607360;-0.274802;0.339901;0.000000;-3.141590;0.000000","-0.128900;-1.540886;-1.932730;-1.238644;1.554514;1.433690",True,15117.57,0.00,17149.63,2298.72,0.00,2298.72,,
873,2026-05-04 17:04:15.521,MoveToLL,MoveToLL_moveToPickPosition_PickUpML_stick83_initlocstick83_robot1_gripper1_rppickup,movel,initlocstick83,,0.30,0.30,"0.607370;-0.274820;-0.006000;0.000000;-3.141590;0.000000","",True,6308.75,0.00,8339.01,282.23,0.00,282.23,,
874,2026-05-04 17:04:24.010,CloseGripperLL,CloseGripperLL_closeGripper_PickUpML_stick83_initlocstick83_robot1_gripper1_rppickup,close_gripper,,,0.50,1.00,"","",True,14.12,0.00,2043.34,150.45,0.00,150.45,,
875,2026-05-04 17:04:26.201,MoveToLL,MoveToLL_moveToRetract_PickUpML_stick83_initlocstick83_robot1_gripper1_rppickup,movel,rppickup,,0.30,0.30,"0.607360;-0.274802;0.339901;0.000000;-3.141590;0.000000","-0.128900;-1.540886;-1.932730;-1.238644;1.554514;1.433690",True,5937.89,0.00,7961.38,148.06,0.00,148.06,,
876,2026-05-04 17:04:36.332,MoveToLL,MoveToLL_moveToTarget_TravelML_robot1_rppickup_rpmanipulate_dup101,movej,rpmanipulate,,0.30,0.30,"0.133776;0.348742;0.490041;0.000000;-3.141590;0.000000","1.656148;-0.959557;-2.051016;-1.701770;1.553554;1.650556",True,15253.46,0.00,17278.28,2169.51,0.00,2169.51,,
877,2026-05-04 17:04:53.899,MoveToLL,MoveToLL_moveToObjPosition_StackOnTwoML_stick83_robot1_finallocstick83_rpmanipulate_stick80_stick81_gripper1_layer19_layer20,planned,finallocstick83,,0.30,0.30,"0.336903;0.782924;0.323500;-0.464357;-3.107085;0.000000","",True,18309.01,0.00,20339.90,288.49,0.00,288.49,,
878,2026-05-04 17:05:14.377,MoveToLL,MoveToLL_moveToRobotPos_StackOnTwoML_stick83_robot1_finallocstick83_rpmanipulate_stick80_stick81_gripper1_layer19_layer20,movej,rpmanipulate,,0.30,0.30,"0.133776;0.348742;0.490041;0.000000;-3.141590;0.000000","1.656148;-0.959557;-2.051016;-1.701770;1.553554;1.650556",True,14281.58,0.00,16306.20,137.91,0.00,137.91,,
879,2026-05-04 17:05:32.863,MoveToLL,MoveToLL_moveToTarget_TravelML_robot1_rpmanipulate_rppickup_dup92,movej,rppickup,,0.30,0.30,"0.607360;-0.274802;0.339901;0.000000;-3.141590;0.000000","-0.128900;-1.540886;-1.932730;-1.238644;1.554514;1.433690",True,15214.82,0.00,17269.79,2179.60,0.00,2179.60,,
880,2026-05-04 17:05:50.447,MoveToLL,MoveToLL_moveToPickPosition_PickUpML_stick84_initlocstick84_robot1_gripper1_rppickup,movel,initlocstick84,,0.30,0.30,"0.607370;-0.274820;-0.006000;0.000000;-3.141590;0.000000","",True,6254.24,0.00,8308.26,314.20,0.00,314.20,,
881,2026-05-04 17:05:58.903,CloseGripperLL,CloseGripperLL_closeGripper_PickUpML_stick84_initlocstick84_robot1_gripper1_rppickup,close_gripper,,,0.50,1.00,"","",True,0.82,0.00,2037.70,147.63,0.00,147.63,,
882,2026-05-04 17:06:01.079,MoveToLL,MoveToLL_moveToRetract_PickUpML_stick84_initlocstick84_robot1_gripper1_rppickup,movel,rppickup,,0.30,0.30,"0.607360;-0.274802;0.339901;0.000000;-3.141590;0.000000","-0.128900;-1.540886;-1.932730;-1.238644;1.554514;1.433690",True,5934.42,0.00,7985.60,138.32,0.00,138.32,,
883,2026-05-04 17:06:11.387,MoveToLL,MoveToLL_moveToTarget_TravelML_robot1_rppickup_rpmanipulate_dup102,movej,rpmanipulate,,0.30,0.30,"0.133776;0.348742;0.490041;0.000000;-3.141590;0.000000","1.656148;-0.959557;-2.051016;-1.701770;1.553554;1.650556",True,15092.15,0.00,17124.68,2323.03,0.00,2323.03,,
884,2026-05-04 17:06:28.841,MoveToLL,MoveToLL_moveToObjPosition_StackOnTwoML_stick84_robot1_finallocstick84_rpmanipulate_stick82_stick81_gripper1_layer19_layer20,planned,finallocstick84,,0.30,0.30,"0.134617;0.675367;0.322500;2.525391;1.868691;0.000000","",True,15033.99,0.00,17095.59,328.97,0.00,328.97,,
885,2026-05-04 17:06:46.077,MoveToLL,MoveToLL_moveToRobotPos_StackOnTwoML_stick84_robot1_finallocstick84_rpmanipulate_stick82_stick81_gripper1_layer19_layer20,movej,rpmanipulate,,0.30,0.30,"0.133776;0.348742;0.490041;0.000000;-3.141590;0.000000","1.656148;-0.959557;-2.051016;-1.701770;1.553554;1.650556",True,7959.76,0.00,9984.48,140.76,0.00,140.76,,
886,2026-05-04 17:06:58.356,MoveToLL,MoveToLL_moveToTarget_TravelML_robot1_rpmanipulate_rptoolchange_dup23,movej,rptoolchange,,0.30,0.30,"-0.276143;0.385864;0.086921;-3.141491;-0.002589;-0.000081","2.086106;-1.186673;-2.396030;-1.129490;1.555172;0.503193",True,10911.61,0.00,12940.68,2294.66,0.00,2294.66,,
887,2026-05-04 17:07:11.584,DeequipToolLL,DeequipToolLL_deequipTool_DeequipML_robot1_gripper1_equiplocgripper_rptoolchange_dup12,play_program,,,0.50,1.00,"","",True,21187.82,0.00,23242.28,287.24,0.00,287.24,,
888,2026-05-04 17:07:35.107,EquipToolLL,EquipToolLL_equipTool_EquipeML_robot1_staplergun1_rptoolchange_equiplocstapler_dup12,play_program,,,0.50,1.00,"","",True,10296.73,0.00,12330.07,280.38,0.00,280.38,,
889,2026-05-04 17:07:49.920,MoveToLL,MoveToLL_moveToTarget_TravelML_robot1_rptoolchange_rpmanipulate_dup12,movej,rpmanipulate,,0.30,0.30,"0.133776;0.348742;0.490041;0.000000;-3.141590;0.000000","1.656148;-0.959557;-2.051016;-1.701770;1.553554;1.650556",True,10968.83,0.00,13001.25,2482.41,0.00,2482.41,,
890,2026-05-04 17:08:03.223,NailingLL,NailingLL_nailStep_NailingML_cube17_stick80_robot1_staplergun1_rpmanipulate,planned,unknown,nailgun,0.30,0.30,"0.328327;0.900810;0.343550;0.000000;0.000000;0.000000","",True,26288.78,0.00,28335.72,302.33,0.00,302.33,,
891,2026-05-04 17:08:33.723,NailingLL,NailingLL_nailStep_NailingML_stick83_stick80_robot1_staplergun1_rpmanipulate,planned,unknown,nailgun,0.30,0.30,"0.357497;0.850286;0.343575;0.000000;0.000000;0.000000","",True,8518.50,0.00,10552.18,2163.77,0.00,2163.77,,
892,2026-05-04 17:08:46.471,NailingLL,NailingLL_nailStep_NailingML_stick83_stick81_robot1_staplergun1_rpmanipulate,planned,unknown,nailgun,0.30,0.30,"0.324350;0.717043;0.343050;0.000000;0.000000;0.000000","",True,10869.70,0.00,12920.36,2196.00,0.00,2196.00,,
893,2026-05-04 17:09:01.470,NailingLL,NailingLL_nailStep_NailingML_stick84_stick81_robot1_staplergun1_rpmanipulate,planned,unknown,nailgun,0.30,0.30,"0.201979;0.654773;0.342575;0.000000;0.000000;0.000000","",True,9404.27,0.00,11438.26,2078.76,0.00,2078.76,,
894,2026-05-04 17:09:15.143,NailingLL,NailingLL_nailStep_NailingML_stick84_stick82_robot1_staplergun1_rpmanipulate,planned,unknown,nailgun,0.30,0.30,"0.073592;0.694024;0.342550;0.000000;0.000000;0.000000","",True,8438.51,0.00,10483.76,2234.95,0.00,2234.95,,
895,2026-05-04 17:09:32.108,MoveToLL,MoveToLL_moveToTarget_TravelML_robot1_rpmanipulate_rptoolchange_dup24,movej,rptoolchange,,0.30,0.30,"-0.276143;0.385864;0.086921;-3.141491;-0.002589;-0.000081","2.086106;-1.186673;-2.396030;-1.129490;1.555172;0.503193",True,12225.31,0.00,14260.83,6480.77,0.00,6480.77,,
896,2026-05-04 17:09:46.399,MoveToLL,MoveToLL_moveToTarget_TravelML_robot1_rpmanipulate_rptoolchange_dup25,movej,rptoolchange,,0.30,0.30,"-0.276143;0.385864;0.086921;-3.141491;-0.002589;-0.000081","2.086106;-1.186673;-2.396030;-1.129490;1.555172;0.503193",True,1621.97,0.00,3682.75,30.64,0.00,30.64,,
897,2026-05-04 17:09:50.392,DeequipToolLL,DeequipToolLL_deequipTool_DeequipML_robot1_staplergun1_equiplocstapler_rptoolchange_dup12,play_program,,,0.50,1.00,"","",True,7268.11,0.00,9311.22,309.83,0.00,309.83,,
898,2026-05-04 17:09:59.741,DeequipToolLL,DeequipToolLL_deequipTool_DeequipML_robot1_staplergun1_equiplocstapler_rptoolchange_dup13,play_program,,,0.50,1.00,"","",True,8335.03,0.00,10368.22,37.99,0.00,37.99,,
899,2026-05-04 17:10:10.427,EquipToolLL,EquipToolLL_equipTool_EquipeML_robot1_gripper1_rptoolchange_equiplocgripper_dup12,play_program,,,0.50,1.00,"","",False,0.00,0.00,3274.66,318.21,0.00,318.21,,HTTP InternalServerError: INTERNAL SERVER ERROR - {   "error": "Failed to execute: play";   "executionTimeSeconds": 1.211888074874878;   "programName": "equipdemo.urp";   "success": false } 
900,2026-05-04 17:10:13.729,EquipToolLL,EquipToolLL_equipTool_EquipeML_robot1_gripper1_rptoolchange_equiplocgripper_dup13,play_program,,,0.50,1.00,"","",False,0.00,0.00,3236.23,27.46,0.00,27.46,,HTTP InternalServerError: INTERNAL SERVER ERROR - {   "error": "Failed to execute: play";   "executionTimeSeconds": 1.1919403076171875;   "programName": "equipdemo.urp";   "success": false } 
901,2026-05-04 17:23:46.939,EquipToolLL,EquipToolLL_equipTool_EquipeML_robot1_gripper1_rptoolchange_equiplocgripper_dup12,play_program,,,0.50,1.00,"","",True,21159.05,0.00,23194.39,809973.13,0.00,809973.13,,
902,2026-05-04 17:24:10.162,EquipToolLL,EquipToolLL_equipTool_EquipeML_robot1_gripper1_rptoolchange_equiplocgripper_dup13,play_program,,,0.50,1.00,"","",True,7178.77,0.00,9204.50,28.95,0.00,28.95,,
903,2026-05-04 17:24:21.017,MoveToLL,MoveToLL_moveToTarget_TravelML_robot1_rptoolchange_rppickup_dup13,movej,rppickup,,0.30,0.30,"0.607360;-0.274802;0.339901;0.000000;-3.141590;0.000000","-0.128900;-1.540886;-1.932730;-1.238644;1.554514;1.433690",False,0.00,0.00,2575.53,1650.14,0.00,1650.14,,HTTP InternalServerError: INTERNAL SERVER ERROR - {   "error": "Protective stop detected during motion";   "executionTimeSeconds": 0;   "success": false } 
904,2026-05-04 17:24:24.990,MoveToLL,MoveToLL_moveToTarget_TravelML_robot1_rptoolchange_rppickup_dup14,movej,rppickup,,0.30,0.30,"0.607360;-0.274802;0.339901;0.000000;-3.141590;0.000000","-0.128900;-1.540886;-1.932730;-1.238644;1.554514;1.433690",False,0.00,0.00,3186.69,1397.23,0.00,1397.23,,HTTP InternalServerError: INTERNAL SERVER ERROR - {   "error": "Protective stop detected during motion";   "executionTimeSeconds": 0;   "success": false } 
905,2026-05-04 17:34:48.950,MoveToLL,MoveToLL_moveToPickPosition_PickUpML_stick87_initlocstick87_robot1_gripper1_rppickup_dup2,movel,initlocstick87,,0.30,0.30,"0.607370;-0.274820;-0.006000;0.000000;-3.141590;0.000000","",False,0.00,0.00,5756.94,620773.41,0.00,620773.41,,HTTP InternalServerError: INTERNAL SERVER ERROR - {   "error": "Protective stop detected during motion";   "executionTimeSeconds": 0;   "success": false } 
906,2026-05-04 17:34:54.853,MoveToLL,MoveToLL_moveToPickPosition_PickUpML_stick85_initlocstick85_robot1_gripper1_rppickup,movel,initlocstick85,,0.30,0.30,"0.607370;-0.274820;-0.009000;0.000000;-3.141590;0.000000","",False,0.00,0.00,2947.01,146.76,0.00,146.76,,HTTP InternalServerError: INTERNAL SERVER ERROR - {   "error": "Protective stop detected during motion";   "executionTimeSeconds": 0;   "success": false } 
907,2026-05-04 17:34:57.830,MoveToLL,MoveToLL_moveToPickPosition_PickUpML_stick87_initlocstick87_robot1_gripper1_rppickup_dup2,movel,initlocstick87,,0.30,0.30,"0.607370;-0.274820;-0.006000;0.000000;-3.141590;0.000000","",False,0.00,0.00,2976.26,29.98,0.00,29.98,,HTTP InternalServerError: INTERNAL SERVER ERROR - {   "error": "Protective stop detected during motion";   "executionTimeSeconds": 0;   "success": false } 
908,2026-05-04 17:35:00.943,MoveToLL,MoveToLL_moveToPickPosition_PickUpML_stick85_initlocstick85_robot1_gripper1_rppickup,movel,initlocstick85,,0.30,0.30,"0.607370;-0.274820;-0.009000;0.000000;-3.141590;0.000000","",False,0.00,0.00,2943.48,136.42,0.00,136.42,,HTTP InternalServerError: INTERNAL SERVER ERROR - {   "error": "Protective stop detected during motion";   "executionTimeSeconds": 0;   "success": false } 
909,2026-05-04 17:35:03.919,MoveToLL,MoveToLL_moveToPickPosition_PickUpML_stick87_initlocstick87_robot1_gripper1_rppickup_dup2,movel,initlocstick87,,0.30,0.30,"0.607370;-0.274820;-0.006000;0.000000;-3.141590;0.000000","",False,0.00,0.00,2973.69,32.16,0.00,32.16,,HTTP InternalServerError: INTERNAL SERVER ERROR - {   "error": "Protective stop detected during motion";   "executionTimeSeconds": 0;   "success": false } 
910,2026-05-04 17:35:38.636,MoveToLL,MoveToLL_moveToPickPosition_PickUpML_stick85_initlocstick85_robot1_gripper1_rppickup,movel,initlocstick85,,0.30,0.30,"0.607370;-0.274820;-0.009000;0.000000;-3.141590;0.000000","",True,1567.36,0.00,3602.00,31743.67,0.00,31743.67,,
911,2026-05-04 17:35:42.264,MoveToLL,MoveToLL_moveToPickPosition_PickUpML_stick87_initlocstick87_robot1_gripper1_rppickup_dup2,movel,initlocstick87,,0.30,0.30,"0.607370;-0.274820;-0.006000;0.000000;-3.141590;0.000000","",True,8982.42,0.00,11002.15,26.07,0.00,26.07,,
912,2026-05-04 17:35:53.406,CloseGripperLL,CloseGripperLL_closeGripper_PickUpML_stick85_initlocstick85_robot1_gripper1_rppickup,close_gripper,,,0.50,1.00,"","",True,9.19,0.00,2045.53,139.66,0.00,139.66,,
913,2026-05-04 17:35:55.481,CloseGripperLL,CloseGripperLL_closeGripper_PickUpML_stick87_initlocstick87_robot1_gripper1_rppickup_dup2,close_gripper,,,0.50,1.00,"","",True,1.29,0.00,2029.62,29.17,0.00,29.17,,
914,2026-05-04 17:35:57.661,MoveToLL,MoveToLL_moveToRetract_PickUpML_stick85_initlocstick85_robot1_gripper1_rppickup,movel,rppickup,,0.30,0.30,"0.607360;-0.274802;0.339901;0.000000;-3.141590;0.000000","-0.128900;-1.540886;-1.932730;-1.238644;1.554514;1.433690",True,6156.89,0.00,8183.94,150.35,0.00,150.35,,
915,2026-05-04 17:36:05.873,MoveToLL,MoveToLL_moveToRetract_PickUpML_stick87_initlocstick87_robot1_gripper1_rppickup_dup2,movel,rppickup,,0.30,0.30,"0.607360;-0.274802;0.339901;0.000000;-3.141590;0.000000","-0.128900;-1.540886;-1.932730;-1.238644;1.554514;1.433690",True,1656.88,0.00,3679.45,28.86,0.00,28.86,,
916,2026-05-04 17:36:12.377,MoveToLL,MoveToLL_moveToTarget_TravelML_robot1_rppickup_rpmanipulate_dup103,movej,rpmanipulate,,0.30,0.30,"0.133776;0.348742;0.490041;0.000000;-3.141590;0.000000","1.656148;-0.959557;-2.051016;-1.701770;1.553554;1.650556",True,15279.95,0.00,17325.57,2824.64,0.00,2824.64,,
917,2026-05-04 17:36:30.042,MoveToLL,MoveToLL_moveToObjPosition_StackOnTwoML_stick85_robot1_finallocstick85_rpmanipulate_stick83_cube17_gripper1_layer20_layer21,planned,finallocstick85,,0.30,0.30,"0.348408;0.858612;0.341000;0.706705;-3.061074;0.000000","",True,22232.25,0.00,24292.16,339.44,0.00,339.44,,
918,2026-05-04 17:36:54.509,MoveToLL,MoveToLL_moveToRobotPos_StackOnTwoML_stick85_robot1_finallocstick85_rpmanipulate_stick83_cube17_gripper1_layer20_layer21,movej,rpmanipulate,,0.30,0.30,"0.133776;0.348742;0.490041;0.000000;-3.141590;0.000000","1.656148;-0.959557;-2.051016;-1.701770;1.553554;1.650556",True,19153.75,0.00,21181.55,174.05,0.00,174.05,,
919,2026-05-04 17:37:17.315,MoveToLL,MoveToLL_moveToTarget_TravelML_robot1_rpmanipulate_rppickup_dup93,movej,rppickup,,0.30,0.30,"0.607360;-0.274802;0.339901;0.000000;-3.141590;0.000000","-0.128900;-1.540886;-1.932730;-1.238644;1.554514;1.433690",True,14980.18,0.00,17020.72,1624.57,0.00,1624.57,,
920,2026-05-04 17:37:35.810,MoveToLL,MoveToLL_moveToTarget_TravelML_robot1_rpmanipulate_rppickup_dup94,movej,rppickup,,0.30,0.30,"0.607360;-0.274802;0.339901;0.000000;-3.141590;0.000000","-0.128900;-1.540886;-1.932730;-1.238644;1.554514;1.433690",True,1795.08,0.00,3835.59,1474.33,0.00,1474.33,,
921,2026-05-04 17:37:39.866,MoveToLL,MoveToLL_moveToPickPosition_PickUpML_stick86_initlocstick86_robot1_gripper1_rppickup,movel,initlocstick86,,0.30,0.30,"0.607370;-0.274820;-0.006000;0.000000;-3.141590;0.000000","",True,6368.71,0.00,8406.83,220.60,0.00,220.60,,
922,2026-05-04 17:37:48.425,MoveToLL,MoveToLL_moveToPickPosition_PickUpML_stick86_initlocstick86_robot1_gripper1_rppickup_dup2,movel,initlocstick86,,0.30,0.30,"0.607370;-0.274820;-0.006000;0.000000;-3.141590;0.000000","",True,1509.31,0.00,3553.29,152.20,0.00,152.20,,
923,2026-05-04 17:37:52.008,CloseGripperLL,CloseGripperLL_closeGripper_PickUpML_stick86_initlocstick86_robot1_gripper1_rppickup,close_gripper,,,0.50,1.00,"","",True,13.36,0.00,2040.93,29.75,0.00,29.75,,
924,2026-05-04 17:37:54.196,CloseGripperLL,CloseGripperLL_closeGripper_PickUpML_stick86_initlocstick86_robot1_gripper1_rppickup_dup2,close_gripper,,,0.50,1.00,"","",True,13.79,0.00,2054.58,146.71,0.00,146.71,,
925,2026-05-04 17:37:56.269,MoveToLL,MoveToLL_moveToRetract_PickUpML_stick86_initlocstick86_robot1_gripper1_rppickup,movel,rppickup,,0.30,0.30,"0.607360;-0.274802;0.339901;0.000000;-3.141590;0.000000","-0.128900;-1.540886;-1.932730;-1.238644;1.554514;1.433690",True,6147.22,0.00,8190.25,18.31,0.00,18.31,,
926,2026-05-04 17:38:04.603,MoveToLL,MoveToLL_moveToRetract_PickUpML_stick86_initlocstick86_robot1_gripper1_rppickup_dup2,movel,rppickup,,0.30,0.30,"0.607360;-0.274802;0.339901;0.000000;-3.141590;0.000000","-0.128900;-1.540886;-1.932730;-1.238644;1.554514;1.433690",True,1626.14,0.00,3642.50,144.07,0.00,144.07,,
927,2026-05-04 17:38:11.748,MoveToLL,MoveToLL_moveToTarget_TravelML_robot1_rppickup_rpmanipulate_dup104,movej,rpmanipulate,,0.30,0.30,"0.133776;0.348742;0.490041;0.000000;-3.141590;0.000000","1.656148;-0.959557;-2.051016;-1.701770;1.553554;1.650556",True,15430.04,0.00,17450.87,3502.77,0.00,3502.77,,
928,2026-05-04 17:38:29.533,MoveToLL,MoveToLL_moveToObjPosition_StackOnTwoML_stick86_robot1_finallocstick86_rpmanipulate_stick84_stick83_gripper1_layer20_layer21,planned,finallocstick86,,0.30,0.30,"0.252997;0.684684;0.340000;-1.664790;-2.664222;0.000000","",True,15837.46,0.00,17889.21,334.30,0.00,334.30,,
929,2026-05-04 17:38:47.570,MoveToLL,MoveToLL_moveToRobotPos_StackOnTwoML_stick86_robot1_finallocstick86_rpmanipulate_stick84_stick83_gripper1_layer20_layer21,movej,rpmanipulate,,0.30,0.30,"0.133776;0.348742;0.490041;0.000000;-3.141590;0.000000","1.656148;-0.959557;-2.051016;-1.701770;1.553554;1.650556",True,8636.50,0.00,10683.08,147.31,0.00,147.31,,
930,2026-05-04 17:38:58.637,MoveToLL,MoveToLL_moveToTarget_TravelML_robot1_rpmanipulate_rppickup_dup95,movej,rppickup,,0.30,0.30,"0.607360;-0.274802;0.339901;0.000000;-3.141590;0.000000","-0.128900;-1.540886;-1.932730;-1.238644;1.554514;1.433690",True,15328.67,0.00,17361.05,384.20,0.00,384.20,,
931,2026-05-04 17:39:16.328,MoveToLL,MoveToLL_moveToPickPosition_PickUpML_stick86_finallocstick86_robot1_gripper1_rppickup,movel,finallocstick86,,0.30,0.30,"0.252997;0.684684;0.340000;-1.664790;-2.664222;0.000000","",True,10481.69,0.00,12504.41,329.97,0.00,329.97,,
932,2026-05-04 17:39:28.986,CloseGripperLL,CloseGripperLL_closeGripper_PickUpML_stick86_finallocstick86_robot1_gripper1_rppickup,close_gripper,,,0.50,1.00,"","",True,8.03,0.00,2027.79,153.67,0.00,153.67,,
933,2026-05-04 17:39:31.174,MoveToLL,MoveToLL_moveToRetract_PickUpML_stick86_finallocstick86_robot1_gripper1_rppickup,movel,rppickup,,0.30,0.30,"0.607360;-0.274802;0.339901;0.000000;-3.141590;0.000000","-0.128900;-1.540886;-1.932730;-1.238644;1.554514;1.433690",True,10141.00,0.00,12166.43,160.23,0.00,160.23,,
